DO Python file

=== Running bPC-SNN on MNIST ===
Results will be saved to: ./results/bPC_SNN/log_spikeend2end_MNIST_20260122_015829.csv
tensor([[ 47.,   6.,  68.,  42.,  29.,  14.,   0.,  11.,  57.,  15.],
        [ 15.,   7.,  26.,  15.,  57.,   5.,   1.,  32.,  17.,  53.],
        [ 51.,   0.,  64.,  47.,  32.,   0.,  13.,   2.,  50.,  23.],
        [ 11.,  27.,  41.,  34.,  19.,   0.,   0.,  12.,   4.,  22.],
        [ 18.,  33.,  87.,  15.,  32.,   0.,   9.,  14.,   0.,  16.],
        [ 39.,  56.,  64.,  14.,  53.,   0.,  19.,   5.,  45.,  42.],
        [ 36.,   2.,  43.,  21.,   5.,   0.,   0.,  17.,  38.,  10.],
        [  2.,  66.,  50.,  15.,  24.,   0.,   0.,  48.,   4.,   1.],
        [ 38.,   0.,  37.,  46.,  12.,   3.,   0.,  27.,  47.,  18.],
        [ 20.,   9.,  88.,  17.,  14.,   0.,   0.,   6.,   0.,   2.],
        [ 69.,  42.,  23.,  54.,  35.,   0.,  24.,  16.,  27.,  29.],
        [ 52.,  27.,  21.,   4.,   5.,   0.,   0.,  50.,  29.,  53.],
        [ 13.,  29.,  47.,  31.,  23.,   0.,   0.,  22.,  42.,   2.],
        [ 18.,  14.,  37.,  13.,  39.,   3.,   0.,  19.,   1.,  45.],
        [ 38.,  67.,  72.,  62.,  11.,   0.,   1.,  25.,   5.,  27.],
        [ 36.,  12.,  19.,   5.,  39.,   0.,   5.,  31.,  16.,  32.],
        [ 27.,   1.,  22.,  23.,   3.,   0.,   0.,  26.,  21.,  19.],
        [ 19.,  65.,  59.,   3.,  30.,   0.,   0.,  43.,  50.,   4.],
        [ 28.,  41.,  73.,  48.,   6.,   0.,   1.,  17.,  28.,   8.],
        [ 19.,   2.,  39.,  48.,  15.,  10.,  15.,  22.,  69.,  10.],
        [ 78.,  55., 110.,  40.,   2.,   0.,   0.,  34.,  41.,  14.],
        [ 33.,  37.,  89.,  10.,  36.,   0.,  10.,  11.,  12.,  14.],
        [ 24.,   0.,  40.,  13.,  16.,   3.,   0.,  30.,   4.,  27.],
        [ 38.,   2.,  47.,   7.,   9.,   0.,   0.,  28.,  27.,  37.],
        [  2.,  34.,  37.,  46.,  40.,   0.,   3.,  36.,   0.,  62.],
        [ 29.,   0.,  46.,  18.,  17.,   2.,   0.,  26.,   0.,  65.],
        [ 50.,  39.,  53.,  31.,   5.,   0.,   0.,  29.,   9.,  36.],
        [ 45.,  30.,  39.,   3.,  24.,   0.,   4.,  22.,  49.,  57.],
        [ 26.,  10.,  98.,  34.,  25.,   0.,   0.,  19.,   0.,   1.],
        [ 61.,  20.,  93.,  10.,  17.,   0.,  27.,  19.,  33.,  14.],
        [ 41.,   0.,  46.,  22.,  33.,   0.,   0.,   4.,   4.,  47.],
        [ 15.,  17.,  66.,  48.,  20.,   0.,   0.,  22.,  47.,   0.],
        [ 74.,  14.,  73.,  66.,  24.,   0.,   0.,  43.,  39.,  30.],
        [  4.,  62.,  39.,  11.,  15.,   0.,   0.,  48.,  30.,  12.],
        [  3.,  20.,  19.,  29.,  45.,   0.,   1.,  22.,  20.,  34.],
        [ 15.,  17.,  88.,  11.,  20.,   0.,   1.,  10.,   0.,   5.],
        [ 41.,  45.,  51.,  42.,   9.,   0.,  20.,  61.,  32.,  39.],
        [ 48.,  32.,  60.,  15.,   8.,   0.,  12.,  28.,  12.,  26.],
        [ 38.,   1.,  60.,  51.,   0.,   9.,   0.,  16.,  61.,  60.],
        [ 23.,  42.,  96.,  44.,   7.,   0.,   5.,  17.,  45.,   6.],
        [ 35.,  35.,  81.,  36.,  22.,   0.,   0.,  31.,  38.,  16.],
        [  0.,  59.,  49.,  20.,  31.,   0.,   0.,  32.,   3.,   0.],
        [  0.,  41.,  26.,   7.,   8.,   0.,   0.,  19.,   0.,   3.],
        [ 38.,  30.,  73.,  77.,   9.,  11.,   0.,  36.,  39.,  18.],
        [ 35.,  47.,  50.,  43.,  21.,   7.,  32.,  19.,  38.,  15.],
        [ 19.,  20.,  49.,  21.,  30.,   0.,  20.,  28.,  47.,  38.],
        [ 24.,  37.,  80.,   5.,  57.,   0.,  17.,   2.,   1.,   4.],
        [ 36.,   5.,  48.,  47.,  23.,   2.,   0.,  25.,  41.,  20.],
        [ 30.,  26.,  44.,  24.,   4.,   0.,   9.,  34.,  42.,  28.],
        [ 18.,  46.,  68.,   4.,  15.,   0.,   0.,   7.,  22.,   4.],
        [ 16.,  58.,  53.,   5.,  19.,   0.,   0.,  29.,  36.,   0.],
        [  0.,  33.,  26.,   0.,   6.,   0.,   0.,  27.,  16.,  26.],
        [ 24.,  22.,  35.,  11.,  28.,   0.,   0.,  21.,   0.,  21.],
        [ 69.,  42.,  67.,  39.,   4.,   0.,   8.,  18.,  23.,  15.],
        [ 45.,   0.,  50.,  16.,  26.,   7.,   0.,  29.,  22.,  30.],
        [ 81.,  50.,  86.,  51.,   4.,   0.,   0.,  38.,  64.,  21.],
        [  4.,  59.,  38.,  30.,  14.,   0.,   0.,  23.,   0.,   1.],
        [ 26.,  41.,   6.,  27.,   0.,   3.,  22.,  44.,  28.,  54.],
        [  4.,  52.,  24.,  11.,   7.,   0.,   6.,  27.,   0.,   7.],
        [ 48.,  30.,  64.,  57.,   0.,   0.,   5.,  37.,  35.,  23.],
        [  1.,  58.,  18.,  16.,  22.,   0.,   0.,  39.,   0.,  16.],
        [ 52.,  23.,  89.,  79.,   0.,   0.,   0.,   2.,  51.,   5.],
        [ 55.,   0.,  41.,  14.,   8.,   0.,   0.,  33.,  28.,  38.],
        [ 61.,   0.,  75.,  51.,  15.,   0.,   9.,   9.,  82.,  39.]],
       device='cuda:0')
Epoch 0 | Batch 0
tensor([[  0.,   4.,   3.,   0.,   6.,   4.,   1.,   2.,  16., 264.],
        [ 19.,   2., 298.,   4.,   4.,  22.,   0.,   0.,   9.,   0.],
        [  0., 289.,  14.,  54.,   8.,  11.,   0.,   0.,  89.,   1.],
        [  0.,   3.,   4.,  16.,   1.,  29.,   0.,   2., 281.,   0.],
        [  0.,   0.,   0.,   1., 265.,  16.,   0.,  12.,  10.,  90.],
        [  8.,   4.,   7.,   2.,  12., 282.,   0.,   2.,  12.,   0.],
        [  0.,   0.,   7.,   0.,  20.,  10.,   0.,  21.,   3., 252.],
        [  0., 299.,  12.,  21.,  62.,   9.,   0.,   4., 102.,   6.],
        [280.,   0.,   8.,   5.,   2.,  17.,   0.,   2.,   7.,   2.],
        [  0.,   6.,   4., 276.,   7.,  28.,   0.,   4.,  13.,   0.],
        [  1.,  10.,  12.,   6.,   8.,  20., 292.,   0.,  31.,   2.],
        [306.,   0.,  18.,  15.,   8.,  40.,   0.,   5.,   8.,   0.],
        [  0.,  25.,   0.,   2.,   0., 246.,   0.,   2.,  28.,   0.],
        [  0.,   5.,   4., 252.,   2.,  25.,   0.,  96.,  31.,   2.],
        [  0.,   0.,   0.,   1., 265.,  21.,   0.,   3.,  14.,  54.],
        [  0.,   1.,   0.,   1.,   4.,   8.,   0., 278.,   3.,  16.],
        [  0.,  21.,  15.,   4.,  10.,   9.,   0., 282.,  21.,  26.],
        [  3.,   1.,   0.,  13.,   4.,  24.,   2., 125.,  20., 245.],
        [  0., 284.,  11.,  23.,  68.,   5.,   0.,   1.,  35.,   2.],
        [  0.,  96., 299.,  22.,   3.,  12.,   2.,   1.,   7.,   0.],
        [  0., 110.,  18.,   8.,   6., 139.,   0.,   5., 137.,   0.],
        [  0., 275.,  11.,  10.,  51.,   2.,   0.,   1.,  14.,   5.],
        [ 36.,   2.,   3.,   2.,   3., 280.,   0.,   8.,  14.,   0.],
        [  0.,  19.,   1.,   4.,  80.,  16.,   0.,   9.,  36., 261.],
        [  0.,  74., 273.,  53.,   8.,  10.,   0.,   2.,  24.,   2.],
        [  0.,   4.,   3.,   3., 196.,  11.,   0.,   0.,  22.,   1.],
        [  0.,  15.,   2., 193.,   1.,   6.,  19.,   1.,  11.,   0.],
        [  0.,   8.,   3., 246.,   2.,  12.,   0.,   1.,  24.,   2.],
        [  0., 296.,   7.,  15.,   2.,   7.,   0.,   1.,  20.,   4.],
        [  0.,   2.,   2.,   0.,   7.,   8.,   0.,   2.,  52., 279.],
        [  0.,   5., 272.,  11.,   7.,   8.,   0.,   6.,   7.,   0.],
        [  0.,  49.,  82.,   8.,   6.,   3.,   0., 102.,  11.,  14.],
        [296.,   1.,  13.,   2.,  36.,  17.,  26.,   5.,   7.,   0.],
        [  0.,  20.,   6., 159.,   7.,  12.,   0.,   0.,  58.,   1.],
        [  0.,   1.,   0.,   1.,  19.,   9.,   0., 267.,   9.,  13.],
        [  0.,   9., 288.,   7.,   3.,  10.,   0.,   2.,  20.,   0.],
        [  0., 276.,   3.,   7.,   0.,   4.,   0.,   0.,   6.,   0.],
        [296.,   0.,   9.,   4.,   6.,  24.,   0.,   0.,   4.,   0.],
        [  0.,  25.,   1., 257.,   1.,  12.,   0.,   0.,  24.,   1.],
        [269.,   1.,  24.,  11.,  31.,  25.,   0.,   2.,   9.,   0.],
        [  0.,  13., 257.,  15.,   2.,  12.,   0.,   5.,   9.,   0.],
        [  0.,   4.,   2.,   2.,  12.,  10.,   0.,   9.,  21., 268.],
        [  0.,   9., 261.,   3.,  32.,  19.,   0.,   4.,  10.,   0.],
        [  0.,   3.,   0.,   2.,   9.,  12.,   0.,   5.,  11., 282.],
        [  0.,   9.,   0.,   2., 126.,  13.,   0.,   1.,  35.,  86.],
        [  0.,   4.,   4.,   1.,   7.,   7.,   0.,   2.,   7., 235.],
        [302.,   0.,  11.,   6.,   7.,  30.,   0.,   2.,   2.,   0.],
        [  0.,   2.,   0.,   1., 253.,  15.,   1.,   5.,   9.,   9.],
        [244.,   0.,   8.,   6.,   5.,  15.,   3.,  12.,   9.,   0.],
        [  0.,   0.,   0.,   3.,  32.,  22.,   0.,   7.,   3., 262.],
        [  0., 290.,  18.,  43.,  12.,  11.,   0.,   3.,  66.,   1.],
        [  3.,   3.,   8.,   0.,   3., 269.,   0.,   5.,   6.,   0.],
        [  0.,   0.,  47.,   1.,   9.,   6.,   0.,  23.,   3., 233.],
        [  0.,   9.,   3.,   8.,   1.,   8.,   0., 239.,  14.,   6.],
        [  0.,   2.,   1.,   3.,   1.,   9.,   0., 301.,   9.,   9.],
        [  0.,   2.,   7.,   0.,   8.,  24.,   0.,   0., 287.,   1.],
        [  0., 300.,  13.,  17.,   2.,   7.,   0.,   0.,  16.,   4.],
        [  0.,   2.,   4.,   0.,   6., 172.,   1.,   1.,  14.,  23.],
        [  0.,   9.,   3.,   0.,  19., 137.,   0.,   0.,  88.,   0.],
        [  8.,   7.,   4.,   0.,   0.,   9.,   0.,   0., 220.,   2.],
        [ 60.,   2., 238.,   7.,  19.,  24.,   2.,   0.,   1.,   0.],
        [ 10.,  18.,  54.,   5.,   4.,   6.,   0., 286.,  21.,   9.],
        [  0.,   7.,  39.,   4.,   2.,   6.,   0., 164.,   5.,  34.],
        [  0.,  18.,   1.,   2.,   8.,  39.,   0.,   1., 270.,   1.]],
       device='cuda:0')
Epoch 0 | Batch 100
tensor([[  2.,   3.,  30.,   3.,   1.,  83., 298.,   0.,  28.,   6.],
        [  0., 254.,   3.,   6.,   2.,   1.,   4.,   0.,   9.,   0.],
        [  5.,   4.,  13.,   2.,   3.,   4., 224.,   2.,  21.,   2.],
        [  0., 281.,  10.,   9.,   2.,   5.,   2.,   1.,  15.,   0.],
        [249.,   5.,   7.,   2.,  91.,   4.,   8.,   9.,   9.,   5.],
        [  0., 291.,   7.,   8.,   1.,   1.,   5.,   4.,  15.,   4.],
        [  0.,   4., 137.,   9.,  14.,   3.,   6.,   1.,   9.,  31.],
        [  0., 286.,  12.,  13.,   5.,   5.,   5.,   3.,  71.,   2.],
        [  0.,   7.,  21., 278.,   2.,  10.,   8.,   0.,  23.,   3.],
        [ 49.,   7., 141.,  25.,   1.,   4.,   1.,  62.,   5.,   1.],
        [  0.,  14., 296.,   5.,   4.,   3.,  14.,   0.,  19.,   1.],
        [ 15.,   6., 290.,   7.,   5.,   0.,   3.,   8.,  17.,   1.],
        [ 73.,   2., 241.,  14.,   0.,  13.,   2.,   9.,  21.,   0.],
        [  0.,   8.,   2.,   8., 216.,   1.,  18.,   3.,  44.,   6.],
        [298.,   1.,   5.,  10.,   5.,  17.,  23.,   0.,  14.,   1.],
        [  4.,   3.,  11., 272.,   2.,  15.,   0.,   2.,  26.,   2.],
        [  0.,   3.,   2.,   5., 263.,   0.,   3.,   1.,  19.,  10.],
        [  1.,   9., 305.,   4.,   5.,  12.,  19.,   0.,  37.,   0.],
        [  1.,   6.,  47.,  62.,  10.,  14.,  10.,   1., 282.,   1.],
        [  0.,  10.,   3.,   6.,   9.,   1.,   7.,   4.,  23., 234.],
        [111.,  12.,  12.,   9.,  15.,   5.,   3.,   1., 288.,   7.],
        [  0.,   2.,   5.,   1.,   6., 132.,   1.,   2.,  14.,   1.],
        [  0.,  15., 268.,   2.,   2.,   9.,  19.,   1.,  26.,   1.],
        [  7.,   4., 299.,   8.,   4.,   7.,   9.,   2.,  18.,   0.],
        [  0.,   0.,   5.,   1.,  34.,   0.,   0.,  32.,  18., 282.],
        [  2.,   5.,   5., 304.,   2.,  13.,   1.,   2.,  21.,   4.],
        [  0.,   4., 215.,  17.,   3.,   4.,   3.,   2.,   8.,   2.],
        [  0.,   8.,   4.,   7.,   4.,   0.,   0., 254.,  11.,   5.],
        [  0., 267.,   9.,   5.,  13.,   1.,   1.,   0.,  14.,   1.],
        [  1.,   6.,   6.,  53.,   3.,  48.,   1.,   4., 237.,   2.],
        [  1.,  11.,   1.,   5., 122.,  11.,   1.,   6., 284.,  11.],
        [ 10.,  10., 274.,   3.,  15.,   3.,   1.,   4.,  18.,   6.],
        [ 56.,   2.,  52.,  12.,   6.,  19.,  17.,   3.,  42.,   0.],
        [  6.,   6.,   4.,  28.,   0., 227.,   5.,   1.,  15.,   0.],
        [301.,   5.,  13.,   6.,   4.,  18.,   6.,   1.,  11.,   2.],
        [  2.,  14., 286.,   3.,   0.,  20.,  13.,   3.,  94.,   2.],
        [  5.,   5.,   4.,   9.,   7., 199.,   0.,   1.,  29.,   4.],
        [199.,   1.,  52.,   1.,   0.,  11.,  10.,   4.,   6.,   1.],
        [219.,   7.,  12.,  69.,   4.,   7.,  12.,   5.,  14.,   7.],
        [  6.,   2.,   2.,  14.,   0., 236.,   0.,   2.,  47.,   0.],
        [  0.,   4.,   3.,   4.,  14.,   2.,   3.,   3.,  11., 287.],
        [  0.,   2.,   8.,   2., 222.,   3.,   3.,   4.,  15.,  35.],
        [  2.,   1.,   2.,  16.,   3., 281.,   1.,   0.,  58.,   4.],
        [  0.,   2.,   1.,   8.,   1.,   5.,   2., 254.,   9.,   2.],
        [  7.,   6.,   4.,   4.,   4.,   0.,   5.,  10.,  27., 175.],
        [  0.,  16.,   9., 211.,   5.,   2.,   0.,  24.,  70.,  17.],
        [  0.,   4.,   5.,   1.,   8.,  16., 286.,   1.,  11.,   6.],
        [169.,   3.,  20.,   3.,   3.,   0.,   3.,   3.,   8.,   7.],
        [  4.,   2.,   0.,  21.,   1., 274.,   7.,   1.,  19.,   3.],
        [  3.,   3.,  13.,   5.,  16.,   4.,   0.,   2., 229.,  11.],
        [  1.,   4.,   6., 260.,   1.,  12.,   0.,   1.,  23.,   0.],
        [  0.,   1.,  12.,   6., 279.,   0.,  28.,   1.,  13.,  54.],
        [287.,   1.,   2.,  42.,   3.,  39.,   3.,   0.,  16.,   3.],
        [  8.,   6.,   3.,   1.,  96., 220.,   0.,   1.,  16.,  30.],
        [ 21.,   7.,  30.,   0.,   4.,   0., 302.,   0.,  30.,   3.],
        [ 51.,   1.,   2.,   3.,   1.,   0.,   0., 276.,   8.,   2.],
        [  0., 287.,   9.,   9.,   1.,   2.,   4.,   8.,  15.,   2.],
        [  0.,   1.,   2.,   1.,   8.,   3.,   0.,   3.,   9., 249.],
        [  0.,   0.,   7.,   1.,  29.,   0.,   1.,  24.,  16., 286.],
        [  2.,  89.,  14.,  11.,   5.,   3.,  16.,   2., 290.,   4.],
        [  0.,   2.,  15.,   9.,  31.,  14.,   0.,   2., 253.,   3.],
        [  2.,   3.,   5.,  20.,   0., 237.,   5.,   0.,  16.,   2.],
        [  0., 286.,  10.,   8.,   2.,   6.,   8.,   1.,  30.,   1.],
        [  0.,   7.,   3.,   1., 284.,   0., 113.,   1.,  12.,  16.]],
       device='cuda:0')
Epoch 0 | Batch 200
tensor([[ 16.,   0.,   1.,   8.,   2., 299.,  96.,   0.,   3.,   0.],
        [  2.,   2.,  39.,  12.,  44.,   0., 280.,   4.,  13.,   2.],
        [ 12.,   1.,  23.,  32.,   1.,   5.,   0., 129., 282.,   0.],
        [  2.,   0.,  51.,   6.,  25.,   1., 271.,   7.,   1.,   1.],
        [  1.,   2., 309.,   6.,   3.,   0.,   3.,   2.,   5.,   0.],
        [  0.,   0.,   4.,   4., 255.,   0.,  13.,   2.,   2.,   4.],
        [218.,  13.,  14.,  20.,   5.,   6.,   5.,   4.,   8.,   3.],
        [  8.,   0., 206.,  39.,   3.,   2.,   0.,   9.,   7.,   0.],
        [300.,   0.,  15.,   3.,   3.,   7.,   1.,   0.,   3.,   0.],
        [  1.,  10.,  16.,   7.,   4.,   4., 279.,   5.,   7.,   4.],
        [  3.,   3.,   0.,  15.,   9.,   7.,   2.,  19.,  17., 283.],
        [  1.,   0.,   1.,   4.,   3.,   1.,   0., 231.,   3.,  37.],
        [  1., 291.,   3.,  12.,   2.,   2.,   6.,  12.,  22.,   3.],
        [ 23.,   3.,   7.,   5.,   5., 283.,   0.,   2.,   4.,   0.],
        [ 27.,   0.,   1.,   5.,   5.,  18.,   0., 259.,   3.,  29.],
        [280.,   0.,   7.,  23.,   3.,   8.,   6.,   4.,  10.,   1.],
        [ 11.,   0.,   1.,   0.,   6.,   2.,   3., 270.,   5.,   2.],
        [300.,   0.,   5.,   6.,   2.,   8.,   0.,   0.,   3.,   0.],
        [  2.,   2.,   1.,   4.,  12.,   2.,   4.,  22.,  12., 283.],
        [  6.,  30.,  17.,   5.,  44.,   3., 253.,   4.,  18.,  12.],
        [  4., 102.,   6.,   5.,   4.,   4.,   1.,   7., 236.,   3.],
        [  8.,   3.,   1.,   1.,   9., 240.,   0.,  10.,   9.,   6.],
        [ 22.,   2.,   3.,   0.,   6., 257.,   1.,  15.,   3.,   6.],
        [ 14.,   1., 285.,   6.,   8.,   0.,  62.,   1.,   2.,   0.],
        [303.,   1.,   2.,  10.,   2.,  18.,   5.,   3.,   7.,   0.],
        [  0.,   2.,   0.,  12.,  20.,   4.,   4.,  25.,  10., 274.],
        [  1.,  46.,   3.,  55.,   2.,   7., 228.,   2.,   9.,   2.],
        [  3.,   0., 308.,  12.,   3.,   1.,   2.,   3.,   5.,   0.],
        [  4.,   0.,  16.,   7.,   8.,   1.,   0.,  30., 205.,   6.],
        [316.,   0.,   1.,   3.,   1.,  47.,   2.,   1.,   4.,   0.],
        [  1.,  15.,   4.,  17.,   4.,   3.,   0.,   3., 233.,   2.],
        [ 11.,   3.,  31., 178.,   0.,  25.,   3.,   2.,  14.,   0.],
        [  5.,   2.,   4.,   1.,   6.,   6.,   0., 285.,   6.,  13.],
        [  0.,   7.,   5., 267.,   3.,   5.,   2.,   6.,   6.,   2.],
        [  2.,  27.,  13., 297.,   0.,   4.,   0.,   3.,   6.,   0.],
        [  5.,   0.,   2.,   7.,  10.,   3.,   7.,  13.,  21., 282.],
        [  5.,   4.,  19.,  28.,   7.,   5.,  11.,  11., 243.,   0.],
        [  1., 295.,   4.,  10.,   3.,   3.,   2.,  17.,   7.,   4.],
        [  4.,   2.,  20.,   3.,   5.,   6., 250.,   2.,   7.,   3.],
        [  1.,   0.,   3.,   3., 285.,  12.,   2.,  12.,   5.,  11.],
        [ 30.,   0.,   0.,   8.,   2., 293.,   0.,   5.,  47.,   1.],
        [ 62.,   0.,   0.,  12.,  13.,  10.,   0., 270.,   5.,   7.],
        [  6.,   0.,  12.,   0., 180.,   0.,  55.,   2.,   2.,   0.],
        [  4.,   0., 318.,   6.,   3.,   0.,   2.,   3.,   4.,   0.],
        [  3.,   7.,  21., 294.,   3.,   3.,   0.,   1.,   5.,   0.],
        [  1.,   4.,   1.,  10.,   3.,   4.,   4.,  15.,  13., 266.],
        [  5.,   0.,   1.,   4.,   2., 271.,   0.,   2.,  64.,   1.],
        [ 28.,   0.,   9.,   4.,  11.,  58., 100.,   2.,  13.,   1.],
        [  7.,   0.,  13.,   1.,   6.,   0.,   0.,   4.,   1., 141.],
        [308.,   0.,  12.,   2.,   2.,   9.,   0.,   0.,   4.,   0.],
        [  5.,  23.,  15.,   9.,  11., 101., 164.,   2.,   2.,   0.],
        [  1., 297.,   8.,  16.,   4.,   2.,   3.,  14.,   6.,   4.],
        [  1., 291.,   4.,  13.,   3.,   2.,   9.,  13.,  12.,   4.],
        [  3.,   2.,   9.,   1., 281.,  95.,  47.,  14.,   5.,   0.],
        [  2.,   0.,   1.,   6.,  11.,   5.,   0., 215.,   1.,  13.],
        [  0.,   0.,   1.,  17., 277.,   6.,   3.,   7.,  12.,   3.],
        [  1.,  38.,  12.,  25.,  13.,   1.,   1.,   6., 199.,   1.],
        [ 21.,  31.,   1.,   3.,   1., 273.,   1.,   6.,  49.,   0.],
        [  1., 291.,   5.,  54.,   3.,   1.,   3.,  18.,   7.,   5.],
        [  1.,  25.,   3., 294.,   3.,   3.,   0.,   6.,  10.,   2.],
        [ 21.,   0.,   3.,  16.,   1., 274.,   1.,   4.,  12.,   0.],
        [  0.,  44.,   9.,   8.,   6.,   4., 266.,   2.,  13.,   6.],
        [  1.,  18., 286.,   7.,   2.,   0.,   5.,   7.,  51.,   0.],
        [  3.,   5.,   2., 283.,   2.,   9.,   0.,   2.,  10.,   0.]],
       device='cuda:0')
Epoch 0 | Batch 300
tensor([[  5.,   2., 268.,   1.,   4.,   0.,  12.,   8.,  19.,   3.],
        [  4.,  24.,  78.,   4.,   5.,   0.,   3., 160.,   6.,   5.],
        [  0.,   0.,  15.,   3., 281.,   0.,  39.,  14.,   4.,  33.],
        [ 32.,   1.,  12.,  18.,   3., 121.,  15.,  12.,  12.,   3.],
        [  6.,   0.,   3.,  11., 263.,   2.,   1.,   0.,   1.,  12.],
        [ 19.,   0.,  82., 301.,   8.,   2.,   4.,   0.,   6.,   0.],
        [ 13.,   3.,  12.,   2.,   7.,   0., 294.,   2.,  27.,   2.],
        [  7.,   0.,   8., 309.,   1.,   2.,  41.,   4.,   3.,   4.],
        [  4., 279.,   4.,   6.,   1.,   0.,   2.,  24.,   3.,   6.],
        [  0.,   0.,   1.,   4.,  15.,   0.,   2.,   9.,   6., 274.],
        [  8.,   0.,   5.,   7.,   2.,  15., 288.,   2.,  12.,   3.],
        [ 27.,   0.,   8., 305.,   1.,   1.,   4.,   4.,   5.,   2.],
        [  9.,   0.,   6.,  64.,  12.,  42.,   1.,   4., 249.,   4.],
        [  0.,   0.,   1.,   5., 278.,   2.,   0.,  19.,  23.,  19.],
        [ 19.,   0., 269.,  73.,   0.,   0.,   0.,   0.,  59.,   0.],
        [  3., 290.,  10.,   3.,   3.,   0.,  14.,  15.,   8.,   5.],
        [  7.,   0.,   4.,  17.,  14.,  19.,   1.,   3., 277., 114.],
        [  3.,   3.,   2.,   7.,  16.,   0.,   2.,  32.,   5., 245.],
        [281.,   0.,   2.,   6.,   4.,   0.,   0.,   6.,  12.,   5.],
        [  4.,   0.,   5.,  29.,   4.,  23.,  12.,   3., 266.,  14.],
        [  2.,   0.,   0.,   1.,  22.,   0.,   0.,  51.,   9., 243.],
        [  6.,   3.,   3.,  12.,   2.,   2., 262.,   4.,  14.,   3.],
        [  2.,   0., 277.,   5.,  12.,   0.,   9.,   0.,   3.,   2.],
        [298.,   0.,   1.,   8.,   7.,   0.,   4.,   0.,   2.,   0.],
        [  6.,   1.,  19.,  15.,   5.,   0.,   3.,   4., 287.,  12.],
        [  3.,   0.,  21.,  29.,   3.,   0.,   0., 290.,   1.,   1.],
        [ 17.,   0.,  11., 151.,  18.,   1.,   3.,  11.,   8.,   3.],
        [  7.,   0.,  12.,  25.,   3.,   3.,   1.,   2., 265.,  16.],
        [  2., 134.,   0.,   3.,   2., 227.,   2.,   7.,   6.,   1.],
        [  5.,  12.,   6.,  16.,   8.,   6.,   4.,   6., 269.,  11.],
        [  2.,   1.,   1.,   1.,  24.,   0.,   0.,  39.,   7., 250.],
        [  0.,   0.,   0.,  24.,  10., 231.,   1.,   1.,  77.,  11.],
        [  4.,   2.,   0.,   2.,   6.,   0.,   0., 261.,   5.,   3.],
        [ 16.,   0., 290.,   5.,  12.,   0.,  10.,   1.,   6.,   3.],
        [  2.,   0.,   0.,   1.,  12.,   0.,   2.,  25.,  13., 223.],
        [  1.,  46.,   0.,   5.,  15.,  59.,   0., 241.,   6.,   4.],
        [283.,   0.,  11.,  37.,  12.,   2.,   7.,   4.,   2.,   0.],
        [  5.,   0.,  18.,   1.,   9.,   0.,   1.,   5., 283.,   4.],
        [  0.,   0.,   2.,   2., 218.,   0.,   1.,   5.,   6.,  26.],
        [271.,   0.,  15.,   0.,   6.,   0.,  95.,   4.,   1.,   0.],
        [  0.,   0.,   0., 248.,   0.,   0.,   0.,  16.,   1.,   5.],
        [  1.,   0.,   0.,   3.,  24.,   0.,   3.,  28.,   2., 138.],
        [  1.,  31.,   6.,  10.,   4.,   0.,   0., 215.,   2.,   5.],
        [  2.,   0.,  16.,   1.,   3., 214.,  71.,   1.,   0.,   0.],
        [  2.,   0.,   2.,   1., 298.,   0.,   3.,  10.,   1.,   9.],
        [  5.,   0.,   6.,   0.,  13.,   0., 285.,   3.,   0.,   4.],
        [ 11.,   0.,   3.,   1.,  17., 130.,  14.,  10.,   5.,   3.],
        [  6.,   0.,   8., 301.,   1.,   8.,   0.,   5.,  14.,   4.],
        [  0.,   0.,   0.,   7., 290.,   0.,   1.,   3.,  52.,  99.],
        [  2.,   4.,   2.,   2.,  18.,   0.,   2.,   8.,  11., 230.],
        [  3.,   0.,  10., 308.,   4.,   1.,   3.,   4.,   3.,   4.],
        [  1.,   0.,  11.,   4.,  21.,   0.,   1.,  12.,   9., 266.],
        [  3., 280.,   9.,   5.,   8.,   0.,   7.,  52.,   6.,   4.],
        [  0.,  38.,  20.,   0.,  37., 216.,   1.,   5.,  12.,   2.],
        [  5.,   0.,   1., 295.,   0.,   1.,   0.,   4.,   1.,   1.],
        [  1.,  16.,   2.,   1., 272.,  10.,   9.,  17.,   4.,   2.],
        [297.,   0.,  19.,   5.,   6.,   0.,   0.,   1.,   4.,   0.],
        [  2.,   0.,   8.,  16.,   8.,  47.,   1.,   3., 207.,  18.],
        [  5.,  89., 241.,  14.,   2.,   0.,  14.,   4.,   7.,   0.],
        [  2., 272.,  18.,   6.,  10.,   0.,   5.,  63.,  10.,   2.],
        [  5.,   0.,   6.,   9.,   7., 100., 245.,   4.,   4.,   2.],
        [308.,   0.,   0.,  18.,   3.,   1.,   0.,   3.,   8.,   1.],
        [  1.,   0.,   0.,   6., 285.,   0.,   0.,  14.,  20.,  40.],
        [  4., 289.,   4.,   6.,   1.,   0.,   5.,  18.,   9.,   6.]],
       device='cuda:0')
Epoch 0 | Batch 400
tensor([[187.,   3.,   1.,   4.,   2.,  17., 113.,   0.,   1.,   5.],
        [  3.,  12.,   5., 188.,   0.,   2.,   6.,   1.,   4.,   3.],
        [  3., 292.,  31.,  14.,   1.,   0.,   5.,   1.,   5.,   4.],
        [305.,   2.,   5.,  10.,  10.,   5.,   9.,   2.,  28.,   6.],
        [ 14.,  10.,   2.,   1.,  31.,  10.,   3.,  85., 217.,  15.],
        [  1., 290.,   2.,   9.,   2.,   0.,   2.,   4.,  12.,  12.],
        [ 18.,   2.,   1.,  18.,  14., 291.,   0.,   0.,   5.,  10.],
        [285.,   0.,  15.,   9.,   0.,  25.,   1.,   1.,   4.,   0.],
        [ 10.,   6.,   2., 165.,   1.,  55.,   3.,   1.,   6.,  11.],
        [  1.,  10.,   1.,   2., 266.,   1.,  13.,  19.,  10.,  15.],
        [ 14.,   2.,   0.,  13.,   3., 251.,   0.,   1.,  12.,  12.],
        [  9.,   6.,   0., 277.,   0.,  37.,   2.,   1.,  41.,   9.],
        [ 68.,   2.,   2.,   6.,  60.,   0.,  24.,   1.,   8., 263.],
        [310.,   1.,   2.,  14.,   3.,  11.,   2.,   1.,   3.,   6.],
        [  7.,   9., 289.,   6.,   1.,   1.,   2.,   3.,  90.,   2.],
        [  0.,  16.,   1., 220.,   7.,   2.,   0.,   0.,   8.,   6.],
        [  3.,   7.,   1.,   7., 270.,   1.,   8.,   0.,   1.,  84.],
        [  2.,  14.,  21.,   6.,  15.,   2.,  21.,   2., 239.,   9.],
        [ 17.,   5., 293.,  92.,   0.,   1.,   8.,   3.,   0.,   3.],
        [ 21.,  17.,   5.,   2.,  12.,  18., 278.,   0.,   2.,   8.],
        [  4.,   5.,   0.,   2.,  59.,   1.,   0., 286.,   4.,   8.],
        [  2., 302.,   2.,   4.,   1.,   0.,   1.,   4.,   4.,   7.],
        [  4.,  11.,   4.,   1., 280.,   1.,   7.,   7.,   1.,  68.],
        [  3.,   5.,   1.,   4.,   3.,   1.,   1., 292.,  10.,  36.],
        [  0.,  30.,   0.,   3., 147.,   0.,   0.,   0.,   4.,  35.],
        [  0.,  14.,   5.,   7.,   6.,   0.,   0., 261.,   3.,  54.],
        [ 16.,   4.,  24.,  38.,   5.,   7.,   8.,   0., 259.,  10.],
        [ 18.,  10.,  14.,  16.,  10.,  35.,   3.,   0., 243.,   6.],
        [  1., 303.,   6.,   6.,   3.,   0.,   4.,   8.,   3.,  11.],
        [  1.,  12.,   2.,   8.,  11.,   2., 280.,   0.,   3.,  11.],
        [  2.,   7.,   0.,   2.,  20.,  15.,   1., 270.,   6.,  48.],
        [  0.,  35., 286.,  12.,   2.,   0.,   7.,   0.,  22.,   8.],
        [  1., 276.,   1.,   6.,   1.,   0.,   0.,   2.,   3.,   5.],
        [ 25.,   6.,   3., 266.,   0.,   6.,   1.,   0.,   1.,   3.],
        [  3.,  13.,   4.,   9.,  12.,   3., 277.,   0.,   0.,  27.],
        [  0.,  16.,   0., 266.,   4.,   9.,   0.,   0.,  18.,  14.],
        [  4.,   5.,   9.,   4.,  59.,   0.,   2.,   6.,  13., 292.],
        [  4.,   4.,   8.,   1., 286.,   0.,   9.,   1.,   8.,  10.],
        [  1., 297.,   3.,   5.,   2.,   0.,   3.,   4.,   3.,   7.],
        [  3.,   6.,   3.,   0., 284.,   0.,  17.,   3.,   2.,  10.],
        [  8.,   9.,   3., 299.,   3.,   8.,   1.,   0.,   8.,   2.],
        [  0.,   7.,   0.,  15.,   5.,   4.,   2.,   6.,  70., 263.],
        [  1., 303.,   3.,   4.,   2.,   0.,   4.,   3.,   5.,   9.],
        [  2.,   7.,   1.,   5., 268.,   1.,   7.,   0.,   4.,  40.],
        [307.,   0.,  18.,   7.,   0.,   0.,   3.,   2.,   0.,   0.],
        [  2.,  13.,   2.,   6., 120.,   6.,  12.,  10.,  25., 196.],
        [  2., 302.,   3.,   4.,   3.,   0.,   2.,   3.,   9.,  12.],
        [  4.,   5.,   6.,  16.,   8.,  13.,   9.,   1., 292.,  13.],
        [  1.,   7., 194.,   8.,   8.,   2.,   9.,  12.,   4.,  15.],
        [  1.,   3.,   6.,   5., 280.,   0.,   7.,   3.,   6.,  15.],
        [  0.,  40., 266.,   5.,   0.,   4.,   8.,   9.,  13.,   8.],
        [  3.,  19.,   3., 212.,   1.,   6.,   3.,   0.,   9.,   4.],
        [  6.,  26.,   4., 308.,   0.,   2.,   0.,   0.,   1.,   2.],
        [  1.,  51.,  11.,  11.,   4.,   1.,   5.,   4., 204.,  14.],
        [312.,   0.,  24.,   5.,   0.,   0.,   6.,   0.,  11.,   1.],
        [ 14.,   8., 153.,  23.,   8.,   1.,  13.,   1.,  14.,   9.],
        [  1.,   5.,   2., 144.,   2.,   2.,   9.,   2.,   3.,   2.],
        [  0.,  47.,   8., 152.,   5.,   0.,   1.,   3.,   6.,   6.],
        [  0., 304.,  15.,  10.,   2.,   0.,   6.,   5.,   6.,   6.],
        [  1.,  12.,   2.,   2., 263.,   1.,   7.,   5.,   2.,  30.],
        [279.,   4.,   3.,  27.,   4.,  17.,   7.,   2.,  11.,  10.],
        [  0., 291.,  19.,  13.,   3.,   0.,   2.,   3.,  72.,   6.],
        [288.,   2.,   5.,  14.,   5.,   1.,  14.,   0.,   4.,   5.],
        [  3.,  13.,   0., 269.,   1.,  11.,   2.,   6.,   5.,  16.]],
       device='cuda:0')
Epoch 0 | Batch 500
tensor([[ 63.,   7.,  10.,   0.,  19.,  10., 301.,   3.,   0.,   5.],
        [  1.,   3.,   2.,   0., 289.,   8.,  21.,   1.,   8.,  10.],
        [  0.,  12.,   6.,   0.,   5.,  10., 300.,   1.,   6.,   7.],
        [ 19.,  13.,  11., 284.,   0.,  66.,   0.,   1.,   2.,   0.],
        [  7.,  16.,  28., 246.,   3.,   9.,   6.,   4.,   2.,   1.],
        [  4.,  18.,   3.,   0.,   4., 249.,   2.,   3.,   2.,   0.],
        [  0., 290.,   4.,   5.,   1.,   6.,   6.,   8.,   2.,   5.],
        [  0.,   4.,   0.,  13.,  30.,   6.,   2., 300.,   2.,   5.],
        [  0.,  10.,   5., 293.,   3.,  11.,   0.,   5.,  10.,   2.],
        [ 17.,   7.,   1.,  35.,   0., 272.,   6.,   0.,   4.,   3.],
        [  0.,  14.,  19.,   2.,  16.,   9., 299.,   2.,   4.,  12.],
        [  0.,   5.,   0., 294.,   2.,  21.,   1.,   5.,  10.,   5.],
        [  0.,  10.,   0.,   4., 147.,   3.,   2.,  40.,   5., 261.],
        [  0., 291.,   3.,   8.,   1.,   9.,  10.,   5.,   3.,   4.],
        [ 53.,   5.,  18., 291.,   0.,  29.,   2.,   4.,   4.,   3.],
        [  0.,   9.,   5.,   0., 289.,  15.,   8.,   6.,   2.,   3.],
        [  3.,   5., 282.,   1.,   4.,  17.,  79.,   6.,   5.,   1.],
        [  0., 294.,   3.,   9.,   1.,   9.,  13.,  14.,   8.,   6.],
        [  0., 297.,   5.,  12.,   4.,   3.,   2.,   8.,   2.,   3.],
        [  0., 277.,   1.,   4.,   0.,   7.,   4.,   4.,   2.,   3.],
        [ 18.,  20.,   3.,   0.,  13., 224.,  20.,  17.,   8.,   2.],
        [  0.,  25.,   3.,  18.,   4.,  15., 253.,   0.,   3.,   6.],
        [ 44.,   2.,   0.,  17.,   0., 301.,  11.,   0.,   2.,   3.],
        [269.,   2.,  20.,  14.,   6.,   9.,  18.,  21.,   7.,   9.],
        [  0.,   9.,   2., 255.,   4.,  14.,   0.,   5.,  43.,   6.],
        [ 17.,  10.,   5., 132.,   1.,  11.,  13.,  10.,   1.,   0.],
        [  0., 297.,   7.,  11.,   3.,   4.,   3.,   3.,   3.,   4.],
        [  0.,  39.,   0.,   3.,  19.,   6.,   4., 264.,   1.,   5.],
        [282.,   3.,   7.,   3.,   4.,   6.,   9.,   0.,   2.,   1.],
        [  2.,   4.,   0.,  30.,   1., 277.,  14.,   1.,   7.,   5.],
        [  0.,   5.,   3.,   2., 270.,   4.,   4.,   3.,   4.,  16.],
        [  0.,  46.,  18.,  12.,   2.,   6.,  23.,   4., 224.,   4.],
        [  0.,   4.,   4.,   9.,  28.,   9.,   5.,   4.,  25., 258.],
        [308.,   2.,   0.,   4.,   0.,  21.,   0.,   2.,   9.,   3.],
        [  0., 289.,   2.,   4.,   1.,   6.,   8.,   8.,   2.,   5.],
        [  0.,   5.,   0.,  23.,   1., 292.,   3.,  13.,  21.,  10.],
        [  0.,  77.,  58.,   5.,   3.,   2.,   5., 103.,   3.,   2.],
        [  1.,  13., 286.,  14.,   1.,   8.,   0.,   3.,  18.,   0.],
        [  2.,   9.,   0.,   5.,  16.,  21.,   3., 294.,   1.,   6.],
        [ 23.,   3.,   0.,  13.,   0., 283.,   7.,  81.,  67.,   0.],
        [  0.,  75.,   2.,   5.,   6.,  13.,   2., 279.,   2.,   8.],
        [ 11.,   5.,  16.,   0.,  18.,  11., 300.,   3.,   0.,   4.],
        [  0.,   2.,   2.,   0., 300.,   4.,   3.,  21.,   7.,  17.],
        [  0., 296.,   5.,   7.,   1.,   8.,  11.,   8.,   4.,   5.],
        [ 31.,   9.,   1.,   1.,   6.,   4., 248.,   2.,   2.,   4.],
        [  1.,   6.,   5.,   0., 287.,   5.,   9.,   6.,   2.,   4.],
        [  0.,   6.,   0.,   6., 302.,  15.,   4.,  29.,  10.,   8.],
        [  0.,   6.,   0.,   2.,  20.,   6.,   7.,   4.,   6., 267.],
        [  0.,   5.,   1.,   1., 251.,   4.,   4.,   9.,   4.,  19.],
        [  0.,  48.,  33.,   6.,   4.,  22., 292.,   1.,   5.,   8.],
        [  0.,   8.,   0.,  15.,  10.,   9.,   1., 312.,   0.,  14.],
        [283.,   5.,   7.,  20.,   5.,  25.,   3.,   5.,   1.,   2.],
        [  1.,  11.,   6.,   1.,   5.,  11., 296.,   2.,   3.,   5.],
        [ 10.,   5.,   0.,  10.,  11., 283.,   0.,   1.,   6.,   5.],
        [  0.,  28.,  11.,  11.,   2.,  12., 284.,   2.,   4.,   8.],
        [304.,   3.,   1.,   1.,   2.,  19.,   2.,   1.,  51.,   5.],
        [  0., 284.,   2.,   6.,   4.,  10.,  20.,   5.,   3.,   6.],
        [  0., 267.,   1.,   2.,   0.,   2.,   3.,   3.,   1.,   1.],
        [ 29.,   7.,   0.,   9.,  72.,  14.,   1., 295.,   0.,  11.],
        [  0.,   7.,   0.,   6.,  44.,  13.,   7.,   8.,   4., 277.],
        [298.,   4.,   0.,   2.,   3.,  35.,   2.,   1.,   7.,   3.],
        [315.,   2.,  14.,   2.,   3.,  13.,  17.,   6.,  34.,   1.],
        [  0.,   6.,   0.,   7.,  19.,  13.,   1., 307.,   4.,  10.],
        [  0.,   6.,  15.,   0.,  18.,   9., 297.,   2.,   2.,   4.]],
       device='cuda:0')
Epoch 0 | Batch 600
tensor([[  8.,   6.,   0., 279.,   2.,   3.,   7.,   1.,   3.,   5.],
        [  0., 286.,   1.,  10.,   3.,   0.,   8.,   2.,   2.,   5.],
        [  3.,   4.,   1.,  14.,   4., 244.,  14.,   0.,   7.,   3.],
        [ 13.,   0.,  78.,   0., 132.,   0., 314.,   0.,   2.,   5.],
        [  6.,   5., 281.,  70.,  10.,   0.,  17.,   1.,   2.,  12.],
        [  9.,   0.,   0.,   9., 288.,   0.,  10.,   3.,  49.,  40.],
        [ 18.,   1., 220.,   6.,   7.,   0.,   7.,   8.,   3.,   4.],
        [  3.,   0.,  28.,   2.,  18.,   0., 312.,   0.,   3.,  10.],
        [ 76.,   0.,   0., 308.,   2.,  19.,   1.,   0.,   1.,   1.],
        [315.,   0.,   0.,  19.,   6.,   0.,   7.,   0.,   0.,   5.],
        [  0.,   3.,   0.,   3., 199.,   2.,   7.,  10.,   2.,   4.],
        [ 48.,   0.,   6.,   3.,   5.,   0., 289.,   0.,   0.,   6.],
        [  6.,  16.,   2., 284.,   0.,  35.,   5.,   0.,   5.,   2.],
        [320.,   0.,   0., 109.,   3.,   0.,  27.,   0.,   0.,   3.],
        [  7.,   3., 225.,  24.,   9.,   0.,   9.,   0.,   7.,  14.],
        [ 57.,   0.,   0.,   4.,   6.,   0.,   2., 261.,   0.,  72.],
        [ 63.,   2.,   0., 290.,   7.,   0.,   5.,   0.,   1.,   3.],
        [  0.,   4., 261.,   7.,  12.,   0.,  11.,  37.,   5.,   9.],
        [309.,   0.,   0.,  23.,   4.,   0.,  11.,   2.,   2.,  13.],
        [  4.,   0.,   2.,   5., 274.,   0.,  10.,   8.,   5.,  14.],
        [  1.,   2.,   0.,   4.,  15.,   7.,   8.,  20.,   6., 275.],
        [  4.,   2.,   0., 210.,   3.,   0.,  11.,   8.,   3.,  91.],
        [  4.,   1.,   1.,   4.,   6., 227.,   5.,   0.,  39.,   6.],
        [ 16.,   0.,  54.,   4.,   6.,  85.,   5.,   1.,  51.,  18.],
        [  1.,  34.,   8., 235.,   4.,   0.,   2.,   4.,  15.,  12.],
        [  1., 298.,   5.,  15.,   2.,   0.,  15.,   3.,   5.,   7.],
        [  3.,   3.,   0.,   9.,  14.,   2.,  16.,  10.,  82., 265.],
        [  6.,   1., 277.,  17.,  23.,  12.,  19.,   0.,   1.,   1.],
        [  7.,   0.,   2.,   7.,   7., 262.,   4.,   0.,   6.,  26.],
        [ 91.,   0.,   0.,  18.,   9.,  51., 212.,   0.,   1.,   8.],
        [  4., 137.,   3.,  19.,  12.,   1.,   6.,   3., 238.,   6.],
        [  3.,   0.,   0.,  12.,   8.,   1.,   8.,   7.,   3., 283.],
        [  7.,   0.,   1.,  13.,  14., 283.,   4.,   5.,   1.,   9.],
        [  3.,   0.,   0.,  14.,   3., 258.,  15.,   2.,   3.,  13.],
        [  0., 286.,   3.,   9.,   1.,   0.,   9.,   1.,   2.,   4.],
        [  0., 281.,   1.,   9.,   4.,   0.,  11.,   2.,   3.,   5.],
        [  5.,  29.,  90.,  25.,  13.,   0.,   3., 196.,   7.,  10.],
        [  4.,  11.,   1., 206.,   4.,   0.,   5.,   4.,  12.,  17.],
        [  2., 298.,   9.,  17.,   1.,   0.,  22.,   0.,   5.,   6.],
        [  2.,   1.,  10.,  41.,   8.,   0.,   2., 275.,   1.,  23.],
        [  1., 279.,   4.,  20.,   7.,   0.,   5.,   0.,   7.,   5.],
        [  1.,   2.,   0.,   4.,  12.,   1.,   7.,  16.,   8., 284.],
        [ 15.,   1., 246.,  50.,   9.,   0.,  10.,   1.,   8.,  25.],
        [  3.,   2.,   2.,   2.,  15.,   0.,   8.,  21.,   2., 285.],
        [  2.,   8., 110.,  12.,   7.,   0., 304.,   0.,   3.,  10.],
        [  0., 281.,   1.,   7.,   6.,   0.,   4.,   0.,   3.,   3.],
        [  2.,   0.,  18.,   2.,  12.,   0., 303.,   0.,   3.,   6.],
        [  0., 287.,   1.,  11.,   3.,   1.,   9.,   2.,   6.,   5.],
        [  0., 263.,   0.,   5.,   1.,   0.,   5.,   1.,   3.,   2.],
        [ 10.,   6.,   3.,   4.,  13., 283.,   4.,   5.,   7.,   4.],
        [293.,   0.,   1.,  15.,   1.,   2.,   1.,   2.,  36.,   6.],
        [  1.,   2.,   0.,   4.,   9.,   0.,   3., 268.,   2.,   5.],
        [  0.,   5.,  15.,  17.,   4., 246.,  17.,   5.,   3.,   2.],
        [303.,   0.,  21.,   6.,  13.,   0.,   8.,   2.,   0.,   3.],
        [179.,   0., 163.,  24.,   9.,   0.,  54.,   2.,  13.,  10.],
        [  3.,   8.,  10.,  49.,  13.,   1.,  12.,   0., 223.,   4.],
        [  1.,  49.,   2.,  11.,   4.,   0.,   4., 204.,   4.,  10.],
        [  2.,   0.,   0.,   5.,  31.,   1.,  10.,   7.,   4., 276.],
        [  5.,   2.,   2.,  10.,   4.,   0.,   2., 302.,   1.,  26.],
        [ 14.,   1.,  85., 293.,   4.,  32.,   1.,   1.,   5.,   1.],
        [ 15.,   2.,  11.,   3.,   7.,   0., 295.,   0.,   1.,   7.],
        [  0.,   2.,  10.,  13.,  14.,   0., 298.,   0.,   3.,   7.],
        [  4.,  10.,  10.,   3.,   7., 285.,  10.,   1.,   4.,   3.],
        [  1.,   3.,   1.,   6.,  13.,   6.,   4., 267.,   1.,  12.]],
       device='cuda:0')
Epoch 0 | Batch 700
tensor([[  8.,   4.,   0., 292.,   1.,  17.,   0.,   4.,  13.,   0.],
        [  0.,   0., 299.,   0.,  17.,   2.,  31.,   1.,   1.,   4.],
        [  0.,   1.,  20.,   0.,  30.,   1., 166.,  14.,  11.,  19.],
        [  0., 264.,   0.,   6.,   1.,   1.,   6.,   6.,   3.,  17.],
        [ 22.,   0., 269.,   5.,   7.,   5.,  10.,   3.,   3.,  10.],
        [  0., 283.,   0.,   9.,   3.,   4.,  13.,  12.,   9.,   8.],
        [ 40.,   1.,   0.,   2.,  24.,   6.,   2.,  43.,   4., 285.],
        [  0.,   0., 130.,   1.,  99.,   6.,  77.,  39., 226.,  11.],
        [  0.,   0.,   0.,   7.,   6.,   5.,   0., 311.,   4.,  10.],
        [  0.,   3.,   0.,  10.,   9.,  10.,   8.,  11., 280.,   5.],
        [283.,   0.,   0.,   3.,   9.,  18.,   2.,  10.,   4.,   0.],
        [  0., 284.,   1.,  13.,   5.,   5.,  10.,   9.,   7.,  37.],
        [  1.,   2.,   0.,  14.,   8., 261.,  16.,   2.,   7.,   8.],
        [  1.,  16.,  18.,  20.,  16.,  11., 294.,   3.,  25.,   5.],
        [  0.,   0.,   0.,   7.,  32.,  27.,  14.,   6.,   7., 278.],
        [ 24.,   2.,   0.,   0.,   5., 266.,   1.,  28.,   5.,   3.],
        [  0.,   3.,   3.,   3.,  12.,   2.,  10., 261.,   7.,  15.],
        [  0.,   3., 275.,   0.,  14.,   6.,  33.,   2.,   2.,  11.],
        [ 28.,   1., 231.,   7.,   8.,   5.,  12.,   5.,  10.,   2.],
        [  2.,   3., 256.,   2.,   5.,   3.,   3.,   6.,   9.,   5.],
        [  0.,   1., 288.,   0.,   3.,   9.,  45.,   9.,  39.,   3.],
        [  0.,   6.,   0.,   0.,   6.,   3.,   1., 281.,   5.,   7.],
        [  0., 248.,  15.,   1.,  19.,   7.,   2.,   4.,  14.,   0.],
        [  0.,   1.,   0.,   1.,  16.,  12.,   5.,  25.,  10., 289.],
        [  0.,  18.,   0.,   1., 181.,   6.,  19.,   4.,   6.,   8.],
        [291.,   0.,   0.,   1.,   4.,  30.,   0.,   6.,   7.,   0.],
        [308.,   0.,   0.,   7.,   5.,  12.,   0.,  24.,   3.,   1.],
        [  9.,   3.,   0., 297.,   3.,  26.,   2.,   4.,  12.,   0.],
        [  1.,   0.,   0., 159.,  10.,  13.,  98.,   8.,   3.,   2.],
        [ 11.,   0.,   0., 303.,   3.,  19.,   0.,  26., 117.,   1.],
        [ 12.,   1., 293.,  11.,  10.,   0.,   9.,   1.,   8.,   1.],
        [  0.,   1.,   0., 283.,   5.,  12.,   1.,  19.,   8.,  18.],
        [  0.,   0.,  29.,   0.,  77.,   1., 283.,   7.,   4.,  45.],
        [ 12.,   0.,   0., 300.,   5.,  26.,   0.,   3.,   8.,   0.],
        [  0.,  11.,   0.,   5.,   4., 230.,   4.,  21.,  47.,  67.],
        [  0.,   4.,   0., 259.,   3.,  44.,   5.,   2.,  36.,   2.],
        [ 25.,   2.,   4.,   0.,  30.,   4.,   5.,  40.,   8., 240.],
        [ 85.,   0., 145.,   8.,   2.,  12.,   6.,  48.,  10.,   0.],
        [  1.,   8.,   2.,   0.,   7., 278.,   5.,   4.,   6.,   0.],
        [  1.,   1.,   0.,   0.,  33.,   3.,   4.,  13.,   3., 286.],
        [  0.,   1.,   0.,   4.,   9.,   1.,   1., 292.,   4.,  13.],
        [ 26.,   2.,   0.,   0.,  21.,  19.,   8.,  40., 131.,   7.],
        [  0.,  32.,   0.,   1.,  10.,   7.,   3., 289.,   6., 116.],
        [  2.,  16.,   6.,   2.,  14.,   9.,   8.,   6., 261.,   2.],
        [  0.,   4.,   0.,   1.,   9.,   3.,   0., 302.,   4.,  14.],
        [ 83.,   0.,  20.,   0.,   9.,   2., 295.,   3.,   8.,   4.],
        [ 21.,   0.,   1.,   0., 228.,   0.,   4.,   6.,   1.,   1.],
        [ 27.,   0.,   0.,  43.,   1., 277.,   0.,   0.,   6.,   0.],
        [  0.,  10.,   0., 282.,  10.,   8.,   5.,   6.,   4.,  14.],
        [312.,   0.,   0.,   0.,   5.,  48.,   2.,  11.,   1.,   0.],
        [  3.,   1.,   0.,   6.,  12., 275.,   8.,   6.,   6.,   3.],
        [  0.,   0.,   0.,   7.,  12.,   1.,   2., 309.,   7.,   5.],
        [286.,   2.,   0.,  21.,  10.,  64.,   2.,  21.,   3.,   1.],
        [  6.,   0.,   0.,   0.,   9., 295.,  36.,   2.,  39.,  14.],
        [  2.,   6., 238.,   0.,  15.,   4.,  21.,   3.,  18.,   5.],
        [  0.,   0.,   9.,   0.,  15.,   2., 293.,   6.,   7.,   5.],
        [  0.,   0.,   6.,   0.,  14.,   7., 293.,   2.,   8.,   4.],
        [ 12.,   2.,   1., 272.,   3.,  22.,   1.,   7.,   6.,   4.],
        [  0.,   5.,   0.,   6.,  10.,   3.,   1., 304.,  10.,  28.],
        [  0.,   5., 132.,   0.,  12.,   8.,  58.,  17.,  17.,   3.],
        [  0.,   3.,   3.,   5.,  10.,   5.,   1., 301.,  12.,  14.],
        [  0.,  16.,   1.,   0.,   5., 258.,  12.,   4.,  14.,   1.],
        [  0.,   2.,   1.,  34.,  15.,   9.,  30.,  17., 287.,   1.],
        [296.,   0.,   0.,  10.,   7.,  28.,   3.,  10.,  10.,   2.]],
       device='cuda:0')
Epoch 0 | Batch 800
tensor([[  0.,   1.,  18.,   2., 193.,   3.,   0.,   9.,   1.,   1.],
        [  0.,   1.,   3.,   0.,   0.,   5.,   0., 289.,   1.,   7.],
        [  9.,   1.,   3.,   2.,   0.,  12.,   0., 296.,   1.,  34.],
        [ 51.,   6.,  21., 290.,   0.,  46.,   0.,   4.,   1.,   0.],
        [  7.,   5.,  11.,   0.,   1., 173.,   1.,  12.,   8.,   6.],
        [  0.,   5.,   3.,   4.,   0.,   7.,   1.,  15.,   2., 208.],
        [278.,   3.,   7.,   4.,   0.,  27.,   0.,   4.,   3.,   1.],
        [  3.,  55.,  17., 269.,   0.,   5.,   4.,  10.,   5.,   1.],
        [  3.,  10.,  10.,  59.,   0.,  37.,   0.,   6., 238.,   3.],
        [  2.,   3.,   5.,  11., 267.,  20.,   0.,  10.,   2.,  51.],
        [  0.,  10.,  31.,   1.,   0.,   5.,  84.,   5., 225.,   4.],
        [275.,   0.,   9.,  15.,   0.,   7.,   0.,   2.,   3.,   0.],
        [  2.,   2.,   4.,   0., 154.,   3.,  17.,   6.,   1.,   8.],
        [  0.,   8.,   9.,  10.,   0.,  54.,   1.,   7., 231.,   5.],
        [  4.,   7.,   6.,   4.,   0., 230.,   0.,  26.,   4.,  13.],
        [ 15.,   4.,   5.,  26.,   0., 287.,   0.,   6.,   6.,   6.],
        [  0.,   5.,  13.,   1.,   1.,  18.,   7.,   3., 248.,   3.],
        [  0.,   8., 282.,   0.,   0.,  10.,  65.,   4.,   8.,   1.],
        [  0.,   3.,   6.,   1., 227.,   6.,   0.,  11.,   3.,  11.],
        [ 32.,   8.,   4., 280.,   0.,  71.,   0.,   5.,   0.,   2.],
        [293.,   1.,   5.,   3.,   0.,  11.,   1.,   5.,  10.,   3.],
        [  7.,   6.,   7.,  33.,   0., 265.,   0.,  11.,  13.,   2.],
        [304.,   0.,  14.,   1.,  63.,   4.,  12.,   8.,  19.,   1.],
        [  0.,   5.,  11.,   1.,   0.,   7.,   5.,  22., 258.,  24.],
        [  0., 296.,  11.,   7.,   0.,   8.,   1.,  10.,   9.,   2.],
        [  0.,   8.,   6.,   3.,   0.,   3.,   3.,  13.,   3., 223.],
        [  1.,   3.,  19.,   0.,   0.,   8., 226.,   4.,   2.,   1.],
        [  0.,   4.,  21.,   0.,   0.,   6., 285.,   6.,   4.,   4.],
        [  1.,   4.,   4.,   3.,   0.,   5.,   0., 285.,   2.,  33.],
        [  0.,  12.,  26.,  19.,   0.,   2.,   0., 267.,   1.,   8.],
        [  0.,  12., 290.,   7.,   0.,   4.,   0.,  80.,   1.,   2.],
        [  0., 108., 266.,  27.,   0.,  10.,   0.,  20.,   2.,   0.],
        [302.,   0.,  10.,   3.,  25.,   7.,   0.,   3.,  15.,   1.],
        [  0.,   1.,   2.,   0., 236.,   6.,   0.,  15.,  10., 129.],
        [  3.,  15.,   7.,   9.,   0.,  35.,  10.,   3., 156.,   7.],
        [  0.,  15.,   6.,   6., 172.,   8.,   2.,  17.,  10.,   9.],
        [  1.,   4.,   3.,  11.,   0.,  65.,   0.,  44.,  22., 278.],
        [  0.,  25., 293.,   8.,   0.,   4.,   1.,  21.,   1.,   0.],
        [  0.,   5., 148.,   6.,   0.,  49.,   1.,   3., 239.,   0.],
        [  0.,   7.,   4.,   2., 222.,   3.,   6.,  10.,   3.,   6.],
        [  0.,   5.,   4.,   5.,   8.,   6.,   0.,  22.,   1., 264.],
        [  3.,   2., 151.,  20.,  11., 263.,   0.,   8.,   2.,   2.],
        [  4.,   6.,  14.,   6.,   0., 274.,   8.,   3.,   4.,   2.],
        [  0., 282.,   8.,   7.,   0.,   6.,   0.,   9.,   7.,   2.],
        [316.,   0.,   9.,   0.,   0.,   8.,   0.,   1.,   2.,   0.],
        [  0.,  10.,   5.,   2.,   2., 253.,   0.,  16.,  10.,  10.],
        [  0.,  15.,   4.,   7.,   0.,   3.,   0., 277.,   1.,  10.],
        [102.,   1., 291.,   0.,   0.,   0.,   0.,   1.,   0.,   0.],
        [  0.,   5.,  16.,  10.,   0.,   5.,   0., 292.,   2.,   9.],
        [  0.,   8.,  36.,   2., 209.,   6.,  19.,  17.,   3.,  19.],
        [246.,   3.,  11.,   4.,   2.,   5.,  34.,  25.,  27.,  19.],
        [  0., 298.,  12.,  11.,   0.,   9.,   1.,  17.,   8.,   3.],
        [  0., 294.,  10.,   5.,   0.,   2.,   1.,   7.,   4.,   1.],
        [  0.,   2.,   3.,   1.,   0.,   5.,   0., 295.,   1.,  20.],
        [  2.,   5.,   3.,  36.,   0., 266.,   0.,  15.,   4.,  23.],
        [  0.,   7.,   8.,   6.,   0.,  23.,   1.,  21., 258.,  12.],
        [  9.,   4.,  11.,   0.,   3.,   0.,   0.,  19.,   3., 261.],
        [  0., 296.,  18.,  19.,   0.,  15.,   3.,  26.,  10.,   1.],
        [ 55.,   1.,  18.,   0.,   0.,   5., 234.,   2.,   2.,   2.],
        [ 30.,   9.,  19., 291.,   0.,  64.,   0.,   4.,   3.,   0.],
        [  0.,   6., 306.,   5.,   0.,   3.,   0.,   9.,   2.,   0.],
        [  0.,   5.,  29.,   0.,   2.,   8., 292.,   3.,   6.,   4.],
        [  0.,  25., 133.,   3.,   0.,   1.,   0., 195.,   5.,  10.],
        [221.,   3.,   7.,   6.,   0.,  10.,  12.,  15.,  13.,  19.]],
       device='cuda:0')
Epoch 0 | Batch 900
Switching label layer to Inference Mode (LIF)...
Epoch 0 DONE | Test Acc: 75.82% | Time: 776.9s
Switching label layer back to Training Mode (Clamp)...
tensor([[  4.,   1.,   6., 295.,   1.,   1.,   0.,   2.,  36.,   4.],
        [ 25.,   2., 301.,   6.,   7.,   0.,   8.,   0.,   3.,   7.],
        [  0., 270.,   8.,   4.,   0.,   0.,   0.,  15.,   4.,   3.],
        [ 20.,   5.,   7., 290.,   0.,   0.,   9.,   5.,   8.,   6.],
        [  0.,   1.,  34.,   7.,  19.,   0.,   0., 292.,  23.,  13.],
        [  3.,   6., 177.,  11.,  24.,  44.,   5.,   2.,   2.,   4.],
        [ 19.,   3.,   1.,   1.,  32.,   9.,   3., 275.,   6.,  12.],
        [  1.,  10., 258.,   4.,   9.,   3.,  15., 132.,   9.,   7.],
        [  4.,  12.,  15.,   3.,   8.,   0., 290.,   3.,   7.,  13.],
        [  3.,   3., 308.,   3.,   4.,   0.,  13.,   0.,   3.,   3.],
        [  1.,   2.,   2.,  10.,  20.,   5.,   5.,  33.,  97., 285.],
        [ 57.,   1.,   7.,   9.,   2., 274.,   2.,   5.,  15.,  10.],
        [  0., 286.,   5.,   7.,   0.,   0.,   2.,   9.,   5.,   3.],
        [ 13.,   5., 165.,  16.,  11.,   0.,  12.,   1.,  46.,  37.],
        [  5.,   5.,   1.,   3.,  52.,   1.,   1.,  90.,   8., 265.],
        [ 17.,   9.,  18.,   2.,  11.,   0., 301.,   1.,   3.,   7.],
        [  4.,   2.,   9.,   2.,  53.,   0.,   7.,   4.,  25., 264.],
        [  1.,   5., 154.,   8.,   3.,   0.,   1.,   9.,   5.,  28.],
        [ 24.,   0.,   0.,   6.,   9.,   1.,   2., 267.,   4.,   8.],
        [  8.,   3.,   4., 304.,   0.,  37.,   3.,   3.,   5.,   3.],
        [  0., 299.,   7.,  12.,   0.,   0.,   4.,  17.,  10.,   6.],
        [  1.,   6.,   2.,   2., 263.,   3.,   7.,   6.,  44.,   7.],
        [  2.,  10.,  22.,  10.,   3.,   0., 273.,   4.,   9.,   7.],
        [312.,   0.,   7.,   3.,   1.,   0.,  12.,   1.,   5.,   6.],
        [  2.,  92., 299.,   9.,   1.,   0.,  44.,   1.,   4.,   3.],
        [  3.,  10., 141.,   5.,  29.,   0.,   8.,   5.,   7.,  20.],
        [313.,   0.,   6.,   4.,   1.,   3.,   3.,   1.,   2.,   7.],
        [  0.,   4.,   6.,   5.,  13.,   8.,   3.,   6.,  12., 249.],
        [  3.,   4., 263.,  12.,   8.,   0.,  10.,   2.,   5.,   5.],
        [  9.,   0.,   1.,   7., 262.,  76.,  10.,   2.,   7.,   8.],
        [ 11.,  11.,  13.,   7.,   7.,   5.,   6.,   2., 247.,   6.],
        [  8.,  29.,  35.,   2.,  21.,  83.,   6.,  12., 266.,  30.],
        [  3.,   9., 222.,  13.,  12.,   0.,  63.,   0.,   4.,  48.],
        [  0.,   4.,   6.,   4., 286.,   5.,   4.,   4.,   5.,  28.],
        [  1., 304.,  19.,  15.,   0.,   0.,   8.,   8.,  13.,   9.],
        [  1.,  18.,   6.,   4.,   5.,   0.,   6.,  10., 268.,  17.],
        [  0.,   2.,   4.,   1., 279.,   0.,   8.,   7.,  43.,   8.],
        [ 10.,   1.,   8., 134.,   2.,  32.,   3.,   3., 243.,  13.],
        [ 32.,   0.,   6.,  64.,   1., 281.,   4.,   0.,  17.,   3.],
        [  1.,   2.,   4.,   5.,  15.,   4.,   1., 271.,  73.,  25.],
        [  2.,   4., 307.,   8.,   5.,   0.,  14.,   0.,   1.,   4.],
        [  0., 264.,   3.,   5.,   0.,   0.,   0.,   3.,   4.,   3.],
        [  0.,   2.,   4.,   6.,  30.,  18.,   2.,  18.,   4., 261.],
        [298.,   1.,   3.,   9.,   0.,   6.,   7.,   2.,  13.,  15.],
        [  3.,   0.,   9.,   9.,  10., 260.,   4.,   1.,  24.,  13.],
        [  0.,  42.,   2.,  10.,   0.,   0.,   5.,  27.,  14., 240.],
        [  2.,  17.,  22.,   6.,  10.,   0.,   3.,   9., 240.,  10.],
        [ 14.,   3., 300.,  12.,  11.,   0.,   4.,   0.,   4.,   3.],
        [  5.,   0.,  39.,   5.,  79.,   0., 285.,   0.,   7.,   1.],
        [  4.,   3.,   6., 287.,   1.,  21.,   0.,   1.,   6.,   5.],
        [  5.,  12.,   7.,   3.,   4., 259.,   5.,   7.,   5.,   7.],
        [  7.,   7.,   6., 270.,   0.,  36.,   6.,   2.,   6.,   3.],
        [  3.,  28.,   7.,   8.,   3.,   0.,  11.,   6., 170.,   9.],
        [ 10.,  16.,  20.,   7.,   4.,  13., 286.,   1.,  16.,   8.],
        [  5.,   6.,   5.,   3.,   3.,   0.,   1.,   3., 232.,   9.],
        [  0.,  15.,  39.,  14.,   4.,   0., 298.,   1.,  22.,   6.],
        [  8.,   4.,  24., 282.,   0.,  18.,   2.,   5.,   5.,   3.],
        [  0.,  30.,   2.,   3.,  17.,  14.,   5.,   7.,   3., 199.],
        [  1.,   8.,  11.,   5.,   7.,   0., 296.,   1.,   8.,   9.],
        [  0.,   4.,   2.,   4., 289.,   1.,   5.,  13.,   9.,  15.],
        [  1.,   6.,   4.,   3., 293.,  75.,   4.,   9.,   7.,  11.],
        [  1.,   1.,  64.,   9.,  62.,   0.,   2., 254.,   7.,   6.],
        [  0.,  18.,  45.,   7.,   7.,   0.,   3., 209.,   8.,  18.],
        [109.,   2.,  63.,   2.,   9.,   4., 292.,   0.,   3.,   3.]],
       device='cuda:0')
Epoch 1 | Batch 0
tensor([[  2., 287.,  28.,   6.,   0.,   0.,   7.,   4.,   3.,   6.],
        [  5.,   2., 280.,   7.,   1.,   0.,   8.,   3.,   5.,  24.],
        [ 34.,   8.,   8., 274.,   0.,  10.,   0.,   3.,   0.,   0.],
        [230.,   8.,   3., 121.,   4.,   4.,   0.,  11.,   0.,   3.],
        [  3.,   0.,   6.,  11.,   4.,   0.,   0., 296.,   6.,  73.],
        [  0.,   1.,   3.,   9.,  19.,   2.,   0.,  16.,  25., 297.],
        [  4.,  20.,   9.,  21.,   2.,   4.,   5.,  10., 265.,   9.],
        [300.,   2.,  16.,  21.,  12.,   3.,  21.,   6.,  12.,   4.],
        [  1., 256.,  12.,   3.,   0.,   0.,   0.,   2.,   2.,   1.],
        [  0.,   1.,   6.,   8., 182.,   3.,   1.,   8.,   6., 142.],
        [313.,   0.,  14.,   8.,   0.,   5.,   0.,   3.,   4.,   0.],
        [ 12.,   7.,  16.,  59.,   4.,   4.,   4.,  21., 271.,   3.],
        [319.,   3.,   5.,   3.,   0.,   4.,   1.,  15.,   0.,   0.],
        [312.,   2.,   6.,  12.,   1.,   2.,   6.,   7.,   6.,   2.],
        [ 11.,   1.,   2.,  22.,  13.,   3.,   2., 158.,   0.,  14.],
        [  3.,   6.,  13.,   7.,   6.,   7.,   2.,   4., 287.,   3.],
        [307.,   3.,  15.,   2.,   0.,   0.,  60.,   4.,   0.,   1.],
        [  2.,   8.,   2.,  10.,  62.,   6.,   1.,  12.,   1., 187.],
        [  1.,   8.,   2.,   7.,  16.,   2.,   2.,  22.,   7., 274.],
        [  1.,   0.,   6.,   6.,   1.,   1.,   0., 166.,   4., 184.],
        [ 72.,   2.,   5.,  21.,   1., 254.,   0.,   2.,   6.,   2.],
        [  1.,   3.,  10.,   4.,  14.,   1., 304.,   2.,   2.,  17.],
        [  0.,   3.,   5.,   9.,   8.,   2.,   0.,  10.,   6., 287.],
        [  1., 301.,  17.,  14.,   0.,   1.,   4.,   8.,   7.,  11.],
        [ 32.,  12.,  13.,   1.,  18.,  21.,   2.,  11., 157.,   2.],
        [311.,   3.,  13.,   8.,   2.,   1.,   6.,   8.,  66.,   7.],
        [  2.,   0.,   3.,   8.,   3.,   1.,   0., 270.,   1.,  23.],
        [  1.,   1.,   8.,   7.,  19.,   1.,   1.,  13.,   8., 286.],
        [  0.,   1.,   7.,   8.,  14.,   2.,   0.,  16.,  18., 294.],
        [ 62.,   2.,  25.,   9., 272.,   0.,   1.,   2.,   1.,  11.],
        [291.,   2.,   2.,  13.,   0.,  18.,   0.,  12.,   0.,   0.],
        [259.,   2.,  11.,   1.,  42.,   0.,  57.,  62.,   0.,   3.],
        [  1., 297.,  13.,  15.,   0.,   1.,   2.,  10.,   5.,  14.],
        [  6.,  14.,  17.,   3., 192.,  10.,   1.,   4.,   3.,   8.],
        [  6.,   2., 281.,  23.,   1.,   1.,   0.,  12.,   2.,   3.],
        [  1.,   7.,  20.,   9.,   5.,   0.,   2., 275.,  10.,  24.],
        [  4.,   4.,  19., 169.,   0.,   6.,   0.,   9.,   1.,   3.],
        [  3., 234.,  24.,   9.,   0.,   1.,   1.,   5.,  43.,   4.],
        [  0.,   1.,   5.,   6.,  10.,   1.,   1.,  12.,   9., 284.],
        [315.,   2.,   7.,   9.,   0.,   8.,   0.,   3.,   2.,   0.],
        [ 11.,   2.,   9.,   8.,  37.,  29.,   2.,   2., 296.,   8.],
        [  8.,   2., 258.,  45.,   2.,   1.,   1.,   6.,   5.,   5.],
        [ 91.,   0.,   8.,   5.,  36., 248.,   0.,  14.,   4.,   6.],
        [  2., 297.,  13.,  13.,   0.,   1.,   4.,   6.,   5.,  10.],
        [  5.,  15.,   5.,   5.,  14.,   5.,   9.,   2., 222.,   4.],
        [  3.,   0.,   4.,   9., 282.,   0.,  59.,  29.,  24.,  20.],
        [240.,   2.,  24.,  14.,  78.,   1.,   7.,   5.,  23.,   7.],
        [  4.,   5.,   5.,   3., 160.,   7.,   2.,  43.,   9.,  11.],
        [ 18.,   0., 306.,  11.,   0.,   0.,  15.,   0.,   3.,   0.],
        [  5.,   2.,  29., 292.,   0.,   1.,   0.,  10.,   4.,   3.],
        [  3.,   3.,   3.,   7.,  44.,  11.,   1.,  10.,  54., 259.],
        [  1.,   7.,   4.,   6., 253.,   3.,   6.,   8.,   3.,   5.],
        [  3.,   2.,   1.,   3., 256.,  13.,  29.,  32., 138.,  52.],
        [  9.,   0., 292.,  24.,   9.,   1.,   0.,   0.,   7.,   1.],
        [  0.,  15.,  11.,  13.,   7.,   2.,   0., 201.,   5.,  18.],
        [  7.,  22.,   6.,   2.,   2., 244.,   3.,   2.,   9.,   3.],
        [297.,   1.,  10.,   2.,   0.,   0.,   3.,   7.,   2.,   0.],
        [  3.,  70.,   6.,   8.,   2.,   4.,   3.,   7., 233.,  10.],
        [  3.,   5.,  16.,   8.,   1.,   2.,   0., 264.,   4.,  11.],
        [ 10.,   1.,  16.,   3.,  11.,   0., 288.,   2.,   0.,   4.],
        [ 43.,   2.,   8.,  42.,   2.,  29.,   1.,   6., 228.,   3.],
        [  9.,   6.,   8.,   6.,   8.,   8., 292.,   1.,  19.,  29.],
        [  3.,   4., 272.,   3.,   2.,  40.,  13.,   3., 111.,  39.],
        [  7.,   0.,  26., 117.,   1.,   0.,   0., 289.,   1.,   5.]],
       device='cuda:0')
Epoch 1 | Batch 100
tensor([[  1., 262.,   6.,   3.,   0.,   0.,   0.,   3.,   4.,   4.],
        [  1., 296.,   7.,   9.,   3.,   5.,  12.,  10.,   3.,  13.],
        [  4.,   7.,   3.,   4.,   8.,   8.,   0., 244.,   1.,  10.],
        [ 57.,   2.,   3.,   2., 271.,   2., 126.,   5.,  13.,  15.],
        [ 12.,   1.,   7.,  78.,   8.,   4.,   0.,   2., 265.,  10.],
        [  1., 295.,  14.,   5.,   2.,   3.,   4.,   5.,   4.,   8.],
        [  4.,   3.,   3.,   7.,   7.,   4.,   1., 300.,   0.,  62.],
        [ 12.,   3.,   6.,   1., 289.,   0.,   4.,  13.,   4.,  13.],
        [161.,   5.,  13.,   5.,  41.,  80.,  55.,  42.,   0.,  11.],
        [  2.,   5.,   3.,   5., 248.,   3.,  12.,   9.,   2.,  31.],
        [  3.,   1.,  28., 266.,   6.,   2.,   0.,   7.,  16.,   8.],
        [  2., 295.,   6.,  11.,   3.,   5.,   7.,  14.,   3.,  14.],
        [  7.,   4.,   5.,   4.,  41.,   0.,   3.,  13.,   5., 255.],
        [308.,   5.,   2.,  10.,   0.,   4.,   4.,   5.,  83.,  11.],
        [252.,   2.,   4.,   6.,   3., 106.,   5.,   1.,   0.,   1.],
        [  2.,   5.,   2.,  25.,  15.,   3.,   6.,  15.,   2., 296.],
        [294.,   3.,  29.,  23.,   3.,   2.,   5.,   5.,   1.,  28.],
        [302.,   4.,   9.,  24.,   0.,   3.,   4.,   5.,   0.,  10.],
        [  5.,   4.,   5.,   7.,  54.,   2.,   2., 278.,   1.,  29.],
        [315.,   3.,   5.,   4.,   0.,   3.,  22.,   4.,   0.,   3.],
        [  1., 257.,  50.,   2.,   0.,   1.,   1.,   4.,  22.,   5.],
        [  1., 263.,   4.,   9.,   1.,   4.,   7.,   5.,   2.,  11.],
        [ 23.,   7.,   3.,  13.,  58.,   1.,   3.,  12., 228., 148.],
        [306.,   2.,   2.,  18.,   3.,  24.,   4.,   0.,   3.,   5.],
        [  3.,  27.,  12.,   4.,   1.,   3.,   1., 224.,   8.,  20.],
        [  1., 286.,   9.,   9.,   4.,   2.,   2.,  23.,   2.,  10.],
        [ 10.,  17., 271.,   4.,   3.,   1.,  21.,   1.,   3.,   5.],
        [ 11.,   2.,   7.,   6.,  11.,   1.,   2.,  23.,   3., 290.],
        [ 15.,   2.,   7., 278.,   0.,   4.,   0.,  12.,   5.,   8.],
        [ 31.,   3.,   4.,   4.,  46., 246.,   2.,   7.,   2.,  13.],
        [305.,   4.,   5.,   5.,   1.,  12.,  10.,   2.,   1.,   6.],
        [  7.,   5.,   4.,  18.,  19.,   4.,   8.,   3., 256.,  19.],
        [  1., 282.,  13.,   6.,   3.,   1.,   2.,  11.,   2.,   6.],
        [  6.,   4.,   1.,   7.,  17.,   6.,   2., 285.,   1.,  20.],
        [ 12.,   3.,  13.,   1.,   9.,   0., 274.,   3.,   5.,   8.],
        [  4.,   7., 279.,  18.,   5.,   2.,   0.,   2.,  11.,   5.],
        [  9.,   5.,   5.,   3.,   8.,   5.,   0., 297.,   0.,  18.],
        [ 26.,   8.,   6.,   5., 283.,   0.,  14.,  50.,   1.,  21.],
        [  1.,   5.,   4.,  14., 277.,   1.,  33.,  23.,   1.,  36.],
        [  7.,   5., 298.,   8.,   2.,   1.,   0.,   0.,  53.,   1.],
        [  4.,   5.,   3.,   7.,  16.,  29.,   3.,  27.,   1., 216.],
        [ 99.,   2.,  18.,   7.,  16.,   1.,  63.,   1., 204.,   9.],
        [  7.,   0.,  26.,   7., 296.,   0.,   4.,   5.,   5.,  10.],
        [  5.,  11.,   7.,   7.,  58.,   3.,  16.,   2., 267.,  16.],
        [  2.,  10., 309.,   2.,   3.,   0.,  31.,   4.,   1.,   4.],
        [  0.,   9., 309.,   0.,   0.,   0.,  67.,   1.,   0.,   3.],
        [240.,   3.,   6.,  16.,   2.,   5.,   1.,  12.,   1.,  13.],
        [ 36.,   4.,   0.,   9.,  15.,  27.,   0., 281.,   1.,  13.],
        [ 53.,   8.,  11.,   5.,   2.,   2., 290.,   3.,   1.,   6.],
        [ 12.,   3.,   8.,  34.,  12.,  12.,   5.,   2., 240.,   7.],
        [  1., 279.,   6.,   7.,   2.,   5.,  11.,   5.,   2.,  11.],
        [  1., 295.,   9.,   8.,   3.,   4.,   7.,   8.,   3.,  10.],
        [313.,   6.,   3.,   6.,   2.,  11.,  16.,   3.,   0.,   6.],
        [ 11.,   3., 231.,  17.,   8.,   1.,   0.,   3.,   3.,   3.],
        [ 47.,   2.,   9., 114.,  77.,   5., 129.,  11.,   0.,   3.],
        [ 10.,  25.,  55.,  15.,   0.,   4.,   1.,  21.,   0.,   9.],
        [ 34.,   6., 207.,  75.,   7.,   3.,   4.,  16.,   7.,  83.],
        [  0.,   8., 236.,  35.,   7.,   2.,   0.,  17.,   2.,  15.],
        [  0.,   4.,   1.,  34.,  18.,   8.,   6.,  18.,   3., 206.],
        [ 49.,   2.,   1.,   6.,  28.,   5.,   0., 277.,   0.,  19.],
        [116.,   4.,  38.,   4.,   0.,  12.,   2.,   6.,   4.,   9.],
        [  6.,  11.,  14.,   1.,   3.,   5., 280.,   2.,   2.,  10.],
        [  2., 299.,   9.,  12.,   3.,   6.,   9.,  10.,   3.,   9.],
        [  3.,  12.,   7.,   4.,   2.,   2.,   4.,  11.,   8., 188.]],
       device='cuda:0')
Epoch 1 | Batch 200
tensor([[ 15.,   5.,   6., 307.,   0.,   2.,   0.,   5.,   5.,   5.],
        [313.,   2.,  10.,   2.,   1.,  14.,   0.,   0.,   0.,   4.],
        [  2.,   7.,   5.,   8.,   2.,   7.,   0., 153.,  10., 255.],
        [291.,   4.,   9.,   7.,   1.,   7.,   0.,   0.,   3.,   7.],
        [  3.,  18.,   6.,   3.,   9.,   9.,   0.,   1., 247.,   7.],
        [  0.,   8.,  87.,   1.,  44.,   2.,  42.,   1.,   1.,  14.],
        [  0., 273.,  16.,   7.,   1.,   1.,   0.,   1.,   5.,   2.],
        [  0.,  11.,   5., 159.,   4.,   1.,   0.,  32.,   3.,  12.],
        [ 48.,   4.,  11.,   0.,   4.,   0., 303.,   0.,   1.,   5.],
        [  0., 288.,  16.,  17.,   2.,   1.,   0.,   4.,   7.,   3.],
        [  1.,   1.,   6.,   3.,  76.,   7.,   0.,  21.,  15., 276.],
        [  2.,   3.,  27., 296.,   3.,   3.,   0.,   0.,   8.,   5.],
        [ 14.,  13.,   8.,   0.,  12.,   1., 296.,   0.,   1.,  11.],
        [269.,   3.,  36.,   6.,   2.,   6.,   0.,   1.,   7.,   0.],
        [  1., 280.,  10.,  19.,   2.,   5.,   0.,   3.,   5.,   3.],
        [  0., 292.,   6.,  16.,   3.,   6.,   1.,   7.,  11.,   6.],
        [  0.,  15.,   2.,   8.,   7.,   8.,   0.,  52.,  12., 269.],
        [  4.,   7.,   5.,   0., 205.,  20.,   5.,   2.,  47.,  15.],
        [  3.,   3.,  14.,   1., 290.,   5.,  12.,   0.,   5.,  43.],
        [  1.,  31.,   3., 293.,   1.,  10.,   0.,   5.,   8.,  12.],
        [315.,   4.,  85.,   2.,   0.,   2.,  12.,   0.,   0.,   3.],
        [ 32.,  15.,  12.,  23.,   7.,  16.,   1.,   4.,  11.,   6.],
        [  1.,   3.,  11.,   0., 291.,   7.,   3.,  12.,   6., 114.],
        [ 12.,   1.,  33.,   0.,  19.,   3., 299.,   0.,   2.,   6.],
        [ 23.,   3.,  10.,   9.,   1.,   3., 294.,   1.,  15.,   4.],
        [  0.,   8.,  13.,   4.,   3.,   1.,   0., 306.,   4.,  11.],
        [  0.,   8.,  12.,   2.,   3.,   3.,   0., 311.,   3.,  23.],
        [  2.,  19.,   9., 299.,   2.,   4.,   0.,   0.,   3.,   5.],
        [  3.,   7.,  30.,  13.,  40.,   4.,   0.,   0., 262.,   6.],
        [  2.,  18.,   6.,  10.,   6.,   6.,   0.,   2., 282.,   6.],
        [ 15.,   0.,   1.,  36.,  22., 271.,   0.,   0.,   3.,  40.],
        [ 29.,   4., 265.,   0.,   6.,   0.,   0.,   1.,   1.,  14.],
        [  6.,   6., 156., 290.,   0.,   0.,   1.,   0.,   1.,   1.],
        [  0.,   3.,  14.,   8.,   6.,   5.,   0., 303.,   5.,  40.],
        [ 42.,   3.,  12.,   0.,   1.,   1., 290.,   0.,   0.,   3.],
        [  3.,  16.,  11., 298.,   0.,   7.,  60.,   0.,   6.,   7.],
        [  1.,  10.,   2.,  24.,   3.,   5., 262.,   0.,  25.,   5.],
        [  5.,  16.,  19., 297.,   0.,  12.,   0.,   0.,  17.,   7.],
        [  3.,   6., 177.,   4.,   3.,   5.,   0.,  56.,   8.,   9.],
        [  4.,   6.,  11.,   1.,  19.,  31.,   1.,   0., 168.,  16.],
        [315.,   3.,   2., 115.,   0.,   7.,   0.,   0.,   0.,   5.],
        [  3.,   7.,   6.,   2.,   2.,  47.,   0., 292.,   7.,  19.],
        [ 12.,  37.,  10.,   5.,   0., 214.,   0.,   2.,   2.,   5.],
        [  2.,   3.,   6.,   4.,  38.,   5.,   0.,   7.,   4., 271.],
        [  2.,   6.,   6.,   2.,   3.,   2.,   0., 307.,   2.,  15.],
        [  4.,   6.,  10.,   1.,   2.,   7.,   0., 268.,   5.,  12.],
        [  2.,   3.,   4.,   1.,  19.,   8.,   0., 288.,   1.,  54.],
        [  4.,   2.,   5.,   3.,  34.,   4.,   0.,  10.,   3., 276.],
        [ 32.,   4.,   8.,  11.,   0., 222.,   0.,   0.,   5.,   2.],
        [  1., 298.,   5.,  13.,   1.,   1.,   0.,   4.,   6.,   9.],
        [  1., 295.,   7.,  14.,   1.,   2.,   0.,   4.,   7.,   5.],
        [  1.,  15.,  74.,   4.,   1.,   2.,   0., 297.,   4.,  20.],
        [  4.,   3.,   4.,  14.,   1., 222.,  55.,   0.,  71.,   6.],
        [ 82.,   2.,  52., 291.,   0.,   2.,   0.,   6.,   5.,   7.],
        [  2.,   7.,  15.,   3.,   6.,   4.,   0.,   1., 268.,   6.],
        [  2.,   4.,  10., 288.,   1.,   7.,   0.,   1.,   5.,   8.],
        [  8.,  12.,  24., 278.,   0.,   2.,   0.,   0.,   1.,   2.],
        [ 14.,   2.,   4.,   0.,  19., 287.,   0.,   2.,  14.,   5.],
        [  0., 303.,   5.,  15.,   1.,   2.,   1.,   3.,   8.,   9.],
        [  2.,  26.,  16.,  12.,   2.,   1.,   0.,   2., 263.,   9.],
        [306.,   4.,   5.,   5.,   0.,   6.,  20.,   4.,   6.,  13.],
        [ 13.,   3.,  17.,   0.,   9.,   0., 307.,   0.,   1.,   3.],
        [ 10.,   8.,   3.,   0.,   3.,   3., 261.,   1.,   3.,   7.],
        [  1.,  10.,  30.,   5.,   0.,   1.,   0., 311.,   4.,  13.]],
       device='cuda:0')
Epoch 1 | Batch 300
tensor([[299.,   4.,   3.,   4.,   2.,  34.,   5.,   2.,   2.,   6.],
        [ 62.,   4., 298.,   2.,   6.,   0.,  25.,   5.,   9.,   5.],
        [  4.,   2.,  92.,   0.,  72.,   0., 298.,   0.,   0.,   7.],
        [  0.,  29.,  17.,  12.,   4.,   0.,   0., 249.,   6.,  19.],
        [  0., 267.,  13.,  11.,   1.,   2.,   7.,   3.,  54.,   7.],
        [  0.,   5.,   8.,   4.,   3.,   6., 312.,   0.,   2.,   8.],
        [166.,   5.,   2.,  13.,   0.,   5.,   0.,   6.,   5.,  14.],
        [  0.,  11.,   2.,  18.,   4.,  52.,   6.,   2., 279.,  15.],
        [  0.,   7.,   1.,   5.,  11.,   0.,   4.,  19.,   7., 297.],
        [  3.,  20.,   8., 300.,   4.,  32.,   3.,   2.,  12.,   6.],
        [  0.,  20.,  13.,   3.,   9.,  28.,   4.,   2., 260.,   6.],
        [ 32.,   3.,   6.,  17.,  14.,   0.,   0., 308.,  11.,  18.],
        [  0.,   3.,   5.,  19.,  13.,   3.,  88.,   1., 215.,   9.],
        [  7.,   1.,   1.,  19.,  16., 251.,   2.,   4.,   7., 112.],
        [  0.,  20.,   7.,   2.,   1.,   3., 289.,   0.,  21.,   7.],
        [  0.,   7.,  11.,   4.,   4.,   6., 306.,   2.,   2.,  11.],
        [  0.,   3.,   4.,   8.,  13.,   1.,   0., 302.,   3.,  34.],
        [  3.,   4.,  27.,   2.,   4.,   6., 317.,   0.,   0.,   6.],
        [  0., 266.,   6.,   8.,   1.,   1.,   3.,  14.,   4.,  11.],
        [ 14.,   0.,   5.,  59.,   7., 262.,   6.,   0.,   6.,  10.],
        [  0., 268.,  12.,  10.,   1.,   0.,   3.,   3.,   8.,   6.],
        [  2.,  13.,  70., 283.,   6.,  13.,   1.,   9.,  25.,   7.],
        [ 25.,   1.,   7.,  13.,   1., 191.,   1.,  19.,   4.,   8.],
        [  0.,   9.,  17.,   1.,   4.,   0., 309.,   1.,   5.,   7.],
        [  1.,   6., 281.,   6.,   2.,   2.,   7.,   4.,  63.,   5.],
        [  0.,  16.,  52.,   4.,   9.,   5.,  31.,   3., 270.,   5.],
        [301.,   7.,   6.,   2.,   2.,  23.,   3.,   5.,   1.,   9.],
        [  0.,   9.,  12.,   5.,   6.,  16., 310.,   0.,   4.,  11.],
        [278.,   1.,   0.,   4.,   2.,  13.,   1.,   3.,   6.,   6.],
        [  0., 282.,  29.,  10.,   2.,   2.,   9.,   8.,  12.,   9.],
        [  0.,   5.,   2.,   3.,  10.,   1.,   1., 262.,   5.,  22.],
        [  0.,   4.,   1.,   2.,   8.,   2.,   0., 300.,   3.,  27.],
        [  3.,   7.,  98.,   9.,   9.,   3.,   2.,  28.,   8.,  21.],
        [  0.,  11.,  17.,   2.,   2.,   2., 292.,   1.,   5.,   7.],
        [  0.,  18.,   9., 268.,   8.,  23.,   1.,  13.,  13.,   9.],
        [  1.,   3.,   3.,  21.,   2.,   1.,   4.,   4.,  18., 189.],
        [  0., 251.,   3.,   6.,   0.,   2.,   5.,   1.,   2.,   9.],
        [  3.,   8.,   8., 254.,   1.,  46.,  58.,   2.,   2.,   3.],
        [  2.,   2.,  13.,   4.,   2.,   6., 309.,   0.,   2.,   7.],
        [  3.,   7., 307.,   5.,   8.,   0.,  18.,   1.,   2.,   7.],
        [  2.,  19.,   8., 283.,   3.,  35.,   3.,   3.,   9.,   5.],
        [  0.,   6.,   3.,   5.,  18.,   0.,   2., 308.,   4.,  47.],
        [  1.,   5.,   1.,   2.,  14.,   0.,   2., 293.,   3.,  49.],
        [  1.,   6.,   3.,   3.,  10.,   0.,   2., 303.,   8.,  15.],
        [ 10.,   6.,  28.,   5.,  12.,   0., 109.,   3.,   0.,   6.],
        [  0.,  13.,   6., 290.,   4.,  11.,   8.,  16.,  11.,  87.],
        [  0., 275.,  19.,   7.,   1.,   2.,   4.,   4.,   8.,   8.],
        [ 23.,   1.,  14.,  80.,   4., 279.,   6.,   0.,   8.,   4.],
        [297.,   2.,   1.,  25.,   5.,   4.,   0.,   4.,   9.,   9.],
        [303.,   2.,   0.,  86.,   0.,  25.,   0.,  15.,   3.,   4.],
        [  0.,   1.,  34.,   2.,  27.,   0., 314.,   0.,   2.,   5.],
        [  0.,  16.,   7.,   2.,   1.,   3., 277.,   0.,  17.,   7.],
        [  0., 284.,  32.,  19.,   2.,   2.,  11.,   9.,  37.,  12.],
        [  3.,   3.,   2.,   1., 208.,   4.,  17.,   6.,   4.,  30.],
        [  5.,   1.,  18.,  33.,  10., 262.,   6.,   0.,   6.,   2.],
        [306.,   0.,   2.,  12.,   5.,   4.,   2.,   4.,   5.,   7.],
        [  0.,   4.,   1.,   6.,  41.,   1.,   0., 276.,   4.,  18.],
        [  1.,  15.,  74., 271.,  15.,   3.,   1.,   4.,  89.,   5.],
        [  2.,   9.,   4.,   9.,   6., 280.,   7.,   0.,  28.,   9.],
        [  8.,  15.,   8., 292.,   7.,  12.,   2.,   5., 135.,  11.],
        [  4.,   4.,   5.,   7.,   5., 270.,  13.,   5.,   4.,   7.],
        [  0.,   0.,   6.,  20., 290.,   2.,   4.,   3.,   4.,  22.],
        [  4.,  16., 292.,   7.,   4.,   3.,  81.,   6.,   3.,   6.],
        [ 15.,   7.,   7.,  82.,   3.,   0.,   6.,  15.,   1.,  11.]],
       device='cuda:0')
Epoch 1 | Batch 400
tensor([[  0.,  26., 205.,   7.,   8.,   0.,  20.,  72.,   8.,   6.],
        [  1., 275.,   1.,   6.,   1.,   0.,   4.,   2.,  13.,   4.],
        [ 13.,   5.,  16., 289.,   1.,   1.,   0.,   2.,   8.,   4.],
        [  0.,   1.,   3.,  25.,  20.,   0.,   3.,  27.,   7., 161.],
        [  1.,   0.,   0.,   2., 297.,  33.,  10.,   4.,  19.,  54.],
        [  6.,   4.,   0.,   9.,  14.,   2.,  15.,  33.,   9., 229.],
        [  2.,   4.,  34., 280.,   6.,   3.,   3.,   2.,   6.,   9.],
        [ 38.,   4.,  33.,   6.,  11.,   0.,   1., 316.,  14.,  20.],
        [294.,   0.,   2.,  12.,   1.,   0.,   0.,   1.,   8.,   3.],
        [  3., 264., 135.,  70.,   1.,   0.,  16.,   2.,   9.,   4.],
        [ 21.,   1.,   1.,  89.,   2., 268.,  13.,   5.,  15.,   5.],
        [  2.,   1.,   1.,  26.,  94.,   5.,   2.,  20., 234.,  26.],
        [208.,   1.,   0.,   3.,   4.,   0.,   2., 296.,   4.,   9.],
        [  0.,  11., 250.,   5.,   6.,   2.,  11.,   0.,   9.,  25.],
        [  1.,   1.,   0.,   7.,  27.,   1.,   3., 294.,  11.,  39.],
        [ 10.,   6., 277.,  13.,   0.,   0.,   1.,   6.,  19.,  12.],
        [  8.,  29., 286.,  22.,   1.,   0.,  16.,   0.,  14.,   3.],
        [ 10.,   2., 284.,   4.,   3.,   0.,   9.,   3.,  20.,  73.],
        [  4.,   6.,   3.,  30.,  65.,   0.,   4., 232.,  10.,  31.],
        [  0.,   0.,   1., 101.,   2., 201.,   1.,   1.,  55.,  13.],
        [  1.,  14.,   6.,   6.,   3.,   0.,   2.,  66.,   9.,  17.],
        [  3.,   0., 299.,   2.,   2.,   0.,  31.,   3.,  20.,   7.],
        [ 17.,   3., 274.,  11.,  14.,  24.,   4.,   1.,   8.,   3.],
        [  1.,   1.,   0., 143.,  23.,   4.,   1.,  33.,  15., 283.],
        [ 19.,   1.,   0., 306.,   0.,  10.,   0.,   7.,  13.,   5.],
        [  1.,   6.,  10., 242.,   5.,   0.,   4.,   1.,   9.,  17.],
        [  6.,   3.,   0.,   1.,  22.,   0.,   8.,  15.,  13., 281.],
        [ 12.,   2.,   0.,  22.,  15., 254.,   6.,   8.,  10.,  23.],
        [  9.,   4.,   3.,   4.,   2.,   6.,  22.,   8., 294.,  24.],
        [ 43.,  20., 272.,  27.,   0.,   0.,   0.,   1.,  27.,   2.],
        [  6.,  15.,  12.,   5.,   4.,   6., 287.,   7.,  11.,  12.],
        [  3.,   4.,   1., 305.,   4.,   5.,   0.,   0.,  11.,   5.],
        [  1.,   0.,   0.,   3., 280.,   7.,   8.,  11.,  18.,  50.],
        [ 10.,   0.,   3.,   4., 149.,   0.,   6.,   4.,  17.,  10.],
        [311.,   1.,   0.,  16.,   2.,  76.,   1.,   7.,   4.,   2.],
        [  3.,   2.,   0.,   1.,  36.,   2.,   8.,  20.,  15., 299.],
        [  1.,   0.,   2.,  42.,   5.,   0.,   0., 276.,   3.,   6.],
        [  2.,  11.,   3., 302.,   2.,   4.,   4.,   2.,   8.,   5.],
        [ 29.,   2.,   0.,   2.,  21.,   0.,   2., 298.,  10.,  21.],
        [  4.,   8.,   2.,   7.,   2.,   0.,  32.,   9., 270.,  20.],
        [  1.,   1.,  14.,   7.,   9.,   2., 104.,   2., 238.,   5.],
        [  4.,  11.,  13.,  32.,   4.,   0.,   7.,   5.,   7.,  16.],
        [  2.,   5.,   0.,  14.,  15.,   2.,  12.,  11.,   9., 281.],
        [  1.,  14.,   1.,   4., 262.,   5.,  10.,  12.,  16.,   9.],
        [  3.,   5.,   9.,   4.,  10.,   8., 299.,   7.,  22.,  14.],
        [  5.,   1.,  28., 300.,   1.,   2.,   0.,   3.,  11.,   0.],
        [  3., 289.,   0.,  20.,  11.,   0.,  24.,   3.,  14.,   7.],
        [  0., 228.,  10.,   4.,   3.,   0.,   3.,   2.,  10.,   2.],
        [  0.,   4.,   0.,   3., 294.,   5.,  11.,   6.,  13.,  20.],
        [  1.,   1.,   2.,   3.,   5.,   1., 265.,   1.,   9.,   6.],
        [  1.,   1.,   0.,   4.,  54.,   0.,   3.,  61.,  67., 281.],
        [ 14.,   3.,   2.,  18.,  16.,   0.,   2., 314.,   9.,  11.],
        [  1.,   2.,   0.,   1., 287.,   1.,  52.,  23.,  20.,  30.],
        [  3.,   3.,   5.,   3.,   6.,   3., 284.,   2.,  17.,  15.],
        [ 24.,  10.,   9.,   7.,   3., 262.,  11.,   6.,  10.,   5.],
        [ 29.,   4.,   6.,   4.,   4.,   8., 251.,   8.,   4.,   9.],
        [  1.,   0.,   0.,   2., 231.,   2.,   9.,   2.,  32.,  16.],
        [  9.,  15.,   0.,   4., 275.,   0.,  25.,  23.,  13.,  21.],
        [  1.,  13.,   6.,  16.,  17.,   0.,   4.,  90.,  13.,  27.],
        [  7.,   7.,  18., 279.,   0.,   0.,  64.,   3.,   6.,   5.],
        [  2.,  19.,   8.,   4.,   7.,   0.,   3., 279.,  10.,  10.],
        [ 15.,  13.,   2.,  34.,   5., 284.,   2.,   8.,  10.,   4.],
        [  1.,   2.,   0.,   2.,  12.,   1.,   4.,  14.,   9., 281.],
        [ 15.,   3.,   0.,   2.,   2.,  26., 220.,   5.,  17.,   7.]],
       device='cuda:0')
Epoch 1 | Batch 500
tensor([[  0., 267.,   4.,  17.,   1.,   3.,  20.,   6.,  55.,   1.],
        [  3.,   4.,   0.,   1.,   3.,   2., 319.,   0.,   2.,  98.],
        [ 16.,   6.,   1.,   1.,   2.,   1., 301.,   1.,  11.,  10.],
        [  8.,   3.,   0.,  36.,   0., 190.,  14.,   4.,  14.,   3.],
        [ 24.,  12.,   2.,   0.,   0.,   9., 163.,   1.,  94.,   1.],
        [  1.,   8.,   2.,   3., 268.,  11.,  19.,  23.,   7.,  13.],
        [  0.,  12., 269.,  12.,   5.,   9.,  50.,  15.,   3.,   2.],
        [  1.,   7.,   0.,  22.,   9.,  49.,  25.,   4., 184.,  21.],
        [  1.,  12.,   6.,   4.,   0.,   3.,   7., 300.,   5.,  10.],
        [  2.,  68., 254.,  12.,   0.,   6.,  14.,  19.,   6.,   6.],
        [  1.,   8.,   0., 287.,   1.,   8.,   6.,   1.,  32.,   7.],
        [ 13.,   4.,   1.,   7.,   0., 282., 156.,   3.,   1.,   7.],
        [  7.,   2.,   0.,   5.,   1., 290.,  13.,   2.,  12.,  11.],
        [  4.,  13.,   8.,   4.,   3.,  48., 288.,   5.,   4.,   3.],
        [132.,   3.,   3.,   5.,   1.,   2.,  13.,   5.,   7.,  15.],
        [ 14.,   4.,   0.,   5.,   0.,   7., 164.,   2.,   2.,   6.],
        [  0.,  13., 285.,  10.,   0.,   0.,   8.,   2.,  78.,  19.],
        [  1.,   8.,   1.,   1.,   5.,   6.,  22.,   9.,  14., 281.],
        [  5.,   6.,   1.,   0.,   6.,   2., 292.,   1.,   2.,   5.],
        [ 11.,   2.,   3.,   5.,   0., 290.,  22.,   3.,   2.,   4.],
        [  0., 287.,  19.,  10.,   0.,   1.,  12.,  10.,  13.,   3.],
        [ 12.,   4.,   2.,  34.,   0., 283.,  25.,   6.,   3.,   4.],
        [ 11.,   4.,   1.,  14.,   1., 245.,  61.,   3.,   2.,  14.],
        [  1.,   2.,   6.,  16.,   2., 257.,  15.,   1.,   5.,   5.],
        [  6.,  15.,   3.,   2.,   3.,   3.,   8., 295.,   8.,   9.],
        [  5.,   8.,   7.,   1.,   5.,   2.,  38.,   3., 273.,  15.],
        [  2.,   4.,   0.,   2.,  16.,   0.,  12.,  39.,   3., 293.],
        [  1.,   5.,  41.,   7.,   1.,   5.,  45.,   2., 277.,  13.],
        [  2.,   1.,   0.,  10., 285.,   0.,  13.,  13.,   1.,  34.],
        [102.,   8.,   4.,  22.,   1.,   4.,  26.,   4.,  12.,  10.],
        [ 11.,   8.,   2.,   6.,   1.,  23., 293.,   1.,   3.,   5.],
        [  9.,   5.,   0.,   0.,   2.,   2., 312.,   0.,   2.,  15.],
        [  0.,   4.,   0., 305.,   1.,   8.,   5.,   3.,   5.,   6.],
        [305.,   2.,   0.,   0.,   0.,   3.,  13.,   2.,   2.,   0.],
        [  0.,  16.,   6.,   2.,   1.,   2., 250.,   2.,   8.,   4.],
        [ 21.,   6.,  12., 288.,   0.,   2.,   4.,   2.,   0.,   0.],
        [ 37.,   3.,   1.,  10.,   2.,   2.,  65.,   1., 223.,  11.],
        [  0.,   6.,   2.,   0.,  19.,   0.,  11.,  10.,   7., 286.],
        [ 22.,   4.,   0.,  10.,   1.,   2., 285.,   4.,   3.,   7.],
        [  8.,   3.,   2.,   2.,   5.,   2.,  29.,   6.,   9., 270.],
        [  0.,   7.,   0.,   5.,  11.,   5.,  16.,   3.,   5., 289.],
        [  0.,  11.,   2.,   3.,  11.,   1.,  12.,   9.,   5., 302.],
        [  1.,   3.,   8.,  27.,  21.,   3.,  16.,   3., 285.,   5.],
        [  0., 283.,  13.,  19.,   0.,   2.,  16.,   6.,  25.,   6.],
        [  0.,   8.,   1.,   1.,   6.,   0.,  10.,  15.,   5., 286.],
        [  0.,   7.,   3.,   2.,  71.,  16.,  46.,   2., 240.,  12.],
        [  1.,  14.,  10.,   4.,   0.,   2.,   6., 310.,   8.,  12.],
        [  0.,   8.,   1.,   6., 239.,  14.,  20.,   6.,   8.,  25.],
        [ 28.,   2.,   0.,   2.,   0.,   1., 309.,   2.,   2.,  46.],
        [  0.,   7.,   6.,  33.,   3.,   0.,   3., 311.,   1.,  29.],
        [  0.,  35.,   6.,   5.,   0.,   2.,   9., 267.,   9.,   9.],
        [  2.,   4.,   0.,   4., 266.,   3.,  27.,   6.,   8.,  20.],
        [  0.,  16., 127., 112.,   1.,   0.,  11.,   2.,  19.,   4.],
        [ 22.,   3.,   1.,   0.,   2.,   2., 304.,   0.,   1.,   4.],
        [  1.,  10.,   1., 272.,   0.,   9.,   8.,   1.,   6.,   3.],
        [  0.,   9., 247.,   4.,   5.,   2.,  12.,   3.,  15.,  11.],
        [200.,   2.,   0.,   1.,   0.,  44.,  18.,   4.,  73.,  22.],
        [ 51.,   3.,   3.,   0.,   0.,   1., 298.,   0.,   0.,   3.],
        [  1.,   1.,   0.,   4., 248.,   0.,   9.,  14.,   1.,  14.],
        [  0., 271.,   5.,   9.,   0.,   1.,  11.,   8.,   8.,   4.],
        [  1.,  12.,   2.,   3.,  14.,   7.,  12.,  12.,  13., 192.],
        [  1.,   2.,   0.,   4., 269.,   0.,  11.,   8.,   3.,  10.],
        [  0.,  10.,   4.,   4.,   2.,   2.,   5., 300.,   3.,  12.],
        [ 11.,   9., 271.,  19.,   0.,   2.,   6., 118.,  32.,   5.]],
       device='cuda:0')
Epoch 1 | Batch 600
tensor([[ 14.,   6.,   7., 299.,   4.,  40.,   0.,   1.,   6.,   0.],
        [302.,   9.,  10.,   3.,   6.,  18.,   2.,  11.,   1.,   1.],
        [ 19.,   4.,  18.,   7.,   7., 263.,   6.,   0.,   4.,   3.],
        [  1., 283.,  22.,   8.,   4.,   2.,   1.,   8.,  17.,   2.],
        [  3.,   2., 286.,   9.,   1.,   1.,  17.,   3.,   1.,   1.],
        [ 21.,   4.,   2.,   5.,  48.,   7.,   3.,   9.,   2., 284.],
        [  4.,   7.,   2.,   9.,   9.,  42.,   0.,  28., 129., 253.],
        [  7.,   5.,  22.,  38.,  11.,  19.,   0.,   1., 271.,  83.],
        [  3.,  15.,  10.,   5.,  11.,   7.,   8.,   5., 254.,   3.],
        [312.,   2.,  12.,  11.,   6.,  36.,   0.,   0.,   0.,   1.],
        [  5.,  14.,   9., 126.,  11.,   7.,   0.,   5., 275.,   7.],
        [  3.,   4.,   3.,   3.,   3.,   0.,   0., 273.,   2.,   3.],
        [ 13.,  28.,   5., 304.,   2.,  19.,   0.,   4.,   2.,   0.],
        [ 84.,   4.,   1.,   2.,  13.,  12.,   0., 298.,   1.,  24.],
        [  2., 227.,  24.,  12.,   7.,   2.,   0.,   7.,  27.,   2.],
        [  8.,   3., 287.,   5.,   4.,   1.,  42.,   1.,   2.,   0.],
        [  3., 254.,  27.,  15.,   5.,   3.,   0.,   3.,  25.,   2.],
        [  1.,   3.,   6.,  42., 280.,   2.,   0.,   3.,   0.,  19.],
        [  2.,   4.,   3.,   7.,  46.,   2.,   2.,  13.,   7., 277.],
        [  4.,  18.,   8., 245.,   4.,   5.,   0.,   4.,   5.,   0.],
        [  5.,  22.,   9.,  41.,  10.,   5.,   3.,  48., 210.,  17.],
        [  7.,   5.,   3.,  11.,   5., 285.,  15.,   0.,  51.,   2.],
        [  3.,   3.,   5.,   8.,  27.,   1.,   1.,  16.,   3., 274.],
        [  1.,   6.,   7.,   8.,   8., 227.,   2.,   4.,   4.,   3.],
        [ 11.,  15.,  13.,   8.,  18.,   2.,   5.,   7., 255.,  10.],
        [  6.,   9.,   8.,   6.,  18.,   1.,   2.,  71., 244.,  85.],
        [ 53.,   4.,   2.,   7.,   3.,   7.,   0., 304.,   3.,   6.],
        [242.,   7.,   9.,   5.,   0.,   2.,   5.,   1.,   2.,   2.],
        [  9.,   4.,   6.,   4.,  79.,   0.,   3.,  12.,   4., 158.],
        [  6.,   5.,   2.,  31.,  10., 291.,   0.,   0.,   2.,   8.],
        [312.,   2.,  14.,   8.,   5.,  96.,   0.,   0.,   0.,   2.],
        [ 65.,   2.,   5.,  12.,   0.,   1.,   0., 312.,   2.,   7.],
        [ 51.,   5.,   1., 259.,   6.,  41.,  97.,  14.,   1.,   2.],
        [  1., 289.,  20.,   8.,   4.,   2.,   1.,  11.,  12.,   3.],
        [  8.,   7.,  21.,   9.,   8.,   1., 271.,   1.,   2.,   1.],
        [  3.,  15.,   9.,  10.,  31.,   5.,   1.,  11., 243.,   5.],
        [  5.,  10.,  12.,  10.,   5.,   0.,   0., 285.,   3.,   9.],
        [  9.,   7.,   9., 284.,   8.,  21.,   0.,   2.,   5.,   1.],
        [ 13.,   3., 307.,   4.,  13.,   0.,   3.,   1.,   6.,   1.],
        [  0.,   1., 286.,  11.,   5.,   0.,   7.,   2.,   3.,   5.],
        [ 23.,  11., 198.,   4.,   4.,   5.,   1.,   3.,  13.,  22.],
        [  9.,   3.,   4.,  10.,  16., 244.,   1.,   7.,   4.,  16.],
        [  1., 291.,  11.,   8.,   3.,   2.,   3.,   7.,   8.,   6.],
        [  6.,   9.,   6., 273.,   3.,  14.,   0.,   2.,   2.,   0.],
        [298.,   3.,  15.,   7.,   7.,  29.,   3.,   0.,   1.,   3.],
        [  5.,   9.,  17., 297.,   7.,  20.,   0.,   6.,   1.,   0.],
        [282.,   3.,  18.,   5.,  15.,  19.,  10.,   3.,   1.,   5.],
        [  7.,   3.,   9.,   2., 283.,   1.,   2.,   5.,   4.,   3.],
        [  8.,   2.,   5.,  21.,   3.,   0.,   0., 319.,   3.,  11.],
        [  1.,   4.,  10.,  16.,  10.,   1.,   1., 176.,   2.,  15.],
        [ 12.,   5.,  10.,  10.,   5.,  11., 263.,   0.,   4.,   2.],
        [  6.,   4.,  11.,   2.,  10.,   4., 291.,   0.,   3.,   6.],
        [  1., 266.,   9.,  14.,   6.,   1.,   3.,  10.,   4.,   9.],
        [  2.,   3.,  14.,  11.,  35.,   3.,   0.,  17.,   2., 281.],
        [  4.,  22., 288.,   7.,   4.,   4.,   0.,   3.,  13.,  14.],
        [  5.,   4.,   8.,   4., 261.,   2.,   3.,  28.,  53.,  80.],
        [308.,   2.,   5.,   8.,   3.,  31.,   0.,   1.,   4.,   2.],
        [ 10.,  10.,  20.,   3.,  38.,  22., 231.,   0.,   2.,   2.],
        [  8.,   2.,   4.,  16.,   9., 225.,   0.,  11.,  12.,   9.],
        [ 23.,   4.,   4.,   2.,  14., 279.,   0.,   0.,   5.,   5.],
        [  4.,   8.,   5.,  10.,  10.,   2.,   1., 291.,  14.,  10.],
        [  9.,   5.,  28.,  35.,  11.,  18.,   1.,   0., 264.,   2.],
        [276.,   2.,   6.,   7.,   4.,  22.,   4.,   0.,   4.,   2.],
        [  4.,   5.,  42., 268.,   3.,   1.,   0.,   2.,   5.,   0.]],
       device='cuda:0')
Epoch 1 | Batch 700
tensor([[ 28.,   2.,   7.,   1., 243.,  11.,  27.,  10.,   5.,  14.],
        [  2.,  78.,  36.,   2.,   0.,   3.,  29.,   2., 168.,  12.],
        [  0., 297.,   5.,  10.,   0.,   4.,  29.,   2.,   8.,   9.],
        [  0.,  11.,   4., 290.,   3.,   7.,   2.,  28.,   4.,   9.],
        [288.,   5.,  30.,   3.,   7.,   9.,  51.,   9.,   6.,  21.],
        [ 14.,   3.,  14.,   0.,  10.,  36.,  49.,   0., 255.,  12.],
        [  9.,   3.,  35.,   2.,  28.,  16.,  15.,   4., 204.,  57.],
        [  0.,   4.,   8.,   2.,  12.,  10.,   4.,   2.,  77., 291.],
        [  2.,   6.,  12., 262.,   3.,  11.,   1.,  12.,   7.,  22.],
        [  1.,   3.,  11.,   9.,   3.,  10.,   2., 313.,   3.,  21.],
        [  0.,   6.,  40.,   0.,   0.,   7.,   1., 306.,   9.,  23.],
        [  3.,   4.,  10.,   0.,   0.,  14.,   1., 273.,   3.,   2.],
        [  2.,   5.,   8.,   0.,  23.,   2.,  23.,  12.,   8., 298.],
        [  0.,  16.,   4.,   6., 196.,   3.,  12.,  18.,  14.,   8.],
        [  4.,   6., 295.,   6.,   0.,   2.,   5.,   0.,  33.,   8.],
        [ 86.,   5.,  17.,   0.,   1., 251.,   2.,   4.,  14.,   1.],
        [  2.,   1., 204.,   1.,   1.,   9.,  67.,   1.,   2.,   1.],
        [  9.,   1.,  11.,  22.,  24.,  58.,   4.,   0., 269.,   4.],
        [  0.,   6.,  31.,   0., 254.,   6.,  17.,   0.,  17.,   2.],
        [  5.,   8.,  15.,   5.,   6.,   7., 295.,   2.,  10.,   9.],
        [  1.,  25.,   3., 293.,   2.,   6.,   1.,   1.,   7.,   9.],
        [ 15.,   9., 252.,   2.,   2.,   8.,  23.,   1.,  17.,   8.],
        [  0., 290.,  25.,   5.,   0.,   1.,   6.,   3.,  16.,  10.],
        [  4.,  24.,  17.,  12.,   1.,  11.,  20.,   1., 111.,   3.],
        [  2.,  15.,  14.,   4.,   4.,  10.,   3.,  14., 226.,  16.],
        [ 24.,   4.,  28.,   0.,   9.,   3., 296.,   7.,   1.,   8.],
        [ 10.,   4.,  34.,  14.,   8.,   2., 281.,   0.,   3.,   0.],
        [  1.,  16., 268.,   3.,   0.,   5.,  14.,  10.,  11.,   5.],
        [297.,   2.,  30.,  11.,   6.,   7.,   3.,   0.,   4.,   6.],
        [  0.,   8.,  10.,   5.,   5.,   8.,   2., 310.,   3.,  19.],
        [314.,   4.,  15.,   3.,   0.,  45.,   3.,   4.,   0.,   3.],
        [  6.,   5.,  33.,   1.,  47.,   4., 279.,   6.,   8.,   3.],
        [  5.,   6.,   1., 296.,   1.,  17.,   2.,   3.,   5.,   1.],
        [  3.,   8.,  95.,   5.,   1.,   4.,  35.,   1., 271.,   6.],
        [  0.,   5.,   8.,   0.,   5.,   3.,  11.,  29.,  12., 257.],
        [  3.,   4.,  10.,   8.,   1.,   4.,   2., 315.,   8.,  11.],
        [  0., 270.,   3.,   6.,   0.,   6.,  28.,   5.,   2.,   6.],
        [  0.,   3.,  31.,  13.,   1.,   5.,   1., 288.,   6.,  14.],
        [  0.,   7.,  10.,   0.,   6.,   2.,  29.,   2.,  16., 252.],
        [305.,   5.,   7.,  12.,   1.,  28.,   3.,   4.,   5.,   5.],
        [  0.,  12.,   4.,   5.,   9.,   5.,   5.,  16.,  14., 215.],
        [  0.,   6.,   8.,   9.,   2.,   8., 298.,   1.,  15.,   6.],
        [  0.,   8.,   4.,  14.,   9.,  23.,   5.,   1.,   7., 240.],
        [  1., 155.,  17.,   2.,   1.,   2.,   6.,   5., 201.,   7.],
        [282.,   4.,  11.,   4.,   1.,   9.,   7.,   2.,   5.,   7.],
        [  1.,  26.,  35.,   1.,   1.,   4.,   2., 194.,  30.,   8.],
        [  0.,  26.,  13.,   5.,  14.,  53.,  43., 238.,   3.,  16.],
        [  5.,   6.,   2., 297.,   1.,  50.,   5.,   0.,   7.,   2.],
        [  0., 277.,   6.,   4.,   0.,  26.,  35.,   1.,   9.,   8.],
        [  4.,   2., 128.,  18., 249.,   2.,  18.,   2.,   1.,  13.],
        [  6.,   4.,  17.,   4.,  21.,   8.,   9.,   1., 268.,   4.],
        [  0.,   7.,  10.,   7., 131.,   3.,   5.,   4.,   3.,  33.],
        [  7.,   2., 258., 100.,   0.,   4.,   0.,  23.,   2.,  14.],
        [  9.,   4.,  10.,   0.,   0.,   3.,   4., 313.,   4.,  13.],
        [ 27.,   9.,  11.,   0.,   7.,  71.,  10.,  34., 122.,  14.],
        [ 21.,   2., 132.,  15.,   3.,   9.,   2.,   1., 261.,  35.],
        [  7.,   2.,  16.,  15.,  12., 249.,  84.,   1.,   5.,   3.],
        [  0., 151.,   6.,   5.,   1.,   2.,   3.,   0.,  18.,   1.],
        [  2.,   1.,   4.,   8.,   2.,  30.,   3.,  58.,   7., 220.],
        [  2.,  12.,  10.,   1.,   5., 122.,  11.,   3.,   8.,   4.],
        [  1.,  18.,  41., 280.,   0.,   1.,   1.,   0.,  11.,   6.],
        [  0.,   2.,  20.,   3.,  23.,   1., 286.,   4.,   2.,   4.],
        [  2.,  15.,   9.,   5.,   5.,   4.,   9.,   3., 236.,  25.],
        [  0.,  40.,   3.,   1.,   0.,   4.,   7.,   4.,  24., 155.]],
       device='cuda:0')
Epoch 1 | Batch 800
tensor([[  1.,   9., 187.,  30.,   3.,   6.,   0.,   7.,  46.,   4.],
        [294.,   1.,   7.,   2.,  14.,  25.,  19.,   0.,   8.,   0.],
        [  2.,   2.,   0.,   8.,  13.,  22.,   4.,   1.,  12., 282.],
        [ 20.,   5., 283.,   0.,  24.,  12.,   1.,  32.,   6.,   0.],
        [  6.,   2.,   2.,   0.,  11.,   3.,   3.,   3.,   5., 277.],
        [  2.,   3.,   3.,   0., 258.,  29.,   8.,   6.,   4.,   4.],
        [ 13.,  41., 217.,  21.,   1.,  19.,   3.,   0.,  13.,   0.],
        [ 26.,  11., 284.,   3., 106.,   9.,   3.,   0.,   9.,   0.],
        [308.,   6.,   0.,   0.,   7.,  22.,  45.,   8.,   2.,   0.],
        [  2.,   5.,   1.,   0.,   9.,   9.,   2., 302.,  20.,  26.],
        [ 19.,   3.,  16.,   2.,  18., 288.,   6.,   0.,   6.,   1.],
        [  1.,  15.,  31., 264.,  13.,   7.,   3.,   2.,   9.,   3.],
        [ 17.,  28.,  11., 164.,   6.,  22.,   0.,   0.,  19.,   0.],
        [ 14.,   0.,   5.,  21.,  13., 277.,   3.,   0.,  10.,   0.],
        [  2.,   4.,   1.,   0.,  13.,  10.,   0., 292.,   6.,  47.],
        [ 25.,   1.,   6.,  62.,  59.,  26.,   1.,   0., 216.,   3.],
        [  6.,  12., 272.,  37.,   0.,  14.,  16.,   1.,   3.,   0.],
        [ 31.,   6.,   2., 295.,   2.,  26.,  10.,   0.,  15.,   0.],
        [  4.,   2.,  17., 265.,   5.,  10.,   0.,   0.,  34.,  24.],
        [  0.,  11.,   1.,  11., 156.,  60.,   2.,  39.,  17.,  17.],
        [  0.,   6.,   4.,   2.,   5.,  19.,   2., 299.,   3.,  28.],
        [ 10.,   2.,   6.,   7.,   2.,  55.,   0., 284.,   8.,   0.],
        [  5.,   3., 308.,   8.,  10.,   3.,   2.,   3.,   9.,   0.],
        [  2.,   4.,   0.,   2.,   5.,  11., 290.,   0.,   6.,   2.],
        [ 12.,   8.,   7.,   7.,  15., 282.,   8.,   0.,  41.,   0.],
        [  3.,   8.,   4.,   4.,   8.,   8.,   2.,   5., 275.,  10.],
        [314.,   4.,   3.,  11.,  11.,  24.,   0.,   0.,   4.,   0.],
        [  4.,   2.,   6.,   0.,  19., 185.,   3.,   2.,   4.,  47.],
        [  6.,   3., 306.,   2.,  26.,   3.,   1.,   0.,  15.,   0.],
        [  2.,  29.,   5.,   1.,  10.,  13., 296.,   0.,  16.,   3.],
        [  2.,   6.,   4.,   5., 275.,   5.,   3.,   3.,   3.,  86.],
        [  0., 240.,   5.,   6.,   4.,   6.,   4.,  13.,   4.,   6.],
        [  0.,   6.,   4.,   3.,   8.,   5.,   1., 313.,   5.,  32.],
        [  1., 276.,  18.,  20.,   2.,  10.,  46.,   1.,   8.,   0.],
        [ 16.,   0.,   7.,  41.,   8., 290.,   0.,   0.,  17.,   0.],
        [ 16.,   2.,   1.,  77.,   4., 165.,   0.,   0.,  46.,   1.],
        [  1.,   2.,   4.,   0., 213.,  12.,  18.,   4.,   7.,  81.],
        [307.,   7.,   3.,   8.,  23.,  26.,   1.,   0.,  11.,   0.],
        [  1.,   2.,   0.,   8.,  12.,  14.,   5.,   9.,   7., 298.],
        [266.,   6.,  22.,   1.,  10.,   8.,   8.,   2.,  85.,   2.],
        [  0., 230.,   3.,   3.,   2.,   4.,   4.,   4.,   3.,   1.],
        [  8.,   5.,  14.,   0.,  17.,  10., 306.,   0.,   3.,   0.],
        [  0.,  13.,   5., 245.,   7.,   4.,   2.,   1.,   6.,   6.],
        [  1., 296.,   4.,   4.,   2.,   5.,   3.,   0.,  10.,   1.],
        [  0., 275.,   3.,   3.,   2.,   2.,   3.,   0.,   4.,   0.],
        [  9.,   2.,   3.,   0., 277.,   6.,  65.,   8.,  50.,  20.],
        [ 19.,  10.,   4.,   0.,   8., 281.,  11.,   5.,   9.,   0.],
        [  0.,   9.,   1.,   2.,   9.,  17.,   7.,  23.,   5., 277.],
        [  8.,   7.,   2., 285.,   5.,  29.,   2.,   0.,   7.,   1.],
        [ 20.,  14.,   4.,   1.,  11.,  10., 302.,   0.,   6.,   1.],
        [  0., 295.,   8.,  10.,   4.,   4.,   5.,   1.,  14.,   4.],
        [ 23.,   5.,   5.,   0.,  15.,   4., 293.,  17.,  12.,   2.],
        [  5.,  47.,   4.,  20.,   9.,  17.,   4.,   0., 256.,   0.],
        [285.,   9.,  41.,   0.,  62.,  23.,   5.,   3.,   5.,   0.],
        [  3.,   3.,   3.,  10.,  15.,  10.,   3.,   9.,   3., 291.],
        [ 25.,   5., 307.,   2.,  12.,   9.,   2.,  21.,  12.,   2.],
        [  2.,   2.,   1.,   2.,  30.,   4.,   2.,   2.,   8., 298.],
        [ 26.,   2.,   6., 307.,   3.,  14.,   1.,   0.,   4.,   0.],
        [  1.,   3.,   8.,   8., 259.,   9.,   2.,   2.,   6.,  47.],
        [  8.,   3.,   4.,   3.,   7., 271.,   1.,   5.,  13.,  22.],
        [ 20.,   6.,   3., 299.,   0.,   4.,   3.,   0.,   2.,   0.],
        [306.,   6.,   1.,   5.,  56.,  26.,   1.,   0.,   7.,   0.],
        [165.,   2.,   5.,  16.,   6.,  11.,  18.,   0.,   7.,   1.],
        [ 16.,  23.,   6.,   0.,   7., 283.,   4.,   5.,   7.,   0.]],
       device='cuda:0')
Epoch 1 | Batch 900
Switching label layer to Inference Mode (LIF)...
Epoch 1 DONE | Test Acc: 77.68% | Time: 775.1s
Switching label layer back to Training Mode (Clamp)...
tensor([[  0.,   1.,   0.,   3.,  20.,   2.,   1., 263.,   6.,  10.],
        [  4.,   4., 147.,   6.,   2.,   2.,   3., 278.,  10.,  13.],
        [  2.,   1.,   0.,  43.,   3., 211.,   3.,   4.,   6.,   3.],
        [  1.,   1., 119.,  95.,   4.,   2.,  21.,   3.,   7.,   2.],
        [  0.,   7.,   3.,   6.,   7.,   2.,   4., 263.,   7.,  12.],
        [284.,   0.,   7.,   5.,   1.,   1.,  12.,   3.,   9.,   3.],
        [  5.,   0.,   0.,   3., 294.,   1.,  13.,   4.,  15.,  54.],
        [  7.,   0.,   0.,   1.,  25., 268.,   3.,   0.,  22.,  19.],
        [  0., 287.,   1.,   6.,   4.,   3.,   5.,   7.,  33.,  13.],
        [  0.,  21., 301.,   8.,   0.,  52.,  20.,   3.,   9.,   1.],
        [269.,   4.,  12.,   6.,   4.,  14.,   6.,   6.,   5.,   2.],
        [  1.,   0.,   0.,  14.,   5.,   6.,   5.,  11.,  36., 274.],
        [  4.,  14.,  20.,   5.,   8.,   2., 302.,   4.,  17.,   3.],
        [ 37.,   1., 293.,   1.,   0.,  69.,   5., 130.,   8.,  18.],
        [  6.,   0.,  37.,   2.,  14.,   1., 305.,   5.,   8.,   0.],
        [  0.,   2.,   0.,   4.,   6.,   7.,   3., 300.,  27.,  32.],
        [  1.,   2.,   0., 270.,   5.,   6.,   1.,   8., 102.,  91.],
        [  0.,  51., 159.,  17.,   0.,   2.,  79.,   4.,   8.,   2.],
        [  5.,   2.,  22.,   2.,   6.,   1., 313.,   4.,   8.,   3.],
        [  0.,   4.,   2.,   3.,  12.,   2.,   5., 305.,  26.,  11.],
        [  3.,   2.,   4., 273.,   5.,   2.,   2.,   1.,  37.,   5.],
        [  1.,   4.,   1.,   1.,  11.,   5.,   4.,   3., 309.,  12.],
        [ 14.,   2.,   0., 290.,   1.,   8.,  10.,   3.,  10.,   2.],
        [  0.,   6.,   0.,   4.,  13.,   6.,  28.,   4.,  13., 247.],
        [  1.,   1.,   0.,  10.,  32.,  33.,   2.,   0., 285.,  13.],
        [  1.,   0., 309.,   1.,   5.,   1.,   5.,   4.,   8.,   2.],
        [277.,   1.,   0.,   8.,   1.,   3.,  13.,   5.,  70.,  11.],
        [  0.,  19.,  20.,   4.,   6.,   2., 308.,   5.,  11.,   3.],
        [  0., 282.,   0.,   5.,   1.,   0.,   3.,   3.,   5.,  17.],
        [  6.,   1.,   2.,   1., 284.,   4.,  17.,   2.,  11.,   5.],
        [  8.,   0.,  27.,  14.,   7.,  10.,   2.,   0., 297.,   1.],
        [  0., 301.,   3.,   4.,   2.,   3.,   8.,   7.,  12.,   8.],
        [  2.,  16.,  82.,   1.,   1.,  10.,   2.,   4.,  35.,   5.],
        [  4.,   0.,  11.,  12.,  23.,   4.,   4.,   2., 295.,   8.],
        [306.,   0.,  19.,   3.,   0.,   0.,  21.,   3.,   3.,  28.],
        [  0.,   1., 223.,  14.,   0.,   2.,   2.,   4.,   5.,   1.],
        [290.,   3.,   0.,   3.,   1.,  17.,   3.,  10.,   1.,   0.],
        [ 65.,   1.,   1., 243.,   0.,   8.,   0.,   4.,   6.,   0.],
        [  0.,  14., 239.,   6.,   0.,   3.,  23.,   8.,  16.,   4.],
        [ 15.,   0.,   0., 272.,   5.,   3.,   1.,   4.,  20.,   2.],
        [ 34.,   0.,  13., 290.,   3.,   4.,   1.,   3.,  42.,   1.],
        [  1.,   3.,  19.,   6.,   3.,   8.,   2., 285.,  16.,  23.],
        [  2.,   1.,  14.,   7.,   7.,   7.,   8.,   7., 306.,   8.],
        [ 25.,   2.,   0., 276.,   1.,   1.,  25.,   6.,  16.,   4.],
        [  0., 302.,   2.,   7.,   1.,   1.,  12.,   4.,  12.,  26.],
        [  7.,   3.,  18.,   4.,  10.,   4., 299.,  12.,   8.,   5.],
        [  1.,   0.,  81.,   4., 277.,   1.,   3.,   8.,   7.,  10.],
        [  2.,   2., 302.,   0.,   1.,   9.,   1.,   4.,  13.,   8.],
        [  0., 298.,   2.,   3.,   2.,   1.,  10.,   5.,  15.,  10.],
        [  0.,  13., 301.,   5.,   0.,  24.,   5.,   3.,  15.,   1.],
        [  2.,   4.,   7.,   3.,   4.,   8.,   3., 291.,  20.,  16.],
        [  1.,   5.,   3., 235.,  11.,   7.,  14.,   3.,   6.,   3.],
        [  0., 297.,   2.,   8.,   1.,   3.,  49.,   5.,  21.,  20.],
        [  1.,   3.,  22.,   2.,   7.,   4.,   6.,   2., 287.,  19.],
        [310.,   0.,   0.,  10.,   1.,   8.,   5.,   0.,   2.,   3.],
        [288.,   0.,   6.,   6.,   1.,   2.,  18.,   4.,  17.,   6.],
        [  0., 278.,   2.,  22.,   3.,   1.,  13.,  11.,  12.,  63.],
        [  0., 301.,   3.,   3.,   2.,   2.,  11.,   6.,  15.,  10.],
        [  0., 296.,   2.,   4.,   2.,   3.,   6.,   6.,  13.,   9.],
        [  0.,   1., 298.,  10.,   0.,   4.,  11.,   2.,  13.,   0.],
        [ 11.,   6.,   3.,  33.,   4., 248.,   3.,   4.,  12.,   3.],
        [  2.,   2.,   0.,   3., 296.,   2.,   9.,  11.,  11.,  39.],
        [  0., 289.,   0.,   4.,   0.,   2.,   5.,   2.,   9.,   8.],
        [  0.,   0.,   8.,  13.,   0., 192.,  56.,   5.,   2.,   0.]],
       device='cuda:0')
Epoch 2 | Batch 0
tensor([[316.,  10.,   0.,   6.,   3.,   8.,  48.,   5.,   0.,  14.],
        [ 28.,   7.,   7.,  28.,   2., 254.,  16.,   2.,   0.,   2.],
        [ 19.,   9.,  28., 130.,   9.,   3.,   1.,   0., 182.,   1.],
        [  2.,  31., 231.,   8.,   1.,   6.,   6.,   3.,   4.,   1.],
        [  0.,   5.,   5.,   5., 271.,  67.,   6.,   1.,   8.,  41.],
        [  7.,   6.,   4.,  26.,  14.,  14.,  25.,   1., 244.,   8.],
        [ 41.,   5.,   4.,   1.,   2.,  16., 269.,   0.,   2.,   1.],
        [  0., 283.,  15.,  19.,   8.,   9.,  14.,   5.,   5.,  43.],
        [  0.,   7.,  36.,   4.,   3.,   3.,   2., 251.,   4.,   5.],
        [ 53.,  12.,   6.,  11.,   5.,  10.,   7.,  11.,   9.,  15.],
        [ 29.,  40., 141.,   1.,   3.,  10.,   5.,   1.,  17.,   7.],
        [  0.,   6.,   4.,   3.,   5.,   4.,   3., 242.,   1.,  10.],
        [  2., 280.,   5.,   7.,   3.,   7.,   3.,   5.,   8.,   4.],
        [  7.,  10.,   1., 274.,   2.,  12.,   1.,   5.,   2.,   6.],
        [ 10.,   6.,   7., 302.,   7.,  14.,   1.,   0.,  63.,   1.],
        [  0.,   7.,  22.,   2., 243.,   3.,   3.,   1.,   1.,   9.],
        [289.,   5.,   4.,   5.,   5.,   4., 128.,   3.,   1.,   3.],
        [ 30.,   8.,  23.,   3.,  88.,   2., 307.,   2.,   2.,   1.],
        [  0.,  21.,  38.,   4.,  31.,   2., 304.,   0.,   0.,   1.],
        [ 26.,   7.,   9.,   6.,   5.,  14., 282.,   1.,   0.,   6.],
        [  2.,   8., 302.,   3.,  18.,   2.,  14.,   0.,   1.,  23.],
        [  4.,  15.,  57.,   1.,  17.,   1., 294.,   1.,   1.,   0.],
        [ 12.,   5., 303.,   5.,   7.,   1.,  22.,   0.,   0.,   0.],
        [ 13.,  10.,  11.,   5.,   7.,  20., 250.,   1.,   0.,   1.],
        [  2., 278.,  22.,   3.,   4.,   7.,   4.,   1.,  17.,   4.],
        [ 11.,  17.,  10.,   3.,   6.,  45.,   2.,   1., 275.,  10.],
        [  5.,  10.,   7.,   2.,  17.,  97.,   3.,   0., 281.,  12.],
        [  0.,   3.,  25.,   2.,  18.,   6.,   9.,  52.,   1.,  94.],
        [  8.,  10.,   3., 300.,   5.,  12.,   1.,   1.,   3.,   1.],
        [  0.,   9.,   3.,   3.,   8., 268.,   9.,   3.,   7.,  26.],
        [  2.,  18.,  11.,  10.,   7.,   4.,   6.,   6., 264.,  11.],
        [  5.,   9.,  21.,  15.,  14., 237.,  15.,   0.,   0.,   5.],
        [279.,   4.,   4.,  10.,   4.,   8.,  15.,   2.,   1.,   7.],
        [  8.,   8.,   3., 288.,   6.,  10.,   0.,   0.,   5.,   2.],
        [  1., 286.,   5.,   7.,   3.,   3.,   5.,   2.,   3.,   5.],
        [  1.,   7.,   8.,   4.,  11.,   9.,   4.,  16.,   8., 213.],
        [  0.,  13.,   9.,  15.,   5.,  15., 164.,   0.,   6.,  19.],
        [  5.,  10.,   7.,   3.,   8., 260.,   2.,   1.,   4.,   9.],
        [  1.,   6.,   6.,   5.,   5.,   5.,   2., 292.,   1.,  21.],
        [ 17.,  12.,   6., 304.,   2.,  18.,   0.,   0.,   3.,   0.],
        [ 16.,   7.,  20.,   4.,   8.,   8., 295.,   3.,   0.,   1.],
        [ 10.,  12.,  16., 301.,   3.,   7.,   1.,   1.,   1.,   1.],
        [ 18.,   5.,  16.,   9.,   9.,  12., 271.,   0.,   0.,   2.],
        [  7.,   8.,  33., 286.,   2.,   7.,   1.,   1.,   0.,   0.],
        [  6.,   9.,   9., 270.,   4.,  13.,   0.,   0.,  21.,  36.],
        [282.,   5.,  11.,   7.,   1.,   5.,   0.,   2.,  26.,   3.],
        [ 15.,  11.,   0., 280.,   9.,  15.,  10.,   5.,   7.,   1.],
        [  1.,   7., 308.,   1.,   2.,   3.,  14.,   2.,   0.,   4.],
        [  0.,   9.,  27.,   7.,   6.,   3.,   2., 261.,   7.,   6.],
        [ 17.,  16.,  13., 213.,   1.,  13.,   4.,   9.,   0.,   0.],
        [ 10.,  18.,  10., 294.,   3.,  22.,   6.,   0.,   3.,   0.],
        [  1.,   6.,  20.,   2.,  15.,   3.,   4.,  15.,   4., 232.],
        [191.,  13.,  26.,   5.,  10.,  29.,   4.,   1.,   2.,   6.],
        [  0.,  12.,   5.,   6.,   5.,  22.,   6.,   3.,  25., 212.],
        [  2., 294.,  10.,   6.,   2.,   9.,   4.,   3.,   9.,   5.],
        [  7.,   8.,   2.,  17.,  10., 251.,   2.,   5.,   3.,  26.],
        [  2., 291.,   8.,   6.,   2.,   6.,   4.,   3.,   9.,   4.],
        [ 12.,  16., 288.,  12.,   0.,   8.,  22.,   1.,   1.,   2.],
        [  3.,   8.,   8.,   0.,  24.,   3.,   2.,  15.,   0., 274.],
        [  0.,   9.,   0.,   6.,  23.,  10.,   3.,   5.,  11., 288.],
        [ 12.,  10.,   0.,   2.,  19.,  14.,   8.,   6.,   1., 285.],
        [  1.,  10.,   1.,   2.,  30.,   7.,   4.,  14.,  32., 297.],
        [  6.,   9.,   9.,   1.,   3., 243.,   1.,   2.,   2.,   5.],
        [  5.,   6.,  15., 282.,   5.,  15.,   0.,   0.,  35.,   9.]],
       device='cuda:0')
Epoch 2 | Batch 100
tensor([[  3.,   6., 301.,  12.,   0.,   3.,  14.,   8.,   3.,  11.],
        [114.,   1.,   0.,   0.,  42.,   7.,   1., 301.,   1.,  22.],
        [311.,   1.,   1.,   5.,   9.,  62.,   9.,   5.,   1.,   1.],
        [  5.,   1.,   2.,  11.,   9.,  13.,  32.,   3., 111.,  38.],
        [  5.,   0.,   1.,   0., 297.,   0.,   6.,  10.,   3.,  53.],
        [  0.,   8.,   1.,   4.,  14.,   5.,   5.,  36.,  11., 294.],
        [  0., 268.,   2.,   2.,   1.,   2.,   3.,   5.,   6.,   3.],
        [  0.,  40.,   0.,   0.,  16.,  13.,   2., 291.,  39.,  29.],
        [ 11.,   3.,   4.,   5.,   6.,  12., 291.,   2.,   7.,  26.],
        [  0., 293.,   7.,   6.,   3.,   7.,  29.,   9.,   9.,   7.],
        [ 34.,   0.,  25., 299.,   1.,  14.,   0., 114.,   6.,   4.],
        [  0.,   9.,   1.,   1.,  10.,  13.,   2., 309.,  29.,  23.],
        [ 10.,   0.,  23., 288.,   0.,  11.,  11.,   3.,   8.,   2.],
        [  0.,   6.,   0.,   5.,  10.,   6.,   1.,  71.,   4., 273.],
        [  0.,   0.,   0.,   6., 250.,   9.,   1.,  17.,   5.,  30.],
        [  3.,   4.,   2.,   2.,   8.,   6.,  11.,   9., 233.,  21.],
        [  0.,   3., 275.,   5.,   4.,   2.,  11.,  10.,   2.,  67.],
        [  4.,   4.,  12., 138.,   3.,   6.,   7.,  20.,   7.,  15.],
        [  0.,   0.,   1.,   2., 287.,   2.,   1.,   8.,   4.,  94.],
        [  0.,   8.,   5.,   3., 137.,   2.,  14.,  13.,   9.,  24.],
        [  0., 301.,   0.,   7.,   8.,   7.,   5.,  13.,  14.,   7.],
        [  0.,   2.,   1.,   3.,   4.,   2.,   2.,  18.,   3., 159.],
        [  0.,   8.,   3.,   1.,   4.,   4., 267.,   3.,   5.,   5.],
        [ 17.,   1.,   0.,   1.,  48.,   7.,   1., 297.,   2.,  42.],
        [  0.,   6.,   4.,   3.,   2.,   7., 263.,   4.,   4.,   9.],
        [322.,   2.,  38.,   3.,   0., 133.,   1.,  26.,   3.,   1.],
        [  0.,  23., 281.,   9.,   0.,  11.,  20.,   7.,   5.,   7.],
        [  0.,   2.,   1.,   0.,  22.,   1.,   3.,  34.,  10., 299.],
        [ 56.,   1., 106., 290.,   0.,   5.,   0.,  15.,   2.,   1.],
        [320.,   0.,   0.,  63.,   1.,   8.,   1.,   9.,   0.,   1.],
        [ 24.,   0.,   0.,  19.,   3., 288.,   1.,   5.,  33.,  19.],
        [  5.,   4.,   3.,   1.,   8.,  11.,  11.,  15.,   7., 221.],
        [  0., 291.,   6.,  10.,   6.,   2.,  13.,  25.,  10.,  12.],
        [321.,   0.,  31.,  82.,   1.,   9.,   2.,  10.,   0.,   1.],
        [  2.,  11.,   5.,   1.,   8.,   8., 246.,   6.,   6.,   7.],
        [  4.,   1.,   5.,  17.,   8.,   7.,   1.,   7., 268.,  35.],
        [ 36.,   0.,   0.,  14.,   2., 289.,   0.,  15.,  53.,  11.],
        [  1., 289.,  11.,   5.,   5.,   4.,   5.,  12.,  19.,   6.],
        [  0.,   9.,   0.,   1.,  24.,   7.,  33.,  19.,   5., 243.],
        [  0.,  92.,   5.,   3.,  12.,   4.,   5., 305.,   8.,  38.],
        [  1.,   1.,   3.,  11.,   5., 231.,  42.,   6.,   6.,  15.],
        [  0., 284.,   3.,   4.,   5.,   4.,   4.,  12.,  11.,   6.],
        [  0.,   0.,  32.,   1.,  16.,   0., 119.,  53.,   2., 223.],
        [ 10.,   3.,   3.,   3.,   3.,   9.,   1., 301.,  66.,  17.],
        [  0.,   4.,   3.,   7.,  12.,   5.,   3.,  26., 229.,  13.],
        [  5.,   0.,   3.,   5.,  41.,   2.,   3.,   5.,   5., 290.],
        [  3.,   2.,   1.,   2.,  14.,   9.,   5.,  36.,  11., 286.],
        [  6.,   0.,   2., 140.,   6.,  49.,   0.,   5.,   7.,   3.],
        [  0., 272.,   0.,   2.,   1.,   1.,   1.,   5.,   2.,   4.],
        [ 11.,   2.,   4.,   5.,   6.,   5., 283.,   3.,  10.,  25.],
        [  2.,   0.,   1.,   2.,  12.,   3.,   0., 305.,   1.,  19.],
        [  0., 297.,   2.,   6.,   5.,   4.,   3.,  12.,  13.,   5.],
        [  0.,  71.,   7.,   2.,  21.,   6.,   2.,   9.,  78.,   8.],
        [  0.,   6.,  11.,   3.,   4.,   8.,   2., 301.,  10.,  11.],
        [ 83.,   2.,   8.,   0.,  14.,   6., 232.,   9.,   3.,   5.],
        [  0.,   1.,   5.,   5.,  21.,   3.,   0., 316.,   3.,  39.],
        [ 30.,   1.,  19.,   1.,   5.,  17., 275.,   2.,   5.,  14.],
        [  1.,  10.,   9.,   1.,   6., 266.,  11.,  12.,   7.,   8.],
        [317.,   1.,   0.,  17.,   0.,  14.,   1.,   8.,   4.,   8.],
        [  7.,   0.,   1.,  20.,   5.,  18.,   1.,   6.,   8., 260.],
        [  2.,   9.,   0.,   1.,  14.,  22.,   3., 280.,  15.,  13.],
        [  0., 289.,   2.,   4.,   6.,   6.,   3.,  10.,  15.,   7.],
        [  0.,   1.,   9.,  28.,   9.,   4.,   0., 298.,   5.,  22.],
        [ 27.,   0.,   0.,   4.,  19.,   9.,   0., 175.,   1.,  60.]],
       device='cuda:0')
Epoch 2 | Batch 200
tensor([[  8.,   3.,  15.,   0.,  13.,  51., 161.,   2.,  19.,  10.],
        [  1.,   6.,   3.,   1.,   8.,   2.,   6., 284.,   7.,  11.],
        [  7.,   2.,   3.,   0.,  15.,   0.,   9.,  46.,  11., 291.],
        [  3.,   2.,   9.,   3.,   5.,   6., 285.,   1.,   6.,   9.],
        [  7.,   6., 122.,   1.,  16.,   7.,  41.,   0., 101.,   6.],
        [ 27.,   5.,  27., 290.,   2.,  22.,   1.,   3.,   4.,   3.],
        [  1.,   6.,  59., 289.,   8.,   5.,   6.,   2.,  16.,   3.],
        [  9.,   6.,   2.,   2.,   8.,   4.,   7., 294.,   6.,  15.],
        [  4.,  12.,  10.,  74.,   3.,   1.,   4.,   9., 268.,  10.],
        [  0., 278.,   3.,   6.,   0.,   1.,   3.,  13.,   6.,   3.],
        [  1.,  11.,   8.,   0.,   9., 225.,  22.,   8.,  32.,   4.],
        [ 49.,   4.,  16., 271.,   3.,   8.,   2.,   4.,   8.,   7.],
        [  5.,   0.,  11.,   0.,  26.,   0., 269.,   2.,   2.,  14.],
        [  0., 279.,   9.,   3.,   0.,   1.,  16.,   9.,   5.,   7.],
        [  2.,  10.,  14.,  21.,  10.,  84.,   4.,   5., 183.,  10.],
        [ 57.,   3.,  64.,  42., 104.,   1.,   4.,   2., 148.,   7.],
        [  4.,   4.,  48.,  22.,   7.,   6., 302.,   1.,   7.,  12.],
        [  0.,   0.,   7.,   0., 251.,   2.,   5.,   4.,   3.,  28.],
        [  4.,   3.,   7.,  14.,   5.,   9.,   8.,   9., 278.,  14.],
        [  3.,   8., 206.,   0.,  57.,   4.,  33.,  35.,   2.,  15.],
        [  4.,   1.,   5.,   4.,   2.,   1.,   1., 303.,   6.,  21.],
        [315.,   2.,   4.,   6.,   2.,   8.,   7.,   1.,   2.,   5.],
        [ 38.,   1.,  14., 286.,   3.,  35.,   4.,   3., 106.,   5.],
        [ 18.,   1.,  12.,   5.,   5.,   5., 298.,   2.,   5.,  15.],
        [  5.,   1.,  10.,   2.,   5.,   3., 309.,   1.,   5.,  15.],
        [  0.,   2.,   8.,   0., 283.,   3.,   3.,  28.,   4.,  23.],
        [  4.,   2.,   3.,   0.,  11., 247.,   1.,   4.,   2.,   8.],
        [ 11.,   1.,  16.,  19.,   8.,   9.,  17.,   4., 286.,  11.],
        [  3.,   6.,   7.,  17.,  11.,   8.,  17.,   3., 268.,   9.],
        [ 15.,   2.,   4., 293.,   5.,  15.,   0.,   5.,  16.,   8.],
        [  0.,   9.,  10.,  10.,  10.,  15.,  13.,   8., 253.,  11.],
        [  2.,   3.,  11., 156.,  21.,  24.,   2.,   1.,  47.,   6.],
        [  0.,   0.,   4.,   1., 239.,   3.,  44.,   6.,  24.,  21.],
        [ 18.,   3.,  19.,   0.,   2.,   1., 305.,   0.,   1.,  21.],
        [  0.,   0.,  10.,   0.,  16.,   1., 276.,   2.,   4.,  21.],
        [  6.,   2.,  83., 232.,  23.,   3.,   2.,   9.,  30.,   6.],
        [  2.,  28.,  11.,   3.,   3.,   3.,   9.,  12., 248.,  11.],
        [  3.,   3., 297.,   5.,   2.,   2.,  12.,   2.,   5.,   8.],
        [  0.,   1.,   1.,   1., 253.,   3.,   2.,  12.,   4.,  12.],
        [ 26.,   1.,   5.,   2.,   4., 265.,   4.,   4.,  10.,   9.],
        [ 12.,   1.,   1., 152.,   5.,  34.,   4.,   4.,   7.,   6.],
        [  3.,   1., 317.,  27.,  31.,   1.,   7.,   0.,   6.,   2.],
        [  0.,  51.,  13.,  17.,   4.,   4., 269.,   3.,  12.,   8.],
        [  4.,   4.,  21.,   7.,   3.,  10.,   6.,   4., 267.,   8.],
        [  0.,   7.,   9.,  12.,  10.,  14.,   9.,   7., 232.,  18.],
        [  0.,   5.,   2.,   2.,   2.,   7.,   3.,  26.,  14., 265.],
        [  1.,  40., 216.,  11.,   1.,   2.,  20.,  13.,  11.,  12.],
        [  5.,  21.,  11.,  13.,   4.,   2.,   3.,   9., 272.,  10.],
        [  4.,  86.,   4.,  15.,   3.,   3.,   6.,  19., 211.,  10.],
        [  1.,   5.,   1.,   0.,  13.,   3.,   5.,  38.,   8., 292.],
        [317.,   1.,   3.,  10.,   2.,   6.,   9.,   1.,   2.,   8.],
        [  0.,  10.,   8.,   2.,   2.,   1.,   5., 275.,   7.,  16.],
        [267.,   3.,   2.,   1.,   3.,   2.,   3.,   6.,   2.,   7.],
        [  0.,  12.,  50.,   3.,   7.,   5., 304.,   1.,   3.,  11.],
        [  0.,   4., 179.,   2.,   3.,   4.,  22., 168.,   4.,  11.],
        [313.,   1.,   1.,  11.,   3.,  46.,   4.,   4.,  47.,   8.],
        [  1.,   2.,   3.,   0.,   6.,   4.,   1., 251.,   5.,  52.],
        [  2.,   5.,   6.,   8.,   6.,  19.,   6.,  10., 271.,  13.],
        [  8.,   1.,   3.,   0., 298.,   0.,  23.,  12.,   3.,  21.],
        [ 24.,   2.,  21.,   0.,   6.,   8., 297.,   2.,   1.,  14.],
        [  0.,   6., 302.,   3.,   6.,   0.,  32.,   1.,   0.,  14.],
        [  5.,   3.,   1.,   4.,   8.,   1.,   5., 307.,  13.,  15.],
        [  1., 275.,   3.,   1.,   2.,   2.,   9.,  48.,   5.,  26.],
        [  4.,  16.,   5.,   0.,  19., 110.,  11.,  37.,  10.,   6.]],
       device='cuda:0')
Epoch 2 | Batch 300
tensor([[ 37.,  15.,  19., 255.,   0.,  16.,   2.,   3.,  10.,   3.],
        [ 42.,   6.,  98.,   4.,   0., 160.,  15.,  13.,  14.,   2.],
        [  8.,   3., 252.,   2.,   5.,  57.,   3.,   3.,   3.,  19.],
        [ 41.,   5.,   8.,   0.,   1.,   4., 221.,   0.,   1.,   5.],
        [  5.,   9.,   6.,   1.,   5.,  14.,   4.,   5., 267.,   9.],
        [  4.,  27.,   4.,   2., 128.,  14.,  83.,   3.,   4.,  10.],
        [  2.,   6.,  25.,   2.,   3.,  15., 301.,   1.,   4.,  12.],
        [  0.,   6.,  11.,   1.,   2.,   7., 265.,   0.,   3.,   5.],
        [  1., 291.,   2.,   6.,   0.,   3.,   2.,   4.,   5.,   5.],
        [  2.,   8.,  14.,   6.,   1.,  15., 283.,   1.,   5.,  12.],
        [  4.,   3.,   4.,   0.,   2.,  10.,   3., 305.,   4.,  56.],
        [  1.,   9.,  11.,   3.,   4.,  12.,   3., 299.,   7.,  45.],
        [  0.,   1.,  20.,   0., 269.,   6.,   5.,  10.,   6.,  13.],
        [  2.,  33.,   6.,   2.,   5.,  12., 259.,   1.,  10.,   8.],
        [  5.,  11.,   4.,   0.,   2.,  21.,   2.,   4., 291.,  10.],
        [  2.,  56.,   1.,   2., 170.,   2.,   9.,   4., 115.,  16.],
        [  0.,  10.,   9., 251.,  14.,   8.,   4.,   6.,   9.,  23.],
        [  0.,   4.,   2.,   2.,   9.,  15.,  12.,  17.,  12., 279.],
        [  4.,   4.,  14.,   1.,   0.,   9., 291.,   1.,   2.,   4.],
        [  1.,   7.,   5.,   1.,   2.,  14.,   2.,  35.,  12., 270.],
        [ 65.,   5.,  26.,   0.,   3.,  14., 303.,   0.,   2.,   6.],
        [ 71.,  16.,  23.,   0.,  13., 224.,   3.,   5.,  26.,   3.],
        [  1.,   7.,   6.,   0.,   1.,   4.,   4.,  58.,   9., 285.],
        [293.,   5.,  18.,   4.,   1.,  10.,  11.,   2.,   4.,   2.],
        [  1., 288.,  15.,   6.,   0.,  10.,   7.,  11.,   5.,   9.],
        [  0., 251.,  41.,   3.,   0.,   2.,   4.,   4.,   1.,   2.],
        [ 19.,   7.,  10.,   2.,   1.,  12., 300.,   1.,   7.,  10.],
        [  2.,   1.,  14.,   5.,   2.,  11.,   1., 299.,   5.,  31.],
        [322.,   0.,  10.,   0.,   0.,   5.,  12.,   1.,   1.,   1.],
        [303.,   2.,  12.,   2.,  15.,   8.,   3.,  37.,   2.,   1.],
        [311.,   4.,   5.,   4.,   9.,  12.,   9.,   1.,   5.,   0.],
        [  1.,  38.,   1.,   2., 226.,  13.,   6.,   0.,  12.,   8.],
        [  2.,   5.,  17.,   4.,  28.,  11.,   3.,   5., 220.,   6.],
        [  0.,  11.,   9.,   0., 239.,   7.,  12.,  13.,   8.,  19.],
        [  3.,   6., 317.,   0.,   6.,  12.,   5.,   0.,   0.,   6.],
        [ 14.,  17.,   6.,   0.,   2.,  63.,   2.,   8., 299.,   5.],
        [ 45.,   4., 291.,   2.,   0.,  66.,   1.,  14.,  23.,   4.],
        [310.,   1.,   4.,   0.,   2.,   4.,   4.,   2.,  13.,   1.],
        [  0., 215.,  34.,   2.,   0.,   2.,   3.,   3.,   1.,   1.],
        [  5.,  18.,   8.,   0.,   2.,  14.,   4.,   9., 287.,  44.],
        [  1., 278.,  14.,   3.,   0.,   5.,  11.,   6.,   3.,   4.],
        [  1.,  83.,   3.,   1.,   3.,   8.,   5., 272.,   6.,  20.],
        [  2.,   3.,  10.,   0.,  20.,  11.,   8.,   2.,  33., 290.],
        [ 17.,  27.,  32., 264.,   0.,  25.,   1.,   2.,   7.,   0.],
        [  4.,   7., 209.,   4.,   0.,   9.,   0.,  11.,  13.,   7.],
        [  0., 165.,  36.,   8.,   3.,  52.,   9.,   9.,  14.,  19.],
        [  0., 285.,   5.,   2.,   0.,   3.,   1.,   8.,   5.,   5.],
        [  3.,   5.,   5.,   0.,   3.,  10.,   3., 300.,   6.,  34.],
        [  0.,   9.,  17.,   1.,   3.,   6.,  11., 300.,   6.,  49.],
        [299.,   3.,   8.,   0.,   3.,   2.,  13.,   8.,   6.,   6.],
        [  2.,   2.,   5.,   0.,   3.,  12.,   2.,  27.,  17., 298.],
        [  0., 295.,   6.,   4.,   1.,   3.,   3.,   5.,   4.,   5.],
        [  1.,   7.,   8., 291.,   3.,   7.,   1.,   5.,  15.,   6.],
        [  4.,   2.,   7.,   0., 296.,  12.,   3.,   5.,  16.,  45.],
        [  9.,   2.,  30.,   0.,   7.,  15.,   1.,  18., 289.,  89.],
        [  1.,  10.,  12.,   1.,   1.,   9.,   2., 297.,   5.,  23.],
        [ 13.,   3.,   1.,   0., 277.,   3.,   6.,   1.,  11.,  29.],
        [  8.,   3.,   4.,   2.,   2.,  10.,   7.,  10.,  18., 233.],
        [  3.,  21.,   0.,   0.,  13.,  17.,   2., 267.,  11.,   6.],
        [ 26.,   4.,   1.,   0.,  12.,   6.,   2., 292.,   3.,  33.],
        [  0.,   2.,   5.,   0.,   4.,   6.,   1., 264.,   9.,   9.],
        [ 22.,  29., 261.,  13.,   0.,  18.,   1.,   1.,  41.,   2.],
        [  7.,  21.,  10.,   0.,   3.,  12.,   6.,  10., 270.,   8.],
        [  2., 300.,   7.,   7.,   0.,   8.,   1.,   3.,  15.,   8.]],
       device='cuda:0')
Epoch 2 | Batch 400
tensor([[  7., 270.,   7.,   2.,  12.,  13.,   3.,   7.,  18.,   5.],
        [ 18.,  14.,  36., 162.,   2.,   7.,   7.,   3.,   7.,  12.],
        [ 12.,  21.,   3., 285.,   4.,   5.,   2.,   5.,  18.,   6.],
        [ 19.,   5.,   1., 307.,   4.,  25.,   4.,   4.,  10.,   6.],
        [ 20.,  10.,  18., 288.,   2.,   2.,   3.,   4.,   8.,   7.],
        [ 34.,   3.,   3., 108.,   3.,  24.,   1.,   1.,   6., 152.],
        [ 18.,   5.,   7.,   1.,   9.,   2.,  15.,  42., 178.,  19.],
        [ 17.,   6.,   3., 303.,   3.,  16.,   5.,   3.,   7.,   4.],
        [ 10.,  10.,   4.,  15.,   6.,   3., 279.,   1.,  20.,   7.],
        [ 20.,   3.,   4.,   1.,   9.,   5.,   3., 300.,  14.,  20.],
        [ 22.,   1.,   2.,  45.,   3., 298.,   2.,   2.,  28.,   3.],
        [ 51.,  11.,   1., 241.,   2.,  13.,   2.,   2.,   4.,   1.],
        [  4., 294.,   1.,   7.,   4.,   1.,   4.,  18.,  10.,  11.],
        [  4.,  28.,   4.,   3.,   7.,  22.,   5.,   1.,  60., 255.],
        [  3.,   9.,  34.,   2.,   4.,   3., 236.,   1.,  97.,   4.],
        [ 18.,   5., 295.,   6.,   5.,   6.,   2.,   2.,  11.,   8.],
        [ 28.,   3.,   1.,  26.,   1., 289.,   4.,   2.,   4.,   2.],
        [  9.,  45.,   6.,   3.,   8.,   2.,   6.,   5., 281.,   7.],
        [  5.,   2.,   0.,   2.,   5.,   1.,   3., 280.,   3.,  10.],
        [ 26.,   1.,   2.,  13.,  19., 225.,   1.,   4.,   8.,   4.],
        [ 22.,   6.,   1., 207.,   3.,  13.,   6.,   5.,  10.,   4.],
        [ 17.,   9.,   2.,  17.,   0., 286.,   4.,   1.,  12.,   7.],
        [ 14.,   7.,   1.,   9.,   7.,  14.,   3.,  46.,  31., 268.],
        [ 21.,   3.,   1., 308.,   5.,  22.,   3.,   3.,   5.,   6.],
        [ 18.,   3.,   0., 297.,  13.,   5.,   2., 130.,  10.,  19.],
        [  5., 294.,   1.,   5.,   6.,   3.,   7.,  14.,  14.,  10.],
        [286.,   2.,   0.,  22.,   4.,   7.,   8.,   2.,   3.,   5.],
        [ 20.,   2.,   0.,  22.,  19.,   4.,   7.,   3.,   7., 279.],
        [ 99.,   1., 304.,  11.,   7.,   0.,  14.,   4.,   3.,   0.],
        [ 12.,   6.,  11., 290.,   7.,   5.,   1.,   9.,  21.,   7.],
        [ 30.,   6.,  18.,  34.,   2., 271.,   6.,   2.,   2.,   4.],
        [317.,   2.,   0.,  12.,   6.,   5.,  22.,   3.,   2.,   8.],
        [  8., 275.,  17.,   1.,   6.,  18.,   5.,   4.,  37.,   5.],
        [  1.,   1.,  10.,   3., 245.,   1.,  12.,   4.,   6.,   9.],
        [278.,   2.,   2.,   3.,   6.,   3.,  12.,   3.,  11.,   6.],
        [  7.,   2.,   0.,  72.,   8.,  10.,   3.,   4.,  10., 236.],
        [ 34.,  13.,  15.,   4.,   8.,  52., 163.,   2.,   7.,   3.],
        [ 14.,   2.,   0.,   3.,  17.,   2.,  10.,  18.,   8., 280.],
        [ 23.,   4.,   0., 291.,   2.,  17.,  11.,   2.,   8.,   5.],
        [ 28.,   2.,   0., 300.,   8.,  16.,  10.,   3.,   7.,  10.],
        [ 17.,   2., 279.,   2.,   7.,   5., 135.,   3.,  77.,   2.],
        [ 13.,   1.,   0.,  16.,  19.,   3.,   1., 216.,   7.,  64.],
        [  4.,   6.,   5.,   0.,  53.,   1., 275.,   2.,   9.,   7.],
        [ 30.,  11.,  11., 194.,   2.,   8.,  14.,   4.,   7.,   4.],
        [ 18.,   2.,  16.,   1.,  18.,   2.,   4., 273.,  19.,   5.],
        [308.,   1.,   0.,   9.,   9.,  22.,  19.,   0.,   3.,   1.],
        [  4., 295.,   1.,   6.,   4.,   2.,   5.,  13.,   8.,   7.],
        [311.,   4.,   0.,  69.,  11.,  31.,   8.,   3.,   1.,   1.],
        [  4.,  18.,   2.,  17.,   5.,   4., 254.,   1.,  17.,   6.],
        [ 23.,   4.,   1.,   0., 137.,   1.,  20.,  13.,  12.,  25.],
        [  0.,   4.,   3.,  19., 193.,   2.,   7.,   2.,   9.,  36.],
        [ 18.,   6.,   3.,   2.,   7., 215.,   5.,   1.,  63.,   8.],
        [ 23.,   4.,  55.,   0.,  24.,   0., 298.,   0.,   6.,   3.],
        [ 11.,  15.,  11.,   4.,  10.,   6.,   5.,   3., 296.,   3.],
        [ 72.,  11.,   3.,   3.,   5.,  10., 253.,   1.,  16.,   3.],
        [ 12.,   3.,  11., 312.,   6.,   8.,   2.,   6.,   9.,   6.],
        [  4., 290.,   1.,   5.,   5.,   3.,   6.,  10.,  11.,   6.],
        [306.,   1.,   1.,  92.,   6.,  13.,   6.,   1.,   4.,   5.],
        [  7.,   1.,  13.,   3.,  25.,   0.,   8.,  13.,   5., 184.],
        [ 14.,   4., 279.,  17.,  28.,   3.,  14.,   4.,  21.,   4.],
        [  4., 275.,   2.,   2.,   3.,   4.,   2.,   6.,   8.,   5.],
        [  9.,   4.,  22.,   0.,  76.,   0., 300.,   0.,  12.,   6.],
        [  6.,   1.,   0.,  11.,  21.,  12.,   6.,   9.,  11., 278.],
        [  1.,   2.,   1.,  10.,   8.,   4.,   5.,   4.,   9., 266.]],
       device='cuda:0')
Epoch 2 | Batch 500
tensor([[  0.,   3.,   3.,   1.,   9.,   2.,   1., 304.,   1.,  11.],
        [  2.,   4.,   3.,  73.,  15.,  45.,   1.,   3., 280.,   4.],
        [  0.,   1.,   2.,   1.,  28.,   2.,  16.,  21.,  13., 265.],
        [  2.,   0.,   4.,   7., 302.,   4.,  17.,   2.,   5.,   9.],
        [  1.,  10., 196.,  50.,   3.,  12.,   3.,   6.,  41.,   2.],
        [ 23.,   0.,   3.,   2.,  44.,   0.,  46.,   1.,   0., 205.],
        [  0.,   1.,  19., 295.,   2.,  10.,   0.,  10.,  10.,   3.],
        [  0.,   6., 285.,  14.,   9.,  16.,   9.,   2.,   0.,   6.],
        [  0.,   9.,  23., 283.,   0.,  24.,   6.,   2.,   3.,   1.],
        [ 23.,   1.,   1.,   0.,  54.,   0.,  41.,   6.,  38., 268.],
        [  1.,   2.,   3.,   5.,   8.,   8.,   8.,   0.,   2., 266.],
        [  0., 267.,   6.,   7.,   4.,   4.,   7.,   6.,   1.,   3.],
        [  0., 275.,   6.,  12.,   5.,   6.,  17.,  16.,   6.,   5.],
        [  4.,   1.,  12.,   0.,  25.,   0., 312.,   0.,  37.,  12.],
        [  0.,   0.,   0.,   0., 291.,   3.,   4.,   5.,   6.,   6.],
        [  0.,   8.,   4.,   3., 272.,   5.,   3.,   5.,   2.,   2.],
        [  0.,  20.,  14.,   9.,   4.,   3.,   0., 267.,   6.,   7.],
        [  0.,   4.,   7.,   2.,  13.,   4.,   3.,  14.,   9., 129.],
        [  1.,  14., 278.,  20.,   5.,   9.,  20.,   1.,   0.,  50.],
        [  7.,   1., 301.,   3.,  10.,   6.,  13.,   0.,   0.,   6.],
        [  0.,   3.,   3.,   1.,  12.,   3.,   8.,  12.,   3., 264.],
        [  0., 280.,   3.,   5.,   2.,   2.,   5.,   5.,   0.,   2.],
        [  2.,   2.,   0.,   6.,   4.,   8.,   4., 288.,   1.,  17.],
        [290.,   1.,   2., 130.,   1.,  20.,   7.,   3.,   2.,   5.],
        [  0.,  11., 307.,  23.,   0.,   1.,  31.,   0.,   0.,   8.],
        [  2., 303.,   3.,   5.,   3.,   4.,   6.,   5.,   1.,   2.],
        [  0.,   2.,   4.,   3., 277.,   4.,   3.,   6.,   1.,  12.],
        [  7.,   0.,   1.,   0., 297.,   2.,   7.,  87.,   2.,  23.],
        [  6.,   3.,   0.,   6.,   6., 280.,   1.,   7.,   0.,   1.],
        [ 79.,   1.,   0.,   0.,  17.,   1.,   9.,  75.,   0.,  81.],
        [  0.,   3.,   4.,   2., 162.,   4.,  10.,  11.,   1.,  13.],
        [  0.,   0.,  17.,  11., 303.,  12.,   3.,   2.,  22.,  29.],
        [  3.,   7.,  22.,  10.,   3., 246.,   2.,   1.,   0.,   2.],
        [  0.,   3.,   4.,  63.,   2., 235.,   3.,   1.,   4.,   2.],
        [  0.,  43.,  12.,   4.,   3.,   5., 253.,   2.,  27.,   3.],
        [  1.,   1.,   1., 305.,   0.,  38.,   0.,   4.,   4.,   1.],
        [  1.,   7.,   2.,   5.,   4.,   4.,   3.,  55., 284.,   4.],
        [ 10.,   1.,   2.,  15.,   0., 278.,  10.,   1.,   2.,   6.],
        [  0.,   2.,   9.,   1.,  27.,   2., 295.,   1.,   1.,   8.],
        [  2.,   1., 282., 140.,   7.,   4.,  50.,   1.,   0.,  61.],
        [  0.,   6.,   2.,  10.,   8.,   3.,   6.,  32.,   3., 213.],
        [  2.,  10.,  13.,   3.,   8.,   4.,  39.,   4., 126.,   8.],
        [283.,   0.,  25., 138.,   5.,  11.,   2.,   2.,   2.,   0.],
        [  0.,   7.,   3.,   6., 279.,  13.,   3.,   4.,   4.,  15.],
        [  3.,   2.,   5.,   1.,  31.,   4.,  12.,   4.,   9., 282.],
        [  2., 301.,   4.,   7.,   1.,   3.,   7.,   4.,   1.,   1.],
        [  4.,   4.,  12.,   0.,   8.,   2., 316.,   1.,   0.,   9.],
        [ 94.,   0.,   2.,   8.,   2.,   1.,   5., 304.,   0.,   0.],
        [ 54.,   2.,   5.,   1.,   8.,   3.,  15.,   4.,   1., 251.],
        [  0.,  13.,   3.,   0.,  32.,   7.,  23.,   8.,  64.,   2.],
        [  6., 131.,  19.,  23.,   1.,  28.,  20.,   6.,   1.,   8.],
        [  0.,  18.,   7.,   4.,  10.,   5.,  22.,   8., 242.,   6.],
        [  0.,   0.,   1.,   1.,   3.,   1.,   2., 256.,   0.,  10.],
        [  1.,   5., 274.,   7.,   4.,   8.,   6.,   7.,   1.,  11.],
        [286.,   0.,  13.,  67.,   3.,   8.,   3.,   2.,   3.,   1.],
        [  1., 291.,   6.,  10.,   2.,   3.,   6.,  11.,   0.,   5.],
        [  4.,   0.,   0.,   0., 297.,   1.,   6.,  12.,   3.,   4.],
        [  1.,   9.,   3.,   2.,  20.,   4.,   2.,   5.,   3., 251.],
        [  0.,  18.,  20.,  27.,   6.,  12., 191.,   0.,   5.,   8.],
        [  0.,   2.,   5.,   1., 280.,   3.,   4.,   9.,   1.,   4.],
        [  0.,   4.,   9.,  59.,  33.,   1.,   5., 292.,   3.,   6.],
        [  0.,   0.,  17.,   3., 298.,  18.,  19.,   1.,  78.,  52.],
        [  1.,   4.,  10.,   2.,  17.,   4.,   8.,   9.,   8., 201.],
        [  0.,   2.,   3.,   7.,   3.,   2.,   2., 268.,   1.,  13.]],
       device='cuda:0')
Epoch 2 | Batch 600
tensor([[  7.,   2., 313.,   0.,   1.,   0.,  58.,   5.,   0.,   1.],
        [ 26.,   2.,   4., 279.,   1.,  23.,   2.,   3.,   1.,   0.],
        [ 16.,   0.,   1.,   0., 294.,   1.,  17.,  17.,  10.,   4.],
        [  5.,   1.,   1.,   3.,   5.,   1.,   1.,  18.,   5., 273.],
        [315.,   0.,   9.,  24.,   3.,  10.,   6.,   4.,   7.,   0.],
        [ 14.,   0.,   0.,   0., 294.,   1.,  35.,  14.,   9.,   4.],
        [304.,   0.,   1.,  28.,   1.,   8.,   5.,   8.,   4.,   1.],
        [  5.,   3.,   6.,   3.,   7.,   4., 295.,   2.,  11.,   3.],
        [ 20.,   0.,   0.,   3.,   8.,   3.,   5.,  45.,  94., 234.],
        [ 24.,   0.,   2.,   1., 304.,   0.,  34.,  10.,   4.,  24.],
        [  2.,  16.,  22.,   0.,   8., 284.,   6.,   3.,   8.,   0.],
        [ 41.,   1., 302.,   5.,   8.,   0.,  42.,   6.,   2.,   2.],
        [ 29.,   6., 310.,  26.,   0.,   0.,  24.,   5.,   1.,   1.],
        [  4.,  34.,   4.,   9.,   7.,  13.,   1.,   7.,  17., 238.],
        [314.,   0., 112.,   6.,  45.,  44.,  36.,   6.,   6.,   0.],
        [  7.,   6.,   2.,   4., 271.,  18.,  40.,   2.,   7.,   2.],
        [ 28.,   1.,   4.,   0.,  13., 286.,   4.,  14.,   6.,   0.],
        [ 38.,   0.,   4.,   7.,   0., 229.,   2.,   6.,   1.,   0.],
        [  4.,   3.,   4.,   5.,   3., 279.,   1.,   4.,   4.,   0.],
        [  9.,  20.,   9.,   5.,   5.,   5.,   4.,   6., 261.,   3.],
        [ 29.,   0.,   0.,   5.,  21.,   1.,   3.,   7.,   4., 274.],
        [ 14.,   0.,   4., 300.,   7.,   4.,   0.,   5.,  23.,   0.],
        [  8.,  36.,   5.,   5.,   2.,   1.,   4.,   8., 273.,   5.],
        [ 15.,   0.,   4.,   1.,  18.,   0.,   6.,  18.,   6., 271.],
        [ 48.,   0.,   3.,   8.,   1., 296.,  12.,   2.,   4.,   0.],
        [ 30.,   1.,   6.,   3.,  10.,   3.,   8.,  11., 282.,  11.],
        [  2., 280.,  42.,   6.,   2.,   9.,   5.,   5.,  16.,   0.],
        [  3., 280.,  11.,  13.,   3.,   2.,   6.,   6.,  14.,   3.],
        [ 20.,  62.,  31.,  17.,   1.,   0.,   9.,   6., 270.,  14.],
        [ 11.,   0.,   0.,   4., 236.,   1.,   6.,  20.,  10.,  24.],
        [  3., 278.,  23.,   6.,   1.,  15.,   3.,   3.,  13.,   1.],
        [  6.,   2., 208.,  14.,  42.,   4.,  10.,   3.,   3.,   1.],
        [ 16.,   1.,   1.,   2.,   3.,   0.,   3., 307.,   2.,  17.],
        [  2., 296.,  12.,   6.,   3.,   5.,   3.,   4.,  12.,   3.],
        [  4.,   3.,   4.,   8., 242.,   6.,   1.,   7.,  10.,  53.],
        [ 30.,   0.,   1., 298.,   2.,   3.,   1.,   4.,   4.,   2.],
        [  2., 277.,   5.,   6.,   2.,   1.,   1.,   5.,   8.,   1.],
        [ 23.,   0.,   5.,   0.,   0.,   0., 160.,   1.,   0.,   0.],
        [316.,   0.,   4.,  15.,   6.,   8.,  17.,   4.,   9.,   1.],
        [  3., 286.,   8.,   5.,   1.,   5.,   2.,   3.,  12.,   4.],
        [  4.,   7.,  45.,   3.,   2.,  17., 246.,   5.,   4.,   0.],
        [  2., 280.,  10.,   4.,   3.,   3.,   2.,   5.,   7.,   3.],
        [  8.,  30.,   3.,   6.,   3.,  13.,   3.,   7., 265.,   5.],
        [ 11.,   3.,   4.,   2., 248.,   2.,  11.,  39.,   6.,  25.],
        [320.,   0.,  21.,   7.,  11.,  11.,  10.,   1.,   8.,   0.],
        [ 40.,   0.,  11.,   0., 290.,   0.,  61.,   4.,  92.,  12.],
        [ 13.,   0.,  23.,   0., 113.,   0., 299.,   6.,   5.,   7.],
        [  8.,  40.,  22.,  12.,   2.,   0.,   3.,  17., 239.,   1.],
        [ 17.,   0.,   1.,   0., 278.,   2.,  20.,  13.,  17.,   8.],
        [293.,   0.,   4.,  15.,   2.,   3.,  38.,  10.,   7.,   3.],
        [ 18.,   1.,   1., 272.,   2.,  10.,   2.,  16.,   3.,   6.],
        [ 17.,   0.,   6.,   3.,   8., 217.,  19.,   2.,   3.,   0.],
        [ 13.,   3.,   0., 275.,   3.,   7.,   8.,   9.,   4.,   1.],
        [ 24.,   0.,   1.,  26.,   2., 286.,   6.,   5.,   0.,   1.],
        [  3.,   0.,   8.,   7., 267.,   5.,   4.,   7.,   8.,  15.],
        [ 26.,   0., 295.,  27.,   0.,   2.,   9.,  43.,   3.,   0.],
        [  5.,  72.,   6.,  10.,   2.,   4.,   4.,   7., 245.,   0.],
        [  2., 268.,  27.,   8.,   3.,  10.,   3.,   4.,  17.,   0.],
        [ 21.,   0.,   2.,   5.,   4.,   0.,   2., 308.,   1.,   6.],
        [  1.,  21.,   7.,   5.,  28.,   2.,   1., 190.,   9.,   7.],
        [317.,   0.,  11.,   1.,   4.,   1.,  15.,   9.,  11.,   8.],
        [  0.,  46.,   7.,   7., 239.,   3.,  18.,   7.,   5.,   5.],
        [236.,   0.,   4.,   3.,   1.,   1.,   2.,   4.,   4.,   0.],
        [ 29.,   3., 283.,  20.,   2.,   1.,   5.,  13.,   6.,   0.]],
       device='cuda:0')
Epoch 2 | Batch 700
tensor([[ 11.,   0., 285.,  39.,   1.,   0.,  24.,  11.,   6.,   0.],
        [  2.,   7.,   1.,  13.,   0.,  13.,   7.,   4., 271.,   6.],
        [ 21.,   1.,   1.,  33.,   5., 295.,   3.,   1.,  11.,   5.],
        [  2.,   0.,   3.,   6.,   4.,   5.,   2., 310.,   6.,  26.],
        [ 30.,   0.,  14.,   3.,  97.,   0.,  11.,  18.,   6., 276.],
        [318.,   1.,   7.,  12.,   4., 116.,   3.,   1.,   5.,   2.],
        [ 14.,   3.,  21.,   2.,  31.,   2., 303.,   8.,   8.,  10.],
        [  0., 291.,   3.,  14.,   0.,   2.,   6.,   9.,   7.,   3.],
        [  0.,  25.,   0.,   4.,   0.,   5.,   4.,   4.,  11., 233.],
        [  4.,   3.,   8.,   2.,   4.,   6.,  11.,   7., 289.,   8.],
        [  5.,   0.,   2.,   7.,   2., 237.,   1.,   0.,  21.,   0.],
        [308.,   0.,   6.,   7.,   4.,  23.,   4.,   1.,   2.,   1.],
        [  2.,   0.,   5.,  11.,   8., 258.,   3.,   1.,   6., 123.],
        [  1.,   1.,   5.,   3.,  46.,  10.,  15.,   1.,   7., 177.],
        [  2.,   7.,   4.,   3.,   4.,   1.,   5., 296.,  16.,   3.],
        [  4.,   0.,   0.,   0.,  21.,   3.,   3., 163.,   4.,   8.],
        [  5.,   1.,   2.,   1.,   2., 266.,   2.,   2.,   6.,   1.],
        [ 13.,  17.,   3.,   1.,   0., 251.,   3.,  66.,  11.,   6.],
        [ 47.,   0.,   0.,  19.,   5.,  26.,   2.,  57.,   5., 238.],
        [  3.,   3.,  11.,   7.,  12.,   1.,   3.,  36.,   6., 263.],
        [  2.,   3.,   9.,   9.,   1.,   0.,   4., 284.,   8.,   8.],
        [  4.,   0.,   7.,   6., 268.,   9.,  26.,   4.,   3.,  32.],
        [  2.,   4.,   3.,   3.,   1.,   0.,   3., 265.,   5.,   2.],
        [  2.,   3.,   3.,   7.,   1., 175.,  21.,   1.,   4.,   1.],
        [  7.,   8.,   2., 298.,   3.,  41.,   3.,   1.,  17.,   0.],
        [  0., 283.,   4.,  11.,   1.,   0.,   3.,   5.,   8.,   2.],
        [ 56.,   4.,  14.,   5.,   4.,   1.,   5., 269.,  11.,   1.],
        [  0., 101.,   0.,   3., 155.,   8.,   8.,   8.,  23.,   5.],
        [  2.,   4.,   9.,   5.,   5.,   8.,   9.,   3., 189.,   5.],
        [  5.,   2.,   6.,   8.,   7.,  42.,  10.,   2., 251.,  64.],
        [ 11.,   6.,   1.,  10.,   1., 262.,   8.,   3.,   3.,   3.],
        [  0.,   0.,   0.,   1., 253.,   2.,   6.,   3.,   2.,   7.],
        [  0., 284.,   4.,  15.,   0.,   2.,   8.,  14.,   5.,   3.],
        [293.,   0.,   9.,   3.,   2.,   6.,   1.,   4.,   6.,  10.],
        [297.,   0.,  23.,   7.,   2.,   5.,   3.,   1.,   5.,   2.],
        [ 18.,   6.,   1., 300.,   0.,  56.,   1.,   1.,   9.,   2.],
        [  0.,   1.,   4.,   8., 285.,   5.,   5.,  12.,   6.,  16.],
        [  5.,   4.,   3., 283.,   2.,  56.,   2.,   1.,  15.,   4.],
        [244.,   1.,  18.,  17.,   0.,  12.,  13.,   7.,   6.,  10.],
        [ 32.,  12.,  11.,  16.,   0., 254.,   5.,   3.,   6.,   2.],
        [  4.,   4.,   6.,  17.,   1.,   2.,   9.,   6., 276.,   3.],
        [  1.,   0.,   3.,   1., 263.,   1.,   8.,   1.,   1.,  13.],
        [  0., 302.,   3.,  13.,   0.,   1.,   7.,   5.,  12.,   3.],
        [ 27.,   2.,   2., 110.,   0., 274.,   5.,   2.,   8.,   0.],
        [  0., 298.,   6.,  11.,   1.,   1.,   6.,   4.,  12.,   2.],
        [  5.,   0.,   6.,   8.,  47.,   8.,   5., 266.,   6.,  18.],
        [  1.,   4.,   1.,  13.,  18.,  10., 285.,   4.,   7.,   6.],
        [  0.,   2.,   1.,   4.,   6.,   7.,  17.,  27.,   7., 201.],
        [  0., 289.,   2.,  10.,   0.,   1.,   6.,   1.,   6.,   1.],
        [  0.,   5., 162.,   7.,  16.,   3.,  13.,   2.,   4.,   2.],
        [  9.,   2.,   1.,  28.,   2., 275.,   3.,   4.,  11.,   7.],
        [  6.,   9., 277.,  16.,   0.,   2.,   7.,   5.,  17.,   0.],
        [  7.,   1.,   5., 100.,   0., 162.,  10.,   2.,  10.,   1.],
        [  0.,   1.,   9.,  10.,   4.,   2.,   4., 303.,   5.,  10.],
        [  5.,   0.,   5.,   2.,   2., 272.,   2.,   5.,  21.,   4.],
        [  2.,   0.,   3.,  14.,   1.,   2.,   1., 290.,   3.,   9.],
        [  0., 105., 238.,  13.,   0.,   2.,   9.,   2.,   5.,   3.],
        [  2.,  16.,   1.,   5.,   0.,  17.,  10.,   8., 242.,   4.],
        [  6.,   4.,   3.,  10.,   5.,   7., 298.,   2.,   7.,   8.],
        [  4.,   5.,  21.,   4.,  28.,   2., 308.,   2.,   7.,  44.],
        [  0.,   1.,   1.,   4., 250.,   5.,   3.,  10.,   5.,  15.],
        [296.,   0.,   8.,   4.,   9.,   2.,  29.,   5.,   2.,   3.],
        [ 17.,   0., 287.,  18.,   2.,   1.,   7.,  19.,  13.,   0.],
        [  0.,   2.,   1.,   3.,   2.,  28.,   4., 268.,   2.,  79.]],
       device='cuda:0')
Epoch 2 | Batch 800
tensor([[  3.,   0., 303.,   0.,   0.,   1.,  13.,   0.,   1.,   0.],
        [  2.,  24.,   0.,   0.,   4.,  24.,   1.,  48.,   9., 255.],
        [  3.,   3.,   1.,   0.,   1.,   3.,   4.,   9., 301.,   7.],
        [  0., 282.,   0.,  21.,   5.,   8.,   4.,   9.,   7.,  38.],
        [  4.,   1.,   0.,  68.,   1., 239.,  12.,   0.,  12.,   1.],
        [  3.,   2.,   0.,   0.,   5.,   2.,  12.,   2., 284.,  21.],
        [276.,   0.,  17.,   2.,   0.,   5.,   0.,   1.,   5.,   0.],
        [  3.,   0.,   0.,   0.,   5.,  14.,   0., 277.,   3.,   4.],
        [  3.,   0.,  12.,  13.,   5.,   5.,   2.,  31., 287.,   6.],
        [291.,   0.,   0.,   5.,   0.,   5.,   4.,   1.,   9.,   1.],
        [  0.,   0.,  22.,   0.,  20.,   6.,   0., 248.,   2.,  11.],
        [  4.,  11., 263.,   6.,   1.,   2.,   2.,   4.,  18.,   4.],
        [  1.,   0.,   0.,   0.,   5.,   3.,   1.,  15.,  13., 281.],
        [  7.,   0.,   0.,   0.,   6.,   8.,   2.,   6.,   8., 232.],
        [  4.,   2.,   0.,   0.,  15.,  89.,   4.,   1.,  99.,   4.],
        [  1., 149., 109.,   0.,  37.,  14.,   0.,   0., 202.,   0.],
        [276.,   0.,   0.,   0.,   0.,   6.,  35.,   2.,  10.,   2.],
        [291.,   0.,   0.,   0.,   0.,   4.,   0.,   1.,  13.,   1.],
        [  4.,   0.,  45.,   0.,  14.,   0., 202.,   3.,   1.,   0.],
        [  1., 293.,   0.,   9.,   7.,  16.,   4.,   9.,   5.,  93.],
        [  0.,   2.,   0.,   0.,   2.,   8.,   0., 287.,   1.,   5.],
        [  1.,  11.,   0., 277.,   4.,  12.,   2.,  12.,  18.,  44.],
        [ 13.,   0.,   1.,   0.,  42.,   4., 212.,   0.,   2.,   0.],
        [  1., 269.,   1.,   1.,  42.,   9.,   2.,   2.,   5.,   7.],
        [  2.,   0.,   0.,  55.,   4., 152.,   1.,   5.,   5.,   3.],
        [  3.,  14.,   0., 286.,   3.,  26.,   4.,   1.,  12.,   5.],
        [  1.,  13.,   0.,   0., 272.,   6.,   2.,   4.,   4.,  39.],
        [  2.,   0., 279.,   0.,   0.,   4.,   3.,   3.,  34.,  46.],
        [  2., 288.,   0.,   1.,   6.,  14.,   5.,   4.,   5.,  24.],
        [  6.,   0.,   0.,  22.,   0., 213.,  23.,   1.,  18.,   0.],
        [  2.,   0.,   0.,   0., 276.,   7.,   5.,   3.,   3.,   6.],
        [  6.,   0., 300.,   0.,   0.,   5.,   0.,   5.,  11.,   0.],
        [  6.,   0.,   0.,   0.,   3.,   5.,   0., 269.,   3.,   5.],
        [ 32.,   0., 293.,  20.,   0.,  14.,   2.,   5.,  80.,   0.],
        [  7.,   0.,   0., 278.,  18.,  21.,   1.,   8.,  95.,  10.],
        [  0.,   0.,   4.,   0.,   3.,   7.,   0., 301.,   1.,   4.],
        [  1.,  23.,   0.,   0., 249.,   4.,  34.,   4.,   7.,   9.],
        [  1.,   0.,   0.,  36.,   3., 239.,  61.,   0.,  10.,   3.],
        [  8.,  20.,   0., 257.,   1.,  11.,   2.,   5.,   5.,   3.],
        [  3.,  27.,  49., 243.,   1.,  22.,   1., 145.,  19.,  59.],
        [  1.,   0.,  85., 220.,   4.,   6.,  16.,   0.,   3.,   0.],
        [  1.,  14.,   0.,   0.,   2.,   8.,   1.,  16.,   4., 245.],
        [ 54.,   0.,   0.,   0.,  19., 286.,   0.,   1.,  16.,   3.],
        [  3.,   0.,   0.,   0., 258.,   3.,   3.,   0.,   3.,  86.],
        [  1.,  39.,  97.,   0.,   5.,  11., 187.,   7.,   4.,   2.],
        [  0.,  77.,   0.,   0., 234.,   6.,   2.,   4.,   4.,   6.],
        [ 19.,   0.,   0., 268.,   5.,  11.,  63.,   2.,  16.,  21.],
        [301.,   0.,   0.,   4.,   0.,   9.,   0.,   1.,   1.,   0.],
        [ 25.,   0.,   0.,  39.,   3., 281.,   2.,  85.,   8.,   0.],
        [ 77.,   0.,  42.,   0.,   4., 254.,   0.,   6., 118.,   0.],
        [  2.,   0.,   4.,   0.,   5.,   4.,  30.,   6., 302.,  10.],
        [  3.,   0.,  58.,   0.,   2.,  11.,   0., 298.,   5.,   3.],
        [  1.,   0., 296.,   0.,   2.,   5.,   4.,   0.,   5.,   1.],
        [  3.,   0.,   0.,   0.,   5.,   8.,   1.,   4.,  11., 273.],
        [  0.,   0.,   0.,   0., 269.,   3.,   4.,   2.,  26.,  14.],
        [  1.,   2.,   0.,   0.,   5.,   9., 298.,   1.,  11.,   4.],
        [  0.,   1.,   0.,   5., 256.,   5.,  30.,   1.,   5.,  14.],
        [  1.,   4.,   0.,   0.,   5.,  51.,   1., 241.,   3.,   5.],
        [ 13.,   0.,  19.,   0.,   1.,   2.,   4.,   9.,   1., 266.],
        [  0., 272.,   0.,   2.,  17.,   8.,   1.,   5.,   1.,  56.],
        [  5.,  71., 197.,  29.,   0.,  14.,  38.,  15.,   4.,   5.],
        [  4.,  28.,   0.,   6.,   1.,  16., 282.,   1.,   8.,  42.],
        [  4.,  48.,   0.,   0.,  16.,  14.,   6.,   4., 166.,  24.],
        [  4.,   6.,   0., 298.,   3.,  17.,   2.,   2.,   5.,   0.]],
       device='cuda:0')
Epoch 2 | Batch 900
Switching label layer to Inference Mode (LIF)...
Epoch 2 DONE | Test Acc: 79.71% | Time: 776.8s
Switching label layer back to Training Mode (Clamp)...
tensor([[ 34.,  10.,   9.,  39.,   4.,  17.,   3.,   1., 269.,  15.],
        [  3.,   4.,  14.,   0.,  23.,   1., 309.,   0.,   2.,  14.],
        [  0., 247.,   4.,   4.,   4.,   2.,   3.,   0.,   3.,   7.],
        [  5.,   5., 307.,   5.,   5.,   8.,   4.,   0.,   0.,   4.],
        [ 46.,  90.,  12.,  31.,   1., 160.,   4.,   0.,   3.,   4.],
        [  8.,   5.,   3.,   5.,   4., 276.,  20.,   0.,  15.,   6.],
        [  2.,   5.,   6.,   5.,  11.,   0.,   2.,  17.,   4., 257.],
        [  0.,   8.,   0.,   4.,  13.,   4.,   1., 287.,   2.,  15.],
        [316.,   0.,   3.,   2.,   3.,  30., 113.,   1.,   2.,   3.],
        [  8.,   3., 272.,   5.,  13.,   4.,  15.,   0.,   2.,  10.],
        [314.,   1.,   4.,   1.,   2.,  24.,   9.,   0.,   1.,   1.],
        [299.,   1.,   3.,  16.,   9., 122.,   3.,   1.,   3.,   3.],
        [  1., 267.,   5.,   5.,   6.,   1.,   4.,   0.,  17.,   8.],
        [  2.,   6., 299.,  10.,   3.,   5.,   2.,   0.,   5.,   7.],
        [ 24.,   2.,   5.,   0., 259.,   0.,  16.,   0.,   1.,  14.],
        [  4.,   6.,   1.,   2., 269.,   1.,   8.,   7.,   1.,  26.],
        [295.,   0.,   9.,   4.,   3.,  13.,   1.,   0.,   4.,   0.],
        [  3.,  18.,   4.,   2.,   7., 283.,   1.,   9.,  76.,   6.],
        [ 11.,   7.,   4.,   1.,   9.,  13.,   4.,  25., 227.,  20.],
        [  0.,  12.,   3.,  14.,  14.,  13.,   1.,  43.,   6., 166.],
        [  1.,   5.,   2.,   1.,   6.,   5.,   1., 308.,   2.,  24.],
        [290.,   0.,  12.,   1.,   3.,  15.,   3.,   1., 106.,   7.],
        [307.,   1.,   8.,   2.,   0.,  23.,  11.,   0.,   5.,   3.],
        [  5.,   3., 299.,  11.,   7.,   2.,   5.,   0.,   0.,   5.],
        [  0.,   4.,  13.,   1.,  14.,   2., 308.,   0.,   4.,  13.],
        [  2.,  17.,   7., 282.,   3.,  54.,   1.,   1.,   9.,  10.],
        [  4.,  33.,   2.,   3.,  10.,   3.,   4.,   4., 289.,  17.],
        [  1., 199.,  19.,   3.,   3.,   2.,   5.,   0.,  43.,   3.],
        [ 14.,   9.,   2.,  20.,   1., 286.,   4.,   0.,   6.,   2.],
        [  4.,   2.,  15.,   0.,  71.,   1., 300.,   0.,   0.,   9.],
        [ 34.,   6.,   5.,   3.,  18.,   0.,   2.,   1.,   6., 279.],
        [ 12.,   4.,   3.,   0., 241.,   2.,  23.,   4.,   2.,  23.],
        [ 52.,   2.,   0.,   6.,  35.,  13.,   3., 151.,   1.,  51.],
        [  0.,   5.,   9.,   2.,  13.,   1., 304.,   0.,   6.,  13.],
        [  4.,   6.,  14., 248.,   4.,  82.,   1.,  39.,  33.,  12.],
        [  9.,   3., 291.,   2.,   1.,   4.,  11.,  12.,   7.,   5.],
        [ 15.,   6.,   5.,   1.,  15.,  92.,   3.,   2., 295.,  16.],
        [  1.,   9.,   0.,   1.,  45.,   6.,   1., 306.,  44.,  11.],
        [  0.,   6.,   3.,   7.,  11.,  10.,   1., 303.,   2.,  15.],
        [ 14.,   7.,   1.,   0.,   5., 231.,   1.,  44.,   6.,  11.],
        [  1.,   3.,  17.,   0.,  16.,   2., 316.,   0.,   4.,   8.],
        [  0., 237.,   2.,   3.,   4.,   2.,   3.,   0.,   4.,   7.],
        [  8.,   8.,   7.,   1., 197.,   1.,  39.,   0.,   4.,   8.],
        [  0.,  13.,  26., 108.,   9.,   9.,   0., 267.,   1.,  16.],
        [  1., 255.,   3.,   5.,   5.,   2.,   3.,   0.,   8.,   9.],
        [314.,   0.,   8.,   1.,   0.,  22.,  13.,   0.,   0.,   4.],
        [  5.,   3.,  12.,   1., 276.,   1.,  18.,   0.,   1.,  29.],
        [  4.,   4.,   3.,   1.,  24.,   0.,  28.,   5.,  23., 250.],
        [  2.,   3.,  23.,   5., 258.,   7.,   2.,   7.,   4.,  17.],
        [  0.,  10.,   6.,   2.,   3.,   3.,   1., 288.,   2.,  16.],
        [  7.,   4., 297.,   1.,   3.,   9.,   6.,   0.,   0.,  11.],
        [233.,   1.,   2.,   7.,   5.,  17.,   7.,   4.,  15.,  14.],
        [  1.,   8.,  10.,   0.,  12.,   1.,  18.,   7.,   7., 276.],
        [  1.,   8.,   1.,   3.,  13.,   3.,   6.,  16.,   4., 275.],
        [  7.,   2.,   0.,   0., 285.,  80.,  10.,  20.,   8.,  21.],
        [  7.,   2., 291.,   0.,  10.,   2.,  19.,   4.,   0.,  24.],
        [ 30.,   4.,   5.,   0.,   5., 177.,   0.,   0.,   5.,   6.],
        [  1., 258.,   4.,   5.,   6.,   3.,   3.,   0.,   6.,   9.],
        [  7.,   5., 300.,  11.,   8.,   4.,  21.,   0.,   0.,   4.],
        [  6.,   2.,   3.,  30.,   9.,  27.,  11.,   0., 212.,  20.],
        [ 31.,   6.,   1.,   5.,  16., 223.,   8.,   0.,   0.,  25.],
        [  1.,   3.,  62.,   0.,  34.,   0., 301.,   0.,   1.,   7.],
        [  1.,   5.,   2.,   1.,  20.,   3.,   0., 304.,   2.,  48.],
        [  2.,   7.,   1.,   1.,   9.,   2.,   2.,  80.,   7., 285.]],
       device='cuda:0')
Epoch 3 | Batch 0
tensor([[  1.,   2.,   1., 272.,   4.,  90.,   2.,   5.,  15.,  21.],
        [  0.,   2.,   3.,   0.,   5.,  12.,   1.,  11.,  19., 279.],
        [ 16.,   2.,   3.,   4.,   3.,   5.,   1., 289.,   4.,  12.],
        [  0.,   2.,  37., 280.,   1.,  26.,   0.,   1.,  12.,   4.],
        [  0.,   0.,   9.,   0., 288.,   3.,  29.,   0.,  17.,  98.],
        [281.,   1.,   7.,   0.,   1.,  49.,   9.,   4.,   8.,   1.],
        [  8.,   0.,   9.,   7.,   0., 280.,   3.,   2.,   9.,   1.],
        [ 16.,   1., 216.,   0.,   0.,   5.,  16.,   6.,  10.,   6.],
        [  0.,   2.,   5.,   0.,   4.,   5.,   3.,  14.,   8., 293.],
        [  0.,   0.,   8.,  16.,   3.,  61.,   6.,   1., 278.,   9.],
        [  0.,   0.,   5.,   7., 289.,   2.,  42.,   2.,   6.,  25.],
        [  0.,  10.,   9.,   1.,   5.,   8.,   8.,  14.,  32., 106.],
        [  0.,  20.,   6.,  14.,   4.,  24.,  29.,   5.,  95.,   3.],
        [ 33.,   0.,   3.,   5.,   2., 280.,   0.,   9.,  21.,  15.],
        [289.,   2.,  46.,   0.,   0.,  24.,  15.,   3.,  49.,   3.],
        [  0.,  18., 276.,  11.,   0.,  49.,   7.,   0.,   9.,   1.],
        [  2.,   3.,   8.,   5.,   6.,  16.,   3.,   7., 292.,  44.],
        [  0., 305.,   4.,   2.,   0.,   9.,   7.,   2.,  20.,   3.],
        [  0.,  10., 197.,   6.,   0.,  51.,   2.,   0.,  18.,   1.],
        [  0.,   1.,   3.,   0.,   1.,   4.,   5.,   0.,   5., 250.],
        [  0.,  10.,  11.,   0.,   1.,   8.,   0., 288.,   5.,  12.],
        [285.,   0.,  16.,   4.,   0.,  39.,   1.,   2.,  22.,   6.],
        [  0.,   2.,   6.,   8.,   2.,  14.,   5.,   1., 190.,   8.],
        [  1.,   5.,  18.,   3.,   1.,  16.,   6.,  20., 274.,   5.],
        [ 17.,   1.,   5.,   2.,   2.,   6.,   0., 291.,   9.,  15.],
        [290.,   1.,  20.,   0.,   0.,  34.,  11.,   3.,   8.,   1.],
        [  0.,   0.,   6.,   4.,  26.,   4.,   6.,   1.,   5., 241.],
        [ 81.,   1.,   6.,   3.,   0.,   4.,   2., 285.,   4.,   3.],
        [  0., 296.,   7.,   5.,   1.,  10.,   3.,   3.,  35.,   2.],
        [ 15.,   0., 218.,   0.,   0.,   9.,   9.,   4.,  19.,   9.],
        [  0., 285.,  19.,   2.,   0.,   8.,   4.,   2.,  25.,   1.],
        [  0.,  48.,   6.,   1.,   4.,  15.,   5.,   5., 274.,   7.],
        [  0.,  86.,   9.,   4.,   2.,   8.,   1.,  70.,  11.,   8.],
        [  8.,   0.,   5.,   0.,   2., 284.,   0.,   3.,  96.,  24.],
        [  1.,   4.,  10.,   4.,   2.,  11.,   6.,   1., 265.,   7.],
        [ 15.,   3.,   1.,   0.,   6.,   5.,   3., 278.,   9.,   4.],
        [  0.,   6.,   8.,   0.,   2.,   9.,   1., 294.,   8.,  11.],
        [  0.,   3.,  11.,   0.,   5.,  16., 292.,   0.,  20.,  11.],
        [  2.,   0.,   1.,  23.,   4., 279.,   4.,   0.,  12.,   7.],
        [  1.,   3., 261.,   1.,   0.,  13.,   5.,   4.,   9.,   3.],
        [  0.,   4.,   4.,   0.,   7.,  11.,   2., 303.,  14.,  13.],
        [  5.,   0.,   7.,   3.,  12.,   1.,   4.,   5.,   6., 281.],
        [  0.,   2.,   1.,   2.,  70.,  11.,  11., 297.,  22.,  14.],
        [290.,   3.,  15.,   0.,   0.,  19.,   8.,   3.,  12.,   4.],
        [  0.,   2.,   4.,   1.,   4.,   6.,   4.,  58.,  10., 272.],
        [  0.,   9.,   4.,   2.,   6.,  10.,   0., 307.,  14.,  14.],
        [  5.,  62.,  10.,   0.,   2., 267.,   2.,  19.,  44.,   0.],
        [  0., 285.,   1.,   1.,   0.,   3.,   3.,   1.,   8.,   1.],
        [  0.,   3.,  31.,   0.,   2., 284.,   7.,   2.,  27.,   5.],
        [  0.,   1.,  11.,   0.,   2.,  10., 293.,   0.,   9.,   6.],
        [  0.,   3.,  10.,   0.,  13.,   5., 293.,   0.,  10.,   4.],
        [ 68.,   1.,   5.,   0.,   0.,   6.,   1., 302.,  11.,   7.],
        [  0.,   1.,  11., 255.,   0.,  80.,   1.,   1.,  21.,   7.],
        [  0.,   2.,   7.,   0.,   8.,  18., 296.,   0.,  64.,  11.],
        [  1.,   1.,   7.,  18.,   2.,  79.,  13.,   1., 231.,   2.],
        [  0.,  83.,   2.,   0.,   2.,   8.,   1., 308.,  22.,  33.],
        [  0.,   0.,  19., 286.,   0.,  11.,   0.,  66.,   5.,  16.],
        [  0.,   6.,   7.,   2.,   0.,  38., 284.,   0.,  19.,   9.],
        [  3.,   1.,   3.,   4.,   0., 260.,   4.,   5.,  11.,   1.],
        [  0.,   0.,  11.,   0.,  11.,   3., 301.,   0.,   3.,   3.],
        [  0.,   2.,  10.,   2.,   3.,  23.,   5.,   8., 271.,   2.],
        [  4.,   0.,   9.,   0.,  13., 251.,   1.,   4.,  15.,  19.],
        [  0.,   3.,   5.,   0.,   0., 271.,  30.,   2.,  19.,   8.],
        [  0., 300.,   2.,   2.,   0.,   9.,   3.,  12.,  10.,   6.]],
       device='cuda:0')
Epoch 3 | Batch 100
tensor([[  0.,   5.,   6.,   4.,  11.,   1.,   1., 306.,   4.,   9.],
        [  4.,   8.,   7.,   7.,  13.,  11.,   5.,   6., 288.,   1.],
        [ 60.,   2.,   7.,  56.,  16., 278.,  13.,   8.,  28.,   0.],
        [290.,   3.,  11.,   6.,  13.,  18.,   5.,  18.,   6.,   1.],
        [ 21., 150.,  44.,   9.,  16.,   7., 168.,   5.,  68.,   1.],
        [  0.,   6.,   3.,   4.,   8.,   0., 244.,   8.,   7.,   6.],
        [  0., 255.,   1.,  14.,   4.,   0.,   5.,  15.,  10.,   2.],
        [309.,   1.,   5.,   7.,   0.,  22.,   3.,  22.,   3.,   0.],
        [  1.,   7., 310.,  11.,   0.,   2.,   5.,   5.,   4.,   0.],
        [  9.,   5.,   2., 294.,   6.,   2.,   2.,  15.,  12.,  53.],
        [  5.,  20.,   8.,  23.,  12.,   4.,   2.,  18., 287.,   5.],
        [  1.,  19.,   1.,   3.,   5.,   0.,   2., 297.,   5.,   5.],
        [  0.,   3.,   1.,   5., 279.,   1.,   4.,  14.,   6.,  10.],
        [  8.,  12.,   3.,  14.,   8.,  19.,   2.,  12., 288.,  16.],
        [  1.,   3.,   1.,   1.,  30.,   3.,   7.,  21.,   2., 276.],
        [  1., 309.,  17.,   7.,   4.,   1.,   6.,  12.,  16.,   1.],
        [  6.,   1.,   3.,   2.,   7.,   0.,  12.,  25.,   0., 202.],
        [  0.,  12.,  10., 164.,  13.,   4.,   5.,   4.,  12.,   7.],
        [  0., 287.,  34.,  15.,   5.,   0.,   7.,  10.,  24.,   0.],
        [ 22.,   4.,  11.,  48.,   3., 264.,   5.,  20.,   6.,   1.],
        [  9.,   4.,  10., 303.,   1.,   6.,   3.,  12.,  37.,   1.],
        [  1.,   7.,   6.,  17.,  11.,   0., 293.,   7.,  15.,  24.],
        [  0.,  32.,   4.,  34.,  11.,   0.,  11.,  17., 216.,   4.],
        [305.,   1.,  12.,   8.,   0.,  12.,   2.,   9.,   2.,   0.],
        [  6.,  10.,  24.,   5.,   4.,   2., 294.,   4.,   9.,   8.],
        [ 10.,   2.,   1.,   8.,  18., 262.,   2.,  19.,  17.,  25.],
        [  3.,   8.,  15., 277.,   4.,   0.,   6.,   8.,   3.,  20.],
        [  0., 282.,   1.,   7.,   3.,   1.,   3.,   9.,  12.,   2.],
        [  1.,  12.,   4.,   4.,  12.,   2.,   3.,  24.,  26., 213.],
        [  0.,  10.,   2., 143., 116.,   3.,  91., 279.,   2.,   7.],
        [ 21.,   1.,   0.,  52.,   7., 282.,   2.,  54.,   9.,   0.],
        [  0.,  31., 293.,  11.,   1.,   1.,  14.,   8.,  15.,   5.],
        [  0.,   2.,   0.,  23., 281.,   9.,  13.,  10.,   3.,  23.],
        [  5.,  21.,   5.,   5.,  26.,   6.,   3.,  16., 285.,   5.],
        [254.,   1.,  23.,  11.,   0.,   3.,   8.,  29.,   1.,   0.],
        [ 20.,   2.,   1.,  37.,  19., 292.,   3.,  15.,  18.,   1.],
        [  0., 276.,   0.,   6.,   3.,   1.,   2.,   7.,  26.,   2.],
        [302.,   2.,   7.,   5.,   5.,   3.,   1.,   7.,   0.,   0.],
        [  1.,   6.,   0.,   6.,  17.,   4.,   2., 166.,   3.,   7.],
        [  9.,   4.,   1.,   4.,   4.,   7.,   2., 163.,   2.,   9.],
        [  0.,   4.,   4.,   4., 276.,   3.,  11.,  10.,   5.,   9.],
        [  2.,   6.,   1.,   2.,   9.,   3.,   0., 309.,   6.,  10.],
        [ 10.,   5.,   1., 289.,  10.,   0.,   7.,   8.,  11.,   9.],
        [ 23.,   2.,   1.,  51.,  13., 294.,   2.,  18.,  13.,   1.],
        [  1.,   6.,   0.,   4.,  11.,   3.,   2., 283.,  55.,   8.],
        [  1.,  13.,   1.,   7.,  15.,   0.,   4.,  15.,  11., 271.],
        [ 14.,   2.,   2.,  16.,  15., 273.,   1.,  10.,  81.,   2.],
        [301.,   1.,   4.,  12.,   3.,   9.,   0.,  12.,   2.,   0.],
        [  1.,   3.,   1.,   4.,  21.,   2.,   2.,  26.,  49., 276.],
        [ 42.,   2.,   2.,   9.,   4.,   2.,   2., 313.,   2.,   4.],
        [  6.,   2.,   2., 305.,   4.,   2.,   4.,  21.,   4.,   6.],
        [  6.,   5.,  11.,   2.,   8.,   8.,   6.,   7., 280.,   8.],
        [  1.,  13.,  46., 283.,   7.,   6.,   3.,   3.,   5.,   1.],
        [  0.,   7.,   4.,  19.,   5.,   4.,   2.,  27., 258.,  11.],
        [  5.,   9.,  10.,  64.,   1.,   3.,  17.,   9., 233.,   1.],
        [ 13.,   5.,  19.,   6.,   8.,   3., 284.,   8.,   4.,   4.],
        [294.,   4.,   7.,   0.,  10.,   3.,  42.,  27.,   2.,   1.],
        [ 12.,   2.,   1.,  24.,   7., 225.,  11.,  13.,  27.,   2.],
        [  8.,   1.,  14., 222.,   3.,   6.,   0.,  17.,  19.,   4.],
        [  2.,   6.,   0.,  20.,  11.,   1.,   3., 160.,  35.,  83.],
        [  2.,  15.,   1.,  21.,  12.,   2.,   2.,  19.,  88., 203.],
        [  1.,  27.,   3.,  37.,   7.,   2.,   1.,  30., 203.,   3.],
        [308.,   2.,   0.,  11.,   0.,   7.,   0.,  38.,   1.,   3.],
        [  0.,  29.,   5.,  11.,  16.,   2.,   4., 224.,   8.,   9.]],
       device='cuda:0')
Epoch 3 | Batch 200
tensor([[  0., 304.,  11.,  14.,   7.,  11.,   5.,   6.,   3.,   6.],
        [  2.,  13.,   3.,   4., 276.,  31.,  32.,   8.,   4.,  11.],
        [ 12.,   3.,  25., 278.,   3.,   4.,   3.,   6.,   0.,   3.],
        [  1., 273.,  13.,   4.,   9.,   7.,   2.,   4.,   1.,   7.],
        [  1.,   0.,   6.,  17., 270.,  14.,  50.,   4.,   1.,  14.],
        [  0.,   5.,   5.,   3.,  14.,  10.,   3.,   7.,   2., 252.],
        [ 24.,   0.,   8.,  21.,  22.,  18.,   0.,   2., 266.,  12.],
        [  2.,   0.,   1.,   6.,  31.,  18.,   0., 302.,   0.,  88.],
        [  6.,   1.,   2.,   1.,  39.,   8.,   2.,  20.,   6., 284.],
        [  2.,   0.,   3.,   9., 275.,   8.,   7.,   7.,   1.,  12.],
        [314.,   0.,  13.,   0.,   0.,   7.,   0.,  16.,   0.,   3.],
        [  8.,   2.,  41., 242.,   4.,   8.,   0.,   1.,  38.,   2.],
        [ 15.,   6.,  23., 293.,   2.,   4.,   4.,   2.,   0.,   1.],
        [  6.,   8., 240.,  21.,   4.,   6.,   0.,   0.,   4.,   4.],
        [  0.,   1.,   8.,   1.,   6.,  18., 315.,   4.,   1.,   5.],
        [322.,   0.,   5.,   0.,   0.,   6.,  13.,   6.,   0.,   0.],
        [ 16.,   2.,   1., 263.,   7.,   9.,   1.,   1.,  28.,   3.],
        [308.,   0.,   9.,   8.,   1.,   6.,   6.,   3.,   0.,   0.],
        [  1.,   2.,   1.,  14.,   9.,  18.,   2.,  13.,   1., 263.],
        [303.,   0.,  57.,  19.,   0.,  24.,   5.,   6.,   0.,   0.],
        [ 14.,   2.,   5.,   3.,   1., 272.,   1.,   9.,   1.,   5.],
        [  0.,   0.,   6.,  35., 244.,  13.,   2.,  10.,   4.,   6.],
        [  6.,   3., 124.,   1.,   4.,  24.,   1., 219.,   1.,   5.],
        [  2.,   6.,   5.,  26.,   5.,  34.,   1.,  11., 220.,  13.],
        [  5.,  24.,  10.,   3.,   7.,  81.,   1.,   2., 233.,  27.],
        [  1.,   0.,   4.,  19.,  39., 227.,   5.,   0.,   5.,   3.],
        [ 13.,   0.,   8., 288.,  87.,   2.,   0.,   0.,   4.,   8.],
        [306.,   1.,   8.,   6.,   1.,  63.,  20.,   5.,  43.,   2.],
        [  0.,   0.,   1.,  33., 287.,  12.,   1.,   5.,   1.,  21.],
        [288.,  14.,  53.,  48.,   3.,  11.,   1.,   5.,  55.,   1.],
        [  4.,  13., 211.,  10.,   4.,   4.,   0.,   8.,   4.,  13.],
        [  0.,   2.,  10.,   1.,   5.,  11., 316.,   4.,   0.,   5.],
        [304.,   0.,   3.,  11.,   1.,   9.,  13.,   8.,   1.,   4.],
        [  0., 300.,   9.,  15.,   7.,  16.,   4.,   5.,   4.,   7.],
        [  1., 277.,   3.,   6.,   4.,   6.,   1.,   4.,   1.,   5.],
        [ 65.,   0., 272.,  56.,   9.,   3.,  44.,   0.,   0.,   3.],
        [  6.,   3.,  12.,   2., 233.,  72.,  25.,   9.,   1.,   5.],
        [  0.,   0.,   3.,   3.,   6.,  10.,   0., 302.,   0.,  21.],
        [ 13.,   0.,   0.,   6.,   9.,  20.,   0., 284.,   5.,   7.],
        [308.,   0.,  12.,   8.,   0.,   3.,  18.,   2.,   0.,   2.],
        [  0.,   1.,   4.,   4., 284.,  14.,   5.,  21.,   4.,  33.],
        [  2.,   3.,   3.,   1.,   7.,  15.,   1.,  32.,   3., 279.],
        [  5.,   3.,  13.,   4.,   9.,   4., 283.,  12.,   1.,   5.],
        [  0.,   9.,  32.,  11.,  30.,  82.,   7.,   2.,  97.,  19.],
        [ 12.,   3.,  17.,   2.,  10.,   3., 299.,   0.,  35.,  11.],
        [ 14.,   3.,   2.,   1.,  22.,  11.,   3.,  25.,   4., 279.],
        [315.,   0.,   3.,   5.,   0.,  17.,  10.,   3.,   0.,   0.],
        [ 10.,   0.,   3.,   5., 300.,   6.,   0.,   8.,   2.,   3.],
        [  0.,   2.,   5.,   3.,  28.,  16.,   1.,  19.,   2., 165.],
        [ 30.,   0.,   4.,   6.,   0., 295.,  21.,   1.,   1.,   4.],
        [ 20.,   0.,   0.,   2.,  33.,  16.,   0., 251.,   0.,  21.],
        [163.,   0.,  33.,   4.,   7.,   3., 151.,   3.,   0.,   1.],
        [302.,   0.,  51.,  25.,   0.,  24.,  16.,   3.,   0.,   1.],
        [ 30.,   2., 295.,   4.,   7.,  10.,  19.,   3.,   0.,   6.],
        [162.,   1.,  14.,  31.,   2.,  39.,   3.,   6.,   1.,   5.],
        [  0., 287.,  16.,  28.,  12.,  11.,   8.,   6.,   2.,  10.],
        [  2.,  13.,   7.,   4.,   7.,  20.,   1.,  32., 164.,  21.],
        [  0.,   1.,   8.,   1., 250.,   4.,  57.,  11.,   0.,   5.],
        [  2., 266.,   8.,   4.,   6.,   5.,   1.,   3.,   3.,   7.],
        [  8.,   1.,  12.,   5.,   5.,   3., 306.,   0.,   0.,   4.],
        [  0.,   0.,   1.,  10.,   3.,   9.,   0., 271.,   0.,   2.],
        [  2.,   5.,  16.,   1.,   4.,  13.,   4., 264.,   0.,   9.],
        [  7.,   8.,   3.,   2.,   5., 171.,   1.,   8.,  77.,   3.],
        [  0.,   3.,   3.,  16., 218.,  11.,  29.,   3.,   0.,   8.]],
       device='cuda:0')
Epoch 3 | Batch 300
tensor([[  0., 239.,   6.,   8.,   0.,   1.,   8.,   2.,   2.,   0.],
        [  2., 274.,   6.,  12.,   2.,   3.,  32.,   4.,  12.,   3.],
        [  1., 285.,   2.,   9.,   0.,   2.,  14.,   4.,   3.,   1.],
        [  7.,  26.,   1.,  11.,   3., 281.,   3.,   5.,   3.,   0.],
        [  6.,  16., 291.,  17.,   0.,   6.,   6.,   7.,   8.,   0.],
        [  1., 269.,   5.,  13.,   1.,   2.,  10.,   4.,   3.,   1.],
        [ 27.,   7.,   5.,  19.,  11.,  42.,  12.,  21., 150.,  14.],
        [318.,   2.,   1.,  12.,   3.,  17.,   2.,   3.,   3.,   0.],
        [ 28.,  29.,  10.,  50.,   6.,  23.,  39.,  14., 209.,   3.],
        [  1., 122.,   6.,  15.,   2.,   8., 276.,   3.,   3.,   2.],
        [ 24.,   6.,   5.,  25.,   3., 256.,  86.,   2.,   0.,   1.],
        [ 17.,  10.,   5.,  10.,  15.,  44., 312.,   1.,   0.,   2.],
        [ 47.,  11.,   0., 296.,   5.,  31.,  16.,   4.,   1.,   2.],
        [  1., 262.,   2.,  14.,   1.,   3.,  11.,  12.,   2.,   5.],
        [ 65.,   5.,   0., 306.,   1.,   2.,  13.,   5.,   0.,   0.],
        [  3.,   9.,  13.,  12.,  11.,   2., 304.,   2.,   0.,   4.],
        [  4.,  17.,   5.,  15.,   7.,  11.,  13.,  15., 221.,  49.],
        [ 54.,   5.,  20.,   3.,  10.,   2., 307.,  39.,   0.,   0.],
        [ 36.,   4.,   7.,   2.,   3.,   4., 265.,   3.,   3.,   0.],
        [  7., 141.,  33.,  12.,   0.,   8.,  29.,   8.,   1.,   1.],
        [ 85.,  11.,   4.,   5.,   9.,  23.,   7.,  11., 254.,  13.],
        [ 32.,   8., 277.,  33.,   0.,   3.,   7.,  25.,   7.,   0.],
        [317.,   4.,   4.,  10.,   4.,  23.,   4.,   5.,   4.,   0.],
        [  1.,  12.,   0.,  12.,   4.,   4.,  21.,   9.,  41., 283.],
        [ 22.,   7.,   1., 303.,   1.,   5.,   6.,   5.,   4.,   0.],
        [  0.,  17.,   2.,  20.,   3.,   1.,   2., 289.,   1.,  34.],
        [ 23.,  34.,   2.,  16.,   4., 287.,   2.,   2.,   7.,   0.],
        [  1.,  18.,   2.,   8.,   1.,   6., 260.,   2.,   2.,   2.],
        [ 16.,  20.,   0.,  42.,  11.,  12.,  28.,   5., 173.,  10.],
        [  1.,  38.,  25., 266.,   2.,   3.,   6.,   6.,   2.,   3.],
        [  4.,  12.,   5.,  11.,  15.,   7., 310.,   3.,   5.,   4.],
        [  9.,   4.,   7.,  13.,  12., 224.,  30.,   2.,   2.,   1.],
        [  8.,  10., 285.,   7.,   4.,   8.,  11.,   8.,   3.,   3.],
        [292.,   5.,   2.,  22.,  13.,   5.,  27.,  20.,  14.,  10.],
        [  1., 287.,   2.,   9.,   1.,   3.,  15.,   7.,   2.,   1.],
        [ 40.,   6.,  35.,   3.,  11.,   0., 296.,   9.,   1.,   1.],
        [  6.,   5.,   1.,   4., 268.,   6.,  27.,   6.,   3.,   3.],
        [  9.,   9., 308.,  10.,   1.,   5.,  12.,   8.,   0.,   0.],
        [  4.,   3.,   0.,  57.,   4.,   6.,  13.,  66.,   2., 278.],
        [297.,   3.,   0.,  34.,  16.,  18.,   8.,  11.,   4.,   4.],
        [ 11.,   5.,  13.,  39.,   0., 223.,  36.,   7.,   3.,   0.],
        [  8.,   6.,   0.,  12.,  10.,   2.,   5., 280.,   3.,  18.],
        [ 58.,   9.,  27.,   2.,   4.,   3., 291.,   4.,   0.,   0.],
        [306.,   4.,   1.,  26.,  27.,  25.,   5.,   6.,   0.,   0.],
        [  2., 305.,   3.,  12.,   2.,   3.,  22.,   9.,   5.,   2.],
        [  1., 275.,   1.,   8.,   0.,   2.,  16.,   5.,   3.,   1.],
        [  5.,   1.,   7.,  22., 288.,   0.,   7.,  10.,   0.,   1.],
        [ 52.,   3.,   4.,   2.,   9., 239.,   6.,   6.,   1.,   3.],
        [  4.,  36.,   7.,   1.,   2., 227.,  11.,   7.,   6.,   1.],
        [ 11.,  93.,   6.,  14.,   9.,  19.,  13.,   5., 215.,   7.],
        [  2., 306.,   3.,  15.,   1.,   3.,  22.,   7.,   4.,   1.],
        [  5.,   4.,  13., 299.,   9.,   3.,   5.,  19.,  32.,   3.],
        [  1.,  16.,   6.,  10.,  12.,   3., 311.,   2.,   4.,   2.],
        [  2.,  61.,   5.,   9.,   2.,   3.,  43.,   5., 163.,   3.],
        [  4.,   7., 276.,  31.,  56.,   3.,  91.,  10.,   0.,   3.],
        [  3.,   5.,   0.,  10.,   7.,   5.,   3., 253.,   1.,  69.],
        [ 10.,  12.,  23.,  75.,  10.,  44.,   6.,  12., 265.,  28.],
        [  1.,   9.,   2.,   8.,  26.,   3.,  10.,   8.,   5., 297.],
        [ 15.,  10.,  19.,   3.,   6.,  10., 304.,   2.,   0.,   0.],
        [  0.,   5.,   0.,  21.,  11.,   8.,   8.,  25.,   1., 279.],
        [  0., 259.,   0.,   6.,   0.,   1.,   5.,   8.,   0.,   1.],
        [  1., 281.,   3.,  15.,   1.,   2.,   9.,   7.,   3.,   3.],
        [  6.,   2.,  12.,  20.,  40.,   1.,  12.,  12.,   0., 270.],
        [316.,   3.,   0.,  21.,   9.,  63.,   3.,   3.,   0.,   0.]],
       device='cuda:0')
Epoch 3 | Batch 400
tensor([[  0.,   2.,   0.,   0., 302.,  50.,   2.,  27.,  11.,   8.],
        [  0.,   9.,   7.,   0.,  21.,   3., 305.,   3.,  13.,   3.],
        [  0.,  11.,   2., 303.,   4.,   5.,   2.,  12.,   8.,   0.],
        [  1.,  13.,   9.,   1.,   9.,  53.,   1.,   8., 286.,   8.],
        [  3.,  11.,   0.,   0.,  34.,  12.,   3., 298.,   4.,  15.],
        [  0., 261.,   0.,   1.,   3.,   2.,   1.,   4.,   2.,   0.],
        [  2.,   4.,   1.,  40.,  91.,  82., 161.,   5.,   2.,   0.],
        [  0.,  58.,  10.,  30.,   5.,  10.,   3.,  19.,  11.,   5.],
        [  0.,   3.,  30.,   0., 179.,   3.,   3.,   9.,   1.,   2.],
        [  7.,   5.,   1., 283.,   4.,  11.,   4.,   4.,   1.,   0.],
        [ 12.,   0., 283.,  67.,  15.,   3.,   3.,   5.,   0.,   0.],
        [  0., 273.,   2.,   6.,  10.,   6.,   5.,   6.,   8.,   0.],
        [  0.,   1.,   2.,   0., 284., 106.,   9.,  70.,  43.,  10.],
        [  0.,   1.,   2.,  69.,   6., 202.,  19.,   3.,  11.,   1.],
        [  0., 289.,   0.,   4.,  17.,   9.,   4.,  11.,  11.,   2.],
        [  0.,   7.,   1.,   3.,  14.,   7.,   2., 310.,   4.,   6.],
        [  0., 296.,   1.,   5.,   7.,   7.,   3.,   9.,   5.,   3.],
        [  0.,   6.,   2., 209.,   9.,  69.,   2.,  15.,   2.,   2.],
        [  0.,  16.,   5.,   3.,   9.,  16.,  42.,  10., 217.,   4.],
        [  0.,   3.,   1.,   0., 289.,  40.,   9.,  24.,  29.,   8.],
        [  0.,   3.,   1.,   0., 295.,   9.,  16.,  68.,  12.,   4.],
        [  0.,  21.,  28.,   9.,  12.,  82.,  20.,  11.,  88.,  59.],
        [  0.,  11.,   1.,   1.,  16.,   8.,   3., 296.,   5.,  10.],
        [  0.,   1.,   1., 268.,   4.,   9.,   0.,   5.,   6.,   0.],
        [  4.,   3.,   0.,   2.,  18.,  18.,   2., 293.,   2.,  13.],
        [ 39.,   7.,   0.,   7.,  10.,   6., 282.,   3.,   3.,   2.],
        [  1.,   1.,   3., 308.,   5.,   7.,   0.,  14.,  37.,   0.],
        [  0., 301.,   2.,   5.,   6.,   9.,   4.,  18.,   5.,   5.],
        [  0.,  22.,   2.,   4.,  14.,   9., 294.,   4.,   8.,   2.],
        [  0., 301.,   0.,   7.,   9.,  10.,   6.,   7.,  13.,   2.],
        [  0.,   7.,   0.,   2., 240.,   6.,   2.,  22.,   2.,   6.],
        [  0.,  15.,   1.,   2.,  22.,  18.,   2.,  47.,   9., 252.],
        [  0.,   2.,   1.,   3.,  22.,   5.,   0., 309.,   2.,  13.],
        [294.,   1.,   3.,   0.,  11.,  17.,   5.,   5.,   0.,   0.],
        [  3.,   5., 260.,   3.,   6.,   7.,   6.,  22.,  16.,   1.],
        [  0.,   8.,   3.,   9.,  26.,  14.,   3.,  54.,   8., 167.],
        [  0.,   6.,   4.,   0., 291.,   9.,  17.,  21.,   5.,   3.],
        [  0.,  12.,  18.,   0.,  22.,   5., 302.,   4.,   6.,   3.],
        [ 43.,   3.,   8., 288.,   3.,   5.,   4.,   5.,   0.,   0.],
        [  0.,   4.,   1.,  28.,  23.,   6.,   2.,  11.,   0., 202.],
        [  0.,  24.,   5.,   4.,   8.,   6.,   1., 277.,   3.,  12.],
        [  2.,   4.,  11.,   0.,   8.,   5., 306.,   4.,   2.,   1.],
        [  0., 294.,   0.,   5.,   7.,   7.,   4.,   7.,   8.,   1.],
        [  0.,   6.,   3.,  16.,  24.,  14.,  15.,  13.,   3., 243.],
        [  0.,   5., 291.,  10.,  15.,  18.,  39.,   2.,   1.,   0.],
        [  0.,   3.,   1.,   1., 289.,  51.,   4.,  48.,  17.,   7.],
        [  0.,   4.,   3.,   0.,  13.,   6., 298.,   6.,   4.,   3.],
        [  1.,   6.,   9.,  46.,   6.,  11.,   1.,   4., 275.,  20.],
        [  4.,   1.,   0.,  26.,  31.,  20.,   0., 251.,   1.,   3.],
        [308.,   0.,   7.,   1.,   7.,  23.,   7.,   4.,   0.,   0.],
        [302.,   0.,   5.,   4.,  14.,  17.,   9.,   6.,   0.,   0.],
        [186.,   2., 140.,   7.,  32.,   5.,  36.,  20.,   0.,   0.],
        [  1.,   4.,  10.,   0.,  11.,   6., 306.,   6.,   4.,   2.],
        [  5.,   2.,   9.,  93.,  12.,  22.,   0.,  10., 282.,   2.],
        [  5.,  15.,   8.,   0.,   9., 173.,   3.,   9.,  13.,   1.],
        [  1.,   6.,   1.,   0.,  13., 231.,   1.,  11.,  22.,  27.],
        [  0.,   9., 283.,   2.,   6.,   3.,  14.,  43.,   1.,   2.],
        [ 22.,   0.,   6.,  40.,  13., 196.,   0.,   6.,   3.,  78.],
        [  0., 285.,   0.,   3.,   5.,   4.,   3.,   4.,   4.,   1.],
        [  3.,   1.,   6., 294.,   7.,  12.,   0.,  27.,  22.,   1.],
        [  3.,   3.,   0.,   3.,  16.,  10.,   4., 252.,   2.,   3.],
        [  0., 143.,   7.,   5.,  10.,   8.,   1.,  12., 265.,   8.],
        [ 79.,   1.,   0.,  25.,  32.,  11.,   0.,  42.,   0.,   0.],
        [  0.,   6.,   3., 279.,   4.,   7.,   0.,  11., 102.,   4.]],
       device='cuda:0')
Epoch 3 | Batch 500
tensor([[  0., 283.,   5.,   9.,   3.,   6.,   3.,   0.,   8.,   8.],
        [  0.,   4.,   1.,   0., 193.,  33.,   7.,   0.,   3.,   3.],
        [  0.,   5.,   5.,   0., 296.,   3.,  27.,   0.,   5.,  12.],
        [  2.,   7.,   5.,   1.,   0.,   8.,   3., 296.,   5.,   9.],
        [  4.,   2.,   9.,  12.,   0., 232.,  63.,   0.,   4.,   0.],
        [  2.,   2.,   4.,   0.,   9., 240.,   5.,   0.,   7.,   6.],
        [  1.,   4.,   7.,   1.,   6.,  25.,   5.,  89.,   4., 216.],
        [  2.,   3.,  11., 280.,   4.,  75.,   7.,   0.,   6.,   9.],
        [  1.,  12.,  19.,   0.,   5.,   7., 296.,   0.,   5.,   2.],
        [  8.,  12.,  15., 261.,   0.,  15.,   2.,   0.,  27.,   0.],
        [265.,   3.,   3.,   1.,   2.,   4.,   2.,   0.,  16.,   1.],
        [  0.,   3.,   2.,   0., 295.,   3.,   6.,   0.,   3.,  22.],
        [  8.,   3., 301.,   2.,   0.,  13.,   5.,  29.,   2.,   4.],
        [  0.,   2.,  12.,   6.,   3.,   8.,   1., 304.,   5.,  13.],
        [  0.,   0.,   5.,  15., 293.,   7.,   0.,  14.,   7.,  37.],
        [ 14.,   2.,  12.,   1.,   1., 267.,  16.,   0.,   4.,   4.],
        [  0.,  14.,  34.,   0.,   4.,   5., 298.,   0.,   7.,   2.],
        [  0.,  66.,  20., 192.,   1.,   8.,   3.,   1.,   4.,   5.],
        [ 15.,   4.,  12.,   0.,  16.,  40.,   8.,   8., 214.,   3.],
        [  0.,   4.,   1.,   0.,  38.,   6.,   3.,   7.,   4., 276.],
        [  0.,   1.,   3.,  18.,  17.,  12.,   4.,  17.,   5., 273.],
        [  3.,   6.,   3., 275.,   2.,  17.,   3.,   0.,   6.,   1.],
        [  0., 294.,  10.,   3.,   2.,   9.,  10.,   0.,  11.,   7.],
        [  1.,   6.,   8.,   1.,   9.,  28.,   3.,  30., 255.,  13.],
        [ 13.,   4.,  17.,   0.,   3.,   5., 299.,   0.,   3.,   2.],
        [  0.,   2.,  11., 292.,   4.,  23.,   0.,   0., 117.,   4.],
        [  5.,   0.,   9.,   4.,   6., 282.,   0.,   0.,  39.,   4.],
        [  0.,   2.,   1.,   0.,   7.,   8.,   1., 269.,   3.,  26.],
        [  0.,   3., 166.,   1.,  12.,   5.,  11.,   0.,  27.,  66.],
        [  1.,  12.,   2.,   0.,   5.,  17.,   5., 265., 140.,   3.],
        [  0., 116., 285.,  33.,   0.,  10.,   5.,   0.,   9.,   7.],
        [  0.,   0.,   1.,   1.,   3.,   7.,   2., 295.,   4.,   8.],
        [  0.,   2., 304.,   1.,   2.,   3.,   7.,   0.,   5.,   7.],
        [310.,   0.,   6.,   0.,   3.,  19.,   0.,   0.,   5.,   0.],
        [  0., 289.,  17.,   8.,   2.,   7.,  27.,   0.,  10.,   5.],
        [  3.,  24.,  12.,   1.,   8.,   4.,   7.,   0., 244.,   6.],
        [  1.,  63., 284.,   8.,   0.,   4.,  10.,   0.,   5.,   1.],
        [  0.,   1.,   2.,  34., 258.,  10.,   3.,   4.,   6.,  12.],
        [  0.,  11.,  17.,   0.,   2.,   4., 286.,   0.,   4.,   3.],
        [  0.,  12.,   5.,   3.,   8.,  12.,   8.,   4., 256.,   5.],
        [  0.,   1.,   2.,   1., 266.,  21.,   7.,   1.,   4.,   9.],
        [  0.,  10.,   6., 274.,   3.,  64.,   0.,   0.,   7.,   1.],
        [  1.,   5.,   5.,   7.,   2.,  11.,   7.,   5., 289.,   8.],
        [308.,   0.,   3.,   0.,   6., 105.,   2.,   0.,   1.,   0.],
        [  0., 265.,   8.,   3.,   3.,   3.,   3.,  13.,   4.,   4.],
        [  0.,   1.,  28.,  14.,  32.,   2.,   4.,  17.,   1., 249.],
        [  8.,   4.,   4.,   0.,  41.,  11.,   2., 253.,   6.,   4.],
        [  0.,   2.,   4.,   0., 282.,   7.,   7.,   0.,   2.,   8.],
        [  0., 284.,   7.,   9.,   1.,   5.,   5.,   0.,  17.,   8.],
        [  2.,   2., 293.,   7.,   0.,   8.,   4.,   0.,   6.,   1.],
        [  0.,   3.,  78.,   0.,   2.,   5., 301.,   0.,   2.,   3.],
        [  3.,   3.,   7.,  11.,   1., 268.,  10.,   0.,   5.,   7.],
        [  0.,   7.,   2.,   3.,  15.,  12.,   3.,  39.,   6., 279.],
        [  3.,   1.,   9.,  38.,   2.,  13.,   1.,   0.,  42., 198.],
        [  0.,  11.,  15.,  12.,   7.,   6.,   7., 127.,   7.,   8.],
        [  0.,  11.,   2.,   1.,  18.,   7.,   7.,  13.,  11., 274.],
        [ 10.,   2., 293.,   0.,   4.,   3.,   5.,   0.,  10.,   1.],
        [  0., 274.,   7.,   7.,   2.,   6.,   4.,   1.,  25.,   6.],
        [  5.,   5.,  37.,   0.,   7.,   2., 311.,   0.,   1.,   5.],
        [  0.,   3.,   6., 172.,  18.,   4.,   1.,   0.,   6., 125.],
        [  1.,   7.,   9.,   1., 234.,  10.,  13.,   2.,  11.,  10.],
        [  0.,   1.,   5.,   7.,   2.,   4.,   2., 272.,   2.,   2.],
        [ 37.,   3.,  12.,   0., 109.,  17.,  31.,   0., 198.,   1.],
        [  0.,   6.,   7., 264.,   8.,   8.,   0.,   0.,  12.,   7.]],
       device='cuda:0')
Epoch 3 | Batch 600
tensor([[  6.,  21.,   4., 275.,   1.,   6.,   2.,   1.,   6.,   3.],
        [ 51.,   6., 167.,   2.,   7.,   3.,   5.,   7.,   1.,  11.],
        [  0.,   7.,   2.,   9., 163.,   3.,   2.,   7.,   1.,  38.],
        [  1.,   4.,   4.,   4.,   5.,   0., 163.,   7.,   0.,   3.],
        [ 27.,   6.,  22.,  31.,   7.,   4.,   4.,  13.,   4.,  10.],
        [  1., 304.,   7.,  14.,   1.,   4.,   2.,   1.,  13.,   3.],
        [  2.,  17.,  12.,  20.,   0.,   1.,   1., 298.,   1.,  35.],
        [  4.,  11.,  10.,  27.,   2.,  25.,   3.,   5., 286.,   9.],
        [ 17.,  23.,  43., 155.,   3.,   4.,   4.,   0.,   3.,   5.],
        [ 12.,  18.,   9., 290.,   0.,  11.,   3.,   2.,   4.,   2.],
        [ 10.,  11.,  29., 292.,  13.,   2.,   7.,   0.,   4.,   2.],
        [ 25.,   7., 289.,   2.,   4.,  18.,  12.,   0.,  24.,   8.],
        [ 12.,  10.,   0.,  22.,   9.,   2.,   1., 302.,   0.,   7.],
        [  5.,  16.,  13.,  11.,   7.,   5.,   7.,  25., 186.,  37.],
        [  0.,  11.,  18.,   9.,   4.,  47., 259.,   0.,   3.,   6.],
        [305.,   5.,   2.,  22.,  10.,  17.,   5.,   1.,   3.,   0.],
        [293.,   5.,   3.,  34.,  15.,  11.,   2.,   8.,   0.,   6.],
        [ 10.,  12.,  13.,  10.,   7.,  16.,   9.,   0., 287.,   7.],
        [  4.,  19.,   4.,  15.,   1.,  82.,   4.,   2., 237.,   9.],
        [  5.,  18.,   2.,  12.,   5.,  45.,   3.,  23., 270.,  33.],
        [  2.,   9.,   0.,  10.,   5.,   3.,   0., 305.,   3.,  49.],
        [  4.,  11.,   8., 256.,   0.,   4.,   1.,  15.,   6.,   7.],
        [  1., 247.,   3.,  13.,   0.,  12.,  11.,   6.,   4.,   6.],
        [  3.,  34.,   5.,  17.,   3.,   5.,  10.,  36., 268.,   6.],
        [  4.,   4.,   1.,   6.,  16.,   1.,   3.,  41.,   0., 253.],
        [  3.,   7., 310.,   7.,   1.,   4.,  15.,   0.,   0.,   8.],
        [  5.,  15.,   1.,   9.,  13.,   4.,   1.,  51.,   1., 283.],
        [  3.,  18.,   1., 297.,   2.,  10.,   4.,   1.,   4.,   7.],
        [  2.,  11.,   2.,   8.,   2.,   2.,   1., 300.,   1.,  34.],
        [  5.,  31.,   3., 256.,   5.,  45.,   4.,   1.,   3.,   3.],
        [  1.,   3.,   6.,   3.,  11.,   2.,   5.,   8.,   1., 237.],
        [  5.,   6.,   0., 232.,   8.,  19.,   2.,   5.,   7.,  18.],
        [  6.,  15.,   2.,   9.,   6.,   5.,   5.,   9.,   2., 237.],
        [  3.,  13.,   0.,   9.,   6.,   5.,   4.,  26.,   1., 266.],
        [ 11.,  97.,   3.,   9.,   3.,  38.,   5.,   3., 197.,   4.],
        [  5.,   3.,   3.,   2., 183.,   4.,  29.,   9.,  12.,  12.],
        [  1.,  40.,   1.,  13., 155.,   2.,   4.,  50.,   9.,  24.],
        [  0.,   6.,   5.,   5., 213.,   3.,   3.,  19.,   3.,  63.],
        [ 15.,   8.,  15.,   3.,  62.,   3., 164.,   3.,   0.,   5.],
        [  9.,   9.,   5.,  58.,   4.,  16.,   9.,   1., 114.,   1.],
        [  7.,  21.,   4.,   6.,  20.,   5.,  13.,   9., 247.,  10.],
        [296.,   4.,   5.,  10.,  12.,   2.,   3.,   4.,   1.,   7.],
        [  2.,  18.,  10.,   6.,   1.,  29., 264.,   1.,   4.,   5.],
        [  4.,  18.,   6.,  41.,  11.,  15.,   3.,   4., 249.,   9.],
        [  2.,  11.,   4.,   6., 198.,   3.,  26.,   2.,   1.,  24.],
        [  5.,  12.,  65.,  18.,   5.,  15.,   4.,   2., 275.,  88.],
        [  3.,  27.,   5.,  20.,   2.,   6.,   7.,   9., 241.,  12.],
        [  4.,  29.,  10., 287.,   0.,   2.,   2.,  30.,   9.,  11.],
        [  5.,  44.,   6.,  13.,   2.,   5.,   6.,  16., 252.,   9.],
        [305.,   9.,   1., 104.,  78.,  10.,   3.,   2.,   0.,   2.],
        [  0.,  17., 276.,  52.,   0.,   4.,   6.,  17.,   1.,   7.],
        [  0., 294.,   5.,   8.,   0.,   2.,   1.,   1.,   2.,   2.],
        [ 11.,  21.,  19.,  85.,   1.,   5., 115.,   2.,   2.,   6.],
        [  2.,  37.,  11.,  17.,   1.,   6.,   5.,   6., 275.,  17.],
        [  0., 294.,   1.,   9.,   1.,   3.,   2.,   8.,   1.,   6.],
        [ 11.,  14.,   0.,   7.,  10.,  11.,   1., 268.,   3.,   6.],
        [  1.,  12.,   4.,  10.,   1.,   2.,   6.,  33.,   3., 259.],
        [  4.,  53.,   9.,  15.,   2.,   6.,   6.,   8., 275.,   6.],
        [  5.,  20.,   3., 293.,   0.,   4.,   2.,   2.,   1.,   4.],
        [  0., 308.,   3.,  11.,   0.,   4.,   3.,   7.,   3.,   6.],
        [  8.,   6., 315.,   6.,   1.,   3.,  22.,   0.,   0.,   8.],
        [  2.,   3.,   5.,   8., 264.,   0.,   6.,  15.,   0.,  15.],
        [  2.,  13., 256.,  37.,   1.,   1.,   4.,   9.,   2.,   8.],
        [  3.,  97.,  12.,  11.,   1.,   5.,   9.,   8., 257.,   6.]],
       device='cuda:0')
Epoch 3 | Batch 700
tensor([[ 10.,   1.,   1.,  32.,   1.,  85.,   0.,  27., 292.,   6.],
        [  2.,  23.,   0.,   8.,   1.,   0.,   2.,  16.,   2., 230.],
        [ 20.,   0., 263.,  13.,   2.,   0.,   9.,   0.,   0.,   0.],
        [  5.,   2.,   5.,  11.,   5.,   0., 285.,   4.,   0.,   5.],
        [ 10.,   0.,   4.,  11.,   2.,   2., 294.,   1.,   3.,   6.],
        [  7.,   5.,   1., 286.,   0.,   9.,   8.,  15.,   1.,   2.],
        [  2., 268.,   3.,  12.,   4.,   1.,   1.,   2.,  20.,   1.],
        [  2.,   7.,   0.,   5.,   5.,   0.,   0., 303.,   9.,  12.],
        [  6.,   6.,   1.,   7.,  53.,   0.,   1.,   8.,   9., 284.],
        [  8., 138.,   6.,   8.,   1.,  24.,   4.,   3., 178.,   0.],
        [  4.,   1.,  70., 299.,   4.,   4.,   0.,   3.,   3.,  11.],
        [ 10.,   0.,   9.,  79.,   1., 236.,   0.,   2.,   6.,   2.],
        [  2.,  70.,   1.,  12.,   1.,  11., 148.,   0.,   9.,   4.],
        [  0., 278.,   1.,  14.,   0.,   0.,   4.,   4.,   3.,   3.],
        [  3.,   1., 304.,  31.,   0.,   1.,   9.,   0.,   0.,   4.],
        [  6.,   0.,   0.,  69.,   1., 289.,   0.,   5.,  16.,   3.],
        [  2., 259.,   3.,  14.,   3.,   1.,   0.,   7.,   3.,   4.],
        [  4.,   2.,   1.,  17.,   2., 247.,   4.,   0.,   4.,   3.],
        [  3., 278.,   5.,  17.,   2.,   3.,   1.,   1.,  26.,   1.],
        [ 59.,   0., 200.,   3.,   0.,   1.,   3.,  23.,   1.,   5.],
        [  3.,   1.,   0.,  27.,   4.,   0.,   0., 309.,   1.,   8.],
        [  4.,   1.,  13.,   9.,   0.,   2., 302.,   0.,   3.,   3.],
        [  1.,   1.,   9., 312.,   2.,   0.,   0.,   5.,   2.,   2.],
        [  0., 276.,   0., 117.,   3.,   6.,   7.,  14.,   5.,   9.],
        [ 61.,   3.,   4.,   7.,   2.,   0., 297.,   0.,   0.,   7.],
        [ 20.,   0., 244.,   6.,   0.,   4.,   5.,   6.,   1.,   3.],
        [  6.,  20.,   3.,  14.,   1.,  16.,   0.,  16., 261.,   5.],
        [298.,   0.,   3.,   6.,   0.,  70.,   2.,   1.,   3.,   1.],
        [  8.,   3.,   0.,  13.,   8.,   7.,   0.,  13.,   3., 283.],
        [  1.,   0.,  19., 306.,   0.,   3.,   1.,   4.,   6.,   0.],
        [  9.,   4.,   0., 298.,   0.,  22.,   1.,  13.,   1.,   4.],
        [  4.,   1.,   2.,   9.,   8.,  10.,   1.,  30., 128.,  21.],
        [ 84.,   0., 232.,  59.,   0.,   0.,   5.,   1.,   2.,   0.],
        [  7.,   3.,   0.,   4.,   7.,  46.,   2., 120., 282.,   9.],
        [  4.,   0.,  45., 297.,   0.,   2.,   0.,   4.,   4.,   0.],
        [  7.,   3.,  20.,  10.,   3.,   0.,   1., 284.,   1.,   8.],
        [313.,   0.,  20.,   6.,   0.,   1.,   0.,   2.,   0.,   0.],
        [  2.,  25., 285.,  31.,   0.,   0.,  70.,   0.,   0.,   2.],
        [  3.,   5.,   0., 161.,   9.,   4.,   3.,  10.,   8.,  35.],
        [ 47.,   5.,  13.,  15.,   3.,   2., 264.,   0.,   2.,   1.],
        [  1.,  11.,   0.,  11., 238.,   2.,   1.,  12.,   2.,  12.],
        [232.,   3.,  49.,  16.,   2.,   3.,  29.,   5.,   2.,   2.],
        [ 13.,   0.,   0.,  51.,   0., 282.,   2.,   1.,  12.,   1.],
        [  9.,  17.,   5., 297.,   0.,  21.,   1.,   4.,   2.,   0.],
        [  2., 274.,   4.,  17.,   1.,   5.,   1.,   1.,  22.,   2.],
        [285.,   1.,  11.,  13.,   1.,   2.,   2.,   5.,   2.,   0.],
        [310.,   0.,   1.,   3.,   4.,  57.,  26.,   0.,   0.,   1.],
        [244.,   0.,  68.,  29.,   1.,   5.,  14.,   0.,  68.,   3.],
        [  7.,   1.,   2.,   9.,   3.,   8., 305.,   0.,   2.,   6.],
        [ 11.,   4.,   2.,   7.,   1., 142.,   2.,   3.,   2.,   0.],
        [  5.,   8.,   0., 301.,   2.,  22.,   0.,   1.,   4.,   6.],
        [  5.,  15., 201.,  12.,   0.,   2.,   8.,  42.,   1.,   6.],
        [  6.,   2.,   0.,  17.,  11.,   5.,   2., 200.,   0.,  22.],
        [296.,   0.,  58.,  16.,   0.,   3.,   0.,   1.,   2.,   0.],
        [  7.,   0.,   5.,  10.,   4.,   2., 296.,   1.,   0.,   3.],
        [ 14.,   1.,  15.,   2.,  45.,   0., 301.,   3.,   0.,   2.],
        [  6.,   9., 278.,  41.,   0.,   2.,   3.,   2.,   1.,   2.],
        [  5.,  13.,   0.,   7.,  18.,   2.,   0., 287.,   0.,  46.],
        [ 10.,   5.,   3., 307.,   0.,  10.,   2.,   1.,   0.,   1.],
        [288.,   0.,  66.,  11.,   1.,   6.,   7.,   2.,   3.,   2.],
        [ 11.,   3., 269.,   9.,   0.,   1.,   7.,   1.,   9.,   5.],
        [  7.,   0.,   0.,  26.,   3., 296.,   0.,   3.,  19.,   2.],
        [  6.,  12., 196.,  30.,   1.,   0.,   0.,  12.,  53.,   2.],
        [  1., 277.,   1.,  15.,   0.,   1.,   2.,   2.,   3.,   3.]],
       device='cuda:0')
Epoch 3 | Batch 800
tensor([[  0.,   1., 287., 126.,   0.,   3.,   4.,  17.,   4.,   9.],
        [  0.,   0.,   6.,  10., 281.,   2.,   4.,  15.,   7.,  15.],
        [  0., 289.,   5.,   0.,   1.,   1.,   5.,   4.,   3.,   6.],
        [  0.,  24.,   3.,   0.,   4.,   4.,   5.,   8.,  10., 257.],
        [  0.,   0.,  48.,   0.,   0.,   2., 268.,   0.,   1.,   4.],
        [ 37.,   0.,   2.,  11.,  12.,   5.,   4., 291.,   6.,  19.],
        [307.,   0.,  39.,   0.,   0.,  20.,  59.,   1.,   1.,   9.],
        [  0.,   2.,   3.,   0., 270.,   3.,   9.,  16.,   5.,  14.],
        [  0.,   3., 292.,   0.,   0.,   4.,  12.,   0.,  19.,   4.],
        [  0.,   3.,  14.,   0.,   1.,   2., 297.,   0.,   9.,  11.],
        [  2.,   0.,   3.,   0., 279.,   4.,  18.,  13.,  12.,  19.],
        [  0.,   4.,   4.,   0.,   3.,   6.,   3., 291.,   9.,  26.],
        [  0.,   0.,   3.,   1.,  89., 173.,   6.,   7.,  28.,  13.],
        [  0.,   5.,  14., 261.,   0.,  17.,  12.,   5.,  28.,   2.],
        [  0.,  12.,   9., 273.,   2.,  17.,   3.,   1.,  12.,   1.],
        [  0.,  12.,  10.,   3.,   2.,   3.,   3., 278.,  11.,  19.],
        [  0.,   0.,   9.,   0.,  35.,   4.,   6.,  42.,   8., 279.],
        [  0.,   4.,   5.,   0., 258.,   5.,  15.,  12.,   7.,  13.],
        [  0.,  87.,   9.,   2.,   0.,   3.,   3., 155.,  13.,  12.],
        [  2.,   3.,  20.,   0.,   3., 298.,   9.,   2.,  34.,   2.],
        [ 95.,   4.,  17., 289.,   0.,   7.,   5.,   1.,   6.,   4.],
        [  0.,   0.,   2.,   1.,  19.,   6.,   4.,  43.,   8., 267.],
        [  0., 293.,   8.,   0.,   0.,   3.,   4.,   3.,  18.,   1.],
        [  0.,   0.,  46.,   0.,   4.,   0., 299.,   2.,   0.,   7.],
        [  4.,   0.,  12.,   0.,  17., 302.,   5.,   0.,  22.,   8.],
        [  0.,   0.,   2.,   3.,  29.,   0.,   1., 312.,  34.,  32.],
        [  9.,   0.,   9.,   7.,   3.,   3.,   2., 300.,   8.,  14.],
        [  0.,   2., 301.,   1.,   2.,   2.,   3.,   1., 137.,   2.],
        [  0.,   0.,   9.,   5.,   3., 237.,  12.,   8.,  41.,   8.],
        [ 38.,   0., 298.,   0.,   0.,   4.,   6.,   3.,  64.,   6.],
        [ 15.,   0.,   8.,   2.,   0., 232.,  19.,   4.,  10.,   5.],
        [  1.,   0.,   2.,   4.,  19.,   1.,   2., 302.,  34.,  15.],
        [  0.,   0., 295.,  25.,   2.,   5.,  16.,   0.,   2.,   5.],
        [  0.,   1.,   3., 296.,   6., 111.,   3.,  12.,  29.,  90.],
        [  0.,   1.,  21.,   0.,   1.,   1., 315.,   0.,   2.,   8.],
        [  0.,   0.,   3.,  17.,  44.,  35.,   9.,   3.,  13., 262.],
        [  0.,   2., 288.,   1.,   1.,   2.,  15.,   2.,   3.,   2.],
        [  0.,   0., 187., 267.,   0.,   1.,  10.,   0.,   3.,   0.],
        [  0.,  39.,   7.,   0.,   2.,  23.,   5.,   6., 278.,   9.],
        [277.,   0.,  20.,   0.,   4.,  37.,  13.,   4.,   6.,   8.],
        [  0.,   2., 273.,   3.,   0.,   4.,   6.,   2.,  21.,   3.],
        [  0.,   9.,   7.,   3.,   4.,  25.,   6.,   5., 276.,  15.],
        [  0.,   0., 308.,   1.,   0.,  11.,   4.,   3.,  13.,   3.],
        [  0.,   2.,  14., 297.,   0.,  11.,   4.,   1.,  16.,   3.],
        [  0.,   0.,   4.,   2., 254.,   2.,   6.,   7.,   6.,  63.],
        [312.,   0.,   3.,   0.,   0.,  61.,   7.,   2.,   5.,  20.],
        [  0.,   1.,  33.,   0.,   3.,   1., 301.,   0.,   1.,   9.],
        [  0.,   0.,   5.,   4., 286.,   4.,   6.,  32.,   6.,  23.],
        [  0.,   0.,   4.,   0., 300.,   8.,   5.,   9.,   5.,  19.],
        [  0., 291.,   7.,   2.,   1.,   4.,  10.,   6.,   6.,  11.],
        [  0.,   4.,   8.,   2.,  14.,  94.,   7.,   3., 154.,  31.],
        [  0.,  77., 267.,   3.,   0.,  24.,  19.,   3.,   6.,   2.],
        [  0.,   1.,   5.,   2.,   6.,   7., 287.,   0.,  86.,   5.],
        [ 27.,   3.,   3.,  38.,   4.,  19.,  12.,   2., 201.,  12.],
        [  0.,   5.,   4.,   3.,   2.,   4.,   3.,  23.,  16., 271.],
        [306.,   1.,  18.,   0.,   0.,   8.,  26.,   2.,   5.,  23.],
        [  1.,   0.,   9.,   0.,  47.,   5.,   7.,  13.,   7., 270.],
        [  0.,   7.,  15., 261.,  15.,  39.,  20.,   2.,  64.,   4.],
        [  0.,  53.,  13., 215.,   3.,   3.,   3.,   1.,  14.,   3.],
        [  0.,   1.,  16.,   4.,   1.,   3.,   3., 298.,   8.,  20.],
        [  0., 297.,   6.,   2.,   1.,   3.,   4.,   5.,   8.,   5.],
        [  0.,   4.,  24., 252.,   2.,  12.,   5.,   3.,  16.,  12.],
        [  0.,   0., 315.,   0.,   0.,   1.,  16.,   0.,  17.,   0.],
        [  0., 295.,  11.,   0.,   0.,   2.,   5.,   8.,  12.,   5.]],
       device='cuda:0')
Epoch 3 | Batch 900
Switching label layer to Inference Mode (LIF)...
Epoch 3 DONE | Test Acc: 79.59% | Time: 775.6s
Switching label layer back to Training Mode (Clamp)...
tensor([[  0.,   6.,   2.,   3., 245.,  10.,   1.,  15.,   4.,  28.],
        [305.,   2.,   5.,   0.,   8.,  14.,  12.,  23.,  56.,   1.],
        [  4.,   6., 268.,   8.,   6.,   6.,   1.,   7.,   0.,   9.],
        [  0.,  16.,  19., 269.,   0.,   8.,   1.,   7.,  10.,   5.],
        [  0.,   5.,   6.,   2., 256.,   7.,   3.,  11.,   4.,  14.],
        [  9.,   2.,  16.,   0.,  25.,  13., 303.,   0.,   2.,   0.],
        [261.,   2.,   4.,   8.,  19.,  14.,   5.,  14.,  10.,   8.],
        [  0., 298.,   4.,   8.,   0.,   7.,   4.,   8.,   9.,   0.],
        [  8.,  28.,   3.,   0.,   1.,  41.,   3.,  15., 261.,  20.],
        [ 35.,   7.,   4.,  14.,   2.,  15.,   7.,   3., 267.,   6.],
        [  0.,   3.,   5.,   1., 276.,   4.,   2.,   5.,   5.,   6.],
        [ 52.,   4.,   3.,  80.,   1.,  24.,  19.,   3., 218.,   1.],
        [ 11.,  13., 262.,  36.,   0.,  18.,   0.,   1.,  89.,   0.],
        [  0.,  59.,  17., 294.,   0.,  13.,   3.,   5.,   1.,   1.],
        [ 16.,   3.,  42., 308.,   0.,  36.,   1.,   0.,   0.,   0.],
        [ 14.,   3., 305.,   1.,   5.,   2.,  12.,   0.,   1.,   0.],
        [  1.,  22.,   3.,  40.,   0.,  56.,   9.,   4., 191.,   3.],
        [  1.,  13.,   3.,   4.,   1.,  26.,   3.,  22., 259.,  60.],
        [  3.,   9.,   7., 265.,   0.,   7.,   1.,   3.,  22.,  18.],
        [  1.,  49.,   5.,   4.,   2.,  18.,   5.,  10., 270.,   5.],
        [  2.,   2.,   1.,   5.,  99.,  16.,   1., 292.,   2.,  27.],
        [  0., 168.,   6.,   8.,   0.,   7.,   5.,   5.,  41.,   0.],
        [  0.,  13.,  10.,  19.,   0.,  21.,   9.,   4., 280.,   0.],
        [  1.,   9., 201.,   4.,   0.,  10.,   3.,   2., 147.,   0.],
        [  1.,   8.,   2.,   1.,   3.,  10.,   0.,  36.,   8., 273.],
        [  0.,   1.,   2.,   6.,  45.,   9.,   0., 308.,   2.,  11.],
        [  0.,   2.,   4., 295.,   0.,  21.,   1.,   5.,   2.,   0.],
        [  1.,  24.,  11.,  16.,   1.,  18.,   3.,  17., 266.,   3.],
        [307.,   3.,   3.,   5.,   0.,  27.,   4.,   1.,   2.,   2.],
        [  0., 282.,   5.,   4.,   0.,   4.,   2.,   5.,  31.,   0.],
        [  0.,   2.,   1.,   0., 281.,  12.,   0.,  16.,   8.,  20.],
        [  4.,   2.,   1., 305.,   0.,  36.,   0.,   0.,   1.,   1.],
        [  2.,   2., 312.,   4.,   2.,   6.,   8.,   0.,   0.,   0.],
        [  4.,   3.,   1.,   0., 207.,  17.,  11.,  16.,  82.,  88.],
        [  2.,   7.,   4.,   1.,   8.,  10.,   2.,  28.,  61., 266.],
        [  3.,  20.,   3.,   4.,   1.,  18.,   4.,  11., 257.,   7.],
        [  0.,   2.,   1.,   2.,  40.,   7.,   0., 300.,   2.,   9.],
        [  2.,  35.,  14.,   2.,   0.,  15.,   0., 220.,  28.,   5.],
        [234.,   4.,   5.,   1.,   0.,  18.,   1.,   1.,  24.,   6.],
        [  0.,   3.,   4.,   5., 272.,   8.,   2.,   6.,   3.,  61.],
        [  6.,   4.,  13.,   7.,   4.,  24.,   5.,   4., 243.,   6.],
        [292.,   3.,   7.,  14.,   5.,  22.,   5.,   9.,   0.,   3.],
        [ 60.,   3.,   3.,  95.,   1.,  63.,   0.,   3.,  70.,   1.],
        [  0.,   7.,   1.,   0.,  12.,  11.,   0., 305.,   6.,  16.],
        [  0., 288.,   5.,   7.,   0.,  10.,   2.,  10.,  23.,   7.],
        [  0.,   5.,   3.,   6.,  72.,   5.,   2.,  17.,   6., 289.],
        [  0.,   5.,   1., 284.,   0.,  10.,   2.,   1.,   1.,   1.],
        [ 18.,   2.,  28.,   1.,  74.,  16., 286.,   2.,  27.,   1.],
        [302.,   4.,   2.,   1.,   1.,  41.,  46.,   1.,   6.,   2.],
        [ 56.,   2.,   0.,   0.,  15., 286.,   0.,  23.,  12.,   2.],
        [  0.,   9., 290.,  25.,   0.,   5.,   5.,  10.,   6.,   0.],
        [  1., 112.,   4.,   5.,   0.,  17.,   3.,  12., 260.,   2.],
        [305.,   4.,   6.,   7.,   0.,  19.,  12.,   3.,   2.,   2.],
        [  4.,   1.,   2.,   0., 293.,  17.,   1.,  11.,  75.,  11.],
        [  1.,  23.,   7., 231.,   0.,   7.,   1.,   5.,  17.,  10.],
        [  0.,  15.,   9.,   6.,   1.,  22., 261.,   6.,   6.,   0.],
        [  3.,   1.,  26.,   0.,  59.,  98., 298.,   0.,   0.,   1.],
        [  0.,  21.,  12., 226.,   0.,  14.,   0.,   2.,  41.,   5.],
        [294.,   4.,   4.,   5.,   3.,  20.,  11.,   2.,   3.,   1.],
        [  0.,   1.,   4.,   9., 247.,  10.,   5.,  20.,   5.,   5.],
        [  0.,   2.,   2.,   1.,  21.,   9.,   0., 303.,   3.,   8.],
        [ 24.,   3.,   1.,   1.,  15.,   9.,   1., 160.,   1.,  25.],
        [  9.,  55.,   4.,   2.,   0.,  46.,   2.,  12., 259.,   7.],
        [  0.,   4.,   1.,   7.,  38.,  10.,   0.,  98.,   5., 272.]],
       device='cuda:0')
Epoch 4 | Batch 0
tensor([[  1.,   2.,   4.,   5.,  16.,   0.,   3., 112.,   2., 288.],
        [  3.,   1.,   2.,   5.,   9.,   0.,   3., 309.,   3.,  36.],
        [  0.,   0.,  12.,   6., 286.,   0.,   3.,  13.,   0.,  39.],
        [  0.,   7.,   6.,  20.,   0.,   7., 275.,   1.,   2.,   9.],
        [  1., 291.,  11.,  19.,   0.,   0.,   3.,   2.,  56.,   6.],
        [  7.,   1.,  44.,   9.,   0., 176.,  32.,  11.,   0.,   0.],
        [  1.,   8.,   2., 274.,   0.,  23.,   2.,   5.,   9.,   5.],
        [  1.,  15.,   6., 280.,   0.,   1.,   2.,   6.,   3.,   6.],
        [ 27.,   0.,   1.,   6.,   0., 290.,   0.,   4.,  36.,   2.],
        [  5.,   2.,   2.,   5.,  24.,   4.,   0., 271.,   9.,  22.],
        [306.,   2.,   6.,  13.,   0.,   2.,   8.,   2.,   0.,   1.],
        [  6.,   3.,   6.,  27.,   0.,   1.,   9.,   6.,   1., 225.],
        [  4.,   7.,   5.,  24.,   2.,  10.,   8.,   3., 247.,   9.],
        [ 82.,   0.,   3.,   3.,   0.,   0.,   1., 176.,   0.,   4.],
        [  0.,  16.,   4.,  10.,   0.,   3.,   7.,  13.,   4., 259.],
        [ 14.,   0., 134., 299.,   0.,   1.,   6.,   1.,   6.,   3.],
        [  0.,  21.,   5.,  15.,   0.,   8.,   7., 258., 166.,  18.],
        [295.,   2.,  30.,  82.,   0.,   3.,   7.,   8.,  29.,  27.],
        [313.,   1.,   2.,  10.,   0.,   1.,   5.,   9.,   5.,   5.],
        [318.,   1.,   9.,   6.,   0.,   0.,   7.,   7.,   1.,   1.],
        [ 36.,   9.,   4.,  19.,   2.,   8.,   2.,   5., 276.,   9.],
        [  4.,   3.,  10.,  11.,   1.,   2.,   1., 281.,  34.,  30.],
        [  7.,   6.,   2., 277.,   0.,  21.,   4.,   5.,   2.,   6.],
        [315.,   0.,   2.,  16.,   0.,   1.,   2.,   6.,  63.,   3.],
        [ 11.,   6.,   8.,  22.,   1.,   2.,  92.,   1., 247.,  33.],
        [  1.,   7.,   5.,  66.,   3.,   7.,   7.,  27., 229.,  12.],
        [ 10.,   4.,  33.,   4.,   0.,   0., 316.,   1.,   0.,   3.],
        [322.,   1.,   7.,  29.,   0.,   0.,   6.,   7.,  14.,   1.],
        [  4.,   2.,  12.,   2., 286.,   0.,  16.,  14.,   0.,  15.],
        [  8.,   3.,  10.,   6.,  27.,   0.,   7.,   6.,   1., 255.],
        [315.,   1.,   4.,   8.,   0.,   0.,   9.,  28.,   2.,   4.],
        [  3.,   7.,   5., 285.,   0.,  72.,   4.,   0.,   2.,   3.],
        [  0.,   1.,   1.,   6.,   0., 232.,  16.,   2.,   0.,   0.],
        [  0.,   8.,   1.,   6.,   1.,  56.,   7.,  12.,   5., 202.],
        [  0.,   3., 292.,   4.,   1.,   2.,  11.,   8.,  79.,  11.],
        [  1.,   5.,   1.,   7.,   4.,   7.,   5., 291.,   6.,  26.],
        [  2.,   0.,   0.,   5.,   2.,   0.,   0., 177.,  43.,   4.],
        [  1., 299.,   7.,  26.,   0.,   4.,  16.,   2.,  63.,  15.],
        [  4.,   6.,   5.,  57.,   0.,  11., 145.,  11., 161.,  21.],
        [ 39.,   3.,   2.,  35.,   0., 116.,  13.,   6., 200.,  13.],
        [  3.,  28.,  14.,  17.,   0.,   3.,  13.,   5., 276.,   7.],
        [ 34.,   3.,  18.,   1.,   0.,   1., 299.,   2.,   0.,   5.],
        [  1.,  58.,   5., 255.,   0.,   1.,   2.,   3.,   9.,  11.],
        [  0.,  33.,   5.,  15., 220.,   4.,   5.,   2.,   2.,  10.],
        [321.,   1.,  10.,   1.,   0.,   0.,  17.,  94.,  10.,   4.],
        [  0.,   6.,  10.,  24.,   0.,   9., 297.,   3.,   2.,  11.],
        [  1.,  15.,   8., 283.,   0.,   9.,   1.,   4.,  23.,   2.],
        [  0., 278.,   2.,  10.,   0.,   1.,   6.,   3.,   2.,   8.],
        [  5.,  44.,   5.,  10.,   1.,  89.,   7.,   6., 258.,  10.],
        [  0.,  47.,   5.,  20.,   1.,   1.,   2., 234.,   3.,  15.],
        [308.,   1.,   6.,  18.,   0.,   3.,  11.,   4.,   1.,   4.],
        [  0.,   5.,  10.,   9., 259.,   0.,   7.,   6.,   0.,  16.],
        [ 24.,   0., 263.,  10.,   0.,   0.,  25.,   0.,   0.,   4.],
        [  1., 299.,  11.,  24.,   0.,   1.,   3.,   5.,  31.,  12.],
        [  2.,   2.,   4.,   4.,   0.,   1.,   2., 282.,   5.,  21.],
        [  5.,   3.,   9.,   8.,   0.,   9., 294.,   6.,   1.,   5.],
        [  5.,  10.,   5.,   9.,   4.,   8.,  13.,   5., 259.,  17.],
        [  0., 240.,   4.,   9.,   0.,   2.,   8.,   3.,   7.,   7.],
        [  0.,   2.,  35.,   8.,   3.,   0., 306.,   0.,   0.,   3.],
        [  0., 245.,   8.,  12.,   0.,   0.,   1.,   1.,  46.,   3.],
        [  1.,   2.,   4.,   8.,  12.,   0.,   4.,  52.,   3., 291.],
        [  2.,   2.,   2.,   6.,   8.,   9.,   3.,  57.,   2., 256.],
        [  0.,   1.,   4.,   6., 242.,   1.,   3.,  22.,   1.,  16.],
        [  0.,   2.,   8.,   9., 283.,   1.,   6.,   7.,   0.,  14.]],
       device='cuda:0')
Epoch 4 | Batch 100
tensor([[  0., 287.,   5.,   5.,   4.,   1.,   2.,   7.,   4.,   1.],
        [  3.,  41., 264.,   4.,   2.,  67.,  32.,   5.,   3.,   1.],
        [  1.,  17.,   4.,   1.,  11.,   9.,   0., 292.,   8.,   7.],
        [  1.,  34.,  20.,  13.,   6.,   6.,  12.,   3.,  37.,   0.],
        [ 12.,   4.,   7.,   1., 281.,   1.,   8.,   0.,   2.,   3.],
        [  5.,   7.,   7., 255.,   6.,  11.,   2.,   1.,  13.,   4.],
        [  0.,   8.,   3.,   3., 159.,   3.,   4.,   5.,   5.,   4.],
        [  1., 276.,   5.,   7.,   2.,   1.,   4.,   3.,   5.,   2.],
        [  3.,   9.,   5.,   1., 306.,   3.,   7.,   8.,   3.,   6.],
        [  1.,   8.,   6.,  10.,   8.,   8.,   5.,  11.,   3., 283.],
        [  5.,   4.,   6.,   1.,  45.,  25.,   6.,   2.,   5., 262.],
        [  5.,   3., 288.,   4.,  44.,   2.,  20.,   0.,   1.,   0.],
        [  0.,   6.,   6.,   7., 280.,   6.,   4.,  10.,   6.,  30.],
        [  4.,  25.,  18.,  13.,  13.,  13.,  15.,   2., 238.,   2.],
        [  0., 304.,  23.,  10.,   9.,   4.,   2.,  13.,   8.,   1.],
        [  0., 135.,  13.,   4.,   8.,  11., 259.,   2.,  12.,   3.],
        [  5.,   5.,  18., 297.,   2.,  13.,   0.,  12.,   8.,   0.],
        [  0.,   7.,   4.,   8.,  17.,   4.,   4.,  32.,   5., 265.],
        [ 22.,  24.,   2.,   3.,   4.,  15.,   5.,   3., 281., 117.],
        [ 14.,   4.,   4.,   0.,   9., 227.,   4.,  23.,  13.,  76.],
        [  3.,   9.,  13., 298.,   2.,  19.,   1.,   1.,   5.,   1.],
        [  4.,  14.,  21.,   6.,   5.,  25.,   3.,   4., 283.,   4.],
        [  7.,   5.,   8.,   0., 291.,   3.,   8.,   1.,   4.,   9.],
        [ 11.,   9.,   4., 273.,   2.,  29.,   1.,   0.,   6.,   1.],
        [  9.,   4.,  23.,   1., 262.,   7.,  32.,   1.,  29.,   0.],
        [  0.,  25.,  31.,   1.,   3.,   4., 301.,   1.,   7.,   1.],
        [  1., 300.,   9.,   4.,   3.,   2.,   3.,   4.,   5.,   1.],
        [  4.,  13.,  13., 269.,   2.,  10.,   1.,   1.,   4.,   0.],
        [269.,   6.,   4.,   9.,   4.,  59.,  10.,   4.,  11.,   7.],
        [  6.,   5., 297.,  15.,   3.,   3.,   5.,   1.,   2.,   1.],
        [  6., 151., 255.,  11.,   3.,  10.,   2.,   0.,  10.,   0.],
        [  1., 161., 118.,  10.,   4.,   2.,  16.,   1.,   1.,   0.],
        [  8.,  11.,   6.,   7.,  12.,   6.,   0., 298.,   2.,   4.],
        [  1.,   8.,   8.,  21.,   9.,   6.,   6.,   4.,   8., 277.],
        [ 10.,   8.,  15.,  27.,   9.,  10.,   2.,   0., 153.,   0.],
        [  9.,   6.,  61.,   0.,  28.,   2., 310.,   0.,   2.,   0.],
        [ 11.,   5.,  37.,   2., 108.,   1., 204.,   7.,   0.,   4.],
        [270.,  14.,  11.,   5.,   0.,  10.,   0.,  11.,   5.,   0.],
        [ 34.,   4.,   8.,  85.,   6., 268.,  20.,   0.,   7.,   0.],
        [  0., 282.,   5.,   3.,   4.,   1.,   1.,   5.,   3.,   0.],
        [  2.,   5.,  30.,   0.,   9.,   3., 307.,   0.,   3.,   0.],
        [  0., 304.,  15.,   7.,   4.,   2.,   5.,   6.,   7.,   2.],
        [  4.,  11., 253.,   3.,   4.,  18.,  12.,  36.,   1.,   2.],
        [  2.,  10., 254.,  16.,  10.,  16.,   1.,  86.,   2.,   5.],
        [  0.,  49., 307.,   3.,   2.,   9.,  20.,   0.,   0.,   0.],
        [  1., 301.,  13.,  15.,  11.,   8.,   1.,   4.,  52.,   0.],
        [  2.,   9.,  11., 294.,   8.,  10.,   1.,   1.,   2.,   0.],
        [ 17.,   4.,   1.,  23.,   3., 263.,   6.,   0.,  10.,   1.],
        [  0.,  12.,   4.,   6.,  39.,   5.,  22.,   8.,   5., 257.],
        [  1.,  11.,  11.,   5.,  10., 239.,   2.,   2.,  16.,   1.],
        [  5.,   7.,  11., 287.,   6.,  25.,   0.,   1.,   5.,   0.],
        [  0., 270.,   4.,   3.,   3.,   0.,   1.,   5.,   2.,   0.],
        [308.,  12.,   6.,   4.,   5.,  16.,  39.,   2.,   2.,   0.],
        [  1.,   8.,   8.,  45., 104.,  19.,   2.,   9.,   8., 283.],
        [288.,   7.,   5.,   5.,   0.,  15.,   1.,   0.,  15.,   5.],
        [  0.,   7.,   9.,   2., 252.,   5.,  13.,   3.,   5.,   4.],
        [ 17.,  10.,   7.,   8.,  22.,  28., 183.,   0.,   1.,   1.],
        [ 16.,  11.,  29.,   5., 268.,   7.,  31.,   5.,   0.,   0.],
        [  0.,   6.,   9.,   3., 284.,   4.,  11.,   2.,   3.,  12.],
        [  1.,  39.,  15.,   4.,  11.,   5.,   2., 246.,   3.,   7.],
        [  0., 217.,   5.,   8.,   8.,   6.,  10.,   7.,  52.,   6.],
        [  1., 305.,  19.,  10.,   6.,   3.,  13.,   6.,  11.,   2.],
        [  2.,  75., 309.,   3.,   2.,   6.,  24.,   0.,   0.,   0.],
        [  3.,   7., 305.,   4.,   6.,   6.,  18.,   0.,   4.,   0.]],
       device='cuda:0')
Epoch 4 | Batch 200
tensor([[167.,   4.,  20.,   3.,   6.,   3.,  41.,   4.,   0.,   9.],
        [  0.,   5.,   0.,  57.,   1.,   6.,   3.,  36.,  10., 288.],
        [  4.,   4.,  10.,   1.,  17.,   0.,   0.,  39.,   5., 245.],
        [294.,   9.,   6.,   5.,  13.,  28.,  19.,   2.,   3.,   6.],
        [281.,   3.,   9.,  52.,   2.,   4.,   5.,   3.,  94.,  84.],
        [  0.,   5.,   0.,   3., 264.,  21.,  14.,  17.,   1.,  28.],
        [  1.,   8.,   1.,   1.,  22.,  23.,   4.,  26., 211.,  30.],
        [  0., 287.,  33.,   1.,   2.,   1.,   2.,   8.,  37.,   3.],
        [ 35.,   1.,   0., 115.,   9., 300.,   4.,   4.,   1.,   1.],
        [  8.,  13.,   6.,   9.,   1.,  36.,   3.,   2., 295.,   9.],
        [  2.,   6.,   1.,   0., 293.,   7.,   6.,  19.,   1.,  19.],
        [  0.,   8.,   0.,  33., 253.,   6.,   1.,  20.,   4.,  24.],
        [277.,   4.,  32.,   6.,   1.,   8.,   0.,   1.,  11.,   3.],
        [  0., 302.,  14.,   1.,   0.,   5.,   4.,   6.,  16.,   6.],
        [  2.,   4.,   3.,   1., 230.,   3.,  12.,   4.,   4.,  20.],
        [  0., 294.,  12.,   1.,   3.,   2.,   1.,  11.,  23.,   3.],
        [  1.,   9.,   1.,   0.,  15.,   4.,   3.,  23.,   6., 289.],
        [298.,   8.,   7.,   0.,   5.,  24.,  27.,   1.,   6.,  25.],
        [  8.,   3.,   1.,   0.,  31.,   0.,   1.,  17.,   1., 267.],
        [  0., 250.,   1.,   0.,   0.,   7.,   3.,   5.,   6.,   8.],
        [  1., 298.,   3.,   2.,   1.,   6.,   1.,   4.,  10.,   7.],
        [  9.,   6.,  15.,   0.,   9.,   1., 311.,   1.,   1.,   2.],
        [  0., 201.,   0.,   0.,   0.,   1.,   1.,   1.,   5.,   2.],
        [  0.,   7.,   0.,  13., 256.,   5.,   1.,  17.,   1.,  22.],
        [  0.,  97.,   6., 214.,   5.,   9.,   1.,  12.,  13.,  10.],
        [278.,   5.,   3.,   1.,  12.,   6.,  92.,   2.,   3.,   5.],
        [287.,   4.,  12.,  40.,  28.,  15.,   1.,  10.,   1.,   6.],
        [  0.,  31.,  10.,   6.,   0.,  27., 260.,   1.,   4.,   4.],
        [223.,   6.,  26.,   3.,  30.,  12.,   4.,  13.,   0.,  11.],
        [ 11.,   3., 299.,   0.,   0.,   0.,   3.,   2.,   3.,   4.],
        [  3.,   6.,  18.,   0.,  14.,   0., 307.,   1.,   1.,   2.],
        [  0.,   6.,   0.,   7.,   1.,  10.,   2.,  18.,   7., 248.],
        [  4.,  11.,   0.,   0.,  19.,   6.,   0.,  82.,   1., 287.],
        [  4.,   5.,   7.,   3.,   6., 161.,   9.,   7.,   1.,   4.],
        [  0.,   2.,   0.,   1.,   9.,   4.,   0., 276.,   4.,  10.],
        [  2.,  13.,   2.,   8.,   4.,  19.,   3.,   1., 290.,   5.],
        [ 18.,   4.,  66.,   1.,   8.,   4., 225.,   1.,   1.,   0.],
        [  0.,  11.,   0.,   0.,   6.,  13.,   0., 303.,   5.,  22.],
        [  2.,   7.,   0., 280.,   7.,  17.,   0.,   8.,  78.,   5.],
        [201.,   4.,  21.,   6.,   7.,   2.,   5.,   4.,  10.,   5.],
        [ 18.,   2.,   0.,   4.,   5., 299.,   0.,   3.,  20.,   3.],
        [  4.,   5.,   2.,  17.,   5.,  16.,  11.,   2., 270.,  11.],
        [  1.,  17., 119.,   4.,   5.,   2.,   7.,  10.,   0.,   2.],
        [  3.,   4.,   0.,   0., 266.,  11.,   7.,  10.,   1.,  21.],
        [ 16.,   2.,   0.,  25.,   2., 290.,   5.,   4.,   3.,   2.],
        [  0., 273.,   2.,   1.,   1.,   4.,   3.,  16.,   4.,  11.],
        [  4.,   6.,   1.,   0., 272.,   3.,  12.,  10.,   3.,  17.],
        [ 95.,   1.,   2.,  23.,   9.,   4.,   5.,   2., 124., 253.],
        [  2.,  19.,   1., 286.,   5.,   6.,   1.,   1.,   7.,   7.],
        [ 27.,  13.,  39.,   3.,   7.,  14.,   2.,   2., 283.,  53.],
        [  4.,   3.,  82.,   0.,  18.,  27., 297.,   0.,   3.,   1.],
        [  1.,   4.,   0.,   0.,  26.,   2.,   1.,  49.,   1., 292.],
        [  0.,   5.,   1.,   0.,   9.,   6.,   0., 301.,   9.,  17.],
        [291.,   6.,   4.,  12.,   7.,  19.,   3.,   8.,   1.,   7.],
        [  0., 285.,  12.,   1.,   0.,   5.,   2.,   5.,  65.,   3.],
        [  0.,  41.,   3.,   7.,   1., 233.,   1.,   6.,   4.,  10.],
        [ 14.,   7.,   0.,  21.,  10.,  47., 108.,   3., 250.,   2.],
        [  9.,   1.,   0.,  19.,   6., 295.,  11.,   4.,   3.,   0.],
        [  2.,  14.,   2.,   2.,   4.,  73.,   4.,  10., 285.,  22.],
        [  0.,  26., 297.,   1.,   1.,  37.,  45.,   0.,   3.,   1.],
        [  0.,   7.,   0.,   5.,   8.,   2.,   3.,  18.,   4., 297.],
        [  0.,   1.,   0.,   9.,  13.,   2.,   1., 313.,   4.,  24.],
        [  0., 299.,  10.,   1.,   1.,   3.,   2.,   8.,  26.,   3.],
        [  3.,   4.,   3.,   0., 155.,  14.,  29.,   9.,   6.,  60.]],
       device='cuda:0')
Epoch 4 | Batch 300
tensor([[  0.,   7.,   4.,   5.,   4.,  10.,   4., 299.,   4.,  10.],
        [  3.,   7., 209.,   2.,   5.,   3.,   7.,  94.,  49.,   4.],
        [284.,   5.,   3.,   4.,   3.,  15.,  13.,   2.,  58.,   9.],
        [  0.,  10.,   1.,   5.,   5.,  13.,   5.,   5.,   4., 250.],
        [116.,   9.,  69.,  74.,  27.,   0.,   8.,   0.,   1.,   1.],
        [  4.,  11.,   5.,   2.,   6.,  27.,   5., 125., 279.,  61.],
        [  5.,   4.,   1.,  25.,   4., 288.,   9.,   0.,  68.,   4.],
        [  1.,   9.,   6.,   0.,  11.,   2.,  12.,   0.,  18., 253.],
        [272.,   8.,   2.,   7.,   4.,   9.,   4.,   3.,   0.,   7.],
        [  0., 271.,   2.,   2.,   0.,   1.,   3.,   0.,   5.,   1.],
        [  2.,   6., 300.,   0.,   3.,   1.,  39.,   0.,   0.,   2.],
        [  1.,  85.,  10., 257.,   1.,   8.,  15.,   0.,   4.,   3.],
        [  0.,   9.,   5.,  16.,   1.,   4.,   5., 295.,   2.,   7.],
        [  2.,  10., 295.,   1.,   4.,   2.,  33.,   0.,   0.,   3.],
        [  3.,   9.,   0.,   1., 277.,  16.,   4.,   3.,  18.,  12.],
        [294.,   5.,  25.,   3.,   4.,   1.,  63.,   0.,   1.,   2.],
        [  0.,  12.,  11.,   1.,  10.,   6., 287.,   0.,   8.,  18.],
        [  0., 157.,  18.,   1.,   1.,   3.,   1.,   1.,  20.,   1.],
        [  0.,  20., 279., 102.,   1.,   7.,  23.,   0.,   2.,   1.],
        [  0., 311.,   5.,   4.,   2.,  12.,   6.,   6.,   4.,   8.],
        [  1.,   4.,   2.,   0.,   5., 253.,   4.,   0., 126.,  35.],
        [  9.,  10.,   0.,  24.,   2., 276.,   3.,   1.,  16.,   2.],
        [ 16.,   9.,  18., 289.,   0.,  31.,   5.,   0.,   0.,   0.],
        [  2.,  56.,  14., 201.,   1.,  17.,  10.,   0.,   2.,   3.],
        [216.,   3.,   0.,   0.,  15.,   1.,   3., 164.,   0.,   9.],
        [  1., 276.,   3.,   3.,   1.,   2.,   2.,   1.,   3.,   2.],
        [  1., 309.,   6.,   3.,   2.,   4.,   6.,   1.,   5.,   5.],
        [  0., 305.,   6.,   5.,   3.,   6.,   7.,   2.,   2.,   6.],
        [  1.,   3.,   1.,   1., 275.,   2.,   2.,   2.,   1.,   7.],
        [  0.,  24.,   0.,   1.,   6.,   5.,   2., 243.,   2.,   8.],
        [  8.,  14.,   1.,   0.,   7., 252.,   2.,   3.,   5.,   3.],
        [  1.,   3.,   0.,  15.,   2., 244.,   1.,  35.,   6.,   2.],
        [  7.,   6., 297.,  18.,  67.,   2.,   4.,   0.,  38.,  14.],
        [ 31.,   9.,  15.,   0.,   6.,  22.,   6.,   1., 248.,  28.],
        [  0.,   7.,   2.,   0., 288.,   1.,   3.,   3.,   0.,  21.],
        [  0.,   5.,   3.,   0., 230.,   0.,   3.,   1.,   2.,  12.],
        [303.,   7.,  10.,   7.,   4.,   3.,   6.,   1.,   0.,   3.],
        [  0.,  17.,   4.,   6.,   6.,  19.,   7.,   7., 284.,   4.],
        [  8.,  22.,  12.,   4.,  11.,  58.,   1.,   0., 253.,   3.],
        [  2.,   9., 281.,   2.,   6.,   1.,  10.,   1.,   5.,   5.],
        [  4.,  18., 258.,   1.,   9.,   2.,  12.,   0.,   0.,   4.],
        [  5.,  10.,   1.,  63.,   5., 242.,   2.,   2.,   3.,   7.],
        [306.,   6.,  40.,   9.,   8.,  20.,   2.,   0.,   1.,   2.],
        [  2.,   6.,  13.,   0.,  16.,   0., 270.,   2.,   1.,   3.],
        [  0.,  11., 176.,   6.,   6.,   2.,   4., 141.,   4.,   7.],
        [  1.,   7.,   0., 289.,   6.,  22.,   2.,   4.,  16.,   2.],
        [  3.,   9.,  17.,   6.,  11.,  20.,   8.,   0., 287.,   2.],
        [ 16.,   4.,   9.,   9.,   3., 304.,   0.,   0.,  74.,   3.],
        [  0.,   6.,   1.,   3.,   2.,   4., 237.,   0.,  10.,  30.],
        [  0., 313.,   6.,   4.,   2.,  10.,   9.,   3.,   5.,   8.],
        [  2.,  32.,   7.,   6.,   4.,   7.,   8.,   3., 280.,  16.],
        [  0.,  21.,  11.,   3.,   3.,   9., 283.,   0.,  58.,   8.],
        [ 14.,  33.,  10.,   3.,   9.,  46.,   2.,   2., 266.,   3.],
        [  1., 121.,  13.,   5.,   3.,   8.,  12.,   2., 253.,   5.],
        [ 22.,   9.,   1., 290.,   6.,  33.,   0.,   1.,  11.,   1.],
        [  2.,  12.,   0., 268.,   3.,  23.,   4.,   0.,   5.,   2.],
        [  5.,  11.,  18., 297.,   4.,  13.,   1.,   0.,   2.,   0.],
        [  0.,  23.,   1., 268.,   1.,  19.,   2.,   0.,   2.,   1.],
        [ 17.,   4., 288.,   0., 143.,   0.,  17.,   0.,   0.,  43.],
        [  0.,  11.,   0., 265.,   3.,  20.,   3.,   0.,   5.,   3.],
        [141.,  11.,   6.,  10.,   4.,   7.,  14.,   2.,   9., 107.],
        [ 15.,   6., 294.,   1.,   9.,   1.,   5.,   0.,   7.,   8.],
        [  0.,  11.,   2.,   1., 223.,   8.,   6.,   9.,  55.,  49.],
        [316.,   5.,   4.,   0.,  12.,   5.,  50.,   0.,   0.,   2.]],
       device='cuda:0')
Epoch 4 | Batch 400
tensor([[  1.,   5.,  35., 251.,   6.,  40.,   3.,   3.,   7.,   1.],
        [  1.,  32., 307.,   5.,   0.,  10.,  10.,   2.,   1.,   0.],
        [  1.,  99.,   3., 289.,   7.,  43.,   0.,   3.,  15.,   4.],
        [309.,   2.,   0.,   3.,   0.,  70.,  33.,   5., 113.,   2.],
        [  7.,   5.,   1.,   4.,   4.,  11.,   0., 280.,   2.,  22.],
        [  1., 285.,   6.,   5.,   1.,   7.,   1.,   5.,   3.,   6.],
        [  0., 277.,   2.,   2.,   1.,   9.,   0.,   5.,   7.,   5.],
        [ 31.,   1.,   0.,  11.,   1., 165.,   0.,   2.,  99.,   3.],
        [  3.,  47.,   8.,   9.,   2.,  23.,   1.,  13., 275.,  12.],
        [  1.,  37.,  12., 227.,   1.,  16.,   0.,   5.,   2.,   5.],
        [  1.,   4.,   1.,   6.,  14.,   9.,   0., 300.,   6.,  23.],
        [  1.,  17.,   1.,   7.,   5.,  15.,   0.,  12.,   7., 260.],
        [  9.,  10.,   1.,   1.,   2.,  19.,   2.,  32., 238.,  13.],
        [ 11.,   6.,  11.,   2.,   3.,   6., 305.,   2.,   4.,   3.],
        [  0.,   9.,   2.,   9.,  17.,  10.,   0., 300.,   6.,  19.],
        [  0.,   7.,   1.,   1., 304.,   6.,   4.,  14.,   2.,  78.],
        [  0., 281.,   3.,   2.,   1.,   7.,   1.,   6.,   6.,   4.],
        [  0.,   0.,   7.,   5., 272.,  10.,   0.,  16.,   3.,  25.],
        [  3.,   6., 301.,   6.,   3.,   7.,   0.,   4.,   5.,   1.],
        [ 28.,   3.,  27.,   0.,  15.,   3., 303.,  10.,   0.,   7.],
        [  2.,   6.,   3., 145.,   0.,  29.,   0.,   5.,   8.,   7.],
        [ 15.,   5.,  20., 283.,   3.,  29.,   1.,   5.,   1.,   3.],
        [  1., 288.,   5.,   3.,   1.,   7.,   2.,   5.,   5.,   4.],
        [  0.,   1.,   7.,   3., 297.,   8.,   1.,   9.,  26.,  12.],
        [  0.,   1.,   1.,  39., 295.,  24.,   0.,   7.,   6.,  52.],
        [  0.,   1.,   0.,   3., 290.,  23.,   1.,  21.,   4.,  48.],
        [  0.,   6.,   2.,   4.,  18.,  12.,   1.,   8.,   3., 264.],
        [  2.,   2.,  15., 290.,   0.,  31.,   0.,   1.,   3.,   2.],
        [  4.,  73.,   4.,   4.,   1.,  34.,   2.,   7., 249.,   8.],
        [300.,   2.,   0.,   0.,   0.,  19., 205.,  35.,   6.,   4.],
        [ 27.,   1., 311.,   0.,   0.,   7.,  20.,   1.,   1.,   1.],
        [ 22.,   3.,   0.,  13.,   0., 302.,   0.,  11.,   5.,   2.],
        [ 15.,   2.,  15.,   2.,   0.,   2., 258.,  13.,   2.,   1.],
        [  0.,   4.,   0.,   2., 102.,  11.,   0.,  18.,   7., 298.],
        [  2.,  14.,  11.,   3.,   6.,  16.,   1.,  10., 215.,  19.],
        [  0.,   4.,   1.,   5., 268.,  17.,   0.,  13.,  14.,  31.],
        [ 16.,  37.,   1.,  43.,  10.,  62.,   0.,   7., 276.,   2.],
        [  6.,   5.,  55.,   0.,   2., 270.,  13.,   5.,   2.,   3.],
        [  1., 284.,   4.,   3.,   0.,   6.,   1.,   3.,   7.,   4.],
        [300.,   3.,   4.,   5.,   0.,  44.,   0.,   4.,   2.,   3.],
        [  1.,   4.,   5.,   5., 251.,  16.,   0.,   4.,  67.,   9.],
        [ 10.,   3.,   1., 275.,   0.,  29.,   0.,  16.,  11.,   4.],
        [  0.,   3.,   5.,  25.,   4.,   7.,   0., 290.,   5.,  19.],
        [  5.,   5.,   0.,   0.,  28.,  57.,   0.,  11.,   6., 258.],
        [  0.,   5.,   2.,   6.,   3.,   6.,   0., 280.,   4.,  14.],
        [  1.,   3.,   0.,   8.,  11.,  14.,   0.,   9.,   7., 284.],
        [  0., 299.,   3.,   6.,   3.,  15.,   1.,  21.,   7.,  10.],
        [  0.,  10.,   2.,   3., 254.,  13.,   0.,   7.,   4.,  17.],
        [  0.,   1.,   0.,   5.,   2.,   5.,   0., 235.,   2.,   8.],
        [  9.,   4.,   2., 286.,   2.,  39.,   0.,   4.,  10.,  11.],
        [  1., 303.,   9.,   9.,   1.,  10.,   1.,   7.,   7.,  14.],
        [  3.,   7.,   0.,  50.,   3., 218.,   0.,   8.,   2.,  20.],
        [  0.,   3.,   0.,   5., 299.,  15.,   0.,   6.,   3.,  38.],
        [  1.,   4.,   0.,   3.,  12.,  14.,   0., 280.,   3.,  60.],
        [  9.,   5.,  13., 257.,   2.,  34.,   0.,  81.,  20.,   2.],
        [  1.,   2.,  50.,   1., 244.,   9.,   9.,   3.,  29.,   5.],
        [263.,   2.,   5.,   6.,   2.,  30.,   0.,   5.,  36.,   7.],
        [  2.,  12.,   0.,   4.,   2., 203.,   0.,  12.,   5.,  28.],
        [ 94.,   0.,   0.,   5.,  73., 293.,   0.,   0.,   7.,   8.],
        [ 10.,  15., 276.,  15.,   0.,  21.,   1.,   2.,  13.,   0.],
        [ 18.,  21.,   3.,   1.,   0., 251.,   0.,   6.,   5.,   3.],
        [ 11.,   5.,   0.,   0.,  10.,   8.,   7.,  16.,   1., 160.],
        [  3.,   6.,   6.,  12.,   8.,  26.,   0.,   4., 292.,  10.],
        [  0.,   2.,   1.,   4., 293.,  13.,   0.,  37.,   3.,  34.]],
       device='cuda:0')
Epoch 4 | Batch 500
tensor([[  4.,   7.,   0.,   4.,   1.,  27.,   4.,   0.,   1., 274.],
        [  9.,   4.,   0.,   1.,  18.,   9.,   0., 228.,   2.,  32.],
        [  4.,  35., 286.,   2.,   0.,   4.,  21.,   0.,   5.,   5.],
        [  6.,  10.,   2.,   2.,   3.,  12.,  14.,   1., 287.,  15.],
        [312.,   2.,   0.,   0.,   0.,  41.,   0.,   0.,   7.,   0.],
        [  1.,   3.,   0.,   2., 285.,   5.,   4.,   5.,   5., 122.],
        [308.,   3.,   0.,  13.,   0.,  46.,   0.,   1.,   3.,   9.],
        [  3.,   3.,   1.,   2., 255.,   8.,   5.,   1.,   4.,  16.],
        [  2.,   4.,   0.,   1.,   9.,   7.,   1., 247.,   7.,  11.],
        [  1.,   6., 289.,   3.,   4.,   2.,   3.,   0.,   8.,   3.],
        [  2.,   3.,   1., 297.,   0.,  15.,   0.,   0.,   1.,   9.],
        [  1.,   9.,   0.,   2.,  69.,   5.,   1., 221.,   4.,  36.],
        [  3.,   3.,   0.,  36.,   2., 230.,   3.,   0.,   8.,  12.],
        [315.,   1.,  34.,   0.,   0.,  11.,   0.,   0.,   1.,   1.],
        [123.,   1.,   0.,   4.,   0.,   5.,   0., 215.,   1.,   4.],
        [  0.,   6.,   0.,  11., 152.,  11.,   4.,   0.,   8.,  27.],
        [ 11.,   2.,   0.,  15.,   1., 248.,   0.,   0.,   5.,  19.],
        [  7.,   3.,   0.,   5.,   4.,  11.,   3., 158.,   2.,  56.],
        [310.,   6.,   0.,   4.,   0.,  28.,   0.,   2.,   0.,   5.],
        [ 30.,   2.,   0.,   0.,   0.,  25.,   0., 254.,   4.,   9.],
        [  2.,   8.,   6.,   3.,  13.,  10., 276.,   0.,  11.,   4.],
        [  4.,   4.,   0.,   0.,  20.,   3.,   4.,  30.,   2., 291.],
        [242.,   4.,   2.,  14.,   5.,  34.,   7.,   0.,   4.,  68.],
        [  0., 301.,   2.,   5.,   0.,   6.,   9.,   2.,   6.,  10.],
        [ 11.,   9.,  28.,   2.,   3.,  20.,   1.,   1., 273.,   4.],
        [  0., 302.,   3.,   6.,   0.,   8.,   5.,   1.,   9.,   6.],
        [  0., 290.,   6.,   4.,   0.,   3.,   4.,   4.,   4.,  14.],
        [  6.,   6.,   4.,  10.,   7.,   7.,  12.,   1., 278.,  22.],
        [  1.,   3.,   4.,   4., 259.,   3.,   2.,   0.,   4.,  38.],
        [ 57.,   1.,   0.,   0., 217.,   3.,   1.,   0.,   2.,   5.],
        [  5.,  10.,  10.,   3.,   2.,  22., 293.,   0.,   5.,   9.],
        [  4.,   5.,   0.,   6.,   1.,   7.,   1.,  19.,   1., 289.],
        [  0., 293.,   5.,   7.,   0.,   6.,   3.,   1.,   8.,   6.],
        [  0., 289.,  17.,   6.,   0.,   4.,   3.,   0.,  11.,   8.],
        [  1.,  10.,   2., 269.,   0.,   7.,   0.,   0.,   3.,   3.],
        [  0., 286.,   8.,   2.,   0.,   4.,   8.,   0.,   4.,   4.],
        [  8.,  10.,   9.,   1.,  61.,  15., 291.,   0.,   4.,  12.],
        [  3.,  33., 170.,   5.,   0.,  52.,  10.,   0.,  14.,   2.],
        [  3., 133., 247.,   5.,   0.,   9.,   5.,   0.,   9.,   3.],
        [  8.,   3.,   1.,   6.,   8.,  11.,   2.,  37., 224.,  28.],
        [  1.,   8.,   5.,   2.,  41.,  10., 279.,   0.,   5.,   9.],
        [  1.,   3.,   0.,   4., 284.,   5.,   5.,   0.,   8.,  79.],
        [  0., 297.,   2.,   5.,   0.,  10.,   5.,   0.,   8.,   5.],
        [ 23.,   3.,  93.,   0.,   4.,  12., 275.,   0.,   6.,   3.],
        [  0., 291.,   1.,   4.,   0.,   5.,   7.,   1.,   4.,   8.],
        [  0., 295.,   9.,   6.,   0.,  14.,   3.,   0.,  10.,   5.],
        [ 25.,   3.,   0.,  42.,   0., 243.,   1.,   0.,   7.,   6.],
        [  1.,  11.,   0.,   7.,   0.,  64.,   6.,   0.,   4., 280.],
        [  3.,   8.,   0., 249.,   0.,  26.,   0.,   0.,   4.,   9.],
        [  2.,   9.,   0.,   3.,   0., 210.,   0.,   0.,   4.,   4.],
        [ 10.,   7.,   1., 290.,   0.,  10.,   0.,   0.,   1.,   5.],
        [279.,   2.,   2.,  11.,   3.,  38.,   2.,   0.,   2.,  23.],
        [  1., 290.,  23.,   7.,   0.,  11.,   3.,   0.,  20.,   7.],
        [  3.,   7.,   0., 240.,   0.,  46.,   0.,   0.,   2.,   2.],
        [  1.,  24.,   8.,   4.,   1.,   5.,   2., 131., 106.,  13.],
        [  0.,   5.,   3.,   6.,   1.,   4.,   2., 216.,   6.,  26.],
        [302.,   3.,   6.,  14.,   0.,  52.,   3.,   0.,   3.,   7.],
        [  1.,  50.,   2., 262.,   0.,  10.,   1.,   0.,   5.,   9.],
        [  0.,   4.,   0.,   4.,  10.,  12.,   2.,   6.,   1., 294.],
        [  0.,   9.,   1.,   2.,   5.,   5.,   3., 239.,   7.,  51.],
        [  0.,   8.,   1.,   2.,  33.,   4.,   5.,   0.,   5., 287.],
        [  2.,   5.,   7.,   0.,  22.,  10., 281.,   0.,   4.,   7.],
        [  0.,  38., 237.,   5.,   0.,   2.,   6.,  21.,   5.,   6.],
        [318.,   1.,   0.,   3.,   0.,  63.,   0.,   0.,   6.,   2.]],
       device='cuda:0')
Epoch 4 | Batch 600
tensor([[  6.,   6.,   6.,   7.,  24.,   7.,   3.,  24.,   6., 268.],
        [  3.,  18., 308.,  46.,   0.,   0.,  22.,   0.,   3.,   0.],
        [  0., 234.,  11.,  28.,   3.,   2.,   4.,  37.,  15.,   3.],
        [ 10.,   2.,   9., 306.,   1.,  15.,   0.,   0.,   8.,   0.],
        [  6.,   2.,  14.,   3., 298.,   6.,  14.,   5.,   4.,  16.],
        [  9.,  14.,  13.,  15.,   5.,   7.,   0., 282.,  45.,   7.],
        [  9.,   7.,   9.,  10.,   4.,   7.,   1., 290.,  10.,   8.],
        [  3.,   3.,   6.,   9.,   6.,   1.,   0., 293.,   5.,  32.],
        [  3.,   6.,  11.,  10.,  15.,   8.,   5.,   2., 271.,   0.],
        [  9.,   5.,  13.,  17.,  23.,   3.,  16.,   6.,  17., 162.],
        [  1.,   3.,   3.,  10.,  38.,   5.,   5.,  27.,  28., 257.],
        [  9.,   3.,   2.,   7.,  34.,   0.,   1.,  99.,   3., 283.],
        [  8.,  28., 277.,  28.,   1.,   0.,   0.,   2.,  98.,   0.],
        [  0.,   3.,   3.,  10.,  90.,   2.,   5.,  30.,  43., 243.],
        [  6.,   4.,  17.,   5.,   3.,   4., 288.,   2.,   9.,   1.],
        [  3.,   6.,   4.,  14.,  14.,   7.,   2.,  41.,   4., 266.],
        [  2.,   3.,   5.,  13., 301.,   1.,  14.,  17.,  12.,  14.],
        [  1.,   1.,  20.,   7.,   3., 272.,  11.,   0.,  11.,   0.],
        [  5.,   0.,   8.,  13.,   3., 242.,   7.,   0.,   8.,   0.],
        [  5.,   7.,  11.,   6.,  57.,   1., 301.,   0.,   5.,  18.],
        [295.,   6.,  11.,  11.,  12.,   0.,  17.,   3.,  19.,   2.],
        [  2.,   3., 301.,  15.,   0.,   0.,  15.,   1.,   2.,   0.],
        [  3.,   3., 286.,  12.,  10.,   1.,   7.,   3.,  14.,   1.],
        [142.,   2.,  53.,  17.,   6.,  14.,  12.,   2.,   3.,   6.],
        [  9.,  15., 288.,  15.,   1.,   2.,  55.,   3.,   5.,   0.],
        [  3., 293.,  16.,  12.,   0.,   2.,  16.,   5.,  11.,   6.],
        [  1., 265.,   4.,   8.,   2.,   0.,   3.,  68.,   7.,   4.],
        [  1., 278.,   6.,   8.,   1.,   0.,   5.,  15.,   8.,   2.],
        [ 10.,   1.,   4., 296.,   1.,  77.,   0.,   4.,  12.,   1.],
        [  4.,  11.,   6.,  12.,   3., 219.,   1.,   4.,   3.,   5.],
        [  9.,   0.,   8., 316.,   1.,   8.,   0.,   1.,   1.,   0.],
        [ 64.,   5.,  12., 297.,   0.,   0.,   0.,   4.,   1.,   0.],
        [ 30.,   4.,   8.,  10.,   2.,   9.,   1., 288.,   2.,   8.],
        [302.,   3.,   8.,  84.,   1.,   0.,   1.,  13.,   5.,   2.],
        [307.,   3.,   6.,  14.,   9.,   3.,   3.,   1.,  10.,   0.],
        [  1.,   2.,   5.,   7., 293.,   2.,  12.,   3.,   6.,  13.],
        [315.,   4.,   8.,  51.,   2.,  11.,   1.,   4.,   4.,   0.],
        [ 12.,   4.,   6.,  11.,   9., 107.,  75.,   0.,  12.,   1.],
        [  4.,  10.,   6.,  10.,   2.,  19.,   2.,  34.,  25., 227.],
        [  5.,   6.,  43.,  19.,   4.,   5.,  12.,   3., 201.,   3.],
        [ 19.,   2.,   4., 302.,   1.,  15.,   3.,   2.,   1.,   3.],
        [  6.,  18.,  10.,  16.,   2.,   2.,   1., 200.,  13.,  49.],
        [  0., 127.,   8.,  15.,   6.,   3.,   3.,  49.,  49.,   4.],
        [  1., 263.,   5.,  10.,   3.,   2.,   4.,  78.,   9.,   4.],
        [  3., 269.,  12.,  14.,   5.,   4.,   1.,   4.,  91.,  66.],
        [ 57.,   6.,  12.,  36.,   3.,   4.,   4.,   3.,  31.,  68.],
        [  1., 268.,   3.,   8.,   1.,   0.,   2.,  50.,   4.,   2.],
        [ 39.,   5.,  16.,   4.,  23.,   0., 307.,   2.,   2.,   1.],
        [ 24.,   2., 267.,  28.,  99.,   4.,  25.,   1.,   7.,   0.],
        [  7.,  99., 196.,  38.,   0.,   1.,   0.,   1., 131.,   0.],
        [  2.,   9.,   6.,   6.,   0.,   3., 266.,   0.,   4.,   3.],
        [  1.,   8.,   7.,   4.,   7., 232.,   9.,  11.,   7.,   9.],
        [  9.,   6., 295.,  17.,   1.,   0.,  15.,   1.,  49.,   0.],
        [ 12.,   6.,  11.,  11.,   3.,   1.,   1., 294.,   8.,  10.],
        [309.,   2.,   4.,  65.,   1.,  28.,   0.,   5.,  11.,   0.],
        [  3.,   5.,  16.,  13.,   1.,  16., 279.,   0.,   7.,   3.],
        [  8.,   1.,   2.,  39.,   4., 259.,   0.,   3.,  34.,   0.],
        [  2., 290.,  10.,  13.,   2.,   3.,   4.,   6.,  22.,   6.],
        [ 73.,   3.,  30., 295.,   0.,   0.,   1.,   5.,   5.,   0.],
        [ 19.,   3.,   7.,   8.,  21., 190.,   1.,   6.,   3.,  10.],
        [ 17.,   6.,  12.,   6.,  26.,   0., 276.,   7.,   8.,  13.],
        [  5.,   1.,   2.,  21.,   4., 221.,   0.,   8.,  19.,   1.],
        [  1., 126.,   6.,  16.,   4.,   2.,   2.,  57., 216.,   2.],
        [  9.,   5.,  11.,  13.,   6.,  50.,   4.,   2., 252.,   5.]],
       device='cuda:0')
Epoch 4 | Batch 700
tensor([[ 11.,   1.,   2.,  24.,   1.,  37.,   8.,   0., 228.,  19.],
        [262.,   4.,   4.,  19.,   0.,   3.,  12.,  88.,   0.,  15.],
        [  0.,  16.,  15.,   6.,   1.,   5.,   3., 260.,   3.,  20.],
        [  0.,  34.,  20.,   9.,   4.,  12.,   9.,   2., 252.,   7.],
        [  5.,   1.,   0., 220.,   7.,  33.,   5.,   0.,   2.,   4.],
        [  0., 298.,  12.,  12.,   1.,  12.,  10.,   5.,   6.,  11.],
        [266.,   1.,   2.,  30.,   1.,  22.,   3.,   0.,  28.,  54.],
        [  1.,  30.,   3.,   7.,   1.,  19.,   5.,  12.,   7., 173.],
        [299.,   1.,   1.,  13.,   1.,  13.,   3.,   1.,   4.,  21.],
        [297.,   2.,   3.,   8.,   0.,  11.,  25.,   2.,   0.,   7.],
        [  3.,   8., 293.,  25.,   0.,  12.,  25.,   0.,   0.,   2.],
        [ 15.,   0.,   5., 301.,  18.,  35.,   1.,   0.,   8.,   1.],
        [ 29.,   2.,   0.,   0.,   3.,  22.,   3.,  40., 270.,  17.],
        [ 24.,   2.,   3.,  14.,   5.,  20.,   4.,   0., 248.,  45.],
        [  0., 298.,  16.,  14.,   1.,   9.,   6.,   1.,   5.,   3.],
        [  5.,   1.,   3., 305.,   2.,  24.,   1.,   2.,   0.,   1.],
        [  8.,   1.,   1.,  28.,   2.,  20., 285.,   0.,   1.,   7.],
        [  4.,  10.,   0., 282.,   0.,  50.,   4.,   3.,   0.,   5.],
        [  1.,   4.,   7.,   7.,   2.,  20., 289.,   1.,   3.,   6.],
        [  2.,   2.,   0.,   2.,   0.,   6.,   2., 307.,   1.,  24.],
        [  8.,  11., 103.,  53.,   1.,  16.,   7.,   5.,   2.,   3.],
        [299.,   2.,   3.,   5.,   3.,  20.,  16.,   2.,   5.,   3.],
        [ 47.,   1.,  28.,  45.,   1., 306.,   6.,   0.,  19.,   1.],
        [  1.,   0.,   0.,   3.,   0.,   7.,   1., 308.,   1.,  27.],
        [ 13.,   2.,   2.,   2.,   5.,  13., 308.,   0.,   2.,  14.],
        [  1.,  15.,   2.,   3., 272.,   8.,   6.,   2.,   3.,   8.],
        [  2.,   9.,   6.,   3., 210.,  27.,   4.,   4.,  84.,   2.],
        [  1.,   3.,   0.,   2.,   8.,   7.,   2., 276.,   2.,  27.],
        [ 23.,   2.,   1.,   2.,   0.,  11.,   2., 291.,  11.,   8.],
        [  0.,   2., 239.,   3.,   6.,  17.,  29.,   2.,   2.,   2.],
        [ 14.,  11.,   2., 277.,   0.,  44.,   3.,   0.,   2.,   2.],
        [  5.,   4.,   1.,   2.,   0.,   1., 138.,   3.,   1.,   2.],
        [  0.,  10.,  14., 210.,   0.,   6.,   1.,   5.,   2.,   5.],
        [  1.,   2.,   1.,   0., 277.,  26.,  12.,   1.,   4.,   8.],
        [ 13.,   2.,   2.,   7.,   3., 225.,   6.,   0.,   8.,   1.],
        [  8.,   5.,   4.,   2.,   7.,  28.,  10.,   5., 258.,  28.],
        [  7.,   9.,  11.,  93.,   3.,  39.,   1.,  68.,   8.,   1.],
        [  6.,   8.,   8.,  28.,   1.,  86.,  10.,   0., 231.,   2.],
        [  1.,   6.,   0.,   0., 296.,   4.,  13.,   8.,   1.,  15.],
        [297.,  11.,   5.,  13.,   1.,  13.,   4.,   1.,  67.,   2.],
        [ 10.,   5.,   0.,   3.,  33.,   9.,   7.,   7.,   4., 263.],
        [ 18.,   7.,   0.,   2.,   3.,  37., 106.,   1.,   7.,   7.],
        [ 14.,   4., 287.,  40.,   1.,  22.,  10.,   2.,  14.,   0.],
        [ 15.,  10., 250.,   2.,  23.,  20.,  14.,   2.,  10.,   3.],
        [ 50.,   2.,  68., 283.,   0.,  54.,   3.,  45.,   4.,   1.],
        [  0.,  18.,   8.,   5.,   0.,   6., 257.,   1.,   5.,   4.],
        [305.,   4.,   3.,  19.,   0.,  14.,   5.,   3.,   3.,   8.],
        [  0.,   6., 157.,   6., 110.,  11.,   7.,   1.,   5.,   5.],
        [  0.,   1.,   1.,  26.,   4.,   5.,   3.,  29.,  14., 283.],
        [  3.,   9.,  14.,   5.,   1., 165.,  16.,   4.,   1.,   2.],
        [  0., 294.,  21.,  13.,   0.,  13.,   5.,   2.,   6.,   4.],
        [  1.,   3.,  10.,   2.,   6.,  20., 304.,   0.,   2.,  11.],
        [  0.,   2.,   0.,  14.,  13.,   7.,   5.,  14.,   2., 288.],
        [ 28.,   3.,   0.,   0.,   3., 167.,   2.,   4.,   3.,   2.],
        [  0.,   4.,   1.,   2.,   4., 213.,   8.,   0.,   5.,   3.],
        [  3.,  21.,   1.,  10.,   0.,   5.,   8.,  15.,   9., 266.],
        [ 40.,   2.,  17.,   1.,  58.,   7., 309.,   0.,   0.,   4.],
        [  1.,   7.,   9.,   6.,   1.,   6.,   2., 284.,   4.,  12.],
        [  0., 297.,  18.,  12.,   1.,   9.,   4.,   3.,   5.,   5.],
        [  0., 278.,   4.,   9.,   1.,  39.,  16.,   5.,   5.,   9.],
        [  0., 292.,  14.,  15.,   1.,  10.,   4.,   2.,   5.,   3.],
        [  2.,   1.,   0.,   5.,  19.,  13.,   4.,  31.,   1., 283.],
        [  1.,   1.,   0.,   7.,   4.,  12.,   3.,  21.,   5., 289.],
        [  1.,  15.,  16.,  59.,   1.,  66.,   9.,   2., 182.,   6.]],
       device='cuda:0')
Epoch 4 | Batch 800
tensor([[  2.,   4.,   0.,   1., 300.,   1.,  18.,   1.,   3.,  33.],
        [  2.,   7.,   5., 164.,   2.,   8.,   2.,   0.,  10.,   2.],
        [  1.,   0.,  18.,  30.,   2.,   6.,  42., 298.,   2.,  10.],
        [  4.,   1.,   3.,   2.,   8.,   4.,   5., 286.,   6.,  26.],
        [ 25.,   0.,   0.,   7.,   3.,   7.,   0., 285.,   0.,  22.],
        [ 33.,   4.,   0.,   1.,   5.,  17.,   5.,   2.,  49., 287.],
        [ 43.,   0.,  33.,   0.,  11.,   0.,  17.,   0.,   1., 278.],
        [ 12.,   3.,   2.,   3.,   4.,   2., 304.,   0.,   5.,  11.],
        [  0., 297.,   4.,   7.,   0.,   6.,   7.,   1.,  10.,   6.],
        [  1., 283.,  13.,   2.,   1.,  13.,   2.,   0.,  63.,   2.],
        [  2.,   1., 273.,  75.,   9.,   3.,  23.,   0.,   1.,   4.],
        [ 10.,   0.,   2.,  71.,   5., 298.,  17.,   0.,   9.,   3.],
        [  5.,   9.,   3.,   2.,   5., 261.,   3.,   1.,   9.,   4.],
        [  0., 296.,   6.,   5.,   1.,   8.,   1.,   0.,  13.,   6.],
        [164.,   0.,  13.,   7.,   0.,   8.,   5.,  45.,   5.,  11.],
        [  0.,   0.,   9.,   7.,   2.,  10., 302.,   0.,  10.,  14.],
        [ 29.,   1.,   2.,   0.,  10.,   1.,   2.,  77.,   2., 235.],
        [  3.,   1.,   1.,  34.,   2., 270.,  15.,   3.,   7.,   7.],
        [  8.,   1.,   6.,   8., 293.,   3.,   4.,   0.,   5.,  33.],
        [  1.,   0.,   5.,   5., 228.,   5.,  18.,   0.,   9.,   9.],
        [  0.,   0., 282.,  26.,   1.,   6.,   4.,  75.,   1.,   5.],
        [  1.,   0.,   0.,   8., 274.,  12.,   4.,   0.,   7.,  34.],
        [  0.,  75.,   1.,   3.,   2.,  19.,   3.,   5.,   7., 202.],
        [  0.,   1.,   2.,   1., 301.,   2.,   6.,   0.,   8.,  42.],
        [  1.,   2.,   1.,   2.,  21.,   4.,   5.,  33.,   7., 278.],
        [  2.,   8.,   1.,   6., 228.,  10.,   5.,   4.,   9.,  14.],
        [  9.,   2.,   3.,  10.,  17.,  37.,   1.,   0., 286.,  11.],
        [  0.,  20.,   8.,   0.,   2., 145.,   2.,   0., 120.,   2.],
        [  5.,   5., 142.,  11.,   1.,  48.,   4.,   0.,   8.,   5.],
        [  1.,   1.,   8.,   2.,  12.,   6., 309.,   0.,   2.,  13.],
        [  4.,  40.,   7.,   7.,   4.,  47.,   8.,   1., 253.,   9.],
        [231.,   0.,  30.,   6.,   2.,   6.,   1.,   0.,   2.,   2.],
        [  5.,   1.,  17.,   2.,  25.,  10., 313.,   0.,   1.,   6.],
        [292.,   1.,   3.,  18.,   5.,   5.,   3.,   1.,   0.,   0.],
        [231.,   0.,  42.,  15.,   6.,  15.,  15.,   1.,  10.,  15.],
        [  0., 294.,   4.,   7.,   0.,   5.,   8.,   1.,   6.,   5.],
        [  2.,   0.,   2.,   7.,   3., 277.,   2.,   0.,  21.,   7.],
        [  3.,   4., 281.,   5.,   9.,   2.,   6.,   0.,   2.,   9.],
        [  8.,   4.,   6.,   5.,   3.,  23.,   2.,   2., 267.,  30.],
        [  5.,   0.,  46.,   5.,  26.,   3.,   3.,  12.,   2., 258.],
        [  1., 289.,   7.,   4.,   1.,   7.,   2.,   1.,  27.,   6.],
        [ 60.,   1.,  43.,  26.,   5.,   7.,   0.,   0., 254.,   7.],
        [  2.,   1.,   5.,   6.,  12.,   8., 293.,   0.,  11.,  18.],
        [  4.,  12.,   2.,   0.,   7., 273.,   4.,   3.,  81.,  13.],
        [  0.,   1.,  74.,  18.,   4.,   9.,   1., 290.,   2.,  12.],
        [  2.,   1.,   6.,   3.,  15.,  28.,   5.,   0., 280.,  10.],
        [  6.,   1.,  21., 306.,   2.,  10.,   1.,   0.,   4.,   2.],
        [  0., 162.,  13.,   3.,   4.,  10.,   2.,   0.,  61.,   3.],
        [  2.,   0.,   7.,   3.,   7.,  25., 282.,   0.,   5.,   8.],
        [299.,   2.,   0.,  22.,   2.,  78.,   5.,   4.,   0.,   2.],
        [  1., 284.,   5.,   4.,   1.,   6.,   4.,   0.,  18.,   6.],
        [  1.,   2.,   2.,   3.,   5.,   8.,  12.,   1.,  10., 284.],
        [ 34.,   0.,   3.,  17.,   3., 259.,  69.,   0.,   5.,   5.],
        [  0.,  13.,   1.,   7.,   2.,  25.,   4.,   7.,   7., 219.],
        [  2.,   0.,   9., 264.,   1.,  43.,   0.,   0.,   9.,  10.],
        [ 55.,   0.,   0.,  15.,   1., 245.,   2.,   2.,   7.,   4.],
        [  8.,   0., 279.,  22.,   2.,  27.,   0.,   0.,  56.,   1.],
        [  0.,   1., 305.,  16.,   1.,  56.,  18.,  34.,   1.,   5.],
        [  3.,   3.,   1.,   7., 262.,   9.,  10.,   2.,  13.,  20.],
        [  0.,   0., 298.,  30.,   0.,   5.,   3., 109.,   2.,   4.],
        [  5.,   0., 148.,   3., 163.,   2.,   5.,  20.,   3.,  17.],
        [  4.,  18.,  14.,  13.,   5.,  10.,   6.,   1., 257.,   7.],
        [  4.,   1.,   5., 289.,   1.,  16.,   0.,   0.,  17.,  14.],
        [  1.,   4.,   7.,   4.,   5.,  11., 191.,   0.,   5.,   5.]],
       device='cuda:0')
Epoch 4 | Batch 900
Switching label layer to Inference Mode (LIF)...
Epoch 4 DONE | Test Acc: 77.58% | Time: 776.3s
Switching label layer back to Training Mode (Clamp)...
tensor([[ 10.,   4.,   5.,   0.,  38.,   0.,  13.,  24.,   4., 279.],
        [  0.,   5.,   3.,   0., 278.,   5.,  22.,  18.,   5.,  73.],
        [  0.,   5.,   1.,   4.,  28.,   5.,   6.,  56.,   3., 252.],
        [  0.,   6.,   1.,   3.,  12.,  25.,   4.,  42.,   4., 214.],
        [  1.,   5.,   1.,  11.,  11., 272.,   3.,   6.,  12.,   9.],
        [  1.,   9.,   0.,   0.,   7., 218.,   2.,   4.,   3.,   2.],
        [308.,   9.,   4.,   7.,   3.,  12.,  44.,   8.,  25.,   0.],
        [  0.,   4.,   0.,   0., 300.,   0.,  20.,  17.,   6.,  43.],
        [294.,   6.,  17.,   0.,   3.,   5.,  73.,   5.,   3.,   0.],
        [131.,  40.,   5.,   7.,   8.,   7.,  10.,  28.,  21.,   9.],
        [  5.,   5.,   0.,   0.,  24., 227.,   0.,  23.,   4., 114.],
        [  0.,  14.,   1.,   9.,   7.,   6.,   6.,  35.,   7., 280.],
        [  2.,  11.,   9.,   3.,  19.,   0.,  20.,  10.,  11., 246.],
        [  1.,  26.,   4.,   2.,   9.,   3.,   9.,  20., 133.,  95.],
        [  0.,   4.,   4.,   3.,  10.,   2.,   2., 309.,   1.,   8.],
        [  1.,   4.,   2.,   1.,  19.,   4.,   3., 305.,   3.,  15.],
        [315.,   6.,   0.,   8.,   2.,  82.,   9.,   1.,  78.,   0.],
        [  0.,   5.,   1.,   0.,  10., 141.,  13.,   3.,  32.,   5.],
        [  0.,   4.,   4.,   1., 266.,  12.,  34.,  13.,   7.,   5.],
        [  3.,  15.,   8.,   0.,   4.,  24.,  11.,   5., 239.,   7.],
        [  1.,   7.,  13.,   2.,   5.,   4., 291.,  19.,   3.,   2.],
        [  5.,   7.,  15.,   0.,  77.,   0., 309.,   8.,   2.,   2.],
        [ 26.,   7.,  14.,   0.,  20.,   0., 310.,   4.,   1.,   0.],
        [  0.,  67.,   3.,   2.,   7.,   3.,   3., 294.,   3.,  12.],
        [  0.,   5.,   5.,   0., 263.,   0.,  12.,  17.,   2.,  12.],
        [  0., 309.,  13.,   5.,   2.,   1.,   4.,  11.,  29.,   4.],
        [  1.,   5.,   1.,  12.,   5., 262.,   7.,   2.,   4.,   2.],
        [  0.,  39., 307.,   1.,   1.,   0.,  15.,   1.,   1.,   2.],
        [  0., 301.,  60.,   4.,   3.,   0.,   4.,   5.,  57.,   4.],
        [ 13.,  14.,   9., 287.,   2.,  12.,   2.,   9.,   1.,   0.],
        [  0., 295.,  50.,  14.,   4.,   0.,   4.,   4.,  51.,   2.],
        [  1.,   4.,   0.,   0., 309.,   0.,  23.,   4.,   3.,  26.],
        [  0.,  13.,   1.,   4.,  10.,   4.,   3.,  26.,   7., 274.],
        [  2.,   8.,   5.,   2., 107.,   1.,  29.,  19.,   5.,  21.],
        [  0., 137.,   9.,   7.,   6.,   4.,   8.,  18., 278.,   4.],
        [  0.,   3.,   3.,   0., 238.,   2.,   8.,  19.,   8.,   6.],
        [  1.,  27.,   3., 281.,   9.,   3.,   3.,   5.,  10.,   4.],
        [  0.,  12.,   9.,   1.,   7.,   5., 293.,  11.,   9.,   3.],
        [  1.,   5.,   2.,   4.,  34.,  17.,   2., 304.,   6.,  22.],
        [  3.,  19.,   5.,   4.,  10.,   2.,   5., 276.,   9.,  14.],
        [  0., 300.,  13.,   4.,   3.,   0.,   2.,   7.,  27.,   3.],
        [  0.,   6.,   5.,   3.,   7.,   3.,   3., 302.,   2.,  26.],
        [  8.,   4.,   2.,   3., 281.,   0.,  17.,   0.,   3.,  17.],
        [  0., 298.,  55.,   5.,   3.,   0.,   4.,   4.,  51.,   4.],
        [  0.,  57.,  10.,   4.,   5.,  91.,  64.,   3.,   7.,   5.],
        [  6.,  11.,   7.,  16.,   5.,   0.,   2., 294.,   3.,   5.],
        [  0., 281.,  23.,   4.,   2.,   2.,   2.,   4.,  17.,   2.],
        [  0., 278.,  10.,  10.,   4.,   1.,  33.,  10.,   6.,   2.],
        [  0.,   3.,   0.,   0., 294.,   8.,   9.,  22.,   6.,  58.],
        [  0.,   8.,   0.,   4.,  11.,   9.,   6.,  41.,   4., 284.],
        [  0., 286.,   3.,  10.,   2.,   0.,   7.,  14.,   4.,   6.],
        [ 10.,   4.,  12.,  12.,   2., 260.,  23.,   1.,   6.,   0.],
        [  4.,   5.,   1.,   0., 290.,   0.,  19.,  25.,   4.,  10.],
        [  0., 305.,  15.,   4.,   5.,   0.,   3.,  14.,  16.,   6.],
        [304.,   8.,   2.,   4.,   6.,   0.,  17.,  18.,  58.,   1.],
        [  0.,  25.,   1.,   4.,   7.,   5.,   5.,  87.,   9., 270.],
        [  0.,  18.,   9.,  16.,   7.,   2.,   2., 255.,   4.,  10.],
        [  3.,   6.,   1.,   2.,  30.,   3.,   2., 297.,   2.,  25.],
        [  3.,  12.,   9., 262.,   1.,   8.,  14.,  15.,   2.,   2.],
        [  5.,   5.,   2.,   1.,  16., 279.,  26.,   1.,  14.,   3.],
        [  0.,  87., 207.,   0.,   0.,   2.,  13.,  12.,   3.,   2.],
        [  0.,  16.,   3.,   4.,   8.,   2.,   3., 309.,   3.,  11.],
        [  0., 264.,   3.,   9.,   3.,   0.,   8.,  16.,   3.,   5.],
        [  1.,   5.,   9.,   1.,  10.,   0., 295.,   1.,   4.,   0.]],
       device='cuda:0')
Epoch 5 | Batch 0
tensor([[  0.,   6.,   9.,   6.,   3.,   9.,   1.,   3., 263.,  13.],
        [  0.,   3.,   3.,   1.,  22.,   2.,   9.,  13.,   8., 300.],
        [  0., 288.,  17.,   6.,   2.,  20.,   4.,  11.,  64.,   3.],
        [  0., 287.,  19.,   6.,   2.,   8.,   2.,  15.,  16.,   4.],
        [  4.,   2.,   3.,   0.,   4.,  10.,   0., 291.,  11.,  27.],
        [  0.,  34.,   8.,  10.,   2.,   4.,   3., 158.,  13.,  14.],
        [  0., 265.,   5.,   3.,   1.,  44.,   1.,  11.,   3.,   2.],
        [  0., 282.,   8.,   4.,   1.,  10.,   1.,  20.,   7.,   3.],
        [ 12.,   9.,   6.,   1.,   3.,   3., 283.,   5.,   5.,   3.],
        [286.,   2.,  14.,   4.,   0.,   2.,  22.,   3.,   3.,   2.],
        [  0.,   2.,   3.,  72.,   0.,  21.,   1.,   0.,  20., 156.],
        [  0.,   1.,   6., 291.,   3.,  20.,   0.,   0.,  11.,   0.],
        [  0.,   1.,   1.,   5., 291.,  11.,   2.,   7.,   2.,  16.],
        [  0., 194.,  53.,   5.,   2.,   6.,   4.,   9.,  20.,   6.],
        [  1.,   0.,   1.,   1.,   3.,   3.,   0., 309.,   6.,  43.],
        [  0., 164.,  18.,   3.,   2.,   6.,   0.,   6.,  14.,   2.],
        [  5.,   1.,   3.,  12.,   5., 272.,   6.,   1.,  32.,   0.],
        [  1.,   0., 289.,  15.,   1.,  10.,   0.,   2.,  16.,   0.],
        [  2.,  27.,  17.,   2.,   5.,   9.,   0., 141.,  14.,  12.],
        [  0.,   3.,   6.,   1.,  19.,   0.,   3.,   2.,   4., 281.],
        [  3.,   5.,  17., 286.,   0.,   9.,   3.,   5.,   4.,   1.],
        [271.,   5.,  11.,  22.,   1.,  24.,   0.,   3.,  10.,   1.],
        [  1., 122.,   4.,   1., 275.,   4.,   5.,  17.,   2.,  10.],
        [  0.,   2.,   1.,   5.,   9.,   3.,   0., 309.,   5.,  19.],
        [  0.,   0.,   0.,   9., 295.,  48.,   4.,  11.,   5.,  34.],
        [  0.,  27.,   4.,  14.,   2.,  10., 271.,   5.,  11.,   4.],
        [  0.,   0., 315.,  10.,   1.,   0.,   3.,   0.,   6.,   0.],
        [  0.,   3.,   5.,   0.,  11.,   1.,   5.,  22.,  15., 300.],
        [306.,   3.,   1.,   3.,   0.,   4.,   5.,   9.,  54.,   1.],
        [  0.,   1.,   2.,   3.,   3., 239.,   5.,   7.,   7.,  18.],
        [269.,   2.,  19.,   2.,  11.,  37.,   1.,   6.,  11.,   1.],
        [  6.,   8.,  28.,   1.,   2.,  12.,   0.,   3., 235.,   3.],
        [  2.,   0.,  11.,  50.,   0., 251.,   5.,   2.,   4.,   1.],
        [  7.,   3.,  45., 235.,   0.,   1.,   0.,   4.,   7.,   1.],
        [  0.,   2.,   3.,   0., 255.,   8.,   3.,  40.,  44.,   7.],
        [  0., 273.,  11.,   8.,   3.,  13.,   2.,  31.,   7.,   5.],
        [  0., 278.,   9.,   4.,   3.,   6.,   0.,  12.,  71.,   5.],
        [  0.,  10.,   6., 240.,   0.,   9.,   0.,   7.,  12.,   5.],
        [ 18.,   0.,   1.,   1.,   4., 291.,   0.,  18.,  58.,   5.],
        [  0.,   5.,  19.,   0.,  20.,   3., 278.,   9.,   8.,   8.],
        [  0.,   3.,   1., 252.,   3.,   7.,   6.,   4.,   4.,  10.],
        [  0.,   0.,   6., 286.,  13.,  34.,   0.,   0.,  11.,   3.],
        [  0.,   4.,   3.,   1.,   2.,   2.,   5.,  17.,  14., 290.],
        [  0.,   2.,  47.,   1.,  68.,   4., 263.,   2.,   2.,   0.],
        [  1.,   1.,   2.,   7.,   3., 261.,   0.,   8.,  16.,  14.],
        [  0., 208.,   4.,   1.,   1.,   4.,  23.,   3.,   6.,   2.],
        [ 12.,   4.,   6.,  14.,   4.,  12.,  13.,   3., 226.,  13.],
        [  0.,   2.,   5.,   0.,   6.,   0.,   4.,   9.,  10., 274.],
        [  1.,   4.,   4.,   1.,   2.,   3.,   1.,  32.,  14., 295.],
        [  2.,   0.,  19.,  35.,   1.,  76.,   2.,   0., 248.,   1.],
        [  0.,   5., 266.,   2.,   1.,   1.,   6.,  79.,   2.,   5.],
        [  1.,   7., 291.,   1.,   6.,   5.,  15.,   3.,   5.,   3.],
        [  5.,   1.,   0.,   0.,  11.,   7.,   0., 298.,  12.,  60.],
        [  0.,   3.,   2.,   1.,  16.,   1.,   6.,  25.,  15., 297.],
        [  0., 271.,   6.,   4.,   1.,  16.,   1.,  29.,   8.,   5.],
        [  0.,   4.,   6.,   0., 289.,   2.,  10.,  72.,   5.,  10.],
        [  1.,   1.,   8.,  10.,   2.,   5.,   2.,   5., 262.,  11.],
        [  0.,   2.,   2.,   0.,  27.,   0.,   3., 145.,  11., 306.],
        [  2.,   3.,  42.,   0.,  10.,   2., 273.,   2.,   5.,   3.],
        [ 74.,   1.,   3., 254.,   0.,   8.,   0.,   1., 235.,   3.],
        [  0.,   0.,   0.,   0.,   5.,  10.,   0., 309.,   3.,  41.],
        [  0., 271.,   4.,   2.,   0.,  10.,   1.,  10.,   7.,   2.],
        [  0.,  78.,  11.,  44.,  11.,  31.,  97.,   0., 113.,   1.],
        [ 26.,   0.,   1.,  86.,   0., 262.,   0.,  25.,   8.,   2.]],
       device='cuda:0')
Epoch 5 | Batch 100
tensor([[  0., 293.,   1.,  16.,   3.,   2.,   2.,   1.,   8.,   2.],
        [  0.,   7.,   0.,   6.,  24.,   3.,   2.,  16.,   2., 270.],
        [  0.,   1.,   0.,   6., 281.,   5.,   4.,  10.,   3.,  26.],
        [  0., 279.,   6.,   7.,   3.,   0.,   2.,   2.,  18.,   5.],
        [  0.,   1.,   0.,   8., 292.,  14.,   4.,   4.,   1., 108.],
        [  4.,   0.,   0.,   1., 293.,  22.,   5.,   2.,   1.,  10.],
        [  0., 290.,   2.,  15.,   4.,   2.,   2.,  35.,   5.,   3.],
        [  0., 292.,   2.,  11.,   1.,   2.,   1.,   0.,  51.,   8.],
        [ 50.,   1.,  10., 221.,   4.,   3.,   0.,   0.,   0.,   2.],
        [  5.,   1.,   1.,  13.,   7., 264.,   0.,   1.,  11.,   8.],
        [152.,   0.,   5., 304.,   0.,   2.,   0.,   1.,   0.,   0.],
        [  0.,   2.,   3.,   3., 274.,   2.,   9.,  23.,   4.,   7.],
        [  0.,  11.,   0.,   3.,   5., 246.,   0.,   3.,  35.,   2.],
        [  0., 293.,   4.,  10.,   2.,   0.,   2.,   2.,  26.,   6.],
        [  0.,   2.,   1.,   2.,  51.,   0.,   3.,   1.,  11., 299.],
        [  2.,   2.,   4.,   1.,  29.,   2.,   3.,  70.,   0., 259.],
        [  0., 294.,   4.,  16.,   2.,   1.,   1.,   2.,  18.,   7.],
        [  0., 242.,  13.,  10.,   5.,   6.,   0.,   1., 127.,   2.],
        [  2.,  88., 265.,  60.,   0.,  12.,   0.,   0.,  66.,   0.],
        [291.,   0.,  15.,  17.,   1.,   3.,   1.,   3.,  26.,   4.],
        [  1.,  18.,   7.,  36.,   3.,  42.,   3.,   0., 216.,   8.],
        [296.,   2.,   2.,   1.,   6., 106.,   3.,   5.,   1.,   2.],
        [275.,   0.,   1.,   8.,   3.,  37.,  55.,   1.,   4.,   8.],
        [  1.,   4., 219.,  16.,  11.,   2.,   0.,   4.,  13.,   4.],
        [  0., 296.,   2.,  16.,   3.,   3.,   3.,   2.,   8.,   3.],
        [  0.,   1.,   0., 305.,   7.,  31.,   0.,   1.,  18.,   2.],
        [  0.,   4.,   0.,   6.,   9.,   9.,   3.,   1.,   2., 263.],
        [ 28.,   1.,   0.,   0.,  38.,   7.,   2., 236.,   0.,  24.],
        [  0.,   0.,   1., 314.,   4.,  12.,   0.,   0.,   3.,   2.],
        [  0.,  60.,   0., 256.,   4.,   6.,   0.,   3.,   7.,   3.],
        [ 19.,   0.,   0.,   4.,  28.,   7.,   4., 282.,   0.,  17.],
        [  0.,   6.,   4.,   7.,  13.,  32.,   7.,  15., 277.,   6.],
        [ 10.,   0., 296.,   8.,  11.,   0.,   2.,   0.,   0.,  11.],
        [  1.,   3.,   0.,   3.,  27.,   2.,   5.,  16.,  77., 254.],
        [  0., 297.,   2.,  18.,   2.,   2.,   1.,   1.,  26.,   7.],
        [  0.,   4.,   0.,  12.,   6.,  15., 133.,   0.,  12.,   8.],
        [  3.,   8., 275.,   5.,   5.,   3.,   0.,   3.,  19.,   2.],
        [ 11.,   5.,  51.,  11.,  10.,  10.,   5.,   0., 153.,   3.],
        [  0.,   2.,   0.,   2., 104.,   3.,   4.,  21.,  50., 283.],
        [  0., 290.,   3.,  14.,   2.,   3.,   1.,   1.,  74.,   5.],
        [  0.,  53., 284.,   4.,   4.,   2.,  31.,   0.,   0.,   0.],
        [312.,   0.,   5.,  25.,   0.,  18.,   1.,   1.,   0.,   1.],
        [  0.,   9.,   7.,  15.,   3.,   3.,   1., 262.,  13.,  21.],
        [  0.,  15.,   4.,   4.,  15.,   7.,   5.,   3., 276.,   5.],
        [  0.,   4.,   1.,   3.,  41.,   2.,   2.,  22.,   2., 301.],
        [  0.,   5.,   0.,   7.,   9.,   7.,   0., 246.,   3.,  29.],
        [  1.,   0.,   0., 306.,   5.,  49.,   0.,   1.,   1.,   1.],
        [ 31.,   2., 294.,  12.,   6.,   0.,   3.,   6.,   1.,   2.],
        [  0.,  21.,   3.,  11.,   4.,   6.,   3.,   2., 258.,   6.],
        [  0.,   1.,   0.,   5.,  34.,   8.,   1., 294.,   0.,  50.],
        [  0.,   0.,   0.,  37.,   7., 267.,   1.,   0.,   2.,   1.],
        [  0.,  19.,  35., 253.,   4.,   1.,   3.,   2.,   0.,   0.],
        [ 35.,   1.,   0.,   7.,   2.,  82.,   2.,  29., 230.,   7.],
        [  0.,  18.,   0., 267.,   6.,  27.,   2.,   4.,   3.,   5.],
        [  0., 295.,   2.,  15.,   3.,   3.,   2.,   3.,   9.,   4.],
        [113.,   2.,   3.,   0.,  50.,   0., 297.,   4.,   0.,   3.],
        [  7.,   2.,   0.,   0.,  11., 229.,   0.,  26.,  39.,   9.],
        [  0., 290.,   1.,  16.,   2.,   3.,   2.,   4.,   8.,   2.],
        [  0.,   3.,   0.,  29.,  30.,  14.,   2.,   8.,   3., 236.],
        [  0.,  21.,   0.,   8.,   5.,   5.,   1., 282.,   1.,  25.],
        [272.,   1.,   4., 107.,   5.,  19.,   3.,   2.,   2.,   4.],
        [ 13.,   3.,   0.,   2.,  12., 294.,   0.,   2.,  17.,   4.],
        [  0., 298.,   4.,  15.,   3.,   1.,   1.,   1.,  17.,   6.],
        [  0.,   1.,   0.,   7., 300.,   8.,   6.,   4.,   0.,  24.]],
       device='cuda:0')
Epoch 5 | Batch 200
tensor([[303.,   0.,   0.,   0.,  17.,   1.,   8.,   5.,   0.,   1.],
        [ 11.,   2.,   0.,   2.,   6.,   1.,   1., 300.,   7.,  12.],
        [ 41.,   0.,   5.,   2.,  12.,   0., 306.,   4.,   0.,   5.],
        [ 17.,   0.,   0.,   0.,  81., 253.,   2.,  31.,   3.,   4.],
        [  2.,   1.,  11.,  26.,   4.,   2.,   1., 240.,   3.,  30.],
        [  0., 271.,   8.,   9.,   4.,   5.,   3.,   7.,   5.,  16.],
        [  6.,   0., 304.,  33.,   0.,   8.,  26.,   1.,   0.,   1.],
        [323.,   0.,  25.,  28.,   0.,   0.,   3.,  70.,   0.,   2.],
        [  5.,   1., 201.,  27.,   7.,   6.,   2.,  14.,  12.,   0.],
        [  7.,   5.,   6.,  13.,   4.,  20.,   3.,   2., 263.,  13.],
        [301.,   0.,   0.,  17.,   1.,   9.,  11.,  16.,   2.,   3.],
        [  4.,   2.,   1.,   5.,  12.,  24.,   2., 281.,   3.,  51.],
        [  0., 163.,   6.,  12.,   6.,   8.,  13.,  15.,  12.,   7.],
        [289.,   0.,   0.,   3.,   2.,   2.,   5.,   4.,  20.,   3.],
        [  0.,   2.,   3.,   4.,   2.,   4.,   1., 272.,   5.,  33.],
        [ 10.,   1.,   1.,   0., 309.,   0.,   9.,  16.,   3.,  12.],
        [  0., 277.,   8.,  11.,   5.,  11.,   5.,   8.,  10.,  11.],
        [299.,   0.,   0.,   9.,   6.,  12.,  10.,   6.,   4.,   1.],
        [  4.,   3.,   1.,   2.,   8.,   1.,   2., 306.,  26.,  31.],
        [  0.,  23.,   5.,   7.,   2.,   9.,   1., 293.,   5.,  22.],
        [  6.,   5.,   4.,   5.,   5.,  88.,  27.,   5., 293.,  20.],
        [  0., 262.,   6.,   7.,   2.,  10.,   3.,   3.,   7.,   6.],
        [  0.,  14.,  11.,   6.,   3.,   5.,   2., 283.,   9.,  33.],
        [  1.,   1., 295.,   6.,  11.,  10.,  13.,   6.,  51.,   2.],
        [  2.,   3.,   1.,   5.,  21.,  10.,   4.,  22.,   8., 236.],
        [  3.,   0.,  30., 312.,   3.,  34.,   1.,   3.,   0.,   0.],
        [  1.,   1., 309.,  12.,   8.,   0.,  19.,   1.,   1.,   2.],
        [  0.,   1.,   1.,  15.,   8.,   7.,   3.,  39.,  58., 195.],
        [281.,   0.,   4.,  11.,   1.,   0.,   7.,   7.,   3.,   1.],
        [ 13.,   1.,   1.,   4.,   2.,  16., 263.,   4.,   4.,   2.],
        [ 20.,   1.,   4.,  65.,   0., 234.,   9.,   4.,   1.,   1.],
        [  2.,   8.,   5.,  14.,   5.,  68.,   4.,   6., 288.,   6.],
        [  4.,   4., 252.,  32.,   4.,  11.,   3.,  22.,  38.,   0.],
        [324.,   0.,   0.,  16.,   0.,   1.,   7.,   6.,   0.,   1.],
        [  1.,   2.,   7.,   9.,   8.,  16., 291.,   6.,  29.,   3.],
        [  0.,  56.,   5.,  18.,   7.,   5.,   5., 133.,  10.,  25.],
        [  4.,   0., 296.,   9.,  20.,   0.,   3.,   4.,   4.,   0.],
        [  2.,   8.,   5.,  18.,   3.,   7.,   5.,   4., 292.,  11.],
        [ 12.,   2.,  13.,   2.,  32.,   0., 241.,   8.,   7.,   6.],
        [ 46.,   3.,   1., 216.,   2.,   9.,  43.,   2.,   0.,   1.],
        [  7.,   1.,   1.,   2., 282.,   8.,   4.,  16.,   9., 157.],
        [ 20.,   0.,  97., 311.,   1.,  16.,   1.,   3.,   0.,   1.],
        [ 19.,   0.,   6.,   2.,  46.,   0., 292.,  10.,   1.,   5.],
        [  0.,   1., 280.,  11.,  10.,   1.,  68.,  19.,   5.,   1.],
        [  3.,   1.,  16.,  26.,   8.,   8.,   5.,   6., 250.,  29.],
        [329.,   0.,   0.,  64.,   0.,   8.,   4.,   4.,   0.,   0.],
        [ 10.,   1.,   0., 110.,   3.,  91.,   7.,   6., 262.,  19.],
        [  1.,   0.,   2.,   4., 297.,   1.,   6.,   9.,   2.,  10.],
        [ 14.,   1.,   3.,  10.,   4.,   0.,   1., 300.,   5.,  10.],
        [ 16.,   0.,   7.,   2., 293.,   0.,   8.,   6.,   1.,  50.],
        [  0.,   0.,  20., 307.,   8.,   2.,   0.,   2.,  71.,   0.],
        [ 48.,   0.,  34.,   3.,   5.,   0., 288.,   5.,   0.,   1.],
        [  0.,  11.,   1.,   8.,   7.,   8.,   3.,   8.,   6., 250.],
        [ 71.,   0.,   0.,  10.,   1., 182.,   4.,  34.,   0.,   5.],
        [  8.,   1.,   9.,   2., 303.,   5.,   4.,  12.,   5.,  10.],
        [  0.,   1.,   7.,   3., 282.,   0.,   5.,   6.,   5.,  20.],
        [  5.,   1.,   0.,   3.,  99.,   3.,   3.,  18.,   5., 276.],
        [  0., 275.,   8.,  14.,   5.,   5.,   3.,   7.,   7.,  30.],
        [  0.,  20.,   7.,  14.,   5.,   8., 288.,   4.,  26.,   4.],
        [  7.,   1.,   7., 117.,   1.,  59.,   3.,   3.,   3.,   0.],
        [  2.,   1.,   2.,  53.,   2.,  26.,  11.,  11., 272.,   3.],
        [315.,   2.,   0.,   0.,   4.,   0.,  11.,   5.,   0.,   6.],
        [  7.,   0.,  23., 292.,   2.,   2.,   0.,   3.,   1.,   0.],
        [173.,   2.,  14.,  18.,   7.,  23.,   7.,  12.,  11.,   7.]],
       device='cuda:0')
Epoch 5 | Batch 300
tensor([[  7.,   1.,  61.,   0., 258.,   3.,   9.,   8.,   0.,  10.],
        [ 30.,   1., 294.,   2.,   3.,   0.,   6.,   9.,   4.,  11.],
        [  5.,   8.,  93., 246.,   1.,  17.,   2.,   1.,  10.,   2.],
        [ 25.,   1.,  10.,  16.,   1., 247.,  83.,   2.,  34.,   6.],
        [  0.,   5.,  19.,   2.,   3.,   8., 290.,   0.,  10.,   6.],
        [  4.,   8.,   2.,   0.,  42.,   3.,  11.,  12., 139., 238.],
        [314.,   0.,   6.,   0.,   0.,   6.,  60.,  10.,   4.,   2.],
        [  4.,   3.,  44.,   0.,  12.,   1., 297.,   7.,   0.,   5.],
        [  0., 277.,   5.,   6.,   0.,   5.,   2.,  13.,   8.,  15.],
        [  6.,   1.,  44., 300.,   1.,  32.,   3.,   0.,   1.,   3.],
        [135.,   0.,  22.,   3.,   0.,   1.,  16.,  80.,   0.,  12.],
        [ 17.,   1.,   8.,  25.,   1., 234.,   0.,   4.,  11.,   3.],
        [226.,   1.,  27.,   2.,   1.,   6.,   0.,   5.,  10.,   2.],
        [  8.,   2., 307.,   3.,   1.,   3.,   0.,  60.,  17.,   7.],
        [  1.,   7.,   3.,   2., 181.,   8.,  20.,   8.,  36.,  42.],
        [  0.,  10.,   4.,   3.,   5.,   5.,   5.,  26.,   5., 267.],
        [  1.,   2.,   1., 279.,   0.,  25.,   2.,  11.,   9.,   9.],
        [  3.,  10.,  19., 280.,   1.,  23.,   0.,   2.,  17.,   2.],
        [320.,   0.,   0.,   0.,   1.,   1.,  21.,  38.,   0.,   5.],
        [  1.,   4., 307.,   5.,   8.,   2.,  47.,   1.,   1.,   5.],
        [ 17.,   1.,   2., 282.,   2.,  68.,  61.,  51.,   4.,   5.],
        [  3.,  13.,  13.,   5.,   5.,  15., 152.,   1.,  10.,   5.],
        [  6.,  19.,   7.,   1.,   5.,  11.,   7.,   1., 281.,   6.],
        [  7.,   6.,   1.,   2.,   7.,   7.,   4.,  47.,  94., 273.],
        [  0.,   9.,  76.,  23.,   0.,   5.,   1., 247.,   1.,   8.],
        [  2.,   6.,   0.,   6.,  41.,   6.,  15.,  11.,  20., 280.],
        [  4.,   3., 128.,  73.,   0.,   5.,   3.,  46.,   3.,   3.],
        [309.,   0.,   4.,   2.,   0.,   9.,   5.,  22.,   3.,   4.],
        [319.,   1.,   0.,   0.,  56.,  11.,  83.,  13.,  16.,   0.],
        [  0., 296.,   9.,   4.,   0.,  14.,  12.,   1.,  17.,   6.],
        [ 20.,   0.,  25., 290.,   0.,  20.,   0.,  28.,   8.,   2.],
        [ 16.,   2.,  95.,   0.,   4.,   8., 296.,   0.,   2.,   5.],
        [  8.,   3.,   1.,   2.,   1.,   3.,   3., 293.,   5.,  16.],
        [178.,  11.,   4.,  16.,   6.,  10.,   5.,   3.,  74.,   5.],
        [  0.,   4.,  22.,   9.,   6.,  10., 294.,   2.,  10.,   4.],
        [  2.,   2.,  12.,   0.,  31.,   0., 292.,  10.,   1.,   7.],
        [  0., 275.,   7.,   7.,   1.,   5.,   3.,   4.,   6.,   5.],
        [  3.,  17.,  28., 278.,   3.,  12.,   0.,   2.,  11.,   2.],
        [  0.,   6.,   3.,  12.,   7.,   8.,  14.,   3.,  12., 285.],
        [  3.,   0.,   2.,  11.,   4., 269.,   0.,  14.,   7.,  31.],
        [ 28.,   2.,   5., 158.,   0.,  10.,  13.,  25.,   7.,   2.],
        [  0., 296.,   7.,   6.,   1.,  13.,   4.,   3.,  14.,   9.],
        [ 15.,   1.,  39.,   2.,   3.,   3., 291.,   1.,   1.,   3.],
        [  0.,   2.,   3.,   5.,   5.,   6.,   9.,   3.,   4., 261.],
        [ 36.,   4., 285.,   4.,  19.,   1.,  13.,   3.,   2.,   3.],
        [  6.,  24.,   7.,   0.,  19.,  13.,   7.,   1., 293.,   5.],
        [  1.,   7.,   1.,   6.,  16.,   6.,  10.,  37.,  20., 276.],
        [  1.,   7.,  40., 276.,   0.,   4.,  38.,   1.,   5.,   3.],
        [  4.,   9.,   6.,   3.,   4., 210.,   5.,   6.,   7.,   2.],
        [319.,   0.,   1.,   1.,   0.,   6.,   6.,  16.,   1.,   3.],
        [  0.,   2.,   3., 199.,   4.,  20.,   1.,  12.,   8.,  43.],
        [  1.,   3.,   1.,   3.,   3.,   2.,   2., 286.,   4.,   5.],
        [ 49.,   2.,  16.,   0.,   1.,   0., 279.,   6.,   0.,   6.],
        [  0., 282.,   7.,   5.,   2.,  11.,   1.,   3.,   6.,   5.],
        [  6.,   8.,   8.,   7.,  13.,  27.,   4.,   1., 293.,   4.],
        [  1.,   0.,   2.,   5., 288.,   4.,  16.,  14.,   1.,  38.],
        [  8.,   5.,   7.,   1.,   2.,  14.,   9.,   2., 276.,  68.],
        [  0., 295.,   8.,   6.,   2.,  11.,   2.,   4.,   9.,   6.],
        [  2.,   3.,   2.,   1., 294.,   5.,  15.,  11.,   2.,  13.],
        [  0., 265.,   5.,   4.,   0.,   5.,   1.,   3.,   5.,   3.],
        [ 27.,   2.,   3., 221.,   0.,   5.,  14.,  35.,   4.,   5.],
        [309.,   0.,   4.,  37.,   0.,  11.,   5.,   3.,  14.,   1.],
        [307.,   1.,   0.,   1.,   7.,   2.,  18.,  73.,   0.,   5.],
        [ 89.,   2.,   7.,  21.,   1.,  21.,  10.,  13.,  25.,   6.]],
       device='cuda:0')
Epoch 5 | Batch 400
tensor([[  0., 264.,   4.,   2.,   1.,   6.,   1.,   4.,   5.,   5.],
        [316.,   4.,   0.,   7.,   1.,  27.,   9.,   1.,   2.,   0.],
        [  0.,   7.,   3., 153.,   3.,   5.,   4., 113.,   4.,   4.],
        [  0., 279.,   7.,   3.,   1.,   7.,   2.,   4.,   8.,   5.],
        [  1.,  22.,   2., 170.,   4.,   7.,   1.,   3.,   9.,  65.],
        [  5.,   1.,   5.,  30.,   0., 250.,   1.,   0.,  15.,   2.],
        [308.,   2.,   0.,   8.,   0.,  10.,   9.,   4.,   2.,   6.],
        [  1.,  14.,   6., 258.,   4.,  10.,   1.,   1.,   9.,   9.],
        [  0.,   9., 284.,   7.,   6.,  15.,  17.,   0.,   2.,   4.],
        [  8.,   5.,   6.,   9.,   6.,  71.,  55.,   1., 249.,   2.],
        [  1., 120.,   2.,  10.,   2.,  11.,   5.,   3., 195.,  15.],
        [  0.,   8.,   4.,   8.,  23.,  17., 284.,   0.,  12.,   5.],
        [  0., 257.,  11.,   2.,   3.,   7.,   3.,   4.,   7.,   5.],
        [320.,   3.,   3.,   2.,   0.,   6.,  14.,   3.,   1.,   0.],
        [296.,   5.,   3.,  79.,   0.,   8.,   8.,   1.,   2.,   6.],
        [  2.,   4.,   1., 305.,   1.,  32.,   0.,   0.,  10.,  38.],
        [303.,   0.,   6.,   7.,   0.,   5.,  11.,   0.,   6.,   0.],
        [  0.,   8.,   0.,   8.,   8.,  17.,   3.,  34.,   5., 240.],
        [  2.,  20.,   5.,   3.,   2.,  13.,   1.,   7., 251.,   6.],
        [  0., 281.,   2.,   6.,   0.,   7.,   6.,   2.,   5.,   4.],
        [278.,   6.,   4.,  41.,   1.,  17.,   7.,   1.,  14.,  12.],
        [  0.,   2.,   2.,   3., 242.,   5.,   1.,   3.,   7.,  79.],
        [ 75.,   3.,  81.,   0.,   3.,   4., 305.,   2.,   0.,   1.],
        [  0., 251.,   5.,  17.,   1.,  10.,   7.,   5.,  10.,   6.],
        [  0.,   2.,   2.,  11., 221.,   3.,   1.,   1.,   3.,   6.],
        [ 11.,  11.,   5.,   3.,   2.,  59.,   0.,   1., 275.,   1.],
        [151.,   0.,   0.,   0.,   3.,   4.,   1., 263.,   0.,   2.],
        [ 36.,   0.,  12.,  57.,   0., 285.,   3.,   0.,   6.,   0.],
        [ 13.,  33.,  14.,  17.,   2.,  14.,   7.,   1., 274.,   4.],
        [ 76.,   6.,   2.,   1.,   5.,  26.,   0.,   4., 236.,   3.],
        [  4.,  33.,   7.,  15.,   6.,  10.,   2.,   1., 161.,   4.],
        [  4.,  30.,   8.,   3.,   5.,  12., 262.,   2.,   9.,   7.],
        [  0.,  40.,   1.,   3.,   2.,  11.,   0., 294.,   2.,  15.],
        [  1.,  18., 192.,   0.,   7.,   5.,   7.,   3.,   3.,   3.],
        [ 17.,  18.,   8.,   3.,   0.,  22.,   0.,   8., 231.,   7.],
        [  3.,   8.,  19.,   4.,   3.,  10., 301.,   0.,  17.,   3.],
        [  0., 218.,  33.,   2.,   4.,   8.,   2.,   5.,  28.,   5.],
        [  9.,   2.,   0.,   2., 261.,   6.,   7.,   9.,   6.,   9.],
        [  0.,  17.,   1.,   7.,  15.,  20.,   2.,  83.,  15., 250.],
        [  6.,  25.,  20.,   6.,   3.,  19., 296.,   0.,   4.,   2.],
        [  1.,  11.,  64.,  11.,   1.,   5.,   0., 162.,   4.,  17.],
        [ 24.,   5.,   1.,   0.,  12.,  23., 311.,   0., 107.,   2.],
        [269.,   3.,   6.,   7.,   1.,   8.,   6.,   3.,   8.,  37.],
        [  1.,   7.,   1.,   2.,   0., 241.,   1.,  31.,  13.,  19.],
        [ 14.,   9.,   2.,   0.,   2., 293.,   0.,   0.,   6.,   2.],
        [  6.,   2.,   4.,  22.,   1., 248.,   1.,   0.,  48.,   2.],
        [ 12.,   3.,   0., 158.,   0.,  28.,  22.,   2.,   2.,   4.],
        [308.,   3.,   0.,   9.,   1.,  25.,  16.,   1.,   3.,   1.],
        [  0., 271.,   9.,   3.,   7.,   7.,   4.,   3.,  12.,   6.],
        [ 25.,  15.,   3.,   1.,   5.,   7., 168.,   1.,   7.,   6.],
        [  0.,   7.,   1.,   1.,   4.,  26.,   0., 314.,   6.,  40.],
        [  9.,  18.,   1., 286.,   0.,  26.,   2.,   4.,   4.,  10.],
        [  0., 294.,  10.,   4.,   0.,   9.,  12.,   1.,  11.,   3.],
        [  4.,  14.,   6., 281.,   0.,  17.,   7.,   2.,   2.,   4.],
        [  0.,   8.,   1.,   3., 243.,  20.,   4.,   3.,  11.,   8.],
        [  0.,  63.,  17.,  15.,   1.,   6., 279.,   1.,  23.,   2.],
        [  4.,  43., 292.,  15.,   0.,  70.,  39.,   0.,   2.,   1.],
        [ 33.,   3.,   1.,   0.,   9.,   2.,   9.,  29.,   3., 238.],
        [  8.,   2.,  23., 277.,   1.,   8.,   0.,   2.,  13.,   3.],
        [  6.,   2.,   0.,   2.,   5.,  17.,   0., 303.,   3.,  20.],
        [ 25.,   4., 295.,   3.,   2.,   2.,  74.,   0.,   0.,   0.],
        [300.,   9.,   0.,   0.,   9.,  10.,  27.,   5.,  48.,  16.],
        [  0., 291.,   4.,  15.,   0.,  11.,  12.,   8.,  10.,   7.],
        [  0., 273.,   3.,   5.,   0.,   6.,   4.,   3.,   4.,   4.]],
       device='cuda:0')
Epoch 5 | Batch 500
tensor([[  0., 297.,  17.,  14.,   1.,   1.,  10.,   2.,  11.,   3.],
        [  2.,   1.,   0.,   1.,   5.,   2.,   0., 251.,   7.,  18.],
        [  0.,   0.,   1.,   1., 288.,  10.,   9.,   5.,   5.,  17.],
        [  1.,   3.,   7.,   1.,  13.,   2., 293.,   1.,   6.,   7.],
        [  4.,   1.,   9.,   1.,   6.,  40.,   4.,  12., 263.,   8.],
        [ 12.,  16.,   4.,   9.,   7., 267.,   0.,   1.,   5.,   2.],
        [  1.,   5.,  32., 266.,   1.,  11.,   0.,   5.,   9.,   2.],
        [  5.,   1.,   0.,   3.,  30.,   1.,   3.,  50.,  11., 281.],
        [  0.,   0.,   0.,   3.,  10.,   2.,   0., 312.,   0.,  19.],
        [  2.,  32.,   3.,   1.,   7.,   8.,   5.,   4., 225.,  12.],
        [  1.,   2.,   0.,   5.,  17.,   0.,   0.,  46.,   4., 205.],
        [308.,   0.,   3.,   2.,  44.,   4.,  25., 108.,   0.,   3.],
        [  2.,   1.,   4., 296.,   2.,   3.,   0.,   5.,   4.,   1.],
        [  3.,   0.,   1.,  48.,   3., 222.,   2.,   2.,   7.,   0.],
        [  6.,   0.,  32., 287.,   1.,   8.,   0.,   3.,   4.,   1.],
        [  0.,  93., 282.,  13.,   3.,   0.,   7.,   2.,   5.,  11.],
        [  0.,  59.,   0., 218.,   4.,   3.,   0.,  10.,   8.,  20.],
        [312.,   0.,  14.,   2.,   5.,  85.,  12.,  11.,   0.,   0.],
        [  0.,   4.,  16.,   4.,   6.,   2., 292.,   1.,   6.,   7.],
        [  0.,   1.,   1.,   6.,  10.,   2.,   0., 297.,   4.,  12.],
        [  9.,   0.,   4.,   1.,  30.,   6.,   8.,  24.,   0., 187.],
        [  5.,   1.,   2.,   3.,   2., 288.,   0.,  10.,   6.,   2.],
        [  0.,   1.,   0.,  10.,  27.,   5.,   0., 292.,   0.,  17.],
        [  0., 287.,   7.,  14.,   1.,   0.,  11.,   3.,   7.,   3.],
        [  0.,   0.,   3.,   2.,   5., 192.,   1.,   1.,   4.,   9.],
        [  3.,   3.,   1.,  73., 116.,   0.,   6.,   5.,  13.,  53.],
        [  5.,   0., 294.,  31.,   2.,  15.,   0.,   0., 108.,   0.],
        [298.,   0.,  95.,   0.,   4.,  20.,  13.,   5.,   0.,   0.],
        [  2.,   1.,   2., 274.,   3.,  54.,   0.,  76.,  52.,   4.],
        [228.,   0.,  39.,  39.,   0.,   4.,   0.,   4.,   2.,   0.],
        [  0., 155.,  11.,  12.,   4.,   2.,   0.,  66.,   8.,   5.],
        [289.,   0.,   1.,   1.,   8.,  49.,  17.,   7.,   1.,   1.],
        [  1.,  11.,  12.,   1.,   5.,   2., 275.,   1.,   5.,   3.],
        [  7.,   0.,   0.,   2.,  23.,   0.,   2.,  41.,   0., 249.],
        [  7.,  10., 298.,   7.,   0.,   1.,  23.,   0.,   0.,   2.],
        [ 12.,   0.,   0.,  84.,   0., 265.,   0., 111.,   2.,   1.],
        [ 18.,   0.,   1.,   0.,  14.,   4., 298.,   2.,   3.,   3.],
        [  1.,  58.,  13.,   2.,   4.,   3., 261.,   1.,   7.,   3.],
        [ 12.,   9.,   2.,   7.,   3., 115.,   0.,   4., 251.,   4.],
        [  0.,  44.,   1.,  11.,  68.,   2.,   0.,   9.,   4.,  38.],
        [ 23.,   1.,   0.,   0., 100.,   4.,  11.,  15.,   1., 149.],
        [  3.,   3.,  10.,  22.,   6.,   8.,   3.,   2., 247.,   2.],
        [  3.,   0., 304.,   6.,   9.,   2.,   0.,   1., 122.,   0.],
        [  1.,   2.,   3.,   0., 306.,   0.,  10.,   8.,   1.,  14.],
        [ 17.,   0.,  96.,   2.,   5.,  12., 259.,   1.,   0.,   8.],
        [188.,   0.,   7.,   9.,   3.,   2.,  12.,   3.,  47.,   3.],
        [ 22.,   0.,   0.,   1.,  60.,  10.,   3., 255.,   2.,   3.],
        [  0.,   0.,   2.,   0., 295.,   1.,   6.,  16.,   7.,   8.],
        [  0.,   0., 293.,  16.,   4.,   0.,   0.,   4.,   3.,   2.],
        [ 90.,   1.,   0., 293.,   1.,  26.,   0.,   7.,   0.,   0.],
        [  7.,   0.,   0.,   0., 295.,   4.,  20.,   6.,   3.,  17.],
        [254.,   0.,   1.,   8.,   3.,   8.,   5.,  18.,   0.,   1.],
        [  5.,   0.,   0.,  17.,   2., 289.,   0.,   5.,   5.,   1.],
        [  2.,  16.,  25.,   6.,   3.,   3.,   0.,   7., 224.,   4.],
        [  0.,  50.,  11.,  19.,   7.,  11.,   2.,   6., 222.,  15.],
        [  5.,   1.,   1.,   0., 308.,  13.,  21.,   6.,   2.,  22.],
        [  7.,   0., 299.,  20.,  11.,   0.,   6.,   1.,   0.,   1.],
        [  3.,   0., 286.,  18.,   8.,   0.,   9.,   2.,   0.,   1.],
        [  0.,   0.,   2.,   2.,  56.,   2.,  10.,  16.,   1., 265.],
        [  3.,   0.,  24.,   0., 301.,   0.,  24.,   7.,   1.,   4.],
        [  4.,   1.,   0.,   1.,  21.,   1.,   2.,  69.,   3., 278.],
        [  5.,   1.,   3., 277.,   1.,  12.,   0.,   5.,   8.,   2.],
        [310.,   0.,   1.,  19.,   1.,   9.,   8.,  60.,   0.,   1.],
        [  0.,   3.,  22.,   0.,  22.,   0., 283.,   3.,   0.,   7.]],
       device='cuda:0')
Epoch 5 | Batch 600
tensor([[ 12.,   4.,   9.,   2.,  16.,  15.,   5.,   6., 259.,  30.],
        [ 23.,   0.,  13., 292.,   2.,  19.,   0.,   0.,  34.,   6.],
        [  1.,   1.,   1.,   0., 220.,  24.,   3.,   5.,  23.,  51.],
        [ 34.,   1.,  12.,   0.,  10., 271.,   9.,   1.,   9.,   7.],
        [  2.,   6.,   1., 227.,   5.,  23.,   8.,   0.,   4.,   9.],
        [  4.,   1.,   2.,  86.,   2., 169.,  23.,   1.,  22.,   7.],
        [313.,   1.,   9.,   0.,   2.,   6.,  11.,   2.,  17.,   5.],
        [ 27.,   3.,   7.,   1.,  31.,   6.,   5.,   2., 288.,  24.],
        [ 20.,   0.,  54.,   0.,  29.,   6., 311.,   0.,  12.,   4.],
        [  0., 254.,   8.,   0.,   1.,   5.,   1.,   1.,   4.,   2.],
        [ 53.,   0.,   1.,  40.,   1., 272.,   0.,   2.,  42.,   6.],
        [306.,   0.,  53.,   2.,   0.,   7.,   8.,   1.,  16.,   6.],
        [  1., 155., 210.,   1.,   0.,   8.,   6.,   1.,   7.,   6.],
        [ 37.,   0.,   7.,   0.,   1.,   4.,   6., 288.,  88.,  29.],
        [168.,   1.,  23.,   1.,   3.,   2.,   6.,   4.,   7.,   7.],
        [  5.,   0.,   0.,   4.,  16.,  14.,   0., 252.,   5.,  82.],
        [  0.,  47.,  13.,  19.,  27.,  12.,   2.,   2., 228.,   8.],
        [311.,   0.,   8.,   0.,   1.,  13.,   6.,   1.,  23.,   9.],
        [ 11.,   2.,   2.,   0.,   9., 272.,   3.,  11.,  17.,  16.],
        [  0.,  13.,   6., 262.,   2.,  12.,   0.,   1.,  63.,  16.],
        [  1.,   4.,   5.,   1.,  23.,   9.,  53.,   1.,  14., 279.],
        [  2.,   0.,   6.,   0., 284.,   9.,  37.,   2.,  10.,  96.],
        [  1.,   1.,   2.,   0., 262.,  19.,   3.,  22.,  24.,  22.],
        [ 28.,   0.,  20.,   0.,   3.,   7., 313.,   0.,   0.,   2.],
        [ 35.,   0., 295.,   0.,   4.,   2.,  10.,  52.,  12.,  11.],
        [  1.,  15.,  11.,  15.,  52.,  11.,   2.,   2., 264.,   7.],
        [  0.,   2., 261.,   1.,  10.,   7.,  38.,  34.,   4.,   4.],
        [ 19.,   0.,  17.,   0.,   4.,   4.,   2., 298.,  34.,  10.],
        [102.,   0.,   9.,  31.,   0., 235.,   0.,   3.,  13.,   4.],
        [  0., 281.,  16.,   2.,   1.,   8.,   1.,   1.,   6.,   2.],
        [  6.,   1.,  76.,  46.,   7.,  18.,   1.,   1., 234.,  13.],
        [ 19.,   0., 307., 100.,   0.,   3.,   6.,   8.,   3.,   6.],
        [  9.,   0.,   9.,   0.,  11.,   5., 302.,   0.,   4.,  15.],
        [ 39.,  10., 209.,  33.,   1.,  14.,   0.,   0.,  78.,   4.],
        [  8.,  16.,  18.,  28.,  22.,  40.,   2.,   1., 229.,  11.],
        [  0., 278.,  22.,   1.,   1.,   8.,   3.,   0.,   7.,   2.],
        [  0.,   3.,   2.,   0.,  11.,  11.,   0., 287.,  20.,  15.],
        [123.,   0.,  42.,   7.,   2.,   8.,  60.,   3.,   1.,   8.],
        [ 68.,   1.,  28.,   0.,  10.,   7., 290.,   0.,   8.,   9.],
        [ 15.,   0.,   3.,   0.,  22.,   7.,   3.,   4.,   7., 288.],
        [  7.,   3.,   1.,   0.,  10.,  13.,   2., 159.,  19.,   5.],
        [ 29.,   0.,  11.,   0., 267.,   2.,  25.,   2.,   8., 103.],
        [  1.,   9.,   5.,   3.,   9.,   7.,   2.,   7., 253.,  66.],
        [  0., 149.,   6.,   3.,   4.,  23.,  24.,   2.,  14.,   5.],
        [312.,   0.,  21.,   1.,   3.,   5.,  16.,   1.,  10.,   6.],
        [ 22.,   0., 310.,   5.,   6.,   3.,  32.,   4.,   2.,   2.],
        [  8.,   6.,   1.,   3.,   4., 225.,   1.,  16.,   5.,   3.],
        [  1.,   0.,  31.,   3.,   2.,   3.,   0., 282.,   8.,  41.],
        [  3.,   2.,   4.,   0., 276.,  17.,   2.,  15.,  20.,  24.],
        [  7.,   2.,   2.,   1.,  28.,   9.,   6.,   3.,   7., 289.],
        [  1.,   2.,   6.,   0., 291.,  65.,   3.,  13.,  14.,   4.],
        [  0.,  11.,   4.,   1., 141.,  11.,   0.,   1.,  70.,  10.],
        [318.,   0.,  39.,  22.,   1.,   9.,   8.,   2.,   2.,  15.],
        [  0., 289.,  15.,   3.,   0.,   9.,   7.,   0.,  26.,   7.],
        [  2.,   2.,   3.,   2.,   7.,  16.,   1.,  11.,  46., 270.],
        [  1.,  16.,   5.,  13.,  22.,   3.,   4.,  85.,  76.,  22.],
        [313.,   0.,  47.,  75.,   4.,   7.,   8.,   1.,  17.,  60.],
        [  4., 134.,  67.,   1.,   2.,   8.,  19.,   3., 139.,   2.],
        [  0., 277.,   6.,   2.,   0.,   7.,   1.,   1.,   8.,   2.],
        [  1., 139., 293.,  11.,   0.,  18.,  79.,   0.,   7.,   2.],
        [ 14.,   2.,   4.,   0., 274.,   8.,  18.,   6.,  16.,  20.],
        [  8.,   6.,  17.,   4.,  16., 113.,   6.,   2., 254.,   3.],
        [320.,   0.,   5.,   2.,   5.,  13.,  15.,   0.,  10.,   3.],
        [307.,   0.,   5.,   1.,   5.,   8.,   8.,   9.,   5.,  14.]],
       device='cuda:0')
Epoch 5 | Batch 700
tensor([[  2.,  11.,   2.,   2.,   5., 257.,   0.,  10.,  18.,   3.],
        [  3.,   0.,   0.,   4.,   8.,   8.,   1., 295.,  33.,   8.],
        [294.,   0.,  11.,   6.,   8.,  41.,  10.,  10.,   8.,   4.],
        [  0.,   4.,   8.,   4., 243.,   6.,   8.,   2.,   6.,   9.],
        [  3.,   0.,   6.,   2., 221.,   9.,  16.,  13.,   8.,  26.],
        [  8.,   0., 302.,  11.,   1.,   8.,  39.,  34.,   3.,   6.],
        [  0., 287.,  11.,  28.,   4.,  11.,   7.,   6.,  10.,  20.],
        [  2.,   1.,  36.,   0.,  36.,   2., 290.,   3.,   1.,   9.],
        [  0.,   2.,   2.,   0.,  13.,   3.,  12.,   8., 191.,   7.],
        [  5.,   0.,   3., 296.,   2.,  26.,   1.,   6.,  15.,   7.],
        [  1.,   0.,   0.,   0.,  14., 250.,   0.,   1.,  80.,   2.],
        [ 10.,   0.,   3., 277.,  11.,  38.,   1.,   4.,  30.,   6.],
        [ 10.,   0.,   5.,   0.,  10.,   8.,   7.,  13., 189.,  32.],
        [ 19.,   0., 319.,   4.,   3.,   1.,  20.,   5.,   6.,   4.],
        [  1., 279.,  14.,   8.,   3.,  11.,   2.,   5.,   8.,   4.],
        [  8.,   1., 314.,   6.,  16.,   1.,   4.,   0.,   5.,   7.],
        [  0.,   2.,   0.,   7.,   1.,   8.,   1., 279.,   7.,  13.],
        [  0., 293.,   4.,  10.,   4.,  13.,   2.,  13.,   9.,   6.],
        [  7.,   1.,   1., 290.,  10.,  30.,   1.,   5.,   7.,  11.],
        [295.,   0.,  10.,  10.,   1.,  12.,  25.,   5.,  11.,   5.],
        [  1.,   0.,   2.,  13.,   5.,   9.,   2., 294.,   4.,   5.],
        [  2.,   0.,   6.,   0.,  17.,   6.,  18.,   6., 243.,  26.],
        [  0.,   1.,   4.,  12.,   3.,   7.,   0., 289.,   7.,   7.],
        [  0.,   1.,   5.,  14.,   6.,  15.,   6.,   0., 245.,   5.],
        [  7.,   4., 102., 282.,   0.,  14.,   1.,   5.,   7.,   6.],
        [ 15.,   0.,  20.,  11.,  20.,  21., 124.,   5., 217.,  14.],
        [ 12.,   3., 284.,   0.,  11.,   2.,   8.,   1.,   9.,   4.],
        [  7.,   0.,   0.,   6.,  20.,   7.,   6., 287.,  63.,  19.],
        [  7.,   0.,  15.,   4., 295.,   6.,  38.,   3.,   1.,  23.],
        [  3.,   0.,   1.,   2.,  10., 291.,   0.,   5.,   7.,   4.],
        [  2.,   4.,  10.,   5.,   4.,  36.,   2.,  15., 221.,   5.],
        [ 17.,   1.,   3.,   4.,  11.,  55.,   9.,   8., 278.,   9.],
        [ 10.,   0.,   5.,  37.,  15., 275.,   2.,   0.,   9.,  11.],
        [  0., 255.,   2.,   3.,   1.,   2.,   0.,   6.,   1.,   6.],
        [  7.,   0.,  16.,   1.,   4.,  10., 303.,   3.,  14.,  13.],
        [ 21.,   0.,   0.,   6.,   4.,  11.,   1., 279.,  15.,   7.],
        [  0.,   5.,   1.,   4.,   6.,  20.,   2.,  27., 237.,  17.],
        [ 42.,   0., 232.,  32.,   9.,   3.,  13.,   1.,   9.,   6.],
        [  0.,  15.,   2.,  14.,   3.,   8.,   1.,  48.,  12., 171.],
        [  0.,   1.,   1.,   5.,  11.,  13.,   7.,   2.,   5., 283.],
        [  8.,   3., 311.,   2.,   4.,   1.,   9.,   0.,  64.,  12.],
        [  2.,   0.,   2.,   3.,  52.,   5.,  10.,   4.,  11., 285.],
        [ 25.,   0.,   4.,  10.,   3., 227.,  19.,  29.,  11.,   8.],
        [  0., 287.,   5.,   6.,   2.,   8.,   0.,   2.,   4.,   4.],
        [  0.,   0.,   6., 238.,   9.,   9.,   0.,   2.,  23.,  11.],
        [ 15.,   0.,  14.,   3.,  51.,  10., 271.,   2.,   5.,   9.],
        [ 11.,   1.,  19., 296.,   0.,  22.,   7.,   6.,   2.,   5.],
        [  0., 270.,   3.,   6.,   2.,  10.,   3.,   1.,   6.,   3.],
        [  1.,   0.,   1.,   1.,   4.,  37.,   3.,  24., 194.,  11.],
        [  0., 271.,   4.,   8.,   4.,  13.,   0.,   4.,   6.,   7.],
        [ 18.,   0.,   1.,  48.,   3., 284.,  11.,   9.,   7.,   4.],
        [ 10.,   0.,  35.,  16.,   0.,   3.,   6., 298.,   6.,   6.],
        [  2.,   0.,   1.,   6.,   3., 243.,  12.,  11.,  80.,  17.],
        [  2.,   0.,   2.,   3.,  82.,   6.,  12.,   7.,   8., 271.],
        [ 12.,   0.,   9.,   3.,  19.,  12.,  13.,   6.,   7., 264.],
        [  4.,   0.,  11.,   1.,   8.,   3., 301.,   4.,  10.,  16.],
        [  4.,   1.,   3.,  19.,   5.,  29.,   3.,  11., 255.,   6.],
        [  0.,   0.,   0.,   4., 201.,  25.,   5.,   3.,   2.,  53.],
        [  2.,   0.,  12.,   4., 200.,   5.,  35.,   5.,   3.,  58.],
        [274.,   0.,   5.,  23.,   8.,  12.,  28.,   8.,   8.,  26.],
        [  2.,   0.,   5.,   3., 204.,   6.,  14.,   8.,  19.,  25.],
        [ 15.,   0.,  14.,   3.,   9.,   5., 297.,   5.,   4.,  11.],
        [  0., 293.,   4.,   9.,   5.,   9.,   1.,  34.,   7.,   7.],
        [  2.,   0.,   1., 300.,   1.,  27.,   0.,  13.,  12.,   6.]],
       device='cuda:0')
Epoch 5 | Batch 800
tensor([[ 10.,   1.,   1.,   7.,  57.,   4.,   6.,   5.,  29., 298.],
        [271.,   0.,   2.,   7.,   6.,  10.,  13.,   2.,   5.,   1.],
        [ 28.,   0.,  19.,   4.,  11.,  15., 283.,   0.,  27.,   7.],
        [  2.,  23.,   1.,   3.,   0.,  15., 257.,   1.,   6.,   4.],
        [  4.,   0.,   5.,   8., 292.,   3.,   6.,   5.,  16.,  59.],
        [  9.,   2.,  75.,   0.,  15.,  16., 302.,   2.,  11.,  11.],
        [318.,   0.,   3.,   0.,   1.,  10.,  55.,   0.,   5.,   1.],
        [ 12.,   1.,   5.,   5., 280.,  14.,  14.,   3.,  10., 139.],
        [ 19.,   1.,   9.,   6., 103.,   2.,  14.,   3.,  10., 283.],
        [ 34.,   4., 292.,  12.,  20.,   5.,  21.,   1.,   7.,   1.],
        [  0., 252.,   1.,   8.,   0.,   5.,   0.,   2.,   3.,   5.],
        [310.,   0.,   1.,  90.,   0.,   8.,   2.,   0.,   7.,   2.],
        [  0.,  23.,   0.,   4.,   0.,   5.,   0., 244.,   4.,  16.],
        [ 22.,   0.,  10.,   4.,   9.,  26., 275.,   1.,   7.,   4.],
        [278.,   0.,   7.,  10.,   0.,   7.,   5.,   1.,   4.,   1.],
        [  0.,   2., 272.,   8.,   0.,   9.,   3., 193.,   3.,   3.],
        [  0., 277.,   7.,   6.,   0.,  12.,   7.,   5.,   6.,   8.],
        [179.,   0.,   0.,   5.,   9.,  44.,  13.,   5.,   5.,   1.],
        [ 11.,   0.,   0.,   2.,  19.,   5.,   4., 301.,   4.,  16.],
        [ 14.,   1.,   7.,   4.,   4.,   7.,  10.,   4., 295.,  38.],
        [ 11.,   0., 242., 104.,   0.,   3.,   5.,  14.,   4.,   3.],
        [275.,   0.,   4.,   9.,   0.,  16.,  31.,   2.,  23.,  35.],
        [  2.,   5., 298.,   2.,   2.,   2.,   3.,   7.,   0.,   4.],
        [310.,   0.,   0.,   4.,   1., 120.,   3.,   1.,   7.,   3.],
        [ 23.,   1.,  66.,   1.,  17.,  11., 281.,   4.,   8.,   7.],
        [  1.,   1.,   0.,   8.,   9.,   6.,   0.,   8.,  12., 243.],
        [  4.,   0.,   0.,   1., 239.,  68.,   9.,  14.,  28.,  23.],
        [  1.,   1.,   3.,   3., 266.,   7.,  12.,   7.,  54.,  22.],
        [  2.,   1.,   2.,   4., 275.,   2.,   6.,   4.,   9.,  22.],
        [  0., 276.,   1.,   6.,   0.,   8.,   1.,   3.,   3.,   5.],
        [ 13.,   0.,   1.,  40.,   0., 273.,   3.,   0.,  10.,   7.],
        [ 26.,   2.,  43.,   0.,   7.,  11., 291.,   3.,   6.,   6.],
        [  3.,   4., 268.,  12.,   0.,   9.,   2.,  11.,   6.,   4.],
        [ 17.,   0.,   8.,   3.,   5.,  63., 295.,   1.,  16.,   7.],
        [  8.,   2.,   3.,  13.,   1.,   7.,   0.,   3., 288.,   8.],
        [  0., 265.,   0.,   4.,   0.,   7.,   1.,   2.,   2.,   4.],
        [  0.,   2.,   1.,  10., 248.,   2.,   1.,   0.,   2.,  77.],
        [ 14.,   0.,   0.,  37.,   3., 272.,   1.,   0.,   9.,   4.],
        [  0.,  19.,   0.,   3., 126.,   3.,   0.,  13.,   1.,   3.],
        [311.,   0.,   1.,  43.,   2.,  12.,   6.,   1.,   5.,   2.],
        [  0.,   0.,   0.,   3.,   1.,   2.,   0., 293.,   2.,  14.],
        [  5., 159.,  51., 215.,   5.,   6.,   2.,   0.,  10.,   1.],
        [  2.,   5.,   1.,   0.,   3., 261.,   0.,   2.,   2.,   4.],
        [314.,   0.,   0.,  15.,   6.,  53.,   8.,   0.,   4.,   1.],
        [ 14.,   0.,   1.,  11.,   3.,  11.,   2., 299.,   7.,  12.],
        [  6.,   0.,  12., 304.,   0.,  17.,   0.,   1.,  14.,   5.],
        [  4., 263.,  83.,  14.,   2.,  24.,   2.,   1.,  15.,   6.],
        [314.,   0.,   7.,   5.,   0.,  11.,   3.,   1.,   9.,   3.],
        [ 10.,   5., 270.,   0.,  20.,   9.,  19.,   8.,   7.,  17.],
        [ 23.,   0.,   7., 284.,   0.,   9.,   3., 129.,  13.,   5.],
        [311.,   0.,   3.,  22.,   1.,  13.,   7.,   2.,   6.,   2.],
        [ 14.,   2.,  88., 285.,   0.,   3.,   2.,   5.,  13.,   3.],
        [  1.,   5.,   0.,   2.,   0.,  10.,   0., 272.,   4.,  18.],
        [  4.,   1.,   4., 297.,   0.,  14.,   0.,   0.,  23.,   2.],
        [304.,   0.,  32.,   4.,   0.,   8.,   5.,   2.,   5.,   2.],
        [306.,   0.,   3.,  12.,   0.,  19.,   9.,   1.,  12.,   5.],
        [  0., 237.,  19.,   5.,   9.,  15.,   0.,   2.,   7.,   4.],
        [  1.,   2.,   2.,   4.,   5.,  21., 270.,   1.,   6.,   6.],
        [  6.,   0.,   3.,   2., 286.,  45.,   8.,   4.,   4.,  23.],
        [  0.,  26.,  81., 120.,   1.,   1.,   0.,   2.,   1.,   5.],
        [  0.,  13.,   3.,   0.,   2., 268.,   0.,   0.,   2.,   1.],
        [  0., 271.,  27.,   9.,   0.,  14.,   1.,   2.,   9.,   6.],
        [  0., 275.,   1.,   8.,   0.,   8.,   0.,  19.,   5.,  12.],
        [  4.,   5.,   3.,   0.,   3., 253.,   1.,   3.,   3.,   3.]],
       device='cuda:0')
Epoch 5 | Batch 900
Switching label layer to Inference Mode (LIF)...
Epoch 5 DONE | Test Acc: 76.00% | Time: 777.7s
Switching label layer back to Training Mode (Clamp)...
tensor([[  0., 281.,  13.,   7.,   2.,   4.,   0.,   4.,  12.,   6.],
        [ 40.,   6.,   5.,  39.,   5., 244.,   3.,   4.,  21.,   4.],
        [  0.,   6.,   5.,   9.,   7.,   7.,   6.,   4.,  24., 275.],
        [ 18.,  10.,   5., 112.,   9., 296.,   2.,   6.,  93.,   5.],
        [  0., 264.,  27.,   5.,   1.,   6., 175.,   1.,   8.,   6.],
        [  0.,  15., 258.,  10.,   1.,   1.,   0.,   5.,   4.,   1.],
        [  0.,  19.,   9.,   5.,  10.,  18.,   1.,   2., 291.,   5.],
        [  9.,   3.,   2.,   2.,  48.,   4.,   7., 283.,   4.,  22.],
        [  0., 271.,   9.,   5.,   1.,   2.,   0.,   1.,   9.,   3.],
        [  0., 293.,  34.,   7.,   2.,   3.,   0.,   3.,  16.,   6.],
        [  2.,   9.,  29.,  25.,   4.,   7.,  23.,   2., 271.,  12.],
        [  5.,  13.,  12.,  43.,   8.,  32.,   9.,   1., 260.,  15.],
        [  0.,   6.,  12.,  12.,   5.,   0.,   2., 317.,   4.,  12.],
        [  2.,   3.,  12.,   2.,   5.,   2., 307.,   1.,  10.,   8.],
        [294.,   5.,  19.,  11.,   5.,   4.,  31.,   3.,  23.,   5.],
        [  1.,   4.,   4.,   2.,   7.,   5.,   3., 309.,   5.,  20.],
        [284.,   3.,  13.,  26.,   1.,  59.,   7.,   4.,  12.,   8.],
        [281.,   1.,   6.,   7.,   3.,  10.,  48.,   5.,   6.,   6.],
        [ 47.,   7., 284.,  63.,   3.,   0.,   3.,   8.,   8.,  11.],
        [ 20.,   5.,   5.,  26.,  11., 283.,   4.,   2.,  33.,  18.],
        [  0., 276.,   2.,   3.,   1.,   0.,   1.,   1.,   6.,   3.],
        [  0.,  10.,  11.,   3.,   3.,   3., 281.,   1.,   4.,   8.],
        [  0., 294.,   6.,   7.,   0.,   0.,   0.,   3.,   7.,   3.],
        [304.,   7.,  11.,  14.,   7.,   4.,   9.,   6.,   9.,   8.],
        [293.,   3.,  11.,  23.,   6.,   5.,   6.,   4.,  11.,   7.],
        [  0.,   8.,   4.,   1.,  29.,   1.,  19.,  17.,   3., 275.],
        [ 32.,   3.,  49.,   3.,   3.,  90., 242.,   4.,   6.,   3.],
        [  0.,  10.,   5.,   3.,   0.,   0., 280.,   0.,   5.,   6.],
        [  6.,  15.,  14.,   4.,   7.,   3.,  10.,   6., 256.,  24.],
        [  0.,   5.,   2.,   2.,   4.,   1.,   0., 267.,   2.,  31.],
        [  5.,   7.,   5.,   4.,  14.,   3.,   5., 311.,   5.,  12.],
        [  0.,   5., 250.,   3.,   8.,   5.,  24.,   4.,   9.,   7.],
        [  0.,  17., 295.,  29.,   3.,   0.,   8.,   3.,   6.,   1.],
        [255.,   1.,   7.,   5.,   0.,  18.,   1.,  10.,   4.,   2.],
        [  0., 108., 150.,   2.,   2.,   0.,   3.,   2.,   4.,   2.],
        [  0., 285.,   6.,   7.,   1.,   2.,   0.,   8.,   7.,   5.],
        [  0.,  12.,  19.,  13.,   5.,  20.,   1.,   5., 293.,   5.],
        [  0., 288.,   2.,   7.,   1.,   1.,   0.,   9.,   7.,   4.],
        [  3.,  16.,  12.,   5.,   5.,  66.,   7.,   2., 228.,   9.],
        [  0.,   6.,  28.,   4.,   4.,   1., 305.,   1.,   9.,  15.],
        [  7.,  12.,  11.,   1.,  25., 290.,   7.,   1.,  46.,  13.],
        [  2.,   7.,  20.,  30.,   4.,  18.,   3.,   4., 293.,  10.],
        [  0.,  17.,  36.,   4.,  13.,   0.,   6.,   2.,   6.,   8.],
        [  0.,   8.,   8.,  16.,   7.,   7.,   2.,   3.,  26.,  50.],
        [  0.,   9.,   4.,   2.,   6.,   0.,   0.,   2.,  10., 239.],
        [ 60.,   6., 205.,  11.,   3.,   4.,   5.,  50.,  21.,   6.],
        [  1.,  14.,  11.,   5.,   7.,   3.,   4.,   9., 225.,  43.],
        [  0.,  51.,   2., 233.,   2.,  40.,   0., 101.,  19.,   7.],
        [ 10.,  17.,  12.,   5.,   9.,  74.,   7.,   1., 257.,  41.],
        [  0.,   6.,   5.,   2., 275.,   7.,  16.,  53.,   4.,  11.],
        [  0.,  14.,  47., 227.,   1.,   0.,   0.,   4.,   5.,   4.],
        [  0.,   8., 250.,   9.,   1.,   0.,   0.,   4.,   1.,   2.],
        [  0., 115.,  26.,   6.,   1., 239.,   0.,   2.,  15.,   1.],
        [ 48.,   5.,  13.,  63.,   5., 244.,   2.,   1.,  15.,   1.],
        [  1.,  10.,   9.,   3., 266.,  16.,  12.,  11.,  15.,  17.],
        [  3.,   5.,   5.,   4.,   4.,   4.,   2., 318.,   7.,  12.],
        [  1.,   9., 106.,  16., 269.,   2.,  12.,   8.,   7.,  11.],
        [  3.,   9., 247.,   2.,  21.,   0.,  16.,   6.,   2.,  32.],
        [294.,   3.,  15.,  29.,   5.,   5.,   6.,   5.,  14.,   8.],
        [ 55.,   8.,   6.,   7.,   2.,   5.,   0.,   1., 258.,   8.],
        [  0.,  10.,   2.,   9.,   2., 227.,   1.,   5.,  15.,  15.],
        [  0., 291.,   7.,   5.,   0.,   1.,   0.,   1.,   8.,   2.],
        [  0.,  28., 278.,  11.,   2.,   1.,   2.,   2.,   9.,   7.],
        [  0.,  13.,   5., 295.,  10.,   1.,   1.,   1.,  12.,  11.]],
       device='cuda:0')
Epoch 6 | Batch 0
tensor([[  4.,   3.,   5.,   2., 299.,   1.,  22.,  11.,   4.,  26.],
        [  0.,   6.,   6.,   5.,  10.,   2.,   7., 303.,  16.,  33.],
        [  0.,   8.,   2.,   8., 107.,   8.,   1., 284.,   4., 150.],
        [  0., 247.,   3.,  11.,   6.,  12.,   3.,  33.,   7.,   7.],
        [247.,   3.,  13.,   6.,  18.,   7.,  59.,  16.,  22.,  14.],
        [  5.,  10.,   4.,  11.,   6.,  12., 278.,   1.,  11.,   0.],
        [  0.,  10.,   7., 286.,   6.,  45.,   0.,   1.,   9.,   4.],
        [  0.,   4.,   3.,   5.,  14., 288.,   0.,   1.,  90.,   2.],
        [  0.,  19.,  10.,  10.,  13.,  11., 286.,   1.,  13.,   0.],
        [  1.,   3.,  12.,  41.,   2., 296.,   4.,   0.,   8.,   0.],
        [  0.,   3.,   4.,   5., 268.,   6.,  33.,   4.,   7.,  28.],
        [  0.,  12.,   2.,   5.,  19.,   4.,   3.,   6.,  24., 247.],
        [  1.,   2.,   3.,   3.,  45., 295.,   0.,   0.,  18.,   3.],
        [270.,   5.,   7.,  13.,  15.,  13.,  28.,   4.,   8.,  13.],
        [  0.,  22.,   2.,   2., 238.,   5.,   5.,   5.,  13.,   7.],
        [  0.,   7.,   3.,   9.,   5., 284.,   5.,   0.,   7.,   1.],
        [  0., 261.,   0.,   4.,   1.,   3.,   2.,   5.,   4.,   3.],
        [  0.,  11.,  32., 181.,   5.,  21.,   0.,   0.,   3.,   3.],
        [  0.,   8.,  10.,  12.,   3.,   3.,   2., 313.,   4.,  20.],
        [ 12., 303.,   8.,  11.,   3.,  20.,   6.,   2.,  10.,   2.],
        [  0.,  34., 253.,   6.,   5.,   4.,  16.,   3.,   3.,   2.],
        [  0.,  15.,  10.,  13.,   1., 154.,  39.,  13.,   4.,   0.],
        [  0.,   5.,   6.,  12.,  50.,   0.,   4.,  13.,   6., 287.],
        [  0.,  26.,   6.,  17.,   5.,  15.,   8.,   8., 221.,   2.],
        [305.,   7.,   3.,   2.,  15.,   9.,  36.,   1.,   2.,   0.],
        [  0., 307.,   5.,  15.,   4.,  10.,   6.,   7.,  18.,   4.],
        [  0., 297.,   2.,   8.,   5.,   6.,   3.,  12.,   9.,   8.],
        [  0.,  36.,   8.,   7.,   1.,   4.,   1., 219.,   9.,  44.],
        [  0.,   7.,   7.,   6.,   4.,   2.,   3., 306.,   8.,  17.],
        [  0., 117., 131.,  23.,   3.,  97.,   0.,   6.,  19.,   4.],
        [  4.,   7.,  28., 309.,   2.,  64.,   0.,   0.,   5.,   1.],
        [  0.,  12.,   2.,   7.,   4.,   8.,   0., 291.,   3.,  17.],
        [  0.,   7.,   7.,   7.,  27.,  31.,   3.,   2., 295.,   6.],
        [  0.,  11.,   4.,  15.,   9.,  51.,  12.,   2., 241.,   3.],
        [  0.,  22.,  11.,  14., 283.,   1.,  14.,   8.,   6.,  30.],
        [245.,   3.,  10.,   9.,   9.,  15.,  33.,   9.,  13.,  17.],
        [  3.,  11., 296.,   9.,  20.,   2.,  37.,   8.,   1.,   3.],
        [  1.,   3.,   5.,   1., 291.,  10.,  23.,  10.,  12.,  16.],
        [  0.,   7., 115.,  13.,   4.,   2.,   0., 295.,   7.,  16.],
        [  0.,   7.,  53.,   8.,  17.,   3., 294.,   6.,   4.,   3.],
        [  0.,  13.,  10.,  24.,   5.,  49.,   4.,   6., 230.,   6.],
        [  0.,  11.,   6.,   7.,   7.,   2.,   2., 304.,  16.,  28.],
        [ 37.,   8., 288.,   7.,   7.,   6.,  14.,   9.,   5.,   0.],
        [296.,   4.,   3.,   6.,   9.,  18.,   1.,   1.,   6., 109.],
        [  0., 143.,   4.,   9.,   7.,   4.,   7.,   8., 181.,   9.],
        [  0.,   8.,   7.,   3.,   5.,   1.,   2., 267.,  57.,   7.],
        [  0.,  17., 241.,  24.,   1.,   4.,   5.,  17.,   6.,   1.],
        [  0.,  22.,   9.,   6.,   5., 284.,   2.,   3.,   5.,   1.],
        [  2.,  47.,   6.,   5.,  13.,   5., 310.,   3.,  10.,  13.],
        [  0.,  10.,   5.,   3.,  27.,  66.,   5.,   1., 260.,   7.],
        [228.,   5.,   8.,   6.,   6.,  11., 120.,   4.,   5.,   9.],
        [  0.,   6.,   2.,   6.,   5.,   9.,   2., 305.,   4.,  10.],
        [  0.,  12.,   1.,   7.,  11.,   3.,   6.,   6.,  24., 249.],
        [  0.,   7., 202.,   7.,  13.,  22.,   3.,   4.,  76.,   5.],
        [  7.,  11.,   3.,   2.,  28.,   5.,   6., 269.,  14.,  67.],
        [  6.,   2.,  10.,  39.,   2., 288.,   0.,   1.,  17.,   2.],
        [  2.,  13.,   9.,   3.,  15.,   4., 312.,   8.,   9.,  10.],
        [  0.,   9.,   4.,   2.,  16., 291.,  15.,   0.,  10.,   1.],
        [  0.,   4.,   5., 303.,  10.,  36.,   0.,   0.,  17.,  10.],
        [  0., 290.,   2.,   5.,   3.,   7.,   7.,  11.,  12.,   6.],
        [  4.,   4.,  94.,  13.,  13.,   1., 252.,  11.,   3.,   5.],
        [  0.,   7.,   6.,   3., 276.,   3.,  36.,  23.,  71.,  21.],
        [  0.,  44.,   1.,   8.,   6.,   2.,   1.,  15.,  12., 267.],
        [  1.,   8.,   4.,  46.,   5., 261.,   5.,   2.,   8.,   3.]],
       device='cuda:0')
Epoch 6 | Batch 100
tensor([[  1.,  58., 250.,  17.,   0.,   2.,   2.,   6.,   7.,  22.],
        [  5.,   0.,   2.,   0., 291.,  16.,   8.,   8.,   2.,  27.],
        [  2.,   3.,   1.,   1.,  51.,  10.,   0., 292.,   0.,  18.],
        [  1.,  16.,   3.,  14.,   0.,   4.,   0.,  51.,  22., 258.],
        [ 27.,   2.,   9.,  13.,   3.,  10.,   0.,   4., 281.,   8.],
        [  0.,   3.,  17.,   1.,   4.,   5., 301.,   4.,   5.,  19.],
        [ 59.,   5.,   5., 100.,   1.,   7.,   0.,   6., 248.,   7.],
        [  1.,   8.,   9., 159.,   2.,   6.,  54.,   6.,   9.,  31.],
        [  0.,  23.,   8.,   3.,   0.,  10., 285.,   3.,   4.,  12.],
        [  0.,   3.,   7.,   0., 286.,   5.,  17.,  13.,   5.,  21.],
        [304.,   4.,  31.,   2.,   0.,   6.,   1.,   9.,   1.,   7.],
        [  8.,   2.,   9.,   6.,   0., 236.,   0.,   9.,   2.,  11.],
        [ 13.,   4.,  15., 300.,   0.,  14.,   0.,   4.,  11.,   8.],
        [  2.,   5.,   6.,   2.,   1.,   5.,   2.,  22.,  17., 292.],
        [ 18.,   5.,   7.,   2.,   0.,   3.,   0., 281.,   2.,  10.],
        [  1.,  20.,  15.,   3.,  12.,   9.,   4.,  16., 253.,  27.],
        [  0.,   1., 249.,   1.,   2.,   1.,   3.,  10.,   6.,   9.],
        [ 55.,   4.,   2.,  11.,   0., 286.,  10.,  10.,   1.,  10.],
        [  2.,   7.,   6.,   1.,   0.,  10.,   1., 304.,   5.,  39.],
        [  1., 286.,   6.,   4.,   0.,   2.,   3.,  20.,   4.,  46.],
        [  1.,  34.,  10.,   6.,   2.,   3.,   2.,  11., 280.,  13.],
        [  3.,   1., 312.,  36.,   0.,   1.,   0.,  11.,   1.,   7.],
        [  3.,   5.,  17.,   1.,   3.,  50.,  98.,   6.,  60.,   8.],
        [  1., 284.,  17.,  10.,   1.,   4.,   6.,  21.,  21.,  15.],
        [  0.,   8., 287.,   2.,   0.,   6.,  83.,   6.,   7.,   6.],
        [  2., 284.,   7.,   3.,   0.,   2.,  29.,   6.,   7.,  10.],
        [  4.,   4.,  26., 297.,   0.,   5.,   4.,   5.,   1.,   4.],
        [  0., 263.,   2.,   2.,   0.,   4.,   1.,   6.,   4.,   9.],
        [  0.,  14., 310.,  10.,   0.,   1.,  27.,  15.,   2.,   6.],
        [  3.,  12.,  11., 267.,   0.,   9.,   4.,  17.,   9.,  22.],
        [  0.,   2.,   1.,   1.,   0.,   5.,   0., 259.,   0.,  14.],
        [  1.,   0.,   5.,   3.,  21.,   3.,   5.,   7.,   1., 229.],
        [290.,   6.,   2.,   9.,   1.,   6.,   0.,  14.,   5.,   8.],
        [  0.,  34.,   9.,  14.,   2.,   3.,  11.,  11., 276.,  13.],
        [246.,   1.,   8.,  11.,   0.,  18.,  13.,   7.,  21.,   2.],
        [  0.,   2.,   4.,   3., 294.,  39.,   6.,  12.,   1.,  48.],
        [ 97.,   3.,  44., 297.,   0.,   2.,   1.,   8.,  44.,   3.],
        [  4.,   5.,   1.,   2.,  12.,  10.,   0., 284.,   2., 104.],
        [ 20.,   6.,  23.,   0.,   0.,   4., 121.,   6.,   4.,   9.],
        [  0.,  15.,   7.,   3.,   0.,   9., 273.,   5.,   4.,  11.],
        [  0.,  12., 313.,  22.,   0.,   1.,  12.,   6.,   2.,   9.],
        [  1., 299.,  10.,  10.,   0.,   3.,  11.,  15.,   8.,  24.],
        [  0.,   5.,  11.,   3.,   0.,   7., 285.,   7.,   4.,  12.],
        [289.,   3.,  18.,   8.,   0.,   7.,   4.,  19.,  12.,  20.],
        [  6.,   4.,   2.,  12.,   0., 260., 139.,   5.,  14.,  34.],
        [  4.,   5.,   7., 265.,   0.,   3.,   0.,   3.,   1.,  21.],
        [  0., 256.,  21.,   4.,   1.,   4.,  42.,   7.,  33.,  12.],
        [  1.,   5., 286.,  19.,   0.,   0.,   0.,  11.,   4.,   6.],
        [  1., 287.,   9.,   4.,   0.,   2.,   4.,  12.,   4.,  24.],
        [  1.,  20.,   9.,   4.,   0.,  13., 285.,   5.,   9.,  15.],
        [  1.,  15.,   4.,   1.,   5.,   3.,   6.,  11., 289.,  21.],
        [  0.,   0.,   4.,   3., 279.,   1.,   3.,   5.,   0.,  11.],
        [ 42.,   8.,   3.,   3.,   2., 278.,   3.,   9.,   0.,  10.],
        [  0.,  25.,   6.,  10.,   4.,   9.,   6.,  16., 193.,  23.],
        [  1., 298.,  23.,  73.,   0.,   3.,  11.,  26.,  12.,  31.],
        [  6.,  27.,  10.,   6.,   1.,  14., 273.,   7.,  10.,  10.],
        [  6.,   1., 272.,  20.,   4.,   3.,   0.,   6.,   1.,   8.],
        [  0.,   2.,   9.,   4.,   0.,   4.,   0., 311.,   1.,  29.],
        [  0.,   3.,   6.,   1.,   8.,   8., 295.,   4.,   5.,  16.],
        [  0., 271.,   2.,   2.,   0.,   8.,   5.,   8.,   6.,  16.],
        [  5.,   7.,  14.,  35.,   0.,  22.,   2.,   8., 214.,  10.],
        [  0.,   8.,  13.,   2., 277.,   2.,  27.,   6.,   5.,  11.],
        [  0.,   4.,   8.,   0.,   4.,   4., 289.,  10.,   5.,  11.],
        [  2.,   5.,   3.,   2.,  17.,  13.,   0.,  24.,   3., 278.]],
       device='cuda:0')
Epoch 6 | Batch 200
tensor([[ 22.,   0., 266.,  19.,   0.,   2.,   0.,   1.,  15.,   0.],
        [  1.,  19., 257.,   5.,   0.,   1.,  15.,   0.,   0.,   1.],
        [  1., 286.,   1.,   1.,   1.,   4.,   8.,   2.,   5.,   1.],
        [  1.,  17.,  34.,  22.,  17.,   4.,   4., 138.,   4.,   2.],
        [311.,   0.,  42.,   0.,   0.,   9.,   3.,   1.,  14.,   0.],
        [  2.,   0.,   3.,   1., 297.,   0.,   1.,   3.,   0.,   8.],
        [292.,   0.,   0.,   0.,   0.,  35.,   2.,   0.,   1.,   0.],
        [  2., 290.,   1.,   3.,   1.,   3.,  21.,   3.,   7.,   2.],
        [  1.,   1.,   0.,   9.,   4.,  13.,   4.,  77.,   5., 205.],
        [  5.,   0.,   1., 293.,   1.,  14.,   0.,   5.,   2.,   7.],
        [  1., 287.,   8.,   2.,   0.,   1.,   3.,   5.,   2.,   0.],
        [ 24.,   0.,   0.,   1.,  14.,  14.,   2.,  19.,   3., 253.],
        [ 19.,   0.,   1.,   0.,   0., 263.,   2.,   1.,   1.,   0.],
        [  6.,  12., 294.,   5.,   0.,   1.,  22.,   3.,   6.,   0.],
        [  6.,   1.,   9.,   2.,   1.,  12., 289.,   3.,  16.,   2.],
        [  2.,   0.,   0.,   7.,  47., 104.,   0., 106.,   0.,   3.],
        [ 54.,   0.,  11.,   6.,   3., 106.,   0.,   0., 248.,   0.],
        [  1.,   0.,   0.,   8.,  13.,   2.,   0., 290.,   2.,   7.],
        [  3.,   0.,   4.,   0., 300.,   0.,   5.,  14.,   0.,   9.],
        [ 21.,   0., 282.,   5.,   0.,   1.,   8.,  22.,  54.,   1.],
        [  3.,   5.,   9.,  12.,  20., 175., 261.,  37.,   0.,   3.],
        [  0.,   0.,   6.,   4., 302.,   2.,   5.,   1.,   0.,   6.],
        [296.,   0.,   4.,   3.,   0.,   7.,  13.,   3.,   5.,   2.],
        [ 23.,   0.,  10., 240.,   0.,  85.,   0.,   0.,  94.,   1.],
        [ 30.,   0.,   0.,   6.,   0., 150.,   6.,   2.,   4.,   0.],
        [  4.,  23.,   0.,   5.,   5.,   5.,   1.,  37., 239.,  14.],
        [  6.,   0.,   9.,   0.,   2., 229.,  10.,   0.,   1.,   8.],
        [  2.,  19.,   1.,   3.,   3.,   1.,   1.,  20., 213.,   4.],
        [  1., 287.,   0.,   3.,   0.,   2.,   6.,   5.,   4.,   2.],
        [ 10.,   0.,   0., 290.,   3.,  30.,   1.,   4.,   6.,   6.],
        [266.,   0.,  57.,   1.,   0.,  51.,   0.,   0.,   5.,   0.],
        [294.,   0.,   5.,   2.,   1.,  52.,   5.,   1.,   2.,   1.],
        [  4.,   0.,   2.,  15.,   1.,  11., 269.,   2.,   7.,   1.],
        [  6.,   0.,  19.,   0.,   3.,   0.,   6.,   3.,   3., 257.],
        [ 52.,   0.,   3.,   0.,  20.,   0., 299.,   0.,   0.,   6.],
        [  3.,   0.,  16.,   2.,   5.,   3., 259.,   0.,   5.,   1.],
        [219.,   0.,   5.,   7.,   4.,   9.,  38.,   7.,  11.,   7.],
        [  6.,   0.,   0., 154.,   1., 106.,   0.,   6.,  92.,  17.],
        [  8.,   0.,  47.,   1.,   9., 236.,   1.,  10.,  12., 226.],
        [  8.,   0.,   7., 238.,  20.,   2.,   1.,   1.,   3.,   6.],
        [ 71.,   0.,  59.,   0.,   9.,   0., 251.,   1.,   0.,   4.],
        [  3., 294.,   3.,   9.,   7.,   5.,   4.,  27.,   5.,   0.],
        [252.,   0.,   7.,   0.,   0.,   3.,   5.,   0.,   3.,   0.],
        [  2., 289.,   9.,   5.,   8.,   4.,   3.,  66.,   6.,   0.],
        [  2.,   0., 172.,   1.,  15.,   3.,   5.,   1.,   3.,   9.],
        [  2., 294.,   2.,   6.,   1.,   2.,   9.,   7.,   4.,   3.],
        [  3.,   0.,   0.,   6.,  14.,   4.,   0.,  40.,  10., 282.],
        [  1.,   0.,   3.,   8.,   1.,   4., 285.,   1.,   5.,   2.],
        [  1.,   0.,   2., 219.,  11.,  15.,   0.,   2.,   9.,  95.],
        [  6.,  29.,   9.,   3.,   1.,   1.,   4.,  13., 239.,   2.],
        [  2.,   0.,   0.,   5.,  34.,   8.,   0., 262.,   1.,   6.],
        [ 36.,   0.,   0.,   4.,  42.,  25.,   1., 280.,   2.,  14.],
        [ 31.,   0.,   0.,   0.,  10., 283.,   2.,   5.,   3.,   1.],
        [  0.,   0.,   1., 111.,   1.,   7.,   0.,   0.,   2.,   4.],
        [ 19.,   0.,   1.,   0.,  12.,   5.,   2., 264.,   1.,  18.],
        [  0.,   0.,   0.,   1.,   5.,  24.,   3.,   5.,   2., 258.],
        [  0.,   0.,   0.,   8.,  24.,   6.,   0., 262.,   1.,   5.],
        [302.,   0.,   1.,   8.,   0.,  18.,   3.,   2.,   8.,   1.],
        [  1.,   0.,   0.,   4., 290.,   6.,   1.,  26.,   2.,   8.],
        [273.,   0.,   2.,   1.,   1.,   2.,   2.,   0.,   2.,   1.],
        [  5., 293.,  17.,   6.,   2.,   5.,   7.,  18.,   9.,   2.],
        [  5.,   6., 296.,   4.,   0.,   0.,  11.,   1.,  67.,   4.],
        [  1.,   0.,   0.,   5.,  11.,  11.,   2.,  14.,   7., 274.],
        [  0., 231.,   2.,  10.,   2.,   8.,   9.,   2.,   6.,   4.]],
       device='cuda:0')
Epoch 6 | Batch 300
tensor([[  3.,   1.,   2.,   3.,   0.,   4.,   2., 307.,   2.,   8.],
        [  7.,   3.,   0.,   8.,  23.,   7.,   3., 287.,   3.,  26.],
        [  4.,   6.,   3., 284.,   0.,  13.,   0.,   2.,   3.,   6.],
        [  0.,   1.,  10., 302.,  49.,   5.,   0.,   6.,   2.,   4.],
        [  3.,   3.,   0.,   2.,   6.,   5.,  59.,  20.,  17., 288.],
        [  9.,  11.,   1.,   2.,   6., 296.,   2.,   5.,  13.,   4.],
        [ 25.,  11.,   1.,  22.,   0., 281.,   2.,   2.,   1.,   0.],
        [  3.,   3.,   7.,   0.,   3.,   7., 298.,   1.,   4.,   7.],
        [  2.,   1.,   1.,   0., 265.,   1.,  18.,   7.,   2.,  11.],
        [  0.,  20.,   7.,  46.,   3.,   3.,   2.,   3.,   6.,   8.],
        [ 30.,   1.,  58.,  60.,   0.,  54.,  14.,   0.,   1.,   1.],
        [  2.,   5.,   2.,   3., 269.,  34.,  12.,   8.,  23.,  10.],
        [ 18.,   5.,  14.,  54.,   0., 282.,   1.,   2.,   1.,   0.],
        [  3.,   5.,  31., 294.,   1.,   3.,   5.,   3.,   4.,   5.],
        [  6.,  16.,  79.,  18.,   0.,   4.,  15.,   1., 264.,   5.],
        [  6.,   4.,   1.,   1., 283.,  21.,  17.,   6.,   9.,  14.],
        [  8.,   7.,  12.,   0.,  25.,   5., 304.,   1.,  10.,  12.],
        [  6.,   0.,   0.,   4., 293.,   4.,  18.,   4.,   0.,  17.],
        [168.,   4., 223.,  24.,   0., 120.,   2.,  41.,   0.,   0.],
        [  0.,   3.,   1.,   1.,   0.,   9.,   3., 239.,   0.,   8.],
        [  1.,   2., 262.,   1.,  36.,   6.,  25.,   2.,   5.,   5.],
        [  1.,   3.,   0.,   1.,   0., 248.,   3.,   3.,   5.,   9.],
        [  2.,  30.,  15.,   3.,   2.,   3., 255.,   2.,  11.,   2.],
        [  1.,   1.,   3.,  10.,   0.,   6.,   1., 276.,   0.,   1.],
        [  1.,   1., 309.,   4.,   2.,   9.,   4.,   0.,   3.,   0.],
        [  5.,  12.,   1.,  17.,   2., 276.,   1.,   7.,   2.,   5.],
        [282.,   6.,   6.,   9.,   7.,   3.,  55.,   1.,  17., 106.],
        [  2.,   4.,   3., 303.,   2.,   8.,   0.,   1.,   2.,  77.],
        [297.,   0.,   6.,  20.,   0.,  33.,   6.,   2.,   0.,   0.],
        [  1.,  54.,  13.,   1.,   3.,   4., 262.,   0.,  16.,   3.],
        [  7.,  11.,   2.,   0.,   5., 237.,   1.,   3.,   8.,   1.],
        [  3.,  22.,  19.,   2.,   0.,  17.,   4.,   1., 250.,   3.],
        [  5.,   4.,   2.,   6.,  43.,   6.,  12.,   6.,   4., 250.],
        [318.,   2.,   1.,   0.,   0.,  39.,  16.,   1.,   3.,   0.],
        [  2.,   1.,   2.,   1.,   5.,   4.,  18.,  14.,   5., 283.],
        [ 16.,   0., 297.,   6.,   0.,   2.,   4.,   3.,   0.,   5.],
        [315.,   1.,   5.,   6.,   0.,   9.,   7.,   1.,   1.,   2.],
        [  1.,   1.,   7.,   8.,   0.,   4.,   1., 295.,   4.,   8.],
        [  1.,  12.,   1.,   5.,   2.,  12.,   2., 287.,  12.,  14.],
        [311.,   1.,   3.,   0.,   1.,   2.,  58.,   4.,   3.,   1.],
        [ 28.,   6.,   7.,   0.,  12.,   5., 304.,   1.,   1.,   9.],
        [  6.,   7.,  88.,  12.,   0.,   0.,   4.,   6., 153.,   9.],
        [ 81.,   1., 290.,   1.,   0.,   5.,   5.,   2.,   3.,   2.],
        [  4.,   2.,   0.,   2., 268.,  32.,  51., 100., 169.,  27.],
        [  1.,   5.,   0.,   3.,   2.,  11.,   7.,  56.,  47., 273.],
        [  2.,   6.,  11., 292.,   0.,   5.,   0.,   2.,   2.,   3.],
        [  0., 271.,   6.,   8.,   0.,   8.,   8.,  10.,   5.,  11.],
        [  2.,  11.,   2.,   1., 255.,   5.,  36.,   4.,   2.,  19.],
        [  2.,   2.,  39.,   0.,   7.,   3., 310.,   0.,  10.,  15.],
        [  1.,   7.,   6.,  17.,   7.,  11.,   3.,   5., 195.,  11.],
        [  1.,  10.,   1.,   8.,   5.,  11.,   5.,  17.,   4., 254.],
        [ 12.,   3.,   0.,   1.,   8., 302.,   8.,   2.,  11.,  21.],
        [  4.,  11.,   2.,  66.,   4.,  14.,   7.,   2., 249.,   9.],
        [ 16.,   2.,   5.,   1.,   9.,   3.,  18.,  12.,   2., 261.],
        [  3.,  13., 294.,  10.,   0.,  15.,   1.,  26.,   6.,   3.],
        [  1.,  11.,  11.,   2.,  16.,   6., 308.,   1.,   8.,   9.],
        [  3.,   3.,   5., 201.,   0.,  11.,  15.,  25.,   2.,   3.],
        [  9.,   9.,   3., 296.,   0.,  26.,   0.,   3.,   1.,   0.],
        [  3.,   5.,  27., 307.,   1.,  24.,   0.,   1.,   0.,   1.],
        [  4.,   3.,  40.,  62.,   1.,   5.,  41.,   0., 273.,   5.],
        [ 22.,   2.,   1.,   2., 247.,   8.,  47.,   6.,   0.,   8.],
        [  5.,  15.,   3.,   1.,   0.,  48.,  78.,   2., 238.,  10.],
        [  0., 283.,   7.,   4.,   0.,   6.,  11.,  10.,  19.,   6.],
        [ 37.,   5.,   8.,   3.,   4.,  22., 160.,   2.,  99.,  25.]],
       device='cuda:0')
Epoch 6 | Batch 400
tensor([[  1.,   7.,   7., 291.,   0.,  29.,   0.,   2.,  22.,   9.],
        [  0.,  41., 262.,  38.,   0.,   6.,   2.,   1.,  11.,   3.],
        [  0.,   9.,  56.,   4.,   8.,  12., 290.,   2.,   3.,   8.],
        [290.,   0.,   4.,   1.,   0.,  22.,   0.,   1.,  22.,   3.],
        [  0., 293.,  19.,   9.,   0.,   3.,   2.,   7.,  11.,   5.],
        [  0., 123.,  13.,  17.,   0.,   2.,   3.,   3., 266.,   4.],
        [  0., 299.,   4.,  10.,   0.,  10.,   9.,  12.,  60.,   7.],
        [  1.,  10.,   3.,   8.,   0.,  11.,   4.,  11.,  14., 286.],
        [  0., 297.,   5.,   6.,   0.,   5.,   3.,  13.,   6.,   6.],
        [  0.,   3.,   4.,   9.,   6.,  16.,  10.,  23.,   1., 238.],
        [198.,   4.,   8.,   3.,   2.,  12., 105.,   6.,   4.,   6.],
        [  0.,   1.,   1.,   7.,   0.,  11.,   0., 283.,   1.,   8.],
        [  0.,   4.,   3.,  16.,   8.,  11.,  67., 288.,   6.,   6.],
        [  1.,   9., 300.,  33.,   0.,   5.,   1.,   2.,  43.,   3.],
        [  0.,  13.,  12., 289.,   0.,  18.,  15.,   2.,   3.,   3.],
        [  1.,  92.,  22.,  13.,   0.,   2.,   3.,   8., 279.,  10.],
        [ 10.,   3.,   0.,  10.,   5.,   8.,   1., 305.,   9.,   9.],
        [  0.,  12.,   0.,  11.,   0.,  40.,   4.,  13., 259.,  12.],
        [  2.,   5., 295.,   2.,   5.,  77.,   8.,   1.,   6.,  27.],
        [  0.,   5.,   0.,   7.,  10.,  11.,   0., 302.,  15.,  15.],
        [  0.,  11.,   2.,   6.,   5.,  17.,   2.,  13.,   8., 289.],
        [  0.,  13.,   3., 160.,   3.,  11.,   5., 113.,  13.,   3.],
        [  4.,   8.,   1.,   3.,   2.,   6.,   2., 270.,   3.,   8.],
        [  3.,   9., 298.,  14.,   0.,   8.,   5.,   2.,   4.,   2.],
        [273.,   2.,   2.,   9.,   0.,  29.,   0.,   5.,  11.,   2.],
        [  0.,  76.,  15.,   5.,   0.,   3.,  78.,   6., 193.,  16.],
        [  0., 293.,   4.,   6.,   0.,   7.,   5.,   7.,  12.,   6.],
        [  0.,   4.,  10.,   7.,   3.,   7.,   2., 304.,   7.,  17.],
        [  0.,   2.,   0.,   7.,  82.,  24.,   8., 244.,   2.,   7.],
        [  0.,   2.,   5.,   6., 289.,  10.,   9.,   9.,   2.,  10.],
        [ 13.,  16.,  37., 287.,   0.,  11.,   2.,   2.,   7.,   3.],
        [  0.,  12., 291.,  12.,   0.,   5.,   8.,   4.,   2.,   3.],
        [  5.,  47.,  14.,   4.,   0., 279.,   1.,   6.,   8.,   2.],
        [  0., 154.,   6.,  10.,   0.,   6.,  10.,   8.,  14.,  13.],
        [  2.,   6.,   0., 294.,   0.,  20.,   0.,   5.,   4.,  16.],
        [  0.,   6.,   2., 231.,   0.,  31.,   2.,   6.,   7.,  70.],
        [155.,   4.,   2.,  10.,   3.,  14.,   8.,   7.,  11.,  13.],
        [  7.,   5.,   1.,   7.,   2.,  11.,   1., 290.,   6.,  22.],
        [  0.,   6.,   4.,   1., 282.,   4.,   5.,  26.,   4.,  12.],
        [  0., 278.,   5.,   5.,   0.,   3.,   2.,  11.,   5.,   5.],
        [  0.,   6.,  12.,   5.,   7.,  22., 292.,   3.,   2.,   8.],
        [  0.,   8.,   7.,   6.,   0.,   5.,   5.,   0., 182.,   3.],
        [220.,   1.,   3.,  31.,   2.,  22.,   1.,  10.,  25.,   6.],
        [  0., 305.,  13.,  12.,   0.,   5.,   7.,   7.,   9.,   6.],
        [  0.,  57.,   4.,   5., 181.,   6.,   9.,   3.,   2.,   6.],
        [  1.,  14.,   8.,   1.,  14., 241.,  88.,   5.,  14.,  17.],
        [  0.,   7.,   3.,   9.,   0.,   5.,   2., 298.,   1.,   9.],
        [  0.,   5.,   7., 214.,   2.,   6.,   1.,   3.,   6.,   3.],
        [  0.,  28.,   1.,  12.,   0.,  14.,   2.,   9.,   8., 279.],
        [  0.,  18., 288.,   5.,   0.,   8.,   6.,   3.,  10.,  12.],
        [  0.,   6.,   0.,  11.,   1.,   7.,   3.,   5.,  13., 218.],
        [  0.,   9.,  10.,   9.,   1.,  14.,   3.,   3., 256.,   5.],
        [  2.,  20.,  37., 283.,   0.,  14.,   3.,   4.,   5.,   8.],
        [  0., 288.,   2.,   8.,   0.,   8.,   5.,  13.,  11.,  10.],
        [  0.,   4.,   1.,  13.,   8., 262.,   2.,  40.,   9.,   8.],
        [  0.,   9.,   4.,   5.,  11.,  46.,   1.,  56., 247.,  14.],
        [  0.,   4.,   4.,   2., 255.,  11.,   4.,   8.,   6.,  21.],
        [  2.,  47.,   5.,  18.,   0.,   9.,   3.,   4., 269.,  20.],
        [  0.,   8.,   3.,   2., 257.,  11.,   5.,  10.,   5.,  32.],
        [  0.,  15.,  10.,   5.,   0.,   5.,   2., 164.,   5.,  22.],
        [  0.,   8.,   3.,   2., 232.,   7.,   3.,   7.,   5.,  32.],
        [  3.,  13., 283.,  55.,   1.,  19.,  17.,   6.,   1.,   5.],
        [  1.,  27.,   4.,   8.,   0.,   3.,   2.,   5., 260.,   9.],
        [  0.,   8.,  12.,   2.,  10.,  10., 276.,   4.,   4.,   9.]],
       device='cuda:0')
Epoch 6 | Batch 500
tensor([[  1.,  26.,   3.,   7.,  10.,   0.,  12.,   4., 252.,  12.],
        [  1.,  21.,   4.,   4.,  10.,   1.,  27.,   1., 245.,  10.],
        [  2.,  10., 287.,  54.,   3.,   1.,  11.,   1.,   8.,   0.],
        [  0., 272.,   3.,   7.,   3.,   8.,  21.,   3.,   6.,   8.],
        [ 13.,  12.,   3.,  14.,   2., 221.,  55.,   7.,   1.,  10.],
        [ 64.,   2.,  33.,   2.,   2.,   0., 232.,   4.,   2.,   2.],
        [  0., 291.,   1.,   8.,   3.,   2.,   9.,   7.,   4.,  10.],
        [  0.,   5., 299.,  50.,  13.,   1.,  24.,   2.,   3.,   1.],
        [  0.,  11.,   1.,   9.,  12.,   0.,   5., 235.,   3.,  11.],
        [ 23.,  10.,   0.,   2.,   5.,   1.,   3., 293.,   7.,  42.],
        [  2.,  12.,   6.,   2.,  11.,   2.,   9.,   3., 276.,  11.],
        [  0., 265.,   0.,   4.,   3.,   3.,   9.,   4.,   3.,   6.],
        [  1.,  60.,   5.,   4.,   1.,   2., 278.,   2.,   8.,   7.],
        [ 22.,  10.,   1.,   3.,  15.,   1.,  10.,  14.,   8., 248.],
        [  0.,   7.,   0.,   1., 215.,  45.,   6.,   9.,  35.,  41.],
        [  1.,   9.,  59., 309.,   6.,  31.,   0.,   3.,   2.,   5.],
        [  3.,   3.,   2.,  24.,   8., 279.,   7.,   2.,   8.,  11.],
        [  0.,   8., 281.,  22.,   4.,   2.,  12.,   1.,   2.,   1.],
        [  0., 273.,   7.,   7.,   1.,   1.,  11.,   4.,   6.,   6.],
        [ 11.,   4.,   0.,   2.,  22.,   2.,   4., 282.,   0.,  36.],
        [  0.,   6.,   0.,   9.,  68.,   5.,  14.,   2.,   7., 292.],
        [  1.,   9.,   1.,   3.,  11., 272.,   3.,  11.,   5.,   5.],
        [  5.,   2.,   6., 117.,   2., 264.,  12.,   2.,   2.,   0.],
        [  3.,  17.,   1.,   3.,   6.,   0.,   8.,  20.,  15., 276.],
        [  0.,   3.,   2.,   4.,  11.,   3.,   3., 291.,   2.,  21.],
        [288.,   3.,   3.,   5.,   4.,  43.,  12.,   9.,   7.,   5.],
        [  0.,  11., 257.,  10.,  20.,   2.,  36.,   1.,   3.,   4.],
        [  0.,   5.,   4.,  62.,  34.,   0.,   3.,  23.,  10., 100.],
        [  6.,  13., 244.,   3.,  14.,   4.,  33.,  17.,   3.,   5.],
        [  0.,   4.,   0.,   7.,  11.,  10.,   2.,  15.,   3., 261.],
        [  0.,   3.,   3.,   2.,  18.,   1.,   5.,  13.,   3., 234.],
        [ 11.,   3.,   0.,   1.,  18.,   5.,   3., 293.,   2.,  18.],
        [  1.,   8.,   1.,  10.,   6.,   3.,   6.,   5.,   4., 156.],
        [  3.,   6.,   7.,   0., 275.,   7.,  14.,   1.,   7.,  17.],
        [ 10.,  15.,   5.,   5.,   4.,   4., 294.,   4.,   4.,   3.],
        [  2.,   5.,   0.,  54.,   4., 260.,   5.,   8.,   4.,  17.],
        [  2.,  14.,   2.,   8.,   4.,   1.,  11.,   8.,  11., 285.],
        [  9.,  18.,   4.,   4.,   2.,   4., 288.,   3.,   6.,   2.],
        [  0.,  25.,  19.,  59.,  15.,   2.,   5.,   1., 224.,   6.],
        [  2.,  55.,  29.,   6.,   3.,   0.,  10.,   2., 196.,   5.],
        [  0.,   6.,   4.,   3., 271.,   1.,  12.,  16.,   4.,  21.],
        [  1.,   2.,  84.,   3., 267.,   5.,  17.,   0.,   3.,  11.],
        [286.,   4.,   8.,   4.,   3.,   7.,  34.,   3.,   0.,   2.],
        [  0., 261.,   2.,   3.,   1.,   1.,   7.,   3.,   2.,   3.],
        [134.,   1.,   0.,   3.,   1.,  56.,   8.,   2.,   3.,   1.],
        [ 12.,   4.,   2.,   4.,  11.,   2.,   4., 291.,   2.,  26.],
        [  0.,  14.,   2.,   4.,  56.,   1.,   5., 294.,   2.,  19.],
        [ 25.,   4.,  11.,  16.,   2., 155.,  26.,   6.,   5.,   3.],
        [  8.,   7.,  11.,   4.,  19.,   4., 305.,   3.,   8.,   7.],
        [  4.,   4.,   3.,   2., 270.,   0.,   6.,   9.,   3.,  22.],
        [  3.,   6.,   2.,   5.,   3., 274.,   6.,   4.,   8.,   7.],
        [  1.,   5.,   6., 304.,   2.,  16.,   3.,   1.,   0.,   1.],
        [  0.,   6.,   6., 298.,   7.,   7.,   4.,   1.,   1.,   8.],
        [  0.,  19.,   1., 257.,   7.,   1.,   6.,   2.,   2.,  10.],
        [  4.,   6., 254.,   5.,   5.,   2.,  41.,  18.,  16.,  14.],
        [  0.,   8.,   2.,  13.,  10.,   0.,   4., 259.,   1.,  12.],
        [ 11.,   4.,   3.,   0.,  16., 273.,   7.,   4.,   3.,  17.],
        [165.,   2.,   1.,   0.,  15.,   0.,  44.,   3.,   1.,   2.],
        [  3.,   6.,   8.,   7., 262.,   1.,  16.,  10.,   2.,  15.],
        [ 71.,   3.,   0.,   1.,  13.,   6.,   5., 267.,   1.,  36.],
        [  0.,   6.,   0.,   4.,  21.,   1.,   5.,  18.,   4., 280.],
        [ 17.,   5.,   0.,  52.,  12., 223.,   9.,  10.,   3.,  21.],
        [  0., 162.,  37.,   2.,   4.,  14.,   4.,   0.,  34.,   2.],
        [  2.,   4.,   2.,   3.,  34.,   3.,   9.,   7.,   6., 276.]],
       device='cuda:0')
Epoch 6 | Batch 600
tensor([[  8.,   8.,   4.,  10.,   7.,   9., 296.,   0.,   3.,   8.],
        [110.,   6.,   5.,  27.,  12.,  11.,  55.,   4., 111.,  53.],
        [  0.,   6.,   1.,   1., 265.,   3.,   4.,   3.,   0.,   4.],
        [  0.,   3., 315.,  40.,   4.,   9.,  14.,   0.,   0.,   1.],
        [ 22.,   7.,  18.,  21.,   2., 258.,   6.,   3.,   4.,   3.],
        [ 10.,   2., 300.,  53.,   4.,  10.,  10.,   2.,   0.,   5.],
        [  0.,   8.,   3., 291.,   1.,  11.,   6.,  14.,  10.,  13.],
        [  0., 303.,   8.,  43.,   0.,   8.,   6.,  10.,   7.,   9.],
        [  0.,  16.,   5.,   4.,   3.,   4., 196.,   3.,   3.,   4.],
        [  1., 107.,   8.,   9.,   2.,   5., 252.,   1.,   4.,   9.],
        [  2.,   4.,  57.,  34.,   3.,  13.,  19.,   1., 239.,   3.],
        [ 29.,  11.,   6., 291.,   1.,  19.,   4.,   6.,   3.,   2.],
        [  0.,  27., 153., 222.,   2.,   7.,   4.,   2.,   8.,   1.],
        [  0.,  29.,   2.,   1.,   8.,  19.,   2., 293.,   1.,  23.],
        [  0., 302.,   3.,  14.,   1.,  10.,   5.,   8.,   4.,   6.],
        [  1.,  10.,   1.,   2.,  35.,  13.,   4.,  65.,   2., 290.],
        [ 12.,   4.,   6.,   7.,   2., 281.,   5.,   4.,   1.,   5.],
        [ 52.,   5.,   2.,  15.,  10.,  20., 266.,   0.,   2.,  11.],
        [  3.,   3.,   3.,   2.,  28.,   4.,   1.,  11.,   0., 274.],
        [  2.,   4.,   7.,   3.,   5.,   7.,  78.,   2., 285.,  24.],
        [104.,   5.,   6.,  33.,   2., 167.,   5.,  11.,   1.,   1.],
        [  2.,  10.,   8., 288.,   1.,  11.,   2.,   6.,   5.,   4.],
        [  4.,   4., 294.,   5.,   9.,   5.,  14.,   1.,   0.,   5.],
        [  0.,  13.,   2.,   3.,  14.,  29.,  10.,  15.,   2., 245.],
        [ 54.,  11., 153.,   4.,   2., 122.,   8.,   9.,   3.,   2.],
        [  1.,   9., 216.,  12.,   1.,  11.,   3.,  29.,   1.,   5.],
        [  0.,  17.,  12.,  12.,   3., 276.,   4.,   2.,   0.,   4.],
        [291.,   5.,   9.,   4.,   6.,  12.,  14.,   4.,   5.,   9.],
        [  0.,   5.,  91.,   0.,  26.,   3.,  30.,   0.,   3.,   5.],
        [ 13.,  17.,   6.,   5.,   7.,   3.,   7.,  18., 207.,   8.],
        [  0.,  13., 235.,  25.,   8.,   9.,   0.,  28.,   7.,   5.],
        [  0.,   2.,   1.,   3.,  12.,  12.,   1., 227.,   0.,  10.],
        [  9.,   2.,   7.,   2.,  30.,   4., 306.,   0.,   0.,   8.],
        [ 46.,   4.,  16.,  66.,   0., 283.,   3.,   1.,   0.,   1.],
        [306.,   4.,   6.,   1.,   6.,   6.,  27.,   4.,  15.,   5.],
        [  0.,  16.,   4.,   6.,   2.,   6., 275.,   1.,   4.,   7.],
        [  0., 303.,   6.,   9.,   1.,   7.,   6.,   7.,   8.,   5.],
        [304.,   3.,   2.,   3.,   7.,  12.,   6.,  12.,   6.,   5.],
        [  0.,   5.,   3.,   2., 275.,  15.,  19.,   7.,   3.,  13.],
        [  0.,  14.,   1.,   4.,  14.,  20.,   6.,  11.,   4., 237.],
        [  5.,   7.,   6.,  10.,  14.,   9., 308.,   0.,   3.,  13.],
        [  0.,   8.,   5.,   6.,   3.,   5.,   1., 277.,   2.,  15.],
        [  0.,   5.,   3.,   5.,   9.,  15.,   6.,   6.,   2., 234.],
        [ 32.,  15.,   2.,  17.,   4.,  16., 265.,   2.,   4.,   6.],
        [  0.,   2.,   1.,   0., 295.,   7.,  11.,  19.,   2.,  23.],
        [  0., 305.,   8.,   9.,   0.,   6.,   7.,   5.,   7.,   4.],
        [ 15.,   9.,  38., 156.,   0.,  17.,   7.,   6.,   3.,   3.],
        [  0., 295.,   3.,   6.,   1.,   7.,   6.,  13.,   6.,   5.],
        [  1., 304.,  13.,  12.,   1.,   8.,   8.,   4.,   8.,   4.],
        [  0.,   9.,   6.,   9.,   9.,   6.,   1., 271.,   0.,   6.],
        [  5.,   6.,  28., 300.,   0.,  19.,   1.,   5.,   2.,   3.],
        [  0.,  10.,   3.,   1.,   2., 242.,   2.,   7.,   3.,   3.],
        [  2.,  10.,   6.,  10.,   6.,  11.,  10.,   4., 261.,   5.],
        [  0.,  13., 209.,   3.,   6.,   8.,  13.,  30.,   1.,  28.],
        [137.,   3.,   7.,   0.,  11.,   5.,  43.,   2.,   0.,   8.],
        [  0.,   9.,   1.,   4., 208.,  13.,   3.,   6.,   1.,  25.],
        [ 15.,   8.,   4., 266.,   5.,  25.,   1.,   5.,  29.,   2.],
        [218.,   7.,   2.,  28.,   7.,  43.,   1.,  10.,   2.,   3.],
        [302.,   8.,  10.,   2.,   4.,  13.,   5.,   3.,   4.,   4.],
        [  0.,   6.,  16.,   1.,   1., 241.,   4.,   1.,  46.,   0.],
        [ 20.,   2.,  12.,   3.,  17.,   5., 311.,   0.,  13.,   8.],
        [  0.,   3.,   1.,   0., 295.,   9.,  12.,   7.,   1.,   9.],
        [263.,   8.,   5.,   2.,   2.,  92.,   3.,   3.,   3.,   2.],
        [  0., 291.,  26.,   7.,   1.,  10.,   8.,   3.,   9.,   4.]],
       device='cuda:0')
Epoch 6 | Batch 700
tensor([[319.,   0.,   0.,  13.,   3.,   0.,   0.,   0.,  23.,   1.],
        [  3.,   4.,  25.,   1.,  18.,   0.,   4., 301.,  15.,  24.],
        [174.,   0.,   0.,  26.,  17.,   6.,   9.,   2.,   6.,   6.],
        [ 41.,   4.,   3.,   0.,  19.,   0., 284.,   1.,   3.,   6.],
        [  3.,   6.,   0., 286.,   3.,   0.,   1.,   0.,   2.,   5.],
        [  3.,   1.,   0.,  10.,   8.,   0.,   0., 307.,   0.,  27.],
        [  0., 277.,   1.,   9.,   3.,   0.,   1.,   2.,   3.,  12.],
        [297.,   0.,   0.,   1.,  30.,   0.,   6.,   1.,   5.,   6.],
        [  3.,   2.,   0.,   0., 261.,   0.,   3.,   0.,   4.,  75.],
        [  1., 283.,   2.,   7.,   3.,   0.,   3.,   1.,   6.,   9.],
        [  1.,   4.,   0.,   1.,   6., 242.,  35.,   0.,   9.,   9.],
        [  4.,   2.,   0.,   0., 282.,  16.,   5.,  45.,  22.,  35.],
        [  3.,   0.,   1.,   0., 289.,   0.,   7.,   0.,   8.,  49.],
        [  0., 272.,   1.,   6.,   4.,   0.,   1.,   3.,   3.,  10.],
        [  0.,   1.,   5.,  12.,   9.,   0.,   2., 303.,   2.,  22.],
        [  0.,   5.,   6.,   2.,   8.,   0.,   9.,  76.,   3., 268.],
        [ 16.,   1.,   0.,  40.,   9.,   3.,   2.,   0., 256.,  11.],
        [190.,   0.,   8.,  14.,   6.,   0.,  12.,   0.,   8.,  13.],
        [  4.,   5.,   1.,   0.,  32.,   0.,   4.,  12., 268.,  16.],
        [  3.,   4., 244.,  63.,   8.,   0.,   0.,   0.,  14.,   2.],
        [  0., 246.,   7.,   4.,   7.,   0.,   2.,   1.,  39.,   5.],
        [  0.,   3.,   0.,   7.,  49.,   0.,  11.,   7.,   6., 226.],
        [  1.,   2.,  31.,   6.,  16.,   0.,   1.,   8.,   3., 273.],
        [  2.,   3.,   0.,   1.,  26.,   0.,   2., 252.,   6.,  41.],
        [  3.,   2.,   0.,   0.,  50.,   0.,  11.,  13.,  26., 262.],
        [  5.,   2., 277.,  26.,   6.,   0.,   4.,   5.,   6.,   8.],
        [ 10.,   0.,   2., 310.,   3.,   0.,   0.,   0.,   4.,   3.],
        [  3.,   7.,   0.,   1.,  16.,  64.,   1.,   1., 289.,  31.],
        [  8.,  17., 219.,  68.,   5.,   0.,   1.,   1.,   4.,   5.],
        [285.,   0.,   0.,   4.,   9.,   0.,   7.,   3.,  11.,   8.],
        [  3.,   1.,   0.,   1., 278.,   2.,  78.,   2.,  16.,  26.],
        [  3.,   3.,   0., 293.,   3.,   0.,   0.,   0.,   3.,   5.],
        [  2.,   3.,   0., 282.,   3.,   0.,   1.,   2.,   4.,  10.],
        [  1.,   5.,   3.,   2.,   7.,   0., 286.,   0.,   8.,  61.],
        [  9.,   0.,   3.,  24.,  16.,   8.,   2.,   2., 227.,  15.],
        [ 10.,   0.,   0.,   2.,  14.,   0., 305.,   0.,   9.,  11.],
        [  3.,   3.,   0.,   3., 210.,   0.,  24.,   8.,   2.,  30.],
        [ 16.,   4.,   0.,   1.,  48.,  79.,   1.,   1., 282.,  21.],
        [  7.,   6.,   1.,   3.,  32.,   0.,  61.,   6.,   4.,  15.],
        [  2.,   1.,   0.,   1., 296.,  11.,  10.,  10.,  20.,  17.],
        [  1.,   3.,   0.,   0., 163.,   0.,   9.,   7., 121.,   9.],
        [  3.,   3.,   1.,   6.,   4., 240.,   5.,   3.,   1.,   4.],
        [  2.,  13.,  33.,   5.,   9.,   0.,   4.,   1., 272.,  20.],
        [  4.,   1.,   0.,  13.,  12.,   0.,  38.,   0., 106.,   7.],
        [  3.,   3.,   0., 290.,   3.,   0.,   0.,   1.,   7.,   4.],
        [  3.,   2., 299.,  13.,  14.,   0.,  17.,   0.,   5.,   9.],
        [  2.,   1.,   4.,   1.,  12.,   0.,   2.,   9.,  12., 304.],
        [  3., 256.,  49.,   6.,   5.,   0.,   4.,   1.,  11.,  12.],
        [ 20.,   0.,   0.,  45.,   2.,   7.,   5.,   0.,  35., 225.],
        [  6.,   1.,   1.,   1.,  28.,   0., 302.,   0.,  10.,  25.],
        [  5.,   0., 127.,  86.,   2.,   1.,   0.,   9.,   3.,   5.],
        [  7.,   4.,  11.,   1.,  13.,   0.,  11.,   8.,  11., 299.],
        [  5.,   5.,   0.,  12.,  23.,  48.,   7.,   1., 182.,  26.],
        [  5.,  25., 253.,  29.,   7.,   0.,   3.,   0.,   5.,   6.],
        [  4.,   3.,   2.,   2.,  22.,   0.,   3.,   0., 291.,  22.],
        [  2.,   3.,   0.,   2.,  28.,   0.,   6.,   9.,   4., 295.],
        [  1.,   0.,   0.,   0., 247.,   0.,   3.,   0.,   7.,  18.],
        [  1.,   0.,   0., 270.,  11.,   0.,   0.,   0.,  22.,   7.],
        [ 18.,   0., 120.,  13.,   3.,   0.,   2., 299.,   4.,   9.],
        [  4.,   1.,   0.,   1., 290.,  56.,  10.,   9.,  13.,  29.],
        [ 11.,   0.,  76.,   0., 165.,   0.,  15.,   2.,   6.,   9.],
        [  2.,   1.,   0., 288.,   2.,  10.,   1.,   0.,   1.,   2.],
        [ 11.,   0., 134., 297.,   1.,   0.,   1.,   0.,   3.,   2.],
        [ 32., 257.,  18.,   3.,   4.,   0.,  66.,   2.,  43.,  12.]],
       device='cuda:0')
Epoch 6 | Batch 800
tensor([[  7.,   5.,   5.,  45.,   4.,  28.,   2.,   2., 279.,   6.],
        [ 33.,   3.,   2.,  12.,   0., 257.,   4.,   1.,   6.,  12.],
        [  1.,  18., 264.,   3.,   0.,  10.,   8.,  37.,   7.,   6.],
        [  0.,   4.,   7.,  20.,   2., 266.,   2.,   6.,  29.,  21.],
        [  0.,   6., 182.,   1.,   3.,   6.,  35.,   2.,   9.,   8.],
        [ 31.,   1.,   2.,   0.,   6.,   4.,   0., 294.,   9.,  12.],
        [ 76.,   1.,   0.,   0.,  39.,   7.,   0., 282.,   3.,  39.],
        [  1., 291.,   4.,   9.,   1.,  10.,   5.,   2.,  27.,  12.],
        [  0.,  21., 286.,   1.,   7.,   6.,  10.,   0.,   6.,  38.],
        [  7.,   6.,   7.,   0., 266.,   7.,  46.,   1.,   6.,  10.],
        [  0.,   7.,  14.,   3.,   3.,   5.,   4., 291.,  88.,   6.],
        [ 31.,   7.,   3.,   0.,   3.,  16., 294.,   0.,   8.,   4.],
        [  0.,   1.,   2.,  72.,   6.,   6.,   0., 295.,   9.,  14.],
        [  0.,  14.,   9.,   0.,   5.,   9., 299.,   0.,  10.,   9.],
        [297.,   0.,   1.,   2.,   1.,  14.,  14.,   1.,   3.,   5.],
        [  0.,  10.,   1.,   2.,   9.,  10.,   4.,   9.,  20., 279.],
        [225.,   2.,   2.,   1.,   0.,   5.,   1.,  13.,   3.,   4.],
        [  0., 250.,   3.,  11.,   0.,   3.,   2.,   2.,   6.,  10.],
        [  0.,   2.,   1.,   3.,  21.,   6.,   2.,  16.,   8., 294.],
        [  0.,  36.,  14., 294.,   2.,   9.,   2.,   0.,   8.,   6.],
        [  0., 278.,  73.,   5.,   1.,   7.,   1.,   1.,  52.,   6.],
        [ 21.,   8.,  12.,   0.,  16.,   6., 307.,   2.,   4.,   4.],
        [  0.,   1.,   8.,  10.,  24.,   6.,   1.,   4.,   6., 284.],
        [  1., 294.,   7.,   9.,   1.,   5.,   3.,   5.,  16.,  17.],
        [  0.,  12.,   5.,   5.,   2., 158.,  18.,   1.,  92.,   8.],
        [  1.,  11.,  25.,  14.,  21.,  49.,   9.,   3., 278.,  17.],
        [  0.,  16.,  14.,   0.,  10.,  15., 302.,   1.,   7.,   6.],
        [  1.,   2.,   6.,   0., 284.,   8.,   7.,   3.,  40.,  57.],
        [  0., 214.,  10., 146.,   1.,   4.,   5.,   3.,   8.,  16.],
        [312.,   0.,   2.,   0.,   1.,   4.,   2.,   2.,   5.,   1.],
        [ 17.,   1.,   5.,   0., 296.,   6.,   3.,   1.,  13.,  15.],
        [ 22.,   1.,   0.,   0.,  60.,   8.,   0., 239.,   3.,  21.],
        [  0.,   3.,   4.,   2.,   9.,   7.,   3.,  20.,  10., 285.],
        [  3.,   3.,   1.,  62.,  20., 291.,   0.,   1.,  19.,  48.],
        [318.,   0.,   0.,   0.,   0.,  11.,   2.,  14.,   2.,   1.],
        [  0., 214.,   3.,  30.,   0.,   6.,   3.,   2.,  12.,  13.],
        [297.,   1.,   6.,   0.,   8.,  11.,  17.,  18.,   3.,   3.],
        [ 10.,   7.,  11.,   3.,   3.,  10.,   6.,   2., 288.,   5.],
        [ 10.,   6.,  19.,   1.,   4.,   6., 216.,   6.,   5.,  10.],
        [  0.,   6.,   3.,   0., 282.,  30.,   8.,   7.,  29.,  16.],
        [  1., 299.,  11.,   5.,   1.,   3.,   7.,   3.,  23.,  10.],
        [  0., 285.,  61.,   2.,   1.,   3.,   6.,   5.,  80.,   6.],
        [  0.,  10.,   2.,   9.,   3.,   6.,   0., 266.,  12.,  16.],
        [310.,   2.,  10.,   0.,   0.,   1.,   0.,   0.,  12.,   6.],
        [  0.,   2.,   1.,   7.,  19.,   9.,   1.,  39.,  81., 287.],
        [ 12.,   2.,   6.,   0., 283.,   5.,   5.,   8.,   6.,  13.],
        [  0.,   3.,   1.,   3.,   4., 194.,   3.,   1.,  38.,  12.],
        [ 20.,  10.,   9.,   0.,  24.,  12., 304.,   1.,   5.,   6.],
        [ 49.,   2., 270.,   0.,  12.,   4.,  17.,   1.,   8.,   0.],
        [ 39.,   5., 183.,   0.,   2.,   6.,   3.,  39.,   4.,   2.],
        [  0.,  10.,   5., 292.,   7.,   7.,   0.,   1.,  31.,  10.],
        [  9.,  13.,   2.,   4.,   1.,  14., 289.,   1.,   9.,   6.],
        [  0.,  18.,  15.,   0.,  21.,  12., 297.,   1.,   8.,  11.],
        [  0.,   6., 301., 115.,   0.,   8.,   7.,  42.,   4.,  10.],
        [  1.,   1.,   1.,   1.,  49.,  10.,   0., 254.,   9.,  33.],
        [  1., 301.,  14.,   7.,   1.,   4.,   6.,   2.,  17.,   9.],
        [  1.,   1.,   2.,   0.,   6.,   6.,   0., 255.,   7.,  44.],
        [  1.,   1.,   2.,   8.,  56.,   6.,   1.,  10.,  11., 290.],
        [  0.,   3.,   2.,   8., 243.,   5.,   2.,   6.,  14.,  19.],
        [ 22.,   3., 277.,  28.,   6.,   8.,   1.,   6.,  23.,   1.],
        [  1., 296.,   6.,   8.,   1.,   4.,   4.,   2.,  14.,  10.],
        [  1.,   1.,  77.,   2.,  18.,   1.,  11., 286.,   7.,  11.],
        [  2.,  15.,   2., 299.,   0.,  18.,   2.,   0.,   6.,  11.],
        [  0.,  51.,   5.,   6.,   1.,  10., 227.,   1.,  18.,  10.]],
       device='cuda:0')
Epoch 6 | Batch 900
Switching label layer to Inference Mode (LIF)...
Epoch 6 DONE | Test Acc: 77.41% | Time: 776.2s
Switching label layer back to Training Mode (Clamp)...
tensor([[  2.,   5.,   6.,   7.,   2.,   5., 300.,  10.,  16.,   3.],
        [  0.,   0.,  28.,  13., 259.,   7.,   3.,  28.,  12.,  15.],
        [ 19.,   0.,   0.,  12.,   4., 284.,   0.,  31., 108.,  17.],
        [  4.,   2.,   0.,   4.,  20.,   2.,   0., 312.,   3.,  30.],
        [  1.,   3.,   0.,   5.,  15.,   2.,   6.,  22.,   8., 297.],
        [  4.,   2.,   3.,   6.,   4.,   8., 306.,   8.,  10.,   5.],
        [  0.,   9.,   8., 251.,   0.,   5.,   2.,   5.,   8.,   4.],
        [ 20.,   2.,  35., 273.,   4.,  13.,   0.,   3.,   5.,   1.],
        [  3., 296.,   3.,  10.,   0.,   1.,  10.,   7.,  37.,   3.],
        [  1., 304.,   6.,  13.,   0.,   5.,  17.,  24.,  64.,   9.],
        [ 12.,   0.,   0.,   1., 298.,  10., 101.,  24.,   6.,   2.],
        [ 55.,   1.,   1.,   6.,   0., 263.,   7.,   7.,  29.,   5.],
        [  3.,  10., 252.,  84.,   0.,   7.,   0.,   8.,  35.,   0.],
        [ 14.,   1.,  57., 270.,   0.,  32.,   0.,   4.,   5.,   1.],
        [  0.,   0.,   0.,   6.,   2.,   3.,   0., 264.,   3.,   6.],
        [  5.,   4.,   0.,   3.,   3.,   2.,   2., 305.,   8.,  33.],
        [  6., 105.,   2.,  20.,   1.,   6.,   6.,  13., 248.,   8.],
        [  0.,   1.,   0.,   9.,  25.,   2.,   3.,  14.,   8., 290.],
        [  2.,   2.,   6.,   9.,   9.,   8.,   3.,  39., 275.,  21.],
        [  1.,   5.,   0.,   2.,  14.,  10.,   5.,  17.,  14., 288.],
        [  9.,   0.,  41.,   5., 254.,   2.,   8.,  19.,   4.,   7.],
        [ 37.,   1.,  31.,   3.,   0.,   3., 250.,   7.,   5.,   0.],
        [  0.,  44.,   1.,  15.,   1.,   5.,   2.,  13.,  21., 243.],
        [  5.,  11.,   0.,   5.,   1.,   7.,   0., 297.,  13.,   6.],
        [  2.,   0., 309.,  29.,  15.,   4.,   9.,   4.,   2.,   3.],
        [  4.,   1.,   5., 281.,   0.,   4.,   3.,  13.,  16.,  13.],
        [  2.,   2.,   0.,   4.,   0.,   5.,   1., 312.,  10.,  10.],
        [  7.,   2.,   0.,   4.,  50.,   5.,   5.,  53.,   6., 282.],
        [319.,   0.,   1.,  22.,   0.,  28.,   4.,   5.,   7.,   0.],
        [  2., 307.,   6.,  10.,   0.,   4.,  29.,  14.,  85.,   4.],
        [ 35.,   2.,   1.,   3.,   1., 245.,   0.,  13.,   6.,   1.],
        [  1.,   0.,   0.,   9.,   3.,   3.,   1., 312.,   7.,  35.],
        [ 16.,   1., 287.,  38.,   0.,   7.,   2.,  16.,   9.,   1.],
        [  2., 294.,  14.,  10.,   0.,   2.,   4.,  14.,  34.,   3.],
        [ 10.,   0.,   0.,   4., 289.,   9.,  10.,  19.,  12.,   7.],
        [ 12.,   4.,   2.,  46.,   0., 214.,  42.,   6.,  14.,   3.],
        [  1.,   5., 288.,  19.,   0.,   5.,   1.,  16.,   6.,   2.],
        [ 21.,   0.,  46., 281.,   0.,  25.,   0.,   7.,   7.,   0.],
        [  2.,  10.,   5.,   6., 214.,   4.,  42.,  12.,   6.,   7.],
        [  0.,   4.,   4.,   7.,   3.,   9., 307.,   6.,  15.,   4.],
        [  2., 294.,  17.,  20.,   0.,   3.,   1.,  13., 109.,   3.],
        [  0.,   2.,  10.,  12.,  11.,   0.,   2.,  37.,   5., 256.],
        [ 18.,   0.,   3.,   3., 263.,   6.,  37.,  96.,   8.,   5.],
        [327.,   0.,   0.,  13.,   0.,  21.,   1.,   7.,  20.,   0.],
        [  8.,  12.,   8.,   7.,   3.,   9.,   1.,  11., 211.,  46.],
        [  0., 279.,   1.,   3.,   0.,   0.,   2.,   7.,   4.,   0.],
        [ 17.,   0.,  28.,   4.,   0., 222.,   3.,   9.,  10.,   4.],
        [ 13.,   1.,   2.,  19.,   0., 222.,   6.,  13.,  12.,   3.],
        [  3.,   2.,   3.,  49.,   4.,  22.,   2.,   8., 240.,   1.],
        [  2.,   2.,   1.,   4.,  45.,   1.,   6.,  34.,   9., 297.],
        [  6.,   0.,  31.,  21.,   3., 274.,   2.,   4.,  37.,   0.],
        [  2.,   4.,   8., 261.,   0.,   2.,   2.,  23.,   8.,   7.],
        [ 16.,   0.,   0.,  33.,   0., 289.,   4.,   5.,  26.,   1.],
        [  8.,   2.,   3.,   6.,   1.,  14., 298.,   4.,   9.,   4.],
        [ 24.,   1.,   0.,   6.,   4.,   8.,   2., 302.,   4.,  43.],
        [323.,   0.,   0.,   3.,   0.,   9.,   0.,   5.,   6.,   0.],
        [  3.,   6.,   0.,   2.,   8.,  33.,   3., 294.,   7.,  21.],
        [  1., 292.,   2.,   6.,   0.,   2.,  11.,  24.,  15.,   5.],
        [  1., 304.,   3.,   9.,   0.,   1.,   6.,  20.,   9.,   3.],
        [329.,   0.,   0.,   3.,   0.,  15.,   1.,   4.,  16.,   0.],
        [  0.,   0.,  14.,  10.,  17.,   3.,   5.,  17.,   5., 252.],
        [  2.,  14.,   9.,  27.,   3.,   7.,   4.,  13., 284.,   3.],
        [  2., 307.,   5.,  11.,   0.,   2.,  12.,  23.,  23.,   5.],
        [320.,   0.,   1.,  36.,   0.,  21.,   0.,  15.,  15.,   0.]],
       device='cuda:0')
Epoch 7 | Batch 0
tensor([[  0.,   5.,   9.,   4.,   9.,   3.,   1., 308.,   4.,  10.],
        [ 44.,   2.,   6.,   4.,  14.,   6.,   1., 309.,   3.,   3.],
        [  0.,   4.,  16., 282.,   2.,  52.,   5.,   4.,   2.,   1.],
        [  0., 293.,  17.,   9.,   4.,   7.,   6.,  13.,   7.,   3.],
        [  1.,   6.,   8.,   4.,   7., 247.,   0.,  23.,  49.,   4.],
        [  0.,   3.,   5.,   7.,  57.,   8.,   0., 308.,   4.,   5.],
        [153.,   0., 245.,   2.,   3.,  11.,   1.,  19.,   4.,   1.],
        [  0., 287.,  14.,  10.,   9.,   8.,   2.,  15.,   8.,   3.],
        [  0., 277.,  15.,   8.,   3.,   5.,   1.,   6.,  23.,   2.],
        [  0.,   0.,  14.,  11.,   7.,   6.,   0., 315.,   4.,   7.],
        [  0., 273.,   8.,   3.,   4.,   3.,   1.,   7.,   5.,   2.],
        [ 10.,   1.,  13.,  28.,   0., 242.,  23.,   2.,   8.,   6.],
        [  0.,   5.,   7.,   4.,  23.,   2.,   0.,  45.,   4., 281.],
        [  0.,   8.,  32.,   8.,  14.,   7.,   1., 313.,   2.,  11.],
        [  0., 249.,   4.,   1.,   1.,   1.,   0.,   6.,   1.,   2.],
        [  0., 286.,   8.,   7.,   5.,   5.,   1.,  20.,   6.,  14.],
        [  0.,   1.,  11.,   6.,   7.,   2.,   1., 309.,   3.,   5.],
        [  1.,   1.,   8., 276.,   4.,  11.,   0.,   7.,   4.,   2.],
        [309.,   1.,  54.,   2.,  15.,   6.,  12.,   5.,   1.,   0.],
        [190.,   3.,  23.,  27.,  12.,  32.,   4.,  16.,   8.,   5.],
        [  8.,   3.,  12.,  20.,  17.,   9.,   5.,   6., 279.,   8.],
        [ 38.,   4.,  10.,   2.,  53., 285.,   2.,   7.,   1.,   1.],
        [  0.,   4.,  11.,  10.,   6.,   3.,   2.,   3.,   3., 204.],
        [  0.,  10.,   5.,   4.,  26.,   8.,   1., 313.,   4.,   1.],
        [290.,   0.,  10.,  23.,   2.,  61.,   0.,   8.,   4.,   0.],
        [  0., 275.,   8.,   3.,   4.,   3.,   3.,  11.,   3.,   6.],
        [295.,   4.,  11.,   1.,  11.,  11.,   3.,  22.,   1.,   2.],
        [  6.,   5.,  21.,  57.,   1., 253.,   5.,   7.,   6.,   1.],
        [  0.,   1.,  12.,   3.,  10.,   9., 293.,   1.,   5.,   3.],
        [ 45.,   3.,  15.,  11.,   8.,   2., 162.,   2.,  27.,   1.],
        [  4.,   3., 285.,  13.,   7.,   5.,   0.,  22.,   6.,   1.],
        [  0.,   5.,   6.,   9.,  67.,   6.,   0., 285.,   7.,   9.],
        [299.,   3.,   8.,   5.,  14.,  52.,   0.,   4.,   9.,   0.],
        [  0.,   6.,   1.,   5., 289.,  13.,   1.,  14.,   7.,  12.],
        [  0.,   0.,  15.,   2.,  15.,   2., 303.,   2.,   3.,   5.],
        [  5.,   2.,   2.,  13., 271.,   7.,   3.,  15.,   5.,   5.],
        [  9.,   4.,   8.,   0., 243.,   6.,  24.,   6.,  11.,   2.],
        [  7.,   2.,  15., 295.,   1.,  31.,   6.,   4.,   4.,   0.],
        [  2.,   4.,   7.,   6.,  26.,   9.,   1.,  20., 282.,  14.],
        [263.,   0.,  17.,   8.,   0.,   1.,   0.,   7.,   4.,   0.],
        [  0.,   4.,  51.,  28.,   5.,   7.,   0., 305.,   3.,   1.],
        [144.,   2.,   4.,   3.,  27.,  31.,   2., 309.,   1.,  11.],
        [  0.,   4.,   5.,  15.,  24.,   4.,   0., 310.,   4.,   3.],
        [  1.,   6.,  15.,  11.,  14.,  14.,   1.,   8., 267.,   5.],
        [143.,   3.,  24.,   2., 259.,   3.,   1.,  13.,   4.,   0.],
        [  0.,   2., 315.,   8.,  14.,   2.,   3.,   2.,   1.,   0.],
        [  0.,  15., 290.,   8.,   4.,   7.,   7.,  11.,   1.,   0.],
        [  0.,   2., 308.,   5.,   7.,   3.,   8.,   5.,   1.,   0.],
        [  0.,   1.,  10.,   0.,   7.,   2., 269.,   2.,   1.,   1.],
        [  2.,   3.,   8.,   6., 274.,   8.,   1.,   9.,   8.,  21.],
        [  0.,   2.,   8.,  24.,   5., 267.,   0.,   9.,   6.,   2.],
        [  0.,   3.,   7.,   7.,  16.,   8.,   0., 315.,   3.,   7.],
        [  0.,   5.,   8.,   9.,  12.,   5.,   2.,  57., 254.,  10.],
        [  0., 260.,  11.,  11.,   4.,   3.,   0.,   6.,   5.,   1.],
        [  0.,   2.,   2., 173.,   1.,   2.,   0.,   9.,   1.,   3.],
        [  0.,  11.,  11.,  29.,   1.,  10.,   5.,  17., 204.,   3.],
        [  0.,  10.,   4.,   7.,  30.,   9.,   0.,  47.,   6., 217.],
        [ 32.,   6.,   6.,   2.,   4., 220.,   0.,   6.,   8.,   0.],
        [  2.,   2.,  12.,   3.,   9.,   6.,   2., 231.,   5.,   0.],
        [  0.,   1.,  10.,   6.,   5.,   4.,   1., 306.,   4.,   4.],
        [ 90.,   0.,   3.,   7.,  14.,  10.,   3., 283.,   3.,  19.],
        [  1.,   2.,   5.,   1., 273.,   1.,  14.,  27.,   4.,   6.],
        [  0.,  19.,   7., 275.,   6.,   8.,   1.,  20.,   7.,  34.],
        [  2.,   2.,  10.,  23.,  10.,   3.,   2.,  17., 281.,   8.]],
       device='cuda:0')
Epoch 7 | Batch 100
tensor([[  0., 301.,  22.,   4.,   0.,   3.,  12.,   5.,   9.,   6.],
        [  2.,  13.,  36.,   3.,   1.,  11., 270.,   1.,   0.,   8.],
        [  5.,  13.,  12.,   1.,  13.,   3., 296.,   6.,   0.,   8.],
        [  0.,   6.,  10.,   7.,   0.,   4.,   4., 292.,   1.,  14.],
        [324.,   0.,   0.,  74.,   0.,  17.,   3.,   3.,   0.,   0.],
        [  1.,  10.,  19.,   3.,   3.,   3.,  29.,   3., 286.,   3.],
        [294.,   9.,   4.,  44.,   0.,  11.,  23.,   3.,   1.,   3.],
        [  2.,  16.,   8., 291.,   0.,   8.,   3.,   3.,   0.,   1.],
        [302.,   6.,   3.,  23.,   0.,   9.,  13.,   1.,   0.,   2.],
        [  0.,   2.,   2.,  16.,   2., 280.,   4.,   3.,  14.,   5.],
        [  0.,  26.,   6.,   7.,   1.,   2.,   9., 293.,   0.,   8.],
        [ 14.,   8.,   1.,  22.,   9.,   3.,  66.,  65.,   0.,  11.],
        [  0.,  91., 291.,  54.,   0.,   4.,  45.,   8.,   1.,   2.],
        [  0.,  14.,   6.,   7.,   2.,  31.,  17.,   6., 282.,  12.],
        [314.,   2.,   7.,   0.,   0.,   8.,   5.,   1.,   0.,   0.],
        [  0.,  12.,   5.,  35.,   0.,  13., 283.,   2.,   3.,   6.],
        [315.,   2.,  14.,   0.,   0.,   4.,   3.,   3.,   0.,   0.],
        [  1.,  14.,   3.,   4.,   1.,  25., 161.,   2.,   2.,   3.],
        [  3.,  22.,  57.,   1.,   1., 143.,   7.,   7.,   3.,   3.],
        [  0.,  51.,  12.,  11.,   0.,   4.,  12.,   4., 269.,   4.],
        [  0., 308.,  16.,   9.,   0.,   3.,  11.,   5.,  19.,   7.],
        [  0.,   5.,   3.,  23.,   2., 280.,   9.,   1.,  18.,   2.],
        [  3.,   5.,   4., 310.,   2.,  57.,  25.,   3.,   0.,   6.],
        [  0., 302.,   5.,  11.,   0.,   5.,  12.,   7.,   3.,   3.],
        [  0., 311.,  14.,   7.,   0.,   4.,  19.,   4.,  17.,   4.],
        [ 45.,   5.,  27., 279.,   1.,   7.,   8.,   4.,   0.,  64.],
        [  0.,  13.,   8.,   8.,   0.,   3.,  11., 292.,   4.,  12.],
        [  3.,   7.,   3.,   3., 255.,   2.,  21.,  22.,   6.,  40.],
        [  0.,   8.,   3.,   4.,   3.,   7.,  15., 287.,   0.,  29.],
        [  0., 294.,   7.,   5.,   0.,   5.,   8.,   4.,   8.,   4.],
        [  2.,  11.,   7.,   3.,   0.,   8.,  27.,   5., 276.,  15.],
        [  0., 290.,  10.,  12.,   0.,   5.,  17.,   5.,  11.,   6.],
        [  0.,  10.,   2., 287.,   1.,  38.,  12.,   2.,   2.,   6.],
        [ 17.,  14.,   9.,   4.,   1.,  12., 278.,   3.,   0.,   4.],
        [  0.,  45., 304.,   8.,   0.,   1.,  18.,   2.,   1.,   4.],
        [  0.,  10.,   9.,   8.,   0.,   1.,   7., 288.,   1.,  10.],
        [  0., 290.,  14.,   3.,   0.,   2.,   8.,   2.,   9.,   4.],
        [  1.,  19.,  12.,   5.,   0.,   5.,  19.,   5., 280.,   6.],
        [311.,   3.,  25.,   0.,   0.,   1.,   6.,   2.,   0.,   2.],
        [  1.,   4.,   2., 302.,   3., 215.,  13.,  10.,   0.,   4.],
        [ 33.,   6.,  10.,   1.,   0.,  52.,   9.,   3., 276.,  45.],
        [  0.,  18.,   3.,   6.,   4.,   7.,  10.,   6.,   0., 224.],
        [  0.,   8.,   7.,   5.,  13.,   3.,   9.,   4.,   2., 299.],
        [  0., 305.,  20.,   5.,   0.,   4.,  11.,   3.,  11.,   7.],
        [  0., 298.,   4.,  12.,   0.,   4.,  12.,   7.,   3.,   2.],
        [  1.,  12.,  26.,   8.,   3.,   3.,   9.,   2., 111.,   5.],
        [275.,   4.,   4.,   0.,   0.,   6.,   2.,   6.,   0.,   9.],
        [307.,   3.,   1., 116.,   0.,  38.,   7.,   2.,   0.,   2.],
        [  0.,   2.,   3.,   0., 222.,   2.,   7.,   3.,   4.,   3.],
        [  2.,  10.,   6.,   2.,  18.,   0.,  22.,  55.,   2., 299.],
        [  0.,  10.,   6.,  10.,   0.,  16., 238.,   1.,   1.,   4.],
        [  0.,  10.,  12.,   2.,  28.,   2., 253.,   2.,  37.,   8.],
        [  0.,  44.,  15.,   5.,   2.,   5., 281.,   4.,  10.,   4.],
        [  0., 310.,  12.,   9.,   0.,   3.,  23.,   5., 105.,   5.],
        [  0.,  63., 246.,  12.,   0.,   3.,   3.,   3.,   5.,   4.],
        [ 43.,   7., 251.,   1.,   0.,   7.,  55.,   0.,   0.,   1.],
        [  0.,  88., 230.,  10.,   0.,   7.,   7.,   3.,   4.,   3.],
        [  0.,  18.,   7.,   4.,   3.,   2.,  15.,  12.,   1., 291.],
        [  2.,  14.,  36.,   4.,   0.,   2.,  31.,   3., 291.,   3.],
        [  0.,  47., 302.,  14.,   1.,   2.,  20.,   2.,   0.,   3.],
        [  0.,  56., 290.,  11.,   0.,   4.,  11.,   0.,   1.,   5.],
        [  3.,   7., 307.,   2.,   2.,   0.,  19.,   1.,   0.,   2.],
        [  1.,   9.,  47.,  11.,   0.,   5., 250.,   2.,   1.,  27.],
        [  1., 255.,   6.,  13.,   0.,   8.,  23.,  12.,   5.,   2.]],
       device='cuda:0')
Epoch 7 | Batch 200
tensor([[  1.,   9.,  15.,   6.,   2.,   6., 274.,   6.,   4.,   6.],
        [  0.,  34.,  38.,   9.,   0.,   5.,   0., 284.,  14.,   8.],
        [  2., 303.,   7.,  11.,   0.,   0.,   2.,  19.,   5.,   7.],
        [  8.,  11.,   8.,  17.,   4.,  78.,   1.,   4., 220.,   4.],
        [ 25.,   2.,   4.,  33.,   2., 141.,   4.,   8.,  10.,   8.],
        [  2.,   2.,  17.,   4., 287.,   1.,  17.,  12.,   2.,  15.],
        [  1.,   3.,  14.,   5.,   6.,   1.,   5.,  20.,   4., 273.],
        [  0.,  11.,  14.,   6.,  86.,   2., 280.,   8.,   6.,  11.],
        [  4.,   4.,  29.,   4.,   4.,   2., 302.,   5.,   3.,  13.],
        [ 14.,   7.,   3.,  30.,   2.,  22.,  14.,   2., 270.,   5.],
        [  2.,   7.,   9.,   7., 230.,   9.,   9.,   9.,   3.,  10.],
        [  1.,  13., 299.,   9.,   0.,   3.,  28.,   2.,   8.,   6.],
        [  2.,  28., 295.,  20.,   0.,   2.,  21.,   5.,   4.,   2.],
        [ 23.,   6.,   1., 264.,   0.,  14.,   0.,   4.,  34.,   3.],
        [  8.,   5.,  77.,   1.,   6.,   1., 300.,   6.,   2.,   3.],
        [ 51.,   2., 301.,   3.,   0.,   0.,  80.,   4.,   0.,   4.],
        [  0.,   8., 252.,   3.,   0.,   1.,   9.,  14.,   3.,   6.],
        [  0.,   0.,   5.,  39.,  19., 212.,   0.,   4.,   4.,   2.],
        [ 47.,   7.,   1.,  10.,   0.,   3.,   4.,  49., 257., 111.],
        [ 34.,   9.,  13., 313.,   0.,  19.,   3.,   4.,   0.,   0.],
        [  0., 196.,   4.,   7.,   9.,   1.,   7.,   3.,   5.,   3.],
        [ 11.,   3.,   2.,  19.,   3.,  18., 260.,   4.,  39.,   6.],
        [  4.,   5.,   2.,  26.,   2.,  10., 258.,   8.,   8.,   5.],
        [ 30.,   8.,  52.,   0.,   0.,   1., 296.,   7.,   4.,  22.],
        [  1., 279.,   2.,   3.,   0.,   0.,   0.,   7.,   1.,   3.],
        [ 24.,   5.,   2.,   4.,   0.,   0.,   1., 303.,   2.,  26.],
        [  3., 306.,   7.,   8.,   0.,   3.,   3.,  10.,   6.,   6.],
        [  3., 305.,   8.,   9.,   1.,   2.,   2.,  15.,   6.,   7.],
        [  5.,   2.,   5.,  92.,   3., 190.,   7.,   9.,  48.,  10.],
        [ 17.,  16.,   6.,   2.,   2.,   3.,   3.,  13., 252.,  36.],
        [ 29.,   3.,   7., 307.,   0.,  10.,   1.,   2.,   3.,   1.],
        [  4., 146.,  10.,  13.,   2.,   3.,   2.,   8., 137.,   7.],
        [  1.,  17.,   8.,   7., 267.,   1.,   8.,  21.,   7.,   6.],
        [  0.,  13.,   9.,  10.,  33.,   0.,   2., 301.,   2.,  18.],
        [  1.,   3.,   0.,   8., 257.,   2.,   2.,  21.,   6.,  25.],
        [  1.,   5.,  31.,   5.,   5.,   3., 307.,   5.,   1.,   5.],
        [ 36.,   1.,   0.,  91.,   0., 268.,  11.,   9.,  73.,   3.],
        [  0.,   3.,   1.,   8.,   2.,   2.,   2., 248.,   1.,   4.],
        [  5.,  13.,  36.,  59.,   0.,   0.,   1.,  18., 231.,  10.],
        [  0.,   3.,   7.,   9.,   0.,   1.,   0., 286.,   2.,  11.],
        [  0.,  20.,   7.,   5.,   4.,   7.,   1., 299.,   3.,  33.],
        [  1.,   3., 290.,   8.,   4.,   2.,  10.,  11.,   4.,   7.],
        [  8.,   5.,   2.,  11.,   1.,   1.,   3., 300.,   2.,   7.],
        [  0.,   5.,  35.,   8., 101.,   0., 299.,  15.,   1.,   9.],
        [257.,  11.,   8.,   1.,   0.,  57.,  14.,   9.,   1.,   3.],
        [258.,   8.,   5.,   4.,   0.,  98.,   6.,  15.,   3.,   0.],
        [  2.,   1.,   2., 287.,   1.,   3.,  16.,  20.,   3.,   4.],
        [304.,   3.,   0.,  26.,   0.,  14.,   4.,   6.,  17.,   6.],
        [323.,   5.,  15.,   0.,   0.,   1.,  92.,  20.,   0.,   0.],
        [  0.,   5.,   6.,   9.,   3.,   1.,   3., 304.,   4.,  13.],
        [157.,   2., 106.,  95.,   0.,  17.,   1.,  13.,  10.,   3.],
        [  0.,   4., 291.,  19.,   3.,   1.,  20.,   5.,   1.,  14.],
        [  1.,   8.,  12.,   3.,  16., 280.,   6.,  10.,   5.,   2.],
        [  0.,   4.,   3.,   7., 241.,   4.,   4.,   9.,   1.,  17.],
        [  6., 304.,  10.,   5.,   1.,   1.,   1.,  11.,   7.,   8.],
        [  4., 304.,   8.,   9.,   0.,   2.,   1.,  11.,  10.,   5.],
        [  9.,   1.,   2.,  67.,   2., 238.,   1.,   8.,  60.,   2.],
        [  6.,   1.,   6.,  43.,   8.,   7.,   9.,  15., 139.,  13.],
        [ 19.,   2.,   1.,  22.,  11., 234.,   1.,   4.,  13.,   8.],
        [115.,   1., 218., 138.,   2.,   5.,  10.,   2.,   2.,   2.],
        [  3., 302.,   5.,  15.,   1.,   0.,   3.,  10.,   5.,   7.],
        [  4.,  44.,  30.,   4.,   0.,  34.,   0.,  14., 271.,   6.],
        [  8.,   4.,   3.,   5.,   3.,   2.,   3., 292.,   1.,  37.],
        [ 12.,  13.,   5.,   4.,   0.,   5.,   0., 303.,  15.,   4.]],
       device='cuda:0')
Epoch 7 | Batch 300
tensor([[  6.,   0.,  11.,   0.,  13., 279.,  11.,   1.,  11.,  15.],
        [  5.,   0.,   9.,   0., 280.,   4.,  23.,   4.,   0.,  21.],
        [ 14.,   0.,   1.,   0.,  12.,   9.,   4.,  32.,   7., 259.],
        [  2.,   2.,   1.,   8.,  17.,   2.,   6., 280.,   6.,  36.],
        [ 10.,   0.,   4.,   0.,  11., 269.,   1.,   2.,   9.,   9.],
        [  2., 264.,   3.,  16.,   4.,   0.,   4.,   4.,   7.,  10.],
        [  4.,   2.,   7.,   0.,  13.,   4.,   9.,   3., 296.,  18.],
        [  8.,   0.,   1.,   2.,   4., 270.,   6.,   3.,   5.,   7.],
        [  7.,  40.,  10.,  85.,   4.,   3.,   7.,   5., 273.,  13.],
        [  1.,   0.,  36.,  51.,  10., 230.,  25.,   1.,  12.,   4.],
        [131.,   2.,  30.,  12.,   9.,   4.,   8.,  13.,  11.,  18.],
        [ 39.,   0.,   2.,   7.,   6., 287.,  13.,   1.,   3.,  11.],
        [  0.,   5.,  13.,  14.,   5.,   3.,   3., 277.,  12.,  25.],
        [  2.,   1.,   1., 158.,   3.,  15.,   4.,   6.,  14.,   7.],
        [ 78.,   2.,  19.,   6.,   5.,   2.,  13.,   4., 244.,   6.],
        [  2.,   2.,  25.,   0.,  24.,   0., 308.,   5.,   7.,  19.],
        [  0.,   1.,   0.,   1., 238.,   1.,   7.,  17.,   8., 102.],
        [  4.,   0.,  12.,   0.,   8.,   1., 305.,   3.,   5.,  14.],
        [  0.,  81., 231.,  27.,   1.,   4.,  44.,   2.,   4.,   6.],
        [  6.,  10.,  19., 260.,   7.,   3.,  26.,   3.,  21.,   6.],
        [  2.,   0.,   4.,   0., 281.,   2.,   8.,  38.,   4.,  28.],
        [  0.,   2., 293.,   0.,  46.,   0.,  51.,   0.,   5.,  14.],
        [  3.,   0.,  29.,   0.,  24.,   4.,  13.,  11.,   6., 264.],
        [ 17.,   0.,   3.,   0.,  27.,   0.,   5.,  27.,   1., 270.],
        [  1.,   4.,   2.,   5.,  13.,   1.,   5.,  64.,  16., 291.],
        [  7.,   1., 164.,   5.,   2.,   6.,  63.,   0.,   5.,   6.],
        [  5.,   2.,   1.,   0.,   8.,   4.,   2.,  30.,  22., 287.],
        [ 34.,   0., 264.,   0.,   3.,  13.,  20.,   3.,  16.,  21.],
        [  5.,   0.,   6.,   0., 270.,   1.,  10.,  12.,   5.,  23.],
        [ 21.,   2.,   4.,   0.,   5.,   2.,   4., 302.,   4.,  11.],
        [  9.,  23.,   2.,   0.,  22.,   1.,   6.,  20.,   5., 230.],
        [  1.,  10.,   1.,   1.,   9.,   3.,   4.,  22.,   6., 256.],
        [ 33.,   0.,   6.,   0., 232.,   1.,  17.,  14.,  30.,  35.],
        [  0.,   1., 231.,   5.,   7.,   1.,  10.,   4.,   8.,  10.],
        [  0.,   0.,   7.,  11.,   8.,   0.,   2., 311.,   3.,  20.],
        [323.,   0.,   2.,   2.,   6.,   2.,   8.,   1.,   1.,  12.],
        [  4.,   0.,  14.,  88.,   5.,   2.,   3., 302.,   5.,  25.],
        [  5.,   0.,  25., 283.,  12.,  19.,   2.,  11., 139.,   3.],
        [  1.,   1.,   1.,   0.,  22.,   2.,   6.,  43.,   8., 290.],
        [  1.,   5., 298.,  52.,   1.,   3.,  24.,   2.,  28.,   5.],
        [  0.,   0.,   3.,   0., 257.,  11.,  10.,  10.,   5.,  41.],
        [  4.,   6.,   4.,   8.,  10.,   6.,   6.,   7., 268.,  13.],
        [  1.,   2.,  19.,   0.,  34.,   1., 290.,   2.,   5.,  10.],
        [  2.,   0.,   3.,   0., 289.,   0.,   8.,  16.,   4.,  25.],
        [  3.,   3.,   5.,   0.,  10.,   3.,  10.,  18.,  17., 266.],
        [  2.,   0.,   2.,  18.,  11., 257.,   1.,   4., 183.,   6.],
        [  0.,  31.,   3.,  94.,   6.,   2.,   2., 280.,  10.,  17.],
        [  7.,   0.,   3.,   0.,  21.,   4.,   4.,  15., 289., 140.],
        [  0.,   3., 270.,  16.,   4.,   7.,  55.,   4.,  72.,   8.],
        [ 15.,   0.,   1.,   0.,  19.,   1.,   1., 304.,   4.,  55.],
        [  2., 283.,   1.,  17.,   8.,   0.,   6.,   9.,   8.,  14.],
        [  1.,   0.,   8.,   0., 278.,   5.,   4.,  13.,   2.,  17.],
        [  0.,   1.,  33.,   0.,  22.,   1., 305.,   2.,  11.,  16.],
        [ 39.,   0.,   2.,   0., 250.,   2.,   8.,  14.,   1.,  53.],
        [  0.,   1., 257.,   2.,   8.,   2.,  30.,  11.,  10.,  15.],
        [  0.,   0.,  75.,   0., 255.,  11.,  12.,  19.,   2.,  23.],
        [  0.,   0.,   2.,   2., 161.,  10.,   5.,   4.,   3.,  30.],
        [  0.,  58.,   7.,   2.,   9.,   1., 193.,   4.,   7.,   9.],
        [  0.,   0.,   3.,   5.,   6.,   0.,   2., 312.,   2.,  15.],
        [313.,   0.,   5.,   1.,   6.,   6.,  17.,   3.,   6.,  12.],
        [309.,   1.,  11.,   0.,   8.,   5.,  10.,   8.,   2.,  16.],
        [  0.,   1.,  26.,   0.,  17.,   2., 283.,   3.,   3.,   8.],
        [  5.,   1.,  11.,   0.,   6.,   2., 312.,   2.,   4.,  12.],
        [103.,   0.,   4.,   0.,  22.,   0.,   7.,   4.,   2., 230.]],
       device='cuda:0')
Epoch 7 | Batch 400
tensor([[  1.,  13.,  22.,  10.,  17., 257.,   5.,   4.,   3.,   0.],
        [  1.,  43.,  28.,  27.,   9.,   2.,  10., 175.,   7.,  51.],
        [  1., 297.,   5.,  14.,   2.,   3.,  14.,   6.,   2.,   6.],
        [  1.,  15., 293.,  19.,   0.,   3.,  12.,   1.,   8.,   0.],
        [  7.,   1., 300.,  19.,   0.,   5.,   1.,   2., 129.,   0.],
        [  0.,   7.,   4.,  22.,   5.,   3.,   5.,  24.,   7., 275.],
        [ 15.,   2.,   2.,   5.,  44.,   9.,   3., 303.,   0.,  29.],
        [  0.,   3.,   3.,  13., 258.,   3.,  13.,  12.,   7.,  18.],
        [  0.,   5.,  24.,  15.,   5.,   1.,   2., 283.,   5.,   1.],
        [  4.,   3.,  25., 199.,  13.,   1.,  29., 104.,  12.,   3.],
        [  0.,   5.,   1.,  12., 235.,   5.,   6.,  18.,   4.,  10.],
        [  2.,  11.,  15., 149.,   0.,  11.,  13.,   7.,   1.,   7.],
        [  1.,   7.,  12., 248.,   4.,   3.,   2.,   7.,  15.,   0.],
        [277.,   2.,  10.,   7.,   6.,   7.,  93.,   1.,   2.,   2.],
        [  0.,   9., 252.,  15.,   8.,   6.,   6.,   1.,   4.,   0.],
        [  2.,   5.,   7., 222.,  16.,   7.,   4.,   1.,   6.,   0.],
        [  0.,  44.,   8.,  20., 194.,   6.,  17.,   6.,   2.,   7.],
        [  0.,  98.,  87.,   7.,   1., 269.,   2.,   1.,   2.,   0.],
        [  1.,  40.,  13.,   9.,   1.,   4.,   3.,   8., 252.,   0.],
        [318.,   0.,   1.,  21.,   0.,  23.,   3.,   4.,   7.,   0.],
        [  8.,   1.,  28.,  27.,   6.,   8.,   1.,   2., 290.,   0.],
        [261.,   2.,   4.,  10.,   1.,   5.,   2.,   3.,   7.,   0.],
        [ 55.,   3.,  15.,   5.,  13.,   7., 288.,   4.,   0.,   1.],
        [  1., 308.,  10.,  22.,   1.,   3.,  25.,   5.,   6.,   2.],
        [  0.,   1., 317.,  95.,   2.,   0.,  17.,   1.,   0.,   0.],
        [  3.,   5.,  12.,   8.,   1.,   6.,   3.,   6., 286.,   1.],
        [  0.,  20.,  10.,  13.,   1.,   3., 256.,   2.,   3.,   0.],
        [  0.,   6., 240.,   9.,   7.,   2.,  15.,   3.,   1.,   3.],
        [  8.,   2.,   4., 188.,   8.,   7.,   3.,   4.,   5.,   1.],
        [ 13.,   3.,   0.,   5.,  58.,  36.,   8.,  27.,   2., 273.],
        [  0.,   6., 216.,  12.,  45.,   2.,   6.,   2.,   1.,  45.],
        [  1.,   5.,   6.,   4.,  25.,   6.,   6.,  11.,   1., 272.],
        [ 10.,   2.,  23.,   3.,  70.,   5.,   4.,  12.,   3., 212.],
        [  0.,   3.,   6.,   9.,  21.,   2.,   8.,  27.,   7., 263.],
        [  1.,   3., 304.,  15.,   0.,  10.,  53.,   0.,   3.,   0.],
        [  2.,   5.,  13., 237.,   2.,   9.,   1.,   4.,   3.,  18.],
        [  3.,   6.,   7.,   5.,  12., 288.,   2.,   3.,   5.,   0.],
        [  0.,   0.,   3.,  20., 231.,   1.,   1.,   6.,   0.,  73.],
        [  1., 301.,  14.,  21.,   3.,   2.,   9.,   6.,   8.,   2.],
        [  0.,  10.,   4.,  10.,   7.,   5.,  11.,   2.,   4., 245.],
        [  0., 266.,   9.,  10.,   5.,   3.,   5.,   5.,   1.,   0.],
        [  2.,  99.,  14.,   8.,   0.,  22.,   1.,   5., 198.,   0.],
        [  0.,   9.,   7.,  11.,   7.,   7., 275.,   2.,   6.,   3.],
        [  1.,   0.,  10.,   6., 297.,   0.,   5.,  14.,   0.,   9.],
        [  0.,  10.,   2.,  14.,  12.,  10.,   6.,  15.,   7., 231.],
        [ 46.,   4.,  57., 261.,   4.,  12.,   3.,   2.,   1.,   1.],
        [  0.,  30.,   6.,  16.,   2., 206.,   4.,   2.,   8.,   1.],
        [  1.,   8.,  15.,  12.,   9., 277.,   4.,   3.,   2.,   0.],
        [  0.,  65.,   8.,  40.,   1.,   5., 289.,   3.,   4.,   1.],
        [  0.,   2.,   7.,  14.,   9.,   1.,   2., 304.,   1.,   4.],
        [163.,   3.,  11.,  14.,   2.,  35.,   4.,   3.,   2.,  10.],
        [  5.,   1.,  32.,  14.,   7.,   4.,  53.,   1., 262.,   0.],
        [  0.,  23.,   8.,  23.,   5.,  11., 288.,   3.,   5.,   2.],
        [  7.,   1.,   3.,  14.,   9., 265.,   2.,   5., 118.,   4.],
        [ 12.,   0.,   8.,  39.,   5., 234.,   4.,   0.,   4.,   4.],
        [276.,   0.,   6.,  16.,   4.,   4.,  13.,   2.,   5.,   0.],
        [317.,   0.,   4.,  15.,   1.,  19.,   6.,   3.,   0.,   0.],
        [ 11.,  10.,   5.,   5.,  17.,   0., 280.,   5.,   6.,   1.],
        [  6.,   6.,   3.,   5.,  75., 270.,   4.,   2.,   2.,   0.],
        [ 86.,   1.,   3.,   2.,  43.,   5.,   1.,  21.,   1., 221.],
        [  0., 278.,   7.,  10.,   2.,   1.,   7.,   3.,   1.,   0.],
        [ 26.,   2.,   8.,  26.,   5., 269.,   5.,   2.,   1.,   1.],
        [  2.,   1.,   5.,   7., 265.,   3.,   2.,  10.,   1.,  33.],
        [  0.,  10.,   1.,  39.,  30.,  39.,   4.,  67.,  10.,  71.]],
       device='cuda:0')
Epoch 7 | Batch 500
tensor([[  4.,   1.,   1.,   0.,  10., 292.,   0.,   2.,   6.,  15.],
        [  0.,  23.,   5.,   5.,   7.,   4.,   0.,  30.,  20., 194.],
        [  3.,   1.,   1.,  25.,  13., 290.,   3.,   0.,  20.,   1.],
        [ 16.,   0.,   3.,   0., 266.,   6.,  53.,   1.,   4.,   3.],
        [  0., 273.,   8.,   6.,   4.,   6.,   7.,   4.,  14.,   7.],
        [  0., 103.,   6.,   3.,  19.,   7.,   1., 108.,  27.,   5.],
        [  1., 289.,  12.,   9.,   3.,   3.,   1.,  12.,  15.,   3.],
        [  0.,   2.,  12.,   1.,  16.,   6., 295.,   0.,  15.,   2.],
        [  0.,  33.,   2.,   1., 238.,   3.,  15.,   1.,   8.,   3.],
        [  3.,   6.,  11., 280.,   2.,   7.,   2.,   2.,  13.,   1.],
        [  0.,   3., 271.,   0.,   9.,   3.,   0.,   2.,  14.,   3.],
        [  0.,   8., 278.,   0.,   5.,  18.,  45.,   1.,  20.,   3.],
        [309.,   1.,  10.,   1.,   4.,  38.,   1.,   0.,   7.,   0.],
        [  3.,  67.,  59.,   2.,   2.,   2.,   0.,  56., 280.,   4.],
        [305.,   0.,  14.,  61.,  90.,  16.,   0.,   0.,   4.,   0.],
        [311.,   0.,   1.,   0.,   7.,  16.,  19.,   0.,   8.,   0.],
        [303.,   0.,   4.,   0.,   8.,  10.,   7.,   0.,   9.,   1.],
        [  2.,   7., 272.,   2.,   2.,   7.,   0.,  37.,  14.,   1.],
        [  0., 278.,  22.,  13.,  14.,   1.,   0.,  36.,  26.,   3.],
        [  3.,   6.,   4.,   1.,   6., 291.,   0.,  12.,  10.,   3.],
        [  0.,   1.,   5.,   0.,  16.,   5., 257.,   4.,   7.,   3.],
        [  0., 284.,   3.,   5.,   4.,   2.,  16.,   4.,  10.,   5.],
        [  6.,   4.,  11.,   1.,   7.,   6.,   1.,   7., 302.,   4.],
        [  1.,   7.,   3., 206.,   6.,  10.,   0.,  15.,  14.,  11.],
        [300.,   0.,   0.,   2.,   2.,  17.,   5.,   2.,   8.,   1.],
        [  8.,   0.,   5.,   0.,   7., 281.,   1.,   1.,   5.,   0.],
        [  1.,   2.,   1.,   0.,  18., 279.,   0.,   3.,   5.,   2.],
        [ 67.,   0.,   0.,   0.,   8.,   1.,   0., 147.,   0.,   0.],
        [  7.,   0.,   0.,   0., 251.,  34.,  20.,   2.,  10.,  13.],
        [  1.,   5.,   8., 272.,  11.,  11.,   0.,   3.,  26.,   0.],
        [  0.,   3.,  13.,   1.,   6.,   6., 283.,   3.,  13.,   2.],
        [  0.,   2.,  16.,   5.,  13.,   4.,   0., 306.,   4.,  25.],
        [  0., 277.,   4.,  15.,   3.,   1.,   2.,  11.,   8.,   2.],
        [  0.,   4.,   1.,   0.,  16.,   8.,   0.,  12.,  11., 293.],
        [  0.,   3.,  10.,   0., 288.,   4.,   2.,   6.,   4.,  21.],
        [  0.,   1.,  12.,   0., 233.,   3.,   0.,  20.,   9.,  20.],
        [  0.,   3.,   4.,   0.,  15.,   5.,   5.,   8.,  13., 283.],
        [  2.,  18.,   7.,   0.,   5.,   3.,   1.,  11., 272.,   8.],
        [  9.,   1., 285.,   2.,  13.,   2.,   6.,   2.,   5.,   2.],
        [  0.,   7.,  32.,   0.,  12.,   3.,   0., 296.,   5.,  33.],
        [  0.,   2.,   1.,   0., 253.,  20.,   6.,  18.,   9.,  19.],
        [ 14.,   3.,  81.,   0.,   7.,  37.,   0.,   5., 118.,   0.],
        [ 19.,   1.,   1.,   0.,  24.,   6.,   0.,  24.,  19., 286.],
        [ 52.,   0., 130.,   0.,  43.,   6., 210.,   0.,   2.,   0.],
        [ 54.,   0.,   1.,   2.,   6.,   7.,   0., 276.,   3.,   5.],
        [  3.,   4.,  13., 281.,   7.,   8.,   0.,   1.,  18.,   0.],
        [  0.,   4.,  26.,   4.,  11.,   4.,   0., 301.,   3.,  29.],
        [ 42.,   0., 295.,   7.,  16.,   2.,   1.,   1.,  12.,   2.],
        [ 19.,   9.,  86.,   2.,   1.,  10.,   0.,  10.,  26.,   4.],
        [ 57.,   0.,   4.,   0.,  20.,   1.,   3.,   6.,   8., 242.],
        [230.,   2.,   1.,  11.,   2.,  33.,   3.,  12.,  54.,   3.],
        [  5.,   6.,   3.,   1.,   8.,   3.,   0., 301.,   7.,  14.],
        [ 57.,   3., 183.,   0.,   3.,   9.,   0.,   8.,   5.,   2.],
        [  1.,   7.,  55., 285.,   4.,  11.,   0.,   2.,  16.,   2.],
        [  0.,   1.,  10.,   1.,  19.,   8., 293.,   1.,  20.,   3.],
        [313.,   0.,   3.,   0.,   3.,   9.,   7.,   0.,   9.,   0.],
        [  3.,   3.,   6.,   0.,  13.,   6., 252.,   6.,   6.,   7.],
        [  0., 291.,   5.,   5.,   6.,   3.,   6.,  10.,  13.,   6.],
        [ 51.,   1.,   0.,   0.,   8.,  13.,   0., 295.,   5.,  23.],
        [ 45.,   0.,   0.,  10.,   3., 282.,   0.,   1.,  20.,   4.],
        [  1.,   8., 281.,   6.,   4.,   6.,  29.,   6.,   8.,   6.],
        [  1.,   2.,   6.,   0.,   8.,   6., 295.,   1.,  18.,   5.],
        [  0.,   1.,   1.,   1., 284.,  15.,   5.,  10.,  18.,  21.],
        [  0.,  22.,   2.,   6.,  10.,   4.,   2., 249.,   5.,   9.]],
       device='cuda:0')
Epoch 7 | Batch 600
tensor([[ 10.,   2.,   0.,  20.,  11., 287.,   2.,   0.,  10.,  21.],
        [  0.,   1.,   0.,  10., 295.,   3.,   0.,  14.,   5., 134.],
        [  1.,  14.,   7.,  11.,   8.,  14.,  51.,   0.,  26.,  60.],
        [291.,   2.,   1.,  12.,   6.,  10.,  14.,   1.,   6.,   8.],
        [ 15.,   4.,  24.,   6., 103.,   0., 282.,   5.,   5.,   7.],
        [  2.,  10.,   2., 302.,   1.,  54.,   0.,   4.,   5.,   8.],
        [  1.,   1.,   1.,  16.,  12.,   0.,   2., 296.,   3.,  32.],
        [  0.,   7.,   0.,   3., 282.,   7.,   6.,   5.,   5.,  26.],
        [ 97.,   3.,  42., 293.,   2.,  38.,   9.,   1.,   3.,   0.],
        [  0.,  47.,   3.,  11.,   5.,   3., 286.,   1.,  15.,   4.],
        [  5.,   2.,   0.,  13.,   6., 261.,  10.,   0.,  10.,   9.],
        [  1.,  11.,   0.,   3.,  14.,   5.,   7.,   5.,   8., 269.],
        [  0.,   3.,   0.,  86.,  41.,  10.,   4., 122.,   4., 301.],
        [  4.,  36.,   6.,   2.,   3., 260.,   2.,   2.,  10.,   5.],
        [  0.,   6.,   0.,  12.,  19.,   7.,   1.,  24.,   6., 298.],
        [ 60.,   0.,   3.,  51.,   5., 280.,   2.,   2.,   3.,   5.],
        [315.,   2.,   1.,   1.,   2.,  65.,   9.,  15.,  11.,   6.],
        [277.,   0.,  44.,  51.,  18.,  27.,  11.,  10.,   6.,   5.],
        [ 12.,   3.,   4.,   5.,  21.,  11.,   6.,   1., 272.,  16.],
        [  0.,   4.,   8.,   4.,   7.,   3., 278.,   0.,   9.,   6.],
        [  9.,   5.,   1.,  25.,   4., 288.,   1.,   9.,  62.,  10.],
        [  0.,   3.,   7.,   4.,  13.,   8., 304.,   1.,   3.,   8.],
        [  0.,   2.,   2.,   1., 288.,   2.,   6.,   1.,   2.,  10.],
        [  7.,   3.,   0.,  18.,   6., 273.,   1.,   1.,   7.,   9.],
        [ 19.,   3.,   1.,   5.,  30., 274.,   3.,   1.,  86.,  22.],
        [  3.,   8.,   1.,   1.,   7.,   1.,   3., 260.,   7.,  25.],
        [  9.,   5., 307.,  15.,  11.,   2.,  11.,   0.,  15.,   1.],
        [ 17.,   2.,   4.,   4.,   6.,  27., 282.,   0.,   2.,   5.],
        [  5.,   6., 265.,  56.,   3.,   6.,   3.,   0.,  57.,   1.],
        [  0.,   0.,   0.,  12., 287.,   3.,   0.,   7.,   3., 103.],
        [299.,   2.,   2.,   4.,   6.,   9.,  18.,   2.,   6.,   3.],
        [  1., 272.,   1.,  11.,   1.,   1.,   3.,   4.,   2.,   4.],
        [ 13.,   9.,   1.,   2.,  13.,   4.,   3., 292., 111.,  13.],
        [317.,   4.,   0.,  51.,   3.,  77.,   7.,   7.,   9.,   4.],
        [ 63.,  12.,  10.,   1.,   6.,   5.,  59.,   0., 237.,  14.],
        [ 10.,   6.,   5.,  40.,   9.,  85.,   8.,   0., 214.,   3.],
        [ 16.,   5., 297.,  10.,   4.,   3., 130.,   0.,   3.,   3.],
        [  0.,   5., 287.,   9.,  14.,   3.,  31.,   0.,   3.,   6.],
        [  7.,  12.,   3.,  51.,   4.,  32.,  11.,   0., 237.,   8.],
        [  1.,   5.,   0.,  10.,  30.,   0.,   1.,  10.,   3., 304.],
        [289.,   0.,  29.,  39.,   3.,   7.,  11.,  10.,   8.,   3.],
        [  1., 274.,   2.,   8.,   1.,   3.,   2.,   1.,  11.,   4.],
        [  1., 231.,   7.,  15.,   8.,   4.,   3.,   2., 104.,   4.],
        [  3.,   5.,   0.,   3.,  20.,   0.,   2.,   8.,   8., 293.],
        [ 16.,  19.,  21.,   7.,   4.,   4.,   3.,   0., 267.,   8.],
        [  2.,   7.,   1.,   4.,  13.,   4.,  19.,   7., 226.,  13.],
        [  0.,   5., 294.,   7.,  19.,   0.,  18.,   0.,   6.,   3.],
        [  1.,  50.,   5.,   5.,  10.,   3.,   5., 246.,  31.,  12.],
        [  1., 289.,   4.,  22.,   2.,   4.,  14.,   8.,   7.,  16.],
        [  2.,   8.,  46.,  11.,   4.,   2.,   6., 276.,  15.,  20.],
        [  1.,  13.,   1.,   2.,   7.,   2.,   3.,   3., 246.,   7.],
        [  4.,   4.,   9.,  44.,   3.,  44.,   1.,   1., 237.,   9.],
        [ 19.,   0.,   1.,  39.,   9., 260.,   8.,   5.,   3.,   4.],
        [245.,   0.,   8.,  23.,   2.,   5.,   3.,   0.,   5.,   0.],
        [  9.,  22.,   0., 237.,   4.,  11.,   6.,   4.,   6.,   6.],
        [  1., 293.,   3.,  17.,   2.,   2.,   5.,   6.,   4.,  10.],
        [  2.,   4.,   2.,   4.,   9.,   8., 309.,   0.,   4.,   9.],
        [  0.,  71.,   2.,  31.,   5.,   3.,   1.,   4.,  28., 141.],
        [  1., 296.,   2.,  16.,   2.,   2.,   4.,   6.,   5.,   9.],
        [  3.,  93.,   1., 287.,   2.,   7.,   3.,   4.,   5.,   7.],
        [  3.,   2.,  11.,   1., 250.,   7.,  15.,   2.,   8.,   7.],
        [  3.,  20., 259.,   5.,   5.,   1.,   8.,   1.,  22.,   5.],
        [  1., 290.,   9.,   9.,   6.,   3.,   5.,   4.,  13.,   8.],
        [  0.,   4.,   0.,   1., 301.,   4.,   3.,   5.,   4.,  20.]],
       device='cuda:0')
Epoch 7 | Batch 700
tensor([[ 19.,   7., 272.,   2.,   5.,  18.,   3.,  11.,   7.,   0.],
        [ 15.,  43.,   5.,   2.,   8.,  10.,   6.,   8., 252.,   4.],
        [  8.,   4.,   1., 303.,   1.,   6.,   0.,   1.,  16.,   0.],
        [293.,   0.,  12.,  13.,   0.,   5.,   5.,   0.,  45.,   1.],
        [  5.,  14.,  11.,   9.,  10.,   1.,   4.,  22., 233.,   6.],
        [  1.,  13.,  19.,   5.,   5.,   0.,   4., 283.,   7.,   4.],
        [  2.,   3.,   0.,   0., 279.,   1.,   9.,   6.,  16.,   0.],
        [  2., 303.,   6.,   4.,   0.,   6.,   3.,  16.,   6.,  86.],
        [  9.,  66.,   7.,  17.,   1.,   5.,   5.,   4., 129.,   5.],
        [  2.,   6.,   4.,   0.,   4., 233.,   0.,   4.,   4.,   1.],
        [  6.,   3.,   9.,   0.,  18.,   0., 307.,   4.,   6.,   6.],
        [ 30.,   3.,   5.,  15.,  20., 283.,   3.,   4.,  20.,   3.],
        [294.,   5.,   3.,   4.,   2.,  14.,   7.,  12.,  10.,   9.],
        [  2., 295.,   7.,   8.,   3.,   6.,   4.,  12.,  20.,  60.],
        [294.,   0.,   6.,   6.,   1.,   4.,   7.,   0.,  17.,   0.],
        [  3.,  10.,   1.,   2., 267.,   2.,   7.,  11.,   6.,  17.],
        [  9.,   2.,   3.,  10.,  22.,   0.,   3., 311.,   8.,   3.],
        [  3.,   8.,   0.,   7.,   9.,   2.,   1.,  12.,  20., 262.],
        [ 63.,   1.,  13., 293.,   2.,  13.,   0.,   0.,  15.,   0.],
        [162.,   6.,  11.,  12.,   4.,  11.,   8.,  14.,   8.,   3.],
        [  1.,  78.,   2.,  10.,  11.,   3.,   6.,  11.,  11., 228.],
        [ 31.,   1., 274.,   3.,   6.,   1.,  18.,  15.,  15.,   5.],
        [ 12.,   5.,  13.,   0.,   4.,   0., 306.,   2.,   8.,   1.],
        [ 16.,  11.,   0.,   7.,  13.,   7.,   1., 287.,   7.,   4.],
        [  6.,   6., 112.,   4.,   2.,   3.,   1., 110.,   4.,   0.],
        [ 18.,   9.,  12., 284.,   0.,   7.,   4.,   1.,   1.,   0.],
        [284.,   7.,   9., 116.,   4.,  45.,   0.,   5.,   3.,   0.],
        [  9.,   5.,   1.,  10.,  15.,   2.,   3., 296.,   9.,  11.],
        [ 11.,   1.,   2.,  48.,   7., 277.,   1.,   0.,   9.,   2.],
        [ 30.,   1.,   3., 302.,  15.,  11.,   4.,   0.,   9.,   0.],
        [  6.,   2.,   5.,   1.,  39., 219.,   0.,   4.,  14.,  24.],
        [ 10.,   2.,  10.,   1.,  37.,   0.,   9.,  14.,  11., 275.],
        [ 16.,   1.,   4.,  23.,   2., 267.,   4.,   1.,   5.,   0.],
        [ 10.,   5.,   0.,   9.,  20.,   5.,   1., 309.,  24.,   1.],
        [  2.,  55.,   4.,   7.,   3.,   0.,   1., 292.,  17.,   3.],
        [  2., 288.,   4.,   5.,   0.,   3.,   3.,  12.,   4.,  49.],
        [  7.,   3., 304.,   0.,   1.,   7.,  21.,   2.,  29.,   1.],
        [  5.,   2.,   2.,   4., 284.,   1.,   3.,  20.,   6., 137.],
        [290.,   1.,   7.,  10.,   0.,   8.,  10.,   0.,  29.,   0.],
        [  2.,   4.,   2.,   3.,  21.,   0.,   3.,   4.,  13., 277.],
        [  3., 299.,  17.,   6.,   1.,   7.,   1.,  12.,  14.,   3.],
        [  8.,   5.,   0.,  17.,  18.,   4.,   2.,  10.,  19., 271.],
        [  9.,   2.,   2.,   9.,   4.,   4., 291.,   3.,  17.,   1.],
        [  1., 289.,   3.,   5.,   0.,   3.,   4.,  12.,   4.,  17.],
        [  3.,   3.,   5., 301.,  31.,   1.,   0.,   2.,  40.,   3.],
        [ 25.,   2.,   8.,  24.,   1.,   9.,  71.,   0., 211.,   0.],
        [ 18.,   5.,   5.,   6.,  14.,   3.,   5., 265.,   5.,  10.],
        [  5.,   6.,   3.,   7.,  11.,   2.,   1., 297.,   7.,  10.],
        [ 12.,  85.,  10.,   3.,   4.,   1.,   8.,  18., 215.,   7.],
        [  7.,  10.,   2.,   4.,  30.,   0.,   2.,  49.,  11., 257.],
        [ 26.,   3.,   3.,   9.,  65., 237.,  14.,   1.,   8.,  17.],
        [  4.,   2.,   4.,   0., 292.,   9.,  10.,   9.,   4.,   1.],
        [289.,   0.,   6.,  15.,   0.,   7.,   3.,   1.,  70.,   3.],
        [  2.,   9.,   3.,   3., 281.,   1.,   7.,  27.,   9.,   7.],
        [  8.,   5.,  12.,   0.,  18.,   2., 303.,   6.,   6.,   3.],
        [  6.,   5.,   3.,   0., 294.,   5.,  24.,  19.,  16.,   4.],
        [  0.,  12.,   3.,   3., 161.,   8.,   8.,  15.,  11.,   5.],
        [301.,   2.,   5.,  30.,   3.,  14.,   4.,   5.,  20.,   2.],
        [ 22.,   4.,   1., 275.,   0.,  24.,   0.,   0.,  11.,   0.],
        [ 12.,   6.,   1.,  14.,   2.,  16., 279.,   2.,   6.,   3.],
        [  6.,   5.,   0.,   2.,  44.,   3.,   2., 293.,  17.,   3.],
        [  0.,   3.,  69.,   1.,  17.,   2., 304.,   1.,   8.,   3.],
        [  5., 292.,  52.,   3.,   2.,  12.,   3.,  14.,  17.,   2.],
        [  7.,   2.,   2.,   0., 300.,   9.,  11.,  51.,   8.,   6.]],
       device='cuda:0')
Epoch 7 | Batch 800
tensor([[301.,   3.,   4.,  10.,   2.,   6.,  14.,   2.,   1.,   3.],
        [  2.,  29.,   3., 233.,   5.,   0.,   3.,   5.,   3.,   5.],
        [  8.,   9., 288.,  10.,   9.,   0.,   8.,  13.,   8.,   1.],
        [ 58.,   7., 277.,   3.,   2.,   1.,  19.,  32.,   8.,   1.],
        [  2.,   1.,   3.,   2., 154.,   0.,   7.,   0.,   1.,   5.],
        [  4., 297.,  11.,  12.,   5.,   0.,  17.,  13.,   6.,  12.],
        [  2., 272.,  22.,   5.,   6.,   5.,  10.,  14.,   2.,   6.],
        [  1.,  10.,   6.,  11.,  12.,   0.,   6., 296.,   1.,  34.],
        [ 17.,   3.,  82.,   4.,   9.,  60.,   6.,   2., 291.,   1.],
        [  1.,   9.,   5.,   4.,   4.,   0.,   2.,  35.,   2., 270.],
        [  2.,   2.,   7.,   4.,  23.,   0.,   7.,   9.,   9., 308.],
        [  1.,   2.,   6.,   9., 294.,   0.,   5.,  16.,   2.,  44.],
        [  1.,   1.,  18.,   4., 274.,   0.,  11.,   4.,   8.,   5.],
        [  2.,   1.,  12., 291.,  23.,   0.,   1.,  29.,   4.,   6.],
        [  3.,  50.,  12., 237.,   8.,   0.,   1.,  13.,   3.,   4.],
        [303.,   2.,  19.,   5.,   2.,   1.,  10.,   3.,   3.,   3.],
        [  5.,   2.,   3., 290.,   7.,   7.,   3.,  36.,   6.,   9.],
        [  3.,  22.,   2.,   4.,  10.,   0.,   7.,  10.,   3., 281.],
        [ 62.,   7.,  29., 275.,   4.,  23.,   7.,  53.,   6.,   3.],
        [  1.,   5.,   1., 263.,   5.,   7.,   4.,  21.,   2.,   5.],
        [  3.,   2.,   1.,   3., 293.,   0.,  16.,  12.,   2.,  53.],
        [  3.,  12.,  10., 260.,  52.,   7.,   1.,   9.,   4.,  10.],
        [286.,   3.,   3.,   4.,   0.,   0.,   6.,  12.,   0.,   5.],
        [  4.,   4.,   6.,   4.,  17.,   3.,   7.,  16., 286.,  14.],
        [  5.,  19.,   4.,   6.,  11.,   1.,  10.,   6., 242.,  11.],
        [ 31.,  12.,   4.,   0.,  40.,   0., 298.,   9.,   3.,  11.],
        [  1.,   2.,   7.,   2., 281.,   0.,   7.,  31.,   4.,  27.],
        [  3.,  11.,   3.,   3.,   9.,   0.,  14.,   4., 247.,  22.],
        [  3.,   1.,   3.,   8.,  17.,   0.,   5.,  16.,   6., 299.],
        [  2.,   1.,  40.,   2.,  79.,   0.,   5.,  17.,  94., 291.],
        [  2.,   6.,   6.,   2.,  10.,   0., 292.,   4.,   5.,   6.],
        [  4.,   1.,   3.,   3.,  29.,   0.,   4.,  39.,   1., 306.],
        [  4.,   5.,   1., 254.,   2.,   1.,   2.,  72.,   2.,   5.],
        [  2., 277.,  11.,   4.,  14.,   0.,   6.,   6.,  39.,   1.],
        [244.,   0., 111.,   0.,   0.,   0.,  17.,   2.,   1.,   2.],
        [287.,   1.,  12.,   6.,   4.,  16.,  21.,  11.,   6.,   4.],
        [ 17.,  10., 292.,   5.,   2.,   2.,   6.,  55.,   8.,   2.],
        [  0.,   3.,  12.,   2.,  33.,   0., 251.,   6.,   3.,  10.],
        [  1.,   1.,   2.,   5., 228.,   1.,  11.,  24.,   4.,  36.],
        [ 13.,  11.,   8.,   0.,   7., 285.,   5.,  10.,   2.,   2.],
        [  1.,   1.,   1., 280.,  18.,  86.,   5.,  19.,   7.,  12.],
        [  2.,  14., 279.,   6.,   9.,   0.,  15.,   9.,   2.,   3.],
        [  0.,   1.,   6.,   7., 307.,   0.,   6.,   6.,   2.,  12.],
        [  4.,  67.,   7.,   8.,   8.,   0.,   9.,   9., 225.,   7.],
        [  2., 285.,  13.,   7.,   4.,   0.,   7.,  22.,   2.,  12.],
        [  3.,   9.,   4.,  15.,  12.,   6., 278.,   5.,   9.,   8.],
        [  1.,   0.,   1.,   0., 299.,  10.,  11.,   7.,  15.,  22.],
        [292.,   2.,  16.,   8.,   4.,   6.,  26.,  52.,   2.,   4.],
        [  1., 220.,  16.,   2.,  29.,   0.,   4.,   5.,  20.,   2.],
        [  1.,   2.,   2.,   1., 296.,   0.,  21.,  10.,  40.,  44.],
        [  3.,   4.,   2.,   4.,  12.,   0.,   6., 301.,   2.,  69.],
        [  2., 273.,   5.,   4.,   1.,   0.,   5.,   8.,   4.,   7.],
        [  5.,   2.,   8.,   2.,  25.,   0.,  21.,  21.,   7., 298.],
        [ 13.,   9.,   5.,   2.,  11.,   0., 304.,   4.,   5.,  11.],
        [  2.,   3.,   2.,   3., 272.,   2.,  12.,   9.,   8.,  39.],
        [  6.,   9.,   4.,   2.,   7., 279.,   4.,   6.,  26.,   2.],
        [ 22.,   3.,   6.,  23.,   2., 261.,   3.,  37.,   1.,   4.],
        [  0.,   0.,  42.,   3., 294.,   0.,   5.,   5.,   3.,   5.],
        [  1.,   4.,   7.,   2.,  38.,   0., 271.,   6.,   4.,  14.],
        [  1.,   3.,   5.,   0., 304.,   0.,  15.,   7.,   6.,  18.],
        [296.,   2.,  20.,   2.,   5.,   0.,  41.,   4.,   4.,   7.],
        [  6.,   5.,   5.,   5.,   9.,   0.,   7., 296.,   2.,  79.],
        [  4.,  32.,  25.,   3.,  16.,   0.,  12., 287.,   6.,   6.],
        [ 22.,   2.,   5., 126.,   6., 260.,   2.,  36.,   5.,   3.]],
       device='cuda:0')
Epoch 7 | Batch 900
Switching label layer to Inference Mode (LIF)...
Epoch 7 DONE | Test Acc: 76.35% | Time: 776.3s
Switching label layer back to Training Mode (Clamp)...
tensor([[  3.,   5.,   0.,   3.,   5.,   4.,   9.,  25.,   9., 299.],
        [  7.,   9., 277.,   3.,   1.,   8.,   8.,  18.,  21.,  11.],
        [  9.,   6.,   0.,   2.,   3.,   7.,   4., 308.,  11.,  16.],
        [ 29.,   7.,   0.,   0.,   7., 283.,   5.,  20.,  21.,   5.],
        [  3.,   4.,   0.,  39.,   2.,  23.,   4.,   3.,  26., 271.],
        [  4.,   5.,   8.,   4.,  86.,   1.,   5., 303.,  17.,  17.],
        [  5.,   4., 291.,  10.,   1.,   1.,   6.,  20.,  14.,  18.],
        [  3.,   2.,   6.,   6.,   3.,   7., 313.,   6.,   8.,  11.],
        [  5.,   2.,  27.,   2.,  34.,   3., 301.,   9.,  24.,   2.],
        [ 11.,   4.,   0.,  32.,   9., 292.,  18.,   2.,  15.,   7.],
        [  7.,   1.,   0.,  17.,   9.,   5.,   2., 303.,   8.,  21.],
        [  2.,   5.,   0.,   2.,   4., 236.,  12.,   9.,   9.,  30.],
        [  8.,   2.,   4.,  10.,   7.,   5.,   5.,  12., 277.,  13.],
        [292.,   8.,   0.,   6.,   2.,  44.,   4.,   9.,  15.,   4.],
        [  6.,   5.,   4.,   4.,   4.,  14., 305.,   7.,  15.,   6.],
        [ 16.,   2., 273., 128.,   2.,  15.,   2.,   4.,  12.,   5.],
        [  6., 294.,   4.,   5.,   2.,   5.,   4.,  19.,  16.,   8.],
        [ 13.,  15.,   6.,   4.,   2.,   9.,  42.,   6., 182.,   5.],
        [ 49.,   6.,   1.,   1.,   6., 300.,   3.,  16.,  53.,   4.],
        [  5.,   4.,   0.,  10.,  21.,  11.,   3., 313.,  38.,  10.],
        [ 22.,   3., 110.,  94.,   7.,   6.,   3.,   1.,   7.,   0.],
        [  2.,   3.,   2., 306.,   1.,  19.,   2.,  23.,  31.,   4.],
        [  2.,   1.,   0.,   8.,   4.,   9.,   3.,   5.,   9., 287.],
        [  8.,   3.,   3.,  24.,   1., 289.,   3.,   3.,  30.,   4.],
        [  5.,   6.,   9., 304.,   2.,  40.,   5.,   2.,  15.,   4.],
        [286.,   0.,   0.,  10.,   0.,  15.,   2.,   6.,  72.,   6.],
        [ 32.,   4.,  82.,   5.,   5.,  11.,  61.,  10.,   9.,  54.],
        [265.,   2.,   7.,   1.,   5.,  43.,   6.,  23.,   9.,   2.],
        [301.,   1.,   2.,   7.,   0.,   8.,   6.,   4.,  21.,   2.],
        [  4., 225.,   1.,   5.,   2.,   5.,   5.,   9., 205.,   7.],
        [  7.,   4.,   2.,   3.,   2.,   2.,  10.,  56.,   8., 266.],
        [  9.,   2.,   0.,   3.,   6.,  10.,   6.,  67.,  13., 297.],
        [ 31.,   6.,   0.,   1.,  20., 276.,   4.,  33.,  12.,  10.],
        [252.,   2.,   0.,   7.,   3.,  21.,   7.,  14.,  12.,   4.],
        [ 29.,   5., 263.,   7.,   1.,   9.,   4.,  16.,  19.,   5.],
        [ 16.,   2.,   3.,   1.,   6.,   4., 308.,  11.,   5.,  11.],
        [ 15.,   3.,   0.,   3.,  69.,  15.,   3., 301.,  11.,  21.],
        [ 18.,   1.,   0.,   3.,   2.,   4.,   4., 279.,   4.,  38.],
        [  8.,   3.,   4., 304.,   0.,  24.,   5.,   2.,  14.,   3.],
        [293.,   1.,   3.,   8.,   2.,  19.,   6.,  15.,   9.,   3.],
        [  8.,   2.,   0.,  34.,   3., 250.,   4.,   3.,  15.,  13.],
        [  1.,   9.,  10., 297.,   7.,  15.,   6.,   2.,  11.,   5.],
        [  2., 285.,   2.,   8.,   1.,   9.,   5.,  21.,   9.,   9.],
        [  7.,   4.,   0.,  14.,  15.,   1.,   7.,  46.,   9., 280.],
        [  7.,   2.,   5.,  97.,   1.,   4.,   3., 292.,  16.,  11.],
        [ 65.,   2.,   4.,  11.,   2.,  15.,  14.,  15.,  24.,   7.],
        [  2.,   3.,  10.,   5.,  10.,  13., 301.,   3.,  34.,   6.],
        [  3., 239.,  16.,   5.,   4.,   3.,   4.,  15.,  41.,   4.],
        [  3., 289.,   2.,   5.,   1.,   4.,   3.,   8.,  18.,   5.],
        [  8.,   9.,   1.,   9.,   1.,   3.,   4., 308.,  10.,  14.],
        [292.,   7.,   7.,   4.,   3.,  17.,   2.,  21.,   5.,   4.],
        [  3.,   5.,   0.,  10.,   4.,  13.,   7.,  10.,  14., 302.],
        [  6.,   2.,   1.,  49.,   1.,   4.,   4.,   5.,  22.,  50.],
        [  0.,   4.,  13.,   6., 270.,   3.,   6.,  11.,  13.,  22.],
        [ 22.,   5.,   0.,  12.,  34.,   4.,   3., 161.,  12.,  13.],
        [  5., 298.,   3.,  12.,   2.,   9.,   6.,  13.,  16.,  10.],
        [  5., 292.,   3.,   8.,   2.,   8.,   5.,  17.,  10.,   6.],
        [  2.,   2.,   3.,   9., 282.,   0.,   6.,  40.,  12.,  24.],
        [ 15.,   3.,   0.,  33.,   1., 247.,   4.,   8.,   8.,   6.],
        [289.,   1.,   1.,  28.,   1.,  20.,  33.,   7.,  16.,   2.],
        [  4., 289.,   3.,   6.,   2.,   7.,   4.,  17.,   9.,   7.],
        [  7.,   2.,   8.,   9.,  14.,   1., 260.,  37.,   8.,   4.],
        [  2.,   1.,   2., 246.,   0.,   3.,  25.,   3.,   4.,   1.],
        [  5.,   8., 311.,  14.,   2.,   1.,  10.,   6.,  11.,   2.]],
       device='cuda:0')
Epoch 8 | Batch 0
tensor([[  5.,   5.,   1.,   5., 276.,   1.,  15.,  26.,  24.,  24.],
        [ 11.,   2.,   0.,   6.,  21.,  62.,   8., 290.,   6.,  21.],
        [ 16.,   4.,  13.,   3.,  22.,   5., 299.,   6.,   0.,   2.],
        [  1.,  90.,   6.,  22.,  13.,   7.,   5., 118.,  19.,  17.],
        [318.,   0.,   5.,   7.,   1.,   7.,   3.,   1.,   0.,   1.],
        [  1.,  34.,   5.,  15.,  15.,   3.,   4., 220.,   2.,  18.],
        [  3.,   3.,   3.,   8.,  12.,   4.,   4., 302.,   5.,  14.],
        [  3.,   9.,   3.,   6.,   8.,   1., 244.,   3.,  11.,   9.],
        [ 10.,   6., 283.,   6.,  23.,   1.,   7.,   2.,   6.,   1.],
        [  4.,  35.,   6.,   6.,   7.,   3.,   4., 252.,  12.,  44.],
        [  1., 268.,   2.,   9.,  10.,   0.,   4.,   9.,   3.,  15.],
        [  3.,  15.,   3.,   9.,  23.,   2.,   5.,   5., 279.,  65.],
        [ 11.,   9.,   5.,   4.,   4.,   1.,   3.,   8., 153.,   7.],
        [  7.,   4.,   1.,   4.,  10.,   2.,   5., 304.,   7.,  13.],
        [316.,   0.,   3.,   6.,   3.,  11.,   1.,   2.,   0.,   2.],
        [  3.,   3., 128.,   8.,  89.,   0.,  30.,   1.,   9.,  12.],
        [171.,   2.,   4.,   6.,  18.,   1.,  46.,   6.,   3.,   3.],
        [289.,   0.,   0.,  69.,   4.,   2.,   1.,  25.,   0.,   8.],
        [  5.,  22.,  60.,  12.,   4.,   0.,   4.,   9., 282.,  10.],
        [  3.,   3.,   1.,   4., 208.,   4.,  38.,  54.,  14.,  14.],
        [  0.,  11., 251.,   7.,  16.,   1.,  13.,  80.,   1.,  20.],
        [  8.,   5., 267.,  21.,   9.,   1.,   2.,   8.,  45.,   2.],
        [  2.,   7.,   1.,   7.,  87.,   5.,   3., 288.,   1.,  32.],
        [  1.,   6.,   7.,  10.,  27.,   1.,  41., 299.,   5.,  14.],
        [  4.,   6.,  17.,  37.,  42.,  67.,   2.,   5., 256.,  10.],
        [ 26.,   2.,   4., 292.,   4.,   3.,   1.,  74.,   2.,   2.],
        [  3.,   4.,   1.,  12.,  16.,   9.,   5., 308.,  13.,  28.],
        [316.,   0.,   3.,  14.,   3.,   1.,   1.,   1.,   0.,   4.],
        [  1.,   7.,  16., 258.,  11.,   0.,   0.,   7.,  18.,  13.],
        [  2.,   2.,   1.,   3., 285.,   1.,  17.,  77.,  10.,  18.],
        [318.,   0.,   4.,   2.,   2.,   1.,   4.,   7.,   0.,   3.],
        [  0.,   4.,   5.,   9., 258.,   2.,   6.,  28.,   2.,  26.],
        [  3., 293.,   5.,  12.,  15.,   0.,   5.,  14.,   9.,  10.],
        [  7.,   7.,  19.,   6.,  36.,   0., 210.,   8.,   1.,   4.],
        [  2.,   0.,  32.,   2., 276.,   0.,   7.,  19.,   4.,  12.],
        [  9.,   3.,   2.,   4.,  17.,   0.,  37.,   2., 291., 141.],
        [  1.,   6.,   7.,  11.,   8.,   2.,   1., 215.,   1.,  29.],
        [  1.,   1.,  12.,   4., 286.,   2.,  13.,  25.,  10.,  19.],
        [ 27.,   5.,   2., 301.,   7.,  12.,   4.,   5.,   4.,   2.],
        [  2.,  10.,   1.,  10.,  34.,   1.,  11.,  37.,  40., 245.],
        [  6.,  23.,  50., 287.,  13.,   0.,   1.,  27.,  12.,  25.],
        [  3.,   9.,   0.,   5.,  47.,   3.,   7.,  29.,  70., 277.],
        [  3.,   9.,   3., 286.,   7.,   0.,   3.,   3.,   4.,   3.],
        [  1.,  19.,   1.,   7.,  19.,   4.,   4.,   8.,   5., 264.],
        [  6.,  12.,   4.,   1.,  36., 256.,   6.,   7.,  23.,   4.],
        [319.,   0.,   1.,   5.,   3.,   7.,   5.,   1.,   0.,   1.],
        [268.,   1.,   7.,  34.,   7.,   3.,  14.,   6.,   4.,   3.],
        [307.,   0.,   3.,   7.,  11.,   1.,   5.,   1.,   0.,   0.],
        [  4.,  13.,   2.,  58.,   7.,   6.,   2.,   6., 132.,  10.],
        [314.,   0.,   6.,   1.,   2.,   5.,   7.,   6.,   0.,   5.],
        [  4., 160.,   4.,  12.,   9.,   1.,   3.,  50.,  11.,  16.],
        [298.,   0.,   2.,  18.,  16.,   2.,   9.,   3.,   1.,   1.],
        [  5.,   3.,   0.,   3.,  30.,   0.,   4.,  31.,   3., 292.],
        [  1., 261.,   2.,   6.,   7.,   2.,   5.,  11.,   8.,  10.],
        [  3.,   8., 278.,  37.,  13.,   0.,   2.,   2.,  16.,   1.],
        [ 48.,   0., 306.,   8.,  14.,   0.,  19.,   0.,   0.,   0.],
        [  3.,  29.,   1.,   3.,  74.,  24.,  11., 259.,   7.,  22.],
        [  2.,   5.,   3.,   7., 273.,   8.,  18.,  22.,   5.,  28.],
        [ 12.,   2.,   5.,   8.,  17.,  17., 302.,   3.,   2.,   7.],
        [  1.,   3.,   5.,   2., 224.,   1.,   6.,  13.,   5.,   8.],
        [ 14.,   6.,   6.,  77.,  19.,   0.,   6.,   2., 228.,   3.],
        [315.,   0.,   2.,  12.,   6.,   2.,   1.,   1.,   0.,   1.],
        [  4.,   1.,  17.,   2.,  40.,   0., 286.,   4.,   0.,   4.],
        [ 10.,   4.,   0.,   1.,  32.,  11.,   4.,  50.,   9., 251.]],
       device='cuda:0')
Epoch 8 | Batch 100
tensor([[  9.,   4.,   3.,   2.,  26.,   5.,   0.,  24.,  15., 248.],
        [248.,   3.,   3.,   3.,  18.,   7.,   3.,   1.,  17.,   5.],
        [  5.,   3., 197.,  62.,   3.,   4.,   1.,   3.,   8.,   3.],
        [  7.,   8.,   2.,   2.,   6.,  11.,   0., 304.,   8.,  16.],
        [  7.,   1.,   1.,  14., 285.,  22.,   1.,   8.,  20.,  14.],
        [  9.,   4., 238.,   3.,   3.,  13.,   4.,  19.,  13.,  10.],
        [  1.,   2.,   1.,   6., 291.,  14., 119.,   9.,  11.,  18.],
        [307.,   2.,   7.,   1.,   0.,  10.,  24.,   1.,   9.,   6.],
        [ 15.,   5.,   3.,   1.,   4.,  20.,   0., 308.,  12.,  11.],
        [  5.,   5.,   2.,   8.,   7.,   6.,   0.,  25.,  12., 214.],
        [  3.,  17.,   5.,  24.,   4.,  10.,  12.,   1., 189.,   9.],
        [  8.,   7.,   1.,   3.,   7.,  28.,   0., 308.,  89.,  30.],
        [  2.,   1.,   8.,   5., 286.,   7.,   0.,  27.,   5.,  27.],
        [106.,   2., 204.,  46.,   8.,   7.,   0.,   0.,   9.,   0.],
        [  4.,   2.,   0.,  46.,   2., 150.,   0.,   3.,  12.,   5.],
        [  4.,   6.,   1.,   4.,   7.,   8.,   0.,  36.,  11., 250.],
        [ 14.,  11.,   3.,   9.,  10.,  12., 283.,   7.,  12.,   3.],
        [  2., 284.,   3.,   3.,   0.,   4.,   0.,   3.,   9.,   2.],
        [  9.,   4.,   4.,  65.,   3.,   5.,   2.,   4., 276.,   4.],
        [ 24.,   2.,   0.,   4.,  20.,  15.,   0., 100.,   5., 280.],
        [ 11.,  16.,   1.,   4.,  13., 255.,   2.,   7.,  54.,   6.],
        [ 13.,   6.,   3.,   4.,   8.,  12., 296.,   4.,   6.,   4.],
        [  2.,  21.,   5., 280.,   6.,   5.,   0.,  20.,  12.,  12.],
        [ 10.,   2.,   2.,  10.,  10.,   5.,   0., 314.,   5.,  27.],
        [  8.,  28.,  10.,   5.,   3.,  17.,  12.,   3., 265.,   4.],
        [  2.,   1.,   6.,  15.,  12.,   4.,   0., 305.,   8.,  15.],
        [  5., 294.,   8.,   5.,   1.,  12.,   2.,   5.,  63.,   2.],
        [ 13.,   9.,   4.,   3.,   3., 296.,   2.,   5.,   6.,   1.],
        [  2.,   3.,   5.,  23.,  33.,   5.,   0., 296.,   6.,  16.],
        [  4.,   5., 285.,  27.,   5.,   4.,   0.,  13.,  14.,   1.],
        [  1., 286.,   2.,   4.,   0.,   5.,   1.,   3.,   9.,   4.],
        [  2.,  34.,   3.,   9.,   4.,   4.,   0., 148.,   5.,  25.],
        [ 17.,  18.,   2.,  31.,   1.,  43.,   0.,   2., 251.,   7.],
        [  5., 303.,   8.,   6.,   2.,   7.,   3.,   4.,  48.,   3.],
        [  5., 128.,   9.,   4.,   3.,  13., 225.,   3.,  14.,   2.],
        [ 12.,  27.,   2.,   6.,   6.,  15.,   0.,   6., 259.,  11.],
        [  9.,   4.,   1.,   7.,  18.,  21., 267.,   2., 179.,  10.],
        [ 48.,   6.,   1.,   2.,   7., 289.,  52.,   3.,   6.,   9.],
        [306.,   6.,   5.,   9.,   1.,  47.,   2.,   5.,   5.,   1.],
        [  4.,   3.,   5.,   6.,   7.,   7.,   0., 307.,   4.,  14.],
        [  4.,   4.,   5.,   6., 188.,   6.,   1.,   6.,   8.,   4.],
        [306.,   1.,   4.,   8.,   0.,   9.,   0.,   2.,   8.,  12.],
        [ 10.,  10.,   2., 291.,  48.,   7.,   0.,   1.,  31.,   9.],
        [  9.,   1.,  73.,   6., 263.,   6.,   0.,  12.,  11.,   6.],
        [304.,   1.,   0.,   7.,   0.,  10.,   0.,   0.,  18.,   5.],
        [306.,   0.,   0.,   6.,   1.,  17.,   2.,   3.,  17.,  67.],
        [  2.,   1.,   4.,  12., 264.,   0.,   1.,  18.,   6.,   4.],
        [  2., 289.,   4.,  18.,   3.,  11.,   2.,   8.,  11.,   8.],
        [ 17.,  15., 116., 278.,   2.,  17.,   0.,   3.,  14.,   1.],
        [ 16.,   3.,   1.,  12.,  11.,   7.,   2., 275.,   5.,  16.],
        [  5.,   7.,   1.,  19.,   2., 226.,  34.,   3.,  12.,   2.],
        [313.,   2.,   1.,   0.,   0.,   8.,   9.,   7.,   6.,  10.],
        [  9.,  16.,   4., 309.,   1.,   7.,   0.,   2.,  14.,   2.],
        [  0.,  39.,   0., 201.,   1.,   1.,   0.,   2.,   4.,   2.],
        [  4.,   3.,   3.,   4., 276.,   8.,   0.,  21.,  64.,  18.],
        [  8.,   5.,   3.,   6.,   8.,   9.,   0., 283.,   7.,  19.],
        [  2.,   4.,   3.,  10., 242.,  16.,   0.,   9.,  14.,  17.],
        [ 17.,   4.,  13.,   4.,   9.,   3., 268.,   1.,  20.,   3.],
        [  8.,   5.,   2.,   3., 275.,  84.,   0.,  32.,  10.,   9.],
        [ 11.,   8.,   2.,  10.,   5.,  14.,   0.,  21.,  17., 150.],
        [  1.,   1.,   4.,  55., 283.,   2.,   1.,  18.,   7.,   8.],
        [  6.,   6.,   0.,  56.,   9.,  25.,   1.,   4.,  40., 232.],
        [  7.,   5.,   1.,   8., 237.,  31.,   2.,  20.,  18.,  18.],
        [  7.,   6.,   1.,   2., 143.,  30.,   1.,  33.,  11.,   8.]],
       device='cuda:0')
Epoch 8 | Batch 200
tensor([[ 11.,  12.,   2.,  13.,   8.,  42., 199.,   4.,  16.,   4.],
        [ 13.,   8.,   1., 278.,   2.,  31.,  28.,   7.,   9.,   2.],
        [  1., 278.,   3.,   8.,   2.,   8.,   4.,   7.,   5.,   3.],
        [ 31.,   5.,   4.,   1.,  10., 294.,   7.,   4.,   6.,   2.],
        [264.,   2.,   2.,  10.,   4.,   7.,  41.,   6.,  13.,   0.],
        [  4.,  11.,  35., 119.,   7.,   4.,   5.,  10.,  17.,   2.],
        [  2.,   4.,   1.,  21., 190.,  10.,  13.,  12.,   7.,  71.],
        [ 27.,   9.,  59.,   5.,  14.,   3., 284.,   5.,   2.,   1.],
        [  6.,  43.,  33.,  13.,   4.,   2.,  19.,   5., 260.,   2.],
        [ 12.,  17.,  10.,  10.,   4.,  25.,   5.,   3., 170.,   4.],
        [  5.,   4.,   2.,   5., 280.,   4.,  37.,  28.,  19.,   1.],
        [  6.,   4., 268.,  26.,  13.,   2.,  23.,   7.,  13.,   2.],
        [  3., 108.,  16.,   8.,   3.,   9., 278.,   4.,  16.,   0.],
        [310.,   1.,  19.,  11.,   4.,   4.,  10.,   7.,   7.,   0.],
        [  5.,  22.,  11.,  11.,   4.,   5.,  12.,  10., 275.,   3.],
        [  1.,   5.,  31.,   8.,  31.,   0.,  37.,   2.,   9., 279.],
        [  4.,   7.,   6.,  16.,   7.,   2.,   4., 277.,   5.,   9.],
        [ 43.,   3.,   0.,  49.,   2., 281.,   2.,  88.,  20.,   1.],
        [  1., 272.,   3.,   8.,   1.,  19.,   4.,   9.,   5.,   2.],
        [  4.,   9.,   5.,  10., 187.,   6.,  13.,   6.,  10.,   6.],
        [301.,   0.,  14.,  16.,  28.,   7.,   5.,   5.,   7.,   0.],
        [  1.,   3.,   2.,  17.,  13.,   5.,   9.,   7.,   8., 277.],
        [  3.,  54.,   1.,  12., 180.,  53.,  18.,  18.,   8.,   4.],
        [  2.,  58.,   2.,  11.,   3.,  21.,   6.,   3., 168.,   3.],
        [  3.,   9., 278.,   9.,   2.,   2.,  12.,   9.,  12.,   3.],
        [  7.,   6.,   3.,   7.,  47.,   0.,   8.,  14.,  13., 250.],
        [ 99.,   6., 277.,  13.,   4.,   2.,   8.,   4.,   3.,   1.],
        [ 32.,   9.,   1.,   1.,   9., 246.,   3.,  12.,  10.,   0.],
        [  8.,   5.,   0.,  57.,   3., 283.,  18.,   2.,  13.,   3.],
        [ 22.,   4.,   1., 305.,   1.,   9.,   1.,   2.,  22.,   1.],
        [  8.,   6.,   1.,  15.,   9.,  30., 304.,   3.,   7.,   1.],
        [ 23.,   4.,   0.,  30.,   4., 292.,  10.,   3.,  25.,   2.],
        [ 11.,   1.,   2.,  11.,  32.,   0.,   4., 296.,   4.,  10.],
        [  3., 122.,  45.,   6.,  25.,   1.,   3.,   7.,  55.,   0.],
        [  3.,  18.,   2.,   7.,   6.,  10., 293.,   4.,   8.,   2.],
        [  8.,   8.,   4.,   5.,  17., 263.,  18.,   3.,  11.,   2.],
        [ 24.,   9.,   1.,   6.,   9., 299.,   6.,   3.,  11.,   2.],
        [  6.,  15.,  26.,   5.,   5.,   2., 302.,   4.,   8.,   1.],
        [  2.,  13.,   1.,  18.,  10.,   4.,  12.,  14.,   8., 256.],
        [  1.,   3.,   5.,  11., 268.,   3.,  33.,  74.,  81.,   5.],
        [ 18.,   4.,   2.,  70.,   9., 264.,   6.,  17.,   7.,   1.],
        [  5.,   7.,  10., 274.,   3.,  16.,   6.,   4.,  16.,   3.],
        [  5.,  10.,   8.,  10.,  11.,  22.,   9.,   2., 282.,   2.],
        [  5.,  65.,   6.,  15.,   4.,  26.,  10.,   6., 215.,   9.],
        [  5.,   4.,  40.,   6.,  10.,   3., 243.,   3.,   9.,   1.],
        [  2.,   5.,   1., 283.,   2.,  56.,   5.,  18.,  21.,   1.],
        [  8.,  94.,  73.,   2.,   3., 247.,   8.,   3.,  14.,   0.],
        [  2., 297.,   6.,  12.,   4.,  20.,   7.,  14.,   7.,   3.],
        [  5.,  11.,   3., 134.,   2.,   2.,   6.,   8.,   9.,   1.],
        [ 10.,  12.,   3.,   7.,   6.,  11.,   8.,   6., 284.,   2.],
        [311.,   1.,   9.,   0.,  11.,   1.,  30.,  50.,  34.,   0.],
        [ 95.,   3.,   0.,   1.,  21.,  13.,   5., 283.,  14.,   0.],
        [  3.,   3.,  25.,  36.,   2., 280.,   8.,   2.,  10.,   0.],
        [  7.,   3.,   1.,   6.,  12.,   2.,   3., 302.,   6.,   4.],
        [ 12.,  10.,   2.,   5.,   6.,  25.,   7.,   9., 283.,   2.],
        [  2.,  14.,   1.,  14.,   9.,   4.,  41.,   9.,  11., 264.],
        [  2.,   2.,  24.,   3.,  23.,   0., 315.,   5.,   4.,   1.],
        [  1.,  18.,   3.,  18.,   8.,   7.,   7.,  11.,   8., 270.],
        [ 14.,   5.,   0.,   3.,  12.,   6.,   3., 249.,  25.,   4.],
        [  4.,  16., 243.,  11.,   4.,  10.,   6.,   9.,  31.,   4.],
        [ 35.,   4.,  25.,   6., 165.,  10.,  35.,  11.,  16.,   0.],
        [266.,   2.,   5.,   8.,   5.,   2.,  90.,   9.,   8.,   1.],
        [ 14.,   0.,   3.,   7.,  22.,   0.,   3., 247.,   3.,   2.],
        [ 13.,   2.,   2.,   3., 292.,   5.,  11.,  27.,  10.,   2.]],
       device='cuda:0')
Epoch 8 | Batch 300
tensor([[318.,   0.,  18.,   1.,   0.,  17.,   7.,   1.,   4.,   1.],
        [322.,   1.,  10.,   2.,   0.,  13.,   5.,   0.,   5.,   1.],
        [ 26.,   1., 237.,   2.,   1.,   6.,   7.,   5.,   3.,   6.],
        [319.,   1.,  14.,   0.,   0.,  17.,   8.,   0.,   7.,   0.],
        [  4.,   1.,  21.,  85.,   1.,   9.,  15.,   0., 216.,  10.],
        [315.,   1.,   9.,   4.,   0.,  11.,   6.,   0.,   4.,   2.],
        [  2.,   3.,   4.,   5.,   5.,   9.,  28.,  14.,  14., 284.],
        [  0.,   2.,   8.,   8.,   1.,   4., 310.,   5.,  10.,  13.],
        [  1.,   9.,   3.,   9.,   5.,   9.,  13.,  24.,  19., 289.],
        [  0.,  33.,   7., 281.,   5.,   7.,   8.,  10.,  11.,  13.],
        [  6.,   2.,   5.,   9.,   1., 104.,  11.,   1.,  94.,   1.],
        [  3.,   8.,   5.,  65.,   0.,   8.,  14.,   5., 176.,   6.],
        [  2.,  16.,   8.,   5.,   1.,  18.,  27.,   4., 206.,   9.],
        [  9.,   2., 286.,  13.,   8.,   5.,  20.,   0.,  14.,   2.],
        [  1.,   4.,   4.,   3.,  42.,   2.,  10.,  61.,  38., 278.],
        [  1.,  18.,   2.,   6.,   0.,  13.,  13.,  25.,  49., 271.],
        [  2.,   1.,   1.,   5., 229.,  10.,  43.,  27.,  18.,  19.],
        [  2.,   2.,   3.,   3.,   9.,   9.,   4., 307.,   6.,  29.],
        [  7.,   1.,  23.,   2.,   9.,   0., 275., 105.,   3.,   7.],
        [  1.,   3.,   8., 301.,   0.,   8.,  20.,   2.,   4.,   4.],
        [  0., 288.,   4.,  14.,   0.,   5.,  15.,   3.,   6.,  12.],
        [  9.,   4., 303.,  77.,   0.,   2.,  15.,   0.,  12.,   2.],
        [  2.,   5., 288.,  50.,   0.,   2.,  16.,   2.,   6.,   2.],
        [  1.,   3.,   5.,   5., 240.,   5.,  11.,   7.,   7.,  20.],
        [ 77.,   3.,   5.,   3.,   6., 282.,   6.,   1.,  28.,   5.],
        [  1.,   4.,   1.,   6.,  51.,   7.,  12.,  26.,  11., 245.],
        [  2.,   5.,   1.,   5., 279.,  44.,  14.,  16.,  14.,  33.],
        [  2.,  10.,   4.,   6.,   0.,  10., 278.,   3.,  17.,   4.],
        [  0.,   2.,   9.,   5.,   3.,   4., 309.,   2.,   5.,  13.],
        [  3.,   6.,   3.,   8.,   1.,  62.,  14.,  44.,  11., 206.],
        [  7.,   4.,   6.,  14.,   0.,  14.,  23.,   1., 239.,  16.],
        [  1., 277.,   4.,   8.,   0.,   4.,   9.,   5.,   4.,   8.],
        [  1.,   4.,   2.,  29.,   6., 235.,  25.,   2.,  14.,   8.],
        [297.,   1.,   6.,   0.,   0.,   7.,   5.,   5.,   3.,   3.],
        [  1.,   3., 304.,  47.,   0.,   2.,  17.,   0.,   8.,   6.],
        [  1., 164.,   7.,  11.,   0.,   6.,   6.,   4.,   8.,   8.],
        [  1.,   6.,  14.,   6.,   0.,  10., 273.,   2.,  15.,   4.],
        [  1.,  14.,   2.,  29.,   0.,   9., 253.,   3.,  12.,   5.],
        [ 47.,   1.,   5., 203.,   0.,  19.,   3.,   2., 215.,   3.],
        [  6.,   1.,   2.,   1.,   4.,   5.,   5., 299.,   9.,  27.],
        [  1.,   2.,   6., 311.,   0.,  18.,   6.,   3.,  12.,   3.],
        [  4.,  10.,   1.,   3.,   3.,   8.,   7., 243.,   6.,   6.],
        [  3.,  13.,   4.,  22.,   1.,   6.,  11.,   3., 282.,  23.],
        [  0.,   7.,   8., 307.,   1.,   9.,  24.,   3.,   8.,   3.],
        [  2.,   2., 297.,  25.,   0.,   5.,  10.,   3.,   9.,   4.],
        [  2.,   5.,   4.,   9.,   0.,   4., 312.,   1.,   9.,  13.],
        [  1.,   7.,   0.,   6.,  12.,  19.,   7.,  59.,  11., 291.],
        [  2.,   5.,   2.,   7.,  10.,  27.,  14.,  23.,  12., 276.],
        [  1.,   5.,   2.,   3., 292.,  18.,  29.,  67.,   7.,  19.],
        [  1.,  36.,   2.,   6.,   0.,   6.,   9.,  27.,   7., 251.],
        [  1.,   7.,   5.,   4.,   8.,  52.,  44.,   3., 278.,  13.],
        [ 59.,   1.,   3.,   2.,   5.,   0.,  10., 166.,   2., 145.],
        [  0.,   5.,   2.,   6., 280.,  44.,  14.,  51.,   9.,  12.],
        [ 35.,   1.,  18.,  22.,   1.,   8.,  11.,   3., 140.,  19.],
        [  1.,   5., 234.,   4.,  47.,   5.,  21.,   1.,   7.,   4.],
        [318.,   1.,  21.,   0.,   0.,  14.,   8.,   0.,   6.,   0.],
        [296.,   1.,  35.,   1.,   0.,   3.,   9.,   2.,   7.,   2.],
        [308.,   1.,  21.,   0.,   0.,   3.,  18.,   4.,   2.,   5.],
        [  1.,   1.,   0.,  23., 243.,   7.,  34.,   6.,   9.,  32.],
        [318.,   1.,   4.,   1.,   0.,  14.,   9.,   2.,   5.,   3.],
        [ 10.,   4.,   9., 289.,   0.,  12.,   4.,   4.,   7.,   2.],
        [  5.,   6.,   3.,   1.,   1.,  43.,   5.,  18., 284.,  11.],
        [ 10.,   2.,  10., 316.,   0.,  33.,   1.,   1.,  25.,   2.],
        [  1.,  10.,   3.,  20.,   0.,   7., 281.,   5.,  12.,   5.]],
       device='cuda:0')
Epoch 8 | Batch 400
tensor([[ 10.,   8.,  15.,   2.,   4.,   0., 308.,   1.,   7.,   4.],
        [ 14.,  19., 305.,   3.,   0.,  10.,  19.,   1.,   4.,   2.],
        [ 31.,   7.,   5.,   8.,   2.,  30.,   3.,   6., 256.,   5.],
        [  1., 284.,   7.,   8.,   1.,   3.,   6.,   7.,   6.,   2.],
        [ 53.,   5.,  25.,   1.,   7., 132.,  28.,  11.,   2.,   2.],
        [167.,   1.,  13.,   5.,   2.,   0.,   4.,   5.,  13.,   5.],
        [ 13.,   5.,   6., 244.,   1.,  13.,  16.,   0.,  20.,   1.],
        [  4., 298.,  18.,  10.,   1.,  15.,  15.,   9.,  82.,   3.],
        [293.,   1.,  11.,   2.,  20.,  15.,   5.,   6.,   3.,   5.],
        [  7.,   2.,   8.,   1.,  12.,   0., 292.,   9.,   3.,   7.],
        [  3.,   2.,   4.,   4.,   4.,   1.,   3., 295.,   4.,  22.],
        [ 59.,   0.,   1.,   3.,  44.,   0.,  12., 152.,   3.,   8.],
        [ 10.,  10.,   2.,   1.,   6., 257.,   5.,   9.,   5.,   4.],
        [307.,   1.,   2.,  15.,   1.,  23.,  12.,   3.,  12.,   3.],
        [ 18.,   9.,   8., 161.,   1.,   7.,  14.,   6.,   5.,   2.],
        [134.,   3.,  14.,   3.,  25.,  15.,   3.,  12.,   8.,  11.],
        [ 23.,   2.,   0., 300.,   5.,  39.,   3.,   2.,  11.,   2.],
        [ 28.,   0.,  20.,  16.,   5., 248.,   1.,   5.,  15.,   6.],
        [ 25.,   1.,  14.,   3.,  22.,   0.,  12.,  24.,   3., 270.],
        [ 20.,   2.,   2.,  17.,   1., 203.,  26.,   2.,  96.,   2.],
        [  8.,   3.,   4.,  27.,   5.,  59.,  25.,   2., 232.,   4.],
        [301.,   0.,  10.,   5.,   1.,   4.,   3.,   3.,   9.,   1.],
        [ 10.,   2.,   4.,   8.,   2.,   9., 290.,   2.,  11.,   2.],
        [  7.,   1.,   0.,  74.,   6., 278.,   8.,   7.,  14.,   3.],
        [  1.,   0.,   3.,  14.,   1.,   0.,   1., 156.,   0.,   2.],
        [  2., 299.,   7.,  12.,   1.,   2.,  12.,   6.,  16.,   4.],
        [  3.,  21., 312.,  15.,   0.,   0.,  24.,   0.,   9.,   1.],
        [  2.,  62., 281.,  12.,   0.,   0.,  30.,   1.,  32.,   2.],
        [ 25.,   7.,  26.,   3.,  10.,   0., 286.,   1.,   7.,   7.],
        [  2., 147.,   9.,  12.,   2.,  31.,   4., 155.,   7.,   8.],
        [  1.,   1.,   2.,   6., 244.,   2.,   5.,   8.,   9.,  20.],
        [  3.,  18.,   2.,   8., 225.,   4.,  22.,   5.,   6.,  19.],
        [ 45.,   2.,   1.,   6.,   2., 279.,   5.,   2.,  14.,   1.],
        [  0.,   1.,  93.,   0.,  61.,   2.,   9.,   1.,   0.,   1.],
        [  3., 284.,  10.,  11.,   3.,  20.,  13.,   7.,  46.,   3.],
        [ 21.,   3.,   1.,   4.,  31., 300.,  10.,   2.,   7.,   4.],
        [317.,   0.,   3.,   1.,   2.,   7.,   8.,   7.,   2.,   2.],
        [ 21.,   2.,   2.,  11.,   4., 296.,   1.,   4.,  15.,   3.],
        [  5.,   2.,   4., 267.,   1.,  11.,   1.,  16.,  14.,   3.],
        [  4.,  38.,   4.,   8.,   6.,   5.,  13.,   7., 242.,  11.],
        [  4.,  14.,  13.,   8.,   2.,  10.,   4., 127., 106.,  10.],
        [317.,   1.,   3.,   1.,   1.,  31.,   4.,   5.,   2.,   1.],
        [ 53.,   2.,   5., 277.,   0.,  33.,   4.,   2., 135.,   0.],
        [  5.,   6.,   4.,   9.,   2.,   8.,  14.,  12., 278., 109.],
        [317.,   1.,   6.,   3.,   1.,   8.,   8.,   4.,   1.,   2.],
        [  1., 302.,   9.,  12.,   0.,   3.,  15.,   9.,  18.,   5.],
        [  1., 288.,   7.,   9.,   1.,   2.,   9.,   8.,  11.,   2.],
        [305.,   3.,   5.,   2.,   5.,  34.,   8.,   1.,   3.,   2.],
        [312.,   1.,   5.,   4.,   3.,  10.,  18.,   2.,   3.,   3.],
        [  5.,  17.,   6.,  12.,   4.,   2.,  40.,   6., 260.,  13.],
        [  3.,   1., 309.,   2.,  39.,   0.,  11.,   3.,   3.,  76.],
        [  2., 290.,   7.,  13.,   1.,   2.,  10.,   6.,  14.,   3.],
        [  3., 301.,   8.,  16.,   1.,   6.,  30.,   5.,  31.,   4.],
        [ 66.,   5.,   4., 219.,   1.,   5.,  15.,   1.,  16.,   1.],
        [  2.,   3.,   5.,   5.,   2.,   2., 292.,   2.,   8.,   6.],
        [  1., 298.,   6.,  10.,   1.,   3.,   5.,   7.,   8.,   5.],
        [  6.,   6.,   7.,  50.,   3.,  17.,   7.,   7., 285.,   2.],
        [311.,   1.,   4.,   6.,   2.,   9.,   4.,  10.,   1.,   2.],
        [  3.,   2.,   1.,   2.,  40.,   2.,  10.,  30.,  25., 297.],
        [  8.,   8.,   2.,   2.,   8.,   7.,   2., 273.,   5.,  39.],
        [210.,   1.,   4.,   3.,   3.,   3.,  65.,   2.,   9.,   2.],
        [217.,   1.,   4.,   6.,   3.,   2., 100.,   4.,   7.,   3.],
        [303.,   1.,   3.,   1.,   3.,   6.,  62.,   7.,   3.,   3.],
        [  2.,  59.,  15.,   6.,   6.,   9.,   5.,   1.,  91.,   1.]],
       device='cuda:0')
Epoch 8 | Batch 500
tensor([[ 25.,   3.,   9., 280.,   4.,   9.,   1.,   7.,   8.,   1.],
        [  7.,  16.,   2.,  10.,   7., 248.,  11.,  17.,   4.,  11.],
        [ 19.,   4.,  21., 297.,  13.,   0.,   1.,   3.,  25.,   3.],
        [156.,   1.,   1., 118.,   8.,   0.,   2.,  59.,   2.,   2.],
        [  4.,  47.,   1.,   6.,   5.,  55.,   4.,  23.,  10., 272.],
        [304.,   1.,   0.,  20.,   4.,  21.,   4.,   9.,   9.,   0.],
        [300.,   2.,   2.,   3.,  14.,   3.,  29.,   9.,   0.,   4.],
        [  3.,   9.,   1.,   4., 278.,   4.,  19.,  15.,  10.,  23.],
        [  6.,  17., 236.,   5.,   2.,   5.,   7.,  15.,  11.,  12.],
        [319.,   2.,   0.,  16.,  13.,   0.,   9.,  13.,   0.,   1.],
        [  3., 301., 111.,  13.,   4.,   3.,   5.,  16.,  41.,  15.],
        [ 26.,   1.,   0.,   2.,  20.,   1.,   8., 275.,   2.,  27.],
        [  1., 277.,   4.,  11.,   8.,   4.,   5.,  14.,   6.,   8.],
        [  3., 289.,  11.,  11.,   8.,   5.,   2.,  12.,  15.,   9.],
        [  8.,  19.,   0.,   3.,  11.,   7.,   2.,  16.,   9., 297.],
        [  3., 296.,  13.,  12.,   6.,   5.,   2.,  12.,  13.,   9.],
        [ 14.,   4.,   0.,   3., 139.,   0.,   7., 263.,   2.,  29.],
        [  2.,   7.,   2.,   9.,   5.,   2.,   7., 305.,   3.,  12.],
        [  2.,   5.,   2.,   3.,  18.,   5.,   2.,   3.,   6., 255.],
        [  5.,   2.,  60.,   1., 229.,   0.,  12.,   3.,   4.,   6.],
        [  1., 280.,   3.,   8.,   2.,   2.,   1.,  14.,   3.,   8.],
        [  3., 303.,  10.,  12.,   4.,   2.,   3.,  12.,   7.,  12.],
        [  4.,  10.,   0.,   4.,   6.,  12.,   4., 289.,   4.,  20.],
        [  3.,  11.,   1.,   2., 282.,   2.,   5.,   6.,   7.,  13.],
        [  3.,   5.,   1.,   3., 297.,   2.,  10.,  21.,  15.,  51.],
        [ 14.,   5.,   7.,   7.,   4.,  13., 308.,   3.,   2.,   3.],
        [  4.,   5.,   3.,   6.,  98.,   1., 159.,   8.,   9.,  15.],
        [  5.,   3.,   1.,   2., 271.,   2.,  39.,  10.,   6.,   5.],
        [304.,   1.,   1.,  11.,  10.,   1.,  11.,   4.,   3.,   1.],
        [312.,   1.,   1.,   2.,  25.,   0.,  53.,  11.,   0.,   3.],
        [ 45.,   2.,  10.,   2.,   4.,   0., 164.,   2.,   2.,   5.],
        [  9.,   4.,   0.,   3., 276.,   1.,   9.,  26.,   3.,  52.],
        [  3., 296.,  10.,  10.,   3.,   1.,   6.,   8.,   8.,   8.],
        [ 11.,   2.,   4., 311.,   1.,  13.,   0.,   2.,   6.,   1.],
        [313.,   2.,   1.,  10.,  10.,   2.,   7.,   6.,   1.,   0.],
        [305.,   2.,   0.,  20.,  12.,   8.,  14.,  13.,   3.,   0.],
        [  1., 288.,   3.,   8.,   1.,   1.,   2.,   5.,   7.,   7.],
        [ 89.,   3.,   0.,   2.,  15.,   4.,   6., 282.,   1.,  17.],
        [ 15.,   8.,   3.,   6.,  11.,   3.,  31.,  23., 262.,  20.],
        [  2.,  60.,   4.,  13.,  10.,   5.,   2., 290.,   5.,  13.],
        [  1.,   2.,   2.,   4., 258.,   1.,   7.,   3.,   8.,  15.],
        [ 11.,   6.,   1.,   4.,   2.,   2.,   3., 301.,   4.,  25.],
        [ 17.,   3.,   2.,   2., 137.,   0., 311.,   4.,   2.,   8.],
        [ 24.,   7.,   1.,  21.,   4., 274.,   7.,   8.,   3.,   8.],
        [  0., 200.,   2.,   6.,   1.,   1.,   0.,  11.,   1.,   3.],
        [  3., 309.,   8.,  14.,   2.,   1.,   6.,   9.,   9.,  12.],
        [  6.,   4.,   0.,   5.,  22.,   1.,   2.,  11.,   8., 301.],
        [  3., 306.,  13.,  16.,   4.,   1.,   3.,  16.,   8.,  11.],
        [  4.,  45.,   2.,  22.,   7.,   6.,  10.,   7., 188.,   5.],
        [ 10.,  61.,   7.,  15.,   8.,   6.,  16.,  17.,   5.,  15.],
        [  4.,   1.,   3., 287.,   2.,   6.,   0.,  14.,  75.,   3.],
        [  6.,   5.,   0.,   6.,   3., 249.,   2.,  30.,   5.,  16.],
        [  3.,   6.,   3.,   4., 278.,   1.,  14.,  39.,  15.,  20.],
        [  2.,   2.,   1.,   7., 260.,   0.,  21.,   5.,   8.,  23.],
        [ 10.,   4.,   0.,   1., 299.,   2.,  20.,  22.,   9.,  55.],
        [  4.,   3.,  11.,  67.,  13.,   2.,   0.,   3., 264.,  12.],
        [  3., 306.,  18.,  10.,   3.,   2.,   5.,   8.,  13.,  10.],
        [ 10.,   7.,   6.,   5.,   9.,   4., 307.,   4.,   1.,   8.],
        [  0.,   0.,   1.,  38., 250.,   0.,   8.,  13.,   5.,  41.],
        [  1.,  76.,   2.,  15.,   4.,   3., 269.,   5.,   6.,   7.],
        [283.,   3.,   2.,   3.,  16.,   6.,  14.,  12.,   1.,   4.],
        [  5.,   5.,   3.,   3.,  34.,   2.,   5.,  19., 234.,  72.],
        [  3., 276.,   7.,  10.,   5.,   4.,   2.,   8.,  14.,   8.],
        [  2.,  23.,   3.,   8.,   6.,   3.,   3., 284.,   3.,  17.]],
       device='cuda:0')
Epoch 8 | Batch 600
tensor([[  1.,   6.,   7.,   7.,   8.,  11., 282.,   3.,   8.,  10.],
        [  1.,   2.,   7.,   6., 259.,   7.,   8.,   9.,   4.,  31.],
        [  4.,  21.,   6.,  28.,   3.,  14.,   8.,   6., 231.,   9.],
        [  1.,  12.,   5.,   6., 272.,  18.,  14.,  11.,   7.,  24.],
        [  6.,   4., 163.,   8.,   1.,   9.,   4.,  67.,  12.,  10.],
        [  1.,   9.,   4.,  18.,  37.,  22.,   8.,   6.,   6., 282.],
        [  1.,  84.,   4.,   7.,   4., 155.,   4.,  10.,   6.,   5.],
        [  2.,  27.,   4.,  14.,  30.,  26.,   8.,   7.,   4., 288.],
        [ 39.,  16.,  16.,   6.,   3., 297.,   3.,  19.,   4.,   4.],
        [  4.,   5.,   3.,  52.,   3., 251.,  55.,   3.,  18.,   1.],
        [  3.,   4.,   3.,  11.,  48.,  24.,  24.,   1.,   6., 276.],
        [ 46.,   7.,  40., 290.,   1., 129.,   7.,   3.,   4.,   2.],
        [  1.,   3.,  31.,   9.,  15.,   9.,  12., 296.,   3.,  16.],
        [  0., 299.,   5.,  13.,   3.,   8.,   8.,  13.,   8.,   6.],
        [  2.,   5.,   3.,  10.,  14.,  25.,   5.,  43.,   3., 277.],
        [  3.,  12.,   6., 286.,   3.,  95.,   6.,   5.,   7.,   4.],
        [  8.,   2.,   2.,   2.,  19.,   8.,   2., 275.,   1.,  29.],
        [  0., 246.,   2.,  10.,   2.,   5.,   4.,   5.,  12.,   4.],
        [  3.,   4.,  47.,   5.,   6.,   8.,   2., 303.,   2.,  15.],
        [  0.,   7.,   5., 186.,  17.,  13.,   4.,   8.,  49.,  72.],
        [  1.,   2.,  13.,   2.,  12.,   5., 313.,   4.,  71.,  11.],
        [  1.,   2.,   5.,   8., 256.,   6.,   7.,  10.,   4.,  25.],
        [  2.,  12.,  12.,   8.,  31.,  11.,  17.,  13.,  10., 246.],
        [  2.,  26.,   4.,   8.,  25.,  26.,  18.,  20.,  10., 276.],
        [  6.,   4.,   4.,   2.,   7.,   8., 132.,   4., 250.,  69.],
        [  1., 295.,   5.,  35.,   4.,   8.,  10.,   9.,  15.,   7.],
        [ 71.,   5.,   7., 274.,   1.,  67.,   4.,   4.,  66.,   3.],
        [  2.,   4.,  10.,   3., 202.,   7.,  49.,  17.,  10.,  16.],
        [  7.,   4.,   7.,   4., 275.,   7.,  10.,  14.,   1.,  39.],
        [ 17.,   4.,  54.,   1.,  23.,   5., 290.,   3.,   0.,   8.],
        [ 15.,   8.,   3.,   2.,   5.,   8.,   3., 313.,   2.,   5.],
        [  8.,   4.,  11.,   3.,  14.,   8., 305.,   3.,   1.,  10.],
        [ 13.,  16.,   7.,  14.,   4., 294.,   2.,   2.,  11.,  10.],
        [  0., 274.,   5.,  11.,   5.,   7.,  10.,  11.,  10.,   6.],
        [  3.,   2.,   3.,  12.,   5.,   9.,   2., 272.,   2.,   5.],
        [  4.,   2.,   3.,   2., 239.,   5.,  14.,   9.,   3.,  43.],
        [  3.,  23.,  16.,   6.,   9.,  13.,   3., 300.,   3.,   8.],
        [ 16.,   1.,   5.,   2.,   4.,   9.,   1., 312.,   1.,   9.],
        [  2.,   6.,  16.,   3.,  11.,  10., 298.,   8.,   1.,  10.],
        [  4.,   6.,  53.,   4.,  25.,   4., 302.,   5.,   0.,  11.],
        [  1., 243.,   3.,  13.,   4.,   8.,   5.,  10.,  12.,   5.],
        [  0., 294.,   7.,  13.,   4.,   9.,   6.,  10.,   5.,  10.],
        [  1.,   2.,   7.,   5., 278.,  11.,  13.,   7.,   4.,  59.],
        [  1.,   8.,  10.,   7.,   8.,   7.,   5., 302.,   2.,  21.],
        [  3.,  11.,   5.,   8.,  25.,  55.,   9.,  20.,   5., 230.],
        [  0.,   4.,   4.,   5.,   6.,   6.,   5.,   6.,   3., 268.],
        [  0.,   3.,   7.,   7.,  49.,   5.,  10.,  29.,   3., 286.],
        [ 31.,   3.,  49., 307.,   2., 150.,   2.,   2.,   3.,   1.],
        [  4.,   2.,   2.,   7.,   5., 245.,   3.,  18.,   2.,  12.],
        [  0.,   3.,   9.,   7., 261.,   6.,   6.,  17.,   3.,  24.],
        [  4.,  11.,   5.,  11.,  18.,  31.,  12.,   3., 271.,   5.],
        [  5.,   4.,   6.,   5.,   5.,  10., 304.,   4.,   4.,  11.],
        [  7.,   3.,   7.,   3.,   3.,   9., 293.,   3.,   2.,   6.],
        [  5.,   6.,   9.,  10.,  10., 202.,  18.,   3.,   4.,   6.],
        [  2.,   1.,   4.,   8.,  30.,  14.,  10.,  16.,   6., 284.],
        [  3.,   6.,   3.,   8., 266.,  27.,   9.,  16.,   7.,  50.],
        [  6.,   2.,  13.,   1.,  10.,   4., 317.,   6.,  14.,   9.],
        [ 13.,   4.,  14.,   2.,   3.,  11.,   1., 313.,   1.,  13.],
        [  1.,   6.,   3.,  13.,  30.,  32.,   7.,  29.,   5., 280.],
        [ 80.,   2.,   1.,   1.,  14.,  14.,   3., 307.,   0.,   3.],
        [  1.,   5.,   2.,   7.,   2., 206.,  12.,   3.,   6.,   1.],
        [313.,   2.,   4.,   3.,   1.,  15.,   6.,   9.,  17.,   2.],
        [  0.,   7.,  77.,   9.,   2.,  15.,  25., 154.,   3.,   6.],
        [ 11.,   2., 159.,   3.,   9.,   7.,  10.,  34.,   3.,   6.]],
       device='cuda:0')
Epoch 8 | Batch 700
tensor([[  3.,   7.,   8.,   3.,  14.,   5.,  11.,   4., 268.,   6.],
        [  4.,  15., 215.,   3.,   4.,   7.,   2.,  11., 138.,   3.],
        [  1.,  17.,   4., 248.,   5.,   4.,   3.,   3.,  15.,  21.],
        [ 15.,   4.,   8.,   1.,   2.,   2., 201.,   6.,   8.,   1.],
        [  2.,   8.,   3.,   0.,  10., 232.,   3.,   2.,  40.,   8.],
        [293.,   2.,  25.,  91.,   1.,  12.,   2.,   7.,  15.,   6.],
        [ 26.,   5.,   5.,  30.,   3., 240.,   9.,   9.,   7.,   6.],
        [ 13.,  15.,  10.,   2.,  10.,   4.,   9.,   4., 233.,  44.],
        [  3., 125.,  24.,   4.,   2.,   3.,   5.,  11., 137.,  11.],
        [  4.,   5.,   2.,   2.,  16.,   7.,   5.,  45.,  19., 277.],
        [  1., 276.,   6.,   6.,   2.,   3.,   4.,  13.,  11.,  20.],
        [  3.,  31.,   6.,   1.,   4.,   7.,   6.,   7., 105., 278.],
        [107.,   9., 238.,   0.,   1.,   2.,   4.,   8.,   5.,   5.],
        [  5.,  17.,  81.,  10.,   5.,   4.,  11.,   4., 263.,  16.],
        [  4.,   5.,   3.,   1.,  13.,   4.,   5.,  33.,  31., 275.],
        [  4.,   4.,   2.,   0., 286.,  67.,  24.,  17.,  10.,  10.],
        [  1., 291.,   7.,   3.,   3.,   3.,   3.,   9.,  15.,  22.],
        [  2., 301.,  18.,   5.,   1.,   4.,   6.,   6.,  22.,  20.],
        [  2.,  20.,   8.,   3., 218.,  17.,  18.,   6.,  17.,  13.],
        [  7.,   8., 194.,   0.,   1.,   3.,  13., 117.,  13.,   9.],
        [ 81.,   3.,   2.,  82.,  13.,  15.,   3.,   2., 217.,   1.],
        [ 28.,   3.,  28.,   8.,   6.,  13.,   1.,   3., 266.,   5.],
        [  0., 293.,  12.,   7.,   5.,   7.,  11.,   7.,  17.,  11.],
        [  1.,   7.,  18.,   1.,  17.,   6., 300.,   3.,  12.,  10.],
        [  7.,   4.,   6.,   0.,   4.,  21.,   3.,   5., 303.,   8.],
        [  1.,   7.,  10., 283.,   4.,   8.,   3.,   4.,  27.,  18.],
        [ 25.,   7., 109.,   0.,   3., 263.,   3.,   6.,  11.,   4.],
        [  9.,   8.,   7.,  45.,   4., 242.,   4.,   3.,  10.,   4.],
        [  1.,  35., 265.,   1.,  15.,   5.,  40.,   4.,   8.,   2.],
        [ 14.,   6.,   3.,   1.,   4.,   3.,   3., 284.,  13.,  44.],
        [ 17.,   6.,  13.,   1.,  10.,   5.,  12.,   7., 244.,   8.],
        [ 58.,   2.,   1.,   0.,  50.,   0.,  18.,  18.,  52., 193.],
        [241.,   2.,  15.,   3.,   2.,   3.,  12.,  12.,   4.,   0.],
        [ 45.,   3.,  24., 293.,   1.,  31.,   3.,   5.,  12.,   2.],
        [  1.,   9.,   4.,   4.,  17.,   4.,   6.,  10.,  11., 289.],
        [  3.,   6.,  12.,   7.,   5.,  41., 285.,   2.,  18.,   5.],
        [  0.,  24.,  34.,   6.,  16.,   2.,   7., 286.,  39.,  27.],
        [311.,   3.,   3.,  35.,   3.,   7.,   3.,   9.,   6.,   8.],
        [  3.,  14.,   2.,   1., 263.,  14.,  22.,  34.,  18.,  38.],
        [  0., 299.,  12.,   9.,   3.,   6.,  10.,  10.,  15.,  16.],
        [  1., 307.,  13.,   5.,   3.,   6.,   5.,  13.,  39.,  94.],
        [  3.,   4.,   9.,   1.,  42.,   0.,   5.,  39.,  14., 161.],
        [300.,   2.,   3.,   0.,   7.,   9.,  29.,   6.,   2.,   2.],
        [  1.,  16., 242.,   1.,   1.,   6.,  31.,  17.,  13.,   5.],
        [  1.,   7.,   8.,   2.,  20.,   6., 273.,   5.,  11.,  14.],
        [  4.,   5.,   0.,   1., 292.,   4.,  31.,   9.,   6.,  39.],
        [  4.,  29.,   9.,   2.,   5.,   4.,   5.,  11., 289.,  24.],
        [  1., 303.,  18.,   2.,   5.,   8.,   4.,  14.,  18.,  12.],
        [  2.,   7.,   7.,   0.,   9.,   6., 291.,   3.,  12.,  10.],
        [  0., 168.,   9.,   6.,   7.,   9.,  13.,  10.,  19.,  10.],
        [ 34.,   2.,  26., 302.,   1.,  14.,   0.,   3.,  10.,   0.],
        [  2.,   3.,   7.,   0.,  28.,   5., 284.,  10.,   6.,   5.],
        [ 33.,   4.,   1.,   0.,  10.,   3.,   4., 244.,   7.,  26.],
        [ 24.,   3.,   3.,  90.,   8., 239.,  12.,   4.,  77.,   2.],
        [  4.,   7.,  22.,  28.,   7.,   1.,   2.,  50., 136.,  12.],
        [310.,   2.,   4.,   3.,   1.,  12.,   2.,  16.,  18.,   2.],
        [  4.,  11.,   9.,   5.,   6.,   3.,   7.,   6., 262.,  31.],
        [ 17.,   5.,  20., 296.,   3.,  45.,   2.,   3.,  10.,   1.],
        [  1.,  37.,   7.,   5.,   4.,  22., 262.,   3.,  70.,   9.],
        [  3.,   8.,   2.,   4.,  11.,   7.,   3.,  84.,  15., 260.],
        [  1., 302.,  12.,   8.,   2.,   4.,   8.,  12.,  16.,  24.],
        [  9.,   6.,   6.,   2.,   5.,  31., 257.,   2.,  26.,   8.],
        [317.,   2.,   4.,   0.,  14.,   8.,   8.,   7.,   2.,   3.],
        [  2.,   3.,   4.,   0., 267.,   5.,  12.,  86.,  30.,   9.]],
       device='cuda:0')
Epoch 8 | Batch 800
tensor([[  6.,   2.,   2., 111.,   1., 271.,   0.,  10.,   9.,  11.],
        [  1.,   3.,   7., 101.,   7.,   4.,   2., 298.,   1.,  10.],
        [  0., 306.,   7.,  12.,   5.,   3.,  11.,   7.,   6.,   5.],
        [312.,   5.,  16.,   3.,   0.,  17.,  13.,   9.,   1.,   4.],
        [  0., 288.,   3.,  19.,   4.,   6.,  10.,  15.,   8.,  12.],
        [  0.,   4.,   5.,  11.,  10.,  15.,   3.,   9.,   4., 290.],
        [  2.,   9.,   4.,   5., 269.,   4.,   9.,   7.,   3.,  31.],
        [  0.,   4.,  11., 296.,   1.,  40.,   4.,   2.,   5.,   4.],
        [ 21.,  80.,  25.,  23.,   2., 237.,   6.,   3.,   3.,   2.],
        [  0., 303.,  10.,  11.,   2.,   5.,  13.,   4.,   7.,   4.],
        [  2.,   3.,   3.,  14.,   4., 283.,   3.,   2.,   6.,  49.],
        [  1.,   3.,   3., 297.,   1.,  14.,  11.,   3.,   9.,   4.],
        [ 47.,   2.,   8.,  18.,   3.,   4., 296.,   6.,   3.,   4.],
        [  5.,   2.,   6.,  29., 244.,  20.,   9.,   2.,   4.,  91.],
        [  0., 239.,   5.,  32.,   4.,   9.,  28.,   9.,  36.,  15.],
        [  1.,  46.,   4.,   9.,   3.,   5., 233.,   2.,   9.,   5.],
        [  0.,  31.,   4., 144.,   3.,   6.,   4.,  64.,  14.,  28.],
        [  6.,   2.,   4.,  12.,   5.,   7.,   6., 261.,   2.,  21.],
        [  6.,  91.,  11.,  18.,   2., 219.,   8.,   4.,   6.,   6.],
        [  0.,  75.,   8.,  49.,   2.,   3.,   3., 153.,   4.,  15.],
        [  2.,   0., 313.,  47.,   0.,   0.,   3.,  14.,   0.,   1.],
        [  3.,   3.,   6.,  13.,  38., 273.,   4.,   6.,  18.,   5.],
        [ 34.,   2.,  10.,   2., 253.,  48.,  21.,   5.,   4.,   9.],
        [  0.,  43., 131.,  25.,   3.,   7.,  10.,  43.,   6.,   6.],
        [ 20.,   2.,   6.,   7., 245.,  29.,   8.,   5.,   3.,  17.],
        [  0., 111.,   8.,  30.,   2.,   3.,   3., 187.,   4.,  39.],
        [  6.,   8.,  13.,   6.,  13.,   0., 288.,   7.,   2.,  14.],
        [  2.,  19.,   4.,  11., 132.,  15.,  12.,   6.,   9.,  13.],
        [315.,   1.,  29.,  23.,   0.,   7.,   1.,   7.,   1.,   0.],
        [  1.,   3.,   7.,  11.,  12.,   5.,   4.,  15.,   3., 303.],
        [300.,   1.,  27.,  17.,   2.,  43.,   2.,   5.,   0.,   4.],
        [305.,   1.,  12.,  14.,   1.,   6.,   6.,   9.,   1.,   4.],
        [  7.,   2.,  11., 161.,   4., 275.,   0.,   2.,   5.,   2.],
        [  1.,  57.,   2.,  14.,   4.,   5.,   7.,  48.,   8., 240.],
        [  8.,  27.,   9.,  14.,   2.,   9.,   4.,  13., 264.,  10.],
        [  4.,   3.,  10.,  13.,   3.,  22.,   2.,   3.,  17., 284.],
        [  0.,   6.,   3.,  11.,   4.,   4.,   8.,  12.,   6., 278.],
        [  1.,   6.,   1.,  20.,   3.,  18.,   6.,  12.,   8., 178.],
        [  0.,  11.,   4.,  67.,   6.,   7.,   4., 273.,   7.,  10.],
        [ 31.,   8.,   4.,   3.,   7.,   6.,   3., 174.,   1.,  30.],
        [  1.,  19., 270.,   7.,   4.,   2.,  17.,  10.,   4.,   5.],
        [  0., 148.,   3.,  29.,   6.,  10.,  10.,  45.,  10.,  14.],
        [  0.,   3.,   4.,  16., 211.,  44.,   5.,   1.,   8., 239.],
        [ 19.,   3., 302.,  11.,   2.,   1.,   2.,  16.,   9.,   3.],
        [  0., 284.,   6.,   7.,   1.,   2.,   5.,   2.,   4.,   3.],
        [  0., 278.,   7.,   7.,   2.,   2.,   3.,   3.,   6.,   4.],
        [  6.,   2., 288.,  43.,   3.,   3.,   3.,   6.,   1.,   5.],
        [ 68.,   6.,  25., 301.,   0.,   1.,   2.,   5.,   2.,   2.],
        [  2.,  44.,   7.,  18.,   2.,   2.,  11.,   8., 263.,  23.],
        [  2.,   6., 287.,  19.,   0.,   4.,  33.,   6.,  29.,   1.],
        [229.,   2.,   5., 107.,   2.,   7.,   7.,   5.,   9.,   4.],
        [ 10.,   5.,   6.,   9.,   2.,   2.,   2., 298.,   3.,  22.],
        [ 20.,   4.,  24.,   2., 245.,   3.,   7.,  11.,   3.,  11.],
        [  2.,   4.,   4.,  24.,  14.,  24.,   2.,   1.,   3., 302.],
        [  3.,   1.,   7.,  93.,   8.,  12.,  10.,  15., 125.,  11.],
        [  1.,   3.,  10.,  21.,   3.,   3.,   1., 287.,   1.,  19.],
        [  0., 290.,  28.,  12.,   4.,   4.,   7.,   7.,  11.,   6.],
        [  4.,   2.,   6.,  13.,   8.,  15.,   7.,   7.,   3., 272.],
        [  1., 276.,   2.,  11.,   1.,   5.,   6.,   8.,   4.,  10.],
        [ 13.,   8.,   6.,  11.,   6.,   1., 275.,  11.,   5.,   9.],
        [  2.,   1.,  30., 315.,   1.,  14.,   0.,   1.,   2.,   3.],
        [  4.,   3., 158.,  19.,   4.,   6.,  33.,   3.,   5.,  15.],
        [  2.,  11.,  16., 164.,   4.,   3.,   3.,   3.,  11.,  13.],
        [  1., 303.,   8.,  20.,   2.,   5.,  18.,   5.,  13.,   8.]],
       device='cuda:0')
Epoch 8 | Batch 900
Switching label layer to Inference Mode (LIF)...
Epoch 8 DONE | Test Acc: 74.25% | Time: 775.1s
Switching label layer back to Training Mode (Clamp)...
tensor([[ 30.,   4.,   9.,   1.,   4.,   1.,  13.,  34., 228., 122.],
        [  0.,  26.,   5.,   8.,   2.,   5., 214.,   2.,  10.,   3.],
        [  9.,   6.,  17.,   7.,   2.,   3.,   3., 310.,   3.,   6.],
        [  0., 311.,   7.,  11.,   3.,   5.,   6.,   7.,  10.,   3.],
        [ 11.,   3.,   7.,  72.,   8., 225.,   4.,   0.,  15.,   0.],
        [ 18.,   6.,  14.,   4.,   4.,   3., 302.,   2.,   8.,   4.],
        [  8.,   4.,   5.,  16.,   1.,   6., 299.,   1.,  20.,   3.],
        [ 47.,   6.,   5.,   1.,   7., 285.,  35.,   4.,   3.,   3.],
        [  0.,  14.,   3.,  16.,   6.,  10.,  12.,  40., 261.,  16.],
        [311.,   1.,  15.,   5.,   0.,   4.,   1.,   8.,   7.,   1.],
        [  2.,   5.,  12.,  12.,  20.,   8.,   8.,  29.,   9., 265.],
        [  0.,  25.,   9.,   9.,   3.,   7.,   4., 182.,   7.,   5.],
        [  5.,   3.,   8.,   4., 277.,   7.,   9.,  24.,   6.,  22.],
        [ 13.,   5.,  72.,   2.,   8.,   2.,  19.,  11.,   4., 207.],
        [  2.,   4.,  13.,   1., 298.,   8.,  18.,  14.,  16.,   7.],
        [331.,   0.,   7.,   1.,   0.,   1.,   1.,   9.,  13.,   0.],
        [  1.,  77.,  12.,  14.,   2.,   4.,  10.,   6., 248.,   5.],
        [  9.,   3., 303.,   7.,   1.,   2.,   2.,  45.,   6.,   6.],
        [  0.,  12.,   2.,  16.,  40.,  25.,  10.,   1.,  12., 251.],
        [288.,   3.,   5.,   2.,   1.,   0.,  14.,  67.,   3.,   6.],
        [  4.,   7.,   3.,   7.,   8.,  14.,   6., 109.,  10., 236.],
        [  0.,   7.,  10., 257.,   5.,   5.,   2.,   3.,  16.,   5.],
        [  0., 298.,   4.,  10.,   1.,   4.,   6.,   3.,   7.,   4.],
        [ 13.,   4.,  16., 287.,   7.,   9.,   8.,   1.,   7.,   0.],
        [ 12.,   5.,  54.,  23.,   4.,   6.,   8., 145.,   3.,   3.],
        [271.,   1.,  13.,  10.,   3.,  10.,  10.,   6.,   2.,   8.],
        [316.,   1.,  10.,   3.,   0.,   2.,   4.,   5.,  27.,   2.],
        [  4.,   5.,   7.,  14.,   8.,   6.,   9.,   3., 240.,  14.],
        [  8.,   6., 164.,   7.,   4.,   2.,   6.,  10.,  11.,   9.],
        [  4.,   5.,   3.,   1.,   4., 258.,   7.,  20.,   3.,   4.],
        [  2.,   7.,   8.,   1., 156.,  20.,  10.,   6.,  24.,   6.],
        [  2.,   4.,   6.,   8.,   3.,   6., 277.,   1.,   4.,   4.],
        [  1.,  30.,   6.,   4.,   7.,   8.,   5., 298.,  45.,  19.],
        [ 17.,   4.,   9.,   2.,   6.,   4., 296.,   4.,   6.,   3.],
        [  0.,  10.,   3., 301.,   4.,  15.,   6.,   3.,  16.,   2.],
        [  9.,  14.,   4., 276.,   1.,   7.,   3.,   3.,   7.,   3.],
        [ 13.,   3.,   2.,   1., 292.,  79.,  16.,   5.,   6.,   5.],
        [  0.,  28.,   6., 264.,  13.,   7.,   3.,   1.,  16.,   7.],
        [ 17.,   3.,   4.,   5.,   3.,   2.,   5., 301.,   1.,  17.],
        [  0.,  13.,  21.,   7.,   9.,   6.,  10., 190.,  10.,  45.],
        [  0.,  24.,   8.,   7.,   2.,   7., 273.,   2., 113.,   5.],
        [312.,   3.,   8.,   4.,   3.,   4.,  14.,  11.,   1.,   1.],
        [  0., 303.,  15.,  14.,   7.,   6.,   6.,   5.,  23.,   1.],
        [  2.,  15.,   4., 269.,   2.,   9.,   4.,   8.,  13.,  20.],
        [ 12.,   3.,   1.,  20., 293.,   9.,   7.,   1.,   4.,  56.],
        [321.,   1.,  13.,  28.,   0.,   2.,   2.,  18.,   1.,   0.],
        [  0., 310.,  11.,  14.,   2.,   4.,   8.,  12.,   9.,   9.],
        [  0.,  22.,   8., 277.,  11.,   7.,   2.,   2.,  15.,   5.],
        [ 10.,   3.,  12.,   8.,   5.,   2.,   6., 315.,   0.,  16.],
        [  0.,   7.,   3.,   8., 298.,  22.,  10.,   7.,  24.,   7.],
        [  0., 296.,   5.,   8.,   1.,   4.,   6.,   3.,   6.,   3.],
        [  6.,   7.,  16.,   7.,   4.,  14., 287.,   3.,  37.,   2.],
        [  0.,   7.,   2.,  12., 195.,  12.,   9., 144.,  24.,  12.],
        [  0.,  60.,   8.,  56.,   3.,   9.,   4., 193.,  12.,  12.],
        [ 27.,   4., 264.,   2.,   4.,   2.,   7.,  27.,   3.,  22.],
        [ 18.,   6.,   3.,   7.,   8., 287.,  10.,   7.,   9.,   6.],
        [ 48.,   3.,   7.,   3.,  24.,  28.,  20.,   2., 218.,   3.],
        [  0., 161.,   3.,  14.,   3.,  11.,  10., 123.,  12.,  16.],
        [ 52.,   4.,   2.,   6.,   2., 279.,   8.,   7.,   3.,   2.],
        [  0., 307.,  12.,  17.,   1.,   5.,  15.,   9.,  14.,   5.],
        [ 56.,   2.,  77.,   0.,   6.,   3., 306.,   5.,   2.,   1.],
        [ 31.,   4.,   3.,   1.,  17.,   4.,   9.,  32.,  27., 195.],
        [  0.,   4.,  17.,   6.,  14.,   7., 300.,   2.,  50.,   3.],
        [  0., 122.,  64.,  23.,   4.,   8.,   8.,   5.,   6.,   2.]],
       device='cuda:0')
Epoch 9 | Batch 0
tensor([[ 30.,   4.,   5.,   2.,   5.,   8.,   0., 302.,  10.,  11.],
        [ 68.,   4.,   1.,   1.,  11., 142.,  54.,   1.,   1.,   9.],
        [  0.,   4.,   3.,   8., 174.,   5.,   3.,  94.,   5.,  26.],
        [  4.,   9.,   3.,   1.,  12.,   9.,   1.,  25.,  12., 290.],
        [ 11.,   8.,   3.,   0.,   7., 293.,   3.,   3.,  14.,  15.],
        [  0., 238.,  19.,   8.,   8.,  10.,   0.,   2.,  65.,   6.],
        [ 23.,   3.,  15.,   1.,  19.,   2.,   2.,  12.,   4., 297.],
        [  0.,   8.,   5.,   4.,   5.,   5., 296.,   1.,   3.,   6.],
        [  0., 280.,   5.,   5.,   5.,  15.,   7.,   5.,  12.,   6.],
        [  0.,  17.,   5.,  95.,  12.,   8.,   0., 276.,   5.,  25.],
        [  0.,  10.,  11.,   5.,  11.,   6., 309.,   0.,   2.,   7.],
        [  7.,   6.,  56., 274.,   4.,  18.,   0.,   0.,   3.,   7.],
        [  0., 272.,   4.,   5.,   3.,  11.,   5.,   6.,   8.,   6.],
        [306.,   2.,   8.,   2.,   2.,  35.,  11.,  14.,   1.,  15.],
        [ 12.,   2.,  31.,   1.,  13.,   1., 312.,   4.,   0.,   2.],
        [ 32.,   8.,  28.,   3.,   2.,  16.,   1.,  12., 243.,   6.],
        [  5.,  10.,   5.,   2., 249.,  12.,  40.,   4.,   3.,  10.],
        [306.,   1.,   5.,   1.,   1.,  14.,   4.,   5.,   6.,   7.],
        [ 29.,   3.,   5.,   0.,  20.,   7.,   6.,  14.,   5., 264.],
        [ 14.,   4.,   8.,   0.,  19.,   7.,  15.,  31.,   9., 295.],
        [  0., 282.,   4.,  11.,   6.,  24.,   8.,   8.,  30.,   9.],
        [320.,   1.,   7.,   0.,   5.,  32.,  23.,   5.,   1.,   2.],
        [  0.,   8.,   2.,   3.,   9.,   6.,   2.,   3.,   5., 287.],
        [ 36.,   4.,   3.,  28.,   3.,  19., 149.,   3.,   7.,  25.],
        [ 16.,   1.,   7.,   0., 287.,   8.,  28.,   5.,   2.,  15.],
        [  0.,   4.,   8.,   6.,  13.,  15.,   8.,   0.,   8., 279.],
        [ 25.,   5.,   1.,  31.,  15., 296.,   1.,   7.,   3.,  38.],
        [ 16.,  54.,   9.,   2.,   6., 292.,   2.,   4.,   6.,   5.],
        [  0.,   4.,   8., 244.,   6.,  10.,   0.,   3.,   6.,  10.],
        [  2.,  10.,   8.,  12.,   8., 280.,   2.,   2.,   7.,  20.],
        [  0.,   7.,   4.,  98.,  14.,   2., 311.,   2.,   1.,   5.],
        [122.,   5., 111., 104.,   2.,  16.,   4.,   3.,   1.,   5.],
        [  0., 288.,   5.,   7.,   3.,   8.,   4.,   6.,  10.,   6.],
        [  1.,  15.,   2.,   3.,   9., 274.,   4.,   3.,  71.,  15.],
        [301.,   2.,  12.,   3.,   4.,  16.,   0.,  10.,   7.,   8.],
        [ 14.,   6.,   3.,  33.,   1., 264.,   1.,   1.,   3.,   8.],
        [  1.,  31.,  10.,  68.,   7.,  14.,   9.,   1., 230.,   5.],
        [307.,   2.,   6.,   1.,   5.,  13.,   6.,   4.,   2.,   4.],
        [  7.,  14.,  15.,   5.,   5., 258.,   3.,   2.,   5.,   6.],
        [ 80.,   8.,   3.,  20.,   2., 288.,   3.,   3.,   2.,   8.],
        [ 23.,   2., 299.,   1.,   8.,   3.,   2.,   1.,   9.,   6.],
        [287.,   6.,   4.,   5.,   3.,  85.,   4.,   5.,   6.,   4.],
        [ 68.,   3.,  26.,   0.,   2.,   3.,   1.,  18.,   5., 277.],
        [  0., 239.,   2.,   3.,   3.,  13.,   2.,   4.,  14.,   6.],
        [  0.,   6.,  11.,   7.,  14.,   4., 292.,   2.,   2.,   8.],
        [  1.,  17.,   4., 131.,   5.,  13.,   3.,   8.,   6.,  16.],
        [ 36.,   9., 284.,   1.,   2.,   4.,   1.,  12.,   5.,   8.],
        [  1.,  11.,  11.,   3.,  10.,  23.,   2.,   2., 261.,  20.],
        [162.,   3.,  14.,   7.,   5.,   8.,  16.,   5.,   4.,  14.],
        [ 14.,  18.,   3.,   1.,  10.,  65.,   2.,   6., 220.,  32.],
        [  1.,   2., 308.,   9.,   3.,  13.,   9.,   0.,   2.,   5.],
        [  0.,  10.,   2.,  10., 233.,  11.,   6.,   4.,   4.,  18.],
        [  1.,  15.,   4.,   1.,   3., 239.,   2.,   5.,   2.,   4.],
        [  0., 258.,   3.,   4.,   2.,   6.,   4.,  15.,   2.,   4.],
        [  4.,   5.,   4.,   2.,   5.,   1., 269.,   2.,   1.,   3.],
        [  0.,  11., 307.,   5.,   1.,  11.,  14.,   0.,   2.,   7.],
        [  3.,  23.,   8.,   9.,   4.,   7.,   1., 282.,   9.,  10.],
        [ 12.,  18.,   4.,   0.,   8., 301.,   2.,   4.,  10.,  10.],
        [  0., 223.,   7.,   6.,   5.,  22.,   0.,   2.,  56.,   3.],
        [  1.,   8.,   1.,  52., 232.,  11.,   2.,  24.,   4.,  22.],
        [  2.,  15.,   5.,   5.,  10.,  21.,   1.,   4., 278.,   9.],
        [ 10.,   3., 299.,  32.,   0.,  34.,   2.,   1.,   1.,   4.],
        [ 66.,   3.,   0., 144.,   2., 297.,   0.,   1.,   1.,   7.],
        [  0.,   5., 301.,  37.,   2.,  10.,   4.,   5.,   3.,   6.]],
       device='cuda:0')
Epoch 9 | Batch 100
tensor([[ 10.,   2.,   2.,   1.,  42.,   4., 303.,   5.,   5.,   5.],
        [  0., 244.,   1.,   4.,   1.,   3.,   4.,   2.,   2.,   7.],
        [  6.,   2.,   0.,  18.,   6., 295.,   8.,   3.,  10.,  18.],
        [  9.,   4.,   1.,   2.,  19.,   3.,  17.,  15.,   5., 285.],
        [ 34.,   3.,   5.,   1., 250.,   2.,  40.,   3.,   1.,  22.],
        [  3.,   7.,   1.,  11.,   4.,  10., 214.,   2.,  80.,  10.],
        [  7.,   2.,   0.,   3.,   6.,   4.,   3., 311.,   2.,  50.],
        [291.,   2.,   1.,  13.,   6.,  23.,   8.,   5.,   6.,   9.],
        [ 15.,   3., 297.,   5.,  12.,   8.,   6.,   5.,   7.,   6.],
        [  0.,  15.,   2.,   7.,   3.,   6.,   5., 310.,   3.,  32.],
        [  0.,   6.,   0.,  10.,   4.,  12.,   4., 107.,   8., 192.],
        [ 15.,   4.,   0.,   2.,  13.,   0.,   5.,  58.,   3., 299.],
        [  2.,  10.,   1.,   5.,   8.,  10.,   9.,  30., 239.,  69.],
        [168.,   1.,   4.,  10.,   2.,  39.,  71.,   1.,   3.,   3.],
        [ 16.,   2.,   0.,   4.,  12.,  17.,   4., 305.,   4.,  46.],
        [ 10.,   4.,   0.,   0.,  10.,   6.,   4., 315.,   3.,  21.],
        [ 13.,   2.,  18., 296.,  12.,  23.,   1.,   1.,   9.,   8.],
        [ 13.,   4.,   1., 296.,   1.,  26.,   2.,   4.,  18.,   9.],
        [  0., 254.,   2.,   7.,   3.,   7.,   7.,   5.,   7.,   9.],
        [ 17.,   4.,   2.,   1.,  22.,   2.,  13.,  13.,   5., 264.],
        [ 28.,   4.,   1.,   0.,  30.,   1.,  10.,  28.,   9., 294.],
        [  0., 282.,   7.,  25.,   3.,   8.,  19.,   8.,  15.,  24.],
        [  0., 278.,   3.,  19.,   3.,   6.,   9.,  10.,  11.,  28.],
        [  3.,   4.,   0., 291.,   3.,  50.,   3.,   5.,   9.,  15.],
        [ 20.,   4.,   0.,   1.,  23.,  11.,   5.,  45.,   4., 295.],
        [  2.,   5.,   3.,   3., 287.,   7.,  10.,   9.,   6.,  66.],
        [  0.,   5.,   4.,   9.,  12.,  10.,  11.,   0.,   8., 273.],
        [  0., 257.,   2.,   7.,   1.,   6.,   3.,   2.,  10.,   5.],
        [134.,   5.,   0.,  20.,   4., 151.,   5.,   3.,  69.,  10.],
        [  7.,  14.,   4.,  13.,   4.,  18.,   7.,   2., 281.,   6.],
        [  2.,   3.,   1.,   8.,   3.,   5.,   5., 309.,   3.,  33.],
        [  9.,  12.,   4.,   3.,  24.,   6.,   6.,   4., 239.,  13.],
        [  1.,   6.,   0.,  14.,  11.,  11.,   6.,  11.,   7., 294.],
        [  1.,   5.,   0.,   3.,   7.,   2.,   2., 309.,   3.,  58.],
        [  2.,  58.,   1.,  43.,   3.,   8.,  21.,  17., 225.,  19.],
        [105.,   2.,   0.,  15.,   1., 272.,  31.,   1.,   3.,   0.],
        [  5.,   8.,   3.,   9.,   3.,  18., 164.,   3., 103.,  19.],
        [  8.,  11.,   1.,   2.,   8.,   8.,   4., 304.,   7.,  21.],
        [ 26.,   2.,   0.,   3.,   3.,   3.,   2., 308.,   3.,  23.],
        [ 52.,   3.,   3.,   0.,  24.,   2., 295.,   8.,   3.,   5.],
        [  0.,  10.,   1.,  10.,  23.,  27.,   7.,  14.,  18., 299.],
        [  3.,  49.,  53.,  30.,   8.,  11.,  11.,   7.,   9.,   5.],
        [319.,   0.,   0.,   7.,   1.,  36.,   3.,   7.,   6.,   1.],
        [  3.,   7.,   3.,   8.,  11.,   8.,   5.,   1., 292.,  27.],
        [ 52.,   3.,   0.,  16.,   2., 261.,   7.,   3.,   5.,   1.],
        [  3.,   6.,   0.,  33.,   4.,  37.,   4.,   1.,  13., 252.],
        [316.,   0.,   0.,   3.,   0., 157.,   4.,   3.,   8.,   0.],
        [  1.,   2.,   1., 294.,   1.,  14.,   3.,  13.,  55.,  41.],
        [ 42.,   2.,   1., 291.,   1.,  54.,   3.,   2.,  65.,   4.],
        [ 22.,   6.,   9.,   2., 277.,   6.,  13.,   6.,   4.,  17.],
        [  0.,   9.,   2.,   5.,   8.,   5.,   4., 274.,   5.,  23.],
        [  3.,   4.,   0.,   4.,   7.,   3.,   2., 306.,   4.,  47.],
        [  1., 205.,   4.,  14.,   3.,  11.,   8.,   4.,  58.,  13.],
        [  0.,   4.,   1.,  21.,  10.,  96.,   5., 292.,   4.,  17.],
        [ 22.,   1.,   0.,   1., 297.,   4.,  45.,   9.,   1.,  38.],
        [  7.,  94.,  17., 205.,   2.,  11.,  10.,   2.,  13.,   2.],
        [  0.,   6.,   1.,   5.,  83.,   9.,   9.,  11.,  20., 298.],
        [  2.,  31.,   1.,  22.,   3.,  15.,  14.,   6., 188.,  27.],
        [  0., 167.,   3.,   9.,   5.,   7.,   5.,   5.,  11.,  10.],
        [  5.,  57.,   2., 275.,   3.,  14.,   4.,  13.,  19.,   7.],
        [  0., 244.,   1.,   6.,   1.,   3.,   3.,   2.,   3.,   7.],
        [  1.,  74.,   3.,   8.,   3.,   4.,   5.,   4., 234.,  13.],
        [303.,   1.,   0.,   3.,   3.,  17.,   4.,  12.,   6.,   4.],
        [  0.,   5.,   1.,   4.,   8.,   5.,   7.,  17.,   8., 267.]],
       device='cuda:0')
Epoch 9 | Batch 200
tensor([[  1.,  64.,  17.,   9., 244.,   2.,   6.,   9.,   8.,   9.],
        [  6.,   1.,   8.,   5., 162.,   7.,   6.,   1.,   6.,  53.],
        [  8.,   3., 261.,   1.,   2.,   3.,  40.,   3.,   3.,   1.],
        [  9.,   1.,   8.,   2.,  41.,  26.,   2.,   3., 296.,   8.],
        [  7.,   5.,   6.,   3.,  18.,   4.,   1., 279.,   8.,  20.],
        [319.,   0.,   4.,   1.,   8.,   6.,   3.,   6.,   7.,   1.],
        [  1.,  15.,   6.,   3.,  11.,   6.,   6.,   1.,  12., 294.],
        [  0.,   7.,  10.,   6.,   8.,   2.,   1., 293.,   7.,  27.],
        [  3.,   3.,   6.,   7.,  20.,   6.,   4.,  16.,  11., 287.],
        [  1.,   5.,   6.,   7.,  12.,   6.,   3.,  35.,   7., 279.],
        [  7.,   6., 282.,   2.,   8.,   4.,   7.,   7.,  10.,   3.],
        [  0.,  49.,   5.,   3.,   4.,   2.,   2.,  28.,   5., 199.],
        [158.,   4.,  15.,   9.,  28.,   9.,   1.,  16.,   8.,   4.],
        [ 25.,   1.,   4.,   6.,   6., 281.,   0.,   8., 118.,  17.],
        [  1., 282.,   5.,   2.,   2.,   2.,   2.,   3.,   7.,   4.],
        [  0.,   6.,  23., 230.,  12.,   2.,   0.,  19.,  15., 109.],
        [  3.,   5., 263.,   7.,  15.,   0.,  38.,   3.,   7.,   3.],
        [302.,   0.,   6.,   1.,   6.,   5.,  13.,  11.,   8.,   4.],
        [  2.,  12.,   3.,   8.,  42.,   6.,   9., 267.,  16.,  22.],
        [  0., 241.,   8.,  19.,  21.,   9.,  51.,  14.,  23.,   4.],
        [  7.,   7.,  11.,   8.,   6.,   7.,   2.,  18., 233.,  12.],
        [  4.,  10.,   7.,  31.,  10.,  12.,   2.,   4., 135.,   9.],
        [  4.,   4.,   5.,   2.,  17.,   2.,   0., 308.,   6.,  22.],
        [ 27.,   1.,  25.,   3.,  10.,  10., 248.,   0.,   3.,   0.],
        [  5.,   2.,   7.,   0., 154.,   4.,  10.,  10.,   8.,   7.],
        [  2.,   6.,  11.,   5.,  10.,   2.,   3., 157.,   9.,  13.],
        [  1., 275.,   4.,   5.,   5.,   3.,   2.,  10.,   5.,   6.],
        [  1.,  38.,   9.,  17.,  17.,   6.,   3., 129.,   8.,  10.],
        [  4.,   2.,   4.,   6.,  17.,   9.,   2.,  37.,   6., 293.],
        [ 24.,   1.,  20.,   0.,  11.,   3.,   4.,  26.,   7., 284.],
        [314.,   0.,   2.,   1.,   7.,  12.,   1.,   6.,  17.,   2.],
        [ 26.,   1.,  20.,   0.,   3.,   6., 255.,   0.,  11.,   3.],
        [ 24.,   1.,  64.,   0.,  40.,  22.,   4.,   2., 298.,   2.],
        [ 16.,   2.,  13., 271.,   6.,  17.,   0.,   2.,  14.,   4.],
        [  3.,   3.,   7.,   2., 147.,   3.,  44.,   2.,  44.,  15.],
        [  5.,   8., 157.,   8.,   5.,  10.,   1.,  15.,  31.,  20.],
        [ 33.,   0.,   5.,   0., 301.,   2.,  36.,  15.,   5.,   6.],
        [  1.,  12.,   7.,   5.,  12.,   2.,   1., 295.,   6.,  21.],
        [  0.,   3.,   3.,   6.,  26.,   2.,   5., 299.,  10.,  12.],
        [ 36.,   0.,  36.,   0.,   4.,   3., 306.,   1.,   2.,   0.],
        [  4.,   8., 261.,   1.,  19.,   4.,  24.,   1.,   5.,  15.],
        [ 10.,   2.,   6.,   5.,  21.,  14.,   3.,   2., 293.,   2.],
        [278.,   0.,   8.,   3.,   2.,  10.,   5.,   6.,   9.,   5.],
        [  8.,   1.,  15.,   0., 298.,   7.,   7.,  11.,  16.,   9.],
        [169.,   3.,   1.,   7.,   3.,  13.,   6.,   2.,  93.,   2.],
        [  1.,   6.,  14.,   8.,  11.,   1.,   1., 302.,   6.,  21.],
        [  1.,   6.,   4.,   8., 265.,   8.,   3.,  22.,  10.,  22.],
        [  4.,   5.,   4.,   2.,  15.,   7.,   1., 291.,   6.,  58.],
        [120.,   0.,   9.,   0.,   4.,  20.,  94.,   0.,  78.,   2.],
        [ 32.,   1.,   2.,   2.,  12.,   4.,   1., 302.,   4.,  56.],
        [  1.,   6.,   7.,   1., 280.,   2.,  20.,  13.,  10.,  19.],
        [  1., 287.,   7.,   7.,   7.,   4.,   7.,  11.,  10.,   5.],
        [  2., 289.,   6.,   7.,   6.,   3.,   4.,  16.,   5.,   6.],
        [  4., 307.,  20.,   6.,   3.,   5.,   6.,   6.,  17.,   6.],
        [  6.,   2.,   5.,   1., 245.,   2.,   8.,  21.,   6.,  21.],
        [313.,   0.,  12.,   1.,   4.,  10.,   6.,   0.,   8.,   0.],
        [ 16.,   3.,  21., 270.,   3.,  31.,   1.,   2.,  14.,   1.],
        [  3.,   3.,   5.,   3., 293.,   5.,   8.,   9.,   9.,  48.],
        [ 29.,   7.,   9., 245.,   3.,  27.,   1.,   3.,  19.,   1.],
        [304.,   0.,   8.,   0.,   8.,   2.,  32.,   9.,   5.,   4.],
        [  2., 301.,   9.,   7.,   7.,   3.,   3.,   9.,  11.,   8.],
        [  2.,   2.,  32.,   0.,  18.,   4.,   5.,  18.,   7., 293.],
        [ 24.,   1.,   3.,   5.,  10.,   1.,   0., 306.,   3.,  13.],
        [ 15.,  26.,   8.,   3.,  12.,   9.,   2.,   4., 295.,   3.]],
       device='cuda:0')
Epoch 9 | Batch 300
tensor([[  6.,   6.,   3.,   3.,  40.,   4.,  14.,   8., 292.,  10.],
        [  0.,   9., 248.,  51.,   5.,  39.,   6.,  38.,   2.,   6.],
        [  3., 159.,   7.,   9.,  13.,  44.,   4., 154.,  17.,   9.],
        [  0., 280.,   3.,  35.,   4.,   4.,   8.,  11.,   5.,   7.],
        [  6.,  13.,   3.,   7.,  77.,   1.,  12.,  10., 283.,   7.],
        [  8.,   5.,   1.,   0.,   4.,   4.,   6., 309.,  14.,  10.],
        [  2.,  88.,   5.,   1.,   6., 240.,   5.,   7.,  56.,   9.],
        [  2.,   5.,  18., 160.,   8.,   3.,   6.,   4.,   7.,   5.],
        [ 35.,   5.,   1.,   2.,   8.,  10.,  21.,   4., 287.,  18.],
        [201.,   2.,   4.,  10.,  11.,   6.,   6.,  10.,   6.,  10.],
        [302.,   4.,  13.,  22.,   3.,  10.,  14.,   4.,   2.,  15.],
        [  5.,   5.,  12.,   6.,  44.,   2.,  11.,   8.,   6., 270.],
        [ 10.,   4.,  18.,   8.,  60.,   5.,  53.,   9.,  17.,  11.],
        [  0.,  29.,   3.,  43.,   5.,   5., 293.,   9.,   9.,  12.],
        [ 23.,   9., 270., 100.,   5.,  22.,  37.,   6.,   2.,   5.],
        [  0., 298.,  17.,   6.,   4.,   4.,   8.,  11.,  17.,   8.],
        [  0.,   5.,  21.,   4., 298.,   0.,  11.,  25.,   2.,  16.],
        [  0.,   4.,   2.,   2., 277.,   2.,   3.,  11.,   5.,  25.],
        [  0.,   6.,   3.,  69.,  37.,   4.,   7.,  14.,   8., 125.],
        [  1.,  18.,   9.,   6.,   3.,   3., 278.,   6.,   8.,  12.],
        [  0., 214.,   0.,  17.,   3.,   2.,   3.,   8.,   3.,   2.],
        [  0.,  87.,  49.,   4.,  12.,   7.,   1.,   3.,  74.,   4.],
        [265.,   2.,  14.,  18.,   7.,   5.,  38.,   6.,   6.,  17.],
        [  0.,   2.,   1.,  10.,   3., 250.,   1.,   5.,   1.,   7.],
        [  5.,   7., 161.,   0.,  39.,   1.,  49.,   6.,   3.,  10.],
        [  1.,  18.,   6.,   2.,  36.,   7.,   7.,   9., 254.,  12.],
        [  9.,   7.,  13.,   0.,   4.,   2.,  11., 294.,   6.,  14.],
        [  8.,   3.,   8.,  33.,  17.,  27.,   7.,  20., 107.,   9.],
        [  0.,  14.,   3.,   8., 253.,   2.,   5.,  34.,   9.,   8.],
        [281.,   2.,   3.,   2.,   7.,  41.,  17.,   5.,  28.,  12.],
        [  9.,   4.,   9.,   2.,  17.,  18., 313.,   1.,   2.,  13.],
        [  0.,  13.,   7.,   2.,   9.,   4.,   3., 301.,   5.,  18.],
        [  0.,   9.,   6.,  15., 277.,   7.,   8.,  18.,   7.,  22.],
        [  1.,   4.,   3.,   1., 299.,   1.,   9.,  15.,   6.,   8.],
        [ 10.,   5.,   7.,  12.,  11., 278.,   8.,   2.,   8.,   5.],
        [153.,   2.,  23.,   2.,   6.,   5.,  37.,   3.,   5.,   9.],
        [ 39.,   8.,  20.,  10.,   3.,   4., 143.,   6.,   2.,   9.],
        [  7.,   5.,   2.,   6.,  54.,   2.,  36.,  10.,   9., 284.],
        [  0.,   5.,   3.,   4.,  50.,   2.,   7., 243.,   5.,  18.],
        [  1.,   5.,   2.,   3.,  17.,   5.,   7.,  46.,   8., 284.],
        [  1.,  14.,   6.,  14.,   3.,   3., 281.,   7.,  11.,  18.],
        [ 42.,  10., 101., 256.,   0.,   7., 102.,   5.,   1.,   3.],
        [  0.,  15.,  30.,   7.,   5.,   2.,   2., 229.,   3.,  15.],
        [  2.,   6.,  12.,   1.,  29.,   5., 313.,   4.,   1.,   8.],
        [  0.,   7.,   2., 300.,  16.,  11.,   1.,   9.,   9.,   9.],
        [  0.,  15.,   3.,  17.,   8.,   7., 285.,   7.,  10.,  15.],
        [ 15.,   7., 298.,   7.,   1.,   6., 142.,   2.,   0.,   3.],
        [  3.,   7.,   2.,   3.,  10.,   6.,   6.,  48.,  23., 270.],
        [  8.,   3.,   2.,  11.,  18.,   6., 272.,   8.,   4.,  10.],
        [ 15.,   3., 303.,   2.,   8.,   7.,  47.,   1.,   2.,   9.],
        [  7., 296.,   8.,  12.,   4.,   6.,  19.,  10.,  26.,  11.],
        [ 17.,   2.,   1.,  15.,  10.,   5.,   4., 305.,   1.,  12.],
        [  0.,   7.,   5.,   3.,  14.,   1.,   5.,  51.,   9., 238.],
        [  3.,   7.,  23.,   1.,   4.,  16., 294.,   6.,   5.,  17.],
        [  0.,  34.,   4.,  11.,  21.,   8.,   5.,  14., 227.,   7.],
        [  7.,   8.,   5.,   9.,   3.,  18., 268.,   5.,  12.,  16.],
        [ 11.,   9.,  14.,   5.,   2.,  14., 292.,   8.,   3.,  13.],
        [  0., 289.,  18.,   5.,   4.,   5.,   8.,  11.,  13.,   7.],
        [ 12.,   3.,  11.,  13.,   5.,  43.,   9.,   9., 164.,  10.],
        [  0., 297.,  11.,   7.,   2.,   4.,  10.,   8.,  19.,  10.],
        [  0.,   5.,   8.,  42.,  42.,   0.,   1., 246.,   3.,   8.],
        [ 31.,   7.,   9.,   2.,  20.,   2., 291.,  49.,   3.,   8.],
        [  2.,  13.,   1.,   2.,  33.,   3.,  10., 294.,  15.,  14.],
        [  0., 286.,  18.,   7.,   8.,   7.,   7.,  12.,  19.,   6.]],
       device='cuda:0')
Epoch 9 | Batch 400
tensor([[  2.,   2.,   0.,   3., 261.,   2.,   8.,  21.,   5.,   9.],
        [292.,   2.,   3.,   5.,   2.,  16.,   6.,   1.,   7.,   7.],
        [  4.,   2.,   7.,   4.,  22.,   0.,   5.,  10.,   6., 277.],
        [ 25.,   2.,   9.,   2.,   9.,   0., 302.,   7.,   4.,   3.],
        [ 28.,   2.,   0.,   1.,   7.,   2.,   2., 306.,  71.,  13.],
        [  8.,   2.,   0., 288.,   3.,  16.,   4.,   5.,   8.,   7.],
        [  5.,  29.,   3.,   5.,   4.,   2.,   8.,   3., 220.,  20.],
        [326.,   0.,   2.,   3.,   0.,   2.,   3.,   6.,   3.,   2.],
        [  5.,   2.,   2.,   5.,   8.,   5.,   2., 291.,   6.,  13.],
        [ 14.,   3.,   7.,   1.,  20.,   0.,   5.,  17.,   5., 243.],
        [  2.,   6.,   0.,   8.,   6.,   8.,   4.,  15.,  26., 296.],
        [ 12.,   5.,   0.,   2.,   8., 173.,   5.,  29.,  10.,  49.],
        [  5.,   8.,   2.,   5.,  10.,   7.,   6.,   4., 237.,  16.],
        [  9.,   2.,   0., 276.,  14.,  11.,   4.,   3.,   8.,  17.],
        [  2.,   6.,   0.,   3.,  15.,   4.,   9.,  20.,  21., 302.],
        [  4., 283.,   1.,  15.,   3.,   1.,   8.,   7.,  15.,  13.],
        [  1.,   1.,   3.,   6., 289.,  27.,   8.,  22.,   4.,  13.],
        [  3.,   2.,  73.,   3., 282.,   1.,  13.,  11.,   5.,  12.],
        [  4.,   1.,   4.,   1., 295.,   1.,  10.,  57.,   6.,  13.],
        [  1.,   6.,   1.,   5.,  36.,   2.,  23.,   7.,   8., 268.],
        [ 13.,   4.,  15.,   3.,   3.,   2., 281.,   4.,  19.,   7.],
        [  3.,   3.,   2.,  11.,   4.,   1.,   2., 308.,   5.,  23.],
        [  3., 281.,   2.,   7.,   5.,   3.,   6.,   5.,   7.,   5.],
        [  6.,   6.,   1., 238.,   8.,  16.,   1.,   4.,   5.,  13.],
        [ 10.,   1.,  71.,   1.,  34.,   1., 285.,   6.,   2.,   2.],
        [  8.,   2.,   0.,   2.,  12.,   2.,   1., 298.,  11.,  19.],
        [  5.,   3.,   0.,  14.,   7., 262.,   4.,   1.,  66.,  10.],
        [  6., 297.,   3.,  14.,   4.,   4.,  12.,   6.,  19.,   7.],
        [  4.,   4.,   0.,  13.,  10.,   7.,   9.,  11.,  16., 275.],
        [ 13.,   3.,   0.,  12.,   7.,  12.,   7.,   2., 279.,  24.],
        [  4.,   6.,   3.,  26.,   5.,   4.,   4.,   6., 212.,   5.],
        [ 14.,   2.,   0.,  51.,   3.,  18.,   5.,   2., 261.,  19.],
        [  3.,   2.,   1.,   3.,  21.,   2.,  12.,   9.,   7., 274.],
        [  2.,   3.,   0.,   6.,  10.,   7.,   5.,  21.,  18., 300.],
        [  1.,   1.,   3.,   2.,  75.,   2., 290.,  14.,   8.,  10.],
        [  3.,   1.,   0.,   5.,  17.,   5.,   4., 276.,   6.,   9.],
        [  1.,   4.,   1.,   5.,  21.,  10., 305.,   2., 102.,   7.],
        [  4., 134., 263.,  22.,   0.,   7.,   5.,   4.,  11.,   1.],
        [  6.,   3.,   0., 230.,   7.,  25.,   2.,   3.,   6.,  37.],
        [  2.,   4.,   0.,  12.,   7.,   6.,   5.,  18.,  12., 285.],
        [  2.,   9.,   0.,   4., 277.,   9.,  13.,  14.,   7.,  25.],
        [  3.,   2.,   5.,   4.,  12.,   7., 298.,   2.,   9.,   6.],
        [291.,   2.,   2.,   0.,   3.,   0.,  32.,  31.,   4.,   2.],
        [  2.,   4.,   0.,   3., 299.,   7.,  13.,  10.,   5.,  39.],
        [ 13.,   3., 150.,   7.,   4.,   0.,   4., 211.,  29.,  12.],
        [326.,   1.,   8.,   2.,   0.,   1.,   5.,   5.,   3.,   1.],
        [  7., 296.,   3.,  11.,   2.,   3.,  18.,   5.,  12.,   6.],
        [  2.,   3.,   0.,  13.,  33.,   4.,  16.,   9.,  22., 274.],
        [  3.,   3.,   0.,   5.,  24.,   4.,   6.,   7.,   8., 280.],
        [286.,   3.,  38.,   6.,   2.,  14.,  10.,   2.,  21.,  11.],
        [ 12.,  76.,  68.,   1.,  59., 132.,  50.,   2.,   4.,   6.],
        [  5.,  21.,   6.,   7.,   3.,   4., 280.,   3.,  31.,   7.],
        [318.,   1.,   8.,   3.,   1.,   2.,  13.,   3.,   6.,   2.],
        [  9.,   2., 305.,   2.,   5.,   6.,  16.,   2.,   4.,   3.],
        [ 16.,   4.,   0.,   2.,   6.,   4.,   3., 300.,  18.,  17.],
        [  1.,   5.,   0.,   9.,  15.,   9.,   5.,  27.,  10., 292.],
        [  3., 280.,   1.,   7.,   2.,   1.,   4.,   4.,   5.,   4.],
        [316.,   5.,   2.,   2.,   0.,  72.,   6.,   6.,   3.,   3.],
        [  8.,   2.,  25., 284.,   4.,  11.,   1.,   0.,   9.,  64.],
        [ 22.,   1.,   1.,  33.,  21.,  42.,   5.,   0., 229.,  13.],
        [292.,   1.,   0.,  16.,   3.,  11.,   9.,   1.,  14.,  13.],
        [  4.,   7.,   7.,   6.,  11.,   0., 177.,   5.,  12.,  10.],
        [  2.,   2.,   7.,   3.,  31.,   0.,   6.,  36.,   6., 277.],
        [  6.,   3.,  35.,   2.,  25.,   3., 293.,   6.,   3.,   2.]],
       device='cuda:0')
Epoch 9 | Batch 500
tensor([[  2.,  15.,   1., 254.,   3.,   5.,  10.,   8.,   9.,   1.],
        [ 27.,   6.,   4., 118.,   1.,   4.,  92.,  57.,   7.,   1.],
        [312.,   2.,   1.,   2.,   1.,  31.,  10.,  12.,   8.,   2.],
        [311.,   1.,   2.,   1.,   0.,   9.,  10.,  17.,  10.,   1.],
        [ 15.,   2.,   1., 300.,   4.,  12.,   4.,   9.,  25.,   2.],
        [  2.,   4.,   2.,  21.,  25.,  40.,   8.,   5.,   8., 163.],
        [  4.,  39., 280.,   3.,   6.,   0.,  15.,   7.,   8.,   0.],
        [ 16.,   1.,   3.,   3.,   9.,  17.,   4.,   9., 293.,  14.],
        [169.,   2.,   3.,   0.,   3.,   0.,   6.,  14.,   4.,   2.],
        [  6.,   8.,   9.,   5.,  11.,   0.,  10.,  38., 215.,   9.],
        [ 12.,   1.,   9.,   3.,  31.,   7.,  10.,  10.,   2., 233.],
        [  3., 285.,   6.,   5.,   1.,   1.,  12.,  13.,   9.,   1.],
        [ 34.,   7.,   4.,   1.,  11.,   0.,   3., 238.,  10.,   4.],
        [  2.,   4.,   6.,   6.,  14.,  11., 289.,   5.,  14.,   1.],
        [ 21.,   3.,   7.,   1.,  12.,   0., 264.,  41.,   4.,   2.],
        [ 11.,   8.,   1., 303.,   4.,   8.,   7.,   9.,  10.,   2.],
        [163.,   3.,   6.,   3.,   9.,   3.,  19.,  13.,  25.,   5.],
        [  4.,   2.,   2.,   4.,   5.,   6., 308.,   4.,  30.,   7.],
        [  3.,   3.,   2., 255.,   9.,  51.,   5.,  10.,   8.,   9.],
        [ 11.,   1., 302.,   0.,  17.,   0.,  16.,   9.,  10.,   3.],
        [  5.,   2.,   3.,   4.,   5.,   3., 298.,  10.,  31.,   8.],
        [ 10.,  13., 305.,   3.,   2.,   0.,  11.,  10.,  11.,   0.],
        [ 10.,   8.,   3.,   1.,  10.,   6.,   3., 277.,   4.,  10.],
        [ 11.,  22.,   3.,   9.,   5.,   5.,  16.,  12., 263.,  23.],
        [  6.,   3.,   1.,   1., 215.,   6.,   7., 126.,   9.,  10.],
        [317.,   0.,   3.,   4.,   0.,   4.,   9.,  16.,   8.,   1.],
        [ 13.,   2.,  21., 165.,  23.,  16.,   2.,   7.,  25.,   2.],
        [ 13.,   8.,   1.,  54.,   3.,   3.,  29.,   3., 249.,   6.],
        [320.,   1.,   1.,   5.,   0.,  15.,   7.,  15.,  15.,   2.],
        [ 11.,   2.,  10.,   3.,  14.,   0.,   6.,   6.,   6., 213.],
        [  6.,   4.,   2.,   3., 292.,   4.,  11.,  32.,   8.,  17.],
        [  2., 288.,   5.,   6.,   2.,   3.,  11.,  30.,   7.,   5.],
        [  2., 285.,   7.,  14.,   3.,   2.,  16.,  30.,   9.,   9.],
        [ 11.,  11.,   3., 290.,   6.,  21.,   5.,   2.,  11.,   5.],
        [  3.,   3.,   2.,   3., 278.,   1.,   8.,  11.,   8.,  12.],
        [ 59.,   2.,   1.,   1.,  18.,   3.,   3., 300.,   4.,  28.],
        [ 12.,  17., 231.,   7.,   1.,   2.,   6.,   7.,  52.,   0.],
        [  2., 259.,   4.,   2.,   2.,   2.,  10.,  17.,   5.,   2.],
        [  7.,   8.,   5.,  47.,   3.,   7.,  24.,   5., 224.,   1.],
        [  5., 272.,  17.,   7.,   5.,   1.,   3.,   8.,  44.,   0.],
        [ 49.,   2.,   2.,   1.,  26.,   1.,   3., 268.,   5.,   5.],
        [  9.,   3.,   4.,   8.,  22.,   1.,   7.,   9.,   6., 269.],
        [  4.,   4.,  21.,   2., 251.,   0.,  12.,   9.,   7.,  20.],
        [  2.,   2.,   7.,   1.,  15.,   0., 312.,   5.,  28.,   7.],
        [  7.,   6.,   5.,   1.,   4.,   0.,   4., 292.,   4.,   5.],
        [  4.,   4.,   5.,   2.,   4.,   1., 298.,   6.,  50.,   7.],
        [  4., 282.,  24.,  17.,   2.,   0.,   4.,   9., 120.,   0.],
        [313.,   0.,   9.,   1.,   0.,  10.,   6.,  15.,  11.,   1.],
        [  3.,  16.,   3.,   5.,  28.,   1.,   8.,  25.,   6., 250.],
        [308.,   2.,   8.,   1.,   1.,   1.,  42.,  11.,   5.,   0.],
        [ 17.,   4.,  23.,  12.,   7.,   5.,   6.,   8., 236.,   8.],
        [  1.,   3.,   2.,   8., 259.,   3.,   9.,  13.,   7.,   7.],
        [  4., 282.,   6.,   8.,   5.,   0.,   7.,  16.,   8.,   1.],
        [  3., 285.,   5.,   4.,   2.,   0.,  11.,  12.,  10.,   1.],
        [314.,   1.,   0.,   2.,   1.,   2.,  49.,  34.,  92.,   2.],
        [  3.,   8.,   1., 278.,   3.,   8.,  11.,  26.,   9.,   1.],
        [  9.,   3.,   2.,   6.,   9.,   3.,   7., 109.,  10., 238.],
        [ 25.,   2., 291.,   0.,   3.,   0.,  16.,  16.,   7.,   1.],
        [  3.,  14.,   1.,   5.,  24.,  15.,  10.,  71.,   9., 274.],
        [  1.,   3.,   1.,   7.,   9.,   3., 313.,   5.,  43.,   6.],
        [  7.,   8.,   4.,   7.,   8.,   2.,  26.,   6., 281.,  14.],
        [  8.,   9.,  16., 266.,   5.,   7.,   5.,   7.,  26.,   0.],
        [  5.,   3.,   1.,   2., 293.,   0.,  23.,  27.,  11.,  10.],
        [  4.,  66., 268.,   4.,   2.,   0.,  21.,  12.,  11.,   1.]],
       device='cuda:0')
Epoch 9 | Batch 600
tensor([[  3.,   4., 249.,   1.,   1.,   2.,   5.,  31.,   4.,   8.],
        [ 12.,  17.,   3., 200.,   1.,   4.,   3., 121.,   7.,   4.],
        [  2.,   5.,  11.,   4., 131.,  10.,  13.,  13.,  10.,  18.],
        [  1., 158.,   5.,   6.,   1.,   7.,   4.,   3.,   5.,   6.],
        [  4.,   4.,   5.,   4., 269.,   9.,  11.,   9.,  13.,  10.],
        [  3.,   6.,   5.,   8.,   3.,   5.,   4.,  14.,   3., 247.],
        [ 45.,   4.,  43.,   5.,   3.,   2.,   1.,  18., 225.,  85.],
        [ 59.,   3.,   2.,   3.,   4.,   5.,   6., 240.,   2.,  50.],
        [ 30.,   8., 279.,   8.,   0.,  10.,  26.,   2.,   1.,   1.],
        [315.,   2.,   2.,  11.,   0.,   9.,   1.,   5.,   5.,  20.],
        [ 22.,  25.,  11.,  61.,   0., 229.,   2.,   2.,   1.,   1.],
        [ 11.,   5., 306.,   1.,  11.,   4., 124.,   0.,   0.,   1.],
        [314.,   2.,  13.,  13.,   0.,   9.,   1.,   4.,   0.,   1.],
        [  8.,   5.,   8.,  13.,   2.,  10.,   4.,   3., 286.,   5.],
        [ 27.,   7.,  32.,   2.,   0.,  19., 288.,   2.,   8.,   6.],
        [  3.,   6.,  31.,   1.,  25.,   3., 310.,   3.,  44.,   4.],
        [  5.,   4.,  27.,  35.,   1.,   3.,   0., 282.,  12.,  19.],
        [ 19.,   5.,   9.,  15.,   0., 273., 122.,   1.,   1.,   5.],
        [  2.,   3.,   7.,  16.,   1.,   2.,   1., 275.,   2.,   9.],
        [  3.,   5.,  37.,   2.,  10.,   6., 303.,   3.,   8.,   6.],
        [ 13.,   9.,   6., 296.,   0.,  11.,   0.,   6., 115.,   2.],
        [ 21.,  16.,   3.,   4.,   3., 303.,   0.,   2.,  14.,   3.],
        [ 10.,   4.,   8.,   3.,   6.,   5.,  15.,   3.,  12., 263.],
        [ 26.,   6.,   5.,  15.,   3., 292.,   2.,   2., 127.,   6.],
        [ 21.,   8.,  80.,   2.,   0.,   6., 283.,   5.,   1.,   4.],
        [  2.,  16.,  16.,  10.,   7.,   4.,   2., 284.,  16.,  23.],
        [  2., 296.,   5.,   5.,   0.,   3.,   3.,   4.,   4.,   5.],
        [ 13.,  25.,  19.,   8.,   0.,  20.,   1.,   7., 284.,   4.],
        [  3.,  74.,  20.,   5.,   2.,   9.,   2., 213.,  88.,  10.],
        [  4., 300.,  29.,   6.,   0.,  12.,   1.,   3.,  10.,   2.],
        [ 28.,   7.,   2.,   5.,   1.,   3.,   8., 299.,   1.,   7.],
        [ 29.,   5.,   2.,   2.,   2.,   5.,   0., 295.,  14.,  41.],
        [  4.,  10.,   6.,   4.,   2.,   4.,   6.,  84.,   5., 243.],
        [  4.,   3., 117.,   3.,  91.,  10.,  67.,  13.,  38.,  13.],
        [  3., 295.,  31.,   7.,   1.,  12.,   1.,   5.,  21.,   3.],
        [  4.,   5.,   2., 306.,   1.,   5.,   0.,   8.,  12.,   5.],
        [296.,   2.,  53.,   5.,   4.,  12.,   7.,   4.,   3.,   2.],
        [  2., 306.,   4.,  10.,   0.,   7.,   5.,  10.,   3.,  16.],
        [  9.,   4.,   3.,  62.,   1., 254.,   1.,   1.,  15.,   6.],
        [  7.,  18.,   8., 299.,   0.,   6.,   0.,   9.,  11.,   4.],
        [ 35.,   8., 224.,  57.,   0.,  21.,   9.,   1.,   2.,   0.],
        [ 17.,  12.,   2.,   2.,  27.,  10.,   2.,  50.,  11., 259.],
        [ 20.,  11., 280.,  10.,   0.,   7.,  12.,   1.,   4.,   8.],
        [  2., 297.,   3.,   6.,   0.,   5.,   5.,   6.,   2.,  10.],
        [  3.,  21.,  21.,   2.,   0.,  18., 294.,   3.,   5.,   5.],
        [205.,   1.,  11., 127.,   0.,   3.,   0.,   5.,   3.,   3.],
        [  5., 110., 205.,   6.,   0.,   5.,   7.,   7.,   3.,  29.],
        [  3.,   7.,   3.,   6.,   2.,   5.,   5.,  13.,   6., 230.],
        [ 30.,  21., 182.,  40.,   0.,  11.,   1.,   2.,   6.,   2.],
        [  6.,   9.,   9.,  22.,   2.,  10.,   6.,   3., 268.,   4.],
        [  6.,   6.,   3.,   2., 285.,  10.,  10.,  30.,   9.,  12.],
        [ 13.,  18.,   8.,  10.,   1.,   7.,   3.,   5., 282.,   3.],
        [  9.,   5.,   6.,   6.,   6.,   5.,   2., 276.,   4.,  18.],
        [ 19.,   4.,  11.,  31.,   6.,  24.,   2.,   1., 261.,   5.],
        [  7.,   7.,   8.,   3., 268.,  14.,  13.,  18.,  32.,   3.],
        [ 29.,   3.,   9.,  68.,   0.,  16.,   2.,   1., 218.,   2.],
        [ 35.,   1., 302.,   5.,   0.,   3.,  10.,   5.,   2.,   2.],
        [  2.,   6.,   6., 284.,   5.,  20.,   0.,   1.,  10.,   7.],
        [  4.,   5.,   3.,  40.,  12., 278.,   4.,   2.,  25.,   8.],
        [316.,   4.,   2.,  18.,   0.,  22.,   2.,  42.,   0.,   1.],
        [  8.,   6.,   6.,   4.,   5., 285.,  14.,   3.,   4.,  12.],
        [  7.,   6.,   2., 300.,   1.,   6.,   0.,  13.,  13.,  11.],
        [ 13.,  13.,  33.,   4.,  31.,   1., 151.,  17.,   3.,   6.],
        [  7.,  85.,   6.,  16.,   1.,   9.,   0., 220.,  26.,   7.]],
       device='cuda:0')
Epoch 9 | Batch 700
tensor([[  4.,  16.,   7., 287.,   5.,   3.,   3.,  14.,  10.,  13.],
        [ 10.,   4.,   0., 298.,  27.,   6.,   3.,   8.,   6.,  18.],
        [  3.,  18.,   8., 281.,   6.,   2.,   4.,   5.,   7.,   8.],
        [  1.,   6., 313.,   3.,   6.,   0.,  20.,   4.,   3.,   3.],
        [  3.,   4.,   6.,   5., 242.,  12.,  14.,   6.,  30.,   3.],
        [  1.,  27.,   7.,  19.,   9.,   4.,  14.,   2., 219.,   6.],
        [310.,   1.,   5.,   7.,   2.,   1.,  13.,   5.,   2.,  24.],
        [  0.,  11.,  24.,  14., 104.,   0.,   4., 229.,   8.,  19.],
        [  3.,   4.,   3.,   4.,  34.,   2.,  11.,  32.,   9., 275.],
        [  4.,   3.,  24.,   2.,   9.,   1., 273.,   6.,   2.,   9.],
        [  0., 195.,   3.,  16.,  14.,   8.,  16.,  12.,  12.,  12.],
        [  0.,   5.,  13.,   3.,  11.,   2., 259.,   4.,   4.,   8.],
        [  3.,   3.,   3., 303.,  16.,  11.,   2.,   2.,  13.,   7.],
        [  1., 293.,  10.,   7.,   7.,   3.,   5.,   5.,  15.,   8.],
        [220.,   2.,   4.,  24.,   3.,   3.,  20.,   6.,  77.,  11.],
        [  0., 210.,   7.,   5.,   9.,   3.,   2.,   3.,  10.,   4.],
        [ 29.,   2.,  12.,   6.,   8.,   2., 300.,   3.,   3.,  31.],
        [  0., 292.,   6.,   6.,   6.,   2.,   5.,   8.,  16.,  14.],
        [  0.,  13.,  10.,  12.,   9.,   6., 267.,   2.,   9.,   7.],
        [  0.,   6., 313.,   4.,  13.,   0.,  19.,   1.,   4.,  11.],
        [321.,   0.,  18.,   2.,   0.,   0.,   9.,   7.,   0.,   5.],
        [  6.,   3.,  39.,  12.,   8.,   0.,   3.,   6.,   2., 227.],
        [  1., 296.,   8.,   8.,   7.,   2.,   5.,   9.,  16.,  16.],
        [  2.,   2.,  20.,   3.,  10.,   1., 299.,   3.,   6.,  14.],
        [  4.,   8.,   2.,   6.,   9.,   1.,   3., 300.,   8.,  16.],
        [ 24.,   6., 272.,   6.,   3.,  53.,   6.,  14.,   2.,  24.],
        [ 17.,   2.,   0.,   3.,  24.,   0.,   9., 288.,   7.,  45.],
        [  4.,   8.,   5.,  14.,  14.,   3.,   4.,  24.,   9., 267.],
        [  3., 122., 292.,   8.,   1.,   1.,  20.,   5.,   5.,   3.],
        [  6.,   3.,   0.,   8.,   9.,   0.,   4., 306.,   3.,  13.],
        [115.,   4.,   0.,   1.,   8.,   2.,   4., 243.,   3.,  47.],
        [  0.,   3.,  14.,   7., 226.,   1.,   5.,  25.,   3.,  12.],
        [  3.,   5.,   6.,   4.,  13., 288.,   2.,   2.,  79.,   6.],
        [  3.,   3.,   3., 245.,   5.,   6.,   3.,   3.,  11.,   6.],
        [ 20.,  18.,   0.,   3., 248.,   1.,  16.,  13.,   6.,  76.],
        [  6.,   4., 280.,   1.,  15.,   0.,   8.,  10.,   4.,  69.],
        [  1.,   4.,   3.,   4.,  10.,   2.,   5.,  19.,   5., 271.],
        [  1.,  30.,   7.,  12.,  12.,   1.,   7., 234.,  11.,  14.],
        [  3.,   8.,   8.,   9.,   9.,   8.,  11.,   8., 258.,  11.],
        [  8.,   5.,   4.,   2.,  10.,   1.,   8.,  30.,   5., 277.],
        [  0.,   7.,   4., 285.,   5.,  16.,   5.,   4.,   9.,   5.],
        [  3.,   8.,   3., 295.,   3.,  12.,  21.,   3.,  11.,   4.],
        [ 57.,   3., 166.,   5.,   3.,   0.,   7.,   8.,   2.,   9.],
        [ 13.,   9.,   7.,  11.,   4.,   9.,   4.,   3., 281.,   7.],
        [  4.,  13., 166.,   9.,   6.,  29.,   6.,   1.,  70.,   2.],
        [ 22.,   1.,  20.,   3.,  30.,   0.,   4.,  39.,   2., 271.],
        [  0.,   9.,  40.,   8.,  11.,   6., 299.,   3.,  36.,   7.],
        [  1.,   7.,  11., 303.,  10.,  25.,   3.,   3.,  18.,   5.],
        [ 13.,   6.,  23., 167.,  80.,  23.,   8.,   2.,   9.,   3.],
        [  0.,   8.,   2.,  10., 264.,   1.,   9.,  30.,  18.,  25.],
        [  8.,   7.,   6.,  40.,   5., 202.,  11.,   4.,   6.,   2.],
        [  1., 297.,   8.,   8.,   7.,   2.,   5.,   8.,  17.,  12.],
        [  2.,  34., 241.,  16.,   4.,   3.,   5.,   2.,  27.,   2.],
        [ 29.,   3.,  33.,   0.,   2.,   0., 304.,   3.,   2.,  12.],
        [  2.,   5.,   3.,  51.,   8.,   4.,   5.,  18.,  12., 282.],
        [  3.,   8., 307.,   1.,   6.,   0.,  19.,   2.,   4.,  11.],
        [  1.,  10.,   2., 300.,   7.,   5.,   6.,   6.,   6.,   5.],
        [  3.,   4.,  12.,   7.,  17., 167.,  36.,   4.,  12.,  15.],
        [  1.,  11.,   5.,   8.,  12.,   3.,   6.,  14.,   6., 269.],
        [  1., 294.,   9.,   8.,  10.,   2.,   4.,   7.,  19.,  11.],
        [ 10.,   6.,   0.,   7., 261.,   1.,  35.,  11.,  11.,  34.],
        [  5.,   9.,  51.,  23.,  33.,   2.,   2., 249.,  19.,  15.],
        [  3.,   1., 288.,   9.,   2.,   4.,  47.,   4.,   6.,   4.],
        [ 11.,   3.,   9.,   2.,  21.,   0.,   9.,  71.,   2., 265.]],
       device='cuda:0')
Epoch 9 | Batch 800
tensor([[ 27.,   1.,   0.,   5.,   9.,   1.,   1., 295.,   5.,   5.],
        [306.,   1.,   3.,  12.,   1.,   6.,   9.,  14.,  23.,   5.],
        [  5.,   5., 311.,  24.,  11.,   1.,   1.,   2.,   5.,   2.],
        [  1., 282.,   6.,  12.,   2.,   3.,   3.,  15.,  10.,  14.],
        [  5.,  30., 165.,  19.,   1.,   0.,   1.,   2.,  13.,   2.],
        [164.,   1.,   6.,  17.,   5.,   5.,  10.,   8.,  16.,   6.],
        [ 24.,   2.,   0.,   1.,  48.,   3.,   0., 309.,  51.,  14.],
        [  1.,   8.,  30.,  48.,   5.,   0.,   0., 277.,  20.,  33.],
        [ 14.,  56., 281.,  13.,   0.,   2.,  16.,   4.,  12.,   3.],
        [ 13.,   4.,   9., 279.,   1.,   5.,   0.,   4.,   8.,   4.],
        [  2., 224.,   6.,  25.,   6.,  11.,   7.,  24.,  22.,  41.],
        [  1., 292.,  13.,   9.,   3.,   0.,   3.,  19.,  24.,  10.],
        [  2.,   2.,   3.,   5.,  79.,   1.,   1., 269.,   5.,   7.],
        [ 15.,   2.,   7.,   8.,  20.,   9.,   3.,   5., 289.,   2.],
        [  6.,   3., 292.,  18.,   8.,   0.,   2.,   5.,   7.,   5.],
        [ 26.,   6.,   7., 298.,   0.,  28.,   1.,   3.,   8.,   3.],
        [ 14.,   5.,  34., 293.,   0.,   8.,   1.,   2.,   6.,   2.],
        [ 10.,   3.,   6.,  34.,   4.,   9.,   1.,   4., 237.,  26.],
        [  4.,   2.,   9.,   7., 244.,   2.,   5.,  19.,  20.,  20.],
        [ 13.,   1.,   2.,   3.,   6.,   1.,   0., 308.,   5.,  15.],
        [ 10.,   1.,   2.,   0., 306.,   4.,   5.,  19.,  16.,   9.],
        [302.,   3.,   8.,  70.,   2.,  10.,   2.,  15.,   3.,   1.],
        [  1.,  49., 301.,   6.,   6.,   1.,  13.,   1.,   4.,   6.],
        [ 39.,   0.,   0.,   0.,  43.,   2.,   0., 312.,   4.,  70.],
        [  7.,   5.,   7.,   5.,  35.,   2.,   1., 288.,  10.,  12.],
        [  3.,   8.,   4., 277.,   1.,  15.,   5.,   1.,   5.,   5.],
        [  0., 262.,   3.,   5.,   1.,   1.,   1.,   6.,   3.,   5.],
        [  3.,  23.,   5., 155.,   2.,   3.,   1.,   2.,   7.,   6.],
        [  3.,  20.,   8.,   8.,   5.,   1.,   2.,   7., 267.,  18.],
        [ 19.,  23.,  16., 282.,   0.,   4.,   0.,   8.,  18.,   2.],
        [122.,   7.,   8., 295.,   0.,  23.,   0.,   5.,   3.,   2.],
        [  3.,  81.,  73.,  29.,   1.,   3.,   7.,   6.,   5.,   6.],
        [  1.,   2.,   5.,   8., 267.,   7.,   2.,  13.,  25.,  16.],
        [  9.,   3.,  13.,   6.,   8.,   3.,   5.,   4.,  87., 209.],
        [  4.,   6.,   5.,  15.,   1., 270.,   2.,   3.,  33.,   4.],
        [ 39.,   2., 304.,  76.,   2.,   0.,   1.,   6.,   4.,   2.],
        [ 18.,   2., 310.,  11.,  17.,   0.,   3.,   2.,   3.,   3.],
        [  0.,   4.,   2.,   8.,   9.,   2.,   0.,  58.,  11., 289.],
        [ 28.,   3.,  32.,   4.,   4.,   1.,   2.,  39., 276.,  10.],
        [  2.,   2.,   5.,   7.,  29.,   6.,   1.,   6., 213.,  26.],
        [277.,   1.,  34.,   0.,  10.,   0.,  11.,  35.,   3.,   4.],
        [ 14.,   3.,   0.,   2., 303.,   2.,   5.,  18.,   6.,  25.],
        [  3.,  13.,   2.,   4., 213.,   5.,  11.,   8.,  20.,  17.],
        [  0.,   1.,  17., 287.,  11.,   7.,   0.,  20.,  25.,  80.],
        [ 12.,   1.,  11.,   3.,  28.,   1.,   0.,  29.,  11., 301.],
        [  4.,   2.,  12.,   5.,   6.,   4., 303.,   3.,  18.,   4.],
        [  0.,   9.,   1.,   4., 192.,   3.,   1.,   6.,   9.,   6.],
        [ 12.,   3.,   0.,   5., 229.,   2.,  11.,  18., 130.,  20.],
        [  3.,  16.,   4.,   6.,   8.,   1.,   0., 299.,   7.,  20.],
        [ 15.,   0.,   2.,   3.,   7.,   0.,   0., 313.,   7.,  27.],
        [301.,   1.,   7.,   6.,   1.,   7.,   8.,  14.,   5.,   4.],
        [314.,   0.,  16.,  42.,   1.,   6.,   1.,  10.,   7.,   1.],
        [  4.,   4.,   2., 209.,   5.,  36.,   0.,  33.,  16.,  74.],
        [  2.,   3.,  23., 297.,  11.,   4.,   0.,   5.,  14.,   9.],
        [  3.,   7.,   4., 162.,   6.,   8.,   0.,   8.,   9.,  18.],
        [  4.,   1.,  11.,  14., 299.,   0.,   0.,  39.,   4.,  21.],
        [  7.,   1.,   0.,   1., 298.,   5.,   2.,  28.,  44.,  12.],
        [  5.,   2.,   1.,   7.,  17.,  14.,   1.,  19.,  14., 291.],
        [  6.,  30.,  21.,   8.,   3.,   6.,   1.,   7., 129.,   8.],
        [315.,   0.,   5.,  24.,   2.,  10.,   4.,  11.,  14.,   1.],
        [  3.,   2.,   8.,   5.,   8.,   6., 283.,   2.,  16.,   3.],
        [  0.,  10.,  17.,   8.,   9.,   2.,   0., 195.,   9.,  47.],
        [  4.,   5.,   2.,  17.,   7.,   5.,   0.,  23.,  62., 291.],
        [ 24.,   1.,   2.,   3.,   7.,   2.,   0., 304.,   5.,  12.]],
       device='cuda:0')
Epoch 9 | Batch 900
Switching label layer to Inference Mode (LIF)...
Epoch 9 DONE | Test Acc: 75.86% | Time: 775.0s
Switching label layer back to Training Mode (Clamp)...
