DO Python file

=== Running bPC-SNN on MNIST ===
Results will be saved to: ./results/bPC_SNN/log_spikeend2end_MNIST_20260122_015922.csv
tensor([[  0.,  48.,  37.,  63.,  27.,  26.,  16.,  74.,  55.,   0.],
        [  0.,  47.,  32.,  76.,  57.,  13.,  10.,  51.,  70.,   0.],
        [ 11.,  20.,   0.,  10.,   4.,  20.,   3.,  16.,  20.,  14.],
        [  0.,  23.,  35.,  20.,  37.,   6.,   5., 117.,   9.,   0.],
        [ 10.,  93.,  19.,  21.,  33.,  55.,  37.,  80.,  12.,   0.],
        [  0.,  57.,   5.,  60.,  38.,   2.,   3.,  57.,   0.,  40.],
        [  0.,  70.,  19.,  77.,  52.,   1.,   0.,  28.,  23.,  18.],
        [  0., 100.,   5.,  48.,  16.,  30.,  29.,  45.,  35.,   0.],
        [  0.,  72.,   0.,  75.,   4.,   0.,  10.,  74.,  19.,  12.],
        [ 58.,  46.,   0.,  78.,  41.,   0.,  52.,  22.,  66.,   2.],
        [  0.,  22.,  50.,  17.,  16.,  22.,   0.,  76.,  18.,   0.],
        [  0.,  42.,   0.,  82.,   7.,   2.,  41.,  92.,  81.,   0.],
        [  0., 104.,   0.,  77.,   9.,  77.,  10.,  35.,  21.,  37.],
        [  0.,  42.,  16.,   0.,   9.,   5.,  11.,  29.,  51.,   0.],
        [  0.,  67.,   0.,  44.,  31.,   0.,   2.,  10.,  37.,  18.],
        [  0.,  29.,   0.,   9.,  26.,  23.,   5.,   0.,   2.,  18.],
        [ 20.,  48.,   9.,  10.,  40.,   1.,   7.,  39.,   0.,  22.],
        [  0.,  73.,   5.,  37.,  25.,   1.,   0.,  91.,   0.,  41.],
        [  0.,  27.,   6.,  18.,  66.,   3.,   0.,  20.,  25.,  21.],
        [  0.,  59.,  23.,  46.,  11.,  57.,  13.,  47.,   0.,   0.],
        [  0.,  78.,  10.,  46.,   7.,  36.,  26.,  31.,  16.,   0.],
        [  0.,  48.,   7.,  33.,   0.,  11.,  13.,  23.,  61.,  36.],
        [  3.,  66.,  13.,  84.,  67.,  11.,  17.,  27.,  59.,   0.],
        [  0.,  53.,   0.,  67.,  14.,  18.,  29.,  51.,  63.,  30.],
        [  0.,  27.,  34.,   5.,   4.,  20.,   0.,  29.,  68.,   9.],
        [  0.,  45.,  19.,  66.,  53.,  48.,  20.,  21.,   0.,  46.],
        [  7.,  60.,   6.,   3.,   6.,  23.,   0.,   2.,  12.,  43.],
        [  1.,  48.,   0.,  85.,   0.,  80.,  33.,   5.,  22.,  21.],
        [  0.,  85.,  25.,  34.,   6.,  46.,  18.,  53.,  41.,   4.],
        [ 10.,  53.,  13.,  33.,   8.,  12.,   1.,   4.,  28.,   2.],
        [  0.,  67.,   3.,  26.,   8.,  36.,   0.,  65.,  53.,  30.],
        [  4.,  38.,   0.,  46.,   4.,  11.,  13.,  44.,  45.,  36.],
        [  0.,  83.,  25.,  58.,  28.,   8.,   5.,  42.,  50.,   0.],
        [ 19.,  32.,   0.,  52.,  26.,   8.,  28.,  28.,  15.,   1.],
        [  0.,  62.,  19.,  30.,  32.,   4.,   7.,  27.,  52.,   0.],
        [  1.,  37.,  14.,  83.,  20.,  14.,   3.,  57.,  49.,   0.],
        [  2.,  52.,   0.,  45.,  33.,  16.,  37.,  10.,  27.,  16.],
        [ 33.,  13.,   0.,  60.,  11.,  63.,   0.,  44.,  55.,   0.],
        [  0.,  48.,   6.,  48.,   8.,   1.,  41.,   1.,   0.,  49.],
        [  7.,  14.,   0.,   6.,  32.,   0.,   0.,  16.,  19.,   0.],
        [ 28.,  61.,   5.,  74.,  61.,  33.,   1.,  10.,   1.,  19.],
        [ 18.,  46.,   0.,  33.,  33.,  20.,  61.,  54.,  15.,   0.],
        [ 27.,  73.,  12.,  78.,  34.,  54.,  15.,  20.,   6.,   0.],
        [  5.,  74.,  47.,  13.,  22.,   0.,   6., 105.,  11.,   1.],
        [  0.,  71.,  47.,  96.,  26.,   0.,   2.,  80.,  20.,   0.],
        [  0.,  80.,   0., 104.,   0.,  64.,  12.,  42.,  51.,  18.],
        [ 38.,  26.,  18.,  38.,   0.,  41.,   1.,   5.,  22.,   0.],
        [  0.,  71.,  14.,  62.,  27.,  14.,   0.,  11.,  60.,  10.],
        [ 56.,  90.,   0., 122.,  61.,  73.,  53.,  69.,  68.,   0.],
        [  8.,  58.,  11.,  38.,  11.,  28.,   0.,   2.,  43.,  38.],
        [  0.,  51.,  27.,  20.,  40.,   0.,   0.,  70.,  37.,   0.],
        [ 13.,  50.,   2.,  17.,  52.,  26.,  19.,   8.,  28.,  15.],
        [  0.,  54.,   0., 118.,  33.,  70.,  32.,  29.,  53.,  44.],
        [  0.,  52.,   0.,  89.,   8.,  54.,  33.,  25.,  28.,  61.],
        [  2.,  21.,   0.,  40.,  14.,  34.,   6.,   0.,  13.,  17.],
        [ 21.,  16.,  19.,  50.,  66.,  18.,  24.,  10.,  14.,   0.],
        [  0.,  22.,  32.,  54.,  39.,   8.,   0.,  10.,   0.,  69.],
        [  0.,  42.,   0.,  30.,   6.,   0.,  49.,  99.,  40.,  13.],
        [ 18.,  59.,   0., 100.,   7.,  37.,  32.,  60.,  33.,   0.],
        [  0.,  41.,  18.,   7.,   5.,   1.,  14.,   3.,  56.,   0.],
        [  0.,  10.,   0.,  24.,   1.,  42.,  20.,  40.,   8.,   0.],
        [  0.,  54.,  28.,   4.,  16.,   0.,   0.,  71.,  25.,   0.],
        [  0.,  54.,  47.,  22.,  47.,   0.,   0.,  71.,   0.,   0.],
        [  0.,  13.,  25.,  45.,   2.,  20.,   0.,  48.,  22.,   0.]],
       device='cuda:0')
Epoch 0 | Batch 0
tensor([[  5.,   0.,   0.,   1.,  13.,   0.,   0.,  39.,  11., 219.],
        [191.,   0.,  42.,   1.,   0.,   0.,  56.,   0.,   1.,   0.],
        [  2.,   0.,   0.,   1., 268.,   0.,   0.,   0.,  82.,   5.],
        [ 10.,   0., 306.,   0.,  30.,   0.,  12.,   0.,   0.,   0.],
        [ 10., 252.,   1.,   0.,   0.,   0.,   0.,   0.,   0.,   0.],
        [ 25.,   0.,   0., 102.,   0., 195.,   0.,   0.,   1.,   1.],
        [156.,   0.,   1.,   0.,   0.,   1.,   0.,  80.,   2.,   1.],
        [270.,   0.,   1.,   2.,   0.,   0.,   0.,   0.,   1.,   2.],
        [  5.,   0.,  39.,   0.,   0.,   0., 272.,   0.,   1.,   0.],
        [  6.,   0.,   2.,   0.,   0.,   0.,   0.,  63.,   9., 233.],
        [  2.,   0.,   0.,   0.,  43.,  16.,   0.,  65.,   2., 214.],
        [  8.,   0.,   5.,   0.,   0.,   0., 279.,   0.,   3.,   1.],
        [ 12., 258.,   0.,   1.,   0.,   0.,   2.,   0.,   1.,   0.],
        [ 10.,   0.,   0.,  10.,   0.,   0.,   0., 286.,  71.,   3.],
        [  6.,   0., 254.,   0.,   0.,   0.,   0., 125.,   2.,   0.],
        [ 15.,   9., 294.,   5.,   0.,   0.,   0.,   0.,   4.,   0.],
        [ 12.,   0.,  10.,   0.,   0.,   0., 236.,   0.,   1.,   0.],
        [253.,   0.,   2.,   1.,   0.,  13.,   0.,   0.,   1.,   3.],
        [ 23.,   0.,   0.,   0.,   0.,  39.,   0., 278.,  28.,   3.],
        [ 13.,  27., 286.,   1.,   0.,   0.,  14.,   0.,   1.,   0.],
        [ 21.,   0., 124.,  59.,  45.,   0.,   0.,   0.,  38.,   0.],
        [ 24.,   0.,  56.,  63.,   0.,   2.,   0.,   3.,  94.,   1.],
        [  1.,   0., 190.,   0.,   0.,   0.,   0.,  73.,  55.,   0.],
        [270.,  42.,   8.,   6.,   0.,   0.,   0.,   7.,   0.,   0.],
        [  5.,   0.,   0.,   0., 164.,   0.,   0.,  21.,   5.,  47.],
        [  9.,   0., 272.,  26.,   0.,   0.,   0.,  16.,   0.,   0.],
        [  9.,   0.,   0.,   0.,   0.,   0., 252.,   0.,   0.,   0.],
        [246.,   0.,   1.,   0.,   0.,   0.,  75.,  42.,   0.,   0.],
        [  9.,  31.,   1., 232.,  10.,   0.,   0.,   0.,  71.,   1.],
        [  7.,   0.,  74.,   0.,   0.,   0.,   0.,   6.,  11., 221.],
        [  3.,   0.,   0.,   0.,  15.,   0.,  39.,   0.,   2., 258.],
        [  2.,   0.,   0.,   0., 260.,   0.,   0.,   0.,  11.,   5.],
        [113.,   0., 298.,   1.,   0.,   0.,   0.,  95.,   3.,   0.],
        [  5.,   0.,   0.,   1.,  49.,   0.,   0., 252.,   0.,   2.],
        [  1.,  69.,   0.,   1., 231.,   0.,   0.,   0.,  66.,  23.],
        [ 18.,   0.,   3., 221.,  54.,  59.,   0.,  17.,   0.,   0.],
        [ 11.,   0.,   2.,   1.,   0.,   8.,   0.,   0., 194.,  16.],
        [ 19.,  85., 271.,   2.,   0.,   0., 103.,   0.,   1.,   0.],
        [  6.,   0.,   0.,  32.,   0.,   0.,   0., 255.,   2., 170.],
        [  6.,   0., 159.,   0., 251.,   0.,   0.,  31.,   2.,   6.],
        [ 10.,   2.,  40.,   3.,   0.,   0.,   0., 274.,  38.,   6.],
        [  6., 253.,   0.,   0.,   0.,   0.,   0.,   0.,   0.,   5.],
        [ 16.,   0.,   0.,   1.,   0.,  36.,   0., 234.,   3.,  48.],
        [ 46.,   0.,   0.,  92.,   0., 246.,   0.,   0.,  52.,  63.],
        [ 10.,   0.,   6., 240.,  41.,   0.,   0.,   0.,   3.,   2.],
        [ 17.,   0.,   2., 181.,   0.,  51.,   0.,   0.,   0.,   0.],
        [241.,   0.,   0.,   0.,   0.,   0.,   0.,  57.,   0.,  19.],
        [  3.,   6., 208.,   0.,   0.,   0.,   0.,   0.,   2.,  53.],
        [  8.,   0., 282.,   0.,   0.,   0.,   0.,   0.,   2.,  19.],
        [  2.,   0.,   0.,   0.,  82.,   0., 209.,   0.,   1.,   0.],
        [ 34.,   0.,  45.,   8.,   8.,   0.,   0.,   0., 248.,   4.],
        [  1.,   0.,  41.,   0., 235.,   0.,   7.,   0.,   2.,   0.],
        [ 36., 230.,   1.,   0.,   0.,   0., 109.,   0.,   0.,   0.],
        [142.,   0.,   0.,   4.,   0.,   0.,  15.,   0.,  87.,   3.],
        [ 35.,   0.,  14.,   7.,   0.,  46.,   0.,   0., 247.,   4.],
        [ 18.,   0.,  31., 144.,  71.,  82.,   0.,   0.,   1.,   0.],
        [ 24.,   0.,   0., 118.,   0., 110.,   0.,   0.,   5.,  57.],
        [ 28.,   0.,  30.,   0.,  17.,   0., 262.,   0.,   0.,   0.],
        [  5.,   0.,   0., 164.,   0.,   0., 122.,   0.,   0.,   0.],
        [  8.,   0.,   1.,   0.,   9.,   0., 238.,   0.,   1.,   0.],
        [ 65.,   0.,   4.,   5.,   0., 246.,  59.,   0.,  60.,   0.],
        [ 22.,   0.,   1., 134.,   0.,  32.,   0.,   9.,   6.,   0.],
        [ 12.,   0.,   1.,   0.,  64., 255.,   0.,   0.,   3.,  39.],
        [ 99.,   0., 257.,   1.,   0.,   0.,   1.,   0.,  56.,   0.]],
       device='cuda:0')
Epoch 0 | Batch 100
tensor([[  0.,   0., 268.,   7.,   0.,   0.,  30.,   0.,   1.,   0.],
        [246.,   0.,   0.,   0.,   0.,   0.,   0.,  18.,   0.,   0.],
        [  1.,   2.,   1.,   1.,   0.,   0.,   0.,   0., 255.,   0.],
        [  0.,   0.,   0.,   0.,  19.,  78.,   0.,   0.,   1., 251.],
        [  2.,  70., 186.,  79.,   0.,   0.,   0.,   0., 257.,   0.],
        [  2.,   0.,  29.,   0.,   0.,  18.,   0., 254.,   0.,   0.],
        [279.,   0.,   0.,   0.,   0.,   1.,   0.,   0.,   1.,   0.],
        [ 71.,   0.,   1.,   0.,   0.,   0., 285.,   0.,   5.,  19.],
        [  0., 265.,   0.,   4.,   0.,   0.,   0.,  25.,   0.,  40.],
        [  0.,   0.,   0.,   1.,   0.,   0.,   0., 280.,   4.,   0.],
        [  1.,  25.,   1.,   0.,   0.,   0.,   0.,   0., 253.,   0.],
        [  1.,   0.,  50.,   0.,   0.,   0., 293.,   0.,   0.,   0.],
        [  8.,  43., 305.,   0.,   0.,   0.,   0.,   0.,   2.,   0.],
        [  0.,   0.,   0.,   0.,  26., 117.,   0.,   0.,  18., 258.],
        [  2.,   0.,   0., 287.,   0.,  28.,   0.,   0.,   6.,   0.],
        [  0.,   0.,   0.,   0.,  57.,   7.,   0.,   0.,   0., 187.],
        [  0.,   0.,   0.,   8.,   0., 243.,   0.,   0.,  13.,   0.],
        [ 14.,   0.,  20., 111.,   0.,   0.,   0.,  66.,  64.,   0.],
        [  0.,  76.,   0.,  92.,   0.,   0.,   0.,   0.,   0.,  54.],
        [  0.,   0., 263.,  72.,  96.,   0.,   0.,   0.,   0.,   0.],
        [  1., 187.,   0.,  36.,   0.,  21.,   0.,   0.,  46.,   0.],
        [273.,  17.,  44.,   0.,   0.,   0.,   0.,   0.,   0.,   0.],
        [ 34.,   0., 268.,   1.,  59.,   0.,  90.,   0.,   0.,   0.],
        [  0.,   0.,   0.,   0., 271.,  44.,   0.,  43.,   0.,   0.],
        [ 98.,   0.,   0.,   0.,   0.,   0.,   0.,   0.,  24.,   0.],
        [  0.,   0.,   0.,   0.,   9., 239.,   0.,   0.,   0.,   0.],
        [187.,   0., 285.,   0.,   0.,   0.,   0.,   0.,   0.,   0.],
        [ 18.,   0.,   0.,   1.,   0., 257.,   0.,   0.,  14.,   0.],
        [  0.,   0.,   7.,   0., 274.,   0.,   0.,   0.,   1.,   1.],
        [277.,  18.,   0.,   3.,   0.,   0.,   0.,   0.,   1.,   0.],
        [  0., 269.,   0.,   4.,   0.,   0.,   0.,   0.,   4.,  47.],
        [  1.,   0., 294.,   0.,   0.,   0.,   0.,   0.,   2.,   0.],
        [ 42.,   0.,   0., 143.,   0.,  41.,   0.,   0., 195.,   0.],
        [252.,   0.,   0.,   0.,   0.,  61.,  24.,   0.,  18.,   0.],
        [  1.,   0.,   1.,   0.,   0.,   0., 298.,   0.,   2.,   0.],
        [ 17.,   0., 263.,   2.,   0.,   0.,   0.,   0.,   2.,   0.],
        [259.,   0.,   0.,   0.,   0.,   0.,   0.,   0.,   9.,   0.],
        [  0.,   0.,   0.,   0.,   0.,   0., 285.,   0.,   0.,   0.],
        [  0.,   0.,   0.,  10.,   4., 134.,   0.,   0.,   0., 270.],
        [  0.,   0.,   0.,   0.,   0.,   0., 258.,   0.,  14.,   0.],
        [  1.,   0.,   0.,   0.,   0.,  30.,   0.,   0., 205.,  30.],
        [  0.,   0.,   0.,   2.,   0.,   0.,   0.,  37., 244.,  32.],
        [121.,   0.,   0.,  22.,  88.,  21.,  35.,   0.,   1., 212.],
        [  0.,   0.,  11.,  70.,   0.,   0.,   0., 265.,   4.,   0.],
        [234.,   0.,   0.,   0.,   0.,   0.,  45.,   0.,   3.,   0.],
        [  0.,   0., 309.,   1.,   0.,   0.,   0.,   0.,  20.,   0.],
        [ 85.,   0.,  20.,  16.,   0.,   0.,   0.,   0., 266.,  58.],
        [  4.,   0.,   0., 290.,   0.,  87.,   0.,   0.,  10.,   0.],
        [  0.,   0., 286.,   4., 122.,   0.,   0.,   0.,   1.,   0.],
        [ 25.,   0.,   0., 274.,   0.,   0.,   0.,   0.,   0.,   0.],
        [  1.,   0., 267., 134., 104.,   0.,   0.,   0.,   0.,   0.],
        [ 47.,   0.,   0., 287.,   0.,   0.,   0.,  53.,   1.,   0.],
        [  0.,   0.,  28.,   0.,  56.,   0., 206.,   0.,   1.,   0.],
        [267.,   0.,   0.,   0.,   0.,   0.,  21.,   0.,   1.,   0.],
        [  0.,   0.,   0.,   0., 276.,  40.,   0.,   0.,   0.,   0.],
        [  0.,   0.,   0.,   0., 254.,   0.,   0.,  59.,   6.,  22.],
        [  0., 251.,   0.,  21.,   0.,   0.,   0.,   0.,   6.,  25.],
        [  0.,   0.,   0., 283.,   0.,  20.,   0.,   0.,   1., 118.],
        [  0.,  24.,  72.,   0.,   0.,   0.,   0., 293.,  83.,   0.],
        [ 25.,   1.,   0.,   0.,   0., 241.,   0.,   0.,  12.,   0.],
        [  5.,   0.,   0.,  91.,   0.,  48.,  77.,   0., 233.,   0.],
        [110.,   0.,  83.,   0.,  40.,   0.,  18.,   0.,  67., 218.],
        [ 23.,   0.,   0., 271.,   0.,   0.,   0.,   0.,   1.,   0.],
        [  0.,   0.,   0.,   0.,   0.,   0., 236.,   0.,  24.,   0.]],
       device='cuda:0')
Epoch 0 | Batch 200
tensor([[  0.,   0.,   0.,   3.,   5.,  91.,   0.,  28.,  39., 160.],
        [  0., 250.,   0.,   0.,   0.,   0.,   0.,   0.,   4.,   0.],
        [275.,   0.,   1.,   2.,   0.,   0.,  86.,   0.,   0.,   0.],
        [  0.,   0.,   0.,   1., 288.,   0.,   0.,   3.,   2.,  43.],
        [  0.,   0.,   0.,  13.,   0.,   2., 235.,   0.,   0.,   0.],
        [  2.,   0.,  22.,   1.,   0.,   3.,  73.,   2., 250.,   3.],
        [  0.,   0.,   0.,   0., 241.,   0.,   0., 103.,   4.,   4.],
        [  0.,   0.,   0., 252.,   0.,   0.,   0.,   4.,   3.,  69.],
        [ 13.,   0.,  72.,   0., 101.,   0.,  53.,   0.,   0.,   0.],
        [  4., 273.,   0.,   0.,   0.,   0.,   0.,  30.,  21.,   1.],
        [  3.,   0.,   0.,  20.,   0.,   0.,   0., 297.,   1.,   7.],
        [  0.,   0.,  34.,   6.,  74.,   0.,   0.,   4.,   3., 290.],
        [  0., 286.,   0.,   0.,   0.,   0.,   0.,  16.,   0.,   1.],
        [ 32.,   0.,   0., 246.,   0.,  67.,   0.,   0.,  22.,   0.],
        [  0., 283.,   0.,   1.,   0.,   0., 127.,   0.,   0.,   0.],
        [  1.,   0.,  54.,   0.,   0.,   0.,   0.,   4., 133.,   3.],
        [ 15.,   0.,   0.,   4.,   0.,   0.,   0.,   2., 144.,   3.],
        [  1.,   0.,   0., 256.,   0.,   0.,   0.,   2.,  88.,   3.],
        [  8.,  23.,  34.,   0.,   0., 132.,   0.,   9.,   0.,   0.],
        [257.,   0.,   1.,   0.,   0.,   0.,  12.,   1.,   0.,   0.],
        [  0.,   0.,   0.,   0.,  37.,   0.,   0.,  73.,  52., 284.],
        [  0.,   0.,   0.,   1., 272.,   0.,   0.,   6.,   0.,  43.],
        [  0.,   0.,   0.,   0.,   1.,   0.,   0., 289.,   0.,  19.],
        [  1.,   0.,   1.,   2.,   0.,   0.,   0.,   0., 192.,   9.],
        [  0.,   0.,   0.,   0.,  91.,   6.,   0.,   8.,   4., 241.],
        [ 86.,   0., 297.,   1.,   6.,   0.,   0.,   0.,   0.,   0.],
        [  7.,   0.,  29., 103.,   0., 103.,   0.,   0., 114.,   0.],
        [  1.,   0.,   0.,   4.,  17.,   0.,   0.,  86.,   6., 290.],
        [  0.,   0.,   0.,   0., 265.,   0.,   0.,  45.,   0.,  19.],
        [  1.,  21.,   0.,   1.,   0.,   0.,   0.,   4., 145.,   3.],
        [  0.,   0.,   0.,   0., 285.,   0.,   0.,  40.,  32.,  12.],
        [  0.,   0.,  35.,   1.,   0.,   0.,   0.,   0., 173.,   2.],
        [ 21.,  23., 266.,  15.,   0.,   0.,   0.,   0.,   0.,   0.],
        [  0.,   0., 263.,   0.,   2.,   0.,   0.,  80.,   2.,   0.],
        [  1.,  32., 246.,   0.,   8.,   0.,   7.,   0.,   0.,   0.],
        [  1.,   0.,   0.,   0.,   0.,   0.,   0.,  20., 187.,   3.],
        [  0., 243.,   0.,   0.,   0.,   0.,   0.,   0.,   0.,   0.],
        [  0., 286.,   0.,   0.,   0.,   0.,   0.,   3.,   0.,   1.],
        [  1.,   0.,   0.,  10.,   4.,   0.,   0., 291.,   0.,  10.],
        [  0., 221.,   0.,   0.,   0.,   0.,   0.,  32.,   1.,   0.],
        [  4.,   0.,   0.,   3.,   0., 249.,   0.,  12.,  50.,   5.],
        [ 89.,   0.,   0., 298.,   0.,   0.,   0.,   0.,   0.,   0.],
        [  0., 281.,   0.,   5.,   0.,   0.,   0.,   0.,   0.,   0.],
        [  1.,   0., 118.,   5.,   0.,  81.,   0.,   7., 222.,  14.],
        [  0., 263.,   0.,   0.,   0.,   0.,   0.,   0.,   0.,   0.],
        [  0.,  37.,   0., 280.,   0.,   5.,   0.,   2.,  23.,   4.],
        [  0.,   0., 272.,   4.,   0.,   0.,   0.,   1.,  37.,   0.],
        [258.,   0.,   0.,   0.,   0.,   0.,   0.,   2.,   7.,   1.],
        [  0.,   1.,  52.,   0.,   0.,   5.,  38.,   1., 224.,   2.],
        [  0.,   0.,   0.,  38., 292.,   0.,   0.,  13.,   2.,  18.],
        [  0.,   0.,   0.,   1.,  22.,   0.,   0.,  23.,  73., 280.],
        [  0.,   0.,   0.,   0.,  46.,   0.,  50.,  33.,   0., 218.],
        [  0.,   0.,   0.,  59.,  85.,   0.,   0.,  17.,   3., 267.],
        [214.,   0.,   4.,  66.,   0.,   0.,   0.,   0., 138.,   0.],
        [  0.,   0.,   0.,   0.,  53.,   0.,   0.,   4.,   1., 243.],
        [  0.,   0.,  10.,  13., 229.,   0.,  88.,   0.,   1.,  43.],
        [  0.,  17.,   0., 289.,   0.,   1.,   0.,   0.,  69.,   4.],
        [  0.,   0.,   0.,   2.,   8.,   0.,   0.,  45.,   0., 243.],
        [  0.,   0.,   0.,   1.,   5., 220.,   0.,   8.,  18.,  10.],
        [ 10.,   0.,   0.,   2.,   0.,  34., 249.,   0.,   1.,   1.],
        [  0.,   0.,   0.,   2.,   0.,   0.,   3.,   1., 256.,   7.],
        [  0.,  15.,   0.,   4.,  31.,   9.,   0.,   4.,  89., 293.],
        [  0.,  51.,   0.,   0.,  13.,   0.,   0.,  18.,   2., 269.],
        [  0.,   0.,   0., 275.,  76.,  43.,   0.,   0.,  65.,   1.]],
       device='cuda:0')
Epoch 0 | Batch 300
tensor([[  1.,   0.,   0.,   0.,   0., 106.,   0.,  65., 282.,   9.],
        [  3.,  68.,   0.,   0.,   0.,   0.,   0., 282.,   5.,   1.],
        [ 31.,  12.,   0.,   0.,   0.,   0.,   0., 257.,   4., 113.],
        [118.,  62.,   0.,   0.,   0.,   0.,   0.,   0.,  11.,   0.],
        [ 26., 243.,   0.,   0.,   0.,   3.,   0.,  32.,   2.,   2.],
        [  1.,   0., 251.,   0.,   0.,   0.,   0.,   0.,  11.,   1.],
        [  0.,   0.,   0.,   6.,   5.,   0.,   0.,   0.,   8., 235.],
        [276.,   0.,   0.,  25.,   0.,   0.,   0.,   0.,  11.,   0.],
        [100.,   0.,   0., 131.,   0., 280.,   0.,   0.,  30.,   0.],
        [253.,  33.,   0.,   0.,   0.,   0.,   0.,   0.,   5.,  29.],
        [ 46.,   0.,   0.,   0.,   0., 201.,  25.,   0.,   2.,   0.],
        [  0.,   0.,   0.,   0.,   0.,   1.,   0., 274.,   6.,  40.],
        [  0.,   6., 262.,   0.,  43.,   0.,   0.,   0.,   5.,   0.],
        [  0.,   0.,   0., 269.,   0.,   0.,   0.,  14.,  11.,  41.],
        [ 10.,  68.,  22.,   5.,  25.,   0.,   0.,   0., 225.,   0.],
        [  0.,   0., 131.,   0.,   0.,   0., 282.,   0.,   9.,   0.],
        [  0.,   0.,   0.,   0., 248.,   0.,   0.,  11.,   7.,   1.],
        [  0.,   0.,   0.,   0.,   0., 275.,   0.,   0.,  61.,   0.],
        [  2.,   0.,  55.,   0.,   0., 253.,   0.,   0.,  25.,   0.],
        [  0.,   0.,   0., 168.,   0.,   0.,   0.,   0.,  23.,  95.],
        [  0.,  35.,  24., 262.,   0.,   0.,   0.,   0.,  13.,  35.],
        [  0.,   0.,   0.,   8.,   0.,   0.,   0., 283.,  74.,   3.],
        [  0.,   0.,  94.,   0.,   0.,   0., 248.,   0.,  12.,   0.],
        [  1.,   0.,   0.,   0.,   0.,   0., 263.,   0.,  11.,   0.],
        [  0.,   0.,   0.,   0.,   0.,   0., 265.,   0.,  11.,   0.],
        [  0.,  55.,   0., 250.,   0.,   0.,   0.,   0., 175.,   2.],
        [276.,   0.,   0.,   0.,   0.,  77.,   0.,   0.,   1.,   0.],
        [269.,   0.,   0.,   0.,   0.,   0.,   0.,   0.,   6.,   0.],
        [  4.,   0.,   0.,  45.,  53.,   0.,   0., 188.,   3.,   1.],
        [ 42., 257.,   0.,   0.,   0.,   0.,   0.,   0.,   5.,   0.],
        [  0.,   0.,   0.,  88.,   0.,   0.,   0., 239.,  23.,   1.],
        [  0., 146.,   0., 117.,   0.,   0.,   0.,   0.,  14.,   0.],
        [250.,   0.,   0.,  38.,   0.,   3.,   0.,  11.,  16.,   0.],
        [  5.,   0.,   0.,   0.,   0.,   0.,   0., 262.,   6.,   8.],
        [  0.,   0.,   0.,   0.,  85., 276.,   0.,   0.,  10.,   0.],
        [  0., 112.,   0.,   0.,   0.,   0.,   0., 125.,   2.,  22.],
        [  0.,   0.,   0.,   0.,   0.,   0., 269.,   0.,  10.,   0.],
        [  0., 253.,   0.,   0.,   0.,  28.,   0.,   1.,   4.,   0.],
        [  0., 240.,   0.,   0.,   0.,  12.,   0.,   0.,   3.,   0.],
        [127.,   0.,   0.,  39.,   0.,   0.,  10.,  17.,  13.,   0.],
        [  0.,   0., 267.,   0.,   0.,   0.,   0., 129.,  11.,   0.],
        [  0.,   0.,   0.,   0.,  15.,   0.,  58.,   0.,   5., 259.],
        [  2.,   0.,   0.,   0.,   0.,  81.,   0.,   9., 287.,   3.],
        [ 88.,  12.,   0., 277.,   0.,  17.,  32.,   0.,   7.,   0.],
        [  0.,  45.,   0.,   0., 128.,   0.,   0., 256.,  12.,   1.],
        [  0.,  11.,   0.,   0.,   0.,  98.,  42.,   0., 262.,  66.],
        [  0.,   0.,   0.,   0.,   0.,   0.,   0.,   1.,   9., 211.],
        [  0.,   0., 251.,   0.,   0.,   0.,   0.,   0.,   9.,   6.],
        [154.,   0.,   0.,   0.,   0.,   0.,   0.,   0.,  10.,   0.],
        [  0.,  28., 153.,   0.,   0.,   0.,   0.,   0.,   8.,   0.],
        [  0., 240.,   0.,   0.,   0.,  21.,   0.,   0.,   1.,   0.],
        [  3.,   0.,   0.,   0.,   0., 211.,  58.,   0.,  41.,   0.],
        [  0.,   0.,   0.,   0.,   1.,   0.,   9.,   0., 151.,   0.],
        [ 60., 245.,   0.,   0.,   0.,   0.,   0.,   0.,   3.,  29.],
        [  0.,   0., 296.,   3.,   0.,   0.,   0.,   0.,  19.,  33.],
        [  0.,   0.,  10.,   0.,   0.,  70.,   0.,   0., 153.,   0.],
        [  0.,   0.,   0.,   5., 271.,   0.,   0.,   0.,  36.,   1.],
        [  0.,   0.,  26., 248.,   0.,   0.,   0.,   0.,   7.,  16.],
        [  0.,  12.,   1.,   0.,  81.,   0.,   0.,   0.,   4., 230.],
        [  0.,   0.,   1.,   0., 274.,   0.,  48.,   0.,   8.,   5.],
        [ 61., 259.,   0.,   0.,   0.,  48.,   0.,   0.,   2.,   0.],
        [  0.,   1.,   0.,   0.,   0.,   0.,   0.,  90., 242.,  84.],
        [  0.,   0.,   0.,   0.,  59.,   0.,   0.,   0.,   6., 258.],
        [223.,  37.,   0.,   0.,   0.,   0.,   0.,   7.,  60.,   0.]],
       device='cuda:0')
Epoch 0 | Batch 400
tensor([[  0.,   0.,   0., 100.,   0.,   0.,   0., 242.,   4.,  70.],
        [  0.,   0.,   0.,   0.,  34.,   0.,   0.,   0.,   0., 259.],
        [  0.,  62.,   3., 228.,   0.,  10.,   0.,   0.,  40.,   0.],
        [  0., 259.,   0.,  96.,   0.,  37.,   0.,   0.,  15.,   0.],
        [  0., 275.,   1.,  26.,   0.,   6.,   0.,   0.,  12.,   0.],
        [  0.,   0., 232.,   0.,   0.,   5.,   0.,  16., 106.,   0.],
        [  0.,   0.,   0.,  32.,   0.,   0.,   0., 288.,   1.,  66.],
        [  0.,   0.,   0.,   0.,   0.,   5.,   0.,  36.,  13., 254.],
        [  0.,   0.,  11.,   0., 255., 121.,   0.,   1.,  15.,   0.],
        [  0.,   0.,   0.,   0., 267.,   0.,   0., 148.,  28.,   0.],
        [  0., 274.,   0.,  48.,   0.,   1.,   0.,   0.,  15.,   0.],
        [  0.,   0.,  35.,   0., 242.,  57.,   0.,  11.,   7.,   0.],
        [103.,  69., 188.,  29.,   0.,  91.,   0.,   0.,  40.,   0.],
        [  0.,   0.,   0.,   0.,   0., 229.,   0.,   0.,   7.,   0.],
        [  0.,   0., 248.,   1., 117.,   0.,   0.,   0.,   3.,   0.],
        [127.,   0.,  40., 219.,   0.,  99.,   0.,   0.,  49.,   0.],
        [117.,   0.,   0.,  82.,   0., 240.,   0.,   0.,   6.,   0.],
        [305.,   0.,   0.,   0.,   0., 100.,   0.,   0.,   1.,   0.],
        [ 33.,   0.,   0.,   0.,   0.,   3.,   0., 301.,   5.,   0.],
        [  0., 246.,   0.,   0.,   0.,   0.,   0.,   0.,   0.,   0.],
        [  0.,   0.,   0.,   0., 216., 112.,   0.,   0.,   1.,  92.],
        [  0.,   0.,   0.,  48., 114.,   0., 269.,   0.,  16.,   0.],
        [  0.,   3.,   0.,   0.,   0.,   0., 263.,   0.,   3.,   0.],
        [  0., 113.,   1.,   0.,   0.,  88.,  87.,   0.,   9.,   0.],
        [  0., 259.,   0.,   0.,   0.,   2.,   0.,   0.,  30.,   0.],
        [312.,   0.,   0.,   0.,   0.,   0.,   0.,  79.,   1.,   0.],
        [  0.,   0., 126.,  92.,   0.,   2.,   7.,   0.,   5.,   0.],
        [300.,   0.,   7.,   0.,   0.,  20.,   0.,   0.,   0.,   0.],
        [281.,   0.,  49.,   0.,   0.,   0.,  17.,   0.,   1.,   0.],
        [  9.,   0.,   0.,  59.,   0.,   0.,   0., 306.,   2.,   0.],
        [  0.,   0.,   1., 199.,   0.,  72.,  14.,   0.,  39.,   0.],
        [  0.,   0.,   0.,  15.,   0., 129.,   0.,   0.,   7.,   0.],
        [ 13.,   0.,   9.,   0.,   0.,   0.,   0., 172.,   2.,  44.],
        [  0., 267.,   0.,   0.,   0.,   0.,   0.,   0.,   7.,   0.],
        [  0.,   0., 101.,   7., 255.,   0.,   0.,   1.,   2.,  79.],
        [  0.,  47.,   0.,   0.,   0.,   0.,   3.,   0., 235.,   0.],
        [  0.,   0.,   0., 108.,   0.,   2.,   0.,   0., 253.,   0.],
        [  0.,   0., 259.,   0.,   0.,   0.,   0.,   0.,   2.,   0.],
        [  0.,   0.,   0.,   0.,   0.,   0., 282.,   0.,  11.,   0.],
        [  0.,   0.,   0.,  83.,   0.,   5., 266.,   0.,  42.,   0.],
        [  0.,   0.,   0.,   0., 247.,  57.,   0.,   0.,   6.,   0.],
        [  0.,   0.,   0.,  22.,  75., 268.,   0.,   0.,  20.,   0.],
        [294.,   0.,   1.,   0.,   0.,   0.,   0.,   9.,   1.,   0.],
        [  0.,   0.,   0.,   3.,  18.,   1.,  57.,   1.,  11., 259.],
        [  0., 268.,   1.,   0.,   0.,   0.,   0.,   0.,   8.,   0.],
        [  0.,   0.,   0.,   0.,  87.,   0.,   0., 296.,   2.,   0.],
        [  0.,   0.,   0.,   5.,   0.,   0.,   7., 155.,  15.,   0.],
        [294.,   0.,  29.,   0.,   0.,   0.,   0.,   0.,   4.,   0.],
        [  4.,   0.,   0.,   0.,  95.,   1.,   0., 293.,   7.,   8.],
        [ 68.,   0., 204.,  15.,   0.,   2.,  11.,   0.,   1.,   0.],
        [  0.,   0., 112.,   3.,  52.,   0.,   0.,   0.,   1.,  28.],
        [  0.,   0., 124., 169.,   0.,   0.,   0.,   0.,   4.,   0.],
        [ 85.,  22.,   0.,   0.,   0., 236.,   0.,   0.,   0.,   0.],
        [ 39.,   0.,   0.,   0.,   0., 232.,   0.,   0.,   4.,   0.],
        [  5.,   0.,   5.,  44.,   0.,   1.,   0., 300.,   2.,  61.],
        [  0., 269.,   0.,  25.,   0.,  12.,   0.,   0.,  11.,   0.],
        [  0.,   0.,   0.,   0.,   0.,   0., 277.,   0.,   6.,   0.],
        [  0.,   0.,   0.,   0., 264.,   0.,   0.,  21.,   3., 160.],
        [  6.,   0.,  90.,  32.,   0.,   9.,   0.,   1., 212.,   0.],
        [ 90.,   0.,   0.,   0.,   0.,   0.,   0.,  54.,   1.,   0.],
        [  0., 275.,   0.,   0.,   0.,   0.,   0.,   0.,  14.,   0.],
        [260.,   0.,   0.,   0.,   0.,   0.,   0.,  81.,   1.,  34.],
        [  0.,   0.,   0.,   1.,   0.,   5.,   0.,   0.,   5., 213.],
        [137.,   0.,   0.,   9.,   0., 208.,   0.,   0.,   3.,   0.]],
       device='cuda:0')
Epoch 0 | Batch 500
tensor([[  0.,   0.,   0.,   0.,   0., 269.,  76.,   0.,   7.,   0.],
        [  0.,  60., 207.,  72.,  27.,   0.,   0.,   0., 129.,   0.],
        [  0.,   0.,  13.,   0.,   0.,   0.,   0.,   0., 196.,   0.],
        [  0.,   0., 302.,   2.,   0.,   0.,  21.,   0.,   9.,   0.],
        [  0.,   0.,  86.,   0., 238.,   0.,   0.,   0.,   4.,   0.],
        [  0.,   0.,  60.,   0., 257.,   0.,   0.,  14.,   1.,   0.],
        [  0.,   0.,   0.,  64.,   0.,  51.,  16.,   7.,   6., 261.],
        [269.,   0.,  68.,   0.,   0.,   0.,   0.,   0.,   0.,   0.],
        [  0., 274.,   0.,   0.,   0.,   0.,   0.,   0.,   2.,   0.],
        [252.,   0.,   0.,   1.,   0.,   0.,   0.,   0.,  10.,  19.],
        [  0.,   0.,   0.,   0.,   0., 267.,  77.,   0.,  25.,   0.],
        [  0., 286.,   0.,   0.,   0.,   0.,  27.,   0.,   6.,   0.],
        [  0.,  51.,  83.,   0.,   0.,   0., 270.,   0.,   6.,   0.],
        [  0.,   0.,   9.,   3., 119.,   0.,  23.,   0.,   7.,   5.],
        [  0.,   0.,   0.,   0.,  19.,   0.,   0., 265.,   3.,  11.],
        [  0.,   0.,   4., 284.,   0.,   0.,   9.,   0.,   9.,   0.],
        [  0.,  10.,   0.,   0.,  20.,   0.,   0.,   0., 275.,  63.],
        [  0.,   0.,   0.,  53.,   2.,   0., 279.,   0.,   1.,  20.],
        [  0.,   0.,   0.,   4., 254.,   0.,   0.,   0.,   0.,  25.],
        [  0.,   0.,   2.,   0., 132., 226.,   2.,   0.,  22.,   0.],
        [  0., 250.,   1.,   0.,   0.,   0.,   0.,   0.,  14.,   0.],
        [287.,   0.,  14.,   0.,   0.,   0.,   0.,   0.,   2.,   0.],
        [ 27.,   0.,   0.,   0.,  31.,   0.,   0.,   0., 284.,  82.],
        [  0.,   0., 165.,   0.,   0.,   0.,   0., 132.,  13.,   0.],
        [  0.,   0., 289.,   0.,  26.,   0.,   5.,  15.,   2.,   0.],
        [284.,   0., 114.,   0.,   0.,  94.,   0.,   0.,   5.,   0.],
        [  0.,   1.,   7.,  61.,   0.,   0.,   0.,   0., 294.,   0.],
        [284.,   0.,   0., 112.,   0.,   0.,   0.,   0.,   2.,   0.],
        [  0.,   0.,   4.,   0.,   0.,   0.,   0.,   0., 274.,   0.],
        [  0.,   0.,   0.,  37.,   0.,   0.,  39.,   0.,  15., 253.],
        [  0., 238.,   1.,  38.,   0.,   0.,  15.,   0.,  19.,   0.],
        [  0.,   0., 264.,  12.,   0.,   0.,   0.,  68.,  45.,   0.],
        [  0.,   0.,   2.,   0.,   4.,   0.,   0.,   0., 303.,   0.],
        [  0.,   0.,  31.,   0., 233.,   0.,  48.,   0.,   3.,   0.],
        [  0.,   0.,   0.,   0.,   0.,   0.,   0.,   5.,   7., 264.],
        [  0.,   0.,   1.,   2., 234.,   0.,   0.,   0.,   7., 109.],
        [  0.,   0.,   0.,   0.,  21.,   0.,   0.,   0.,  15., 280.],
        [  0.,   0.,   0., 134.,   0.,   0.,   0., 209.,   0.,   0.],
        [  0.,   0., 255.,  79.,   0.,   0.,   0.,  78.,   8.,   0.],
        [  0.,   0.,   0.,   0., 138.,   0.,   0., 267.,   8.,   0.],
        [278.,   0.,   0.,  87.,   0.,   0.,  23.,   0.,  88.,   0.],
        [  0.,   0.,   0., 242.,   0.,   0.,   0., 151., 100.,  14.],
        [  0.,   0.,   1.,   4.,   0.,  21.,   0.,   3., 244.,   0.],
        [  0.,   1.,   8.,  28.,   0.,  35.,  19.,   0., 269.,   0.],
        [  0.,   0.,   5.,   0.,   0.,   0.,   0.,   0., 235.,  35.],
        [  0.,  22., 203.,   0.,   0.,   0.,   0.,  36.,   1.,   0.],
        [  0.,   0., 251.,   1.,   0.,   0.,  38.,   0.,   6.,   0.],
        [  0.,   0.,  31.,   0., 258.,   0.,   4.,   0.,   6.,   0.],
        [  0., 277.,   5.,   0.,   0.,   0.,   0.,   0.,   6.,   0.],
        [  0., 283.,   0.,   0.,   0.,   0.,   0.,   0.,   6.,   0.],
        [ 57.,   0.,  15.,   0.,   0.,   0.,   0.,   0.,   1., 226.],
        [  0.,   0., 295.,  82.,   0.,   0.,   1.,   0.,  13.,   0.],
        [  0., 264.,   0.,   0.,   0.,   0.,   0.,   0.,  10.,   4.],
        [  0.,   0.,   2.,   0., 269.,  18.,   0.,   0.,  15.,   0.],
        [  0.,   0.,   2.,   0., 266.,   0.,   0.,   0.,  52.,   4.],
        [  0.,   0., 295.,  99.,   0.,   0.,   0.,   0.,  13.,   0.],
        [295.,   0.,   0.,   0.,   0.,  89.,   0.,   0.,   1.,   0.],
        [  0., 288.,   0.,   0.,   0.,   0.,  38.,   0.,   9.,   0.],
        [  0.,   0.,   1.,   0., 246.,   0.,   0.,   0.,   5.,   6.],
        [  0.,   0.,   2.,   0., 268.,   0.,   0.,   0.,   2.,   5.],
        [  0.,  75.,  27.,   0.,   0.,   0.,   2.,   0., 231.,   0.],
        [  0.,   0., 290.,   0., 111.,   0.,  13.,   0.,   4.,  17.],
        [  9.,   0.,   0.,   0.,   0.,   0.,   0., 255.,   3.,   0.],
        [  0.,   0.,   2., 156.,   0.,   9.,  81.,   0., 111.,   0.]],
       device='cuda:0')
Epoch 0 | Batch 600
tensor([[  4.,   0., 226.,   0.,   0.,   0.,   0.,   0.,   0.,  46.],
        [288.,   0.,   0.,  42.,   0.,  20.,   0.,   0., 104.,   0.],
        [  5.,   0.,   0.,  32.,   0.,   0.,   0., 245.,   3.,   4.],
        [  4., 260.,   0.,   6.,   0.,   0.,   0.,  28.,   5.,   5.],
        [  0., 249.,   0.,   3.,   0.,   0.,   0.,   0.,  13.,  17.],
        [  4.,   0.,   0.,   2., 131.,   0.,  58.,   0., 134., 209.],
        [  0., 255.,   0.,   3.,   0.,   0.,   0.,   0.,   1.,   0.],
        [  4.,   0.,   0.,   5.,   0., 130.,   0.,   0.,   4.,  22.],
        [292.,   0.,   0.,   0.,   0.,   0.,   3.,   0.,   4.,   0.],
        [ 71.,   0.,   0.,   0.,  12.,   0.,  60.,   0.,  98.,  68.],
        [  2.,   0.,   0.,   0.,   0.,   0.,   0., 224.,   0.,  79.],
        [  6.,   0., 265.,   0.,  73.,   0.,   0.,   0.,  59.,  35.],
        [288.,   0.,   2.,  26.,   0.,   0.,   0.,   0.,   0.,  26.],
        [ 12., 271.,   0.,   2.,   0.,   0.,   0.,   0.,   6.,   0.],
        [  5.,   0.,  19.,   0.,   0.,   0., 266.,   0.,   0.,   1.],
        [  3.,   0.,   6.,   0.,   0.,   0., 254.,   0.,   1.,   1.],
        [  6.,   0.,   0.,   0.,   0.,   0.,   3.,  33.,   1., 264.],
        [  5., 260.,   0.,   4.,   0.,   0.,   0.,  18.,  16.,   6.],
        [ 12.,   0.,   0.,   1., 275.,   0.,  19.,   0.,   7.,  20.],
        [  4., 264.,   0.,   3.,   0.,   0.,   0.,   1.,  22.,  15.],
        [  1.,   0.,   0.,   0.,  51.,   0.,   0., 255.,   1.,   0.],
        [  2., 270.,   0.,   5.,   0.,   0.,   0.,   0.,  13.,   2.],
        [ 29.,   0.,   0., 280.,   0.,   0.,   0.,   0.,   2.,   0.],
        [  4.,   0.,   4.,   4.,  52.,   0.,   0., 215.,   2.,  45.],
        [  5.,   0.,   0., 266.,   0.,  57.,   0.,   0.,  29.,   0.],
        [  1., 115.,   0.,   1.,   0.,   0.,  46.,   0., 212.,  83.],
        [290.,   0.,   0.,   0.,   0.,   0.,   9.,  88.,   0.,   0.],
        [  4.,   0., 255.,   3.,   0.,   0.,   0.,  42.,   9.,   0.],
        [  2.,   0.,   0.,   0.,  22.,   0.,   0.,  61.,   4., 194.],
        [ 86.,   0.,   2.,   0.,   0.,   0., 284.,   0.,   0.,   0.],
        [ 89., 109., 281.,   0.,   0.,   0.,   0.,   0.,   1.,   1.],
        [  5.,   0.,   0., 125.,   0., 239.,   0.,   0.,   4.,   3.],
        [ 10.,   0.,   0.,   0.,   0.,   0.,   0.,   0.,   9., 177.],
        [ 10.,   0.,   1.,   3.,   0., 263.,   0.,   0.,   1.,  17.],
        [  3.,   0.,   1.,   0.,   0.,   0., 261.,   0.,   0.,   0.],
        [  5.,   0.,   0.,   4., 114., 246.,   0.,   0., 120.,   0.],
        [300.,   0.,   0.,   0.,   0.,   0.,  12.,   0.,   2.,   0.],
        [ 33.,   0.,   0.,  80.,   2.,   0.,   0.,   0.,  30.,   0.],
        [285.,   0.,   0.,  84.,   0.,  30.,   0.,   0.,   2.,   0.],
        [315.,   0.,   0.,   0.,   0.,   0.,   0.,   0.,   0.,   0.],
        [ 12.,   0.,   0., 261.,   0.,  15.,   0.,   0.,  61.,   0.],
        [  4.,   0.,   0.,   5.,   0.,  28.,   0.,  41.,   5., 257.],
        [  5.,   0.,   1.,   0.,  21.,   0.,   0.,   6.,   5., 261.],
        [ 10.,   0., 274.,   0.,  56.,   0.,   3.,   0.,  39.,   0.],
        [ 21.,   0., 295.,   0.,   0.,   0.,   0.,  83.,   1.,   1.],
        [  3.,   0.,   2.,   0., 170.,   0.,  46.,  68.,   1.,   5.],
        [ 17.,   0., 136.,  30.,   0.,   0., 296.,   0.,   1.,  21.],
        [  5.,  40.,   0.,   1.,   0.,   0.,   0.,   0., 189.,  79.],
        [  3.,  24.,  97.,   0.,   0.,   0.,   8.,   0.,   1.,   0.],
        [  6.,  50.,   0.,   1.,   0., 109.,  38.,   0., 198.,  17.],
        [  0.,   0.,   0.,   0., 277.,   0.,   4.,  33.,   1.,   8.],
        [  4.,   0.,   0.,   5.,   0.,   0.,  90.,   0., 226.,   0.],
        [ 18.,   0.,   0.,   0.,   0., 261.,   8.,   0.,   1.,   0.],
        [  1.,   0.,   2.,   0., 262.,   0.,   2.,   0.,  90.,   0.],
        [  6., 248.,   0.,   3.,   0.,   0.,   3.,   0.,   9., 133.],
        [302.,   0.,   0.,   0.,   0.,   0.,   0.,   0.,   1.,   0.],
        [  2.,   0.,   0.,   0., 283., 103.,   0.,  30.,   3.,  12.],
        [  1.,   0.,   0.,   1., 263.,   0.,   1.,  90.,   2.,   7.],
        [  3., 254.,   0.,  32.,   0.,   0.,   0.,   0.,   1.,  46.],
        [ 96.,   0.,   2.,   0.,  11.,   0.,   0.,   7.,   1., 193.],
        [  5.,   0.,   0., 272.,   0.,  59.,   0.,   0.,   5.,   1.],
        [  3.,   0.,   0.,   4.,  27.,  10.,   0.,   0., 272.,   0.],
        [  3., 268.,   0.,   7.,   0.,   0.,   0.,   0.,   8.,   2.],
        [  7.,   0.,  85.,   0., 120.,   0.,   0., 274.,   0.,   4.]],
       device='cuda:0')
Epoch 0 | Batch 700
tensor([[  0.,   0., 124., 294.,  14.,   0.,   0.,   0.,   0.,   0.],
        [  0.,   0.,  27., 283.,   0.,   0.,   0.,   0.,   0.,   0.],
        [ 69.,   0.,   0.,   0.,   0.,   0.,   0., 132.,   0.,   0.],
        [  0.,  42.,   0., 236.,   0.,   0.,   0.,   0.,   0.,   0.],
        [  0.,   0.,   0.,  44.,  44.,   0.,   0.,   0.,   0., 281.],
        [ 51.,   0.,   0.,   0., 179.,   0.,   0., 156.,   0.,   0.],
        [  0.,   0.,   0.,   0.,   2.,   0., 100.,  25.,   0., 251.],
        [270.,   0.,   0.,   0.,   3.,   0.,   7.,   0.,   2.,   0.],
        [  0.,  71.,   0.,   0., 297.,   0.,   0.,   0.,   0.,   1.],
        [ 11.,   5.,   6.,   0.,   6.,   0., 279.,   0.,   0.,   0.],
        [ 46.,   0.,   0.,   0.,  54.,  15., 253.,   0.,  57.,   0.],
        [269.,   0.,   1.,   4.,   3.,   0.,   0.,   0.,   0.,   0.],
        [  0.,  80., 131., 183.,   0.,   0.,   0.,  58.,   0.,   0.],
        [  0.,  11.,   0.,   0.,   4.,   0.,   0.,  18.,   2., 234.],
        [ 70.,   0.,   0., 281.,   0.,  92.,   0.,  88.,   3.,   0.],
        [  0.,  26., 232.,   0.,   0.,   0.,   0.,   0.,   0.,   0.],
        [ 43., 276.,   0.,   0.,   1.,   0.,   0.,   0.,  12.,   0.],
        [ 57.,   0.,   0.,   0.,  11.,   0.,   0.,   0.,   0., 282.],
        [  0.,   0.,   0.,   0., 207.,   1.,  11.,   0.,  13.,   0.],
        [  0.,   2.,   0., 260.,   0.,  47.,   0.,   0.,   0.,   0.],
        [  0.,   0., 275.,   0.,   6.,   0.,   0.,   0.,   0.,  28.],
        [  0., 242.,   1.,   0.,  25.,   0.,   0.,   0.,  42.,  24.],
        [  0.,   0.,   0.,   0.,   0.,  16.,   0., 272.,   0.,   0.],
        [  0.,   0.,   0.,   0., 271.,   0.,   0.,   0.,  20., 115.],
        [  0.,   0.,   9., 244.,   1., 132.,   0.,   0.,   1.,  59.],
        [  0.,  11.,   0.,  10., 106., 231.,   0.,   0., 107.,   0.],
        [  0.,   0.,   1.,   0.,  10.,   0., 303.,   0.,   0.,   0.],
        [  0.,   0.,  26.,   0.,  16.,   0., 302.,   0.,   1.,   0.],
        [  0.,   0.,   0.,   8.,   2., 173.,  12.,   0.,  66.,   0.],
        [  3.,   0.,   0.,   0.,   2.,   0.,   0.,   0.,  39., 275.],
        [  0.,   0.,  33.,   0.,  11.,   0., 285.,   0.,  44.,   0.],
        [  0., 266.,   0.,   0.,   0.,  31.,   0.,   0.,   0.,   0.],
        [  0.,   0., 248.,  77.,   0.,   0.,   0.,   0.,  17.,   0.],
        [  0.,   7.,  58.,   0.,  36.,   0., 277.,   0.,   0.,   0.],
        [  0.,   0.,  78.,   0.,  12.,   0.,   0.,  76.,   0., 272.],
        [251.,   0.,   1.,   1.,  26.,   0.,  95.,   0.,   0.,   0.],
        [ 90.,   0., 308.,  16.,   1.,   0.,   8.,   0.,  54.,   0.],
        [  0.,   0.,   0.,   0.,   3., 236.,  12.,   0.,  71.,   0.],
        [  0.,   0.,   1., 295.,   0.,   0.,   0.,   0.,   1.,   0.],
        [259.,   0.,   0.,  26.,   1.,   0.,   0.,  19.,   0.,   0.],
        [  0.,   0.,   0.,   0., 140.,   0.,   0.,   0., 259.,   0.],
        [  0.,   0.,   0.,   0.,  18.,   0.,   0.,   5.,   0., 267.],
        [  6.,   0.,   0.,   0.,   0.,   0.,   0., 288.,   0.,   0.],
        [  0.,   0.,   0.,   0., 227.,  46.,   0.,  11.,  10.,   0.],
        [  9.,   0.,   0.,   0.,   0.,   0.,   0., 259.,   0.,   7.],
        [  0.,   0.,   1., 146.,  11.,   0.,   0.,   0., 162.,   0.],
        [  0.,   0.,   0.,   0.,   1.,   0.,  72.,   0.,  69.,  33.],
        [ 15., 276.,   0.,   0.,   0.,   0.,   0.,   0.,  52.,  15.],
        [  0.,   0.,   0.,  57.,   0.,   0.,   0., 263.,   0.,   4.],
        [  0.,   0.,   0.,   0.,   1.,   0.,   0., 232.,   0.,  15.],
        [ 39.,   0.,  15.,   0.,  95.,   0., 246.,   0.,  16.,   0.],
        [ 15., 275.,   0.,   0.,   0.,   0.,   0.,   0.,   1.,   0.],
        [  0.,  78.,   1., 230.,   3.,  66.,   0.,   0., 143.,   0.],
        [ 87.,   0.,  20.,   0.,  34.,   0., 300.,   0.,   0.,   0.],
        [  0.,   0., 106.,   0.,  33.,   0., 229.,   0.,   0.,  28.],
        [286.,   0.,   4.,   0.,   4.,   0.,  64.,   0.,  12.,   0.],
        [  0.,  68.,  22.,   6.,   0.,   0.,   0.,   0.,   5.,   0.],
        [  0.,  36.,   1.,   1.,  62.,   0.,   0.,   0., 280.,   0.],
        [175.,  17.,   0.,   0.,   4.,   0.,   0.,   0., 250.,  66.],
        [  0.,   0.,   0.,   7.,   3.,   0.,   0.,   0., 206.,   0.],
        [  0.,   0.,   0.,   0.,   0.,   0.,   0., 270.,   0.,  81.],
        [  0., 279.,   0.,   0.,   0.,   0.,   0.,   0.,   0.,   0.],
        [  0., 274.,   0.,   0.,   0.,   0.,   0.,   0.,   0.,   0.],
        [  0.,   0.,  87.,   0.,   8.,   0., 301.,   0.,   0.,   0.]],
       device='cuda:0')
Epoch 0 | Batch 800
tensor([[ 25.,   0.,   0.,   0.,  33., 227.,   0.,   0.,   0.,   0.],
        [  0.,   0.,   0., 305.,   0.,   0.,   0.,   0.,   1.,   0.],
        [  0.,  98.,   0.,   1.,   0.,   0.,  12.,   0., 231.,   0.],
        [  0., 275.,   0.,   0.,  68.,   0.,  25.,   0.,   0.,   0.],
        [  0.,   0.,   0.,   1.,   0.,   0.,   0.,   8.,  45., 281.],
        [  0., 283.,   0.,   0.,   0.,   0.,   0.,   0.,   0.,   0.],
        [  0., 104., 270.,   1.,   0.,   0.,   0.,   0.,   0.,   0.],
        [  0.,   2.,   0.,  67.,   0.,   0.,   0.,   6.,   0., 247.],
        [ 92.,   0.,   0.,   3.,   0., 272.,   0.,   0.,   1.,   2.],
        [276.,   0.,   0.,   0.,   0.,   0.,   0.,   0.,   1., 100.],
        [  0.,   0.,   0.,   1.,  28.,   0.,  79.,   6.,   0., 263.],
        [ 27.,   0., 255.,  99.,   0.,   0.,  10.,   0.,   7.,   0.],
        [  0.,   0.,  13.,   0.,   0.,  15., 296.,   0.,   0.,   0.],
        [166.,   0.,   0.,   7.,   0.,   0.,   4.,   0., 104.,   0.],
        [  0.,  11.,   0.,   7.,   0.,  25.,  18.,   0., 124.,   0.],
        [  0.,   9.,   1., 259.,   0.,  19.,   0.,   0.,   0.,   0.],
        [  0.,   0.,   0.,   0.,   0.,   0.,   0.,   8.,   0., 267.],
        [  6.,   0.,   2.,  16.,   0.,   0.,   0.,   0., 141.,   0.],
        [  0.,   0.,   0.,   1.,   6., 262.,   0.,   1.,   0.,   0.],
        [  0.,   0.,   0.,   0.,   1.,   9., 306.,   0.,   0.,   0.],
        [  0.,   0.,  16.,   0.,   4., 227.,   0.,   0.,   0.,   0.],
        [ 20.,   0.,   0.,   0.,   2.,   0.,   0., 299.,   0.,  36.],
        [ 30.,   0.,   0.,   0.,   0., 247.,   0.,   0.,   0.,   0.],
        [  0.,   0.,   1., 277.,   0.,   3.,   0.,   0.,   0.,   0.],
        [  0.,   0.,   0.,  19.,   0.,   1.,   0.,   0., 227.,   0.],
        [  0.,   0., 270.,   3.,   0.,   0.,   0.,   0.,   1.,   4.],
        [  0., 286.,   0.,   0.,   0.,   0.,   0.,   0.,   0.,   0.],
        [  0.,   0.,   0., 284.,  19.,  96.,   0.,   0.,   1.,  40.],
        [  0., 286.,   0.,   0.,   0.,   0.,   0.,   0.,   0.,   0.],
        [  0.,   0.,   0., 292.,   0.,   0.,   0.,   0.,  96.,   0.],
        [ 35.,  12.,   0.,  81.,   0., 222.,   0.,   0.,  73.,  43.],
        [  0.,   0.,  87.,   0.,   0.,   0.,   0., 284.,  43.,   0.],
        [  0.,  58.,   0., 290.,   0.,   0.,   0.,   7.,   0.,   0.],
        [  0.,   0.,   0.,   3.,  22., 241.,   0.,   0.,  32.,  38.],
        [  0.,   0.,   0.,   0.,   7.,   0.,   0.,  64.,   0., 231.],
        [ 83.,   0., 264.,  14.,   0.,   0.,   0.,   0.,  36.,   0.],
        [  0.,   0., 249.,   0.,   0.,   0.,   0.,   0.,   0.,   0.],
        [  0.,   0.,   0., 287.,   0.,   0.,   0.,   0.,  53.,  26.],
        [190.,   0.,   0.,   4.,  76., 272.,   0.,   0.,   9.,  59.],
        [  0.,  32.,   0.,   0.,   5.,   0.,  41.,   7.,   3., 165.],
        [ 13.,   0.,   8.,   0.,   0.,   0., 253.,   0.,   0.,  52.],
        [ 34.,   0., 136.,  26.,   0.,   0.,   0.,   0.,  11.,   0.],
        [106.,   0.,   0.,   0.,  22., 251.,   0.,  24.,  41.,   0.],
        [  0.,   3.,   0.,   0.,   0.,   3., 265.,   0.,   0.,   0.],
        [  0.,   0.,  16.,   4., 239.,   0.,   0.,  10.,   0.,   0.],
        [  0.,   0.,   0.,   1., 136.,   0.,   1., 120.,   2., 265.],
        [  0.,   0.,   0.,   1.,   0., 122.,   0.,   0.,   0.,   0.],
        [  0.,   0.,   0.,   1.,   0., 204.,   0.,   4.,   3.,   0.],
        [  0.,  11.,   0., 287.,   0., 119.,  60.,   0.,   0.,   0.],
        [ 10.,   0.,   0.,   0.,   0.,   0.,   0., 293.,   0.,  44.],
        [ 22.,   0., 298.,   1.,   0.,   0.,   0.,   0.,   0.,   0.],
        [  0., 224.,  27.,   0.,   0.,   0.,   0.,  30.,  16.,   0.],
        [  9.,   0.,   7.,   0.,  32.,   0.,   0.,   0., 244.,   0.],
        [  0.,   0., 249.,   0.,   0.,   0.,   0.,  72.,   0.,   0.],
        [  0.,   0.,   0.,  22.,   0.,   0.,  10.,   0., 113.,   0.],
        [  0.,   0., 120., 288.,   0.,   1.,   0.,   0.,   5.,   0.],
        [225.,  50.,   3.,   0.,   0.,   0.,   0.,   0.,   2.,   0.],
        [273.,   0.,   0.,   0.,   0.,  69.,   0.,   0.,   0.,  22.],
        [171.,   0.,   0.,   0.,   0.,   0.,   0.,   0.,  98.,   0.],
        [  0.,   0.,   0.,   4.,   0.,   0.,   0.,   0., 278.,   0.],
        [  0.,   0.,   3., 297.,   0.,  20.,   0.,   0.,   1.,   0.],
        [142.,   0., 215., 145.,  82.,   1.,   0.,   0.,   0.,   0.],
        [  0.,   2.,   0., 123.,   0.,  73.,  95.,   0.,   0.,   0.],
        [  0.,   0.,  40.,   1.,   0.,  43.,   0.,   0., 163.,   1.]],
       device='cuda:0')
Epoch 0 | Batch 900
Switching label layer to Inference Mode (LIF)...
Epoch 0 DONE | Test Acc: 74.69% | Time: 825.4s
Switching label layer back to Training Mode (Clamp)...
tensor([[  0.,   0.,   0.,  42.,   0.,   0.,   0., 300.,   0.,   2.],
        [  0.,   0.,   0.,   5.,   2., 273.,   0.,   0.,  39.,  23.],
        [  0.,   0., 295.,   3.,   0.,   0.,   1.,   0.,   0.,   0.],
        [ 18.,  42., 146.,   8.,   0.,   0.,  78.,   0.,  26.,   1.],
        [  0.,   0.,   0.,   1.,   0.,   0.,   0., 293.,   0.,  95.],
        [ 27.,   0.,   0.,   2., 257.,   0.,   0.,   0.,   0.,   7.],
        [  0.,   0.,  69.,   9., 112.,   0.,   0., 252.,   0.,  66.],
        [  0.,   0.,   0.,  95.,   0.,   0.,   0.,  58., 242.,   0.],
        [  0.,   0.,   0.,  80.,  35.,  64.,   0.,   0.,  95.,   0.],
        [  0.,   0.,   0.,   1.,   0.,  21.,   0., 277.,   0.,  46.],
        [  0.,   0.,   0.,   0., 262.,   0.,   0.,   5.,   0.,   5.],
        [  0.,   0., 283.,  18.,   0.,   0.,  90.,   0.,  73.,   0.],
        [  0.,   0.,   0.,   1.,  27.,   0.,   0.,   0., 234.,  21.],
        [  0.,   0.,  38.,   0., 233.,   0.,  35.,  22.,   0.,   2.],
        [  0.,   0.,   0.,   5.,   0.,  21.,   0., 295.,   0.,   1.],
        [  0.,   0.,   0., 301.,   0.,  32.,   0.,   0.,   0.,   0.],
        [  0.,   0.,   0., 270.,   0.,   0.,   0.,   0.,  86.,   0.],
        [  0.,   0.,  12.,  73.,   0.,   0.,   0., 296.,   0.,  73.],
        [  0.,  20., 283.,  69.,   0.,   0.,   7.,   0.,   0.,   0.],
        [ 12.,   0.,   0.,   1.,  47.,   0., 296.,   0.,   0.,   3.],
        [ 17.,   0.,   0.,   4., 112.,   0.,   0.,   0.,   0., 251.],
        [  0., 281.,  26.,   4.,   0.,   0.,   0.,   0.,  13.,   1.],
        [  2.,   0.,   1.,   3.,   0., 256.,   0.,   0.,   0.,   0.],
        [  0.,  94.,   0., 227.,   0.,   0.,   0.,   0.,  12.,   0.],
        [251.,   0.,  63.,   7.,   0.,   5.,   0.,   0.,   0.,   3.],
        [  0.,   0.,   0., 293.,   0.,  13.,   0.,   1.,   0.,   0.],
        [ 18.,   0.,  20.,  85.,   0.,   0.,   0.,  90.,   0., 103.],
        [  0.,   0.,   0.,   1.,  12.,   2.,   0., 279.,   0.,  20.],
        [  0.,   0.,   0.,   2.,  60.,   0., 253.,  11.,   0.,   0.],
        [  0.,   0.,   0.,  19.,   0.,   0.,   0.,   0.,   0., 278.],
        [  0.,   0.,   0.,   6.,   6., 232.,  23.,   0.,  39.,   9.],
        [  0.,   0., 267.,   9.,   0.,   0.,   4.,   0.,   0.,   1.],
        [ 15.,   0.,   2.,  25.,   0.,   0., 262.,   0.,  60.,   0.],
        [ 13.,   0.,   0., 272.,   0.,  41.,   9.,   0.,   5.,   0.],
        [  0.,   0.,  83., 195.,   0.,   0.,   0.,   0.,   3., 108.],
        [  0.,   0.,   0.,   2., 164.,   0.,   0.,   0.,   0.,   7.],
        [  0.,   0., 287.,   6.,   0.,   0.,   0.,   0.,  22.,   2.],
        [  0.,   0.,   0.,   3.,  20.,   0., 293.,   0.,   0.,   0.],
        [  0.,   0.,   0.,   0.,   0.,   0., 281.,   0.,   2.,   0.],
        [ 20.,   0.,   0., 300.,   0.,  25.,   6.,   0.,   0.,   1.],
        [  0.,   0.,   0., 235.,   0.,   0.,   0.,   0.,  95.,  82.],
        [  0.,   0.,   0.,   5.,   1.,   0.,   0.,   0., 251.,   1.],
        [  0.,   0.,  10.,   1., 149.,   0., 151.,   0.,   0.,   0.],
        [  0., 132.,   3.,   1.,   0.,   0., 224.,   0.,   0.,   0.],
        [  0., 283.,   0.,   2.,   0.,   0.,   0.,   0.,   0.,   0.],
        [  0.,   0.,   0.,   1., 268.,   0.,   0.,  10.,   0.,   3.],
        [  0.,   0.,  18.,   1.,   0.,   0.,   0., 292.,   0.,  24.],
        [ 40.,   0.,   0.,  58.,   0., 259.,  89.,   0.,   0.,   0.],
        [  0.,   0.,   0.,   2.,   0.,   0.,   0., 288.,   0.,   4.],
        [  0.,   6., 290.,   3.,   0.,   0.,   2.,   0.,  29.,   0.],
        [  0.,   0.,   0.,   1., 268.,   0.,  21.,   0.,  14.,   5.],
        [  0.,   0., 247.,  17.,   0.,   0.,   6.,   0.,   0.,   0.],
        [  0.,   0.,   0., 281.,   0.,   0.,   0.,   0.,   0.,  57.],
        [  0.,   0.,   0.,   2., 282.,   0.,   9.,   0.,   0., 124.],
        [  0., 232., 234.,   7.,   0.,   0.,   0.,   0.,  56.,   0.],
        [282.,   0.,  39.,   3.,   0., 262.,  53.,   0.,   0.,   0.],
        [  0.,   0.,   0.,   0.,   0., 223.,   0.,   0.,   0.,   0.],
        [286.,   0.,   0.,  18.,   0.,  48.,   2.,   0.,   0.,   1.],
        [  0., 274.,  38.,   1.,   0.,   0.,   0.,   0.,   0.,   0.],
        [200.,   0., 126.,   3.,   0.,  54.,   0.,   0.,   0.,   0.],
        [  0., 281.,   0.,   3.,   0.,   0.,   0.,   0.,   0.,   1.],
        [106.,   0.,  64.,   2.,   0.,   2., 233.,   0.,   0.,   0.],
        [  0., 261.,   0.,   2.,   0.,   0.,   0.,   0.,   7.,   0.],
        [  0.,   0.,   0.,   1.,   0.,   0.,   0., 296.,   0.,   8.]],
       device='cuda:0')
Epoch 1 | Batch 0
tensor([[  3.,   0.,  80.,   0., 287.,   0.,   7.,   0.,   0.,   0.],
        [  0.,   0.,  68.,   0., 127.,   0., 156.,   0.,   0.,   0.],
        [237.,   0.,  77.,   0.,   0.,   0.,   0.,   4.,   4.,   0.],
        [ 89.,   0.,   2.,   0.,   0.,   0., 274.,   0.,   2.,   0.],
        [  0.,   0.,  37.,   1., 239.,   0.,   1.,   0.,  50.,  75.],
        [  0.,   0.,   2.,  71.,   0.,   1.,   0.,   0., 266.,   2.],
        [  0.,   0.,  14.,   0.,  77.,  91.,   0., 248.,   4.,  10.],
        [  0.,   0.,  10.,   0.,  20.,   0., 272.,   0.,   1.,   0.],
        [  0., 283.,   0.,   3.,   0.,   0.,   0.,   0.,   0.,   0.],
        [ 20.,   0.,  10.,   0.,   0., 255.,   0.,   0.,   0.,   0.],
        [  0., 292.,  65.,   1.,   0.,   0.,   0.,   0.,   1.,   0.],
        [  0.,   0.,  16.,   0., 283.,   0.,   8.,   3.,  85.,   0.],
        [  0.,   0.,   0.,   0.,   0.,   0.,   0., 299.,   0.,   9.],
        [  0.,   0.,   1., 158.,   0.,  94.,  81.,   0.,   0.,  33.],
        [  0., 220.,   0.,   2.,   0.,   0.,   0.,   0.,   8.,   0.],
        [  0.,   0.,  80.,   0., 276.,   0.,   2.,   2.,   0., 106.],
        [  5.,   0., 279.,  31.,   0.,   0.,   0.,  50.,  17.,   0.],
        [  0.,  43.,  15.,   0.,   1.,   0.,   0.,   0., 284.,   0.],
        [  0.,   0.,  40.,   1.,   0.,   0.,   0.,   0., 301.,   0.],
        [  0.,   0.,   0.,   0.,   0.,   0.,   0., 312.,   2.,  11.],
        [  0., 293.,   0.,   3.,   0.,   0.,   0.,   0.,   0.,   0.],
        [  2.,   0.,   1.,   0.,   0.,  15., 284.,   0.,   8.,   0.],
        [ 40.,  29., 216.,   7.,   0.,   0., 101.,   0.,   4.,   0.],
        [  0., 221.,   0.,   6.,   0.,   0.,   0.,   0., 161.,   1.],
        [  0.,   0., 294.,   0.,   0.,   0.,   0.,   0.,   8.,   0.],
        [ 21.,   0.,   0.,   0.,   6.,   0.,   0., 306.,   1.,   5.],
        [  0., 284.,  41.,   4.,   0.,   0.,   0.,   0.,   2.,   0.],
        [  0.,   0.,  37.,   0., 105.,   0.,   0.,   0., 277.,   7.],
        [  2.,   0.,   0.,   0.,   4.,  10.,   0., 289.,   2.,   4.],
        [262.,   0.,   0.,   0.,   0.,  25.,   0.,   0.,   0.,   0.],
        [  0.,   0.,   0.,   7.,   3., 264.,  14.,   0.,   6.,  26.],
        [  0.,   0.,   1.,   0., 256.,   0.,  18.,  23.,   2.,  32.],
        [  0., 287.,   0.,   8.,   0.,   0.,   0.,   0.,   0.,   0.],
        [ 11.,   0.,   7.,   4.,   0., 267.,   1.,   0.,  50.,   0.],
        [  0.,   0.,   2.,   0.,   1.,   0.,   0.,   0., 222., 108.],
        [ 41.,   0., 277.,   2.,   0.,   0.,   0.,  31.,  14.,   0.],
        [  0.,   0.,   4.,   0., 136.,   0.,   0.,   0.,   1., 151.],
        [  2.,   0.,   0.,   0.,  78.,   0.,  21.,   0.,   5., 254.],
        [ 85.,   0.,  56., 301.,   0.,   2.,   0.,   0.,   1.,   0.],
        [  0., 292.,   0.,  53.,   0.,   0.,   0.,  32.,   0.,   0.],
        [  0.,   0.,   4.,   0.,  11.,   0.,   0., 210.,   1., 152.],
        [  0.,   0.,   0.,   0.,   0.,   0., 291.,   0.,  55.,   0.],
        [  0.,   0.,   1.,   0., 297.,   0.,   0.,  55.,   6.,   6.],
        [  0.,   0.,   0.,   0.,   0.,   0.,   0., 258.,   1.,   2.],
        [  0.,   0.,   0.,  22.,   0., 282.,   0.,  22.,   3.,  14.],
        [  1.,  70.,  52., 301.,   0.,   0.,   0.,   0.,   2.,   0.],
        [  0., 297.,   4.,   2.,   0.,   0.,   0.,  15.,   0.,   0.],
        [  0., 295.,  32.,   2.,   0.,   0.,   0.,   1.,   2.,   0.],
        [ 71.,   0.,   1., 176.,   0., 130.,   0.,   0.,   0.,   0.],
        [  0., 127.,  95.,   9.,   0.,   0.,   0.,   0., 247.,   0.],
        [  0.,   0.,   1., 215.,   0.,  61.,   0.,   0.,  19.,  82.],
        [  0.,   0.,   2.,   3.,   0.,   0.,  80.,   0., 283.,   1.],
        [ 15.,   0.,   5.,   0.,   0.,   0., 239.,   0.,   3.,   0.],
        [  0., 291.,  80.,   1.,   0.,   0.,   0.,   0.,   4.,   0.],
        [  0.,   0.,   1., 300.,   0.,   3.,   0.,   0.,   4.,   1.],
        [  0.,   0.,   0.,   1.,   0.,   0.,   0.,   3.,   4., 275.],
        [  0.,   0.,   1.,   0., 267.,  66.,   0.,   3.,   4.,  73.],
        [  9.,   0.,  13.,   0., 274.,   0.,   0.,  21.,   2.,   4.],
        [  0.,   0., 302.,   0.,   0.,   0.,   6.,   0.,   2.,   0.],
        [  0.,   0.,   0.,  45.,   0.,   0., 295.,   0.,   2.,   0.],
        [  0., 299.,   0.,   1.,   0.,   0.,   0.,   0.,   0.,   0.],
        [  0.,   0., 269., 120.,   0.,   0.,   0.,   0.,   7.,   0.],
        [  0., 298.,   0.,   7.,   0.,   0.,   0.,   0.,   0.,   0.],
        [  0.,   0.,   0.,  16.,   0.,   0.,   0., 266.,   0.,   2.]],
       device='cuda:0')
Epoch 1 | Batch 100
tensor([[  2.,   0.,   1.,   1.,   0.,   0.,   0., 294.,   1.,  75.],
        [128.,   0.,   0.,   0.,  62.,   0.,   0.,  48.,   2., 291.],
        [ 56.,   0.,   0.,  12.,   0.,   0.,   0., 127.,   3.,  41.],
        [  0.,   0.,   1.,   0.,   0.,   0.,   0., 284.,  44.,   1.],
        [  0.,   0.,   4.,   0., 102.,   0., 249.,   0.,   0.,   0.],
        [  0.,  15.,   0.,  39.,   0.,  14.,   0.,   0., 267.,   1.],
        [  1.,   0.,   0.,   0.,   0.,   0.,   0., 294.,   1.,  85.],
        [ 17.,   0.,   0.,   0.,   0.,   0.,   0., 308.,   2.,   9.],
        [292.,   0.,   4.,   0.,   0.,   4.,  13.,   0.,  25.,   0.],
        [  0.,   0.,  14.,   0., 125.,   0., 289.,   0.,   0.,   0.],
        [  0.,   0.,   2.,   0., 253., 113.,  32.,   0.,   1.,  60.],
        [ 35.,   0.,   3., 154.,   0.,   0.,   0.,   0.,   5.,   0.],
        [  0., 284.,   0.,   0.,   0.,  44.,   0.,   0.,   0.,   0.],
        [  2.,   0.,   2.,   0.,  53.,   0., 184.,   0.,   0.,   0.],
        [169.,   0.,   3.,   0.,   0.,  44.,   0.,   0.,   6.,   0.],
        [ 10.,   0., 307.,  23.,   0.,   0.,   0.,   0.,   0.,   0.],
        [266.,   0.,   4.,   2.,   0.,   7.,   0.,   0.,  98.,   0.],
        [304.,   0.,   1.,   0.,  59.,   7.,  32.,   0.,   0.,   0.],
        [  0.,   0.,   9.,   0.,   0.,   0.,   0.,   0., 222.,   0.],
        [ 11.,   0.,   3.,   1.,   0.,   0.,  11.,   0., 249.,   1.],
        [  1.,   0.,  92.,   0.,   1.,   0.,   0., 265.,   1.,  84.],
        [  2.,   0.,   4.,   0., 267.,   0.,   0.,  93.,   1.,  33.],
        [  3.,   9.,   1.,   4.,   0.,   0.,   0., 286.,   3.,  27.],
        [  2.,   0.,  34.,   0.,   0.,   0.,   0.,  75.,   0., 267.],
        [  2.,   0.,  80.,   0.,  69.,   0.,   0.,   0.,   0.,   0.],
        [  1.,   0.,   0.,   0.,   0.,   0.,   0.,  50., 257.,   3.],
        [  0., 272.,   1.,   0.,   0.,   0.,   0.,   0.,   1.,   0.],
        [  5.,   0.,   0.,   1.,  32.,   0.,   0.,  34.,   2., 278.],
        [  0.,   0.,   0.,   0.,   0.,   0.,   0., 264.,   0.,  41.],
        [287.,   0.,  51.,   0.,   0.,   0.,   0.,   0.,  32.,   0.],
        [289.,   0.,   1.,  23.,   0.,   0.,   1.,   0.,  10.,   0.],
        [  1.,   0.,  17.,  89.,   0.,   0.,   0., 270.,   0.,  63.],
        [  1.,   0.,   2.,   0., 265.,   0.,  56.,   0.,   0.,  45.],
        [  9.,  49.,   1., 266.,   0.,  30.,   0.,   0.,   2.,   0.],
        [  1.,   0.,   1.,   0.,   1.,   0.,   0.,   0.,   3., 269.],
        [151.,   0.,  14., 107.,   0.,   0.,   0.,   0.,  68.,   0.],
        [  0.,   0., 275.,   0.,   0.,   0.,  20.,   0.,   1.,   0.],
        [  0., 209.,   0.,   0.,   0.,   0.,  25.,   0.,   0.,   0.],
        [ 89.,   0.,   0.,   0.,   0.,   0.,   0., 301.,   0.,   6.],
        [ 56.,   0.,  14.,   0.,  71., 131., 124.,   0.,   4.,   1.],
        [  1.,   0.,   6.,   0.,   0.,   0.,   0., 196.,  85.,   3.],
        [ 29.,   0.,   7.,   0.,   0.,   0., 161.,   0.,   0.,   0.],
        [  0., 219.,   0.,   0.,   0.,   0.,   0.,   0.,   0.,   0.],
        [  1.,   0.,   2.,   0.,  93.,   0., 286.,   0.,   0.,   0.],
        [  1.,   0.,   0., 270.,   0.,  44.,   0.,   0.,  56.,   0.],
        [ 13.,   0.,   1., 254.,   0.,  23.,   0.,   0.,   0.,   0.],
        [  2.,   0.,   0.,  17.,   0.,   0.,   0.,  64.,  44., 240.],
        [  0.,   0.,   4.,   0., 245.,   0., 197.,   0.,   0.,   4.],
        [  2.,  57.,   1.,   0.,   0.,   0.,   0.,   0., 281.,   1.],
        [  5.,   0.,   8.,   2.,   0., 121.,   8.,   0.,   0.,   0.],
        [  7.,   0.,  70., 301.,   0.,   0.,   0.,   0.,  12.,   1.],
        [ 19.,   0.,   3.,  23.,   0., 293.,   0.,   0.,  26.,   1.],
        [  1.,   0.,   1.,   0.,   0., 186.,   0.,  40.,   0.,  78.],
        [  0.,   0.,   0.,   0., 242.,   0.,   0.,  28.,   0.,  19.],
        [  1.,   0.,  28., 288.,   0.,  51.,   0.,   0.,  52.,   0.],
        [  0.,   0.,   1., 111.,   0.,   0.,   0., 256.,   1.,  20.],
        [  1.,   0.,   0.,   0., 199.,   0., 110.,   0.,   0.,   1.],
        [295.,   0.,   1.,   0.,  26.,   0.,   0.,   0.,   7.,   0.],
        [269.,   0.,   1.,   0.,   0.,  76.,  43.,   3.,   0.,   0.],
        [ 58.,   0.,   1., 291.,   0.,   0.,   0.,   0.,   3.,   0.],
        [222.,   0.,   2.,   0.,   0.,   0., 117.,   0.,   6.,   2.],
        [285.,   0.,   0.,  36.,   0.,   0.,  63.,   0.,   0.,   0.],
        [  0., 277.,   0.,   0.,   0.,  12.,   0.,   0.,   0.,   0.],
        [  0.,  90., 267.,   0.,   0.,   0.,   9.,   0.,   0.,   0.]],
       device='cuda:0')
Epoch 1 | Batch 200
tensor([[  0., 277.,  44.,   0.,   2.,   0.,   0.,   8.,   7.,   2.],
        [281.,   0.,   0.,   2.,   0.,  15.,   0.,   0.,   0.,   5.],
        [  0.,  21.,  59.,   0.,   1.,   1.,  95.,   0.,   3.,   0.],
        [291.,   0.,  66.,   1.,   0.,  80.,   2.,   0.,   3.,  13.],
        [  0.,   0., 300.,   0., 106.,   0.,   9.,   0.,   1.,   1.],
        [ 21.,   0.,   0.,   0.,   0.,   2., 297.,   0.,   2.,   2.],
        [  0., 290.,   3.,   0.,   2.,   0.,   0.,   0.,   1.,   2.],
        [  0.,   0.,   0.,   6., 105.,   1.,   0.,   0.,   5., 278.],
        [  0., 198., 133.,   0.,   2.,   0.,   0.,   0.,  21.,   3.],
        [308.,   0.,   0.,   6.,   0., 203.,   0.,   0.,  50.,   3.],
        [  0.,   0.,   0.,   1.,   0.,  51.,   0.,   0., 284.,  48.],
        [  0.,   0.,   0.,   0., 149.,   1.,   2.,   0., 160.,  10.],
        [  0.,   1.,   0., 312.,   0.,   0.,   0.,   0.,   3.,   2.],
        [  0., 261.,   0.,   0.,   0.,   0.,   0.,   0.,   4.,   0.],
        [  0.,   0.,   0.,   0.,   0.,   0.,   0., 300.,  57.,  13.],
        [263.,   0.,   0.,   0.,   0.,  24., 125.,   0.,   1.,   5.],
        [ 10.,   0.,   0.,  40.,   0., 280.,   0.,   0.,   2.,   4.],
        [  0.,  84., 241.,   0.,   0.,   0.,  17.,   0.,   4.,   2.],
        [  0.,   0.,   0.,  19., 220.,   2.,   0.,   0.,   3., 112.],
        [ 73.,   0.,   0.,  15.,   0.,   0.,   0., 284.,   0.,   5.],
        [  0.,  11.,   0., 314.,   0.,   2.,   0.,   0.,   5.,   1.],
        [123.,   0.,   0.,   0.,   0.,   5., 308.,   0.,   2.,   3.],
        [ 56.,   0.,   0., 296.,   0.,   8.,   0.,   0.,   3.,   2.],
        [  0.,   0.,   0.,   1.,   0.,   0.,   0., 288.,   3.,  18.],
        [ 60.,   0.,   0.,   0.,   0.,   2., 315.,   0.,   5.,   2.],
        [  0.,   0.,   0.,  68.,  63.,   0.,   0.,   0., 226.,   0.],
        [  0.,   0.,   0.,   0.,   0.,   0., 303.,   0.,   3.,   1.],
        [  0.,   0.,   0.,   0.,  62.,   0.,   0.,   5.,   9., 288.],
        [289.,   0.,   0.,  30.,   0.,  26.,   0.,   0.,   0.,   2.],
        [ 21.,   0.,   0.,  51.,   0.,  84.,  56.,   0.,   7.,   3.],
        [  0.,   0.,   0.,   0.,   0.,   0.,   0., 309.,   4.,  10.],
        [261.,   0.,   0.,   1.,   0.,  84.,   1.,   0.,   0.,   0.],
        [  0.,   0.,   0.,   2.,  20.,   1.,   0.,   0., 268.,  71.],
        [  0., 102., 126., 117.,   0.,   0.,   0.,   0.,  21.,   4.],
        [  0., 288.,   0.,   0.,   0.,   0.,   0.,   0.,   1.,  17.],
        [  0.,   0., 303.,   0.,   9.,   0.,  19.,   0.,  27.,   2.],
        [  0.,  42.,   0.,   0.,   0.,   0.,   0., 198.,   5.,  73.],
        [  0.,  15.,   0.,   1.,   0.,   0.,   0., 246.,   6., 131.],
        [  0., 283.,   0.,   0.,   0.,   0.,   0.,   0.,   1.,   4.],
        [ 35.,   0.,   0.,  31.,   0., 237.,   0.,   2.,  68.,   4.],
        [  0., 205., 120.,   0.,   0.,   0.,   0.,   0.,  14.,   1.],
        [  0., 278.,   6.,   0.,   0.,   0.,   0.,   0.,   3.,   2.],
        [  0.,   0.,   0.,   0., 282.,   2.,   0.,   0.,   4.,  69.],
        [  0.,   0.,   0.,   0., 271.,  72.,   0.,  75.,  61.,   4.],
        [  0.,   0., 239.,   3.,   0.,   0.,   2.,   0.,   0.,   1.],
        [  0.,   0.,   0.,   0., 267.,   2.,  11.,   0.,  12.,  48.],
        [  0., 241., 168.,   0.,   0.,   0.,   0.,   0.,  11.,   1.],
        [  0.,  54.,   0.,   0.,   1.,   1.,   0.,   0., 240.,   6.],
        [  0.,   0.,  34.,   0.,   4.,   0.,   4.,   0., 283.,   9.],
        [ 20.,   0.,   0.,   0.,   0.,   1., 276.,   0.,   2.,  49.],
        [  0.,   0.,   0.,   1.,   2.,   1.,   0.,   0., 280.,  34.],
        [  0., 294.,   0.,   0.,   0.,   0.,   0.,   0.,   0.,   1.],
        [ 14.,   0.,  14.,   0.,   0., 140.,   0.,   0.,  10.,   1.],
        [ 17.,   0.,   0.,   0.,  60.,   2., 226.,   0., 116.,   1.],
        [  0.,   0.,   0.,   1., 248.,   3.,  47.,   0.,  45., 114.],
        [  0.,   0.,   0.,   0.,   0.,   0.,   0., 283.,   2.,  19.],
        [  0.,   0.,   0.,   0.,   0.,   2., 308.,   0.,   7.,  52.],
        [  0.,   0.,   0.,   0.,   0.,   1.,   0., 298.,  60.,  13.],
        [  0., 120.,   0., 283.,   0.,   0.,   0.,   0.,   3.,   2.],
        [  0.,   0.,   0.,   0.,   0.,   0.,   0., 294.,   6.,  11.],
        [  0., 279.,   1.,   2.,   0.,   0.,   0.,   0.,   1.,   4.],
        [  0., 295.,   0.,   0.,   0.,   0.,   0.,   0.,   1.,   3.],
        [  2.,   0.,   0., 130.,   0., 282.,   0.,   0.,  19.,  15.],
        [262.,   0.,   0.,   2.,   0.,  31.,  70.,   0.,  24.,   2.]],
       device='cuda:0')
Epoch 1 | Batch 300
tensor([[ 40.,   0.,   0., 275.,  61.,  28.,   0.,   0.,   0.,   0.],
        [  1., 265.,   0.,   0.,   0.,  12.,  43.,   0.,   2.,   0.],
        [ 17.,   0.,   0.,   0.,   0.,   3.,   4.,   0., 297.,   0.],
        [  1.,  38.,   0.,   0., 137.,   1.,   0.,   0.,   4.,  27.],
        [  3.,  29.,   0.,   0.,   0., 262.,  12.,   0.,   4.,   0.],
        [  1., 154.,   0.,   0.,   0.,   2.,  44.,   0., 174.,   0.],
        [  0., 280.,  16.,   0.,   0.,   4.,   3.,   0.,   0.,   0.],
        [  2.,   0.,   0.,   0.,   0., 168.,   3.,   0.,   2.,   0.],
        [  3.,   0.,  51.,   0.,   0.,   0.,   0., 304.,   0.,   0.],
        [  3.,   7.,   0.,   0.,  28.,   0.,   5.,   0.,   0., 270.],
        [  2.,   0.,  16.,   0., 265.,   0., 122.,   0.,   7.,   0.],
        [  5.,   0.,   0., 246.,   0.,   0.,   0.,   0.,   3.,   0.],
        [  0., 201.,   4.,   0.,   0.,   0.,  52.,   0.,  38.,   0.],
        [  3., 269.,  15.,   0.,   0.,  32.,   0.,   0.,   0.,   0.],
        [  2.,   0.,   0.,   0., 276.,   0.,   1.,   0.,   0.,   0.],
        [ 33.,   0.,   0.,   0.,  77.,   0., 169.,   0.,   0.,   0.],
        [  0., 271.,   0.,   0.,   0.,  12.,  22.,   0.,  49.,   0.],
        [ 19.,   0.,   0.,  10.,   0., 167.,   0.,   0.,   0.,   0.],
        [  1., 128.,   0.,   0.,   0.,   0.,  22.,   0., 116.,   0.],
        [  1., 294.,   0.,   0.,   0.,   5.,   5.,   0.,   0.,   0.],
        [  6.,   0.,   0.,   0.,   0.,   1.,   0., 279.,   0., 107.],
        [  4.,   3.,   0.,   0.,   0.,   0.,   0.,  23.,   2., 278.],
        [  1.,  42.,   0.,   0.,   0.,   0.,   0., 223.,   0.,   6.],
        [  3., 266.,   0.,   0.,   0.,  19.,   2.,   0.,   3.,   0.],
        [309.,   0.,   0.,   0.,   0.,   0.,   0.,   0., 103.,   0.],
        [  2., 119.,   0.,   0., 165., 106.,   2.,  28.,   0.,  23.],
        [307.,   0.,   0.,   0.,   0.,   0.,   0.,   0.,  22.,   0.],
        [  5.,   0.,   0.,   0.,   0.,   0., 305.,   0.,   0.,   0.],
        [  7.,   0.,   0.,   0.,   0.,   0.,   0., 234.,  29.,  44.],
        [  6.,   0.,   0.,   0.,   0.,   0.,   0., 307.,   0.,   0.],
        [ 17.,   0.,   0.,   0.,   0., 281.,  11.,   0.,   0.,  16.],
        [  2.,   0.,   0.,   4.,  10.,  47.,   4., 121.,   0., 244.],
        [ 11.,  15.,   0.,   0.,   0.,   0., 303.,   0.,   0.,   0.],
        [282.,   0.,   0.,   0.,   0.,   0.,   2.,   0.,   2.,   0.],
        [142.,   0.,   0.,   1.,   0.,   0.,   1.,  18.,   9.,  60.],
        [  2.,   0.,  86.,   0.,   0.,   0.,   0., 253.,   0.,   0.],
        [  4.,   0.,   0.,  93.,   0.,   0.,   0., 287.,   0.,   0.],
        [  0., 292.,   0.,   0.,   0.,   3.,   2.,   0.,   0.,  22.],
        [  7., 109.,   0.,   0.,   0., 275.,   1.,   4.,   0.,   0.],
        [  2.,  11.,  12.,   0.,   0.,  45.,   3.,   1.,   0., 232.],
        [  1.,  87.,   0.,   0., 240.,  35.,   0.,   0.,   0.,  80.],
        [ 38.,   0.,   0.,   3.,   0., 245.,  12.,   0.,   0.,   0.],
        [  3.,   0.,   0.,   0.,   0.,   0.,   1.,  54.,   0., 251.],
        [ 14.,   0., 259.,   0.,   0.,   0.,   4.,   0.,  28.,   5.],
        [ 64.,   0.,   0.,   0.,   0., 219.,   0.,  72.,   0.,   0.],
        [  7.,   0.,  46.,   0., 268.,   0.,   5.,   0.,   0.,   2.],
        [  9.,  22.,   0.,   0.,   0., 257.,   0.,  52.,   0.,   0.],
        [  4.,   0.,  35.,   0.,   0.,   2., 298.,   0.,   0.,   0.],
        [  1., 288.,   0.,   0.,   0.,   7.,   4.,   0.,   0.,   0.],
        [ 29.,   0.,   0.,   0.,   0.,   0., 313.,   0.,   0.,   0.],
        [  2.,   0.,   0.,   2.,   0.,   0.,   0., 289.,   0.,  51.],
        [  6.,   0.,  30.,   0., 273.,   0.,   1.,   0.,   1.,  34.],
        [283.,   0.,   0.,  58.,   0.,   0.,   0.,   0.,   0.,   0.],
        [  9.,   0., 165.,   0.,   0.,  27.,   0.,   0., 221.,   0.],
        [210.,   0.,   0.,  56.,   0.,  49.,   8.,   0.,  43.,   0.],
        [ 10.,   0.,  10.,   0.,   3., 221., 157.,   0.,   0.,   0.],
        [  2., 284.,   0.,   0.,   0.,  12.,   7.,   0.,   0.,   0.],
        [  0.,   0.,   0.,  47., 258.,  18.,   0.,   0.,   0.,   2.],
        [106.,   0.,   0.,   0.,   0.,   0.,   0.,   1.,   0.,  85.],
        [  2.,  17.,  92.,   0.,   0.,   0.,   0., 271.,   3.,   3.],
        [ 17.,   0.,   0.,   0.,   0., 141.,  24.,   0.,   0.,   0.],
        [  2.,   0.,   0.,   0.,   0.,   0.,   0., 294.,   0.,  30.],
        [  3.,   0.,   0.,   0., 284.,   0.,   8.,   0.,   0.,   0.],
        [  3.,  16.,   0.,   0.,   0.,   2.,  25.,   5., 192.,   0.]],
       device='cuda:0')
Epoch 1 | Batch 400
tensor([[  0.,   0.,   0.,   0.,   0.,   1.,   0., 279.,   7.,   0.],
        [  0.,   0.,   0.,   0.,   0.,   0.,   0., 283.,   5.,   0.],
        [  0.,   0.,   0.,   0.,   0.,  12.,   0., 307.,   1.,   0.],
        [  0.,   0.,   0.,   0., 278.,   0.,   0.,  57.,  14., 123.],
        [  0.,   0., 305.,   6.,   0.,   0.,  14.,   0.,   6.,   0.],
        [  0.,   0.,   0.,   0., 264.,   0.,   0.,  13., 104.,   3.],
        [  2.,   0.,   0.,   0.,   0.,   0.,  25.,   0., 270.,  31.],
        [252.,   0.,  10.,   0.,  16.,   0.,   0.,   0.,   3.,   0.],
        [  1.,   0., 101.,   0.,   0.,   0., 301.,   0.,   3.,   0.],
        [  2.,   0.,  18.,   0.,   5.,  23.,   3.,   0., 233.,  75.],
        [  0.,   0.,  71.,  49.,   0.,   0.,   0.,  43.,  10.,   0.],
        [  0.,   0.,   0.,   0.,  32.,  22., 242.,   0.,  11.,   0.],
        [ 14.,   0.,   0.,   0.,   0.,   7.,   0.,  97., 297.,   0.],
        [  1.,   0., 298.,  41.,   0.,   0.,   4.,   0.,  14.,   0.],
        [  0.,   0.,   0.,   0.,  70.,  11.,  10.,   2.,  24., 259.],
        [248.,   0.,   0., 115.,   2.,  17.,   7.,   0.,  11.,   0.],
        [275.,   0.,   0.,  23.,   0.,   1.,  16.,   0.,  20.,  49.],
        [  1.,   0.,  66.,   0.,  42.,   0., 288.,   0.,   3.,   0.],
        [  0.,   0.,   1.,   0., 274.,   0.,   5.,   0.,   5.,   0.],
        [  0.,   0.,   0.,  10.,   0.,   0., 271.,   0.,  10.,  72.],
        [  0.,  15.,   0.,   0.,   0.,   0., 271.,   0.,   9.,   0.],
        [ 17.,  22., 130.,  21.,   0.,   0.,   0.,   4.,  56.,   0.],
        [  0.,   0.,   4.,   0., 279.,   0.,   6.,   0.,  26.,  50.],
        [  0.,   0., 269.,  49.,   4.,   0.,   6.,   0.,   8.,  10.],
        [  0., 291.,   0.,   0.,   0.,   0.,   0.,   0.,   7.,   0.],
        [240.,   0.,  19.,   8.,  53.,  67.,   2.,   0.,   1.,   0.],
        [  0.,   0.,   0.,   0.,   0.,  24.,   0.,   5., 142.,   0.],
        [306.,   0.,   0.,  14.,   0.,  74.,   0.,  49.,   4.,   0.],
        [  3.,   0.,   0., 271.,   0.,  67.,   0.,   0.,  34.,   0.],
        [  0., 262.,  54.,   0.,   0.,   0.,  26.,   0.,   1.,   0.],
        [  3.,   0.,   0.,   0.,   0.,  19.,   0.,   1., 288., 140.],
        [  4.,   0.,  59.,   0.,   0.,   0.,  35.,   0., 278.,  91.],
        [  0.,  21.,   0., 269.,   0.,   6.,   0.,   0.,   6.,   0.],
        [ 17.,  57.,   0.,   0.,   0.,  11.,   0.,  12.,  15., 252.],
        [  0.,   0.,   0.,   0., 190.,  74.,   4.,   1.,  41.,  59.],
        [  0., 279.,   0.,   0.,   0.,   0.,   0.,   0.,   3.,   0.],
        [  0.,   0.,  13.,   0.,   0.,   0.,   0., 265.,  12.,  66.],
        [ 29.,   4.,   0.,   0.,   0.,  36.,   1.,  10.,  14., 241.],
        [ 35.,   0.,   0.,   0.,   0.,  13.,   0.,   4., 259.,  60.],
        [ 77.,   0., 100.,   0.,  33.,   0.,  19.,   0.,   1.,   0.],
        [  1.,   0.,   0.,   0.,   0.,  13.,   0.,   2., 288., 131.],
        [  3.,   0.,   0.,   0.,   0.,  64.,   0.,   4.,  35., 237.],
        [ 36.,   0.,   0.,   0., 119.,   0.,   0.,  36.,  19., 269.],
        [  0.,   0.,   0.,   0.,   0.,  62.,   0., 290.,   4.,   8.],
        [110.,   0.,   0.,   0.,   0., 210.,   0.,   0.,  12.,   0.],
        [  0.,   0.,   0., 210.,   0.,   0.,   0.,   0.,   7.,  17.],
        [  0., 255.,   0.,   0.,   0.,   0.,   0.,   0.,   2.,   0.],
        [308.,   0.,   2.,   0.,   0.,  41.,   0.,   0.,  60.,   0.],
        [  0.,   0.,   0.,   0.,   0.,   5.,   0.,   1., 274.,  77.],
        [  0.,   0.,   1., 273.,   0.,   0.,   0.,   0.,   3.,   0.],
        [  0., 271.,   0.,  16.,   0.,   7.,   0.,   0.,   2.,   0.],
        [  0.,   0.,   0.,   0.,   0.,  76.,   0.,   0.,   8., 193.],
        [  4.,   0., 296.,   0.,  87.,   0.,  14.,   0.,   1.,   0.],
        [  3.,  27.,  73.,   2.,   0.,   0.,   0.,   5., 124.,   0.],
        [ 87.,   0.,   0.,   0.,  32.,   0.,   0.,  67.,   8., 237.],
        [  0.,   0.,   0.,   0.,   6.,   2.,   0.,   0.,   2., 224.],
        [278.,   0.,   0.,   0.,   3.,   0.,  14.,   0.,  14.,  17.],
        [  0.,   0.,   0., 207.,   0.,   2.,   0.,  93.,   2.,   0.],
        [  0., 126.,   0.,   0.,   0.,   0., 237.,   0.,   3.,   0.],
        [  0.,   0.,   0.,   0.,   2.,   0., 299.,   0.,   4.,  27.],
        [  0.,   1.,   0.,   0.,   0.,   0.,   0., 155.,  94.,  51.],
        [  0., 215.,   0.,  59.,  18.,  59.,   0.,   0.,  20.,  12.],
        [  0.,   0.,   0.,   0.,   0.,   0.,  41.,   1., 271.,  92.],
        [  0., 291.,   0.,   0.,   5.,   0.,   0.,   0.,   7.,   0.]],
       device='cuda:0')
Epoch 1 | Batch 500
tensor([[  0.,   0.,   0.,   0.,  13., 109.,  90.,   0.,  93., 146.],
        [  0., 140.,   0.,   0.,   0.,   0.,   0.,   0., 247.,   0.],
        [  0.,   0.,   2., 279.,   0.,   1.,   0.,   0.,   6.,   0.],
        [  0.,   0.,   1.,   0., 294.,   0.,   4., 149.,   1.,  89.],
        [  0.,   0.,   0.,   0.,  22.,   0.,   0., 271.,   0.,   5.],
        [  0.,  12.,   0.,   2.,   0., 123.,   0.,   0.,  33.,   3.],
        [  2.,   0.,   0.,  73.,   0.,  69.,   0.,  40., 184.,   0.],
        [  0.,   0.,   0.,   0.,  19.,   1.,   0.,   0., 272.,   1.],
        [  0.,   0.,   0.,   0.,   0.,  72.,   0.,   0., 265.,  23.],
        [  0.,   0.,  42.,   0.,   1.,   1.,   0.,   0., 223.,   0.],
        [  3.,   0.,   0., 283.,   0.,   5.,   0.,   0.,   0.,   0.],
        [  0.,  21.,  11.,   0.,   0.,   1., 142.,   0., 268.,   0.],
        [  0.,   0.,   0.,   0.,   1.,   0., 302.,   0.,   1.,   0.],
        [  0.,   0.,   0.,   0.,   1.,   0.,   1.,  18.,   6., 290.],
        [  0.,   0.,   1.,   3.,   5.,   0.,   0., 258.,  10.,   4.],
        [  0.,   0.,   0., 100.,   0., 160.,   0.,   0.,  18.,   2.],
        [  0.,   0.,   8.,   0.,   0.,   0.,   0.,   0., 289.,   0.],
        [  1.,   0.,   0.,   0., 276.,   0.,  11.,   0.,   0.,  27.],
        [  0.,   0.,   0.,   0.,  13.,   0.,   6.,  13.,   1., 276.],
        [  0.,   0.,  18.,   0., 287.,   0.,   0.,  62.,   0., 140.],
        [ 29.,   0.,   0.,   0., 139.,   0.,  89.,  19.,   0.,   3.],
        [  0., 276.,  13.,   0.,   0.,   1.,   0.,   0.,  17.,   0.],
        [  0.,  12., 268.,   2.,   0.,   0.,   1.,   0., 132.,   0.],
        [  0.,  15.,   0.,  81.,   0.,   0.,   0., 160.,   1.,  10.],
        [ 69.,   0., 130.,   0.,   0.,   0.,  59., 130.,   1.,   2.],
        [295.,   0., 112.,   0.,   0.,   8.,   0.,   0.,   0.,   0.],
        [  0.,   0.,   0.,   5.,   1.,   2., 268.,   0.,  42.,   0.],
        [ 28.,   0.,   2.,   0.,   6.,   2., 283.,   0.,   0.,   0.],
        [  0.,   0.,   1., 295.,   0.,  18.,  64.,   0.,   0.,   0.],
        [  0.,   0.,  71.,   0.,  18.,   0.,   2.,  16.,   0., 138.],
        [  0.,   0.,   1., 134.,   0.,   0.,  19.,   0.,   0.,   0.],
        [262.,   0.,   0.,   0.,   0.,  28.,   0.,   0.,   4.,   0.],
        [ 34.,   0.,   0., 278.,   0.,  42.,   0.,   0.,   4.,   0.],
        [ 49.,   0.,   0.,   0., 275.,   0.,   6.,   0.,   1., 225.],
        [  0.,   0.,   0., 236.,   0.,   2.,   0.,   0.,   2.,   0.],
        [  0.,   4.,   1.,  12.,  27.,   5.,   2.,   0., 267.,   0.],
        [  0.,  11.,  13.,   0.,  50.,   2.,   5.,   0., 195.,   1.],
        [  0.,   0.,   0.,   0., 259.,   0.,   3., 125.,   1.,  55.],
        [  0.,   0.,   0.,   0., 290.,   0.,   7., 116.,   1.,  68.],
        [  0.,   0.,   0.,   0., 268.,   0.,   0.,  37.,   0., 121.],
        [  0.,   0.,   0., 281.,   0.,  84.,   0.,   0.,   1.,   0.],
        [  0.,   0.,  18., 267.,   0.,  21.,   0.,   0.,  44.,   0.],
        [  0.,   0., 105.,   0., 278.,   0.,  10.,   0.,  36.,  63.],
        [ 18.,   0.,   0.,   3.,   0., 268.,   0.,   0.,   1.,   0.],
        [  0.,   4.,   1., 260.,   0.,  70.,   0.,   0.,   1.,   0.],
        [ 16.,   0., 123., 221.,   0.,   0.,   0.,   0.,   0.,   0.],
        [  0., 188.,   0.,   0.,   1.,   0.,   0.,   0., 260.,   0.],
        [  0.,   0.,   2.,   0.,   0.,   0.,  28.,   8., 249.,   0.],
        [246.,   0.,   0.,   9.,   0.,   8.,   0.,   0.,   0.,   0.],
        [  2.,   0.,  22.,   0.,   0.,  93., 303.,   0.,   0.,   0.],
        [296.,   0.,  99.,   0.,   0.,   1.,   0.,   0.,   0.,   0.],
        [  0.,   0., 142.,   1.,   0.,  82.,   0.,   0., 134.,   0.],
        [  0.,   0.,  11.,   0., 258.,   0.,   0.,   0.,   0.,  59.],
        [  0., 127., 201.,  44.,   0.,   1.,   0.,   0., 111.,   0.],
        [  0.,   0.,   0.,   0., 273.,   0.,   0.,  73.,   0.,   2.],
        [  0.,   0.,   0.,  89.,   0.,   0.,   0., 293.,  34.,  11.],
        [  0.,   0.,   0., 239.,   0.,   6.,   0.,   0.,  46.,  72.],
        [  0., 250.,  25.,   0.,   0.,   0.,   0.,   0.,  20.,   0.],
        [  0.,  67.,  45.,   0.,   0.,   0.,   0., 132.,   3.,   0.],
        [  1.,   0.,  16.,   0.,   1.,  11.,   0.,  55.,   5.,   0.],
        [  0.,   0.,   0.,   0.,  29.,   0.,   0., 174.,   4.,   2.],
        [  0., 247.,   1.,   0.,   1.,   0.,   0.,   0.,  45.,   0.],
        [  0.,   0.,   0.,   0.,   0.,  70.,   0., 268.,   0.,   0.],
        [ 54.,   0.,   0.,   0.,  51., 256.,   0.,   0.,   0.,   1.]],
       device='cuda:0')
Epoch 1 | Batch 600
tensor([[ 37.,   0.,   0.,  44.,   0., 142.,   0.,   0.,   0.,  20.],
        [  1.,   0.,   0.,   0.,   9.,   6.,   0., 299.,   5.,   0.],
        [  0.,   0.,   0.,   0., 269.,   0.,  66.,  10.,   1.,   0.],
        [  0.,   0.,   0.,   0., 230.,   0.,  43.,   0.,   5.,   0.],
        [264.,   0.,   0.,   0.,   0.,   1.,  40.,   0.,   0.,   0.],
        [  0.,   0.,  61.,   0.,   1., 115., 260.,   0.,   2.,  11.],
        [  2.,   0., 246.,   1.,  36.,   0.,   0.,   0.,   2.,   0.],
        [  2.,  24.,  23.,   0.,   5.,   9., 278.,   0.,   0.,   0.],
        [  0.,   0.,  16.,   0.,  12., 242.,   0.,   0.,   3.,   0.],
        [238.,   0.,   0.,   0.,   0.,   0.,   0.,  26.,   0.,   0.],
        [100.,   0.,   0.,   3.,   1., 193.,   0.,  39., 129., 154.],
        [  4.,   0.,   0.,   0., 145.,   0.,   0.,  42.,   0.,   0.],
        [277.,   0.,   0.,  12.,   0.,   0.,   0.,   0.,   0.,  55.],
        [  1.,   0.,   0.,   0., 298.,   0.,   0.,   0.,   3.,   0.],
        [  0.,   0.,   0.,   0.,   9.,   0.,   0., 288.,   1.,   1.],
        [  0.,   0., 129., 239.,   1.,   0.,   0.,   0.,  10.,   0.],
        [  0.,   0.,   0., 115.,   5.,   0.,   0., 268.,   5.,   0.],
        [  2., 113., 285.,  95.,   0.,   0.,  35.,   0.,   0.,  21.],
        [  1.,   0., 276.,   9.,  41.,   0.,   2.,   0.,   1.,  33.],
        [  0.,   0.,   0.,   0.,   0.,  24., 282.,   0.,   0.,   0.],
        [  0., 255.,   0.,   0.,   0.,   0.,   0.,   0.,   1.,  31.],
        [  4.,   0.,   0.,  14.,   3.,   1.,   0.,   0., 296.,   0.],
        [  1.,   0., 209.,   0.,   3.,   0.,   0.,   0.,   3.,   0.],
        [ 17.,   5.,   0.,  64.,   0.,   0.,   0.,   0.,  90.,  96.],
        [ 65.,   0., 232.,   0.,   0.,   4.,   0.,  26.,   8.,   0.],
        [ 51.,   0.,   0.,   0.,   0., 215.,   0., 125.,   0.,   0.],
        [  1.,   0.,   0.,   0.,  11.,   0., 290.,   0.,  40.,   2.],
        [  2.,   0.,   0.,   4.,  25.,   0.,   0.,  14.,   8., 224.],
        [  2.,   0., 262.,  33.,   0.,   0.,  54.,   0.,   1.,   0.],
        [270.,   0.,   0.,  73.,   0.,   1.,   0.,   0.,   0.,   0.],
        [  1.,   0.,  62.,   0.,   2., 245.,   0.,   0.,  28.,   0.],
        [  2.,  39.,   0.,  22.,   2.,   2.,   0.,   0., 306.,   0.],
        [  1.,   0.,   0., 221.,   6.,   0.,   0.,   0.,  94., 114.],
        [  0.,   5.,   2.,   2.,   1.,   0.,   0.,   0., 296.,   0.],
        [ 18.,   0.,   0.,   0.,   7.,  65.,  60.,   0.,  39.,  25.],
        [  1.,   0.,   0.,  43.,   2.,   0.,  32.,   0., 266.,  32.],
        [ 74.,   0.,   0., 279.,   0.,  92.,   0.,   0.,   3.,   0.],
        [  0.,   0.,   0.,   0.,   6.,   0.,   0., 299.,   1.,   0.],
        [  0., 278.,   2.,   0.,   0.,  80.,   0.,   0.,  42.,   1.],
        [  0.,   0.,   0.,   0.,   5.,  42., 270.,   0.,   1.,   0.],
        [  8.,   0.,   0.,   0.,  74.,   0., 297.,   0.,   4.,   0.],
        [111.,   0.,   0., 290.,   0.,   8.,   0.,   0.,  13.,   0.],
        [  0.,   0.,   0.,   0., 301.,   0.,   0.,  84.,   9.,   0.],
        [  2.,   0.,   0.,  19.,   2.,  13.,   0.,   0., 291.,   0.],
        [  2.,   0., 291.,   0.,   3.,   0.,   0.,   3.,   5.,   0.],
        [ 22.,   0.,   0., 230.,   0., 275.,   0.,   0.,   9.,  42.],
        [  0.,   0.,   5.,   0.,  53.,   0., 221.,   0.,  10.,   0.],
        [  1.,   0.,   0.,   0., 229.,   0.,  65.,   0.,   4.,  80.],
        [  2.,   0.,   0.,   8.,   0., 251.,   0.,   0.,  87.,   0.],
        [  2.,   0.,   3.,   0.,  14.,   0., 296.,   0.,   2.,   0.],
        [  0.,   0.,   0.,   0., 252.,   0.,  20.,   0.,   5.,   0.],
        [185.,   0.,   0.,  10.,   0.,   7.,  42.,   0.,   0.,   0.],
        [  0.,   0.,   0.,   0., 118.,   0.,  75.,   0.,  15., 232.],
        [ 23.,   0.,   0., 289.,   0.,  23.,   0.,  65.,   2.,   0.],
        [ 17.,   0., 290.,   0.,   3.,   0.,  28.,   0.,   3.,   0.],
        [  8.,   0.,   0.,   2.,   1.,  43., 273.,   0.,   3.,  49.],
        [ 46.,   0.,   0., 268.,   0.,   2.,   0.,   0.,   0.,   0.],
        [  0.,   0.,   0.,   0.,  48.,   0.,   0.,   0., 289.,  20.],
        [  1.,   0.,   0.,   0.,  43.,  15.,   0., 255.,   3.,   0.],
        [  4.,   0., 219.,   0.,   0.,   0., 243.,   0.,   0.,   0.],
        [  0.,  35.,  33.,   0.,  35.,   0.,   0.,   0., 297.,   0.],
        [  0., 266.,   1.,   0.,   0.,  77.,   0.,   0.,  63.,   0.],
        [  0.,   0.,   0.,   0., 294.,   0.,   0.,   0.,   3.,   0.],
        [  1.,   0.,   0., 145.,   0.,   0.,   0.,   1.,   2.,   0.]],
       device='cuda:0')
Epoch 1 | Batch 700
tensor([[310.,   0.,   0.,   1.,   0.,  41.,   0.,   0.,   0.,   0.],
        [298.,   0.,   1.,   0.,   0.,   0.,   0.,   0.,   0.,   0.],
        [120.,   0.,  78.,   1.,  45.,   0., 290.,   0.,   4.,   4.],
        [  0.,   0.,   0.,   1.,   0.,   0., 104.,   0.,  21., 260.],
        [288.,   0.,   0.,  14.,   0.,   1.,   0.,   0.,   0.,   0.],
        [  0.,   0.,   0.,   1.,   0.,   0.,   0.,  47.,  51., 279.],
        [  0.,   0., 283.,   4.,   0.,   0.,   3.,   0.,  74.,   3.],
        [  1.,   0.,   2., 123.,   0., 122.,   0.,   0., 163.,   1.],
        [  0., 125.,   0.,  10.,   0.,   0.,   0.,   0., 293.,  26.],
        [  0.,   0.,   0.,  42.,   0.,   0.,   0.,   0., 239.,   0.],
        [  0.,  67.,   1.,  41.,   0.,   0.,   2.,   0., 246.,   3.],
        [  0.,   0.,   0.,  88.,   0.,   0.,   0., 278.,   4.,  17.],
        [  0.,   0.,   1.,   1., 129.,   0.,   0.,   0., 296.,   2.],
        [  0., 290.,   0.,   9.,   0.,   0.,   0.,   0.,  25.,  12.],
        [  0.,  29., 243.,   3.,   0.,  21.,  87.,   0.,   5.,   0.],
        [ 65.,   0.,   0.,   0.,  97., 249.,   3.,   0.,   3.,   1.],
        [136.,   0.,   0.,  11.,  44., 256.,   0.,   1.,  10.,   8.],
        [304.,   0.,   0.,   2.,   0.,   1.,   0.,   0.,   1.,   0.],
        [  0.,  35.,   4., 287.,   0.,  16.,   0.,   0.,   9.,   3.],
        [  0.,  34., 178.,  13.,   0.,   0.,   0.,  61.,   1.,   0.],
        [  0., 273.,   0.,   9.,   0.,   0.,   0.,   0.,  87.,  12.],
        [  0.,   0.,   0., 132.,   0., 215.,   0.,   0.,  30.,   0.],
        [  0.,   0.,   0.,   0., 274.,   0.,   0.,  15.,   3.,   4.],
        [  1.,   0.,   0.,  41.,   6.,   0.,   0.,   4.,   2., 260.],
        [  0.,   1.,   0., 298.,   0.,  14.,   0.,   0.,   4.,   0.],
        [ 23.,   0., 185.,   0.,  28.,  78.,   7.,   0.,   0.,   0.],
        [  0.,   0.,   1., 295.,   0., 111.,   0.,   0.,  26.,   0.],
        [  0., 280.,   0.,   8.,   0.,   0.,   0.,   0.,  13.,  46.],
        [  0.,  39.,   1., 295.,   0.,  79.,   0.,   0.,   3.,   1.],
        [  0.,   0.,  77.,   0., 246.,   0.,   0.,   0.,   2.,  25.],
        [  0.,   0., 283.,   3.,   0.,   0.,   0.,   0.,  11.,   2.],
        [  0.,   0., 171.,   0.,  94.,   0.,   0.,   0.,  24., 140.],
        [  8.,   0.,  16.,   5., 251.,   0.,   0.,   0.,   2.,   2.],
        [  0.,   0.,   0.,   4.,   2.,   0.,   0.,   0.,   4., 277.],
        [  0.,  43., 246.,   5.,   0.,   0., 110.,   0.,  11.,   0.],
        [  0.,   0.,   0.,   8.,   5.,   0.,   0.,  49.,   2., 265.],
        [ 33.,   0., 238.,   2.,   0.,   0.,   0.,   0.,  48.,   8.],
        [ 39.,   0.,  27.,   3.,   0.,   0.,   0.,  17.,   3.,   1.],
        [  0.,   0.,   0., 303.,   0.,   0.,   0.,   0.,  10.,  19.],
        [  0.,   0.,   0.,   1.,   0.,   0., 276.,   0.,   3.,   1.],
        [  0.,   0.,   0.,   3.,   0.,  69.,   0.,   0., 278.,   8.],
        [  0.,   0.,   0.,   0.,  36.,   0.,   6.,  42., 288.,   2.],
        [  0., 283.,   0.,  17.,   0.,   0.,   0.,   0.,  27.,   7.],
        [  0.,   0., 128.,   9.,   2.,   0.,   0.,   0., 294.,  14.],
        [ 30.,   0.,   0.,   1.,  10., 273.,   0.,   0.,   6.,   2.],
        [  0.,   0.,   0.,   1., 287.,   0.,   0., 117.,   9.,  58.],
        [  0.,   0., 281., 110.,   0.,   0.,   0.,   0.,  11.,   3.],
        [214.,   0.,   0.,   0., 129.,   0.,   0.,   0.,   6.,   0.],
        [  7.,   0.,   1.,   2.,  82., 203., 154.,   0.,   4.,   1.],
        [121.,   0.,   0.,   3.,   0., 266.,   0.,   0., 130.,   4.],
        [ 38.,   0.,   0., 109.,   0., 188.,   0.,  41.,  11.,  60.],
        [ 40.,   0.,   0.,  18.,  52., 270.,   0.,   0.,   4.,   2.],
        [  0.,  98., 254., 131.,   0.,   0.,   0.,   0.,  24.,   1.],
        [  0.,   0.,   0.,   1.,  37.,   0.,   0.,  22., 273.,  57.],
        [  0.,  63.,   0.,   2.,   0.,   0.,   0., 292.,  18.,  15.],
        [  0.,   0.,   0.,   0.,   1.,   0., 250.,   0.,   3.,   9.],
        [ 56.,   0.,  67., 233.,   0.,   0.,   0.,   0.,   3.,   4.],
        [  0., 184., 113.,  26.,   0.,   0.,   0.,   0.,   4.,   0.],
        [ 52., 272.,   2.,  16.,   0.,  24.,   0.,   0.,  69.,   1.],
        [  0.,   0.,   0.,   2.,   0.,   0.,   0.,  68., 303.,  11.],
        [  0., 295.,   0.,   6.,   0.,   0.,   0.,   0.,  10.,   3.],
        [  0.,   0.,   0.,   4.,   1.,   0.,   0.,   5.,   6., 292.],
        [  0.,  60.,   0., 295.,   0.,  20.,   0.,   0.,   3.,   3.],
        [ 59.,   0.,   0., 285.,   0.,   0.,   0.,   0.,  15.,   3.]],
       device='cuda:0')
Epoch 1 | Batch 800
tensor([[  0., 268.,   0.,   0.,   0.,   0.,   0.,  23.,   1.,   2.],
        [  0.,   0.,  55.,   0.,   0.,   0.,   0.,   0., 286.,   4.],
        [  0.,   8.,   0.,   0.,   0.,   0.,   0., 303.,   4.,  18.],
        [ 95.,   0.,   0.,   0.,   5.,  88.,   0.,   0.,   0.,   0.],
        [  0.,   0.,   0.,   0., 297.,   0.,   0.,   0.,   0.,  11.],
        [  0., 266.,   0.,   0.,   0.,   0.,   3.,   0.,  60.,   2.],
        [  0.,   0.,   0., 280.,   0.,   0.,   0.,   0.,   0.,   2.],
        [  0., 271.,   0.,   0.,   0.,   0.,   0., 108.,   0.,   8.],
        [  8.,   0.,   5.,   0.,   0.,   0., 308.,   0.,   0.,   3.],
        [ 57.,   0.,   0.,   0.,   0.,   0.,   0., 286.,   0.,  52.],
        [248.,   0.,   6.,   0.,   0.,   0.,   0.,   0.,   0.,   2.],
        [  0.,   0., 247.,   0.,   0.,   0.,  91.,   0., 102.,   0.],
        [  0.,   0.,   6., 271.,   0.,   0.,   0.,   0.,   0.,   3.],
        [  0.,   0.,  10.,   0.,  23.,   0.,   0., 275.,   0.,  16.],
        [  0.,  14.,   1.,   0.,   0.,   0.,   0.,   0., 253.,  32.],
        [268.,   0.,   0.,   0.,   0.,  45.,  12.,   0.,   0.,   2.],
        [  0.,  70.,   3.,   0.,   0.,   0.,   0.,   0., 279.,   9.],
        [106.,   0.,   0.,   0.,   0.,   0.,   0., 304.,  13.,  24.],
        [  5.,   0.,   0.,   0.,   0., 239.,   0.,   0.,   0.,   1.],
        [  0., 270.,   0.,   0.,   0.,  38.,   0.,   0.,   0.,   4.],
        [  0.,   0.,   1.,   0.,   0.,   0.,   0.,   0., 125.,   9.],
        [  0.,   0.,  10., 223.,   0.,  69.,   0.,   0.,   0.,  73.],
        [  0.,   0.,   0.,  31.,   0., 175.,   0.,   0.,  28.,   1.],
        [  0.,   0.,   0.,   0.,   0.,   0., 278.,   0.,   2.,   3.],
        [  0.,   0.,   0.,   0.,   0.,   0.,   0., 277.,   0.,  48.],
        [  0.,   0., 300.,   0.,   0.,   0., 152.,   0.,   0.,   2.],
        [  0.,   0.,   0.,   0.,   0.,   0.,   0., 286.,   0.,  22.],
        [  0.,   0.,   0., 296.,   0.,  23.,   0.,   0.,   0.,   5.],
        [ 42.,   0.,   0., 264.,   0.,   0.,   0.,   0.,  26.,   1.],
        [  0.,   0., 118.,   0.,   7.,  78.,   0.,   0., 260.,   5.],
        [ 10.,   0.,   0.,   0.,  58.,   0.,   0.,  10.,   0., 245.],
        [  0.,   0.,  31., 244.,  40.,  57.,   0.,   0.,   0.,   0.],
        [  0.,   0.,   4.,   0.,   0.,   0., 308.,   0.,   0.,   5.],
        [  0., 261.,   0.,   0.,   0.,   0.,   0.,  49.,   0.,   2.],
        [  0.,   0.,   0.,   0.,   0.,  27., 279.,   0.,   0.,   3.],
        [  3.,   0.,   0.,  14.,   0., 245.,   0.,   0.,   0.,   0.],
        [  0., 258.,   0.,   0.,   0.,   0.,  25.,   2.,   0.,   1.],
        [  0.,   0.,   0.,   0., 248.,   0.,   7.,   0.,   0.,  11.],
        [  0., 251.,   0.,   0.,   0.,   0.,   0.,   5.,   0.,   2.],
        [ 12.,   0., 286.,   1.,   0.,   0.,   0.,   0.,   0.,   1.],
        [  0.,   0.,   0.,  24., 295.,   0.,   0.,  34.,   0.,  12.],
        [  0.,   0.,   0.,   0.,  61.,   0.,   0., 246.,   0., 135.],
        [  0.,   0.,   0.,   0., 278.,   0.,   0.,   0.,   1.,   9.],
        [  0.,   0.,   0.,  34.,   0.,   0.,   0., 219.,  71.,   6.],
        [288.,   0.,   0.,  58.,   0.,  31.,   0.,  10.,   0.,   2.],
        [  0.,   3.,   0.,   0.,   0.,  11., 282.,   0.,   0.,   2.],
        [  0.,   0.,   3., 275.,   0.,   0.,   0.,   0.,   0.,   3.],
        [  0.,   0., 186., 257.,   0.,   0.,  36.,   0.,   0.,   4.],
        [  0.,   0.,   0.,  64.,   0., 240.,   0.,   0.,  49.,   3.],
        [  0., 258.,   0.,   0.,   0.,   0.,   0.,  31.,   0.,   5.],
        [  0.,   0.,   0.,   0.,   0.,   0.,   0.,  26.,   0., 238.],
        [  0., 256., 122.,   0.,   0.,   0.,   0.,   0.,  21.,   0.],
        [  0.,   0.,   0.,   0.,   0.,   0.,   0., 267.,   0.,  15.],
        [291.,   0.,   6.,  68.,   0.,   0.,   0.,   0.,   0.,   5.],
        [  0.,   0.,   1., 295.,   0.,   2.,   0.,   0.,   0.,   7.],
        [ 33.,   0.,   0.,   0.,   0.,   0.,   0., 296.,   0.,  21.],
        [  0.,   0.,   0.,   0.,   5.,  20., 290.,   0., 104.,  12.],
        [  0.,   0.,   0.,   0.,   0.,   0., 302.,   0.,   0.,   4.],
        [  0.,   0.,   0.,   0., 215.,   0.,   0.,   1.,   0.,  22.],
        [  0.,   0.,   0.,   1.,   0.,   0.,   0.,   0.,   0., 247.],
        [  0.,   0.,  20.,   3.,   0.,   0.,   0.,   0., 258.,   3.],
        [  0.,   0.,   0.,   0., 262.,   0.,   0.,   0.,   1.,  24.],
        [  0.,  49., 280.,   0.,   0.,   0.,   0.,   0.,   0.,   5.],
        [  0.,   0.,   4., 302.,   0.,   0.,   0.,   0.,   0.,   4.]],
       device='cuda:0')
Epoch 1 | Batch 900
Switching label layer to Inference Mode (LIF)...
Epoch 1 DONE | Test Acc: 75.08% | Time: 823.9s
Switching label layer back to Training Mode (Clamp)...
tensor([[169.,   0.,   0.,  57.,   0.,  97.,   0.,   0.,   0.,   0.],
        [  0., 246.,   4.,   0.,   0.,   0.,   0.,   0.,  13.,   0.],
        [227.,   0.,   3.,   9.,   0.,   4.,   0.,   0.,   2.,   0.],
        [  0.,   0.,   3., 297.,   0.,   8.,   0.,   0.,   2.,   0.],
        [  0.,   0.,   2.,   0.,   1., 256.,   0.,   0.,  49.,   0.],
        [  0.,   0.,   3.,   0.,  35.,   0.,  87.,   0.,   2., 257.],
        [  0.,   0.,   4.,   0.,   6.,   0.,   0.,   0.,  37., 274.],
        [  0., 263.,   9.,  42.,   0.,   0.,   0.,   0.,  17.,   0.],
        [  1.,   0.,   2.,   9.,   0., 279.,   0.,   0.,   3.,   0.],
        [ 44.,   0.,   5.,   0.,  25.,   0., 303.,  21.,   0.,   0.],
        [  0.,   0.,  58.,   0.,   0.,   0., 299.,   0.,   1.,   0.],
        [  0.,   0., 241.,   0.,   0.,   0.,   0.,   0.,   8.,   0.],
        [  0.,   0.,   4.,   0.,   0.,   0.,   0., 281.,  94.,   0.],
        [ 86.,   0.,   0.,   0.,   0., 265.,   0.,  35.,   1.,   0.],
        [  0., 251.,   2.,   0.,   0.,   0.,  54.,   0.,   0.,   0.],
        [ 57.,   0.,   1.,   0.,   0., 273.,   0.,   0.,   2.,   8.],
        [  0.,   0.,  12.,   0.,   2.,   0.,   0.,   0., 295., 121.],
        [ 10.,   0.,   2.,  46.,   0.,   6.,   0.,   0.,   9.,  56.],
        [  0.,   0.,   1.,   0., 273.,   0.,   0.,  68.,   1.,  41.],
        [  1.,   0.,   4., 293.,   0.,   2.,   0.,   0.,   6.,   0.],
        [  0.,   0.,   2.,  22.,   0., 259.,  39.,   0.,  54.,   0.],
        [  0., 266.,   9.,   0.,   2.,   0.,   0.,   0.,  10.,   0.],
        [  0.,   0.,   3.,   0., 239.,   0., 129.,   0.,   0., 113.],
        [  0.,   4.,  77.,  84.,   0.,   0.,   0., 137.,   2., 135.],
        [298.,   0.,   3.,   0.,   0.,   0.,   0.,   0.,   0.,   0.],
        [  0.,   0.,  32.,   0.,   3.,   0.,   0.,  46.,   5., 278.],
        [  0.,   0., 241.,   0.,  25.,   0.,   0.,   0.,   3.,   0.],
        [  0.,   0.,   4.,   0.,   0.,   0., 312.,   0.,   0.,   0.],
        [  0.,   0.,   2.,   0.,   0.,   5., 147.,   0.,  39.,   0.],
        [ 80.,   0.,   4.,   0.,   0.,   0.,   0.,   0.,   3.,   0.],
        [  0., 196.,  11.,   0.,   0.,   0.,  72.,   0., 138.,   0.],
        [147.,   0., 261.,   0.,   0.,   0.,   0.,   0.,   0.,   0.],
        [  0.,  35.,   1.,   0.,  28.,   0.,   0.,  64.,   0., 249.],
        [  0.,   0.,   1.,   0., 273.,   0.,   0., 116.,   1.,  16.],
        [  0.,   0.,   3.,  32., 126.,  76.,   0.,  60.,   0.,   0.],
        [124.,   0.,   6.,   9.,   0.,   0.,  18.,   0.,   8.,   0.],
        [  0.,   0.,   1.,  34.,   0., 248.,   3.,   0.,   2.,   0.],
        [  0.,   0.,   1.,   9.,  39.,   0.,  20.,   0.,   0., 279.],
        [ 77.,   0.,   1.,  85.,   0., 273.,   0.,   0.,   3.,  28.],
        [  0., 256.,   1.,   0.,   0.,   0.,   0.,   0.,   1.,   0.],
        [  0.,   0.,  98., 284.,   0.,   2.,   0.,   0.,   5.,   0.],
        [  0.,   0.,   2.,   0., 277.,   0.,  61.,   0.,   0.,   0.],
        [  1.,   0.,   0.,   0., 245.,  34.,   0.,  34.,   0.,   0.],
        [  0.,   0.,   0.,   0.,  61., 187.,   0.,   1.,   2.,  14.],
        [  0.,   0.,   1.,   0.,   0., 223.,  47.,   0.,   2.,   0.],
        [  0.,   0.,   3.,   0.,   7.,   0.,   0.,   9.,   0., 207.],
        [  0.,   0., 126.,   0.,   0.,   0., 249.,   0.,   0.,   0.],
        [  9.,   4., 109., 285.,   0.,   2.,   0.,   0.,  98.,   0.],
        [  0.,   0.,  11., 290.,   0.,  29.,   0.,   0.,   1.,   0.],
        [ 22.,   0.,  26.,   0.,  64.,  23.,   0.,   0., 219.,   0.],
        [  0.,   0.,   0.,   0.,   1., 244.,   0.,   0.,   0.,   0.],
        [  0.,   0.,   0.,   0.,   0.,   0.,   0., 301.,   0.,  12.],
        [101.,   0.,   1.,   0.,   0.,   0., 108.,   0.,   2.,   0.],
        [  0.,   0.,  17.,   0., 157.,   0., 294.,  32.,   0.,   0.],
        [  0.,   0.,  13.,   0.,   2.,   0.,   0.,   0.,   6., 265.],
        [  0.,   0.,   2.,  65.,   0.,   0.,   0., 104.,   0.,  15.],
        [  0.,   0.,   1.,   0.,   0.,   0.,   0., 281.,   0.,  86.],
        [  0., 168.,  27., 269.,   0.,  27.,   0.,   0.,   0.,   0.],
        [  0., 252.,   7.,   1.,   0.,   0.,   0.,   0.,  11.,   0.],
        [ 12.,   0.,   0.,   0.,  44.,   0.,   0., 247.,   0.,   0.],
        [  0.,   0.,  10., 185.,   0.,   0.,   0., 142.,   5.,   0.],
        [307.,   0.,   1.,   0.,   0.,  37.,   0.,   0.,   0.,   0.],
        [  0., 263.,   8.,  29.,   0.,   0.,   0.,   0.,  16.,   0.],
        [  0.,  60., 226.,   0.,   0.,   3.,   6.,   0.,  25.,   0.]],
       device='cuda:0')
Epoch 2 | Batch 0
tensor([[  4.,   0.,   0.,   0.,   0.,  64.,   0.,   0., 245.,   0.],
        [  0.,   0.,   0.,   0.,   0.,   0.,   0., 157.,   0.,   1.],
        [310.,   0.,   0.,   0.,   0.,   0.,  18.,   0.,   0.,   0.],
        [  0.,   0.,   9., 108.,   6.,   0.,   0.,   0., 264.,   0.],
        [  0.,   0.,   0.,   0.,   0.,   0.,   0., 270.,   0.,   1.],
        [150.,   0.,   0.,  10.,   0.,   0.,   0., 281.,   0.,   0.],
        [  0.,   0.,  34., 257.,   0.,  30.,  10.,   0.,   0.,   0.],
        [  4.,  91.,   0.,   2.,   0., 231.,   0.,  16.,   3.,   0.],
        [  1.,  19.,  28.,  20.,  44.,   0.,   0.,   4.,   0., 126.],
        [  1.,   0.,  10.,   0.,  24.,   0., 285.,   0.,   0.,  20.],
        [  1.,   1.,  25.,  35.,   0.,   0.,   0.,   0., 291.,   0.],
        [  0.,   0.,   0.,   0., 290.,   0.,   0.,   0.,   2.,  22.],
        [  0.,   0.,   0.,   0.,   9.,  15.,   0.,  23.,   0., 241.],
        [  0.,   0.,   0.,   0.,   0.,   0.,   0.,   0.,   0., 249.],
        [  0.,   0.,   0.,   0.,   0.,   0.,   0., 306.,   0.,   1.],
        [  0.,   7.,   0.,   0.,   0.,   0.,   0., 273.,   0.,   5.],
        [ 84.,  21.,   0.,   0.,   0.,   0.,   0., 265.,   0.,   0.],
        [112.,   0.,   0.,   0.,   2., 266.,   0.,   0.,   0.,   0.],
        [  1.,   0.,   0.,   0.,  25., 284.,   0.,   0.,   2.,   0.],
        [ 16.,   0.,   0.,  15.,   0.,   0.,   0.,  25., 216.,   0.],
        [  0.,  16., 227.,   0.,   0.,   0.,  50.,   0.,   3.,   0.],
        [  3.,   0.,  79.,   0.,   2.,   0., 305.,   0.,   0.,  17.],
        [ 16.,   0., 106.,   0., 283.,   0.,   0.,   0.,   0.,   0.],
        [ 14.,   0., 129.,   0.,   1.,  34.,   0.,   1.,   5.,   0.],
        [  1.,   0., 103.,   0., 176.,   0., 285.,   0.,   0.,   0.],
        [  0., 247.,   0.,  45.,   0.,   0.,   0.,   0.,   1.,   0.],
        [  0.,   0.,   0.,  76., 267.,   0.,   0.,   0.,   0.,   1.],
        [  0., 272.,   0.,   0.,   0.,   0.,   0.,   0.,   0.,   0.],
        [320.,   0.,   1.,   0.,   0.,   0.,   0.,  45.,   0.,   0.],
        [  0.,   0.,   0.,   0.,  34.,   0.,   0., 273.,   2., 190.],
        [  0.,   0.,   0.,   0., 261.,   0.,   0.,   0.,   0.,   7.],
        [ 54.,   3.,   0.,   0.,   5., 250.,   0.,  15.,   0.,   0.],
        [ 55.,   0.,   0.,   0., 305.,   0.,   0.,   0.,   0.,   0.],
        [  1.,   0.,   0.,   0.,   0.,   0.,   0.,   8., 257.,   2.],
        [316.,   0.,  35.,   0.,   0.,   0.,   0.,   3.,   0.,   0.],
        [ 38.,   0.,  24.,   0.,  41.,   0., 300.,   0.,   0.,   0.],
        [ 63.,   0., 272.,   0.,   3.,   0.,   0.,   2.,   0.,   0.],
        [  0.,   0.,   0.,  57., 148.,   0.,   0.,   0.,   0.,   0.],
        [281., 126.,   0.,   0.,   0.,   0.,   0.,  14.,   0.,   0.],
        [  0., 113.,   0.,   0.,   0.,   0.,   0., 255.,   1.,  10.],
        [  2.,   0.,   0.,   0.,   1.,   0.,   0.,   7.,   0., 267.],
        [  6.,   0.,   0.,   0., 284.,   0.,   0.,   0.,   2.,   0.],
        [  0.,   0.,  18.,   0.,   2., 163.,  17.,   0.,   1.,   0.],
        [  0.,   0.,   0.,  15.,   0.,   0.,   0.,   1.,   0., 274.],
        [  0.,   0.,   0., 275.,   0.,   0.,   0.,   0.,  15.,   0.],
        [  0.,   0.,   0.,   0., 264.,   0.,   0.,   0.,   0.,  29.],
        [  0., 260.,   0.,   6.,   0.,   0.,   0.,   1.,   1.,   0.],
        [  0.,   0.,  16.,   0., 294.,   0.,   0.,  32.,   1.,  25.],
        [109.,   0.,  62.,   0.,   0.,   0.,  29.,   0.,  12.,   0.],
        [  0.,   0.,   0.,   7., 285.,   0.,   0.,   0.,   1.,   3.],
        [  4.,   0.,  53.,   0., 263.,   0.,   0.,  14.,   0.,  17.],
        [  0.,   0., 145.,   0.,   0.,   0.,   0., 152.,   0.,   0.],
        [  0.,   0.,   0.,   0., 236.,   0.,   0.,   6.,  20.,   5.],
        [  0.,   0.,   0.,   0., 274.,   0.,   0.,  92.,   0.,  15.],
        [  0.,  52., 269.,   5.,   0.,   0.,   0.,   0.,   0.,   0.],
        [  1.,   0.,   0.,   0.,   0., 259.,  61.,   0.,  12.,   0.],
        [  0.,  16.,  60., 262.,   9.,   0.,   0.,  15.,   0.,   0.],
        [  0., 260.,   0.,   0.,   0.,   0.,   0.,   0.,  76.,   0.],
        [  0.,   0.,  14.,   0.,   2.,   0.,   0., 292.,   0.,  86.],
        [  0.,   5.,   0., 285.,   0.,   0.,   0.,   0.,   2.,   0.],
        [  0.,   0.,  70.,   0.,   0., 163.,  60.,   0.,   3.,   0.],
        [  0.,   0.,   0.,   0.,   0.,   0.,   0., 272.,   2.,   0.],
        [ 34.,   0.,   0.,   0.,  11.,   0.,   0., 277.,   0.,   0.],
        [  0.,   0.,   0.,   0.,  25.,   0.,   0.,   0.,   0., 226.]],
       device='cuda:0')
Epoch 2 | Batch 100
tensor([[ 21.,   0., 262.,   0.,   0.,   0.,  68.,   0.,   0.,   0.],
        [  7.,   0.,   0.,   0.,  35.,   0.,  59.,  68.,   0., 187.],
        [ 11.,   0.,  18.,   0.,   7.,   0., 295.,   0.,   0.,   3.],
        [  8.,   0.,   6.,   5.,   0.,   0.,   0.,   0., 255.,   5.],
        [261.,   0.,   0.,   1.,   0.,  48.,  80.,   0.,   0.,   1.],
        [  0., 240.,   0.,  33.,   0.,   0.,   0.,   0.,   0.,   1.],
        [  3.,   0.,   0.,   2.,   0.,  83.,   0.,  77.,   0., 247.],
        [  4.,   0.,   0.,   0., 267.,   0.,   0.,  44.,   0.,  29.],
        [194.,   0.,   0.,   0.,   0.,   1.,  40.,   0.,   0.,   2.],
        [ 19.,   0.,   0., 303.,   0.,   8.,   0.,   0.,   0.,  11.],
        [ 11.,   0., 287.,   0.,   0.,   0.,   0.,   0.,   0.,   2.],
        [  4.,   0., 283.,   1.,   0.,   0.,   0.,   0.,   0.,   0.],
        [  0., 266.,   0.,   9.,   0.,   0.,   0.,   0.,   0.,   0.],
        [  1.,   0.,   0.,   0.,   0.,   0.,   0., 297.,   0.,  13.],
        [  0., 239.,   0.,  24.,   0.,   0.,   0.,   0.,   0.,   1.],
        [  4., 213.,   0.,   0.,   0.,   0.,  22.,   0.,   0.,  11.],
        [308.,   0.,   0.,   0.,   0.,  77.,   0.,   0.,   0.,   0.],
        [280.,   0.,   0.,   0.,   0.,   0.,   0.,   0.,   0.,   0.],
        [  9.,   0.,  73.,   0.,   0.,  77.,  37.,   0., 283.,   9.],
        [ 46.,   0.,   1.,   0.,   0.,   0., 302.,   0.,   0.,  53.],
        [ 15.,   0.,  54.,   0.,   0.,   6.,   0.,   0.,  22., 216.],
        [  5.,   0., 139.,   0.,   0.,   0.,   0.,  60.,   2.,   3.],
        [  7.,   0., 284.,   0.,   0.,   0.,   0.,   0.,  34.,   0.],
        [  1.,   0.,   1.,   0.,   0.,  10.,   0.,   0., 286.,  23.],
        [  7.,   0., 270.,   0.,   0.,   0.,   0.,  81.,   0.,  51.],
        [  2.,   0.,   0.,   0.,   0.,   0.,   0.,   0., 231.,  84.],
        [ 18.,   0.,   1., 290.,   0.,   2.,   0.,   0.,   0.,   3.],
        [ 34.,   0.,   4.,   0.,   0.,   0., 293.,   0.,   0.,   0.],
        [  4.,   0.,   5.,   0., 205.,   0.,  44.,   5.,   0.,   6.],
        [  5.,   4.,   0.,   1.,   0., 274.,   0.,   0.,   0.,   2.],
        [160.,   0.,   0.,   0.,   0.,  93.,  57.,   0.,   0.,   0.],
        [  5.,   0.,   3.,   0.,   0.,   8., 297.,   0.,   0.,   2.],
        [217.,   0.,   0.,   0.,   0.,   1.,   0.,   0.,   0.,   1.],
        [  7.,  24.,   0., 289.,   0.,   4.,   0.,   0.,  14.,  30.],
        [  0., 273.,   0.,   6.,   0.,   0.,   0.,   0.,   0.,   0.],
        [  1.,   0.,   0.,   0., 246.,   0.,   0.,  57.,   0.,  85.],
        [  5., 111.,   0., 152.,   0.,  36.,   0.,   0.,   0.,   0.],
        [ 13.,  58.,   0., 297.,   0.,   2.,   0.,   0.,   0.,   0.],
        [  2.,   0.,   0.,   0.,   0.,   9.,   0., 138.,   0., 243.],
        [  3.,   0.,   1.,   0.,   3.,   0.,   0., 162.,   0.,   3.],
        [  4.,   0.,   6.,   0., 272.,   0.,   0.,   0.,   0.,  14.],
        [  3.,  67.,   0.,   0., 118.,   0.,   0.,   0., 274.,   3.],
        [298.,   0.,   0.,   0.,   0.,   1.,  56.,   0.,   0.,   0.],
        [  1.,   0.,   2.,   0.,   0.,  58., 268.,   0.,   0.,   1.],
        [  0.,   0.,   0.,   0., 203.,  16.,   0.,  37.,   0.,   4.],
        [ 12.,   0.,   0.,   0.,   0.,   6., 299.,   0.,   0.,   2.],
        [ 13.,   0.,  11.,   0.,   0.,   0., 277.,   0.,   0.,   1.],
        [321.,   0.,  79.,   0.,   0.,  35.,   0.,   0.,   0.,   3.],
        [ 20.,   0.,   1., 129.,   0., 114.,   0.,   0.,   0.,   4.],
        [  6.,   0.,   0.,   4.,   0.,   9.,   0.,   0., 274.,   4.],
        [ 69.,   0.,   1.,   1.,   0.,  38.,   0.,   0., 220.,   0.],
        [  1., 271.,   0.,   3.,   0.,   0.,   0.,   0.,   0.,   0.],
        [  2.,   0.,   0.,   0.,  40.,   0.,   0.,  19.,   0., 193.],
        [ 39.,   0.,  34.,   0.,   0.,  10., 302.,   0.,   0.,   8.],
        [311.,   0.,   0.,  37.,   0.,   2.,   0.,   0.,   0.,  33.],
        [  0.,   0.,   0.,  89., 240.,   0.,   0.,   0.,   0.,   1.],
        [ 15.,   0.,   0.,   2.,   0., 212.,  73.,   0.,   0.,   0.],
        [  8.,   0.,   0.,   0., 288.,   0.,   0.,   0.,   0.,  26.],
        [  3.,   0.,   0.,  15.,   0.,   0.,   0., 291.,   0.,  72.],
        [  1., 237.,   0.,  34.,   0.,   0.,   0.,   0.,   0.,   9.],
        [  8.,   0.,   0.,  38.,   0.,   0.,  13., 122.,   0., 249.],
        [  8.,   0.,   0., 282.,   0., 124.,   0.,   0.,   0.,   6.],
        [  8.,  42.,   0.,  11.,   0., 269.,   0.,   0.,   0.,   0.],
        [  3.,   0.,   6.,   0.,  83.,   0., 267.,   0.,   0.,   5.]],
       device='cuda:0')
Epoch 2 | Batch 200
tensor([[  0., 244.,   0.,   3.,   0.,   0.,   0.,   0.,  27.,   0.],
        [  0.,   0., 295.,  20.,   0.,   0.,   0.,   0.,   3.,   6.],
        [302.,   0.,   0.,  20.,   4.,   0.,  21.,   0.,   0.,   0.],
        [ 96.,   0.,  91.,   0.,   0.,   0.,   3.,   0.,   0., 113.],
        [  0., 269.,   0.,   3.,   0.,   0.,   0.,   6.,  27.,   0.],
        [  0.,   0.,   0.,   0., 263.,   0.,  83.,  23.,   1.,  14.],
        [  0.,   0.,   0.,  39.,   0., 257.,   0.,   0.,   1.,  42.],
        [308.,   0.,   0.,   0.,   0.,   0.,   0.,  45.,   0.,   0.],
        [  0.,   0., 293.,   0.,   2.,   0.,   1.,   0.,   0.,   0.],
        [  0.,   0.,   0.,   0.,   0.,   0.,   0., 301.,   0., 112.],
        [  3.,   0.,   0.,   0., 267.,   0.,  21., 101.,   2.,   0.],
        [ 11.,   0., 149., 122.,   3., 128.,   0.,   0.,   1.,   0.],
        [  0.,   0.,   0.,   0., 284.,   0., 108.,   0.,   0., 118.],
        [129.,   0.,  59.,   0.,   0.,   0.,   0.,   0.,   0.,   0.],
        [  0.,   0.,   0.,   0.,  64.,   0., 228.,  12.,   0.,   0.],
        [  0., 285.,   0.,   5.,   0.,   0.,   0.,   0.,   0.,   0.],
        [148.,   0.,   0.,  33.,   0.,  18.,   0.,   4.,   5.,   2.],
        [  4.,   0., 127.,   0.,  26.,   0., 276.,   0.,   0.,   0.],
        [ 72.,   0., 277.,   0.,   3.,   0.,   0.,   0.,   0.,   0.],
        [  0.,   0., 254.,   8.,   1.,   0.,   0.,   0.,  20.,  61.],
        [  0.,  29., 264.,   1.,   0.,   0.,   0.,   0.,   9.,   0.],
        [  0.,  75.,   0.,   0.,  85.,   0.,   0.,  72.,   1.,   1.],
        [ 16.,   0.,   2.,   1.,   0., 192.,   0.,   0.,  34.,  14.],
        [  1.,  57.,   0.,  24.,   0., 154.,   0.,   0.,  28.,   0.],
        [  0.,   0., 306.,   3.,   1.,   0.,  14.,   0.,   7.,   0.],
        [  0.,   0.,   0.,   0.,   0.,   0.,   0., 300.,   0.,   0.],
        [  0.,   0.,   0.,  36.,   0.,   0.,   0., 144.,   0.,  34.],
        [  0.,   0.,   0.,   0.,   0.,   0.,   0., 278.,   0.,   0.],
        [  0.,   0.,   0.,   0., 270.,   0.,   0., 138.,   0.,  29.],
        [284.,   0.,  89.,  97.,   0.,   0.,  26.,   0.,   0.,  17.],
        [  0.,   0.,  14., 154.,   0., 116.,  18.,   0.,   3.,   0.],
        [294.,   0.,   0.,   0.,   0.,   0.,   0.,   0.,  83.,   0.],
        [  0.,   0., 145.,   0.,  41.,   0.,   0.,   0.,   0.,  85.],
        [  1.,   0., 273.,   2.,  79.,   0.,   0.,   0.,   1.,   0.],
        [  6.,   0.,   0., 288.,   0., 121.,   0.,   0.,   3.,   0.],
        [  2.,   3.,   0.,   0.,   0., 236.,   0.,   0.,  12.,   0.],
        [  0.,   0.,   2.,   0.,  10., 237.,  30.,   0.,   1.,   0.],
        [218.,   0.,   0.,  25.,   0.,   0.,   1.,   0.,   5.,   1.],
        [  0., 257.,   0.,   0.,   0.,   8.,   0.,   0.,   0.,   0.],
        [  0.,   0.,   0., 207.,   0.,  91.,   0.,   0.,   0.,   0.],
        [297.,   0.,   0.,  78.,   0.,   0.,   0.,   0.,   3.,  34.],
        [  1.,   0., 288.,  56.,  34.,   4.,   0.,   0.,   1.,   0.],
        [285.,   0.,   0., 168.,   0.,   0.,   0.,   0.,   1.,  69.],
        [311.,   0.,   0.,  68.,   0.,   0.,   0.,   0.,   1.,   0.],
        [219.,   0.,   0.,   0.,   0.,   0.,   0.,   0.,  62.,   0.],
        [  0.,  12.,   0.,  26.,   0.,   0.,   0., 273.,   0.,   0.],
        [  0., 273.,   0.,   2.,   0.,   0.,   0.,   0.,   1.,   0.],
        [  8.,   0., 258.,  19.,   0.,   0.,   0.,   3.,  25.,   0.],
        [  0.,   0.,   0.,  98.,   0.,   0.,   0.,   0.,   8., 145.],
        [  0.,   0.,  28.,   0., 113.,   0.,   0., 285.,   0.,   0.],
        [284.,   0.,   0.,   1.,   0.,   0.,   0.,  99.,   8.,  24.],
        [  0.,  12., 291.,   3.,   1.,   0.,   0.,  19.,   4.,   0.],
        [  0.,   0.,   0.,   1.,   0.,   0.,   0.,   0.,   0., 214.],
        [  2.,   0.,   0.,   0.,   0.,   0.,   0., 302.,   0.,   0.],
        [  2.,   0.,  19.,   0.,  56.,   0., 289.,   0.,   0.,   0.],
        [130.,   0.,   0.,  10.,   0.,  37.,   0.,   0.,   5.,  29.],
        [305.,   0.,   2.,   0.,   1.,   0.,  10.,   0.,   0.,  29.],
        [  0.,   0., 215.,   0.,   4.,   0., 247.,   0.,   1.,   0.],
        [  9.,  32., 177.,  65.,   0.,  40.,   0.,   0.,  14.,   0.],
        [105.,   0.,   0.,   9.,   1.,   0.,   0.,   0.,   3., 161.],
        [  0.,   0.,   0.,   0.,  53.,   0.,   0., 138.,   1., 118.],
        [  0.,   0.,   0.,   0.,   8.,  20.,  19.,   0.,   0., 237.],
        [  0.,   0.,   0.,   0.,   0.,   0.,   0., 294.,   0.,  35.],
        [  0., 128.,   0.,   2.,   0.,  30.,  75.,   0., 253.,   0.]],
       device='cuda:0')
Epoch 2 | Batch 300
tensor([[  1.,   0.,   0.,   0., 264.,   0.,   0.,  38.,   0.,  57.],
        [ 19.,   0.,   0.,   0.,   0.,   0.,   0.,  14.,   0., 275.],
        [  1., 119.,   0.,   0.,   0.,   0.,   0.,   0., 243.,   3.],
        [  4.,   0.,  18., 262.,   0.,   0.,   0.,   0.,   8.,   6.],
        [  2.,   0.,   0.,   0.,   0.,   0., 265.,   0.,   0.,   0.],
        [  2.,   0.,  11.,   0.,   0.,   0.,   0., 250.,   5.,  10.],
        [  0., 102.,   1., 277.,   1.,   0.,   0.,   0.,   0.,   0.],
        [  0.,   0., 105.,   0., 219.,   0.,  22.,   0.,   2.,   4.],
        [  7.,   0.,   2.,  84.,   0., 214.,   0.,   0.,  16.,  10.],
        [  0.,  30.,   0., 279.,   0.,   0.,   0.,   0.,   0.,   0.],
        [  0., 276.,   0.,   0.,   0.,   0.,   0.,   0.,   0.,   0.],
        [  0.,   0.,   1., 242.,   0.,   0.,  94.,   0.,   1.,   0.],
        [  4.,   0.,   0.,   0.,   6.,   0.,   0.,   0.,   0., 284.],
        [  1.,   0.,   0.,   0., 258.,   0.,  39.,   1.,  91.,  72.],
        [314.,   0.,   0.,   0.,   0.,   0.,   0.,   0.,   0.,   1.],
        [  2.,   0.,   0.,   0.,   0.,   0.,   0.,  11.,   0., 267.],
        [ 13.,   0.,  34.,   0.,   0.,   0., 314.,   0.,   0.,   2.],
        [  0.,   0.,   1., 178.,   0., 179.,  27.,   0.,   0.,   0.],
        [  0.,   0.,   0.,   0.,   0.,  72.,   0.,   0., 174.,   4.],
        [  0.,   0.,   0.,   0.,   3., 197.,   1.,  56.,   0.,   0.],
        [  0.,  66.,   0., 256.,   0.,   0.,   0.,   1.,   0.,   0.],
        [  4.,   0.,   2.,   0.,  36.,   0.,   0.,   0.,   0., 254.],
        [  3.,   0.,  26.,   0.,   0.,   0., 296.,   0.,   0.,   3.],
        [  0.,   0.,  43., 231.,   0.,   1.,   0.,   0.,  78.,  11.],
        [  3.,   0.,   6., 202.,   0.,   0., 152.,   0.,   4.,   6.],
        [  0.,   0.,   0.,   0.,  16.,   0.,   0.,   8., 269.,   7.],
        [ 20.,   0.,   0., 227.,   0.,   0., 148.,   0.,   0.,   1.],
        [  0.,   0.,  14.,   0.,   0.,  74., 301.,   0.,  11.,   3.],
        [  1.,   0.,   0.,   0., 260.,   0.,   6.,   0.,   2.,  32.],
        [  0., 259.,   0.,   0.,   0.,   0.,   0.,   1.,   0.,   4.],
        [  2.,   0.,   1.,   0.,   0.,   0., 313.,   0.,   0.,   1.],
        [ 32.,   0.,   2.,   0.,   0.,   0., 298.,   0.,   1.,   3.],
        [  0.,   0.,   1.,   0.,  70.,   0.,   0.,   0., 240.,   6.],
        [  3.,   0.,  19.,   0.,   0.,   0., 316.,   0.,   0.,   7.],
        [  0.,   0.,  69., 122.,   0.,   0.,   0., 266.,   0.,  34.],
        [  2.,   0.,   0.,  16.,   0.,   0.,   0., 229.,   1.,  21.],
        [  1.,   0.,   0.,   0.,   0.,  68.,   0., 101.,   6., 156.],
        [  1.,   0.,   0.,   0.,  18.,   0.,   0.,   0.,   0., 248.],
        [  0., 262.,  14.,   0.,  77.,   0.,   0.,   0.,  85.,   1.],
        [  0.,   0.,  82., 271.,   0.,  61.,   0.,   0.,   2.,   6.],
        [  1.,   0.,   0.,   0.,   0.,   0.,   0.,  31.,   5., 177.],
        [  1.,   0.,   2.,   0.,   0.,   0., 311.,   0.,  54.,   6.],
        [189.,   0., 128.,   0.,  21.,   0.,   0.,   0.,   0.,   0.],
        [  0., 275.,   0.,   0.,   0.,   0.,   0.,   0.,   0.,   0.],
        [304.,   0.,   0.,   0.,   0.,  52.,   0.,   0.,   0.,   0.],
        [  0., 229.,   0.,   0.,   0.,   0.,   0.,  88.,   0.,   0.],
        [292.,   0.,   7.,   0.,   0.,   0.,   0.,   3.,   0.,   3.],
        [  0.,   0.,   0.,  26.,   8.,   0.,   0., 255.,   0.,   0.],
        [  0.,   0.,   0.,   0.,   0.,  29.,   0.,  19.,   3., 256.],
        [  0.,   0.,   0., 275.,   0.,   0.,   0.,   0.,   0.,   1.],
        [  1., 108.,   4., 105.,   0.,   0.,   0.,   0.,   0.,   2.],
        [304.,   0.,   0.,   0.,   0.,   7.,   0.,   0.,   0.,   1.],
        [  0., 264.,  59.,   0.,  65.,   0.,   0.,   0.,  69.,   0.],
        [ 34.,   0.,   0.,  53.,   0.,   0.,   0., 218.,   0.,   9.],
        [  1.,   0.,   0.,   0., 176.,   0.,   0.,   9.,   8.,  53.],
        [  0.,  59., 225.,   0.,   0.,  30.,   0.,   0.,   1.,   0.],
        [  0.,   0.,   0.,   0.,   0.,   0.,  18.,   0.,  10., 243.],
        [  0.,   0., 305.,   0.,   5.,   0.,   6.,   0.,   0.,   0.],
        [  3.,   0.,  40.,   0., 217.,   0.,   0.,   0.,   0.,   0.],
        [  0.,   0.,   1.,   0., 278.,   0.,   0.,   5.,   1.,  20.],
        [  0., 255.,   0.,   0.,   0.,   0.,   0.,  61.,   0.,   0.],
        [  0.,  20.,   0.,   0.,   0.,   0.,   0.,   0., 235.,   1.],
        [ 34.,   0.,   0.,   0.,   0.,   0.,   0.,  54.,   1., 271.],
        [ 98.,   0.,   0.,   0.,   3.,   0.,   0.,  63.,  23.,   0.]],
       device='cuda:0')
Epoch 2 | Batch 400
tensor([[150.,   0.,   0.,   0.,  23.,   0.,   0.,   0.,  12.,  86.],
        [  3., 259.,   1.,   0.,   0.,   0.,   0.,   0.,   8.,   0.],
        [  6.,   0., 301.,   0.,   0.,   0., 150.,   0.,   4.,   0.],
        [ 12.,   0.,   1.,   0.,   0.,   0.,   0.,   0., 201.,   2.],
        [  4.,   0.,  36.,   0.,  85.,   0., 274.,   0.,   3.,   0.],
        [  3.,   0.,   0.,   0.,   0.,  10.,   0.,   4.,   6., 233.],
        [ 29.,   0.,   0.,   0.,   0., 255.,   0.,   0.,   9.,   3.],
        [  8.,   0.,   1.,  12.,   0.,   3.,   0.,   0., 134.,   1.],
        [  5.,   0.,   0.,   0., 137.,  41.,   0.,  29.,  10.,  28.],
        [  5.,   0.,   0.,   0.,  13.,   0., 295.,   0.,   2.,  46.],
        [ 42.,   0.,  70., 269.,   0., 102.,   0.,   0.,  16.,   3.],
        [ 11.,   0., 301.,   0.,   0.,   0.,   1.,   0.,   7.,   2.],
        [  3.,   0.,   0.,   0.,   0.,  86.,   0.,   0.,   4., 240.],
        [ 21.,   0., 100.,  86.,   0.,   0., 150.,   0.,   3.,   0.],
        [ 12.,   0.,  49.,   0.,  94.,  16., 162.,   0.,  66.,  10.],
        [  1., 234.,   0.,   0.,   0.,   0.,   0.,  29.,   1.,  74.],
        [ 67.,   0.,   0.,   0.,   0.,  15.,   0., 232.,   4.,  31.],
        [  7.,   0.,   1.,   0.,  18.,  53.,  10.,   0., 229.,   6.],
        [  6.,   0.,   0.,   0.,  11., 241.,   0.,  39.,   2., 149.],
        [ 10.,   0.,  60.,   0.,   0.,   0., 305.,   0.,   6.,   4.],
        [  3.,   6., 264.,  82.,   0.,   0.,   0.,   0.,  30.,   0.],
        [ 11.,   0.,   6., 239.,   0.,   5.,   0.,   0.,  16.,   1.],
        [  9.,   0.,  36.,   0.,   0.,   0.,   0., 275.,   7.,   1.],
        [  7.,   0., 306.,   0.,   0.,   0.,  71.,   0.,   9.,   0.],
        [  0.,   0.,   0.,  21., 268.,   0.,   0.,   0.,   2.,  88.],
        [  6.,   0.,   4.,   0.,   0.,  25., 269.,   0.,   4.,   1.],
        [  6.,   0.,   0.,   0.,  83.,   0.,   0., 153.,   2.,  68.],
        [  0.,   0., 207.,   0.,   0.,   0.,   0.,  56.,   3.,   0.],
        [  4.,   0.,   0.,   7.,  16., 224.,   0.,   0.,  19.,   4.],
        [  4.,   0.,   0.,   0.,   0.,   0.,   0., 286.,   3.,   7.],
        [  6.,   0.,   0.,   0.,   7.,   0.,   0.,   0.,   2., 152.],
        [ 18.,   0.,   0.,   0.,   1.,   0.,   0.,  47.,   4., 223.],
        [ 13.,   0.,   1.,   0.,  13.,   0.,   0.,   0.,   5., 149.],
        [298.,   0.,   0.,   8.,   0.,   0.,   0.,   0.,  20.,   2.],
        [  4.,   0., 307.,   0.,   0.,   0.,  34.,   0.,   5.,   1.],
        [  2.,   0., 259.,   0.,   0.,   0.,   9.,  77.,   7.,   0.],
        [295.,   0.,   0.,   0.,   0.,   0.,  31.,   0.,   6.,   2.],
        [ 13.,   0.,   0.,   0.,   0.,   0.,   0.,  30.,  79., 250.],
        [ 12.,   0.,  26.,   0.,   0.,   0., 308.,   0.,   4.,   5.],
        [ 17.,   0.,   0.,  87.,  28., 255.,   0.,   0.,  20.,  41.],
        [  2., 256.,   0.,   1.,   0.,   0.,   0.,   0.,   3.,   1.],
        [ 50., 118.,   4.,   0.,   0., 211.,   0.,  20.,   4.,   0.],
        [  2.,   0.,   0.,   0., 263.,   0.,   0.,   7.,   4.,   3.],
        [  2.,   0.,   0.,   0.,   0.,   2.,   0.,   0.,   6., 261.],
        [  8.,   0.,  18., 265.,   0.,   0.,   0.,   0.,  80.,   4.],
        [283.,   0.,   0.,  58.,   0.,  13.,   0.,   0.,   4.,   9.],
        [ 63.,   0.,   0.,   0.,   0., 248.,   0.,  50.,   2.,   0.],
        [ 13.,   0.,   0., 260.,   0.,   0.,   0.,   0.,  17.,   0.],
        [  3.,   0.,   0.,   0., 279.,  32.,   0.,   0.,   2.,   6.],
        [  7.,   0.,   0.,   0.,   0.,   0.,   0., 301.,   3.,  45.],
        [  6.,   0.,   0.,  42.,   0., 111.,  70.,   0.,   3.,   3.],
        [  3., 270.,   1.,  23.,   0.,   0.,  18.,   0.,  17.,  23.],
        [  0.,   0.,   0.,   0., 268.,   0.,   0.,   0.,   5.,  67.],
        [  1.,   0., 264.,   0.,   0.,  12., 158.,   0.,   3.,   0.],
        [  4.,   0., 313.,   0.,   0.,   0.,  46.,   0.,  18.,   0.],
        [312.,   0.,   0.,  80.,   0.,   4.,   0.,   0.,   9.,   4.],
        [  2., 264.,   0.,   3.,   0.,   0.,   0.,   0.,   6.,   7.],
        [  2.,   0.,   0.,  51.,   8.,  11.,   0., 100.,   2., 231.],
        [ 21.,   0.,  91.,   0.,   3.,   0., 294.,   0.,   8.,   4.],
        [ 21.,   0.,   2., 117.,   0., 253.,   0.,   0.,  33.,   4.],
        [  4.,   0.,   0.,  71.,   0., 188.,   0.,   0.,   8.,  29.],
        [  5.,   0.,   0.,   0.,   0.,   0.,   0.,   0.,   6., 258.],
        [  5.,   0.,   1.,   0.,   0.,   0., 285.,   0.,   2.,   1.],
        [  8.,   0., 133.,   0.,   0., 104., 140.,   0.,  14.,   0.]],
       device='cuda:0')
Epoch 2 | Batch 500
tensor([[  0.,  80.,   0.,  30.,  15.,   6.,   0.,   0., 236.,   0.],
        [286.,   0.,   0.,   0.,   0.,  87.,   0.,   0.,   0.,   0.],
        [255.,   0.,   0.,   6.,   0.,   0.,   0.,   0.,   0.,   0.],
        [ 46.,   0.,   0.,  58.,   0.,   0.,   0., 268.,   0.,   0.],
        [  1.,   0.,   0.,   0., 273.,   0.,   0.,   0.,   0., 201.],
        [112.,   0.,   0.,   0.,   0.,   0., 294.,   0.,   0.,  23.],
        [114.,   0., 280.,   0.,   0.,   0.,   0.,   0.,  47.,   0.],
        [  1.,   0.,   0., 161.,   1.,   0.,   0.,  59.,   0., 230.],
        [  0.,   0.,   0., 303.,   0.,   6.,   0.,   0.,   0.,   0.],
        [116.,   0., 106.,   0., 153.,   0., 126.,   0.,   0.,  97.],
        [  7.,   0.,   0.,   0.,   0.,   0., 300.,   0.,   0.,   0.],
        [  3.,   0.,   0.,   0., 279.,   0.,   0.,  18.,  69.,   0.],
        [  1.,   0.,  60.,   0.,   1.,   0.,   0., 265.,   0.,  14.],
        [275.,   0.,  38.,   0.,   0.,  10.,   0.,   0.,   0.,   0.],
        [  2.,  44.,   0.,  35.,  37.,   0.,   0.,   0., 214.,   0.],
        [  5.,   5.,   0.,   0.,  26.,   0., 268.,   0.,   0.,   0.],
        [  0.,   0.,  73.,   0., 245.,   0.,  36.,   0.,  28.,  56.],
        [  0.,   0.,   0., 115.,   3., 252.,   0.,   0.,   0.,   0.],
        [145.,  76.,   0.,   0.,   0.,   0.,   0.,   0.,  89.,   0.],
        [  8.,   0., 284.,   0.,   0.,   0.,   0.,   0.,   0.,   0.],
        [ 86.,   0.,   0.,   0.,   0.,   0.,   0., 207.,   0.,   0.],
        [ 28.,   0.,   0.,   0.,   0.,   0.,   0., 292.,   0., 124.],
        [  0.,   0.,  11.,   0., 118.,  56.,  16.,   0.,   0.,   5.],
        [ 65.,   0.,   0.,   0.,  21.,  82.,   0.,  10.,   0., 276.],
        [  0., 232., 115.,   1.,   0.,   0.,   0.,  46.,   8.,   0.],
        [  0., 270.,   0.,   0.,   0.,   0.,   0.,   4.,   0.,   0.],
        [  0.,  27.,  42.,  42.,  66., 247.,   0.,   0.,  50.,   0.],
        [ 88.,   0., 281.,   0.,   0.,   0.,  62.,   0.,   0.,   0.],
        [  1., 268.,   0.,   0.,   0.,   0.,  43.,   1.,   0.,   0.],
        [  0., 260.,   0.,   0.,   0.,   0.,   0.,  16.,   5.,   0.],
        [264.,   0.,   7.,   0.,   0.,   0.,   0.,   0.,   0.,   0.],
        [151.,   0.,   0.,   0.,   0.,   0.,   0.,   0.,  77.,   0.],
        [  0.,   0.,   0.,   0., 285.,   0.,   0.,   0.,   0.,  14.],
        [278.,   0.,   0.,   0.,   0.,   0.,  18.,   0.,   0.,   0.],
        [  0., 260.,   0.,   3.,   0.,   0.,   0.,  41.,   0.,   0.],
        [  0.,   0.,   0.,   0.,   5.,  44.,   0., 271.,   0.,  24.],
        [  5.,   0.,   0.,   0.,  97.,   0.,   0.,   1.,   0., 276.],
        [  0.,   1.,   0.,   0., 149.,  12.,   0.,  57.,   0.,   0.],
        [  3.,   0.,   0.,   0.,   2.,   0.,   0.,  59.,   0., 193.],
        [  0.,   0.,   0., 297.,  10.,  13.,   0.,   0.,   0.,   0.],
        [  1.,   0., 301.,   1.,   0.,   0.,   0.,   0.,   0.,   0.],
        [  2.,   8.,  25.,   0., 136.,   0., 114.,   0.,   3.,   0.],
        [ 29.,  37.,   0.,   0.,   0.,   0., 299.,   0.,   0.,   0.],
        [  0., 255.,   0.,   0.,   0.,   0.,   0.,   2.,   0.,   0.],
        [272.,   0.,   0.,  74.,   0.,  81.,   0.,   0.,   0.,   0.],
        [  1.,   0.,   0.,  39.,   1., 282.,   0.,   0.,   0.,   0.],
        [  1.,   0.,   5.,   0.,  69.,   0., 282.,   0.,   0.,  32.],
        [151.,   0.,   0.,   0.,   0.,   0.,   0.,   0.,   0., 100.],
        [  0., 258.,   0.,   0.,   0.,   0.,   0.,   6.,   0.,   0.],
        [  2.,   0.,  12., 295., 130.,   1.,   0.,   0.,   0.,   0.],
        [  4.,   0.,  36.,   0.,  53.,   0., 285.,   0.,  13.,   0.],
        [  5.,   0.,   0.,   0., 284.,   0.,   0.,   1.,   0.,  44.],
        [271.,   0.,  20.,   0.,   2.,   0.,  78.,   0.,   0.,   0.],
        [  0.,  50.,  29.,   3.,   2.,   0.,   0., 172.,   0., 173.],
        [  3.,   0.,   0.,   0.,   0.,   0.,   0.,  59.,   0., 185.],
        [  1.,   0.,  13.,   0., 285.,  16.,  55.,   6.,   0.,  53.],
        [ 47.,   0., 306.,   0.,   0.,   0.,   0.,   0.,   0.,   0.],
        [ 29.,   0.,   0.,   0.,   0.,  33.,   0., 294.,   0.,   9.],
        [  2.,   0.,   0.,   0.,   8.,   0.,  56.,   2.,   0., 253.],
        [  1., 263.,   0.,   0.,   0.,   0.,   0.,   9.,   0.,   0.],
        [263.,   0.,   0.,   0.,   0.,   0.,   0.,   0.,   0.,   0.],
        [  1.,   0.,   3.,  33., 127.,   0., 265.,   0.,   0.,   0.],
        [  2.,   0.,   0.,   0.,   0.,   0.,   0., 292.,   0.,  50.],
        [  3.,  18.,   0.,  58.,   7.,   0., 269.,   0.,   0.,   0.]],
       device='cuda:0')
Epoch 2 | Batch 600
tensor([[297.,   0.,   0.,   0.,   0.,   0.,   0.,   0.,   1.,   1.],
        [  9.,   2., 294.,   1.,   0.,   0.,  80.,   0.,   6.,  18.],
        [304.,   0.,  40.,  44.,   0.,   0.,   0.,   0.,  19.,   0.],
        [134.,   0.,   0.,  94.,  54.,   9.,   0.,   0., 223.,  63.],
        [  2.,   0.,   0.,   0.,   0.,   0., 298.,   0.,   9.,  59.],
        [  2.,   0.,   0.,   0.,   0.,   3.,   0., 277.,   0.,  16.],
        [  7.,   0.,   0.,   0.,   0.,   0., 267.,   0.,   0.,   4.],
        [  1.,   0.,   0.,   0.,   0., 238., 131.,   0.,  42.,   6.],
        [  1.,   0.,   0., 275.,   0.,  39.,   0.,   0.,  24.,   7.],
        [  1.,   0.,   0.,   0.,  66.,   0.,   0.,  83.,   0., 239.],
        [  0., 234.,  73.,   0.,  25.,   0.,   0.,   0.,   4.,   2.],
        [ 28.,  47., 214.,   0.,   0.,  68.,   0.,   0.,   3.,   7.],
        [  3.,  51.,   2.,   1.,   0.,   0., 285.,   0.,   3.,  96.],
        [  1.,   4.,   4., 263.,   0.,  16.,   0.,   0.,   5.,   2.],
        [  4.,   0.,   0., 254.,   0.,  22.,   0.,  20.,   3.,   1.],
        [  9.,   0.,   4.,   0.,   0.,   0.,   0.,  21., 277.,  27.],
        [  8.,   0.,  54.,   0.,  20.,   0., 286.,   0.,   0.,   2.],
        [115.,   0.,   1.,   0.,   0.,   0.,   0.,   2.,   1., 278.],
        [ 15.,   0.,   8.,   9.,   0.,   0.,   0.,   0.,  81.,   5.],
        [  1., 130.,   0.,  41.,   0.,   0.,   0., 177.,   0.,   1.],
        [  4.,   0.,   1.,  47.,   0.,   0.,   0.,   0., 261., 110.],
        [  4.,   0., 294.,   0.,   0.,   0.,   0.,   0.,   4.,  16.],
        [  3.,   0.,   0.,   0.,   0.,   0.,   0.,  19.,   1., 249.],
        [  4.,   0.,  91.,   0.,   0.,   0.,   0.,   9.,   0., 242.],
        [ 10.,   0., 299.,   0.,   0.,   0.,   0.,   0.,   9.,   2.],
        [ 20.,  24.,   9., 194.,   0.,  76.,   0.,   0.,   0.,   0.],
        [ 11.,   0.,   0., 249.,   0.,  93.,   0.,   0.,   6.,   3.],
        [  1.,   2.,  64., 219.,  66.,   0.,   0.,  30.,  83.,   7.],
        [ 15.,  13., 238.,   0.,  12.,  14.,  17.,   0.,   1.,   1.],
        [  2.,  12.,   0.,   0., 241.,   0.,   0.,   0.,   5.,   7.],
        [  0., 281.,   0.,   6.,   0.,   0.,   0.,   0.,   0.,   0.],
        [  1.,   0.,   7.,  13.,   0.,   0.,   0., 279.,   0.,  16.],
        [  1.,   0.,   0.,   0.,   0.,   0.,   0., 308.,   0.,  18.],
        [  5.,   0.,   2.,   0.,   0.,   0.,   0.,   0., 268.,  16.],
        [  1.,   0., 269.,  88.,   0.,   0.,   0.,  59.,   3.,  91.],
        [  2.,   0.,   2.,   0.,   0.,   0.,   0.,   0., 284.,   9.],
        [  2.,   0.,   4., 280.,   8.,   0.,   0.,   0.,   3.,   1.],
        [  0.,  24.,   0., 259.,   0.,   0.,   0.,   0.,   5.,   2.],
        [256.,   0.,  72.,   0.,   0.,   0.,   0.,   0., 103.,   0.],
        [  4.,   0.,   0., 266.,   0.,  18.,   0.,   0.,   5., 135.],
        [  0., 293.,   2.,   5.,   0.,   0.,   0.,   0.,   2.,  25.],
        [  9.,   0.,   2., 286.,   0.,   2.,   0.,   0.,   1.,   7.],
        [  6., 250.,   3.,   0.,   0.,   3.,   0.,   0.,  12.,  74.],
        [308.,   0.,  34.,  36.,   0.,   0.,   0.,   0.,  28.,   6.],
        [ 29.,   0.,   0.,  18.,   0., 190.,   0.,   0.,   9.,   0.],
        [  7.,   0.,   3.,  17.,  37.,  25.,   0.,   0., 257.,  35.],
        [  2.,   0.,   9.,   0.,   0.,   0.,   0., 288.,   0.,  16.],
        [  3.,   0.,  29.,   0.,   0.,   0., 298.,   0.,   0.,   7.],
        [  6.,   0.,   1., 280.,   0.,  55.,   0.,   0.,   7.,   2.],
        [  8.,   0.,  25.,   0.,   4.,   0., 294.,   0.,   1.,   4.],
        [291.,   0.,   0.,   0.,  27.,   3.,   0.,   0.,   0.,   3.],
        [111.,   0.,   0.,   0.,   0.,   0.,   0., 259.,   0.,  15.],
        [255.,   0.,   0.,   0.,   0.,   0.,  46.,   0.,   0.,   3.],
        [  7.,   0.,   1.,   2.,   0., 263.,   0.,   0.,   2.,   8.],
        [  3.,   0.,   0., 287.,   3., 119.,   0.,   0.,  13.,   6.],
        [  1.,   0.,   0.,   0., 251.,   0.,  12.,   0.,   1.,  90.],
        [  1.,   0.,   0.,   0.,  84.,   0.,   0.,  38.,   1., 261.],
        [  0., 290.,   0.,   4.,   0.,   0.,   0.,   0.,   1.,   2.],
        [  0., 242., 100.,   0.,   7.,   0.,   0.,   0.,  12.,  10.],
        [305.,   0.,   0.,  35.,   0.,  15.,   0.,   0.,  26.,   5.],
        [  4., 267.,   4.,   0.,   0.,   0.,   0.,   0.,   1.,  68.],
        [133.,  17., 158.,   1.,   0.,   0.,   0.,   0.,  13.,   4.],
        [ 21.,   0.,   1.,  13.,   0., 242.,   0.,   0.,  17.,   4.],
        [  0., 291.,   0.,   2.,   0.,   0.,   0.,   0.,   1.,   1.]],
       device='cuda:0')
Epoch 2 | Batch 700
tensor([[  0., 279.,   0.,   0.,   0.,   0.,   0.,   0.,   2.,   0.],
        [  0.,  89., 284.,  17.,   0.,   0.,   0.,  19.,   9.,   0.],
        [  0., 286.,   0.,   0.,   0.,   0.,  49.,   0.,   4.,   0.],
        [  0.,   0.,  17.,   0.,  35.,   0.,   0.,   0., 268.,   3.],
        [306.,   0.,   0., 142.,   0.,   0.,   0.,   0.,   7.,   0.],
        [  0.,   0.,   0.,   0., 287.,   0.,   0.,  39.,   6.,  32.],
        [  1.,   0.,   0.,   0.,   5.,  64.,   0.,   0., 293.,   0.],
        [  0.,   0.,   0.,   0., 241.,   0.,   0.,   0.,   5., 105.],
        [  0.,   0.,   0.,   0.,  35.,   0.,   0.,  52.,   4., 269.],
        [ 11.,   0.,   0.,   0., 113.,   0.,   0., 272.,   2.,   5.],
        [ 44.,   0.,   0.,   0.,   0., 271.,   0.,   0.,  11.,   0.],
        [  0.,   0.,   8.,  12.,   2.,  87.,   0.,   0., 291.,   0.],
        [136.,   0.,   0.,   0.,   2., 251.,   0.,   0.,   4.,   0.],
        [  0.,   0.,   0.,   0.,  23.,   0.,   0., 291.,   4.,  34.],
        [  7.,   0., 277.,   0.,   0.,   0.,  13.,   0.,  12.,   0.],
        [  0.,   0.,   0.,   0., 244.,   0.,   0.,   0.,   3.,  44.],
        [ 54.,   0.,  19.,   0.,   0.,   0.,   0., 250.,  20.,   0.],
        [  0., 283.,   0.,   0.,   0.,   0.,   0.,   0.,   1.,   0.],
        [  0.,   0.,   0.,   3., 220.,   0.,   0.,   0.,   7., 119.],
        [  0., 272.,   0.,   0.,   0.,   0.,   0.,   0.,   5.,   0.],
        [  0.,   0.,   0.,   0.,  16.,   3.,   0.,   6.,   4., 144.],
        [  0.,   0.,   0.,   1.,   3.,   6.,   0.,   0., 277.,   0.],
        [  0.,   0.,   0.,   0., 140.,   0.,   0.,  72.,   3., 281.],
        [ 29.,   0.,   0., 261.,   4.,  57.,   0.,   0.,   5.,   0.],
        [  0.,   0.,   0., 269.,   9.,   0.,   0.,   0.,   6.,  30.],
        [  0.,   0.,   0., 301.,   1.,   0.,   0.,   0.,   6.,   0.],
        [  0., 278.,   0.,   2.,   0.,   0.,  42.,   0.,  11.,   0.],
        [  0.,   0.,   0.,   0.,   8.,   0.,   0., 294.,   4.,   9.],
        [  0.,  12.,   0.,   0.,   3.,   0.,   0., 148.,   8.,  13.],
        [ 23.,   0.,   0.,   0.,   1.,   0., 272.,   0.,   9.,   0.],
        [  0.,   0.,   0., 142.,  10.,  47.,   0.,   0.,   9.,   0.],
        [244.,   0.,   0.,   1.,   0.,   0.,   0.,   0.,   3.,   0.],
        [  0.,   0.,   0.,   0.,   6., 132.,   0.,  25., 291.,   0.],
        [  0., 287.,   0.,   0.,   0.,   0.,   0.,   0.,   1.,   0.],
        [  0.,   0.,   0.,   0.,   7.,   0.,   0., 266.,   7.,  23.],
        [  0.,   7.,   1.,   0.,   2.,   0.,   0., 225.,   3.,   1.],
        [  0.,   0.,   0.,   0.,  86.,   0.,  87.,   0.,   4., 244.],
        [  0.,   0.,   0.,   0.,  27.,   0.,   0.,  49.,   9., 260.],
        [  0.,   0.,   2.,   0., 128.,   0., 237., 111.,   4.,   3.],
        [  2.,   0.,   3.,   0., 151.,   0.,  30.,   0.,  11.,   1.],
        [  0., 102., 261.,   6.,   0.,   0.,   0.,   0.,   5.,   0.],
        [  0.,   0.,   0.,   0., 271.,   0.,  54.,  15.,   4.,  13.],
        [264.,   0.,   0.,   0.,   2.,   0.,   0.,   0.,   6.,   0.],
        [  0.,   0.,   0.,   0., 233.,   0.,   0.,  37.,  10.,   4.],
        [  0., 274.,   0.,   1.,   0.,   0.,   0.,   0.,   1.,   0.],
        [  0., 272.,   0.,  79.,   0.,   0.,   0.,   0.,   4.,   0.],
        [ 31.,  10., 290.,   0.,   4.,   0.,   0.,   0.,  30.,  11.],
        [  0.,  13.,   0.,   0.,  22., 126., 182.,   0.,  77.,   0.],
        [  0., 144.,   0.,   0.,   0.,   0.,  22.,   0., 163.,   0.],
        [  0., 265.,   0.,  39.,   0.,   0.,   0.,   0.,   1.,   0.],
        [  0.,   0.,   0.,   0.,  88.,   0.,   2.,   0., 239.,  54.],
        [  0.,   0.,   0.,   0.,   8.,   0.,   0.,   0.,   3., 199.],
        [  0.,   0.,   0., 295.,   0.,   5.,   0.,   0.,   4.,   0.],
        [ 69.,   0., 289.,   0.,  20.,   0.,   0.,   0.,  18.,  51.],
        [  0.,   0.,   0.,   0.,   1.,   0., 288.,   0.,   4.,   0.],
        [  0.,  14.,  65.,   0.,   1.,   0., 297.,   0.,  11.,   0.],
        [  0.,  56.,  94.,   0.,   0.,   0., 282.,   0.,  11.,   0.],
        [  0.,   0.,   0.,   0.,  93.,   0.,   0.,   0.,   3., 255.],
        [298.,   0.,   0., 123.,   0.,   0.,   0.,   0.,   9.,   0.],
        [  0.,   0.,   0.,  19., 276.,   0.,   0.,   0.,   3.,  47.],
        [  9.,   0.,  78.,   0., 136.,   0.,   0.,   0.,   2.,  83.],
        [  1.,   0., 276., 130.,   0.,   0.,   0.,   0.,  22.,   0.],
        [  0.,   0.,   1.,   0., 294.,   0.,   0.,   0.,   7.,   9.],
        [  0.,   0.,   2.,   0.,  68.,   0.,   0.,  11.,  11., 271.]],
       device='cuda:0')
Epoch 2 | Batch 800
tensor([[  0., 261.,   0.,  10.,   0.,   0.,   0.,   0.,   8.,   0.],
        [  1.,   0.,   2.,   0.,   0.,   0.,   0.,  19., 291.,   0.],
        [  3.,   0.,   1.,   0.,  38.,   0., 287.,   0.,   3.,   0.],
        [  4.,   0.,   0.,   0.,   0.,  31.,   0.,   0., 283.,   0.],
        [ 21.,   4.,   2.,   0.,   0.,  12., 208.,   0.,   0.,   0.],
        [  1.,   0.,   2.,   0.,   0.,   0.,   0., 280.,  18.,   4.],
        [286.,   0.,   0.,  18.,   0.,   0.,   0.,   0.,   3.,   0.],
        [ 81.,   0.,   0.,   0., 125., 174.,   0.,  14.,  24.,   0.],
        [  0.,   0.,  21.,   0.,   9.,   0., 287.,   0.,  16.,   0.],
        [  4.,   0.,   1.,   0.,   0., 153.,   0.,   0., 164.,   0.],
        [  3.,   0.,   7., 210.,   1.,   0.,   0.,   0.,  20.,   0.],
        [  0., 271.,   1.,   0.,   0.,   0.,   0.,   0.,  25.,   0.],
        [297.,   0.,   2.,   0.,   0.,  61.,   0.,   0.,   0.,   0.],
        [  0.,   0.,   1.,  19.,   0., 172.,  37.,   0.,   5.,   0.],
        [250.,   0., 125.,   2.,   0.,   0.,   0.,   0.,  64.,   0.],
        [294.,   0.,   1.,   0.,   0.,   0., 250.,   0.,  52.,   0.],
        [  0., 209.,   6.,  96.,   0.,   0.,   0.,   0.,  49.,   0.],
        [304.,   0.,   2.,   0.,   0.,   0.,   0.,   0.,   1.,   0.],
        [  0., 265.,   0.,   0.,   0.,   0.,   0.,   1.,   3.,  13.],
        [  1.,   0.,   2.,   0.,   0., 102.,   3.,   0., 256.,   0.],
        [  5.,   0.,   0., 291.,  12.,  15.,   0.,  41.,  53.,   0.],
        [  2.,   0.,   1.,   0.,  51.,  35.,   0.,   0.,  47., 241.],
        [  0.,  99., 273., 118.,   0.,   0.,   0.,   0., 128.,   0.],
        [  4.,   0.,  68.,   0., 252.,   0.,   8.,   0.,   2.,   0.],
        [  0., 102.,   0.,   0.,   0.,  57.,   0.,   0.,   5., 187.],
        [  0., 122.,   1.,  63.,   0.,   0.,   0.,   0., 265.,   0.],
        [  0.,   0.,   0.,   0.,  38.,   0.,   0.,   0., 289.,   0.],
        [  0.,   0.,   1., 289.,   0.,   0.,   0.,   0.,  10.,   0.],
        [  0., 276.,   0.,   0.,   0.,   0.,   0.,   0.,  14.,   0.],
        [  1.,   0., 127.,   0., 236.,   0., 104.,   0.,  13.,   0.],
        [  0.,   0., 306.,   0.,   8.,   0.,  22.,   0.,   0.,   0.],
        [270.,   0.,   0.,   0.,   0.,   0.,   0.,   0.,   0.,   0.],
        [ 78.,   0.,   0.,  66.,   0.,   0.,   0., 246.,   2.,   0.],
        [  0.,   0., 300.,   0.,  75.,   0.,   3.,   0.,   1.,   0.],
        [107.,   0.,   0., 254.,   0.,   8.,   2.,   0.,   3.,   0.],
        [  0.,   0.,   0.,   0.,   1.,   0.,   0.,   0.,   4., 281.],
        [  0.,   0.,   0.,   0.,  86.,   0.,   0.,  40.,   7., 249.],
        [  0.,   0., 302.,   0.,   5.,   0.,   6.,   0.,   5.,   0.],
        [  4.,   0.,   7.,   0.,   0.,   0., 302.,   0.,   4.,   0.],
        [  0.,   0.,   0.,   0.,   0., 274.,   0.,   0.,  13.,  60.],
        [288.,   0.,   0.,   0.,   0.,   0.,   1.,   0.,  14.,   0.],
        [  3.,  28.,   0.,   1.,  28.,   8.,   0.,   0., 275.,   0.],
        [  0.,   0.,  76.,   0., 280.,   0.,   0.,   0.,   3.,   0.],
        [ 79.,   0.,   0.,  36.,   0., 251.,   0.,   0.,   3.,   0.],
        [ 97.,   0.,   0.,  20.,  26.,   0.,   0., 177.,  28.,   0.],
        [ 50.,   0.,  17., 180.,   0.,   0.,   2.,   0.,  76.,   0.],
        [214.,   0.,   1.,  49.,   0.,   0.,   2.,   0.,  12.,   0.],
        [290.,   0.,   0.,   0.,   0.,   0., 115.,   0.,   5.,   0.],
        [  0.,   0.,  14.,   0.,  65.,   0., 286.,   0.,   3.,   0.],
        [  0.,  96.,   1.,   5.,   0.,   0.,   0.,   0., 229.,   0.],
        [  0.,   0.,   4.,   0.,  76.,   0., 206.,   0.,   1.,   0.],
        [  0.,   0.,   0.,  31.,  13., 195.,  71.,   0.,  64.,   0.],
        [  0.,  48.,   0.,  20.,   0.,   8.,   0.,   0.,   4., 226.],
        [  0.,   0.,   3.,   0.,   4.,   0., 301.,   0.,   0.,   0.],
        [ 90.,   0.,  11., 198.,   0.,  12.,   1.,   0.,   2.,   0.],
        [  2.,   0.,   0., 233.,   0.,   0.,   0.,  46.,   2., 101.],
        [  6.,   0.,   5., 274.,   0.,   0.,   0.,   0., 135.,   0.],
        [292.,   0.,   3.,   0.,   0.,   0.,  79.,   0.,   1.,   0.],
        [  2.,   0.,   8.,   0.,   0.,   0., 281.,   0.,   0.,   0.],
        [  6.,   0.,   0.,   3.,   0., 248.,   0.,   0.,  35.,  12.],
        [  1.,   0.,   0., 126.,   0., 120.,   0.,   0., 262.,   0.],
        [  0.,   0.,   0.,   0.,  42.,   0.,   0.,  60.,  24., 273.],
        [  0., 253.,   0.,   0.,   0.,   0.,   0.,   0.,  11.,   0.],
        [108.,   0.,   0.,   0.,   0.,   0.,   0., 203.,   1.,   0.]],
       device='cuda:0')
Epoch 2 | Batch 900
Switching label layer to Inference Mode (LIF)...
Epoch 2 DONE | Test Acc: 74.46% | Time: 824.0s
Switching label layer back to Training Mode (Clamp)...
tensor([[  0., 124.,  68.,   0.,   0.,   0.,  10.,   0.,   0.,   0.],
        [  0.,   0.,   0.,   7.,   4.,   0.,   0., 210.,   2.,   7.],
        [  0.,   0.,   1.,   1.,   3.,   0.,   0., 265.,   1.,  18.],
        [  0.,   0.,  19.,  31.,   0.,   5.,  47.,   0.,   0.,   0.],
        [  0.,   0.,   0.,   0., 271.,   0.,   8.,   0.,   0.,   0.],
        [  2.,   0.,   0.,   1.,   7.,   0.,   1., 299.,   6.,  11.],
        [  0.,   0.,   0.,  70.,   3., 250.,   0.,   0., 119.,   0.],
        [  0.,   0.,   0.,   0.,   3.,   0.,   0.,  16.,   1., 266.],
        [  0.,   0.,   0., 209.,   2.,  20.,   0.,  97.,   1.,  61.],
        [  0., 270.,   0.,   0.,   0.,  24.,   0.,   0.,   0.,   0.],
        [202.,   0.,   0.,   0.,   4.,   0.,   0., 287.,  19.,   6.],
        [  0., 273.,   0.,   0.,   0.,   0.,   0.,   0.,  11.,   0.],
        [  0.,  11.,   8.,   0.,  12.,   0., 285.,   0.,   0.,  96.],
        [ 33.,   0.,  33.,   4.,   1.,   0.,   0., 102.,   0.,   0.],
        [  0.,  18.,   0., 146.,   2., 266.,   0.,   0., 128.,   0.],
        [  0.,   0.,   0.,   0.,   1.,   0.,   0., 280.,   0.,  96.],
        [ 37.,   0.,   0.,   0.,   7.,   0., 281.,   0.,   0.,   0.],
        [  0.,  69.,   0.,   0., 123.,   0.,  29.,   0., 137.,   0.],
        [  0.,  77.,   0.,   0.,   0.,   0.,   7.,   0., 181.,   0.],
        [  0.,   0.,   0.,   0.,   1.,   0.,   0.,  78.,   0., 220.],
        [183.,   0.,   0.,   0.,   0.,   0.,  15.,   0.,   2.,   0.],
        [ 15.,   0.,   0.,   9.,   0., 258.,   0.,   0.,   1.,   0.],
        [  0.,   0.,   0.,   0.,   0.,   0.,   1.,  16.,  57., 140.],
        [  0.,   0.,  40.,   0., 279.,   0.,   3.,  16.,   0.,   0.],
        [  0.,   0.,   0.,   0., 231.,   0.,   0.,   7.,   0.,   0.],
        [  2.,   0.,   0.,   3.,  16.,  22.,   0.,   0., 255.,   0.],
        [ 94.,   0.,   0., 256.,   0.,   3.,   0.,   0.,   0.,   0.],
        [  3.,   0.,   0.,   0.,   2.,  39., 295.,   0.,   7.,   0.],
        [  0.,   0., 286.,  28.,   0.,   0.,   1.,   0.,   2.,   0.],
        [  3.,   0.,   0.,  62.,   0., 255.,   0.,   0.,  51.,   0.],
        [  0.,   0.,  31.,  85.,   1.,   0.,   0., 260.,   0.,   0.],
        [  0.,   0.,   0.,   1.,  28.,  23.,   1.,  13.,   5., 272.],
        [  0., 268.,   0.,   2.,   0.,   0.,   0.,   0.,   1.,   0.],
        [  0.,   0.,  32., 243.,   0.,   3.,  52.,   0.,   0.,   0.],
        [  8.,   0.,   0.,   0.,   3.,   0., 250.,   0.,   0.,   0.],
        [252.,   0.,   0.,   0.,   2.,   0.,   1.,   0.,   1.,   0.],
        [  0.,   0.,   0.,   0.,   4.,   0.,   0.,  73.,   3., 271.],
        [  0.,   0.,   0.,   0.,   9.,  27.,   0.,  31.,  28., 257.],
        [  0.,   0.,   0.,   0.,   0., 140.,  25.,   0.,  87.,  36.],
        [ 13.,   0.,  82.,   1.,   1., 266.,   6.,   0.,   0.,   0.],
        [  0.,   0.,   0.,   0.,   5.,   0.,   1.,  25.,  47., 263.],
        [  0.,   0.,  39.,   0.,  27.,   0., 301.,   0.,   0.,  14.],
        [  0.,   0.,   0.,   5., 237.,   0.,  89.,   0.,   0.,   0.],
        [  0., 129., 233.,   0.,   0.,   0.,  24.,   0.,   0.,   0.],
        [235.,   0.,   0.,   0.,   1.,   0.,   0.,   0.,  36.,   0.],
        [ 52.,   0., 144., 109.,   4.,  11., 142.,   0.,   0.,   0.],
        [  2.,   0.,   0.,   0.,   5.,   0., 308.,   0.,  23.,   0.],
        [  0.,   0.,   0.,   0.,   1.,  91., 275.,   0.,   0.,   0.],
        [  0.,   0.,  33.,   0.,   2.,   0., 285.,   0.,   0.,   0.],
        [  0., 195., 238.,  69.,   0.,   0.,   0.,   0.,   1.,   0.],
        [ 55.,   0.,   0.,   0.,   4.,   0.,   0., 287.,   0.,   1.],
        [ 88.,   0.,   0., 220.,   0.,   0.,   0.,   0.,   0.,   0.],
        [  0.,   0.,   0.,   1., 259.,   0.,  37.,   0.,   0.,   5.],
        [308.,   0.,   0.,   3.,   0., 126.,  27.,   0.,   0.,   0.],
        [  0., 127.,  56.,   0.,   0.,   0.,   1.,   0., 256.,   0.],
        [  0.,   0.,   0.,   0., 210.,   0.,  92.,   0.,  10.,  15.],
        [  0., 270.,   7.,   0.,   0.,   0.,   0.,   0.,   7.,   0.],
        [  0.,   0., 151.,  13.,   0.,   0.,   2.,   0.,   0.,   0.],
        [  0., 271.,   0.,   0.,   0.,   0.,   0.,   0.,   4.,   0.],
        [  0.,   0.,   0.,   2.,   4.,   0.,   0.,   0., 241.,   0.],
        [  0.,   0.,   0.,   0.,   7.,   1.,   0.,   0.,   2., 268.],
        [  0.,   0.,   0.,   3.,   1., 277., 100.,   0.,   2.,   0.],
        [  0.,   0.,   0.,   0., 209.,   0.,  29.,   4.,   0.,   6.],
        [  0.,   0.,   0.,   1., 233.,   0.,  74.,   0.,   2.,  63.]],
       device='cuda:0')
Epoch 3 | Batch 0
tensor([[  0.,   0.,   0., 101.,   0., 176.,   0.,   0.,   4.,   5.],
        [  1.,   0.,   0.,  18.,  11.,  12.,   0.,  46.,   1.,  37.],
        [  2.,   0.,  19.,   0.,   0.,   0.,   0.,  34.,  55., 150.],
        [262.,   0.,   0.,  36.,   0.,   0.,  83.,   0.,   4.,   7.],
        [  1.,   0., 278.,   0.,   0.,   0.,   0.,   0.,   3.,   0.],
        [  1.,   0.,   0.,   0.,   0.,   0.,   0.,   0.,   9., 261.],
        [  2.,   0.,   0.,   0., 233.,   0.,   0.,   3.,   5.,  19.],
        [321.,   0.,   0.,   0.,   0.,  27.,   0.,   0.,   7.,   2.],
        [274.,   0.,   0.,   2.,   0.,   0.,   2.,   0.,   1.,   0.],
        [  1.,   0.,   0.,   0., 257.,   0.,   0.,  65.,   8.,  10.],
        [  5.,   0.,   1.,   0.,   0.,   0.,  26.,   0., 289., 121.],
        [  2.,  48., 140.,   0.,   0.,   0.,   0.,   0., 159.,   4.],
        [275.,   0.,   0.,   0.,   0.,   0.,   0.,  75.,   0.,   0.],
        [  2.,   0.,   0.,   0.,   0.,   0.,   0.,   8.,  10., 237.],
        [  0., 279.,   1.,   0.,   0.,   0.,   0.,   0.,   2.,  31.],
        [ 10.,   0.,   0.,   0.,   0.,   0., 157.,   0.,   0.,   0.],
        [  2.,   0.,  76., 237.,   0.,   0.,   6.,   0.,   2.,   1.],
        [ 29., 100., 207.,   0.,   0.,   0.,  23.,   0., 152.,   1.],
        [  2.,   0., 110., 209.,  63.,   0.,   0.,   0.,   2.,   8.],
        [  0.,   0.,  82.,   0.,   0.,   0.,   0.,   0.,  11., 281.],
        [  1.,   0.,   0.,  17.,  26.,   0.,   0.,  29.,   2., 260.],
        [  9.,   0., 281.,  55.,   0.,   0.,   0.,   0.,   9.,   8.],
        [  0.,   0.,   6.,   0.,   0.,   0.,   0., 294.,   2.,  11.],
        [ 25.,   0.,   0., 127.,   0.,   0.,  61.,   0.,   0.,   0.],
        [ 69.,   1., 260., 117.,   0.,  34.,   0.,   0.,  58.,   3.],
        [  2.,   0.,   0.,   0.,   0.,   0.,   0.,  23.,  32., 238.],
        [  0., 275.,   0.,   0.,   0.,   0.,   0.,   2.,   0.,   5.],
        [293.,   0.,   0.,   0.,   0.,  84.,   0.,   0.,   0.,   0.],
        [  0.,   0.,   0.,   0.,   2.,   0.,  73.,   0., 113.,  14.],
        [  1.,   5.,  78.,   0.,   0.,   0., 293.,   0.,   0.,   4.],
        [  5.,  26.,   0.,  11.,   0., 170.,   0.,   0.,  39.,  11.],
        [ 13.,   0.,   0.,   0.,   0.,   0., 304.,   0.,   2.,   5.],
        [  0.,   0.,   0.,   0.,   0.,   0.,   0.,  28.,   4., 223.],
        [  1.,   0.,   0.,   0.,   0.,   0.,   0., 249.,   2.,  13.],
        [  2.,   0., 173.,   0.,   0.,   0.,  11.,   0., 171.,  46.],
        [  0., 267.,  12.,   0.,   0.,   0.,   0.,   0.,  11.,   1.],
        [  0., 264.,   1.,   0.,   0.,   0.,   0.,   0.,   5.,   1.],
        [  1.,   0.,   0.,   0.,   0.,   0.,   0.,  16.,  13., 253.],
        [  3.,  59.,   1.,   0.,   0.,   0.,   0.,   0., 256.,  23.],
        [  0.,   0.,   0.,   0.,   0.,  33.,   0.,   0.,   5., 266.],
        [ 20.,   0.,   0.,   0.,   0.,   0.,   0.,   0., 122.,   1.],
        [  1.,   0.,   1., 119.,   0.,   0.,   0.,   0.,   4., 266.],
        [312.,  17.,   0.,   0.,   0.,  16.,   0.,   0.,   1.,   0.],
        [  0.,   0.,   0.,  16.,   0.,   0.,   0., 268.,   0.,   4.],
        [  3.,   2.,  47.,   0.,  19.,   0.,   0.,   0., 152.,   4.],
        [  2.,   0.,   0.,  16.,   0.,   0.,   0.,   0.,   4., 268.],
        [  0.,   0.,   0.,   0.,   0.,   0.,  97.,   0.,   2., 241.],
        [  3.,  47., 265.,   0.,   0.,   0.,  13.,   0.,   4.,   2.],
        [  1.,   0.,   0.,   0.,   0.,   0.,   0.,  11.,  25., 219.],
        [  0.,   0.,   0.,   0.,   0.,   0., 264.,   0.,   0.,   2.],
        [  2.,   0.,   0.,   0.,  85.,   2.,   0.,   3.,  19.,  13.],
        [ 71.,   0.,   0.,   5.,   0.,   1.,   0.,   0., 240.,  46.],
        [  3.,  46.,   2.,   1.,   0.,   0.,  13.,   0., 240.,  13.],
        [311.,   0.,   0.,   0.,   0.,  18.,  12.,   0.,   1.,   0.],
        [ 24.,   0.,   0.,   0.,  29.,   0., 305.,   0.,   2.,   4.],
        [  9.,   0.,   0.,   0.,   0.,   0.,   0., 279.,   5.,  13.],
        [162.,   0.,   0.,   0.,   0.,  77.,   0.,  84.,   3., 143.],
        [  0.,   0.,   0.,   0., 248.,   0.,   0.,  42.,   1.,  12.],
        [  1., 250.,   5.,   0.,   0.,   0.,   0.,   0.,   4.,  19.],
        [ 11.,  39.,   0.,   0.,   0.,   0.,   0.,   0., 269.,  22.],
        [  0.,   0.,   0.,  67.,   0.,   0.,   0.,  21.,   6., 284.],
        [  2.,   0.,  16.,   0.,   0.,   0.,   0., 246.,   3.,  26.],
        [  0., 273.,   0.,  17.,   0.,   0.,   0.,   0.,   2.,   2.],
        [  1.,   0.,   0.,  13.,   0.,   0.,   0., 291.,   2.,   7.]],
       device='cuda:0')
Epoch 3 | Batch 100
tensor([[ 11.,  48.,   2., 283.,   0.,   0.,   0.,   0.,   0.,   2.],
        [  1.,   0., 267.,   1.,   0.,   0.,   0.,   0.,  39.,   0.],
        [  0., 263.,   1.,   1.,   0.,   0.,   0.,   0.,   0.,   0.],
        [303.,   0.,   1.,   3.,   0.,  26.,   0.,   0.,   0.,   1.],
        [  0.,   0.,  24.,   0.,  14.,   0.,   0.,   0.,  15., 163.],
        [276.,   0.,  10.,   0.,   0.,   0.,   0.,  22.,   0.,  44.],
        [  0., 203.,   0.,   2.,   0.,   0.,   0.,   0.,   0.,   1.],
        [168.,   0.,   1.,   1.,   0.,   0.,   0.,   0.,   0.,  13.],
        [295.,   0.,  44.,   8.,   0.,   0.,   0.,   0.,   0.,   1.],
        [  0., 261.,  16.,   0.,   0.,   0.,   0.,   0.,  27.,   0.],
        [  0.,   0.,   0.,   0.,  41., 260.,   0.,   0.,   0.,  67.],
        [  0.,  26.,   4.,   6.,  11.,   0.,   0.,   0., 263.,  13.],
        [  0.,  38.,   1., 278.,   0.,   0.,   1.,   0.,   0.,   0.],
        [  0.,   0., 292.,  44.,   0.,   0.,   0.,   0.,   0.,   1.],
        [  0.,   0.,  30.,   0.,   0.,   0.,   0.,  18., 268.,   2.],
        [299.,   0.,   3.,   0.,   0.,   3., 117.,   0.,   0.,   1.],
        [  0., 267.,   0.,   0.,   0.,   0.,   0.,   0.,   0.,   0.],
        [  2.,   0.,  55.,   0.,   0.,   0., 308.,   0.,   0.,   2.],
        [  0.,   0.,   1.,   0., 265.,   0.,   0.,   1.,   0., 161.],
        [  0., 248.,   0.,  31.,   0.,   0.,   0.,   0.,   0.,   0.],
        [  0.,   0.,   0.,   0.,   0.,   0.,   0.,  29.,   0., 243.],
        [  0.,   0.,   0.,   0.,   0.,   0.,   0., 295.,   0.,   4.],
        [  0.,   0.,   0.,   6., 274.,   0.,   0.,   0.,  32.,   9.],
        [  0.,   0., 238.,   0., 134.,   0.,   0.,   0.,   0.,   1.],
        [  0., 274.,   1.,   0.,   0.,   0.,   0.,   0.,   0.,   2.],
        [277.,   0.,   1.,   0.,   0.,   5.,  56.,   0.,   0.,   0.],
        [  0.,   0.,   6.,   4.,   0.,   0.,   0.,   0., 252.,   2.],
        [314.,   0.,   4.,  58.,   0.,   0.,   0.,   0.,   5.,   3.],
        [  0., 116.,   1.,   0.,   0.,   5.,   1.,   2.,   0.,  24.],
        [  0.,   0.,   0., 108., 218.,   0.,   0.,   8.,  13.,   8.],
        [  0.,   0.,   3.,   3.,   0.,   6.,   0.,   0., 277.,   2.],
        [  0.,  20., 293.,   2.,   0.,   0.,   0.,   0.,   0.,   0.],
        [  0.,   0.,   2., 107.,  23., 251.,   0.,  89.,   0.,  24.],
        [  0.,   0.,   0.,   0.,  82.,   0.,   0., 274.,   0.,  33.],
        [308.,   0.,   1.,  70.,   0.,  17.,   0.,   0.,   0.,   1.],
        [  0., 275.,  13.,   0.,   0.,   0.,  48.,   0.,  10.,   2.],
        [  0.,   0.,   5., 146.,   0.,   0.,   0.,   0.,   0.,   4.],
        [  0., 269.,   2.,   0.,   0.,   0.,   0.,   0.,   0.,   3.],
        [  0.,   0.,   1.,   0.,  20.,   0.,   0.,  36.,   1., 266.],
        [  0.,   0.,   1.,  12.,   1.,   0.,   0., 295.,   0.,   9.],
        [  0.,   0.,   2.,   1.,   0.,   0.,   0.,  19., 271., 108.],
        [  0.,   0.,   2.,   0.,   0.,   0., 305.,   0.,   0.,   1.],
        [  0.,   0.,   1.,   0.,   0.,  63.,  16.,   6.,  39., 126.],
        [  0.,   0.,   3.,   0., 261.,  41.,  76.,   0.,  46.,   1.],
        [  0.,  37.,   6.,   0.,   0.,  81.,   0.,  37.,   1.,   0.],
        [  0.,   0.,   1.,   0.,  72.,  49.,   0.,   0.,   0., 213.],
        [  0.,  46.,  88.,  43.,   0.,   0.,   0., 244.,   0.,   8.],
        [ 39.,   0.,  26.,   0., 233.,   0.,   0.,   0.,   0.,   1.],
        [  0.,   0.,   4.,   2.,   0.,   0.,   0.,   0., 270.,   5.],
        [  0.,  51.,   1., 295.,   0.,  12.,   0.,   0., 103.,   2.],
        [  0.,   0.,  18.,  12.,  12.,   0.,   0.,   3.,  51.,  46.],
        [255.,   0.,  53.,   1.,   3.,   0.,   0.,   0.,   0., 212.],
        [  0.,   0.,   1., 303.,   0.,   2.,   0.,   0.,  86.,   2.],
        [  0.,  11.,  29., 261.,   0.,   0.,   0.,   0.,   0.,   0.],
        [ 49.,   0.,  72.,   1.,  49.,   0.,   0.,   0.,   0., 117.],
        [  0.,   0.,   6.,   1.,   0.,   0.,   0.,   0., 216.,   4.],
        [  0.,   0.,   1.,   0.,  39.,   0.,   0.,  46.,  22., 228.],
        [310.,   0.,   1.,  23.,   0., 118.,   0.,   0.,   0.,   0.],
        [289.,   0.,   2.,   0.,   0.,   0.,  57.,   0.,   0.,   2.],
        [  0.,  40.,   2.,   1.,   0.,   0.,  67.,   0., 244.,   2.],
        [  0., 275.,   5.,   0.,   0.,   0.,   4.,   0.,   4.,   1.],
        [  0.,   0.,   1.,   0.,   0., 238.,   0.,   0.,   3.,   1.],
        [  0.,   0.,   2.,  69., 113.,  15.,   0.,  34.,  69.,  18.],
        [  0.,   0., 291.,   1.,   0.,   0.,   0.,   2.,   0.,   5.]],
       device='cuda:0')
Epoch 3 | Batch 200
tensor([[  2.,   0., 178.,   0.,   0.,   9.,   0.,   0.,  16.,   2.],
        [  0.,  76., 297.,   0.,   0.,   0.,   0.,   0.,   6.,   1.],
        [  0.,  11.,   0., 263.,   0.,   0.,   0.,   0.,   2.,   4.],
        [  0.,   0.,   0.,   0., 283.,   0.,   0.,   0.,   2.,   8.],
        [  0.,   0.,   3., 278.,   3.,   0.,   0.,   0.,   1.,   4.],
        [  0.,   0., 270.,   0.,   0.,   0.,   0.,  92.,   0.,   2.],
        [  0.,   0.,   0.,   0.,  29., 271.,   0.,   0.,   3.,  10.],
        [  0.,   0.,   0.,   7.,   0.,   0.,   0., 296.,   3.,   6.],
        [  0., 255.,   0.,   0.,   0.,   0.,  17.,   0.,   7.,  45.],
        [304.,   0.,   0.,  96.,   0.,  11.,   0.,   0.,   4.,   0.],
        [  0.,  82.,   1.,   0.,   0.,   0., 289.,   0.,  57.,   0.],
        [ 12.,  15., 296.,   0.,   0.,   0.,   0.,   0.,   4.,   0.],
        [301.,   0.,   1.,   0.,   0.,   0.,   0.,   0.,   0.,   2.],
        [  0., 270.,   0.,   0.,   0.,   0.,   0.,   0.,   9.,  40.],
        [263.,   0., 142.,   0.,   0.,   0.,   0.,  72.,   3.,   0.],
        [275.,   0.,  16.,   0.,   0.,   0.,  78.,   0.,  19.,   5.],
        [  0.,   0.,   0.,   0.,   0., 209.,  41.,   0.,   2.,   3.],
        [  0.,   0.,   0.,   0.,   0.,   5., 171.,   0.,  15.,   1.],
        [  0.,  66.,   1.,   0.,   0.,   0., 273.,   0.,  15.,   2.],
        [  0.,   0.,   0.,   0.,   9.,   0.,   0.,   6.,   5., 290.],
        [  0., 274.,   0.,   0.,   0.,   0.,  14.,   0.,   2.,  16.],
        [312.,   0.,   4.,   0.,   0.,   0.,   0.,   0.,  20.,   0.],
        [  0.,   0.,   0.,   0.,   0., 224.,   0.,   0.,   4.,   2.],
        [  0.,  25.,   1.,  41.,   0.,   0.,   0.,   0.,  12., 197.],
        [  0., 275.,   0.,   0.,   0.,   3.,   0.,   0.,  39.,  17.],
        [  0.,  57.,   2.,   0.,  12.,   0.,   0.,   0., 203.,  33.],
        [  0.,   0.,   1.,   0.,  19.,   0.,   0.,   0., 290.,   9.],
        [  0.,  65.,   2.,   0.,   0.,   0.,   0.,  10., 293.,   1.],
        [  0.,   0.,   3.,   1.,   0.,   0.,   0.,   0.,  74., 189.],
        [184.,   0.,  84.,   7.,   0.,   0.,  12.,   0.,   8.,   2.],
        [ 37.,   0.,   1., 255.,   0., 225.,   0.,   0.,  16.,   1.],
        [  0.,   0.,  55.,  11.,   0.,   0.,   0., 265.,   2.,   0.],
        [  0., 267.,   0.,   0.,   0.,   0.,   0.,   0.,   2.,  14.],
        [  0.,   0.,   0.,   0., 226.,   0.,   0.,   5.,   4.,  78.],
        [  0.,   0.,   5., 193.,   0.,  35.,   0.,   0.,  43.,   1.],
        [  0.,   0.,   0., 128.,  22.,   0.,   0.,   3.,   9., 277.],
        [  0.,   0., 297.,   9.,   0.,   0.,  18.,   0.,   3.,   1.],
        [  0.,   0., 294.,   0.,  37.,   0.,   3.,   0.,  58.,   0.],
        [  0.,   0.,   1.,   0.,   1.,   0.,   0.,   0., 289.,  13.],
        [  0.,   0.,   0.,   0.,  11.,   0.,   0.,   0.,   5., 279.],
        [ 12.,   0.,   2.,   0.,  18.,  54., 293.,   0.,   2.,   1.],
        [  4.,   0.,   3.,   0.,   0.,   0., 232.,   0.,   1.,   0.],
        [  0.,   0.,   1.,   0.,   0.,   0.,   0., 271.,   2.,   7.],
        [  0.,   0.,   0.,   0., 276.,   0.,   0.,  54.,  27.,   4.],
        [  1.,   0.,   3.,   0.,   0.,   0., 290.,   0.,   9.,   9.],
        [  3.,   0.,   3.,   0.,   0.,   0.,   0.,  55., 289.,   7.],
        [  0.,   0.,   0.,   0.,   5.,   0.,  24.,   7.,   9., 264.],
        [  0.,   0.,   0.,   0., 235.,   0.,   0.,   0.,   2., 117.],
        [  0.,   0.,   0.,   0.,  18.,   0.,   0.,   0.,   6., 290.],
        [  1., 128., 287.,   0.,   0.,   0.,  68.,   0.,   6.,   3.],
        [  2.,   0.,   2., 263.,   0.,  43.,   0.,   0.,   6.,   1.],
        [257.,   0.,   2., 105.,   0.,  15.,   0.,   0.,   1.,   0.],
        [296.,   0.,   3.,   0.,   0.,   0.,   0.,   0.,   3.,   9.],
        [  0.,   0.,   0.,   0.,  43.,   0.,   0.,  17.,   5., 280.],
        [  0.,  48.,   0., 263.,  10.,   8.,   0.,   0.,  13.,  76.],
        [  0.,   0.,   0., 270.,   0.,   8.,   0.,   0.,   5.,   1.],
        [287.,   0.,   4.,   0.,   0.,   0.,   0.,   0.,  87.,   3.],
        [  0.,  77.,   0.,  15.,   0.,   0.,   0.,   0.,  18., 192.],
        [  8.,   0., 276.,   0.,   0.,   0.,  14.,   0.,   4.,   2.],
        [  0.,  26.,   0.,   0.,  51.,   0.,   0.,  61.,   5., 277.],
        [204.,   0.,   1.,   0.,   0.,   5.,   0.,   0.,   7.,   7.],
        [  0.,  57.,   0.,   0.,   0.,   0.,   0.,  35., 256.,   5.],
        [  0.,   0.,   0.,  20.,   0.,   0.,   0.,   0., 155.,   1.],
        [  0.,   0.,   0.,   0.,  71., 252.,   0.,   0.,   2.,   0.]],
       device='cuda:0')
Epoch 3 | Batch 300
tensor([[304.,   0.,   0.,   6.,   0.,   0.,   0.,   0.,   2.,   1.],
        [  5.,  61.,   0.,   0.,   1.,   0., 218.,   0.,   9.,   0.],
        [295.,   0.,   0.,  10.,   1.,   0.,  60.,   0.,   5.,   6.],
        [  0.,   0.,   0.,  24.,   0.,   0.,  35.,   2.,  20., 234.],
        [278.,   0.,  83.,   3.,   0.,   0.,   0.,   5.,   0.,   0.],
        [  0.,   0.,   0.,   9.,   0.,   0.,   0., 276.,   6.,  13.],
        [  0.,   0., 294.,  49.,   0.,   0.,   2.,   0.,   0.,   0.],
        [  0.,   0.,   0.,   0.,  10.,   0.,   0.,   0.,  10., 239.],
        [  0.,   0., 296.,   9.,  22.,   0.,   0.,   0.,   0.,   0.],
        [  0.,   0.,   0., 101.,   0.,   0.,   0.,   0.,  14., 272.],
        [ 61.,   0.,   0.,   0.,   0.,   8.,   0.,   0.,  36.,   6.],
        [  2.,   0., 256.,   1.,   0.,   0.,   0.,   0.,   1.,   0.],
        [  0.,   0.,   0.,   1.,   3.,   0.,   0.,  15.,  12., 287.],
        [ 72.,   0.,   0., 138.,   2.,   0.,   0.,  50.,   0.,   2.],
        [  0.,   1.,   0., 126.,   0.,   0.,   0.,   0.,   8., 214.],
        [  0.,   0.,   0.,   3.,   0.,   4.,   0., 199.,   2.,  37.],
        [  0., 132.,   0., 282.,   0.,   0.,   0.,   0.,   6.,   1.],
        [  1.,   0.,   0.,   0.,   7., 188.,   0.,   3.,  49.,  40.],
        [323.,   0.,   2.,   1.,   0.,   0.,   0.,   0.,   0.,   0.],
        [  0.,   0.,   0.,   0.,   0.,   0.,   0., 296.,   5.,   5.],
        [  0.,   0., 264.,  67.,   3.,  45., 125.,   0.,   0.,   0.],
        [  0.,   7.,   0.,  37.,   1.,  95.,   0.,   0., 276.,   4.],
        [193.,   0.,   0.,  79.,   0.,   0.,  36.,   0.,  70.,   0.],
        [  2.,   0.,   4.,   0.,  41.,  20., 304.,   0.,   1.,   0.],
        [  0.,  76.,   0.,   2.,   0.,   0.,   0., 165.,  11.,  20.],
        [  0., 232.,   0.,  41.,   1.,   0.,   0.,   0.,   0.,   0.],
        [  0.,   4.,   0.,  58.,   1.,   9.,   0.,   0., 272.,   1.],
        [  0.,   0.,  42., 275.,   0., 127.,   0.,   0.,  10.,   0.],
        [  8., 110., 233.,   3.,   0.,   0.,   0.,   0., 240.,   0.],
        [  0., 278.,  15.,  51.,   0.,   0.,   0.,   0.,   6.,   0.],
        [120.,   0.,   0.,   0.,   0.,   0.,   0., 256.,   0.,  67.],
        [ 14.,   0.,   0., 249.,   0.,  15.,   0.,   0.,  26.,   0.],
        [  0.,   0.,  84.,   0.,   0.,   0., 168.,   0.,  33.,   0.],
        [  0.,   0.,   0.,   0.,  25.,   0.,   0.,  19.,   5., 277.],
        [ 73.,   0.,   0.,  16.,   0., 273.,   0.,  42.,   1.,   0.],
        [  0.,   0.,   1.,   0.,   1.,   0.,   0.,   0.,   2., 238.],
        [  1.,   0.,   1.,   0.,  18.,   0., 313.,   0.,   1.,   9.],
        [  0., 275.,  48.,  49.,   0.,   0.,   0.,   0.,   3.,   0.],
        [  1.,   9.,   0.,   2.,   0., 227.,   0.,   0.,  13.,  16.],
        [  0., 275.,  54.,  50.,   0.,   0.,   0.,   0.,   6.,   0.],
        [  0.,  45.,   0.,   1.,   0.,   0.,   0., 247.,  14.,   3.],
        [  0.,   0.,   0.,  82.,   0.,  88.,   0.,   0.,   6., 235.],
        [  0., 216.,   0.,  17.,   0.,   0.,   0.,  11.,  34.,  19.],
        [161.,   0., 101.,   0.,   0.,   9.,   0.,   0.,  87.,   0.],
        [  0.,   0.,   0.,   0., 263.,   0.,  17.,  88.,   2.,   2.],
        [  0.,   0., 293.,   1.,   0.,   0.,  96.,   0.,   0.,   0.],
        [  1.,   0.,   0.,   2.,   1.,   0., 306.,   0.,   2.,   1.],
        [  0.,   1.,   0.,   0., 246.,   0.,   0.,  18.,   2.,   2.],
        [  0.,   0.,   0.,  18.,  44.,   0., 309.,   0.,   1.,   0.],
        [  0.,   0.,   0.,   1.,   0.,   0.,   0., 275.,   2.,   9.],
        [  0.,   0.,   0.,   0.,   0.,  38., 278.,   0.,   1.,   0.],
        [  0.,   3.,  20.,   0.,   0.,   0.,   0., 289.,   4.,   8.],
        [  3.,   0.,   0.,   4.,   0., 182.,   0.,   0.,  56.,  24.],
        [  0.,  87., 252., 100.,   0.,   0.,   0.,   0.,  44.,   0.],
        [326.,   0.,   0.,   3.,   0.,   4.,   0.,   0.,   1.,   0.],
        [  0.,   0.,   0., 293.,   0.,  35.,   0.,   0.,   1.,   0.],
        [  0.,   0.,   0.,   0.,   0.,   0.,   0., 280.,   5.,   8.],
        [ 29.,   0.,   0., 101.,   1., 245.,   4.,  60.,   1.,   1.],
        [  1.,   0., 277.,   0.,   9.,   0.,  38.,   0.,   0.,   0.],
        [  0., 106.,   0., 289.,   0.,  95.,   0.,   0.,  13.,   0.],
        [  0., 268.,   0.,   2.,   0.,   0.,   0.,   0.,   5.,   0.],
        [  0.,  56.,   1.,   0.,   1., 245.,   0.,   0.,   1.,   0.],
        [  0., 253.,   0.,   6.,   0.,   0.,   0.,  25.,  13.,   5.],
        [  0.,   0.,   0.,  60., 231.,  19.,   0.,   0.,   5., 129.]],
       device='cuda:0')
Epoch 3 | Batch 400
tensor([[  0.,   0.,   0.,  27.,   0.,   0.,   0.,  10.,   2., 197.],
        [  0.,   4.,  38.,   4.,   0.,   0.,   0.,   0., 252.,   0.],
        [  0.,   0.,   0., 219.,   0.,   0.,   0.,   0.,   0.,   0.],
        [140.,   0.,   0.,  12.,   0.,   0.,   0., 292.,   0.,   0.],
        [  0.,   0.,   4., 246.,   0.,   0.,   0.,   0.,   0.,   0.],
        [ 73.,   0.,  78.,   2.,   0.,   0.,   0.,  27.,   1., 246.],
        [  0.,   0.,  23.,   1.,   0.,   0.,   0.,   0., 276.,  23.],
        [226.,   0.,   0., 145.,   0.,   4.,   0.,   0.,   0.,   0.],
        [  0.,   0.,  78.,   1.,  31.,   0.,   0.,  47.,  47., 277.],
        [  0.,   0., 120.,   5.,   5.,   0.,   0.,   0.,   2., 227.],
        [  0.,   0.,   0.,   2.,   0.,   0.,   0.,   7.,   0., 184.],
        [  0.,   2.,   1.,  31.,   0., 274.,   0.,   0.,   0.,  84.],
        [  0.,   0.,   1.,   0.,  26.,   0.,   0., 120.,   0., 276.],
        [  6.,   0.,   2.,   1.,   0.,   0.,   0.,   0., 265.,   0.],
        [  0.,   0.,   1.,   3.,   0.,  23.,   0.,   0.,   0., 239.],
        [  0.,   0.,   0.,   1.,   0.,   0.,   0., 276.,   0.,   8.],
        [  0.,   0.,   2., 260.,   0.,   0.,   0.,   0.,  79.,   0.],
        [  0.,   0.,  31.,   1., 257.,   0.,   0.,   0.,   9., 201.],
        [  0.,   0.,   2.,   2.,   0.,   0.,   0., 291.,   0.,   0.],
        [  0.,   0.,   0.,  22.,   0., 271.,   0.,   0.,   0.,   0.],
        [256.,   0.,  16.,   1.,   0.,   0.,  29.,  70.,   0., 100.],
        [ 19., 100.,   0., 285.,   0.,  14.,   0.,   0.,   0.,   0.],
        [  0.,   0.,   0.,   2.,   0.,   0.,   0., 282.,   0.,  51.],
        [  0., 273.,   0.,   3.,   0.,   0.,   0.,   0.,   1.,   0.],
        [  0.,   0.,   0.,  13.,   0., 250.,  11.,   0., 101.,   0.],
        [  0., 275.,   0.,   0.,   0.,   0.,   0.,   0.,   0.,   0.],
        [  0.,   0.,   0.,  32.,   0.,   0.,   0., 151.,   0.,  23.],
        [  0.,   0.,   0.,   0.,   0.,   0., 295.,   0.,   0.,   0.],
        [  0.,   0.,   1.,   1.,   0.,   0.,   0.,   0., 281.,  17.],
        [  0., 246.,   0.,   1.,   0.,   0.,   0.,   0.,   2.,   0.],
        [ 34.,   0.,   1.,   1.,   0.,   0.,   0.,  10.,   0., 246.],
        [  0.,   0.,   0.,  84.,   0.,  66., 180.,   0.,   0.,   0.],
        [238.,   0.,   0., 128.,   0.,  48.,   0.,   0.,   0.,   0.],
        [  0.,   0.,   0., 286.,   0.,  35.,   0.,   0.,   1.,   0.],
        [  0.,   0.,   0.,   0.,   0.,   0.,   0., 298.,   0., 101.],
        [  0.,   0.,   8.,   2., 271.,   0.,   0.,  14.,  48.,  54.],
        [  0.,   0.,   0.,   4., 255.,   0.,   0.,   0.,   1.,  87.],
        [  0.,   0.,   0.,   0.,   0.,  37., 275.,   0.,   8.,   0.],
        [172.,   0.,   0., 153.,   6.,  72.,   0.,   0.,   0.,   0.],
        [  0.,   0.,  91.,  44.,   0.,   0.,   0., 297.,   0.,  53.],
        [ 68.,   0.,   0.,  37.,  11.,   0.,   0., 292.,   0.,   6.],
        [  0.,   0.,   0.,   4.,   0.,   0.,   0.,   2.,   1., 231.],
        [  0.,  13., 306.,   1.,   0.,   0.,   0.,   0.,   6.,   0.],
        [  0.,   0.,  53.,   0., 269.,   0.,   0.,   0.,   0.,   0.],
        [  0., 280.,   0.,   0.,   0.,   0.,   0.,   0.,   0.,   0.],
        [  0.,  68.,   0., 275.,   0.,  52.,   0.,   0.,   0.,  16.],
        [  0.,   0.,  11.,   0.,   0.,   0., 262.,   0.,   0.,   4.],
        [126.,   0.,   0.,  25.,   0.,   0., 285.,   0.,   0.,   0.],
        [  0.,   0.,   1.,   0.,   0.,   0.,   0.,  12.,  26., 117.],
        [ 17.,   0.,   2.,   0.,   0.,   0., 303.,   0.,   0.,   0.],
        [  0.,  71.,   2.,   5.,   0., 249.,   0.,   0.,   0.,   0.],
        [  0.,   0.,  18.,   0., 266.,   0.,   0.,   0.,   8.,  81.],
        [ 17.,   0.,   0.,   0.,   0.,   0.,   0., 300.,   0.,   0.],
        [ 54.,  45.,   0.,   0.,  27., 238.,   0.,   0.,   0.,   0.],
        [  0.,   1.,   0., 274.,   0.,   0.,   0.,   0.,   0.,   0.],
        [  0., 283.,   2.,   0.,   0.,   0.,   0.,   0.,   3.,   0.],
        [  0.,   0.,  38.,  27.,   0.,   0.,   0.,   0., 233.,   0.],
        [ 95.,   0.,   0.,  11.,   0., 245.,   0.,   0., 107.,   2.],
        [  0.,   0.,  97.,   0.,   0.,   0., 307.,   0.,   0.,   0.],
        [ 96.,   0.,   0.,   0.,   0.,   0.,   0., 288.,   0.,   3.],
        [  0.,   0., 218.,   1.,   0.,   0.,   0.,   0.,  28.,   0.],
        [  0.,   0.,   6.,   2.,   0.,   0.,   2.,   0., 269.,   0.],
        [  0., 283.,   0.,   0.,   0.,   0.,   0.,   0.,   0.,   0.],
        [  0., 270.,   0.,   1.,   0.,   0.,   0.,   0.,   0.,   0.]],
       device='cuda:0')
Epoch 3 | Batch 500
tensor([[  0.,   0.,   0.,   0.,  80.,   0.,   0., 271.,   0.,  45.],
        [  0.,   0.,   5.,   0., 222.,   0.,   0.,   0.,   0., 130.],
        [ 97.,   0.,   1.,  29.,   0., 269.,   0.,   0.,   0.,   0.],
        [  0.,   0.,   2.,   0., 137.,   0.,   0.,   9.,   0., 277.],
        [  0.,   0.,   3., 280.,  48.,  16.,   0.,   0.,   4.,   0.],
        [  0.,   0.,   3.,   0., 108.,   0.,   0., 138.,  30.,  40.],
        [  0.,   0.,   1.,   0.,   0.,   0.,   0., 137.,   0., 254.],
        [  0.,   0.,   1., 262.,   0.,   0.,   0.,   0.,   0.,   0.],
        [  0.,   0.,  11.,  86.,   0., 262.,   0.,   0., 226.,   0.],
        [  0.,   0.,   3.,  91.,   0., 275.,   0.,   0.,   0.,   0.],
        [ 91.,   0., 107., 278.,   0.,  28.,   0., 100.,   0.,   0.],
        [ 60.,   0.,   0.,  34.,   0.,   0.,   0., 262.,   0.,   0.],
        [  0.,   0.,   4.,   1.,   7.,   0.,   0.,   0., 144.,   4.],
        [ 91.,   0., 140.,   0.,  64.,   0., 233.,   0.,   0.,   0.],
        [  0.,   0.,   2.,   2.,   1., 269.,   0.,  17.,  38.,  49.],
        [  0.,   0.,   3.,   1.,  58.,   0.,   0., 270.,   0.,  20.],
        [287.,   0.,   8.,   3.,   0.,   0.,   0.,   0.,   0.,   0.],
        [ 87., 141.,  18.,   0.,   0., 216.,   0.,   0.,   0.,   0.],
        [ 79.,   0.,   0.,  13.,   0.,   0.,   0., 294.,   0.,  64.],
        [  0.,   0.,  52.,   0., 146.,   0.,  55.,   0.,   0.,  43.],
        [  0.,   0.,  11.,   1.,   0.,   1.,   0.,   0., 284.,   0.],
        [  0.,   0.,  24., 282.,   0.,  71.,   0.,   0.,   0.,   0.],
        [300.,   0.,   7.,  62.,   0.,  20.,   0.,   0.,   0.,   0.],
        [  0.,   0., 248.,   0.,  47.,   0.,   6.,   0.,   0.,   0.],
        [  0.,   0.,   3.,   0., 260.,   0.,   0.,   7.,   0.,  64.],
        [  0.,   0., 308.,  29.,   4.,   0.,   0.,   0.,   4.,   0.],
        [  0., 243.,   0.,   1.,   0.,   0.,   0.,  50.,   0.,   0.],
        [  0.,   0., 284.,   1.,   5.,   0.,  20.,   0.,   0.,   0.],
        [  0., 254.,   0.,   0.,   0.,   0.,  17.,   0.,   4.,  55.],
        [  0.,   0.,   2.,   0.,   2.,   0.,   0.,  52.,  82., 286.],
        [  0.,  11.,  73.,   0.,   0.,   0., 261.,   0.,  16.,   0.],
        [  0.,   0.,   1.,   1.,   0.,   0.,   0., 287.,   0.,  43.],
        [  0.,   0.,   1.,   2.,   0.,   0., 216.,   0.,  20.,   0.],
        [  0.,   0.,   1.,  40.,   0., 279.,   0.,   0.,   0.,   0.],
        [101.,   0.,  85.,   0.,   0.,   0., 285.,   0.,   0.,   2.],
        [  0.,   0.,  63.,   0., 167.,   4.,  18.,   0.,   0.,  61.],
        [ 31.,   0.,   1.,   0.,   0.,   0.,   0., 288.,   0., 117.],
        [  0.,   0.,   5.,   1.,  15.,   0.,   0.,   0., 238.,   1.],
        [  0.,   0.,   4., 295.,   0.,  56.,   0.,  20.,   0.,   0.],
        [  0.,   0.,   1.,   0.,  75.,   0.,   0.,   7.,   0., 266.],
        [  0.,   0.,  23.,   0.,   0.,   1., 277.,   0.,   0.,   0.],
        [  6.,   1.,   0.,   0.,   0., 265.,   0.,   0.,  80.,  74.],
        [  0.,   0.,   1.,   0.,   0.,   0., 212.,   0.,   0.,   0.],
        [  0.,   0.,   3.,  16.,   0., 248.,   0.,   0.,   0.,   0.],
        [  0.,   0.,  32.,  24.,   0., 253.,   0.,   0.,  27.,   1.],
        [  0.,   1.,   2.,   1.,   0.,   0.,   0., 297.,   0.,  27.],
        [  0., 110.,  14.,   0.,   0., 261.,   0.,   0.,  91.,   0.],
        [  0.,   0.,   2.,   0., 208.,   0.,   0.,  17.,   0.,  34.],
        [  0.,   0., 214.,   0.,   0.,   0.,   0.,   0.,   0.,   0.],
        [  0.,   0., 301.,   0.,   7.,   0.,   0.,   0.,   8.,   0.],
        [  0.,   0.,   2., 229.,   0., 285.,   0.,   0.,   8.,   0.],
        [  0.,   0., 286.,   1.,   0.,   0.,   9.,   0.,  21.,   0.],
        [  0.,   0.,   3.,   0.,   2.,  72.,   0.,   0.,   0., 293.],
        [  0., 227.,   0.,   1.,   0.,   0.,   0.,   0.,   0.,   0.],
        [  0.,   0., 275.,   0.,   0.,   0.,   0.,   0.,   0.,   0.],
        [  0.,   0., 275.,   0.,   5.,   0.,   5.,   0.,   2.,   0.],
        [ 98.,   0.,  19.,   0.,   0.,   0., 284.,   0.,   0.,   0.],
        [  0.,  18.,  15.,   2.,   0., 249.,   0.,   0.,   0.,   0.],
        [282.,   0.,  23.,  14.,   0.,  48.,   0.,   0.,   0.,   0.],
        [  8.,   0.,  98.,   0.,   0.,   0., 244.,   0.,   0.,   0.],
        [145.,   0.,  23.,   0.,   0.,   0., 290.,   0.,   0.,   0.],
        [  0.,   0.,   4.,   2.,   0., 148.,   0.,   0.,   7.,   0.],
        [  0.,   0.,   2.,   0.,  78.,   0.,   0.,  33.,   0., 206.],
        [  0.,  24.,   2.,   0.,   0.,   0.,   0., 293.,   0.,  25.]],
       device='cuda:0')
Epoch 3 | Batch 600
tensor([[188.,   0., 284.,   0.,   0.,   0., 105.,   0.,  14.,   0.],
        [  0.,   0.,   0.,  68.,   0.,   0.,   0.,   6.,   3., 269.],
        [  0.,   0.,   0.,   0., 254.,   0.,   0.,   0.,  59.,   4.],
        [  0.,   0.,   0.,   0., 267.,   0.,  38.,   2.,  93.,  31.],
        [  0.,   0.,   2.,   0.,   0.,   0., 123.,   0., 271.,  17.],
        [  0.,   0.,   0.,   0., 235.,   0.,   0.,  56.,   6.,   6.],
        [  0.,  39.,   0.,  49.,   0.,   0.,   0., 251.,   2.,  73.],
        [299.,   0.,   0.,   0.,   0.,   0.,   0.,  31.,   1.,   0.],
        [  0.,   0.,   0.,   0., 269.,   0.,   0.,   0.,   4.,  18.],
        [  0., 266.,  23.,   0.,   0.,   0.,   0.,   0.,  15.,   0.],
        [  0.,   0.,   0.,   0., 272.,   0.,   0.,   1.,  18.,   9.],
        [  0.,   0.,   0.,   0.,   0.,   0.,   0.,   0., 258.,   6.],
        [  0., 270.,   6.,  63.,   0.,   0.,   0.,   0.,   7.,   0.],
        [298.,   0.,   0.,   0.,   0.,   0.,   0.,   0.,  34.,   0.],
        [ 75.,   0.,   0.,   0.,   0.,   0.,   0., 248.,   2.,  24.],
        [  1.,   0.,  13.,   0.,   0., 259.,   0.,  43.,   6.,   0.],
        [133.,   0., 132.,   0.,   0.,   0.,   0.,  12.,   2.,   0.],
        [  0.,   0.,   0.,   0., 262.,   0.,   0.,  16.,   6.,  59.],
        [  0.,  16., 295.,   0.,   0.,   0.,  47.,   0.,   5.,   0.],
        [121.,   0.,   0., 282.,   0.,  26.,   0.,   0.,   7.,   0.],
        [  0.,   0., 303.,   0.,   0.,   0.,   0.,   0.,  75.,   0.],
        [  2.,   0.,   0.,  43.,   2.,   0.,   0., 294.,  11.,  46.],
        [  0.,   0., 290.,  61.,   0.,   0.,   0.,   0.,  26.,   0.],
        [ 18.,   0.,   0.,   0.,   0.,  30.,  24.,   0., 252.,   0.],
        [  0.,   0.,   0.,  63.,   8., 258.,   0.,   0.,   3.,   0.],
        [  0.,   0.,   0., 214.,   2.,   0.,   0.,  59.,   2.,  16.],
        [  0.,   0., 298.,   0.,   0.,   0.,   0.,   0.,   3.,   0.],
        [  0.,   0.,   0.,   0.,   0., 262.,   0.,   0., 129.,   0.],
        [  0.,  57.,  88.,   0.,   0.,   0., 253.,   0.,  11.,   0.],
        [ 23.,   0.,   0.,  64.,   0., 274.,   0.,   0.,  16.,   0.],
        [  0., 277.,   0.,  11.,   0.,   0.,   0.,   0.,   8.,   0.],
        [300.,   0.,   2.,   0.,   0.,   6.,   0.,   0.,   2.,   0.],
        [  3.,   0.,   0.,   0.,   0.,   0., 292.,   0.,  12.,   0.],
        [  0., 243.,   0.,  28.,   0.,   0.,   9.,   0.,   1.,   0.],
        [  0.,   0., 288.,   0.,   0.,   0.,   0.,   0.,   6.,   0.],
        [  0.,   0., 265.,   1.,   0.,   0.,   0.,   0.,  83.,   0.],
        [  0., 275.,   0.,  11.,   0.,   0.,   0.,   0.,   6.,   0.],
        [ 34.,   0., 262.,   0.,   0.,  27., 100.,   0.,   7.,   0.],
        [  0.,   0.,   0.,   0.,   0.,   0.,   0., 268.,   1.,  91.],
        [  0., 202.,  29.,   0.,   0.,   0.,   0.,  84.,  25.,   0.],
        [  0.,   0.,   0.,  57.,   0., 107., 102.,   0.,   5.,   0.],
        [  0.,   0.,   0., 282.,   0.,   0.,   0.,   0.,   4.,   0.],
        [  0., 272.,   0.,  65.,   0.,   0.,   0.,   0.,   6.,   0.],
        [  0.,   0., 302.,   1.,   1.,   0.,   3.,   0.,   5.,   0.],
        [  0.,  28., 161.,  10.,   0.,   0.,   0.,   0.,  98.,   0.],
        [ 18.,   0.,   0.,   0., 272.,   0.,  30.,  74.,   3.,   8.],
        [302.,   0.,   0.,   0.,   0.,   5.,   0.,  29.,   0.,   0.],
        [  0.,   0., 302.,   0.,  43.,   0.,   0.,   0.,   4.,   0.],
        [  0., 261.,  22.,   0.,   0.,   0.,   0.,   0.,  16.,   0.],
        [  0.,   0.,   0.,   0.,  19.,   0.,   0., 233.,   2., 129.],
        [  0.,   0.,   0.,   0., 276.,   0.,  39.,  27.,   7.,   9.],
        [  0.,   0.,   0.,   0., 206.,  15.,  75.,   0.,  12.,   8.],
        [  0.,   0.,   0.,   0.,  72.,  17.,   0.,   0.,   4.,   3.],
        [  3.,   0.,   0.,   0.,   0., 294.,   0.,   0.,  23.,   0.],
        [303.,   0.,   0.,   0.,   0.,   3.,   0.,   0.,  42.,   0.],
        [  0.,   0.,   0.,   0., 248.,   0.,   0.,   6.,   5., 103.],
        [  9.,   0.,   0., 277.,   0., 110.,   0.,   0.,   5.,   0.],
        [  0.,   0.,   0.,   0.,  37.,   0.,  16.,   0.,   8., 239.],
        [  0.,   0.,  35., 110.,   4.,   0.,   0.,   1.,   4., 235.],
        [  1.,   0., 300.,   0.,   0.,   0.,  37.,   0.,   8.,   0.],
        [  0., 120.,   0.,  27.,   0.,   0.,   0., 240.,   8.,  26.],
        [  0.,   0.,   0.,   0., 253.,   0.,   0.,   1.,  33.,   1.],
        [  0.,   0.,   1.,   0.,   2.,   0., 292.,   0.,   5.,   1.],
        [  2.,   0.,  43.,   0.,   0.,   0.,   0.,   0., 255.,   1.]],
       device='cuda:0')
Epoch 3 | Batch 700
tensor([[  1.,   0.,   1.,   0.,  80.,   0.,   0., 263.,  17.,  29.],
        [  0.,   0.,   0.,   0.,   0.,   0.,   0., 300.,   4., 115.],
        [ 28.,   0.,  23., 230.,   0.,   0.,   1.,   0.,   7.,   0.],
        [  0., 289.,   0.,   0.,   0.,   0.,   0.,   0.,   1.,   0.],
        [  2.,   0.,   1.,   0.,   0.,   0., 289.,   0.,   5.,   0.],
        [  1.,   0., 260.,  22.,   0.,   0.,   0.,   0., 138.,   0.],
        [  2.,   0.,   7.,   0., 279.,   0.,   2.,  61.,  12.,  56.],
        [  2.,   0.,   1.,   0.,   0., 250.,   0.,   0., 102.,   0.],
        [  0., 293.,   0.,   0.,   0.,   0.,   0.,   0.,   1.,   0.],
        [  0.,   0.,   0.,   0.,   5.,   0.,   0., 290.,   1.,  43.],
        [ 38.,   0.,   0.,   0.,   0.,   0.,   0., 289.,  18.,   0.],
        [  0.,   0.,   0.,   0., 107., 164.,   0., 151.,  11., 109.],
        [  4.,   4.,  74.,  12.,   0.,   0.,   0.,   0., 260.,   0.],
        [  8.,   0.,   5.,   0.,   0.,   0.,   0.,   0., 301.,   0.],
        [  0.,   0.,  53.,  38., 244.,   0.,  58.,   0.,  15.,   0.],
        [  1.,   0., 252.,   0.,  23.,   0.,   0.,   0.,   3.,  18.],
        [ 28.,   0.,   0.,   0.,   0., 206.,   0.,   0.,   6.,   0.],
        [  0., 294.,   0.,   0.,   0.,   0.,   0.,   0.,   1.,   0.],
        [  1.,   0.,   5.,   0., 281.,   0.,   0.,   0.,   9.,   0.],
        [  6.,   0.,   0.,  10.,   0., 251.,   0.,   0.,  30.,  57.],
        [  2., 111.,   7.,   0.,   0.,   0.,   0.,   0., 228.,   0.],
        [  0., 284.,   1.,   0.,   0.,   0.,   2.,   0.,   5.,   0.],
        [289.,   0.,  79.,   0.,   0.,   0.,   0.,   0.,   1.,   0.],
        [  1.,   0.,   8.,   6.,   0.,   8.,  56.,   0.,  78.,   0.],
        [278.,   0.,   0.,  14.,   0.,   0.,   0.,   0.,   1.,   0.],
        [ 43.,   0., 124.,   0.,   0.,   0., 252.,   0.,   8.,   0.],
        [  0.,   0.,  11.,   0., 136.,   0.,   0.,   0.,   2.,   0.],
        [159.,   0.,  46.,   0.,   0.,   0.,   0.,   0.,   4.,   0.],
        [  1.,   0.,   0.,   0.,  71.,  41.,   0.,  83.,   4., 227.],
        [  0., 263.,   1.,  41.,   0.,   0.,   0.,   0.,   0.,   0.],
        [306.,   0.,   1.,  42.,   0.,   0.,   0.,   0.,   4.,   0.],
        [135.,   0.,   0.,   0.,   0.,   0.,   0., 304.,   2.,  49.],
        [  3.,   0., 300.,  48.,   0.,   0.,   0.,   0.,  42.,   0.],
        [  9.,  52.,   4.,   0.,   0.,   0.,   0., 236.,   3.,   5.],
        [  0.,   0.,   3.,   0., 281.,  19.,   0.,   0.,   3., 134.],
        [224.,   0.,   3.,  17.,   0.,   0.,   0.,   0.,   4.,   0.],
        [304.,   0.,  64.,  19.,   0.,   0.,   0.,   0.,  58.,   0.],
        [321.,   0.,   1.,   0.,   0.,   0.,   0.,   0.,  28.,  13.],
        [  0.,  95., 179.,   2.,   0.,   0.,   0.,   0.,   3.,   0.],
        [  5.,   0.,   1.,   0.,   0., 100.,  24.,   0.,  66.,   0.],
        [203.,   0.,   1.,   0.,   0.,   0.,   0.,   0.,  10.,   0.],
        [  0.,   0.,   0.,   0.,  29.,   0.,   0.,   6.,  12., 194.],
        [  0.,   0.,   4.,   0., 126.,   0.,   0.,   0.,  33., 280.],
        [  1.,   0.,   9.,   0., 208.,   0.,   0.,   0.,  66.,   0.],
        [  1.,   0.,   3.,   0., 254.,   0.,   0.,   0.,   8.,   0.],
        [  4.,   0.,  29.,   0.,   0.,   0.,   0.,   0., 271.,   0.],
        [  0.,   0., 313.,  92.,   0.,   0.,   0.,   0.,   7.,   0.],
        [  0.,   0.,  85.,   0., 272.,  40.,   0.,   0.,   2.,  90.],
        [ 56.,   0.,   1.,   0.,   0., 252.,  63.,   0.,   1.,   0.],
        [325.,   0.,   1.,   0.,   0.,   0.,   0.,   0.,   7.,   0.],
        [  2.,  29.,  14.,   0.,   0.,   0.,   0.,   0., 214.,   0.],
        [  1.,   0., 311.,  70.,   0.,   0.,   0.,   0.,   3.,   0.],
        [  0.,   0.,  43.,   0., 228.,  12.,   0.,   0.,   2.,   3.],
        [ 16.,   0.,   0.,   0.,  58., 166.,   0.,   0.,   0.,   0.],
        [  0.,   0.,  11.,   0., 260.,  35.,   0.,   0.,   3.,  35.],
        [  0.,   0.,   7.,   0., 281.,  54.,   0.,   0.,   5.,   0.],
        [  1.,   0., 305., 101.,   0.,   0.,   0.,  10.,   7.,   0.],
        [  3.,   0.,  52.,   0.,  10.,   0.,   0.,   0.,  15., 247.],
        [  0.,   0.,   2.,   0.,  32.,   0.,   0.,   0.,   5., 276.],
        [  7.,   0.,  75.,   0.,   0.,   0., 297.,   0.,   5.,   0.],
        [  0., 238.,   1.,  70.,   0.,   0.,   0.,   0.,   3.,   0.],
        [  0.,   6.,   0.,   0.,  10.,   0.,   0.,   0.,   4., 144.],
        [  1.,   0.,  82., 260.,   0.,   0.,   0.,   0.,   3.,   0.],
        [ 20.,   0.,   0.,   0., 134.,   0.,   0.,  59.,  14., 263.]],
       device='cuda:0')
Epoch 3 | Batch 800
tensor([[  0., 288.,   4.,   3.,   0.,   0.,   0.,   0.,   2.,   0.],
        [  6.,   0.,  24.,  16.,   0.,   4.,   0.,   0., 303.,  16.],
        [  7.,   0.,   4.,   1., 240.,   7.,   0.,   0.,   7.,   9.],
        [  0.,   0.,   5., 146.,   0.,   0.,   0., 226.,   3.,  45.],
        [  4.,  31.,   3.,   2.,   0., 269.,   0.,   0.,   9.,   1.],
        [  0., 270.,  18.,   3.,   5.,   0.,   0.,   0.,  19.,   0.],
        [  0., 228.,  81.,   5.,  42.,   1.,   0.,   0.,  21.,   0.],
        [  0.,   0.,   3.,  84.,   0.,   0., 114.,   0.,   2.,   1.],
        [  0.,  76.,   2.,  22.,   0.,   0.,   0.,   0.,  41., 277.],
        [  0.,   0.,   1.,   4.,  48.,   0.,   0.,   1.,   4., 270.],
        [  1.,   0.,   2.,   0.,  70.,   0.,  76.,   4.,   6., 138.],
        [  4.,  17., 271.,  16.,   0.,   0.,   0.,   0.,  14.,   0.],
        [  0.,   0.,   1.,   0., 245.,   0.,   0.,   0.,   4.,  21.],
        [ 16.,   0.,  30.,  34.,   0.,   0.,   0.,   0., 305.,   5.],
        [229.,   0.,   7.,   9.,   0.,   0.,   4.,   0.,   9.,   4.],
        [  0.,  55., 298.,  10.,   0.,   0.,  81.,   0.,   9.,   0.],
        [  0., 271.,   1.,   3.,   0.,   0.,   0.,   0.,   0.,   0.],
        [  0.,   0.,   2.,   2.,  87.,   0.,   0.,  91.,   4., 258.],
        [  0., 291.,   7.,   3.,   0.,   5.,   0.,   0.,   3.,   0.],
        [  0.,   0.,   2.,  84., 120.,   6.,  53.,   0.,   4.,   2.],
        [149.,  67.,   0.,  16.,   4.,   0.,   0.,   0.,   4.,   1.],
        [  0.,   0.,   1.,  60.,   0.,   0.,   0., 251.,   1.,  98.],
        [  2.,   0.,   7.,  66.,   0., 211.,   0.,   0.,  32.,   0.],
        [  0.,   0.,   9.,   1., 263.,   0.,   0.,   0.,  11.,   1.],
        [ 65.,   0., 262.,   8.,   0.,   0.,  84.,   0.,   5.,   6.],
        [  0.,   0.,  18.,   2., 241.,   0.,   0.,   0.,   4., 122.],
        [ 33.,   0.,   4.,   2.,   0., 246.,   0.,   0.,  11.,   7.],
        [  0.,  92.,   2., 286.,   3.,   0.,   0.,   0.,   2.,  10.],
        [ 60.,   0.,  13., 121.,   0., 259.,   0.,   0.,  19.,   3.],
        [  2.,   0., 253.,   2.,   0.,   0.,   0.,   0.,   4.,  14.],
        [  0.,   0.,   1.,  16.,   0., 203.,   0.,   0.,   6.,   3.],
        [  0.,   0., 133., 168.,   0.,   0.,   0.,   0.,   9.,  13.],
        [  0., 286.,   6.,   5.,   0.,  19.,   0.,   0.,   7.,   0.],
        [  1.,   0.,   2., 305.,   0.,   9.,   0.,   0.,   4.,   1.],
        [  0., 295.,   6.,   4.,   0.,  78.,   0.,   0.,   2.,   0.],
        [  0.,  26., 159.,  16.,   0.,   0.,  16.,   0.,   1.,   0.],
        [  0., 276.,  33.,   4.,  30.,   0.,   0.,   0.,  12.,   0.],
        [  3.,  34., 150.,   9.,   0.,   0.,   0., 119.,  10.,   4.],
        [  0.,   0.,   1.,   3.,   0.,   0.,   0., 290.,   4., 131.],
        [  1.,   0., 293.,   8.,   0.,   0.,   0.,   0.,   9.,   1.],
        [ 89.,   0.,   5.,  33.,   0.,   0.,   0.,   0.,   8.,   4.],
        [  3.,   0.,  28.,   4.,   0.,   0., 299.,   0.,   9.,   4.],
        [  1.,   0.,  88., 164.,   0.,  13.,   0.,   0.,   6.,  60.],
        [  1., 182., 225.,  14.,   0., 119.,   0.,   0.,   9.,   0.],
        [308.,   0.,   3.,   3.,   0.,  38.,  63.,   0.,   8.,   4.],
        [  1.,   0., 167.,  13.,   0.,   0.,   0.,   0.,   3.,   0.],
        [  4.,   0.,  75.,   8.,   0.,   0.,   0.,   0., 281.,  10.],
        [  0.,   0.,  13.,   0.,   0.,   0., 293.,   0.,   1.,   6.],
        [  0.,   0.,   1.,   3.,   0.,   0.,   0., 289.,   2.,  45.],
        [  0.,  11.,   6.,   0., 250.,   2.,   0.,   0.,   9.,   0.],
        [  0., 291.,   5.,   9.,   0.,   0.,   0.,   0.,   2.,   0.],
        [  0., 289.,   5.,  20.,   0.,   0.,   0.,   0.,   3.,  11.],
        [  2.,   0.,   6.,  13.,   0.,   3.,   1.,   0., 186.,   4.],
        [  7.,   0.,  34.,   6.,   0., 199.,   0.,   0.,  71.,   1.],
        [  0., 280.,   1.,  27.,   0.,   0.,   0.,   0.,   0.,   0.],
        [237.,   0.,   3.,   3.,   0.,   0.,   9.,   0.,  10.,   5.],
        [  3.,   0.,   4., 301.,   0.,  26.,   0.,   0.,   8.,   3.],
        [  0.,   0.,   0.,   1.,   0.,   0.,   0., 293.,   3., 122.],
        [ 10.,   0.,   0.,   3., 106.,   0.,   0., 197.,  34.,  49.],
        [ 45.,  18., 202.,   7.,   0.,   0.,   0.,  67.,   2.,   0.],
        [  2.,   0., 274.,  24.,   0.,   0.,  12.,   0.,   9.,   2.],
        [  0.,   0.,   0.,  13.,  45.,  16.,   0., 194.,   1.,  11.],
        [  0.,   0.,   1.,   4.,   0.,   0.,   0., 302.,   4.,  69.],
        [  0., 263.,   4., 169.,   0.,   0.,   0.,   6.,   3.,  34.]],
       device='cuda:0')
Epoch 3 | Batch 900
Switching label layer to Inference Mode (LIF)...
Epoch 3 DONE | Test Acc: 75.99% | Time: 823.9s
Switching label layer back to Training Mode (Clamp)...
tensor([[  0.,   0.,   0.,  54.,   8., 227.,   0.,   0.,  96.,   0.],
        [  0.,   0.,   0.,   0.,   0.,   0.,   0.,  71.,   2., 279.],
        [  0., 260.,  42.,   0.,  62.,   1.,   0.,   0.,  27.,   0.],
        [ 84.,   0.,   0.,   0.,   0.,   3.,   0.,  10.,   7., 261.],
        [ 27.,   0.,   0.,   0.,   0.,   2.,   0., 280.,   1.,  54.],
        [  0.,   0.,  57.,   0.,   0.,  25.,   0., 295.,   3.,  36.],
        [  0.,   0.,   0.,  33.,   0., 207.,   0.,   0.,  15.,   9.],
        [  0., 110.,  13.,   0., 265.,  57.,   0.,   0.,   5.,   7.],
        [  0.,  19.,   0.,   0.,   0., 126.,   2.,   0.,  96.,   0.],
        [  0.,   0.,   0.,   0.,   0.,  42.,   0.,   0., 231.,   0.],
        [  0.,  69.,   0.,   0., 254.,  61.,   0.,   0.,   6.,   0.],
        [  0.,   0.,   0.,   0.,   0.,  34.,   0.,   0., 226.,   0.],
        [  0., 261.,   0.,   0.,   0.,   0.,   0.,  18.,  16.,   0.],
        [  0.,   0.,   0., 291.,   9.,   5.,   0.,  24.,   4.,   0.],
        [263.,   0.,   0., 107.,   0.,   4.,   0.,   0.,  10.,   0.],
        [  0.,  98., 112.,   7.,   0.,   0.,   0.,   0., 139.,   0.],
        [281.,   0.,   0.,   0.,   0.,   0.,  63.,   0.,   6.,   0.],
        [  0.,   0.,   0.,   0., 279.,  26.,   0.,   0.,   2.,  33.],
        [  0.,   0.,  16.,   0.,   0.,   2.,   0., 246.,   3.,  17.],
        [  0., 246.,  34.,   0.,  51.,   0.,   0.,   0.,  50.,   0.],
        [  0.,   0.,  28.,   0.,   0.,   0., 275.,   0.,  10.,   0.],
        [  0.,   0.,   0.,   0.,   0.,   1.,   0.,   0., 265.,  19.],
        [  0.,  33., 280.,   0.,   0.,   0.,   0.,   0.,   6.,   0.],
        [  0.,   0., 293.,   0.,   0.,   0.,  16.,   0.,   7.,   0.],
        [  0.,  41.,  12.,   0.,   0.,   3.,   0.,  82.,   8.,   0.],
        [  0.,   0., 291.,   0.,   0.,   0.,   0.,   0.,  32.,   0.],
        [  0.,   0.,   0.,  50.,   0.,   0.,   0., 223.,   1.,  63.],
        [  0.,   0.,   0.,   0.,   0., 201.,   0., 282.,  10., 166.],
        [  0.,   0.,   2.,   0.,   0.,  60., 306.,   0.,  11.,   0.],
        [  0.,   0.,   0.,  67., 197.,   0.,   0.,   0.,   2., 134.],
        [  0., 115.,  10.,   0.,   0.,   1.,   0.,   0., 257.,   0.],
        [ 22.,   0., 262., 116.,   0.,   2.,   0.,   0.,   5.,   0.],
        [  0.,   0., 289.,   0.,   0.,   0.,   0.,   0.,   2.,   0.],
        [  0.,   0.,   0.,  44.,  21., 146., 117.,   0.,   9.,   0.],
        [106.,   0.,   0.,   0.,   0.,  36., 247.,   0.,   5.,   0.],
        [  1.,   0.,   0., 273.,   0.,   5.,   0.,   0.,  16.,   0.],
        [  0.,   0.,   0., 128.,   0., 193.,  56.,   0.,  70.,   0.],
        [  0.,   0.,   0.,   0.,   0.,   1.,   0.,   0., 252.,  51.],
        [  0., 267.,  38.,   0.,  45.,   0.,   0.,   0.,  14.,   0.],
        [  0.,   0.,   0.,   0.,   0.,   9.,   0., 306.,  33.,  25.],
        [  0.,   0.,   0.,   0.,   2.,   0.,   0.,   0.,   5., 280.],
        [  0.,   0.,  27.,   0.,   0.,   0., 267.,   0.,  45.,   0.],
        [293.,   0.,   0.,  18.,   0.,   9.,   0.,   0.,   2.,   0.],
        [  0.,   0.,   0.,   0.,   0., 118.,   0., 273.,   1.,  61.],
        [303.,   0.,   0.,  14.,   0.,   2.,   0.,   0.,   6.,   0.],
        [  2.,  45.,   9.,   0.,   0.,   0., 111.,  99.,  20.,   0.],
        [  0., 264.,  10.,   0., 101.,   0.,   0.,   0.,  17.,   0.],
        [  0.,   0.,   0.,   6.,   2.,   2.,   0.,   0., 294.,   0.],
        [  0., 241.,   0.,   2.,   0.,   1.,  57.,   0.,  13.,   0.],
        [  0.,   0.,  40.,   0.,   0.,   5., 277.,   0.,  25.,   0.],
        [  0., 208.,  13.,   0.,   0.,   0.,   0.,  43.,   2.,   0.],
        [  0.,   0.,  83.,   0., 234.,   0.,   0.,   0.,   1.,   6.],
        [ 85.,   0.,   0.,   0.,   0.,   7.,   0.,  53.,  24.,   0.],
        [246.,   0.,   0.,  74.,   0.,   3.,   2.,   6.,   8.,   0.],
        [  6.,   0.,   0.,   0.,   0., 282.,   0.,   0.,   5.,   0.],
        [  0.,   0.,   0.,   0.,   0.,   1.,   0.,   0.,   3., 284.],
        [  0.,   0.,   0.,   0.,   4.,  20., 248.,   0.,  14.,   0.],
        [  0.,  10.,   0.,   0.,   0.,   4.,   5.,   0., 253.,   2.],
        [  0.,   3.,  19.,   0.,   0.,   2.,   4.,   0., 258.,   0.],
        [ 37.,   0.,   0.,  26.,   7.,   1.,   0., 290.,   1.,   0.],
        [321.,   0.,   0.,   0.,   0., 224.,   0.,   0.,   2.,   0.],
        [  0., 207.,   0.,   4.,   0.,   0.,  23.,  12.,   1.,   0.],
        [ 48.,   0.,   0., 272.,  99.,   8.,   0.,   0.,   5.,   0.],
        [297.,   0.,   0.,   0.,   0.,  30.,   0.,   0.,   2.,   0.]],
       device='cuda:0')
Epoch 4 | Batch 0
tensor([[  0.,  88.,   0.,   0.,   7.,   0.,   0., 295.,   2.,   8.],
        [  0.,   0., 241.,  86.,  96.,   0.,   0.,   0.,   0.,   4.],
        [  0.,   0.,   0.,   0.,   6.,   0.,   0., 285.,   2.,   2.],
        [  0.,   0.,  38.,   0.,  33.,   0., 302.,   0.,   4.,   2.],
        [297.,   0.,   0.,   0.,   0.,   0.,   0.,   0.,   0.,   1.],
        [  0.,   0.,   0.,   0.,   0., 258.,   1.,   0.,   1.,   0.],
        [  0., 271.,   0.,   0.,   0.,   0.,   0.,   0.,  18.,   0.],
        [  0.,   0., 276.,   0.,  65.,   0.,   0.,   0.,   2.,   1.],
        [  0.,   0.,  18., 245.,   0.,   0.,   0.,  23.,   4.,   0.],
        [  0.,   0., 237.,  20.,  85.,   0.,   0.,   0.,   0.,   0.],
        [ 63.,   0.,   0.,   2.,   0., 238.,   3.,   0.,   0.,   2.],
        [291.,   0.,   0.,   0.,   0.,   0.,   0.,   0.,   0.,   1.],
        [  0.,   0.,  14.,   0.,  12.,   0., 303.,   0.,   6.,   2.],
        [271.,   0.,  46.,   0.,   0.,   0.,  16.,   0.,   0.,   3.],
        [260.,   0.,   0.,   0.,   0.,   0.,   5.,   0.,   2.,   6.],
        [  8.,   0.,   0.,   0.,   0., 156., 141.,   0.,   2.,   4.],
        [  0., 282.,   0.,   0.,   0.,   0.,   0.,   0.,   3.,   0.],
        [  0., 282.,   0.,   0.,   0.,   0.,   0.,   0.,   4.,   0.],
        [  0.,   0., 303.,   0.,  36.,   0.,   0.,   0.,   8.,   3.],
        [  0.,   0.,   0.,   0., 131.,   0.,   0.,   0.,  20.,  46.],
        [  2.,   0.,   0., 301.,   0.,   0.,   0.,   0.,  40.,   6.],
        [ 53.,   0.,   6.,   0.,   0.,   0.,   0., 232.,   5.,  48.],
        [  0., 248.,   0.,  52.,   0.,   0.,   0.,   0.,   4.,  49.],
        [  0.,   0.,   0.,  31.,   0.,   0.,   0., 268.,   1.,  22.],
        [  0.,   0.,   0.,   0.,  55.,   0., 247.,   0., 184.,  82.],
        [ 16.,   0.,   3.,  12., 228.,   0.,   7.,   0.,   0.,  49.],
        [100.,   0.,   4., 284.,   0.,   0.,   0.,  34.,   0.,   1.],
        [  0.,   0.,   0.,   0.,   0.,   0.,   0., 283.,   6.,  65.],
        [  2.,   0., 138., 106.,   0.,  28.,   0.,   0.,   9.,   5.],
        [295.,   0.,   0.,   0.,   0.,   0.,   0.,   0.,   0.,   5.],
        [  0.,   0.,   0.,   0.,  81.,   0.,   0.,   8.,   0., 276.],
        [  9.,   0.,   0.,   0.,   0.,   0., 312.,   0.,   0.,   5.],
        [  0., 267.,   0.,   0.,   0.,   0.,   4.,   0.,   7.,   0.],
        [  0.,   0.,   0.,   0.,   0.,   0.,   0., 291., 104.,  46.],
        [  0.,   0.,   1.,   0., 213.,   0.,  27., 112.,  30.,   0.],
        [  0.,  11., 287.,   0.,   0.,   0.,   5.,   0.,   3.,   0.],
        [281.,   0.,   0.,  54.,   0.,   0.,   0.,   0.,   0.,   1.],
        [  0.,   0.,   1.,   0.,  57.,   0., 282.,   0.,   9.,   1.],
        [293.,   0.,   0.,   0.,   0.,   0.,   0.,   0.,   0.,   5.],
        [  0., 270.,   0.,   0.,   0.,   0.,   1.,   0.,   4.,   0.],
        [106.,   0.,  58.,   3.,   0.,   0.,   0.,   0.,   5.,   1.],
        [  0.,   0., 300., 216.,   0.,   0.,   0., 105.,  17.,   1.],
        [  0.,   0.,   0.,  20.,   0.,  83.,   0.,   0.,  49.,   0.],
        [291.,   0.,   0.,   0.,   0.,   0.,   0.,   0.,   0.,   3.],
        [  0., 240.,   0.,   3.,   0.,   0.,   0.,   0.,   6.,  42.],
        [  0., 284.,   0.,   0.,   0.,   0.,   0.,   0.,   4.,   0.],
        [  0.,   0.,   3., 293.,   0.,   0.,   0.,   0., 130.,   4.],
        [  0.,   0.,   0.,   2.,   6.,   0.,   0.,   0., 261.,  20.],
        [  3.,   0.,   1.,   0.,   0.,   0.,   1., 123., 122.,   2.],
        [  0.,   0.,   0.,   5.,  34.,  98.,   0.,   0.,   2.,  83.],
        [  0.,   0.,   3.,   0.,   0.,   0.,   0.,   0., 268.,   1.],
        [  0., 256.,   3.,  81.,   0.,   0.,   0.,   0.,  12.,   3.],
        [  0., 282.,   3.,   0.,   0.,   0.,  52.,   0.,   7.,   0.],
        [ 65.,   0., 269.,  71.,   0.,   0.,   0.,   5.,   0.,   0.],
        [  0.,   0.,   0.,  78.,   0.,   0.,   0., 300.,   3.,  47.],
        [  0.,   0.,   0.,  68.,   8., 118.,   0.,   0.,   4., 125.],
        [  0.,   0.,   5.,  12.,  63.,   0.,   1.,   0.,   3., 280.],
        [  7.,   0.,  11.,   0.,   0.,   0., 306.,   0.,   0.,   4.],
        [ 68.,   0., 273.,   0.,   0.,   0.,   0.,   0.,   0.,   0.],
        [299.,   0.,   0.,   0.,   0.,   0.,   0.,   0.,   0.,   5.],
        [127.,   0.,   0., 280.,   0.,   0.,   0.,   0.,   0.,   1.],
        [  0., 182.,  34.,  87.,   0.,   0.,   0.,   0., 266.,   1.],
        [  0.,   0.,   0., 267.,  93.,   0.,   0.,   0.,   6., 134.],
        [  0., 237.,   0.,  10.,   0.,   0.,   0.,   0.,   3.,  54.]],
       device='cuda:0')
Epoch 4 | Batch 100
tensor([[  0.,   0.,   4.,   0., 123.,   0.,   0.,  16.,  10., 284.],
        [  0.,   0.,   5.,   0.,   0.,   0.,   0.,   0., 207.,  36.],
        [242.,   0.,   6.,   0.,   0.,   8.,   0.,   0.,   3.,   0.],
        [  0.,   0.,   3.,   4.,   0., 280.,   0.,   0.,   8.,   0.],
        [239.,  18.,  25.,   0.,   0.,   0.,   0.,  94.,   7.,   0.],
        [305.,   0.,  15.,   0.,   0.,   0.,   0.,   0.,  29.,   0.],
        [  0.,   0.,   2.,   0.,   0., 199.,   2.,   0.,   4.,   0.],
        [276.,   0., 155.,   0.,   0.,   0.,   0.,   0.,  43.,   1.],
        [  0.,  31.,   1., 273.,   0.,   0.,   0.,   0.,   2.,  53.],
        [  0.,   0.,   1., 233.,   0.,   0.,   0.,  54.,   4.,  26.],
        [  2.,   0.,   0.,   0.,  37., 219.,   0.,   1.,  59.,   0.],
        [ 24.,   0.,   4.,   0., 241.,   0.,  49.,   0.,   6.,   0.],
        [261.,   0.,   2.,   0.,   0., 157.,   0.,   0.,   4.,   0.],
        [  0., 277.,   3.,   0.,   0.,   0.,   0.,   0.,  13.,   2.],
        [  0.,   0.,   2.,   0.,   0., 134.,   0.,   0., 230., 107.],
        [  0.,   0.,  61.,   6.,   0.,   0.,   0., 245.,   9.,   0.],
        [ 30.,   0.,   8.,   0.,   0.,   0., 300.,   0.,  15.,   0.],
        [  0.,   0.,   2.,   8.,   0.,   3., 284.,   0.,  10.,   0.],
        [  0., 252.,   2.,  59.,   0.,   0.,   0.,   0.,   2.,   1.],
        [  0.,  55.,   3.,   0.,   0.,   0.,   0., 286.,  84.,   6.],
        [  0.,   0., 282.,   0.,  15.,   0.,   0.,   0.,  80.,   0.],
        [  0.,   0.,  42.,   0.,  41.,   0., 299.,   0.,   1.,   0.],
        [  0.,   0., 316.,  28.,   0.,   0.,  57.,   0., 100.,   0.],
        [  0.,   0.,   1.,   0.,   0.,   0.,   0., 286.,   7.,   0.],
        [  0.,   0.,   1., 275.,   0.,   0.,   0.,   0.,   5.,   0.],
        [  0.,   0.,   2.,   0., 253.,  29.,   0.,   2.,   5.,   0.],
        [221.,   0.,   2., 149.,   0.,   0.,   0.,   0.,   3.,   0.],
        [  0.,  39.,  11.,   0., 262.,   0.,   0.,   0.,   6.,  79.],
        [  0.,   0., 310.,   0.,   0.,   0.,  11.,   0., 104.,   0.],
        [  0.,   0.,   8.,   0., 134.,   0.,  69.,   0.,  41.,   1.],
        [  0.,   0.,   2.,   0.,  23.,   0.,   0.,   0.,   6., 295.],
        [  0.,   0.,   5.,   4.,   0.,   0.,   0.,   0., 231.,  12.],
        [  0.,   0.,  21.,   0.,  34.,   0.,   3.,   0., 203.,  84.],
        [  0.,   0.,   2.,   0.,   4.,   0.,   0.,  11.,  10., 255.],
        [160.,   0.,   2.,   0.,   0.,  46.,   0.,   0.,   4.,   0.],
        [  0.,   0.,   0.,   0.,   1.,   0.,   0.,   5.,   3., 249.],
        [  0.,   0.,   9.,   0.,  24.,   0., 296.,   5.,   4.,   0.],
        [  0.,   1.,   7.,   3.,   0.,   0.,  24.,   0., 192.,   3.],
        [151.,   0.,   3.,   0.,   0., 101.,   0.,   0.,  10.,   0.],
        [  0.,   0.,  10., 230.,  57.,   0.,   0.,   0., 174.,  32.],
        [ 44., 275.,   0.,   4.,   0.,   0.,   0.,   0.,   5.,   2.],
        [ 25.,   0.,   0.,   0.,   0.,   0.,   0., 293.,   5.,   0.],
        [  0.,   0.,   6.,   0.,   0.,  51.,   0.,   0., 281.,  50.],
        [  8.,   0.,  35.,   0.,   0.,   0.,   0.,  13.,   3., 189.],
        [  0.,   0.,   1.,   0.,   0.,   0.,   0., 300.,   7.,   6.],
        [  0.,   0., 295.,   0.,   0.,   0.,   0.,   0.,   9.,   0.],
        [  0.,   0.,   1., 262.,   0.,  14.,   1.,   0.,   3.,   0.],
        [  0.,   0.,   6., 303.,   0.,  28.,   0.,   0.,   5.,   0.],
        [  0.,   0.,   1.,   0.,  28.,   0.,  22.,   7.,  17., 227.],
        [  0.,   0.,   7.,  15.,   0.,  39.,   0.,   0., 162.,   0.],
        [  0.,   0.,   3.,   0.,   7.,   0., 134.,   0.,  49.,   0.],
        [  0.,   0.,   4.,   0., 239.,   0.,  76.,   0.,  11.,   7.],
        [  0.,   0.,   2., 299.,   0.,  36.,   0.,   0.,   4.,   0.],
        [  0.,   0.,   1.,   0.,   1.,   0.,   0., 292.,   4.,  86.],
        [ 14.,   0.,   0.,   0.,   5.,   0., 109., 140.,   4.,   0.],
        [  0.,   0.,   9.,  73.,   0.,   0.,   0., 302.,   8.,  13.],
        [  0.,  10., 134.,   0.,   0.,   0.,   0.,   0.,  11.,   0.],
        [292.,   0.,   4.,  69.,   0.,   0.,   0.,   0.,  10.,   0.],
        [  0.,   0.,   4., 253.,   0.,   0.,   0.,   0.,   4.,  86.],
        [271.,   0.,   2.,  29.,   0.,   4.,   6.,   0.,   5.,   0.],
        [  0.,   0.,   1., 274.,   0.,   4.,   0.,   0.,   2.,  18.],
        [  0.,   0.,   1.,   0.,   3.,   0.,   0., 291.,   3.,  58.],
        [  0.,   0.,   1., 285.,  23.,   0.,   0.,   0.,   4.,   0.],
        [  5.,   0., 290.,   0.,   0.,   0.,   6.,   0.,  85.,  19.]],
       device='cuda:0')
Epoch 4 | Batch 200
tensor([[  3.,   0.,   0.,   0.,   8.,   0.,   0., 298.,   6.,  19.],
        [  2.,  39.,   0.,   0.,   0.,   0.,   0.,   0.,  13.,  77.],
        [ 18.,   0., 300.,   0.,   1.,   0.,   4.,   0.,  11.,   0.],
        [  2.,  96.,   0.,   0.,   0.,  12.,   0.,   0., 247.,   0.],
        [166.,   0.,  22.,   3.,   0.,   7.,   2.,  57.,  93.,   0.],
        [ 13.,   0.,   0.,  25.,   0., 286.,   0.,   0.,  10.,   0.],
        [305.,   0.,   1.,   0.,   0.,   8.,   2., 102.,   9.,   0.],
        [  2.,  72.,   0.,   0.,  41.,   3.,   0., 264.,   5.,  22.],
        [ 19.,   0.,   0.,   7.,   2., 219.,  11.,   0.,  13.,   0.],
        [  1., 285.,   0.,   0.,   0.,   8.,   0.,   0.,   1.,   0.],
        [  1., 286.,   0.,   0.,   0.,   2.,   0.,   0.,   0.,   0.],
        [  3., 285.,   0.,   0.,   0.,   0.,   0.,   0.,   2.,   4.],
        [  4.,  60.,  13., 139.,   0., 175.,   0.,   0.,  57.,   0.],
        [  5.,   0.,   0.,   0.,   0.,   0.,  38.,   0.,  34., 288.],
        [  7.,   1.,   2., 259.,   0.,   0.,   0.,   0.,   6.,   0.],
        [  0., 276.,   0.,   0.,   0.,  62.,   0.,   0.,   0.,   0.],
        [269.,   0.,   7.,   0.,   0.,   0.,   1.,   0., 128.,   0.],
        [320.,   0.,   0.,   0.,   0.,   0.,   8.,   0.,   4.,   0.],
        [  4.,   0.,   0.,   0., 270.,  21.,   2.,  13.,  13.,   1.],
        [  2.,   0.,   0.,   0.,  54.,   0.,   5.,   2.,   5., 268.],
        [  1.,   0.,   0.,   0.,   0.,   0.,   0., 236.,   2.,  30.],
        [  4.,   6.,   0.,   0., 248.,   0.,  85.,   0.,   9.,   0.],
        [ 20.,   2.,   1.,  23.,   0.,   0.,   0.,   0., 222.,   0.],
        [  2.,   0.,   0.,   0., 249.,  37.,  18.,  50.,   6.,  87.],
        [  2.,   0.,  80.,   0., 187.,  86.,  22.,   0.,   2.,   0.],
        [  2.,   0.,  13.,   0.,  19.,   0., 312.,   0.,   3.,   0.],
        [301.,   0.,   0.,   0.,   0.,   0.,   3.,   0.,   4.,   0.],
        [ 13.,  16.,   1.,   0.,   0., 224.,   0.,   0.,   3.,   0.],
        [  2.,  13.,  53., 250.,   0.,   0.,   0.,   0.,  71.,   0.],
        [ 46.,   0.,   0.,   0.,   0.,   3.,   2.,   0., 223.,   0.],
        [  5.,   2.,  44.,   0.,   0.,  20., 276.,   0.,  10.,   0.],
        [ 12.,   0., 221.,  45., 212.,   0.,   8.,  30.,   1.,   0.],
        [ 68.,   0.,   0.,   8.,   0.,   0.,   2.,   0., 257.,   0.],
        [ 61.,   0.,   0.,   0.,   1., 247.,   5.,   0.,   8.,   0.],
        [ 17.,   0.,   1., 274.,   0.,  58.,   0.,   0.,   7.,   0.],
        [  5., 245.,   0.,   0.,   0.,   0.,   1.,   0.,  47.,   0.],
        [  1.,   0.,   0.,   0.,  49.,   0.,   1.,  80.,   6., 251.],
        [ 10.,   0.,   2., 263.,  32.,  49.,   0.,   0.,  68.,   0.],
        [  2., 283.,   0.,   0.,   0.,   0.,   0.,  46.,   2.,  10.],
        [  8.,  55.,   0., 278.,   0.,  76.,   0.,   0.,   2.,   0.],
        [  3.,  71., 228.,  59.,   0.,   0.,  21.,   0.,   1.,   0.],
        [  1.,   0.,   1.,   0.,  20.,   0.,   0.,  98.,   8., 199.],
        [  0., 277.,   2.,   0.,   0.,   0.,   0.,   0.,   2.,   0.],
        [  1.,   0.,   0.,  12.,   0.,   0.,   0., 287.,   1.,  12.],
        [  6.,   0.,   8.,   0.,   0.,   0.,   2.,   0., 285.,   0.],
        [  3.,   0.,   0.,  67.,   0.,   0.,   3.,  36.,   9., 274.],
        [ 34.,  23.,   1., 255.,   0.,   0.,   0.,   0.,   3.,   0.],
        [162.,   0.,   0.,   1.,   0.,   0.,   1.,   0.,   3.,   0.],
        [  3., 285.,   1.,   0.,   0.,   0.,   0.,   0.,   5.,   0.],
        [  2.,   0.,   0.,   0.,   0.,   0., 293.,   0.,   1.,   0.],
        [  6.,  24.,   0.,   0., 244.,   0.,  21.,   0.,   7.,   2.],
        [  2.,   0.,  27.,   0.,   1.,   0.,  15.,   0.,   5., 280.],
        [  3.,   0.,   0.,   0., 258.,   0.,   6.,   0.,   6.,   0.],
        [  4.,   0.,   0.,   0.,   0.,   0.,   0., 245.,   7.,  43.],
        [  2.,   0.,   0.,   0.,   0.,  21., 297.,   0.,   6.,   0.],
        [  2.,   0.,   0.,  13.,   0.,   0.,   0.,  45.,   2., 225.],
        [  2.,   0.,   0.,   0.,   1.,  20.,   0., 299.,   4.,  10.],
        [  4., 287.,   3.,   0.,   0.,   0.,   0.,   0.,   8.,   0.],
        [ 16.,  49.,   1., 278.,   0.,   0.,   0.,   0.,   4.,   0.],
        [  2.,  82.,   0.,   0., 168.,   0.,  13.,   0.,  17.,   0.],
        [  4.,   0.,   0., 242.,  41.,   0.,   0.,   0.,  11.,   4.],
        [  2.,   0.,  60.,   0., 236.,   0.,   1.,  40.,   5.,   1.],
        [325.,   0.,   0.,  77.,   0.,   4.,   3.,   0.,  12.,   0.],
        [  1.,   0.,  14.,   0.,   0.,   0., 317.,   0.,   3.,   0.]],
       device='cuda:0')
Epoch 4 | Batch 300
tensor([[222.,   0.,   1.,  74.,   0.,  30.,   0.,   0.,   1.,   0.],
        [  0.,   0., 309.,   0.,   0.,   2.,   0.,   0.,   3.,   0.],
        [  0.,   0.,   0.,   0.,   3.,   0.,   0., 301.,   8.,   3.],
        [  1.,  16.,  20.,   0.,   2., 125.,   0.,   0.,   9.,   0.],
        [  9.,   0., 288.,   0.,   2.,   0.,   0.,   0.,   4.,   0.],
        [  0.,   0.,   0.,   0.,  64.,   1.,   0., 128.,   0., 278.],
        [  0.,  13.,   0., 170.,   0.,  49.,   0.,   0.,   1.,  26.],
        [  8.,   0.,   0.,  14.,   0., 282.,   0.,   0.,   2.,   3.],
        [  1.,   0., 275.,   0.,   0.,   1.,   0.,   0.,   2.,   0.],
        [  0.,   0.,  21.,   0.,  68.,  40.,   0., 205.,   0.,  70.],
        [ 38.,   0.,  33., 295.,   0.,  22.,   0.,   0.,   4.,   0.],
        [  0.,   0.,   0.,  53.,  67.,   3.,   0.,   0., 114.,   0.],
        [  0.,   0.,  27., 290.,   0.,   9.,   0.,   0.,  18.,   0.],
        [  0.,   0.,   0., 120.,   0.,  89.,   0.,   0.,  19.,   0.],
        [187.,   0.,   0.,   0.,   0.,  58.,   0.,   0.,   1.,   0.],
        [  0.,   0.,  23.,   0.,   0.,   1.,   0., 194.,   1.,  32.],
        [  0.,   5.,  36.,   0.,   1.,   1.,   0.,  36.,   0., 231.],
        [  0.,   0.,  18.,   0.,   0.,   0., 291.,   0.,   1.,  11.],
        [  0.,   0.,  25.,   0.,   0.,  10.,   0., 284.,   0.,  24.],
        [  0.,   0.,   0.,  16., 281.,   0.,   0.,   6.,   0.,   5.],
        [  2.,   0., 243., 146.,  19.,   0.,   0.,   0.,   2.,   0.],
        [  0.,  22.,   0.,   2.,   2.,   8.,   0.,   0.,   0., 275.],
        [  0.,   0.,   0.,   0.,   7.,   2.,   0., 308.,   0.,  28.],
        [  0.,   0.,  37.,   0.,   0.,   0., 264.,   0.,   0.,   1.],
        [ 67.,   0.,   0.,   0., 224.,   2.,   2.,   0.,   2.,   2.],
        [  2.,   0., 303.,   0.,  36.,   0.,  43.,   0.,  30.,   0.],
        [  0.,   0.,   1.,   0.,   0.,  38.,   1.,   0., 186.,  62.],
        [  0.,   0.,  74.,   0.,   3.,   1.,   0.,   0.,   0., 263.],
        [  0.,  17.,   0.,   0.,   0.,   5.,   0.,   0., 270.,   7.],
        [241.,   9.,   0.,   0.,  49.,   0.,   1.,   0.,   2.,   0.],
        [ 51.,   0.,   0.,  26.,   3.,   0.,   0., 305.,   0.,  18.],
        [  1.,   0.,   3.,   0.,   0.,   7.,   0.,   0., 291.,   0.],
        [  0.,   0.,   0.,   0., 201.,   0.,   0., 136.,   0.,  62.],
        [  0.,   0.,   0.,   0.,   7.,   3.,   0.,  94.,   0., 245.],
        [  0., 110.,   1.,   0.,   0.,   6.,   0.,   0., 260.,   0.],
        [  0.,   0., 318.,   0.,   0.,   0., 124.,   0.,   1.,   0.],
        [  0.,   0., 294.,   0.,   0.,   0.,   6.,   0.,   0.,   8.],
        [  0.,  28.,   8.,   0.,   0.,   2.,   0., 303.,   0.,  23.],
        [  8.,   0.,   0.,   0., 175., 276.,   0.,   0.,   4.,   0.],
        [  0.,   0., 316.,   0.,  78.,   1.,  48.,   0.,   1.,   1.],
        [309.,   0.,   0.,  52.,   3.,  47.,   0.,   0.,   1.,   0.],
        [  0.,   0.,   0.,   0., 262.,  15.,   0.,  66.,   0.,  15.],
        [  3.,   0., 137.,   0.,  24.,   5.,   0.,  21.,   1.,   0.],
        [  0.,  11.,   0.,  68.,   0., 173.,   0.,   0.,   5.,   0.],
        [  0.,   0.,   0.,   0.,  38.,   1.,   0., 158.,   0., 243.],
        [  1.,   0.,   0.,   0.,   3., 261.,   0.,   0.,  81.,   0.],
        [  2.,   0.,   0., 126.,   0., 157.,  36.,   0.,   5.,   0.],
        [  0.,   0.,   0.,   0., 176.,   2.,   0.,   0.,   0.,  21.],
        [  0.,   0.,   0.,   0.,  17., 251.,   0.,   0.,  80.,  12.],
        [ 96.,   0.,  28., 256.,   0.,   5.,   0.,   0.,  10.,   0.],
        [  0.,  22.,   0.,   0.,   0.,   6.,   0.,  57.,   0., 269.],
        [  4.,   0.,   0.,   0.,  22.,  71.,   0.,   0., 283.,   0.],
        [  0.,   0., 100.,   0.,   0.,   3.,   9.,  34.,   1.,  39.],
        [  0.,   0.,  37.,   0.,   0.,   0., 301.,   0.,   2.,   1.],
        [  0.,   0.,   0.,  46.,   0.,  10.,   0.,   0.,   0., 256.],
        [  0.,   0., 262.,   0.,   0.,   0.,   0.,  12.,   0.,   0.],
        [ 23.,   0.,   8., 273.,   0.,   5.,   0.,   0.,   0.,  38.],
        [  0.,   0., 300.,   0.,   7.,   0.,  13.,   0.,   6.,   0.],
        [  3.,   0.,   1.,  37.,   0.,  14.,   0.,   0., 218.,   0.],
        [231.,   0.,  33., 134.,   0.,  33.,   0.,   0.,  40.,   0.],
        [  1.,   0.,  75., 211.,   0., 100.,   0.,   0.,   3.,   0.],
        [  0.,   0.,  68.,   0.,   0., 180.,  62.,   0.,   0.,   0.],
        [  0.,   7.,   4.,   9.,   0.,   0., 289.,   0.,   0.,   0.],
        [  0.,   0.,   0.,   0.,   5.,  12.,   0.,  36.,   0., 269.]],
       device='cuda:0')
Epoch 4 | Batch 400
tensor([[  0.,  37.,   0., 199.,   0.,   0.,  15.,   0.,  44.,   1.],
        [  3.,   0., 302.,   0.,   0.,   0.,   0.,   0.,  67.,   1.],
        [298.,  15.,   0.,  18.,   0.,  11.,   0.,   0.,   1.,   0.],
        [  2.,   0.,  11.,   0.,   0.,   0., 285.,   0.,   8.,   5.],
        [ 62.,   0.,   0.,   0.,  60., 240.,   0.,   0.,   7.,   8.],
        [  1.,   0.,   0.,   0., 276.,   0.,   0.,  36.,   3.,  93.],
        [  3.,   0., 310.,   0.,   0.,   0.,  23.,   0.,   3.,   2.],
        [  0., 271.,   3.,   0.,   0.,   2.,   0.,  30.,   8.,   5.],
        [121.,   0.,   0.,   0.,   0.,  18.,   0., 126.,   0.,   0.],
        [  0.,   0.,   0.,   0., 283.,  33.,   0.,   0.,   4., 130.],
        [  0.,  22.,   0.,   0., 210.,  13.,   0.,   0.,   6., 244.],
        [  5.,   0.,   0., 136.,   0., 241.,   0.,   0.,  20.,   0.],
        [278.,   0.,   0.,   0.,   0.,   0.,   0.,   0.,   5.,   0.],
        [  6.,   0.,   0.,   0.,  46., 218.,   0.,   0.,  13.,   5.],
        [272.,   0.,   0.,   0.,   0.,   0.,   0.,   0.,   5.,   0.],
        [  9.,   0.,  24.,   0.,  24.,   0., 302.,   0.,  13.,   9.],
        [  0., 254.,   4.,   0.,   0.,   0.,   0.,   0., 138.,   4.],
        [  2.,   0.,   0.,   0.,   0.,   0.,   0., 202.,   3.,   8.],
        [  1.,  98.,   3.,  16.,   0.,   0.,   0.,   5., 148.,   5.],
        [  3.,   0., 288.,   2.,   0.,   0.,   0.,  40.,   3.,   0.],
        [292.,   0.,   0.,   0.,   0.,   8.,  12.,   0.,  13.,   0.],
        [111.,   0.,   0.,  40.,   0., 234.,   0.,   0.,  32.,   0.],
        [  2.,  50., 135.,   0.,   0.,   0.,  63.,   0.,   2.,   5.],
        [ 61.,   0.,   0.,  30.,   0., 238.,   0.,   0.,  74.,   0.],
        [  0., 182.,  51.,   0.,  54.,   0.,   0.,   0.,  97.,   0.],
        [  1.,   0.,   9.,   0.,   0.,   0., 309.,   0.,   3.,   4.],
        [284.,   0.,   0.,   0.,   0., 113.,  74.,   0.,   3.,   0.],
        [  3.,   0., 250.,   0.,   0.,   0.,   0.,   0.,  18.,   2.],
        [  2., 267.,   0.,   3.,   0.,  16.,   9.,   0.,   6.,  10.],
        [  5., 252.,  14.,  12.,   0.,   0.,  34.,   0.,  46.,  17.],
        [ 39.,   0.,   0., 252.,   0.,  22.,   0.,   0.,   3.,   0.],
        [238.,   0.,   0.,   0.,   0.,   0.,  23.,   0.,   4.,   0.],
        [  2.,  23.,   0.,   0.,   8.,   0.,   0.,   0.,   8., 308.],
        [  4.,  11., 262.,   0.,   0.,   0.,   0.,   0.,   3.,  30.],
        [ 22.,   0., 200.,   0.,   0.,   0.,  15.,   0.,   2.,   8.],
        [  0.,   0.,   0.,   0., 160.,  77.,   0.,   3.,   1., 230.],
        [  4.,  20.,   0.,   0., 260.,   0.,   0.,   0.,   2., 189.],
        [  1.,   0.,   0.,   0., 289.,   0.,   0.,   0.,   5.,  26.],
        [  1.,   0.,   7.,   0.,   0.,   0.,   0.,   0., 164.,   7.],
        [307.,   0.,   0.,   0.,   0.,   0.,   0.,   0.,   4.,   3.],
        [ 21.,   0., 128.,   0., 127.,   0.,   0.,   0.,   4.,  12.],
        [243.,   0.,   0.,   0.,   0.,  86.,   0.,   0.,  83.,   0.],
        [  6.,   0.,   0.,   0., 287.,   0.,   2.,   0.,   3.,  15.],
        [  5.,   0.,   0.,   0.,  66.,   0.,   0.,   4.,   5., 264.],
        [  0., 271.,   2.,   0.,   0.,   0.,   0.,   0.,  57.,   1.],
        [ 17.,   0.,   0., 149.,   0., 209.,   0.,   0.,   8.,   0.],
        [249.,   0.,   0.,   0.,   0.,  52.,   0.,   0.,   1.,   0.],
        [  0.,   0.,   0., 283.,   0.,   2.,   0.,   0.,   7.,   0.],
        [  0.,  36.,   0.,   0.,   0.,   0.,   0.,  73.,  39., 252.],
        [  5., 233.,   0.,   0.,   0.,   0.,   2.,   0.,  36.,   3.],
        [  3.,  15.,   0.,  75.,   0.,   0.,   0., 250.,   6.,  17.],
        [  2., 100.,   0.,   0.,   0.,   0.,   0., 245.,   5., 111.],
        [  0.,  15.,   0.,   0.,   0.,   0.,   0., 248.,   2.,  14.],
        [  0.,   6.,   0.,   0.,   0.,   0.,   0.,   0., 279.,   2.],
        [246.,   0.,   0.,   0.,   0.,   7.,  12.,   0.,   4.,   0.],
        [  5.,   0., 121.,   1.,  67.,  57.,   0.,   0., 162.,   0.],
        [ 31.,   0.,   0.,   0.,   0., 231.,   0.,   0.,  25.,   3.],
        [  5.,   0.,   0.,   0.,  48.,   0.,  30.,   0., 272.,   9.],
        [  0., 235.,   1.,   0.,   0.,   0.,   0.,  42.,  64.,   3.],
        [  0., 249.,   0.,   0.,   0.,   1.,   0.,  84.,   6.,  61.],
        [  0., 272.,   2.,   0.,   0.,   0.,   0.,   0., 138.,   2.],
        [ 14.,   0.,   0., 288.,   0.,  13.,   0.,   0.,   0.,   0.],
        [  0.,   0.,   0., 289.,   0.,   0.,   0.,   0.,   2.,   0.],
        [300.,   0.,   0., 114.,   0.,   0.,   0.,   0.,   5.,   0.]],
       device='cuda:0')
Epoch 4 | Batch 500
tensor([[ 93.,   0.,   0.,   1.,   0., 289.,   0.,   0.,   3.,   0.],
        [  0., 233.,   0.,   4.,   0.,   0.,   0.,   0.,   2.,   0.],
        [  0.,   0.,   0.,   2.,  16.,   0.,  22.,   0.,   2., 267.],
        [  0.,   0., 277.,  18.,  40.,   0.,  64.,   0.,   1.,   0.],
        [  0.,   0., 228.,   3.,   0.,   9.,   1.,   0.,   1.,   9.],
        [271.,   0.,  77.,   3.,   0.,   0.,   0.,   0.,   6.,   0.],
        [  0.,   0.,   0.,   4.,   0.,   0., 281.,   0.,  91.,   2.],
        [  0.,  11.,   0.,  47.,   0.,   0.,   0.,  11., 264.,   1.],
        [  0.,   0.,   0.,   0., 269.,   0.,  16.,  26.,   1.,   2.],
        [  0.,   0.,   0., 278.,   0.,  61.,   0.,   0.,   0.,   0.],
        [  2.,   0.,   0.,   0., 223.,   0.,   7.,   0.,   2.,   0.],
        [  0.,   0.,   0.,   4., 274.,   0.,   1.,   0.,   1., 117.],
        [  0., 216.,   0.,  30.,   0.,   6.,   5.,   0.,  64.,   0.],
        [  0.,   0.,   0.,   1.,  30.,  18., 250.,   0.,  34.,   0.],
        [  0.,   0., 284.,   1.,  57.,   0.,  65.,   0.,   3.,   0.],
        [  0.,  14.,   0.,  26.,   0.,   0.,   0.,   0., 232.,   5.],
        [  0., 234.,   0.,   4.,   0.,   0.,   0.,   0.,   0.,   1.],
        [  0.,   0.,   0.,   3., 217.,  34.,  84.,   0.,  65.,  71.],
        [306.,   0.,   0.,   0.,   0.,   0.,   0.,   0.,   3.,   0.],
        [ 25.,   0., 234.,   1., 220.,   4.,  10.,   0.,   3.,   2.],
        [  0.,   0.,  13.,   2., 219.,  30.,   0.,  35.,   2.,   6.],
        [ 25.,  13.,   0.,   2.,   0.,   0.,   0., 287.,   1.,  13.],
        [  0.,   2., 300.,   0.,  12.,   0.,  35.,   0.,   4.,   0.],
        [  0.,   0.,  14., 224.,   0.,  79.,   0.,   0.,   0.,   0.],
        [  0., 121.,   0.,  23.,   0.,   0.,   0.,   0.,   0., 120.],
        [  0.,   0., 278.,   7.,   0.,   0.,  17.,   0.,   0.,   0.],
        [  0.,   0.,   0.,   1., 245.,  26., 107.,   0.,  41.,  23.],
        [  0.,   0.,   0., 140.,   1.,   7.,   0.,   0.,   2.,   0.],
        [  3.,   0.,   0.,   0.,   0.,   0.,   0., 248.,   1.,   1.],
        [  1.,   0.,   0., 300.,   0.,  41.,   0.,   0.,   1.,   0.],
        [131.,   0.,   0.,  48.,   0., 281.,   0.,   0.,  59.,   0.],
        [  0.,  87.,   7.,  22.,   0.,   0.,   0.,   0., 243.,   1.],
        [  0.,   0.,   0.,   2.,  56.,   0.,   0., 278.,   3.,   2.],
        [  0.,   0.,   0.,  50.,   0., 251.,   0.,   0.,   1.,   0.],
        [140.,   0.,   0.,   1.,   0.,   0.,   0.,   0., 181.,   0.],
        [  0.,   0.,  92., 270.,   0.,   0.,   0.,   0.,   1.,   0.],
        [  0., 225.,   0.,  10.,   0.,   0.,   0.,   0.,   7.,   0.],
        [  0.,   0.,   0.,   3.,   3., 281.,   0.,   0.,   3.,   0.],
        [  0.,   0.,   0.,   0.,   0., 183.,   0.,  13.,   0.,  11.],
        [  0.,   0.,   0., 275.,   1.,  90.,   0.,   0.,   6.,   0.],
        [  0.,  69.,  86.,   7.,   0.,   0.,  16.,   0.,   1.,  55.],
        [  2.,   0., 220.,   0.,   0.,   0.,  69.,   0.,  10.,   0.],
        [  0., 202.,   3.,   6.,   0.,   0.,   0.,   0.,   5.,   0.],
        [  3.,   0.,   0.,   6.,   7., 268.,   0.,   0.,   7.,   0.],
        [  0.,  21.,   0.,   0., 208.,   0.,   0.,  67.,   4.,   7.],
        [  0.,   0.,  43.,   2.,   1.,   0., 270.,   0.,   2.,   1.],
        [  0.,   0.,   0.,   1., 252.,  72.,   1.,   0.,  88.,  63.],
        [  0.,   0., 234., 247.,   0.,   0., 161.,  31.,   0.,   0.],
        [  0.,   0., 230.,   1.,  72.,   0.,   2.,   0.,   7.,   2.],
        [  0., 220.,   0.,  26.,   0.,   0.,   0.,   0.,   7.,   0.],
        [  0., 208.,   0.,  11.,   0.,   0.,   4.,   0.,   0.,  48.],
        [  0.,  40.,   0., 242.,   0.,  76.,   0.,   0.,   1.,   2.],
        [  0.,   0., 110.,  24.,   0.,  41.,   0.,   0.,   2.,   1.],
        [  0.,   1., 138.,   9.,   0.,   0.,  19.,   0.,   3.,   0.],
        [  0.,   0.,  10.,   0.,   0.,   0., 287.,   0.,   4.,   0.],
        [  0., 220.,   0.,  11.,   0.,   0.,   6.,   0.,   3.,  13.],
        [  0.,   0., 251.,   4.,   0.,   0.,   0.,   0.,   0.,   3.],
        [264.,   0.,  23.,  39.,   0.,   0.,   0.,   0.,   2.,   0.],
        [  0.,  25.,  21.,  57.,   0., 276.,   0.,   0.,   3.,   0.],
        [250.,   0.,   0.,   9.,   0.,   0.,   0.,   0.,  84.,   0.],
        [  0.,   0.,   3.,   3.,   2.,   0., 281.,   0.,   4.,   1.],
        [284.,   0.,   0.,   4.,   0.,   0.,   0.,   0.,   1.,   0.],
        [  0.,   0.,   0.,   6.,  32.,   0.,   0.,   0.,   2., 273.],
        [  0.,  28., 244.,  46.,   0.,   0.,   0.,   0.,  53.,   0.]],
       device='cuda:0')
Epoch 4 | Batch 600
tensor([[  1.,   0.,   0., 263.,   0.,   0.,   2.,   0.,  29.,   0.],
        [  6.,   0.,   0., 104.,   0.,  42.,   0.,   0.,  19., 284.],
        [129.,   0.,   0.,   0.,   2.,   0.,   0., 282.,   0.,   9.],
        [  1., 275.,   0.,   1.,   0.,   0.,   0.,   0.,   0.,   0.],
        [ 10.,   0.,   0.,   0.,   0.,   0.,   0.,   0.,   0., 287.],
        [  8.,   0.,   2.,   1.,   5.,  60.,   0.,   0.,   0., 299.],
        [311.,   0.,   2.,   0.,   0.,  59.,   0.,   0.,  46.,   0.],
        [  2.,   5., 307.,  15.,   0.,   0.,  29.,   0.,   9.,   0.],
        [  3.,  15.,   0.,   0.,  12.,   0.,   0.,   0.,  19., 257.],
        [  5.,   0.,  10.,   0.,   0.,   0., 281.,   0.,   0.,   0.],
        [ 41.,   0.,   0.,   0.,   0.,   0.,   0., 286.,   0.,  84.],
        [  0.,   0.,   0.,  26.,  88.,   2.,   0.,   0.,  76.,  82.],
        [ 10.,   0.,   0.,  28.,   0.,   0.,   0., 251.,   0.,   2.],
        [  1., 259.,   0.,   0.,   0.,   0.,   0.,   0.,   0.,   5.],
        [  4.,   0.,  30.,   0.,   0.,  69.,   0.,   0.,   0., 287.],
        [  0.,   0.,   0.,   0., 261.,  11.,   0.,  14.,   0.,   7.],
        [  3.,   0., 287.,   0.,   0.,   0.,  30.,   0.,   0.,   0.],
        [  3., 265.,   0.,  45.,   0.,   0.,   2.,   0.,   0.,   1.],
        [ 66.,   0.,   1.,   0.,   0., 228.,   0.,   0.,  25.,   1.],
        [ 92.,   0., 292.,   0.,   0.,   0.,   1.,   0.,   0.,   0.],
        [  1., 263.,   0.,   0.,   0.,   0.,   2.,   0.,   0.,   3.],
        [  0., 267.,   0.,   0.,   0.,   0.,  16.,   0.,   0.,   0.],
        [ 11.,   0.,   1., 303.,   0.,  83.,   0.,   0.,   0.,   0.],
        [ 15.,   0.,  12.,   0.,   5.,   0., 259.,   0.,   0.,   0.],
        [ 30.,   0.,  82.,   0.,   0.,   0., 184.,   0.,   0.,   0.],
        [  7.,   0.,   3., 272.,   0.,   0.,  75.,   0.,   0.,   0.],
        [  1.,  58.,  84.,   8.,   0.,   0.,   0.,  83.,   0., 110.],
        [  3.,   0., 311.,   0.,   0.,   0.,   2.,   0.,   0.,   2.],
        [  6., 103.,   0.,   0., 128.,   7.,  53.,   0.,  46.,   1.],
        [ 32.,  76.,   2., 280.,   0.,   0.,   0.,   0.,   0.,   0.],
        [ 10.,   0.,  44.,  89.,   0.,   0.,   0.,   0., 202.,   0.],
        [  2.,   0.,   0.,   0., 280.,   0.,  33.,   0.,   0.,   3.],
        [312.,   0.,  79.,  17.,   0.,   0.,   0.,  11.,   0.,   0.],
        [  4.,   0.,   1.,   0.,   0.,   0.,   0., 261.,   0.,   3.],
        [  4.,   0., 288.,   3.,   0.,   0.,  73.,   1.,   0.,   0.],
        [151.,  13.,   1.,   0.,   0.,   0.,   0.,   0.,   2.,   0.],
        [ 39.,   0.,   3.,  74.,   0.,   0.,   0.,   0., 216.,   0.],
        [  5.,  46.,   0., 288.,   0.,   0.,   0.,   3.,   0.,   0.],
        [  2., 279.,   0.,   0.,   0.,   0.,   4.,   0.,   0.,   0.],
        [ 53.,   0.,   0.,  32.,   0.,   0.,   0., 301.,   0.,   9.],
        [  4., 106.,   0.,   1.,   0.,   0.,   1.,   0., 241.,   8.],
        [  1.,  17.,   0.,  11., 275.,   2.,   0.,  78.,   0.,  35.],
        [  4.,   0.,   0.,   0.,   0.,  90.,   0.,   0.,  95., 286.],
        [ 20.,   0.,   0.,   2.,  24.,  65.,   0., 267.,   0.,  87.],
        [  5.,   0.,   0.,   8.,   0., 188.,   2.,   0.,  31.,   0.],
        [  2., 248.,   0.,   0.,   0.,   0.,   1.,   0.,   0.,   0.],
        [  7.,   0.,   1.,   0.,   0.,   0.,   0.,  31.,   0., 250.],
        [  2., 242.,   0.,   0.,   0.,   0.,   2.,   0.,   0.,   0.],
        [  8.,   0.,   7.,  13.,   0.,  70.,  62.,   0.,  82.,   0.],
        [ 31.,  12.,   1.,   1.,   0., 216.,   0.,   0., 104.,   5.],
        [  8.,   0.,   0.,   1.,  86.,   0.,   0., 276.,   0.,  23.],
        [  1.,   0.,  21.,   0.,  23.,   0., 294.,   0.,   0.,   2.],
        [  1., 266.,   0.,   0.,   0.,   0.,   0.,   0.,   0.,  11.],
        [  6.,   7.,   1.,   0.,   0.,   0.,   0.,   0., 267.,   0.],
        [  3.,  26.,   1.,   2.,   0., 228.,   5.,   0.,   0.,   0.],
        [  2., 267.,   0.,   0.,   0.,   0.,  47.,   0.,   0.,  27.],
        [  9.,   0.,   0.,  23.,   0.,   0.,   0., 306.,   0.,   9.],
        [  3.,   1.,   2.,   0.,   0.,   0.,   1.,   0., 204.,  81.],
        [  5.,   0.,   0.,   0.,   0.,   0.,   0., 269.,   0.,  39.],
        [ 45.,   0.,   3., 116.,   0.,   0.,   0.,   0., 261.,   0.],
        [  6.,   0., 154.,   3.,   0.,   0.,   0.,   0.,   0.,   0.],
        [ 48.,   0.,   1.,   0.,  18.,   5., 261.,   0.,   0.,   0.],
        [  7.,   0.,   1., 278.,   0.,   2.,   0.,   0.,   0.,   5.],
        [  2., 247.,   0.,  34.,   0.,   0.,   1.,   0.,   0.,   4.]],
       device='cuda:0')
Epoch 4 | Batch 700
tensor([[  0.,   0.,   2.,   0.,  17.,   0.,   0.,  98.,   4., 278.],
        [  0.,   0.,  12.,  35.,   4.,   0., 249.,   0.,   1.,   0.],
        [  0.,   0.,   0.,   0., 279.,   0.,   0.,   0.,  54.,  48.],
        [ 20.,   0., 290.,   0.,   0.,   0.,  98.,   0.,   5.,   0.],
        [  0.,   0.,   0.,   0.,   0.,   0.,   0., 292.,   2.,   1.],
        [  0.,  73.,   2., 258.,   3.,  56.,   0.,   0.,   6.,   3.],
        [  0.,   0.,   0.,   0., 206.,   0.,   0., 115.,   6., 115.],
        [ 13.,   0.,   0.,   0.,  10., 253.,   0.,   0.,   3.,   2.],
        [138.,   0.,   0.,   0.,   0.,  46.,   0.,   0.,   3.,   3.],
        [  0.,   0.,  32.,   0.,   1.,   0.,   0.,  21.,   0., 284.],
        [  0.,   0.,   0.,   0.,  19.,   0.,   0.,   9.,   8., 210.],
        [ 52.,   0.,   0.,   0.,   9.,   0.,   0., 281.,   2.,  11.],
        [  3.,   0.,   0., 253.,   1.,   3.,   0.,   0.,   3.,   0.],
        [  0., 291.,   0.,   0.,   0.,   0.,   0.,   0.,   0.,   0.],
        [291.,   0.,   0.,   7.,   0.,   2.,   0.,   0.,   0.,   0.],
        [  0.,  28.,   0.,  58.,   0.,   0.,   0.,  97.,  84.,   5.],
        [  0., 255.,  10.,  28.,  18.,   0.,   0.,   0.,  23.,   0.],
        [  0., 291.,   0.,   0.,   0.,   0.,   0.,   0.,   1.,   0.],
        [  1.,   0.,  99.,   0.,   3.,   0., 288.,   0.,   1.,   0.],
        [  0.,  16.,   0.,   0.,   2., 200.,  10.,   0.,   4.,   0.],
        [125.,   0.,   0.,   0.,   0., 121.,  55.,   0.,  37.,  74.],
        [294.,   0.,   0.,   0.,   0.,   0.,   1.,  25.,   0.,   0.],
        [  0.,   0.,   0.,   0.,  69.,   0.,   0., 292.,  16.,  28.],
        [  5.,  10.,   0., 268.,   0.,  68.,   0.,   0.,   2.,   0.],
        [  0., 285.,   0.,   0.,   1.,   0.,   0.,   0.,   2.,   0.],
        [ 81.,   0.,   0.,  46.,   1.,  89.,   0.,   0.,   4., 249.],
        [  0., 107., 219.,  47.,   0.,   0.,   0.,   0.,  21.,   0.],
        [  0.,   0.,   0.,   0.,   3., 176.,   0.,   0.,   3.,   0.],
        [  0.,   0.,   0.,   0.,   0.,   0.,   0.,   0., 273.,   0.],
        [106.,   0.,  64.,   0.,   1.,   0., 297.,   0.,   1.,   0.],
        [  0.,   0.,  60.,   0.,  14.,   0., 179.,   0.,   0.,   0.],
        [291.,   0.,   0.,  96.,   0.,   6.,   0.,   0.,   2.,   0.],
        [107.,   0.,   9.,   0.,   0.,   0., 275.,   0.,   0.,   0.],
        [  0.,   0.,   3., 226.,  13.,   0.,   0.,   0.,   6.,   0.],
        [  0.,   0.,   0.,   0., 259.,   0.,   0.,  12.,   9.,  59.],
        [  0.,  20.,   6., 218.,   0.,   0., 103.,   0.,   0.,   0.],
        [  0.,   0.,   0.,   0.,   0.,   0.,   0., 279.,   0.,  13.],
        [  0.,   0.,   4.,   0.,   0.,   0., 171.,   0.,   0.,   0.],
        [301.,   0.,   5.,   0.,   0.,   6.,   0.,   0.,   0.,   0.],
        [  0.,   0.,  13.,   0.,  22.,   0., 261.,   0.,  47.,   0.],
        [  0.,   0.,   0.,   0.,   0.,  14., 276.,   0.,   1.,  50.],
        [  9.,   0.,   0.,   0., 227.,   0., 140., 125.,   2.,   3.],
        [  0.,   0., 181.,   0.,   4.,   0.,   5.,   0.,  43.,   2.],
        [  0.,   0., 308.,   0.,   0.,   0.,   0.,   0.,   2.,   0.],
        [286.,   0.,   0.,   0.,   0.,  87.,   0.,   0.,   0.,   0.],
        [  0.,   0.,   4.,   0.,   1.,   0., 159.,   0.,   1.,   0.],
        [  0., 292.,   0.,  29.,   1.,   0.,  25.,   0.,   1.,   0.],
        [  0.,   0.,   0.,   0.,   5.,   0.,   0., 286.,   1.,   0.],
        [  0.,   0.,  31.,   0., 162.,   0.,   0.,   0.,   0., 119.],
        [164.,   0.,   0.,   0.,   0.,   0.,  18.,   0.,   2.,   3.],
        [ 15.,  70.,   0.,  10.,   2.,  22.,   0.,  32., 103.,   0.],
        [  0.,   0., 263.,   0., 122.,   0.,   4.,   0.,   1.,   0.],
        [  0.,   0.,   0.,  36.,  11.,   0.,   0., 296.,   2.,   7.],
        [  3.,   0., 222.,   0.,   1., 132.,   0.,   0.,   3.,   0.],
        [305.,   0.,   0.,   0.,   0.,   0.,   1.,   0.,   0.,   0.],
        [  0.,   0., 276.,   0.,   0.,   0.,   0.,  94.,   2.,   0.],
        [ 19.,   0.,   0.,   1.,  36.,   0.,   0., 279.,   1.,  10.],
        [  0.,   0.,   0.,   0.,  48.,   0.,   9.,   0.,   3., 251.],
        [  0.,  47.,   0.,   0.,   3.,   0.,   0.,   0., 253.,   0.],
        [  0., 220.,  14.,   0.,   4.,   0.,   0.,   0.,  53.,   0.],
        [  0.,   0.,   0.,   0., 225.,   0.,  92.,  27.,   2.,   5.],
        [280.,   0.,   0.,   0.,   0.,   0.,  19.,   0.,   0.,   0.],
        [ 13.,   0., 107.,   0.,   1.,   0., 295.,   0.,   0.,   0.],
        [  0.,   0.,   0.,   0.,   1.,   0., 260.,   0.,  98.,   0.]],
       device='cuda:0')
Epoch 4 | Batch 800
tensor([[117.,   0.,   9.,   0.,   0.,  12.,   0.,   0., 267.,  98.],
        [  0.,   0.,   2., 261.,   0.,   0.,   0.,  19.,   0.,   0.],
        [ 24.,   0.,   0.,  31.,   0., 159.,   0.,   3.,   0.,   0.],
        [  0.,   0.,   0.,   0.,   0.,   0.,   0., 273.,   0.,   9.],
        [270., 122.,   0.,  91.,   0.,   0.,   0.,   0.,   0.,   0.],
        [  0.,   0., 131., 210.,   0.,   0.,   0.,   0.,   0.,   0.],
        [ 15.,   0.,   0.,   0.,  42.,   0.,   0., 153.,   0.,  20.],
        [298.,   0.,  67.,   0.,   0.,   0.,   0.,   0.,   0.,   1.],
        [  0.,  49.,   0.,   0., 246.,   6.,   0.,   0.,   0.,   6.],
        [  0.,   0.,   0.,   0., 283.,  11.,   0.,   0.,   0.,   5.],
        [  0.,  31.,   0.,   0.,   0.,  27., 257.,   0.,   1.,   0.],
        [  3.,   0., 261.,   0.,   0.,   0.,   4.,   0.,   0.,   1.],
        [  0., 240.,   0.,   0.,   0.,   0.,   0.,   0.,   0.,   0.],
        [  0.,   0.,   0.,   0.,   0.,   0.,   0., 288.,   0.,  10.],
        [  0.,   0.,   0.,  92.,   0., 217.,   0.,   0.,   0.,  21.],
        [  9.,   0.,  96.,   0.,  90., 117.,   0.,   0.,   3.,   9.],
        [  0.,   0.,   0.,   0.,   0.,   0.,   0., 284.,   0.,  19.],
        [167.,   0.,   0.,  71.,   0.,   0., 126.,   0.,   2.,  79.],
        [  0.,   0.,  43.,   4.,   0., 219.,   0.,   0.,   1.,   1.],
        [  0.,   0.,   0.,  11., 101.,  50.,   0.,   0.,   0., 176.],
        [  0.,   0.,   0.,   0., 108.,   0.,   0.,  17.,   0., 261.],
        [  0.,   0., 278.,  33.,   0.,  18.,   0.,   0.,   0.,   1.],
        [  0.,   0.,   0.,   9.,   9.,   8.,   0.,   1.,   0., 216.],
        [  0.,   0.,   0.,   4.,   0., 254.,   0.,   0.,   0.,  49.],
        [  0., 204.,   2.,   0.,   0.,  12.,   0.,   4.,   0.,   1.],
        [  0.,   0.,   0.,   0.,   0.,  58.,   0., 281.,   0.,  28.],
        [  0.,   0.,   0.,   2.,   1., 256.,   0.,   0.,   3.,   6.],
        [ 23.,   0.,   0.,   0.,   0., 237.,   0.,  37.,   0.,   0.],
        [  0., 244.,   0.,   0.,   0.,  20.,   0.,   0.,   0.,   2.],
        [  0.,   0.,   1.,   0., 266.,  27.,   0.,   0.,   0.,   2.],
        [  0.,   0.,   0.,   0.,  36.,   0.,  65.,   0.,   0., 258.],
        [  6.,   0.,   4.,   0.,   0.,   0., 281.,   0.,   0.,   0.],
        [  0.,   0.,   0.,  58.,   0.,   0., 279.,   0.,  97.,  15.],
        [ 84.,  25.,   1.,   0.,   0., 260.,   0.,   0.,   1.,   0.],
        [  0.,   0.,   0.,   2.,   1., 246.,   0.,   0.,   2.,   2.],
        [203.,   0.,   2.,  12.,   0.,   0.,   0.,   0.,   0.,   6.],
        [  0.,   0.,   0., 247.,   0.,  26.,  77.,   0.,   0.,  45.],
        [  0.,   0.,   2.,   3.,   0., 237.,   0.,  72.,   0.,   0.],
        [  0., 181.,   5.,   0.,   0.,  15.,   0.,   0.,   0.,   0.],
        [  0.,   0.,  30., 218.,   0.,   0.,   0.,   0.,   0.,   5.],
        [  0.,  29.,   1., 220.,   0.,   2.,   0.,   0.,  45.,   5.],
        [  0.,   0.,   0.,   0.,  60.,   0.,   0., 270.,   0.,  37.],
        [  0.,   0.,   0.,   0.,   0.,   0.,   0., 281.,   0.,  38.],
        [  0.,   0.,   0.,   0.,   0.,  19.,   0., 289.,   0.,  18.],
        [  0.,   0.,   0.,   0.,   0.,  97.,   0.,  74.,   0., 228.],
        [  0.,   0., 257.,  55.,   0.,   0.,   0.,  58.,   0.,   0.],
        [293.,  13.,   0.,   0.,   0.,   0.,   0.,   0.,   0.,   0.],
        [  0.,  23.,   0.,   1.,   0., 247.,   0.,   0.,   0.,   3.],
        [ 12.,   0., 281.,   0.,   0.,   0., 104.,   0., 117.,   7.],
        [  0.,   0.,   5.,   0.,   0.,   0., 300.,   0.,   0.,   2.],
        [  0.,   0.,   1.,   2.,   0.,   0., 280.,   0.,   0.,   2.],
        [  0.,   0.,   0.,   0.,   0.,   0.,   0., 287.,   0.,  12.],
        [  0., 153.,   0.,   0.,   0.,  17.,   0.,  34.,   0.,   0.],
        [  0.,   0., 286.,   0.,   7.,  31.,   0.,   0.,   0.,   0.],
        [168.,  12.,   0.,   0.,   0.,   3.,   0.,   0.,   0.,   0.],
        [269.,  61.,   0.,   0.,   0.,   0.,   0.,  48.,   0.,   0.],
        [  0.,   0.,  13., 282.,   0.,  24.,   0.,   3.,  13.,   0.],
        [  0.,   0.,   0.,   0.,   0.,   9.,   0., 276.,   0.,  10.],
        [  0.,  44.,   0.,   0.,   0.,   5., 280.,   0.,  47.,   5.],
        [295.,   0.,   0.,  10.,   0.,   0.,   0.,   0.,   0.,   0.],
        [141.,   0.,   0.,   0.,   0., 168.,   0.,   0.,   0.,   0.],
        [  0.,  47.,   0., 249.,   0.,  41.,   0.,   0.,   0.,   0.],
        [306.,   0.,   0.,  24.,   0.,   0.,   0.,   0.,   0.,   0.],
        [  0., 229.,   0.,  40.,   0.,  47.,   0.,   0.,   0.,   2.]],
       device='cuda:0')
Epoch 4 | Batch 900
Switching label layer to Inference Mode (LIF)...
Epoch 4 DONE | Test Acc: 77.45% | Time: 821.4s
Switching label layer back to Training Mode (Clamp)...
tensor([[  0., 275.,   0.,   3.,   0.,   0.,   0.,   0.,   0.,   0.],
        [146.,   0.,   0.,   4.,   0.,  21.,   0.,   0.,  12.,   0.],
        [  0.,   0.,   0.,   0.,   0.,   0., 289.,   0.,   0.,   0.],
        [  1.,   0.,   0.,  10.,  23.,   0.,   0.,   0., 258.,   4.],
        [  1.,   0.,   0.,   0.,  78.,   0.,   0.,   0.,   2., 264.],
        [  2.,  23.,   0., 189.,   0.,  71.,   0.,  80.,  36.,   0.],
        [  1.,  40.,   0., 103.,   0.,   0.,   0.,   0., 147.,   0.],
        [  2.,   0.,  38.,   0.,  22.,   0., 285.,   0.,   2.,   0.],
        [  5.,   0.,  99., 204.,   0.,   5.,   0.,   0.,   1.,   0.],
        [ 28.,   0.,  59.,   4.,   0., 144.,  21.,   0., 225.,   0.],
        [  1.,   0.,  26.,  12.,   0.,  52.,   0.,   0., 199.,   0.],
        [  0., 148.,   0.,   0.,   0.,  16.,   0.,  14.,   8.,  32.],
        [  2.,   0.,   0.,   1.,   0.,   0.,   0., 288.,   1.,  24.],
        [  0.,   0., 172.,  66.,   0.,   0.,   0.,   0.,   2.,   0.],
        [  3.,   0.,  23.,   0.,   0.,   2., 303.,   0.,   3.,   0.],
        [  1.,   0.,   0., 261.,   0.,   9.,   0.,   0.,   0.,   0.],
        [  1.,   0.,   0.,   4.,   0.,   0., 298.,   0.,   5.,   0.],
        [  1.,   0.,  12.,  45.,   0.,   0.,   0., 260.,   3.,   1.],
        [  0., 272.,   0.,   3.,   0.,   0.,   0.,   0.,   0.,   0.],
        [  0.,  18.,   0.,   0., 264.,   0.,   0.,   0.,  11.,  63.],
        [  2.,   0.,   0.,   3.,  32.,   6.,   0.,   2.,  38., 257.],
        [  2.,   0.,   0.,   2.,   0.,   8., 305.,   0.,   5.,   0.],
        [  3.,   0.,   0.,   5.,  22., 274.,   0.,   0.,  26.,   4.],
        [160.,   0.,   0.,   0.,   6., 275.,   0.,  56.,  56.,  98.],
        [  0.,  11.,   0.,   2.,   0.,   0., 288.,   0.,   2.,   0.],
        [  2.,   0.,   0., 258.,   0.,  22.,   0.,  35.,   5.,  12.],
        [  6.,   0.,   0.,   0.,   0.,   0.,   0., 220.,   4., 275.],
        [  5.,   0.,   0.,   0.,   0.,   0.,   0.,  88.,   1., 221.],
        [  4.,   0.,   0.,  36.,  25., 277.,   0.,   0.,  29.,   0.],
        [ 63.,   0.,  11.,   0.,  12.,   5., 273.,   0.,   0.,   0.],
        [  2.,   0.,   0.,  92.,  19., 230.,   0.,   0.,  22.,  28.],
        [  0., 211.,  14.,   7.,   0.,  54.,   0.,   0.,   7.,   0.],
        [  0.,   0.,   0.,   0., 286.,   0.,   0.,   0.,  22.,  57.],
        [  0.,   3., 280.,  47.,   0.,   0.,   0.,   0.,   0.,   0.],
        [231.,   0.,   0.,   1.,   0.,  25.,   0.,   0.,   1.,   0.],
        [  0.,   0.,   0.,   0., 236.,   0.,   0.,   0.,  46.,  67.],
        [  2.,   0.,   0., 230.,   0.,   1.,   0.,   5.,   7.,   0.],
        [  0.,   0.,   0., 163.,   0.,  80.,   0.,  61.,  22.,  24.],
        [296.,   0., 123.,   0.,   0.,  15.,   0.,   0.,  14.,   0.],
        [  1.,  84.,  24.,   0.,   0.,   0.,   0., 245.,   7.,   1.],
        [  1.,   0.,  58.,   0.,   5.,  48.,   0.,  93.,   0., 263.],
        [  2.,   0.,   0.,   8.,  86.,   0.,   0.,  97.,   2.,  61.],
        [  0., 274.,   0.,   4.,   0.,   0.,   0.,   0.,   0.,   0.],
        [ 13.,  63., 259.,   0.,   0.,  24.,  13.,   0.,   0.,   2.],
        [  2.,  18.,   0.,   3.,  99.,   0.,   0.,   0.,   4., 281.],
        [  0., 246.,   0.,   2.,   0.,   0.,   0.,   0.,   0.,   9.],
        [  1.,   0.,   0.,   1., 271.,   0.,   0.,   0.,   2.,  18.],
        [  2.,   0.,   0.,  10.,   0.,  57.,   0.,   0., 270.,   0.],
        [  2.,   0.,   0.,   4.,   0.,   0.,   0., 277.,   0.,  84.],
        [304.,   0.,  12.,   1.,   0.,   0.,   0.,   0.,  12.,   0.],
        [ 14.,   0.,   3.,  21.,   0.,  39.,   0.,   0., 219.,   0.],
        [  2.,   0.,   0.,   3., 283.,   0.,   0.,   0.,   4.,  95.],
        [ 51.,   0., 138.,   0.,   0.,   0.,   0.,   0.,   1., 200.],
        [  0.,   0.,  43.,   0., 269.,   0.,   0.,   0.,   1.,  18.],
        [  1.,  45.,   8.,   0.,   0.,   0.,   0.,   9.,   2., 177.],
        [ 11.,   0.,   0.,   0.,  10.,   0.,   0., 192.,   0.,   3.],
        [282.,   0.,   0.,   0.,   0.,  42.,   0.,  20.,   0.,   0.],
        [  4.,   0.,   0.,   0.,  26.,  42.,   0.,  57.,   0., 259.],
        [  5.,   0.,   0., 259.,   0.,  30.,  24.,   2.,   5.,   0.],
        [  2.,   0., 109.,   2.,   0.,   0.,   0.,   0., 169.,  31.],
        [  0.,  10.,   9.,   0.,   0., 208.,   0.,   0.,  36.,   0.],
        [  0.,   0.,   0., 172.,   0.,  49.,   0.,  18.,  12.,   0.],
        [  0.,   0.,  35.,   0.,   0.,   0., 300.,   0.,   1.,   0.],
        [  0.,  35.,   0.,   1.,  68.,   7.,   0.,   0.,   0., 209.]],
       device='cuda:0')
Epoch 5 | Batch 0
tensor([[ 69.,   0.,   0.,   0.,  45.,  48.,   0., 214.,   0.,   1.],
        [ 24.,   0.,   0., 273.,   0.,   0.,   0.,  21.,  79.,   0.],
        [  0., 130., 272.,  46.,   0.,   0.,   0.,   0.,   0.,   0.],
        [ 50.,   0.,   0.,   0.,   3.,  17.,  16., 254.,  11.,  23.],
        [  1.,   0.,   0.,  70.,  13., 258.,   0.,   0.,   0.,   1.],
        [  5.,   0.,   0.,   0.,  28., 102.,  24.,   0.,   4.,  23.],
        [  6.,   0.,   0.,  31.,   1., 238.,   0.,   0.,  68.,   4.],
        [  0.,   0.,   3.,   0.,  17.,   0., 290.,  10.,   0.,   0.],
        [  1.,   0.,   0., 261.,   0.,   0.,   0.,   9.,   4.,   1.],
        [196.,   0.,   5.,   0.,   1.,   0.,   5.,   0.,   0.,   0.],
        [  3., 250.,   0.,  99.,   0.,   0.,   0.,   0.,   1.,   2.],
        [  0.,   0.,   0.,   0., 255.,   0.,   2.,   0.,   1.,   2.],
        [  1.,   0.,   0.,   0.,   8.,   0.,   0., 278.,   0.,  12.],
        [  1.,   0.,   0.,   0.,   0.,   0.,   0., 251.,   0.,   4.],
        [  0.,   0.,   0.,   0.,   2.,   0., 287.,   0.,   0.,   2.],
        [  0.,   0.,   0.,   0., 260.,   0.,   7.,   0.,   0.,   3.],
        [ 10.,   0.,  16.,   0.,  52.,  77.,   0.,   0., 304.,   7.],
        [  4., 264.,   0.,   4.,   0.,   0.,   0.,   0.,  19.,   0.],
        [  6.,   0.,   1.,   0.,  85.,   0.,   0.,   0., 291.,   5.],
        [  1.,  46.,   0.,  20.,   0.,   0.,  34.,   0., 257.,   0.],
        [  4.,   0.,   0., 137.,   0., 228.,   0.,   0.,  27.,   4.],
        [  0.,   0., 228.,  16.,   4.,   0.,  42.,   0.,  64.,   0.],
        [  0.,   0.,   8.,   0., 268.,   1.,   2.,   0.,   0.,   7.],
        [258.,  76.,   0.,   0.,   8.,   0.,   0.,   0.,   0.,   0.],
        [ 21.,   0.,  11.,   0.,   7.,   0., 291.,   0.,   0., 124.],
        [116.,   0.,   0.,   0.,   0.,   0., 285.,   0.,   3.,   1.],
        [ 13.,   0.,  88., 239.,   0.,   0.,   0.,   0.,   0.,   1.],
        [  1.,   0.,  84.,   0.,  18.,   0.,   0.,   8.,   0., 197.],
        [  1.,   0.,   0., 259.,   0.,   0.,   0.,   0.,   0.,   1.],
        [140.,   0.,   3., 276.,   0.,   0.,   0.,   0.,   0.,   1.],
        [261.,   0.,   1.,  85., 106.,   0.,   0.,   0.,   0.,   0.],
        [  1.,   0., 244.,   0.,  48.,   0.,   0.,   0.,   0.,   0.],
        [ 17., 239.,   0.,  49.,   0.,   0.,   0.,   0., 103.,   1.],
        [  7.,   0.,   0.,   0., 239.,   0.,   0.,   0., 142.,   8.],
        [  5.,   0.,  57., 245.,   0.,   0.,  28.,   0.,   1.,   4.],
        [  1.,   0.,   0.,   0.,   1.,   0.,   4.,   0.,   0., 236.],
        [ 54.,   0.,   0.,   0.,   0.,   0.,   0., 259.,   0.,   2.],
        [ 47.,   0.,   0.,   0.,   0.,   0.,   0., 287.,  13.,  68.],
        [  0.,   0., 298.,   0.,   0.,   0.,   3.,   0.,   0.,   6.],
        [  0.,   0.,  60.,   0.,   0.,  97., 112.,   0.,   0.,   0.],
        [  1.,   0.,   0.,   0.,  70.,   0.,   0., 252.,   1.,  18.],
        [  1.,   0.,   0.,   0., 230.,   0.,  46.,   0.,   4., 116.],
        [  0.,   0.,   0.,  15.,  60., 223.,   0.,   0.,   0.,  54.],
        [  0.,   0.,   8.,   0.,   1.,   0., 292.,   0.,   0.,   0.],
        [ 59.,   0.,   0.,   0.,   1.,   0.,   0., 265.,   0.,   7.],
        [  3.,   0.,   0.,   0., 199.,   0.,   0.,   0.,   0.,  37.],
        [  0.,   0.,   0.,   0.,  84.,   0.,   5.,  45.,   0., 266.],
        [  1.,   0.,   2.,  26.,   0., 252.,   0.,   0.,  16.,   0.],
        [ 10.,   0.,   0.,  38.,   1.,   0.,   0.,   0.,   0., 219.],
        [  0.,   0., 294.,   0.,   0.,   0.,   0.,  45.,   0.,   0.],
        [261.,  88.,   4.,   0.,   1.,   0.,   0.,   0.,   0.,   0.],
        [  0.,   0.,  36.,   0., 261.,   0.,   5.,   0.,   0.,  27.],
        [  9., 251.,   0.,   0.,   0.,   0.,   0.,   0.,   6.,   1.],
        [  0.,   0.,   0.,   0., 240.,   0.,   0.,   0.,  63.,   0.],
        [  1.,   0., 289.,   6.,   0.,   0.,   0.,   0.,  12.,   0.],
        [ 18., 249.,   0.,  83.,   0.,   0.,   0.,   0.,  29.,   0.],
        [  0.,   0.,  15.,   0.,  66.,  16., 284.,   0.,   0.,   0.],
        [  0.,   0.,   0., 255.,   0.,   0.,   0.,   0.,   0.,   0.],
        [190.,   0.,  69.,   0.,   0.,   0.,  71.,   0.,   0.,   5.],
        [256.,   0.,  45.,   0.,   0.,   0.,   0.,   0.,   0.,   0.],
        [  1.,   0.,   3.,   0.,   8., 234.,  96.,   0.,   0.,   0.],
        [ 93.,   0.,   0.,   0.,   6., 227.,   0.,   0., 102.,   0.],
        [  9.,   0.,   0.,   0., 110.,   0.,   0.,   0., 265., 120.],
        [ 31.,   0.,   0.,   0.,   0.,   0.,   0.,   0.,   0., 236.]],
       device='cuda:0')
Epoch 5 | Batch 100
tensor([[261.,   0.,   0.,   0.,   0.,  40.,   0.,   0.,   0.,   0.],
        [  0.,   7.,   0.,  10.,  23.,   0.,   0., 209.,   0.,   0.],
        [  0.,   0., 292.,   8.,   0.,   1.,   0.,   0.,   8.,   0.],
        [  0.,   0., 291.,  51., 101.,   0.,   0.,   0.,   0.,   0.],
        [  0.,   0.,   0.,   0.,   0.,   1., 298.,   0.,   0.,  20.],
        [  0.,   0., 244.,   0.,   0.,   0.,  55.,   0.,   0.,   0.],
        [  0.,   0.,   2.,   1.,   0.,   0.,   0., 287.,   3.,   0.],
        [  0.,   0.,  20.,   0., 238.,   0.,   0.,   0.,   0., 102.],
        [  0.,   0.,   0., 279.,   0.,  19.,   0.,   0.,   0.,   0.],
        [  0.,   0.,   0., 285.,   0.,  36.,   0.,   0.,   0.,   0.],
        [  0.,   0.,   0., 259.,   9.,   0.,  38.,   0.,   0.,   0.],
        [153.,   0., 212.,   0.,   0.,   0.,   0.,   0.,   0.,   0.],
        [  0.,   0.,   0., 292.,   0.,   8.,   0.,   0.,  28.,   0.],
        [ 69.,   0.,  50., 289.,  54.,   1.,   0.,   0.,   0.,   0.],
        [  0.,   2.,   0., 265.,   0.,  68.,   0.,   0.,   5.,  24.],
        [  0.,   4.,   0.,   0.,   0., 261.,   0.,   0.,  52.,   0.],
        [  0.,  83.,   0., 249.,   0.,   1.,  29.,   0.,   0.,   0.],
        [  6.,   0.,   0., 202.,   0.,   0.,  36.,   0.,   0.,   0.],
        [  0., 274.,  57.,   1.,   0.,   0.,   0.,   0.,   0.,   0.],
        [  0., 254.,   5.,   1.,   0.,   0.,   0.,   0.,   0.,   0.],
        [  0.,  19., 274.,   0.,   0.,   0.,   0.,  14.,   0.,   0.],
        [  0.,   0.,   1.,   0.,  86.,  53., 293.,   0.,   0.,   0.],
        [  0.,   0., 222.,   0.,  56.,   0.,   0.,   0.,  33.,  64.],
        [  0.,   0.,   0.,   0., 166.,   0., 284.,   0.,   0.,  43.],
        [  0.,   0., 154.,  13.,   0.,   0.,   0.,   0.,   0.,   0.],
        [  0.,  57.,   0.,  85.,   0.,   0.,   0., 234.,  15.,   0.],
        [ 49.,   0.,   0., 285.,   0.,  22.,   0.,   0.,   0.,  59.],
        [  0., 284.,   2.,   1.,   0.,   0.,   0.,   0.,   0.,   0.],
        [  0.,   0.,   0.,   0.,   0.,   0.,   0., 286.,   5.,   0.],
        [  0., 273.,  67.,   0.,   0.,   0.,   0.,   0.,  34.,   0.],
        [  0., 249.,   7.,   0.,   0.,   0.,   0.,   0.,   0.,  18.],
        [  0.,   0.,   0.,  33.,   0., 245.,   0.,   0.,   0.,   0.],
        [  0., 251.,  20.,   0.,   0.,   0.,   0.,  61.,   0.,   0.],
        [  0.,   0.,   0.,   0., 151.,   0.,   0.,   5.,   0.,  53.],
        [  0.,   0.,   0.,   0.,   0.,   0.,   0., 288.,   0.,   0.],
        [  0.,   0.,  39.,   0.,   0.,   1.,   0., 213., 132.,   4.],
        [285.,   0.,   0.,   0.,   0.,   0.,   7.,   0.,   0.,   1.],
        [297.,   0.,   0.,   0.,   0.,  52.,   0.,   0.,   0.,  90.],
        [  0.,   0.,   0.,   0.,  84.,   0.,  69.,  21.,   0., 230.],
        [  0., 105., 126.,   0.,   0.,   0.,   0.,   0., 133.,   0.],
        [ 28.,   0.,   0.,   0.,   0.,   0., 295.,   0.,   0., 179.],
        [  0.,   0.,   0., 291.,   0.,  67.,   0.,   0.,   0.,   0.],
        [  0.,   0.,   5.,   0.,   5.,   0.,   0.,  19.,   0., 169.],
        [  0.,   0.,   0.,   0., 239.,   0., 102.,   0.,   0.,  83.],
        [  0.,   0.,   0.,  19.,   1.,  60., 120.,   0.,   9.,   0.],
        [  0.,   0.,   0.,   0.,   0.,   0.,   0., 288.,   2.,   0.],
        [  0.,   0.,   0.,   0.,   0.,   3.,   0.,   0., 245.,   0.],
        [  0.,   0.,   0., 217.,   0.,   0.,  16.,   0.,   0.,   0.],
        [283.,   0.,   0.,   0.,   0.,   0.,   0.,   0.,  27.,   0.],
        [  0.,   0.,   0.,   0.,   0., 287.,   0.,  11.,   0.,   0.],
        [  0.,   0.,   0.,   0.,   0.,   1.,   0.,   0., 269.,   0.],
        [  0., 277.,   1.,   2.,   0.,   0.,   0.,   0.,   0.,   0.],
        [  0., 273.,   4.,   0.,   0.,   0.,   0.,   0.,   0.,  21.],
        [  0.,   0.,   0.,   0.,   0.,   0.,   0., 281.,   0.,   0.],
        [  0., 275.,   5.,   0.,   0.,   0.,   0.,   0.,  21.,   0.],
        [  0.,   0.,   0.,   0.,  69.,  32.,   5.,   0.,   0., 238.],
        [  0.,   6.,   0.,   0.,  56.,  23.,   0.,   0., 273.,   0.],
        [ 87.,   0.,   0.,   0.,  82., 261.,   0.,   0.,   0.,   0.],
        [  0.,   0., 251., 112.,   0.,   0.,   0.,   0.,   0.,   0.],
        [  0.,   0.,   0.,   0.,   0.,   0.,   0., 277.,   0.,   0.],
        [  0.,   0.,   0.,  67.,  14., 190.,   0.,   0.,  13.,   0.],
        [  0.,  31.,   0.,   0.,   0.,  14., 278.,   0.,   0.,   0.],
        [ 21.,   0.,   0.,   4.,  23.,   0.,  67.,   0., 191.,   0.],
        [  0.,   0.,   1.,  67.,  11.,   0.,   0., 170.,  14.,   0.]],
       device='cuda:0')
Epoch 5 | Batch 200
tensor([[ 29.,   0.,   0.,   0.,   0.,   0., 267.,   0.,   3.,   0.],
        [  0.,   0.,   0., 289.,   0.,   0.,   0.,   0.,  18.,   0.],
        [  0.,   0.,   0., 281.,   0.,   0.,   0.,   9.,  15.,   0.],
        [  0.,  78.,  80., 260.,   0.,   0.,   0.,   0.,   7.,   0.],
        [ 12.,   0.,   0.,   0.,   2.,   0.,   5.,   0.,   8., 266.],
        [  0., 260.,   0.,   0.,   0.,  18.,   0.,   0.,   3.,   0.],
        [  5.,   0.,   0.,   0.,   0.,   0., 285.,   0.,  28.,  41.],
        [ 16.,   0., 112.,   0.,   2.,   0., 257.,   0.,   2.,   0.],
        [  0.,   0.,   0.,   0.,   0.,   0.,   0., 305.,   1.,   0.],
        [  0.,   0.,  15.,   2.,   0.,  99.,   0.,   0., 281.,   0.],
        [  0.,   0.,   0., 223.,   0.,   0.,   0., 144.,  76.,   0.],
        [146.,   0.,   0.,   0.,   0.,   0.,   0., 262.,  40.,   9.],
        [291.,   0.,   0.,   0.,   0.,   0.,   0.,   0.,  12.,   0.],
        [  0.,   0.,   0.,  27.,   7.,   0., 243.,   0.,  12.,   0.],
        [279.,   0.,  45.,   0.,  85.,  29.,   8.,   0.,  44.,   0.],
        [  0.,   0.,   0.,   2.,   1.,   0.,   0., 263.,   7.,  48.],
        [ 29.,   0.,   0.,   0.,   0.,   2.,   0., 302.,   2.,   0.],
        [  0.,   0.,   0.,   9.,   0.,  55.,   0.,   0., 213.,   0.],
        [  0.,   0.,   0.,  15.,   0.,   0.,   0., 269.,   0.,   0.],
        [  0.,   0.,   0.,   0., 280.,   0.,   0.,   0.,   4.,  60.],
        [294.,  33.,   4.,   0.,   0.,   0.,   0.,   0.,  83.,  13.],
        [  0.,   0.,  18.,   0.,   0.,   0.,   0., 289.,   1.,   8.],
        [  0.,   0., 195.,  39.,   0.,  67.,   0.,   0.,   4.,   0.],
        [124.,   0.,  30., 221.,  31.,  20.,   0.,   0.,  12.,   0.],
        [  0.,   0.,   0.,  35.,   0.,   0.,   0., 269.,  13.,   1.],
        [  0.,   0.,   0.,   0., 253.,   0.,   0.,  58.,   3., 125.],
        [  0.,   0.,   0.,   0.,   0.,   0.,   0., 279.,   3.,  98.],
        [276.,   0.,   0.,   0.,   0.,   0.,   0., 260.,   4.,   0.],
        [  0.,  41., 269.,   0.,   1.,   0.,   0.,   0.,   6.,   0.],
        [  0.,   0.,   0., 249.,   0.,  64.,   0.,   0.,  15.,   0.],
        [ 37.,   0.,   0.,   0., 291.,   0.,   0.,   0.,  57., 129.],
        [  0.,   0.,   0., 218.,   0.,   0.,   0.,   0.,   3.,   0.],
        [  3.,  16.,   0.,   0.,  12.,   0., 269.,   0.,  24.,   0.],
        [  0.,   0.,  48.,   0., 278.,   0.,   0.,   0.,   5.,  58.],
        [  0., 258.,   0.,   0.,   0.,  14.,   0.,  31.,   2.,  31.],
        [  0., 270.,   0.,  73.,   0.,   0.,   0.,   0.,   4.,   0.],
        [  0.,  60.,   0.,   0.,   0.,   0.,   0., 265.,   3.,  35.],
        [  0.,  67.,   0.,   0.,   0.,   0.,   0.,   0., 248.,   0.],
        [ 82.,   0.,   0.,  42.,   0.,   0.,   0., 137.,   1.,   0.],
        [  0.,   0., 271.,   5.,   0.,   0.,  33.,   0.,   6.,   0.],
        [  0.,   0.,   0.,   1.,   0.,   0.,   0., 143.,   3., 221.],
        [  0.,  88., 252.,  50.,   0.,   0.,   0.,   0., 111.,   0.],
        [  0., 273.,   0.,   0.,   0.,   0.,   0.,  20.,   3.,   3.],
        [  0., 268.,   0.,   0.,   0.,   0.,   0.,  14.,   3.,  17.],
        [  0.,   0.,   0.,   0., 232.,   0.,   0.,   0.,  11., 217.],
        [  0.,   2.,   0.,   1.,   0.,   0.,   0.,   0., 268.,   0.],
        [  0.,   0.,   0.,   0.,  18.,   0.,   0.,  13.,   9., 279.],
        [117.,   0.,  21.,   0.,   8.,   0., 231.,   0.,   3.,   0.],
        [  7.,   0.,  41.,   1.,   0.,   0.,   0.,   0., 249.,  78.],
        [  0.,  56., 237.,   1.,   0.,   0.,   8.,   0.,   8.,   0.],
        [  0.,   0., 288.,   3.,   0.,   0.,   8.,   0.,  94.,   0.],
        [  0., 252.,   0.,   0.,   0.,   0.,   0.,  23.,   2.,   2.],
        [  0.,   4.,   0.,   3.,   0., 234.,   0.,   0.,   7.,   0.],
        [  0.,   0.,   0., 290.,   0.,   8.,   0., 102.,  48.,  17.],
        [  0.,   0.,   0., 294.,   0.,  55.,   0.,   0.,  25.,  69.],
        [162.,  11.,   0.,   0.,   0.,   0.,   0.,   0.,   7.,   0.],
        [  0.,  56.,  70.,   0.,   6.,   0.,   0.,   0., 122.,  59.],
        [162.,   0.,  56., 242.,   0.,   0.,   0.,   0.,   2.,   0.],
        [ 80.,   0.,   0.,   0.,   2.,   0.,   0.,  82.,   9., 271.],
        [  0.,   0.,   0.,  55.,   2.,  83.,   0.,   0.,  12., 270.],
        [ 18.,   0.,   0., 259.,   0.,   0.,  10.,   0.,  17.,   0.],
        [  0.,   5., 202.,   0.,   0.,   0.,   0.,  90., 129.,  67.],
        [318.,   0.,   0.,   0.,   0.,   0.,   0.,   0.,  11.,   0.],
        [  0., 257.,   0.,  66.,   0.,   0.,   0.,   0.,   4.,  31.]],
       device='cuda:0')
Epoch 5 | Batch 300
tensor([[  0.,   0.,   0., 303.,   0.,   0.,   0.,   0.,   1.,   6.],
        [  0.,   0.,   0.,   0., 271.,   0.,   0.,   1.,   2.,   9.],
        [258.,   0.,   0.,   1.,   0.,   0.,   3.,   0.,   0.,   0.],
        [163.,   0.,   0., 115.,   0.,  22.,   0.,   0.,  47.,   6.],
        [  0.,   0.,   0.,   0.,  11.,   0.,   0.,  81.,   3., 254.],
        [  0.,   0.,  25., 277.,   0.,   0.,   0.,   0.,   3.,   0.],
        [  0.,   0.,   0.,   1., 293.,   0.,   0.,  14.,   3.,   1.],
        [  0.,   0.,   0.,   8., 134.,   0.,   0.,   0., 271.,   0.],
        [  0.,   0.,   0.,   2.,  22.,   0.,   0.,   0., 275.,  27.],
        [  0.,   0.,   0.,   1.,   0.,   0.,   2., 214.,   0.,   0.],
        [  0.,   0.,   0.,   1.,   0.,   0.,   0., 295.,  19.,   5.],
        [  0.,   0.,   0.,   0., 277.,   0.,   0.,  14.,   1., 113.],
        [  1.,   0.,   4.,   3.,   2.,   0., 201.,   0.,  37.,   0.],
        [203.,   0.,   0., 107.,   0., 114.,   0.,   0., 113.,   0.],
        [  5.,   0.,   0.,   0.,   0.,   6., 289.,   0.,   0.,   0.],
        [  0.,   0.,   1.,  31.,   0.,   0.,   0., 258.,   2.,   2.],
        [ 22.,   0., 257.,   1.,   0.,  37.,   0.,   0.,   0.,   0.],
        [  0.,   0.,   0.,   7.,  10.,   0.,   0.,   0., 285.,   4.],
        [  0.,   0.,   0.,   2.,   0.,   0.,   0.,  78.,  82., 243.],
        [  0.,   0.,   0.,   0.,   0.,   7., 266.,   0.,  33.,   0.],
        [  0., 230.,   0.,  17.,   0.,   0.,   0.,   0.,  10.,   0.],
        [285.,   0.,   0.,  17.,   0.,   0.,   0.,   0.,  64.,   0.],
        [  0.,   0.,   6.,   0.,  20.,   0.,  10., 139.,   4., 242.],
        [  0.,   0.,   0.,   1., 287.,   0.,   1.,   0.,   0.,   0.],
        [  2.,   0.,   2.,   0.,   6.,   0., 308.,   0.,   0.,   1.],
        [ 90.,   0.,   0.,   0.,   0.,   0.,   0.,   0.,  12., 242.],
        [  0.,   0.,   0.,   0.,   0.,   0.,   0., 274.,   0.,  20.],
        [  0.,   0.,   0.,   7.,   0., 236.,  16.,   0.,   2.,  47.],
        [  4.,   0.,  93., 266.,   0.,   0.,   0.,   0.,   5.,   0.],
        [ 41.,   0.,   0.,   0.,   0.,  67., 280.,   0.,   0.,   0.],
        [ 11.,   0.,   0.,  45.,   0., 120.,   3.,   3.,   0.,   0.],
        [285.,   0.,   0.,   6.,   0.,  75.,   0.,   0.,   1.,   1.],
        [291.,   0.,   0.,   7.,   0.,  28.,   0.,   0.,   0.,   0.],
        [  0.,   0.,   0.,   3.,   0., 167.,   0.,   0.,   7.,   0.],
        [  0.,   0.,  24., 260.,   0.,   0.,   0.,   0.,  69.,   0.],
        [280.,   0.,   0.,  27.,   0.,  57.,   0.,   0.,  13.,   0.],
        [ 56.,   0.,   0.,   0., 241.,   0.,  40.,   0.,   3.,   7.],
        [  0.,   0.,   0.,  12.,   0., 255.,   0.,   0.,   0.,   0.],
        [  0.,   0.,   0.,   1.,   0.,   0.,   0., 285.,  83.,   4.],
        [ 22.,   0.,   0.,   1.,  50.,   0.,   0., 267.,   2.,  12.],
        [267.,   0.,   0.,  90.,   0.,  61.,   0.,   0.,   3.,   0.],
        [298.,   0.,   0.,  10.,   0.,  27.,   0.,   0.,   2.,   0.],
        [  0.,  27., 258.,   2.,  16.,   0.,   0.,   0.,  14.,   0.],
        [  0.,   0.,   0.,   0., 274.,   0.,   0.,  30.,  11.,  10.],
        [  0.,   0., 101.,   2.,   4.,   0., 274.,   0.,   3.,   0.],
        [  0., 270.,   0.,   2.,   0.,   0.,   0.,   0.,   2.,   1.],
        [  0.,  28., 242.,   2.,   0.,   0.,  65.,  51.,   0.,   0.],
        [  8.,   0.,  42.,   6.,  15.,   0., 276.,   0.,   4.,   0.],
        [  1.,   0.,   1.,   0.,   3.,   0., 300.,   0.,   2.,   0.],
        [  0., 263.,   0.,  47.,   0.,   0.,  25.,   0.,   0.,  38.],
        [ 59.,   0.,   0.,   0.,   0., 124.,  88.,   0.,   4.,   0.],
        [ 54.,   0.,   0.,   0., 206.,   0.,  57.,   0.,   0.,   0.],
        [  0.,  17.,   0.,   0.,   0.,   2.,  92.,   0.,   3., 218.],
        [  2.,  33.,   0., 150.,   0.,   0.,   0.,   0.,  73.,   0.],
        [  0.,   0.,  55.,   0.,   0., 235.,   0.,   0.,   0.,   0.],
        [ 30.,  84.,   0., 268.,   0.,  34.,   0.,   0.,   0.,   0.],
        [  1.,   0.,   0., 140.,   0., 250.,   0.,   0.,   1., 115.],
        [  0.,   0.,  11.,   0., 256.,   0.,   0.,  31.,   2.,   3.],
        [  0.,   0.,   0.,   0.,  95.,   0.,  67.,  10.,   4., 256.],
        [246.,   0.,   1.,  73.,   0.,   7.,   0.,   0.,   0.,   0.],
        [  0.,  34.,   0.,   4.,   0., 261.,   0.,   0.,   5.,   0.],
        [  0.,  99.,   0.,   0.,   0.,   0., 277.,   0.,   9.,   0.],
        [  0.,   0.,   0.,   6., 105.,  15.,   0.,   0., 287.,   1.],
        [  8.,   0.,  16.,  53.,   0.,   0.,   0.,  25.,   0., 175.]],
       device='cuda:0')
Epoch 5 | Batch 400
tensor([[ 21.,   0.,   0.,   0.,   0.,   0., 322.,   0.,   5.,   0.],
        [ 10.,   0.,   0.,   0.,  39.,   0.,   1., 134.,  18.,   2.],
        [288.,   0.,   0.,   0.,   0.,   0.,   9.,   0.,  37.,   0.],
        [  0., 287.,   0.,  57.,   0.,   0.,   0.,   0.,   6.,   0.],
        [  2.,   0.,   1., 261.,  39.,   0.,   1.,   0.,   8.,   0.],
        [212.,   0.,  38.,   0.,   0.,   0.,   7., 213.,   7.,   0.],
        [  0.,  54., 236.,  68.,   0.,   0.,   1.,   0.,   5.,   0.],
        [139.,   0.,   0.,  12.,   0.,  39.,  27.,   0.,  58.,   0.],
        [  1.,   0.,   0.,  14.,   0.,   9.,   5.,   9.,   7., 225.],
        [  1.,   0.,   0.,   0.,   0.,   0.,   3., 282.,  10.,  33.],
        [  0.,   0.,   0.,   0.,  95.,   0.,  26.,   0.,   5.,   0.],
        [  5.,   0.,   0.,  86.,   0., 252.,   0.,   0.,  11.,   0.],
        [  0., 252.,   0.,  12.,   0.,  16.,   1.,   0.,   2.,   0.],
        [ 31.,   0., 250.,  72.,   0.,  62.,   2.,   0.,  18.,   0.],
        [  0.,   0.,  45.,   0.,  31.,   0.,   3.,   0.,  10., 286.],
        [  7.,   0.,   0.,   0.,   0.,   0.,   1., 293.,  88.,   4.],
        [  0., 291.,   2.,   0.,   0.,   4.,   0.,   0.,  57.,   0.],
        [  6.,   0.,   0., 260.,   0.,  97.,   2.,   0.,   6.,   0.],
        [  2.,   0., 299.,   0.,   0.,   0.,  80.,   0.,   2.,   0.],
        [ 23.,   0.,   0., 122.,   0., 225.,   2.,  53.,  10.,   0.],
        [  0., 234.,   0.,   0.,  21.,  76.,   0.,   0.,  16.,   0.],
        [  0., 267.,   0.,  34.,   0.,  52.,   0.,   0.,   1.,   0.],
        [  3.,   0.,   0., 185.,   0.,  90.,  18.,   0.,  15.,   0.],
        [ 12.,   0., 303.,   0.,   1.,   0.,   5.,   0.,   7.,   0.],
        [  9.,   0.,   5., 287.,   0.,  35.,   3.,   0.,  12.,   0.],
        [  0.,   0.,   0.,   0., 270.,  64.,   4.,   0.,  10.,   0.],
        [  5.,   0.,   0.,   0.,  39.,   0.,  11.,   0.,  24., 269.],
        [  3.,   0., 297.,   0.,  66.,   0.,   8.,   0.,   6.,   0.],
        [  1.,   0.,   0.,   0.,   0.,   6., 304.,   0.,   5.,   0.],
        [255.,   0.,   0.,   0.,   0.,   0.,   2.,   5.,   9.,   0.],
        [  1.,   0., 165.,   0.,   0.,   0.,   6., 121.,   6.,   0.],
        [ 11.,   0.,  88.,  12.,   0.,   0.,   5.,   1.,  10.,   1.],
        [  7.,   0.,  28.,   0.,   0.,   0., 307.,   0.,  10.,   0.],
        [  0.,   0.,   0., 286.,   0.,  36.,   0.,   0.,   6.,   0.],
        [  2.,   0.,   0.,   0.,  17.,   0.,   7.,   0.,   9., 285.],
        [  0.,  50.,  50.,   0.,   0.,   0.,   0.,   0.,   2.,   0.],
        [  3.,   0., 292.,   0.,   0.,   0.,  11.,   0.,   8.,   0.],
        [ 99.,   0.,  18.,   0.,   0.,  38.,   5.,   0., 293.,   0.],
        [  1.,   2.,   0.,   0.,   0.,  23., 188.,   0.,   9.,   0.],
        [  3.,   0.,   0.,   0.,   0.,  21.,   4.,   0., 272., 126.],
        [305.,   0.,   0.,  64.,   0.,   0.,   2.,   0.,  21.,   0.],
        [  1., 210., 197.,   0.,   0.,   0.,   3.,   0.,   5.,   0.],
        [  2.,   0.,   0.,   0.,   1., 265.,   2.,   0.,  63.,   0.],
        [  0.,   0.,   0.,   0., 260.,   0.,  85.,   0.,   5.,   0.],
        [  1.,   0.,   0.,   0.,   3., 256.,   3.,   0.,  42.,   2.],
        [ 22.,   0.,   0.,   0.,   0.,   0., 278.,   0.,   3.,   0.],
        [  0.,   0.,  35.,   0.,   0., 240.,   0.,   0.,   5.,   3.],
        [  2.,   0.,   0.,   0.,   0.,   0., 304.,   0.,   4.,   0.],
        [  0., 292.,   0.,  93.,   0.,   1.,   1.,   0.,   6.,   0.],
        [  1.,   0.,   0.,   0.,   0.,   3.,   3.,   0., 264.,   0.],
        [  1.,  15.,   0., 279.,   0.,   1.,   1.,   0.,   7.,   0.],
        [  3.,   0.,  22., 246.,   0.,   0.,   2.,   0.,  19.,   0.],
        [  0.,   0.,   0., 257.,   0.,   0.,   0.,  44.,  10.,  29.],
        [  0.,   0.,   0., 239.,   0.,  86.,   0.,   0.,   3.,   0.],
        [  2.,  11.,   0.,   0.,   0.,   5.,   4.,   0., 272.,  31.],
        [  5.,   0.,  17.,   0.,   0.,   0., 236.,   0.,  18.,   0.],
        [  1.,  29.,   0.,   0.,  68.,   0.,  23.,   0.,   6.,   0.],
        [  0., 293.,   0.,   0.,   0.,   1.,   0.,   4.,  39.,   0.],
        [  5.,   0.,   0., 276.,   0.,   0.,   0.,   0.,   7.,   0.],
        [305.,   0.,  49.,  98.,   0.,   0.,   2.,   0.,  12.,   0.],
        [  2.,   0.,  18.,   0.,   0.,  77., 315.,   0.,   8.,   0.],
        [  0.,   0.,   2.,   0.,  26.,   0.,   0., 249.,   3.,  11.],
        [  2.,   0.,   8.,   0.,   0.,   0., 112.,   0., 218.,  98.],
        [  8.,   0.,   0.,   0.,   0.,   0., 255.,   0.,   4.,   0.]],
       device='cuda:0')
Epoch 5 | Batch 500
tensor([[ 41.,   0.,   0.,   0.,   0.,   0.,   0., 283.,   2., 143.],
        [ 11.,   0.,   0.,  14., 293.,   0.,   0.,   0.,   0.,   4.],
        [  0., 268.,   0.,   0.,   1.,   0.,   0.,   0.,  18.,   0.],
        [  0.,   0.,   0.,   0.,   5.,   0., 283.,   0.,   1.,  39.],
        [  0., 285.,  49.,  32.,   0.,   0.,   0.,   0.,  50.,   0.],
        [  0.,   2., 223.,   0.,   0.,   0.,   0.,   0.,  18.,   0.],
        [  0., 285.,   0.,  27.,   0.,   0.,   0.,   0.,   2.,   0.],
        [  0.,   0.,   0.,   0.,  53.,   0.,   0.,  14., 269.,   8.],
        [  0.,   0.,   0.,   0.,   2.,   0.,   0.,  40.,  10., 283.],
        [285.,   0.,   2.,   0.,   0.,   0.,   0.,   0.,   0.,   0.],
        [  0., 269.,  21.,   9.,  15.,   0.,   0.,   0.,  69.,   0.],
        [  0.,   0., 131.,  10.,   3.,   0.,  20.,   0.,   2.,   0.],
        [  0.,  33.,   0.,   0.,   1.,   0.,   0., 277.,  18.,  26.],
        [  0.,   0., 136.,   0.,   5.,   0., 110.,   0.,   4.,   0.],
        [  1.,   0.,   0.,   0.,   7., 233.,   0.,   0., 125.,   1.],
        [  0.,  69.,   0.,  18.,   3.,   0.,   0., 261.,   1.,   1.],
        [  0.,  28., 125., 261.,   5.,   0.,   0.,   0.,  21.,   0.],
        [  0., 286.,   0.,   0.,   0.,   0.,   0.,   0.,  63.,   0.],
        [257.,   0.,  10.,   0.,   0.,   0.,   0.,   0.,   6.,   0.],
        [  0.,   8.,   0.,  11.,  56.,   0.,   0.,  18.,   2., 235.],
        [  8.,  62., 278.,   0.,   1.,   0.,   0.,   0.,   2.,   0.],
        [  0.,   0., 277.,  52.,   2.,   0.,   0.,   0.,   1.,   0.],
        [  0.,   0.,   1., 287.,   1.,  38.,   0.,  38.,   0.,   0.],
        [  0.,   0.,   0., 274.,   0.,  12.,   0.,   0.,   0.,   0.],
        [  0.,   0., 245.,   0., 116.,   0.,   0.,   0.,   1.,   0.],
        [ 25.,  21., 178.,   0.,   0.,   0.,   0.,  67.,   2.,   0.],
        [  0.,   0., 288.,   0.,   1.,   0.,   0.,   0.,   0.,   0.],
        [  0.,   0.,   0.,   0.,  14., 157.,   0.,   0., 116.,   2.],
        [  2.,   0.,   0.,   0.,  17.,   0.,   0.,  59.,   0., 225.],
        [ 65.,   0.,   3.,   0.,  42.,   0., 191.,   0.,   0.,   0.],
        [ 10.,   0.,   0.,   0.,   0.,   0.,   0., 288.,   0.,  95.],
        [  0., 270.,  30.,  14.,   0.,   0.,   0.,   0.,   1.,   0.],
        [  0.,   0.,   0.,  15., 152.,   0.,   0.,  87.,   7.,  47.],
        [236.,   0.,   0.,   0.,   1.,   0.,   0.,   0.,   1.,   0.],
        [  0.,   0.,  61.,   0.,   0.,   0.,   0., 264.,   1.,  16.],
        [  7.,   0., 265.,   0.,  10.,   0., 101.,   0.,   0.,   0.],
        [254.,   0.,   4.,  60.,   4.,   0.,  16.,   0.,   0.,   0.],
        [  0.,  14., 298.,  18.,   2.,   0.,   0.,   0.,   2.,   0.],
        [  0., 270.,   2.,   0.,   1.,   0.,   0.,   0.,  81.,   0.],
        [172.,   0.,   0.,   0.,   2., 242.,   0.,   0.,   3.,   0.],
        [  0.,   0.,   9.,  19.,  22.,   0.,   0.,  50.,   2., 266.],
        [  0.,   0.,   0.,   0.,  88., 195.,   0.,   0.,   0.,   2.],
        [  0.,   0.,   0.,   0., 278.,   0.,   0.,   0.,   1.,   5.],
        [285.,   0.,   2.,   0.,   2.,   1.,   0.,   0.,   1.,   1.],
        [295.,   0.,   0.,   4.,   0.,   0.,   0.,   0.,   0.,   0.],
        [  0.,  46.,  43.,   0.,   3.,   0.,   0., 143.,   1.,  38.],
        [  0.,   0.,  63., 122.,   6.,   0.,   0., 207.,   2.,  15.],
        [  0.,  74.,   3.,   0.,   2.,   0., 279.,   0.,   8.,   1.],
        [  0., 270.,   0.,   0.,   0.,   0.,   0.,   0.,  24.,   0.],
        [  0.,  10.,   0.,   4., 271.,   0.,   0.,   0.,   0.,   6.],
        [  3.,   0.,   0.,   0.,   4.,   0.,   0.,   3., 268.,   1.],
        [ 11.,   0., 103.,  51.,   6., 238.,   0.,   0.,   9.,   0.],
        [  0.,   0.,   0.,   0., 239.,   0.,  11.,   0.,   3.,   2.],
        [  0.,   0., 293.,  29.,   2.,  19.,  88.,   0.,   0.,   0.],
        [  0.,   0., 296.,   0.,   7.,   0., 111.,   0.,  61.,   0.],
        [  0.,   0.,   0.,   0., 284.,   0.,   0.,   0.,   1.,   6.],
        [  4.,   0.,   0.,   0.,   3.,   0.,  20.,   0., 252.,   0.],
        [  0.,   0.,   0.,  30., 256.,   0.,   0., 125.,   6.,  16.],
        [  0.,   0.,  71., 143., 104.,  37.,   0.,   0.,   9.,   6.],
        [  0.,   0.,   0.,  24.,   0.,   0.,   0., 205.,   0., 255.],
        [  0.,  79.,   1.,   0.,   0.,   0.,   0.,   0., 273.,   1.],
        [  7.,   0., 225.,   0.,   4., 103.,   0.,   0.,   0.,   0.],
        [  0.,   0.,   0.,   8.,  25.,   0.,   0.,   5., 281.,   1.],
        [104.,   0.,   0.,   0.,   0.,   0.,   0.,  70.,   0.,   0.]],
       device='cuda:0')
Epoch 5 | Batch 600
tensor([[  7.,   0.,   7., 281.,   0.,  29.,   0.,   0.,   3.,   0.],
        [306.,   0.,   0.,   0.,   0.,  12.,   0.,   0.,   0.,   0.],
        [  0., 269.,   3.,   0.,   0.,   0.,   0.,   0.,  11.,   0.],
        [ 21.,   0.,   4.,   0.,   0., 241., 131.,   0.,   2.,   0.],
        [  0.,   0.,  12.,   0., 205.,   0.,   0.,   0.,   1.,   0.],
        [  1.,   0.,   3.,   0.,   0.,   0., 280.,   0.,  47.,   0.],
        [  2., 108., 227.,   3.,   0.,   0.,   0.,   0.,   4.,   0.],
        [ 70.,   0.,   0.,   0.,   0., 134.,  17.,   0.,   9.,   1.],
        [  5.,   0.,  42.,   0.,   0.,   0., 281.,   0.,   3.,   0.],
        [  0., 271.,  12.,   0.,   0.,   0.,   0.,   0.,  12.,   0.],
        [  1.,   0., 280.,   0.,   0.,   0.,   0.,   0.,   2.,   0.],
        [  3.,   0.,   3.,   0., 128.,   0.,   0.,  74.,  11., 112.],
        [  1.,   0.,   4.,   0.,   0.,  27., 293.,   0.,   1.,   0.],
        [  0.,   0.,  15., 274.,   0.,   0.,   0.,   0.,   2.,   1.],
        [  2.,   0.,  50.,   0.,   0.,   0.,   0., 299.,   1.,  15.],
        [  1.,   0.,   4.,   0., 272.,   0.,   0.,   0.,   0.,   5.],
        [  2.,   0.,  11.,   0.,   0., 193.,   0.,   0., 100.,   0.],
        [  0.,  59., 220.,   0.,   0.,   0.,   0.,   0.,   0.,   0.],
        [ 11.,   0., 311.,  68.,   0.,   0.,   0.,   0.,   0.,   0.],
        [ 11., 101., 127.,  60.,   0.,   0.,  62.,   0.,   0.,   0.],
        [ 29.,   0., 244., 116.,   0.,   0.,   0.,   0.,   0.,   0.],
        [ 40.,   0.,  16., 290.,   0.,   0.,   0.,   0.,   1.,   0.],
        [  4.,   0., 299.,  42.,   0.,   7.,   0.,   0.,   0.,   0.],
        [ 11.,   0.,   7., 271.,  16.,   0.,   0.,   0.,   2.,   0.],
        [  7.,   0., 302.,  48.,   1.,   0.,   0.,   0.,   0.,   0.],
        [  0., 273.,   8.,   0.,   0.,   0.,   0.,   0.,  12.,   0.],
        [  4.,   0.,   5.,  17.,   0., 107.,   0.,   0., 231.,   0.],
        [  0., 106., 248.,   0.,   0.,   0.,   0.,  22.,   1.,   5.],
        [  9.,   0.,   7.,   0.,  12., 213.,   0.,   0., 145.,   0.],
        [  1.,   0.,   1.,   0., 241.,   2.,   0.,   2.,   1., 111.],
        [ 31.,   0.,   0.,   0.,  85.,   0.,   0., 296.,   0.,   6.],
        [ 40.,  56.,   0., 253.,   0.,   0.,   0.,   0.,   1.,   0.],
        [  0.,   0.,   1.,   0.,   0.,   0.,   0.,  13.,   2., 236.],
        [  1.,   5.,   2.,   0.,   0.,   0.,   0., 285.,   0.,   6.],
        [  0.,  51.,   1., 235.,   0.,   0.,   0.,   0.,   2.,   0.],
        [  0., 280.,   2.,   0.,   0.,   0.,   0.,   0.,   3.,   0.],
        [  0.,   0.,   2.,   0., 222.,   0.,   0.,   0.,   1.,  92.],
        [ 20.,   0., 290.,  24.,   0.,   0.,   0.,   0.,   4.,   0.],
        [  6.,   0.,   3.,   0.,   0., 246.,  17.,   0.,   2.,   0.],
        [  4.,   0., 109.,   0.,   0.,   0.,   0.,   7.,   6.,  11.],
        [  2.,   0.,   2.,   0.,   0.,   2., 286.,   0.,   0.,   0.],
        [  0., 282.,   5.,   0.,   0.,   0.,   0.,   0.,   3.,   0.],
        [  1.,  60.,  58.,   0.,   0.,   0.,   0.,   0., 255.,   0.],
        [  0.,  89.,   2.,   0.,   0., 249.,   0.,   0.,   2.,   0.],
        [  1.,   0.,   2., 265.,   0.,  45.,   0.,   0.,  68.,   0.],
        [  2.,   0.,  10.,   0.,  68.,   0., 273.,   0.,   8.,   0.],
        [  1.,   0.,   1.,   0.,   3.,   0.,   0.,   0.,   0., 280.],
        [ 41.,   0.,   3., 250.,   0.,   0.,  24.,   0.,   1.,   0.],
        [307.,   0.,  10.,   0.,   0.,   0.,   2.,   0.,   0.,   0.],
        [  2.,   0., 289.,   0.,   0.,   0.,   5.,   0.,   0.,   0.],
        [  5.,   0., 301.,   0.,  59.,   0.,   0.,   0.,   3.,  62.],
        [308.,   0.,   2.,   0.,   0.,   0.,  39.,   0.,   0.,   0.],
        [  3.,   0.,   8.,   0., 275.,   0.,   0., 117.,   0.,   7.],
        [ 14.,   0.,  31.,   0.,   1.,   0., 280.,   0.,   1.,   0.],
        [  1.,   0., 163.,   0.,   0.,   0.,   0., 124.,   0.,  16.],
        [  2.,   0.,   8.,   0., 261.,   0.,   0.,  26.,   0.,   0.],
        [311.,   0.,   4.,   0.,  37.,   6., 113.,   0.,   8.,   0.],
        [  7.,   0.,  10., 297.,  56.,   0.,   0.,   0.,   1.,   0.],
        [118.,   0., 265.,  42.,   0.,   0.,   0.,   4.,   0.,   0.],
        [298.,   0.,   5.,   0.,   0.,   0., 110.,  10.,   3.,   0.],
        [261.,   0.,   1.,  54.,   0.,   0.,   0.,   0.,   0.,   0.],
        [  0., 284.,   4.,   0.,   0.,   0.,   0.,   0.,  63.,   0.],
        [ 63.,   0.,   0.,   0.,   0.,  19.,   0.,  44., 123.,   0.],
        [  0., 270.,   3.,   0.,   0.,   0.,   0.,   0.,   8.,   0.]],
       device='cuda:0')
Epoch 5 | Batch 700
tensor([[  0.,   0.,   0.,  89.,   0.,   0.,   0.,   0.,   3., 114.],
        [  0., 260.,   0.,   0.,   0.,   0.,   0.,   0.,   2.,   0.],
        [  3.,   0.,   0.,   0., 137.,   1., 278.,   0.,   3.,   0.],
        [  0., 256.,   2.,   1.,   0.,   0.,   0.,   0.,   0.,   0.],
        [ 10.,   0., 214.,   0.,   1.,   0.,   0.,  84.,   0.,   0.],
        [  0.,  94.,   0.,   0.,   0., 250.,   2.,   0.,   5.,   0.],
        [282.,   0.,   0.,   0.,   0.,  84.,   0.,   0.,   5.,   3.],
        [  3.,   0.,   0., 182.,   0.,   2.,   0.,   0.,   8.,   0.],
        [  2.,   0., 161.,   0.,   1.,   0.,   0., 234., 140.,   0.],
        [  0., 209.,   0.,  60.,   0.,   0.,   0.,   0.,   2.,   0.],
        [  1., 242.,  26.,   0.,   0.,   0.,   3.,   0.,  69.,   0.],
        [  0.,   0.,  29.,  60.,   0.,   0.,   0., 267.,   1.,   9.],
        [  1.,   0.,   0.,   0.,  15.,   0.,   0.,  19.,  11., 224.],
        [281.,   0.,   0.,   0.,   0.,  12.,   0.,   5.,   1.,   0.],
        [  1.,   0., 293.,   0.,   3.,   0.,  57.,   0.,   1.,   0.],
        [  1.,   0.,   8.,   0.,  26.,   0.,  87.,   0.,   0.,   0.],
        [  0.,   0.,   0.,   0., 264.,   0.,   0.,   0.,   4.,   1.],
        [ 13.,   0.,   0.,   0.,   0., 156.,   0.,   0., 251., 101.],
        [  1.,   0.,   1.,   0.,  17.,   0., 304.,   0.,   7.,   0.],
        [  0.,   0.,   0.,   0.,   1.,   0., 306.,   0.,   8.,   0.],
        [309.,   0.,  32.,   0.,   0.,   4.,   0.,   0.,  56.,   0.],
        [  2.,   0.,   0.,   0.,   0.,   3., 300.,   0.,   9.,   0.],
        [  2.,   0.,   0.,   0.,   9.,   5.,  44.,   0., 163.,  85.],
        [ 19.,   0.,   0., 283.,   0.,   4.,   0.,   0.,   4.,   0.],
        [  0., 262.,   1.,   0.,   0.,   0.,   0.,   0.,  13.,   0.],
        [  0., 187.,   0.,  34.,   0.,   0.,   0.,   0.,   1.,   0.],
        [  0.,   0.,  20.,   0.,   1.,   0., 293.,   0.,  20.,   0.],
        [  0.,   0.,   0.,   0.,   0.,   0.,   0., 305.,   2.,   2.],
        [  2.,   0.,   0.,   0.,   0.,   2., 292.,   0., 128.,   0.],
        [  5.,   0.,   1., 173.,  31.,   0.,   0.,   0.,   6.,   0.],
        [  0., 254.,   0.,  19.,   0.,   0.,   0.,   0.,   1.,   0.],
        [  0.,   0.,   0.,   0., 231.,   0.,   0.,  18.,  19.,   0.],
        [  2.,   0.,   0.,  40.,   0., 271.,   0.,   0.,   9.,  88.],
        [  7.,   0.,   0., 260.,  74.,   1.,  16.,   0.,   9.,   0.],
        [113.,   0.,   0.,   0.,   0.,   1.,  36.,   0.,  22.,   0.],
        [  0.,   0.,   0.,   0.,   2.,   0.,   0., 289.,   2.,   4.],
        [  1.,   0.,   0.,   0., 274.,   0.,   0.,  11.,   3.,   0.],
        [ 15.,   0.,   9., 295.,   0.,   0.,   0.,   0.,   4.,   0.],
        [ 13.,   0.,   0., 283.,   0.,   5.,   0.,   0.,   7.,   0.],
        [ 17.,   0.,  43., 285.,   0.,   3.,   0.,   0.,  76.,   0.],
        [ 65.,   0.,   0.,   1.,   0., 287.,   0.,   0.,   6.,  82.],
        [133.,   0.,   0.,   0.,   1., 127.,   0.,   0., 147.,   0.],
        [  2.,   0.,   0.,   0.,   6.,   0., 286.,   0.,   4.,   1.],
        [  4.,   0.,   0.,   0.,   0., 258.,   0.,   0.,   3.,   3.],
        [  4.,  92.,  45.,   0.,   0.,   2.,   0.,   0.,  19.,   0.],
        [ 35.,   0.,   0.,   0.,   3.,   1., 274.,   0.,   2.,   0.],
        [300.,   0.,   0.,   0.,   1.,   1.,   0.,   0.,   4.,   0.],
        [  1.,   0.,   0., 114.,   0., 272.,   0.,   0., 127.,  71.],
        [  4.,   0.,   0.,   0.,  56.,   1.,   0.,  48.,   3., 276.],
        [  8.,   0.,   0.,   0., 234.,   0.,  46.,   0.,   0.,   1.],
        [ 22.,   0.,   0., 202.,   0.,   2.,   3.,   0.,   5.,   0.],
        [  0., 251.,   0.,  25.,   0.,   0.,   0.,   0.,   2.,   0.],
        [  1.,   2.,   0., 218.,  25.,   0.,  75.,   0.,   4.,   0.],
        [ 41.,   0., 261.,   0.,   5.,   0.,  10.,   0.,   4.,   0.],
        [155.,   0.,   0.,   0.,  52.,  99.,  73.,  64.,   1.,   0.],
        [  4.,   0., 265.,   0.,   0.,   0.,  10.,   0.,  10.,   0.],
        [324.,   0.,   0.,  90.,   0.,  20.,   0.,   0.,  14.,   0.],
        [ 80.,   0.,  44.,   0.,   4.,   2., 301.,   0.,   2.,   0.],
        [ 24.,   0.,   0.,   0., 107.,   1., 159.,   0.,  59.,  94.],
        [  4.,   0.,   0.,   0.,  42.,   0.,   0., 305.,  53.,  23.],
        [ 11.,   0.,   0., 234.,   0.,  18.,   0.,   0., 125.,   0.],
        [  0.,   6.,   0.,   0.,   0.,   0., 264.,   0.,  13.,   0.],
        [  1.,   0., 304.,   0.,  18.,   0.,   0.,   0.,  17.,   0.],
        [  7.,   0.,   7., 282.,  57.,   6.,   0.,   0.,  22.,   0.]],
       device='cuda:0')
Epoch 5 | Batch 800
tensor([[ 57.,   0.,   0.,   0.,   0.,   0., 301.,   0.,   3.,   0.],
        [  0., 251.,   0.,  44.,   0.,   0.,  60.,   0.,  31.,   3.],
        [  0.,   0.,   0.,   0.,   5.,   0.,   0., 156.,   4., 281.],
        [  0.,   0.,   0.,   0.,  82.,   0.,   0., 144.,   3., 268.],
        [299.,  11.,   0.,   0.,   0.,   4.,   0.,   0.,   4.,   0.],
        [308.,   0.,   0.,   0.,   0.,  11.,   0.,   0.,   3.,   0.],
        [  0.,  46.,   0.,   0.,  43.,  81.,   0., 124., 252.,   0.],
        [  0.,   0., 124.,  39.,  20.,   0.,   0.,   0., 255.,   0.],
        [ 18.,   0.,  24.,   0.,   0.,  11.,   0.,  32., 256.,   0.],
        [  0., 187.,   0.,   0.,   0.,   0.,  25.,   0.,  91.,   0.],
        [  7.,   0.,   0.,   0.,   0., 270.,   0.,   0.,  15.,   0.],
        [  0.,   0.,   0.,   0.,   0.,   0., 244.,   0.,   5.,   0.],
        [  0.,   0., 244.,   0.,   6.,  10.,   6.,   0.,   5.,   3.],
        [  0.,   0., 273.,   0.,   1.,   0.,   0.,   0.,   5.,   0.],
        [  4.,   0.,  57.,   0.,   0.,   0.,   0.,   0.,   2., 219.],
        [  0.,  82., 254.,  51.,   0.,   0.,   0.,   0.,   4.,   0.],
        [  0.,   0.,   0.,   6., 266., 110.,   0.,  36.,   3.,   0.],
        [  0.,   0.,   0.,  12.,  17.,   0.,   0., 106.,   7., 272.],
        [  0.,   0.,   0.,   0.,  15.,  21.,   0.,   0.,   3., 234.],
        [ 78.,   0., 264.,   0.,   0.,   0.,   0.,   0.,   3.,   0.],
        [  0.,   0.,   0.,   0.,   0.,   0., 289.,   0.,  26.,   0.],
        [  0.,  14.,   0.,   0.,   0.,   0.,   0.,  41.,  12.,  69.],
        [  0.,   0.,  39.,   0.,  20.,  77.,   0.,  58., 227.,   0.],
        [  0.,   0.,  78.,   0.,   5.,   0., 269.,   0.,   2.,   0.],
        [  0.,  27.,   0.,   0.,  12.,   0.,   0., 146.,   4., 269.],
        [  0., 270.,   0.,   0.,   0.,   0.,   0.,   0.,   0.,   0.],
        [  0.,   0.,   0., 284.,   0.,   0.,   0.,   0.,  19.,   0.],
        [  0., 127., 226.,   0.,  10.,   0.,   0.,   0.,  16.,  68.],
        [  0.,   0.,  34.,   0.,  18.,   0.,   0.,   9.,  59., 248.],
        [  0.,   0.,   0., 131.,   0., 214.,   0.,   0.,  19.,   0.],
        [  0.,   0.,  88.,   0., 275.,  49.,   0.,   0.,   4.,   0.],
        [  0.,   0.,   0.,   0.,   1.,   0.,   0.,  26.,  11., 247.],
        [ 17.,   1.,   1., 280.,   0.,   0.,   0.,   0.,  14.,   0.],
        [  0.,   0.,   0.,   0., 102.,  50.,   0.,   0.,   1., 248.],
        [  0., 260.,   0.,   0.,   0.,   0.,   0.,   0.,   2.,   0.],
        [  0.,   0.,   0., 259.,   0.,   0.,   0.,   0.,  18.,   0.],
        [  0.,   0.,   7., 279.,   0.,  74.,   0.,   0.,  33.,   0.],
        [  0., 267.,   0.,   0.,  24.,   0.,  12.,   0.,   3.,   0.],
        [  0.,   0.,   2.,   0.,   0.,   0., 283.,   0.,   7.,  15.],
        [  0.,   0.,   0.,  57.,   0.,   0.,   0., 146.,   2.,  46.],
        [  0.,  22.,   0.,  29.,  12.,   0.,   0.,   0., 233.,   0.],
        [  0.,   0.,   0., 268.,   0.,   0.,   0.,   0.,  89.,   9.],
        [  0.,   0.,   0.,   0.,   0.,   0.,   0., 287.,   0.,   0.],
        [ 19.,   0.,   0.,   0.,   1.,   9.,   0.,   0.,   7.,   5.],
        [  0.,   0., 154.,   0.,   0.,   0.,   7.,   0.,   1.,   0.],
        [ 31.,   0.,   0.,   0.,   0., 276.,   0.,   0., 230.,   0.],
        [  0.,   3.,   0.,   0.,  35.,   0.,   0.,   0., 176.,   0.],
        [  0., 264.,   0.,   0.,   0.,   0.,   4.,   0.,  14.,   0.],
        [ 12.,   0., 101.,   0.,   2.,   0., 260.,   0.,   0.,   0.],
        [  0.,   0.,   0.,   0.,   0.,   0.,   0.,   0., 249.,   0.],
        [  0.,  54.,   0.,  36.,   0.,   1.,   0.,   0.,   4.,   0.],
        [  0.,   0.,   0.,   0.,   0.,   0.,   0., 288.,   1.,   4.],
        [273.,   0., 285.,   0.,   0.,   0.,   0.,   0.,   2., 100.],
        [  0., 252.,   0.,   0.,   0.,   0.,   0.,   0.,  10.,   0.],
        [  0.,  33.,   0., 203.,   0.,   0.,   0.,   0.,  21.,   0.],
        [  0., 274.,   0.,   0.,  26.,   0.,   1.,   2.,   4.,   0.],
        [  0.,   3.,   0.,   0.,  72.,   0.,   0., 292.,   0.,   5.],
        [ 16.,   0.,   0.,   0.,   0.,  38.,   0.,   0., 263.,  76.],
        [  0.,   0.,  74.,   0.,   0.,   0.,   0.,   0.,   4., 210.],
        [280.,   0.,   0.,  32.,   0.,   0.,   0.,   0.,   9.,   0.],
        [  0., 285.,   0.,   0.,  60.,   0.,   0.,   2.,  17.,   0.],
        [  0., 218., 262.,   0.,   0.,   0.,  63.,   0.,  38.,   0.],
        [  0.,   0.,   0.,  60.,   0., 186.,   0.,   0.,   5.,   0.],
        [  0.,  55.,   0.,   0.,   0., 218.,   0.,   0.,  62.,   0.]],
       device='cuda:0')
Epoch 5 | Batch 900
Switching label layer to Inference Mode (LIF)...
Epoch 5 DONE | Test Acc: 77.39% | Time: 824.3s
Switching label layer back to Training Mode (Clamp)...
tensor([[  0.,   0.,   0.,   0.,  19., 234.,   0.,   0.,   0.,   0.],
        [  3.,   0., 309.,   0.,   0.,   0.,   0.,   0.,   0.,   0.],
        [294.,   0.,   0.,   0.,   0.,   0.,   0.,   0.,  36.,   0.],
        [  0.,   4.,   1.,   0.,   0.,   0.,  22.,   0., 273.,   0.],
        [244.,   0.,   0.,  26.,   0., 102.,   0.,   0.,  41.,   0.],
        [  6.,   0.,  41.,   0.,   0.,   0.,   0.,  11.,   3., 219.],
        [ 27.,   0., 305.,   0.,   0.,   0.,   0.,   0.,   1.,   0.],
        [  0.,   0., 279.,   0.,   0.,   0.,   0.,   0.,   5.,   0.],
        [  0.,   0.,   0.,  81.,   0.,   0.,   0., 150.,   2., 262.],
        [  2.,   0.,   1.,   0.,  24.,   0., 273.,   0.,   0.,   0.],
        [205.,   0.,   0.,   0.,  67., 240.,   0.,   0., 139.,   6.],
        [  2.,   0.,   0.,   0., 248.,   0.,   0.,   0.,   1.,   0.],
        [  0.,   0., 278.,   0.,   0.,   0.,   5.,   0.,   0.,   0.],
        [  4.,   0., 271.,   0.,   0.,   2.,   0.,  32.,   3.,   0.],
        [  0.,   2.,   0.,   0.,  59., 185.,   0.,   0.,  56.,   0.],
        [ 36.,   0.,   0.,   0.,   0., 296.,   0.,   0.,   0.,   0.],
        [ 62.,   0.,  27.,   0.,   0.,   0., 294.,   0.,   0.,   0.],
        [  7.,   0.,   0.,   0.,   0., 281.,   0.,   0.,  78.,  22.],
        [  0.,   0.,   3.,   0.,   4.,   0.,   0., 300.,   2.,   0.],
        [  1.,   0.,  16.,   0., 278.,   0.,   0.,  32.,  19.,   0.],
        [  0.,   0.,   0.,   0., 216.,   0.,   0.,   0.,  37.,   0.],
        [  0., 122.,   0.,   0.,   0.,   0.,   0.,   0., 130.,  70.],
        [305.,   0.,   0.,  79.,   0.,  43.,   0.,   0.,   5.,   5.],
        [  0.,   0.,   1.,   0., 246.,   0.,   0.,   0.,   0.,   0.],
        [  0.,   0.,   7.,   0.,   0.,   0.,   0., 287.,   0.,   0.],
        [  0.,   0.,   0.,   0.,   0.,   0.,   0., 306.,   0.,   4.],
        [  0.,   0.,   0.,   6.,   0.,  21.,   0.,  24.,  68., 255.],
        [ 35.,   0., 165.,   0.,   0.,   0.,   0.,   0.,   0.,   0.],
        [ 88.,   0., 154.,   0.,   0.,   0.,   0., 139.,   2.,   0.],
        [  2.,   0.,   0., 233.,   0.,   0.,   0.,  13.,  41.,   0.],
        [  0., 286.,   1.,   0.,   0.,   0.,   0.,   0.,  21.,   0.],
        [275.,   0.,   0.,   0.,   0.,   0.,  32.,   0.,   2.,   0.],
        [ 27.,   0.,   0., 282.,   0.,   7.,   0.,   0.,   0.,   0.],
        [  2.,  15.,   1.,   0.,   0.,   0.,   0.,   0., 280.,   8.],
        [ 37.,   0., 100.,   0., 236.,   0.,   0.,   0.,   0.,   0.],
        [  0.,   0.,  67.,   0.,   2.,   0.,   0., 303.,   1.,  22.],
        [  0., 275.,   0.,   0.,   0.,   0.,   4.,   0.,   3.,   0.],
        [  8.,   0., 294.,  21.,  61.,   0.,   0.,   0.,   0.,   0.],
        [  0., 250.,   0.,   0.,   0.,   0.,   5., 108.,   1.,   0.],
        [  0.,   0.,  27.,   0., 280.,   0.,   0.,   0.,  44.,   0.],
        [  1.,   0.,   0.,   0.,   0., 145.,  93.,   0.,   1.,   0.],
        [  0.,  17.,   0.,   0.,   0., 237.,   0.,   0.,  31.,   0.],
        [ 16.,   0.,   0., 287.,   0.,   9.,   0.,   0., 125.,   0.],
        [296.,   0.,   0.,   0.,   0.,  62.,   5.,   0.,  60.,  14.],
        [  0.,   0.,   1.,  21.,   0.,   0.,   0.,  48.,  10., 253.],
        [  0., 283.,   0.,   0.,   0.,   0.,   0.,   0.,  44.,   0.],
        [ 34.,   0.,   0., 125.,   0., 273.,   0.,   0.,  26., 125.],
        [ 62.,   0.,   0.,   0.,   0., 299.,   0.,   0.,   1.,   0.],
        [  0.,  14.,   0.,   0.,   0.,   0.,   0.,   0., 270.,   0.],
        [  1.,   0.,   0.,   0.,   9.,  36.,   0.,   0., 135., 258.],
        [295.,   0.,   0.,   0.,   0.,   0.,   0.,   0.,   2.,   0.],
        [308.,   0.,   0.,   5.,   0.,   6.,   0.,   0.,  29.,   0.],
        [  1.,   0.,   0., 191.,   0.,   1.,  41.,   0.,   1.,   0.],
        [152.,   0.,  18.,   0.,  53.,   0.,  49.,   0.,   1.,   0.],
        [ 59.,   0.,   0.,   0.,   0., 296.,   0.,   0.,   2.,   0.],
        [  0.,  21.,   0.,  38.,   0.,   0.,   0.,   1., 219.,   3.],
        [  0., 281.,   0.,   0.,   0.,   0.,   0.,   0.,  23.,   1.],
        [146.,   0.,   0.,   0.,   8., 291.,   0.,   0.,   2.,  30.],
        [ 60.,   0.,   4.,   0.,   0.,   0.,   0.,   0., 283.,   0.],
        [  0.,   0.,   0., 268.,   0.,   5.,   0.,   0.,   8.,   0.],
        [  3.,  38.,   0., 242.,   0.,  31.,   0.,   0.,   0.,   0.],
        [  5.,   0.,   0.,   0., 252.,   0.,   9., 105.,   4.,   0.],
        [  0., 164., 137., 212.,   0.,   0.,   0.,   0.,   3.,   0.],
        [ 16.,   0., 266., 223.,   0.,   0.,   0.,   0.,   1.,   0.]],
       device='cuda:0')
Epoch 6 | Batch 0
tensor([[ 19.,   0.,   0.,   0.,   0.,   1., 305.,   0.,   0.,   0.],
        [303.,   0.,   0.,   0.,   2.,  22.,   0.,   0.,   0.,   0.],
        [262.,   0.,   0., 111.,   0.,   5.,   0.,   0.,   0.,   0.],
        [294.,   0.,   0., 206.,   0.,  25.,   0.,   0.,   0.,  21.],
        [  0., 268.,  21.,  56.,  44.,   0.,   0.,   0.,  12.,   0.],
        [  8.,   0.,  12.,   0.,  15.,   0., 295.,   0.,   0.,   0.],
        [  3.,   0., 280.,   0.,   0.,   0., 102.,   0.,   0.,   0.],
        [  1.,   0.,   0.,   0.,  43.,   0.,   0., 120.,  18., 257.],
        [  9.,   0.,  70.,   0., 190.,   1., 126.,  44.,   0.,   0.],
        [  2.,   0.,   1.,   0., 256.,   1.,   0.,   2.,  82.,  42.],
        [ 21.,   0.,   0.,  80.,   0., 281.,   0.,   0.,   1.,   0.],
        [ 52.,   0.,   0.,   0.,   0., 276.,   0.,   0.,   0.,   0.],
        [  2., 286.,   0.,   0.,   0.,   0.,   0.,   0.,   0.,   0.],
        [  2.,   0., 285.,  50.,   0.,   1.,   1.,   0.,   0.,  13.],
        [  3.,   0., 285.,   0.,   0.,   2.,   0.,   0.,   0.,   0.],
        [ 16.,   0.,   0.,   0.,   0., 284.,   0.,   0.,   0.,   0.],
        [ 39.,   0.,   0.,   0.,   0., 283.,   0.,   0.,   0.,   0.],
        [ 13.,   0.,   0.,   0.,   0., 238.,   0.,   0., 164.,   0.],
        [  1.,  38., 264.,   0.,   0.,   0.,   2.,   0.,   9.,   0.],
        [  3.,   0.,   0., 291.,   2.,   2.,   0.,   0.,   0.,  11.],
        [  3.,   0.,  39.,   0.,   0.,   1., 287.,   0.,   2.,   0.],
        [264.,   0.,   0.,  11.,   1.,   5.,   0.,   0.,   0.,  67.],
        [ 10.,   0.,   1.,   4.,  25., 181.,  83.,   0.,   0., 110.],
        [  2., 213.,  21.,   0.,   0.,   0.,  45.,   0.,   0.,   0.],
        [  2., 129.,   0.,   0.,   0.,   0., 269.,   0.,   0.,   0.],
        [  6.,   0.,  39.,   0., 253.,   1.,   0.,  21.,   2.,   0.],
        [ 18.,   0.,   0.,   0.,   0.,   1.,   0., 297.,   0.,  33.],
        [ 72.,   0.,   0.,  75.,   0., 135.,   0.,   0., 285.,  25.],
        [  1.,   0., 275.,   0.,   2.,   1.,   0.,   0.,   7.,   0.],
        [  3.,   0.,   0.,   0.,   0., 209.,   0.,   0.,  87.,  35.],
        [  2.,   0., 279.,   0.,   0.,   0., 114.,   0.,   0.,   0.],
        [  0., 271.,  41.,   0.,   0.,   0.,   0.,   0.,   1.,   0.],
        [ 48.,   0.,   0.,   0.,   0.,   1., 304.,   0.,   0.,   0.],
        [  2.,   0.,  25.,   0., 239.,   1.,   0.,   0.,   0.,   0.],
        [  6.,   0.,   1.,   0.,   0.,   4.,   0.,   0., 276.,   0.],
        [  2.,   0.,   0.,   0.,   0.,  29.,   0.,   0., 272., 105.],
        [262.,   0.,  41.,  74.,   0.,  63.,   0.,   0.,   0.,   0.],
        [ 32.,   0.,   1.,   0.,  13.,   2., 307.,   0.,   2.,   0.],
        [ 41.,   0.,   0.,   9.,   0.,   0.,   0.,  98.,  21.,   0.],
        [  4.,   0.,  17.,   0.,   2.,   0.,   0., 251.,   0., 111.],
        [  4.,   0.,  46.,   0.,   0.,   0., 293.,   0.,   0.,   0.],
        [287.,   0.,   0.,  15.,  35.,  26.,  37.,   0.,  91.,   0.],
        [ 11.,   0.,  92., 305.,   0.,  13.,   0.,   0.,   0.,   0.],
        [  5.,   0.,   0.,   0.,   0.,   2.,   0.,   0., 212.,   0.],
        [220.,   0.,   0.,   0.,   3., 140.,  26.,   0.,  73.,   0.],
        [  0., 267.,   3.,   0.,   0.,   0.,   0.,   0.,   2.,  21.],
        [  2.,   9., 264.,   0.,   0.,   0.,  59.,  14.,   0.,   0.],
        [  1.,   0.,   0.,   0.,   6.,   0.,   0.,  59.,   0., 253.],
        [  3.,   0.,   0.,   0.,   0.,   0.,   0., 298.,   0.,  15.],
        [167.,   0.,   0.,  52.,   0.,  25.,   0.,   0.,   0.,   0.],
        [  1.,   0.,   0., 115.,   0., 225.,   0.,   0.,  43.,   0.],
        [260.,   0.,   0.,  28.,   0.,  14.,   0.,   0.,   0.,   0.],
        [  0., 273.,  10.,   0.,   0.,   0.,   0.,   0.,   1.,   0.],
        [ 21.,   0., 143.,   0., 241.,   0.,   0.,  35., 122.,   0.],
        [  2.,   0.,  42.,   0.,   0.,   0.,   0., 275.,   0.,  80.],
        [264.,   0.,   0.,  12.,   0.,   7.,   0.,   0.,  29.,   0.],
        [  4.,  59.,   0.,   0.,   0.,   7.,  25.,   0., 270.,   0.],
        [306.,   0., 106.,   2.,  62.,  93.,   0.,   0.,   1.,   0.],
        [  2., 109.,   0.,   0.,   0.,   0.,   0., 245.,   0.,  99.],
        [ 19.,   0.,  93.,   0., 128.,   0., 297.,   0.,  21.,   0.],
        [  8.,   0.,   0.,  62.,   0.,  14.,   0.,   0., 265.,   0.],
        [  3.,   0.,   0.,   0.,   6.,  54.,   0.,   0., 276.,   0.],
        [256.,   0.,   9.,   0.,   2.,  36.,   0.,   0.,   0.,  35.],
        [  3.,  72.,   0., 240.,   0.,   1.,   0.,   0.,   0.,   0.]],
       device='cuda:0')
Epoch 6 | Batch 100
tensor([[262.,   0.,   0.,  20.,   0.,   7.,   0.,   0.,   3.,   0.],
        [ 11.,   0.,   1.,  99.,   0., 286.,   0.,   0.,   8.,   1.],
        [209.,   0.,   0.,   0.,   0.,   0.,   0.,   0.,   2.,   0.],
        [  3.,   0.,   0., 275.,   0.,   0.,   7.,   0.,   2.,   1.],
        [ 60.,   0.,   0.,   0.,   0., 221.,   1.,   0.,  12.,   4.],
        [ 53.,   6.,  39.,   0.,   0.,   2.,   0.,   0.,  63.,   3.],
        [ 22.,   0., 279.,   0.,   0.,   0.,   4.,   0.,  10.,   1.],
        [ 20.,   0.,   1.,   0.,   0., 255.,   0.,   0.,  10.,   2.],
        [  0., 237.,   0.,   0.,   0.,   5.,   9.,   0.,   0.,   0.],
        [  3.,   0.,   1.,   0., 228.,  15.,   0.,  13.,  85.,   4.],
        [  1.,   0.,   0.,   0.,   0.,   0.,   0., 300.,   5.,   8.],
        [  7.,  30.,   3.,   0.,   0.,   0.,   1.,   0., 294.,   7.],
        [ 39.,   0.,  48.,   0.,   0.,   0.,   0.,   0.,  12., 240.],
        [  2.,   0.,   1.,   0., 202.,   0.,   0.,   0.,  12., 256.],
        [  3.,   0.,   0.,   0.,   0.,   0.,   0., 292., 121.,   8.],
        [  5.,  16.,   0.,   0.,   1.,   0.,   0., 254.,  14.,   6.],
        [  8.,  98.,   0.,  49.,   0., 128.,   0.,  27.,  14.,   0.],
        [ 34.,   0.,   0.,   0.,   0., 136.,  22.,   0.,   2.,   0.],
        [248.,   0.,   0.,   0.,   0.,   1.,   0.,   0.,  93.,   0.],
        [  2., 272.,   1.,   0.,   0.,   0.,   0.,   0.,   0.,   1.],
        [  2., 292.,   1.,   0.,   0.,   0.,   0.,   0.,   6.,   7.],
        [  1.,  37.,   0.,   0.,   0.,  21.,   8.,   0.,  17., 221.],
        [  2., 296.,   1.,   0.,   0.,   0.,   0.,   0.,   4.,   4.],
        [  9.,   0.,   0.,  14.,   0., 282.,   0.,   0.,   9.,   1.],
        [  4.,  16.,   4., 271.,   0.,   0.,   0.,   0.,  13.,   1.],
        [  5.,  21.,   0.,   0.,   0., 108.,   0.,   0.,   2.,   0.],
        [  4.,   0.,   0.,   0.,   0.,   3.,   1.,  42.,   8., 262.],
        [  3.,   0.,   2., 297.,  17.,   1.,   0.,   0.,   4.,   2.],
        [  6.,   0.,   0.,   0.,   0., 278.,  11.,   0.,  10.,   1.],
        [  4., 142.,   0.,   0.,   0.,  49.,   3.,   0.,  66., 200.],
        [  4.,  95.,   1.,   0.,   0.,   0.,   0., 151.,  12.,   4.],
        [ 26.,   0.,   1.,   0.,   0.,   0., 279.,   0.,  10.,   1.],
        [  3.,   0.,   3.,   0., 239.,   0.,   0.,  70.,   1.,   1.],
        [267.,   0.,   4.,  67.,   0.,   0.,   0.,   0.,  27.,   2.],
        [  7.,   0.,   1., 299.,   0.,   0.,   0.,   0.,  62.,  38.],
        [116.,   0., 251.,   0.,   0.,   0.,   2.,  28.,  15.,   0.],
        [  4., 141.,   1.,   0.,   3.,   0.,   0.,  20., 191.,  21.],
        [  5.,   0.,   3.,   0.,  11.,   0.,   0., 116., 280.,   6.],
        [ 20.,   0.,   2., 308.,   0.,  46.,   0.,   0.,  69.,   0.],
        [  2.,   0.,   0.,   0.,  29., 217.,   0.,   0.,   1.,   0.],
        [  5.,   4.,   1.,   0.,   0.,   0.,   0.,   0., 219.,  89.],
        [ 35., 115.,   2.,   0.,   0.,   0., 147.,   0.,  56.,   9.],
        [  3.,  63.,   2.,   0.,   9.,   0.,   0.,   0., 273.,   2.],
        [  2.,   0., 238.,  92.,   0.,   0.,   0.,  25.,   4.,   0.],
        [  5.,  21.,   4.,   0.,   4.,   0.,   0.,   0., 261.,   1.],
        [  0., 238.,   0.,   0.,   0.,   1.,   6.,   0.,   0.,   0.],
        [ 21.,  21.,   9., 127.,   0.,  13.,   0.,   0.,  24.,   5.],
        [260.,   0.,   0.,   0.,   0.,   0.,   0.,   0.,  71.,   0.],
        [  4.,   0.,   2.,   0.,  64.,  35.,   0.,   0.,  54., 237.],
        [ 11.,   0.,   0., 279.,   0.,  11.,   0.,   0.,   4.,  60.],
        [ 19.,   0., 125.,   0.,   0.,   0.,  60.,   0.,  91.,   2.],
        [ 15.,   0.,  39.,   0.,   0.,  17., 287.,   0.,   7.,   4.],
        [  8.,  69.,   2.,   0.,   0.,   0.,   0.,   0., 260.,   2.],
        [258.,   0.,   0.,   0.,   0.,   0.,   4.,   0.,   2.,   0.],
        [  6.,  40.,   0., 124.,   0.,   0.,   0., 115.,   6.,   4.],
        [ 13.,   0.,   1.,   0.,   0.,   0., 298.,   0.,   7.,   0.],
        [  1.,   0.,  40.,   0., 134.,   0.,   0.,   0.,   4., 197.],
        [  0.,   0.,   0.,   0., 118.,   0.,   0.,   0.,  14., 194.],
        [ 86.,   0.,   0.,   0.,   0.,  15.,   0.,  60.,  12.,   0.],
        [  6.,  62.,   4.,   0.,   0.,   0.,   0.,   0., 268.,   4.],
        [  3.,   0.,   0.,   0.,   9.,  37.,   1.,  18.,   2., 258.],
        [  2.,  56.,   0.,   0.,   0.,   0.,   0., 123.,   6., 251.],
        [ 10.,   0.,  18.,   0.,   0.,   0., 309.,   0.,   2.,   0.],
        [274.,   0.,   2.,   0.,   0.,   2.,   0.,   0., 143.,   2.]],
       device='cuda:0')
Epoch 6 | Batch 200
tensor([[ 29.,   0.,   0.,   0.,  35., 176.,  10.,   0.,   0.,   0.],
        [  0.,   0.,   0.,   0.,  43.,   0.,   0., 211.,   0.,  15.],
        [  3.,   0., 286.,   0.,   0.,   0.,   6.,   0.,   0.,   0.],
        [  1.,   0.,   0.,   0., 178.,   3.,   0.,  20.,   0., 228.],
        [ 63.,   0.,   0.,   0.,  77.,   1.,   0.,   0., 180.,   0.],
        [  0., 271.,  51.,   0.,   0.,   0.,   0.,   0.,   5.,   0.],
        [  4.,   6.,  38., 251.,   0.,  45.,   0.,   0., 104.,   0.],
        [  1.,  51.,  77.,   0.,   0., 275.,   0.,   0.,   0.,   0.],
        [  1.,   0.,   0., 219.,   0.,  23.,   0.,   0.,  24.,   0.],
        [  0.,   0.,   0.,   0.,  20.,  28.,   0., 277.,   8.,  23.],
        [  4.,   0.,   0.,   0.,   0.,  93.,   0.,   0., 270.,  36.],
        [286.,   0.,   0.,   0.,   0.,   4.,   0.,   0.,   0.,   0.],
        [  0.,   0.,   0.,   8.,  12., 256.,   0.,   0.,   0.,   0.],
        [ 26.,   0.,   2., 247.,   0.,  89.,   0.,   0.,  11.,   0.],
        [  0.,   0.,   0.,  10.,   0.,   0.,   0., 286.,   0.,  30.],
        [251., 110.,   0.,   0.,   0.,   0.,   0.,   0.,   0.,   0.],
        [  0.,   0.,  59.,   0., 271.,   0.,   0.,  53.,   0.,   7.],
        [  0.,   0.,  12.,   0., 258.,   0.,   0.,  15.,   0.,  20.],
        [  1.,   0.,  75., 282.,   0.,  85.,   0.,   0.,   0.,   3.],
        [  0., 123.,  43.,   0.,   0.,  17., 268.,   0.,   0.,   0.],
        [  0.,   1.,   0., 274.,   0.,  33.,   0.,   0.,   0.,   1.],
        [ 55.,   0., 227.,   0.,  65.,   0.,  74.,   0.,   0.,   0.],
        [  7.,   8.,   0., 279.,   0.,  26.,   0.,   0.,   0.,   0.],
        [  0.,   0.,   0.,   0.,  88.,   4.,   0.,   0., 153.,   4.],
        [  0.,   3.,   0.,   0.,   0.,   2.,   0., 280.,  91.,  30.],
        [  0., 271.,   0.,  53.,   0.,   0.,   0.,   0.,   0.,  66.],
        [  1.,   0.,   0., 149.,   0.,  71.,   0.,   0.,   0.,   1.],
        [  0., 267.,   0.,   0.,   0.,   1.,   3.,   0.,   0.,   0.],
        [ 81., 150., 115.,  63.,   0.,   2.,  30.,   0.,   0.,   0.],
        [  0.,   5., 262.,   0.,   0.,  22.,  11.,   0.,   0.,   0.],
        [  0.,  42.,   0.,   0.,  60.,   0.,   0., 203.,   0.,   3.],
        [  5.,   0.,  61., 273.,   0.,  86.,   0.,   0.,   0.,   0.],
        [  3.,   0.,   0.,   0., 115.,  36.,   0.,  79.,   0.,  47.],
        [  0.,   0., 264.,   0.,   0.,  50.,   0.,   0.,  53.,   0.],
        [  0.,   0., 285.,   0.,   0.,   0.,   0.,  19.,  25.,   0.],
        [  0., 267.,  60.,   0.,   0.,   0.,   0.,   0.,  32.,   1.],
        [  0.,   2.,   0.,   0.,   0.,  18.,   0.,  11.,   0., 151.],
        [  5.,   0.,   0.,  33.,   0., 273.,   0.,   0.,   0.,   0.],
        [  0., 253.,   0.,   0.,   0.,   5.,   0.,  23.,  46.,  24.],
        [289.,   0.,   0.,   0.,   0.,   3.,   0.,   0.,   0.,   0.],
        [  1.,  27., 214.,  94.,   0.,   3.,   0.,   0.,  88.,  38.],
        [  0.,  57.,  32.,   0.,   0.,   3.,   0.,   0., 266.,   5.],
        [248.,   0., 107.,   0.,   0.,  35.,   0.,   0.,   0.,   0.],
        [  0., 253.,  20.,   0.,   0.,   1.,   0.,   0., 143.,   0.],
        [ 23.,   0.,   7.,   0.,   0.,   0., 283.,   0.,   0.,   0.],
        [  2.,   0.,   0., 240.,   0.,   3.,  24.,   0.,   0.,   3.],
        [  0.,   0.,   0.,   0.,   3.,   0., 271.,   0.,   0.,   0.],
        [206.,   0.,   0.,  14.,   0.,   0.,   0.,   0.,   1.,   0.],
        [  0.,   0.,   0.,   0., 263.,   0.,   0.,   0.,   0., 138.],
        [  0.,   0.,   0.,   0.,  28.,   1.,   0.,   0.,   0., 284.],
        [  0., 270.,   0.,   1.,   0.,   1.,  36.,   0.,   0.,   0.],
        [  0.,   0.,   0.,  28.,   8.,  43.,   0., 180.,   7.,  22.],
        [ 58.,   0.,   0.,   0.,   0.,  64.,   0.,   0., 286.,   6.],
        [  0.,   0.,   0.,   0., 274.,   0.,   0.,   0.,   0.,   1.],
        [  0.,   0.,   0.,   0.,  27.,   1.,   0.,   0.,   0., 279.],
        [  0., 282.,  57.,   0.,   0.,   0.,   8.,   0.,   7.,   0.],
        [  0.,   0.,   0.,   0., 144.,   0.,   0., 274.,   0.,  19.],
        [  0., 269.,  25.,   0.,   0.,   0.,   0.,   0.,  54.,  40.],
        [  0., 252.,   0.,   0.,   0.,   8.,   0.,   0.,  39.,   0.],
        [  4.,   0.,   0., 242.,  50.,  10.,   0.,   0.,  29.,   1.],
        [280.,   0.,   0.,   1.,   0.,  12.,   0.,   0.,   0.,   0.],
        [285.,   0.,   0.,   0.,   0.,   2.,  90.,   0.,   0.,   0.],
        [  0., 257.,   0.,  27.,   0.,   0.,   0.,   0.,   0.,  15.],
        [  6.,   0.,   0.,  14.,  21.,   0.,   0., 253.,   0.,  28.]],
       device='cuda:0')
Epoch 6 | Batch 300
tensor([[260.,   0.,   1.,  19.,   0.,   0.,   4.,   0.,  18.,   9.],
        [  0.,   0.,   0.,   0., 263.,   0.,   0.,   0.,  19.,  12.],
        [ 11.,   0., 296.,   1.,   0.,   0.,  28.,   0.,   0.,   0.],
        [  7.,   0.,   0.,   0.,   4., 274.,   1.,   0.,   1.,  24.],
        [  0.,   0.,   0.,   0.,   0.,   0.,   3.,   2.,   0., 287.],
        [  1.,   0.,   0.,   0.,   0.,   2., 279.,   0.,   4.,   4.],
        [ 15.,   0.,   4.,   0.,   0.,   0., 287.,   0.,   0.,   3.],
        [  0.,   0.,   3.,   1.,   6.,   0.,   2.,   0., 261.,  20.],
        [  0.,  17.,  81., 140.,   0.,   0.,   0.,   0.,   1.,  65.],
        [  0.,  17.,   1.,   0.,   6.,   0.,  67.,   0., 203.,   0.],
        [  0.,   8.,   0.,   0.,   0.,   0.,  13.,  18.,   0., 265.],
        [  0., 263.,   3.,   0.,   0.,   0.,   2.,   2.,   1.,  19.],
        [  3.,   0.,  13.,   1.,   0.,   0.,   3.,   0., 279.,  14.],
        [  0.,   0., 281.,   6.,   0.,   0.,  22.,   0.,  35.,   0.],
        [ 28.,   0.,   0.,   1.,   0., 245.,   0.,   0.,   0.,   0.],
        [  0.,   0.,   7.,   0.,  58.,   0.,   2.,   0., 240.,   0.],
        [  0.,   0.,   0.,   0., 230.,   0.,   0.,  26.,   1.,  30.],
        [252.,   0.,   0.,   0.,   1.,   0.,   8.,   0.,   0.,   0.],
        [  1.,   0.,   0.,   0.,   0.,   4., 283.,   0.,   4.,   2.],
        [  8.,   0.,   0.,   0.,  26.,   0.,   0., 302.,   0.,  10.],
        [  0., 279.,   1.,   0.,   0.,   0.,   6.,   0.,   5.,   0.],
        [228.,   0.,   0.,   0.,  48.,   0., 238.,   0.,   0.,   0.],
        [  0.,   0.,   8.,   0.,   0.,   0.,   0., 283.,   5.,  76.],
        [  0., 271.,   0.,   0.,   0.,  26.,  12.,   0.,   0.,   0.],
        [  0.,   0.,   0.,   0.,   0.,   0.,   0., 295.,   0.,  33.],
        [  0.,   0.,   0.,   0.,   0.,   0.,   0., 295.,   0.,  42.],
        [ 18.,   0.,   0.,   0.,   0.,   0.,   0., 281.,   0.,   0.],
        [  0.,   0.,   0.,   0.,   0.,   0.,   0., 301.,   0.,  49.],
        [  2.,   0.,   0.,   2.,   0.,  12.,   1., 113., 122.,  88.],
        [  0., 270.,  25.,   0.,   0.,   0.,   3.,   0.,  23.,   0.],
        [134.,   0.,   7.,  45.,   0.,   0.,   2.,   0., 214.,   7.],
        [  0.,  94.,  26.,   0.,   0.,   0.,   0.,   0.,   1., 249.],
        [  0.,   0., 242.,   0.,  41.,   0., 128.,   0.,   2.,   1.],
        [  0.,  93.,   0.,   0.,   0.,   0.,   1.,   0.,   1., 265.],
        [  0.,   0.,   0.,   0.,   0.,   0.,   0., 301.,   2.,  15.],
        [ 17.,   0.,  21.,   0.,   0.,   0., 221.,   0.,   0.,  53.],
        [  0.,   0.,  64., 251.,   0.,   0.,   1.,   0.,   1.,   0.],
        [  0.,   9.,   0., 293.,   0.,   0.,   0.,   0.,   1.,   0.],
        [  0.,   0.,   0.,   0.,   0.,   0.,   2.,   0.,   1., 266.],
        [  2.,   0., 241.,   0.,   0.,  15.,   7.,   0.,   3.,  58.],
        [  0.,   0.,   0.,   0.,   0.,   0.,   1.,  18.,   0., 283.],
        [  0.,   0.,   4.,   0.,   0.,   0.,   0., 302.,   0.,   7.],
        [  1.,   0.,   2., 286.,   0.,   0.,   2.,   0.,   3.,   0.],
        [  0., 245.,  14.,   0.,   0.,   0.,   3.,   0.,  41.,   3.],
        [  0.,   0.,   0.,  59., 257.,   0.,   0.,   0.,  77.,   8.],
        [ 32.,   0.,   0.,   0.,   0.,   0.,   0.,  15.,   0., 274.],
        [  0.,   0.,   0.,   0., 116.,   0.,   0., 284.,   0.,  13.],
        [295.,   0.,   0.,  43.,   0.,   0.,   0.,   0.,   0.,  11.],
        [  0.,  50.,  34., 283.,   0.,   0.,  26.,   0.,   0.,   0.],
        [ 18.,   0.,   0.,   0.,   0., 233.,   0.,   0.,   5.,   1.],
        [ 29.,   0.,   0.,   3.,   0.,   0., 287.,   0.,   2.,   8.],
        [  1.,   0.,   1.,   0.,   0.,   0., 297.,   0.,   0.,   3.],
        [  0.,  83.,  17., 303.,   0.,   0.,   0.,   0.,   0.,   0.],
        [  0.,   0.,  16.,   0.,   0.,   0.,   1.,  16.,   0., 280.],
        [  0.,  26., 160.,  69.,   0.,   0.,   0.,   6.,   0.,   0.],
        [136.,   0.,   4.,   2.,   0.,   0., 303.,   0.,   2.,   2.],
        [  0.,   0., 299.,   2.,   0.,   0.,   6.,  46.,   0.,   0.],
        [ 13.,   0.,   0.,   1.,   0.,   0., 268.,   0.,   1.,  33.],
        [  0.,   0., 268.,   0.,   0.,   0.,  65.,   0.,   0.,   0.],
        [  0.,   0.,   0.,   0., 264.,   0.,   0.,   0.,   0.,   2.],
        [  0.,   0., 115.,   4.,   0.,   0.,  57.,   3.,   0.,   0.],
        [302.,   0.,   0.,   0.,   0.,   0.,  10.,   0.,   0.,   0.],
        [ 14.,   0., 163.,  60.,   0.,   0.,   0.,  39.,   0.,   0.],
        [ 86.,   0.,   0.,   0.,  90.,   0., 156.,  12.,   0.,   4.]],
       device='cuda:0')
Epoch 6 | Batch 400
tensor([[  2.,   0.,   0.,   0.,  34.,   0.,   0.,  40.,   0., 276.],
        [  1.,   0.,  44.,   0.,  11.,   0.,   0.,  38.,   0., 261.],
        [  1.,  56.,   0.,   0.,   0.,   0.,   0., 141.,   0., 224.],
        [  6.,   0.,   0.,   0.,   0.,   0.,   0., 297.,   5.,   0.],
        [256.,   0.,   0.,   0.,   0.,  19.,   0.,   0.,  15.,   0.],
        [  0., 159.,   0.,   0.,   0.,  60.,   0.,  46.,  67.,   0.],
        [  1.,   0.,   0., 277.,   0.,  28.,   0.,   0.,   6.,   0.],
        [  3.,   0.,   0.,   0.,   0.,  40.,  60.,   0., 251.,   0.],
        [  2.,   0.,   0.,   0.,   4.,   0.,   0., 132.,   1., 229.],
        [243.,   0.,  37.,   0.,   0.,   0.,   0.,   0.,  10.,   0.],
        [303.,   0.,   0.,   0.,   0., 130.,   0.,   0.,   5.,   0.],
        [  2.,   0.,  20.,  77.,   3.,   0.,   0.,   0.,   0., 112.],
        [  0., 114.,   5.,   0.,   0.,   0.,   0., 193.,  79.,   0.],
        [  4.,   0.,   0., 252.,   0.,   0.,   0.,   0.,  16.,   0.],
        [  4.,   0.,   0.,   0.,   3.,   0.,   0., 247.,   0.,   7.],
        [  3.,   0.,   0.,   0.,   0., 265.,   0.,   0.,  92.,   0.],
        [ 52.,   0.,   0.,   0.,   0.,   0.,   0.,   0., 286.,  23.],
        [  2.,  57.,   0.,   0.,   0.,   0.,   0.,   0., 256.,   0.],
        [  0.,   0.,  81.,   0., 289.,   0.,   0.,  96.,   0.,   0.],
        [  0.,   0.,   2.,  98.,  65.,   0., 181.,   0.,   0.,   0.],
        [  2.,   0.,   0.,   0.,   1.,   0., 127.,   0.,  71.,   0.],
        [  4.,   0., 114.,   0.,  30.,   0., 210.,  38.,   0.,   0.],
        [  1.,   0.,   0.,  19.,   0.,   0.,   0., 270.,   1.,   1.],
        [  2.,   0.,   0.,   0.,   2.,   0.,   0.,  35., 127.,  29.],
        [  3.,   0.,   0.,   0.,  11.,   0.,   1.,  69., 266.,   0.],
        [  1.,   0.,   0.,   0.,   0.,  46.,   0., 103.,   0., 234.],
        [  1.,   0., 272.,  82.,   0.,   0.,   0.,   0.,   0.,   0.],
        [  0.,   0.,   0.,   0., 150.,   0.,  34.,  96.,   1.,   0.],
        [ 24.,   0.,   0.,   0.,  45.,   0.,  11.,   0., 238.,   0.],
        [  2.,   0., 273.,  37.,   0.,   0.,  80.,   0.,   0.,   0.],
        [  1.,   0., 288.,   0.,   0.,   0.,   8.,   0.,   0.,   0.],
        [  1.,   0., 301.,  84.,   0.,   0.,   7.,   0.,   0.,   0.],
        [259.,   0.,   0.,   0.,   0.,  72.,   2.,   0.,   2.,   0.],
        [ 13.,   0.,   0.,   0.,   0., 265.,   0.,   0.,  20.,   0.],
        [  3.,  59.,   0., 269.,   0.,   0.,   0.,   0.,  10.,   0.],
        [  1.,   0.,   0., 289.,   0.,   0.,   0.,   0.,   3.,   0.],
        [  3.,   0.,   0.,   0.,   0., 277.,  17.,   0.,   1.,   4.],
        [  3.,   0.,   0.,   0., 284.,   4.,  68.,   0.,   1.,   0.],
        [  0.,  46.,   0.,   0.,   0.,   0.,   0., 237.,  20.,   0.],
        [  0., 272.,   0.,   0.,   0.,   0.,   0.,   0.,   0.,  34.],
        [  1.,   0.,   6.,  14.,  83.,   0.,   0.,   0., 252.,   0.],
        [  1.,   0.,   0.,   0.,  45.,  12., 267.,   0.,   0.,   0.],
        [  0., 271.,   0.,   0.,   0.,   0.,   4.,   0.,   0.,   7.],
        [  2.,   0.,   0.,   0., 189.,   0.,  14.,   0.,  78.,   0.],
        [  1.,  60.,   0.,   0.,   0.,   0.,  26.,   0., 270.,   0.],
        [  1.,  37.,   0.,   0.,   0., 250.,   0.,  66.,   8.,   0.],
        [  3.,   0.,   1.,   0.,   0.,   0.,  15.,   0., 253.,   0.],
        [  0.,   0., 221.,   0.,  12.,   0.,   6.,   0.,  37.,   0.],
        [  0., 274.,   0.,   2.,   0.,   0.,   0.,   0.,   0.,   0.],
        [  1.,   0.,  59., 290.,   0.,   0.,   0.,   0.,   0.,   0.],
        [  0.,  37.,   0.,   0.,   0.,   0.,   0., 218.,  20.,   0.],
        [302.,   0.,   0.,   0.,   0., 137.,   0.,   0.,   5.,   0.],
        [  0., 263.,   0.,   0.,   0.,   0.,   0.,   0.,  13.,   0.],
        [  0., 262.,   0.,   0.,   0.,   0.,   0.,   0.,  41.,   0.],
        [  0.,   0.,   0.,   0., 130.,   0., 205.,   1.,   0.,   0.],
        [ 22.,   0.,   0.,   0.,   0.,   0.,   0., 291.,   1., 116.],
        [  0., 255.,   0.,  43.,   0.,   0.,   0.,   6.,   1.,   9.],
        [  8.,   0., 121.,   0., 270.,   0.,   0.,   0.,  10.,   0.],
        [  2.,   0.,   0.,   0.,   0.,   0., 264.,   0.,   0.,   0.],
        [  1.,   0.,   0., 266.,   0.,   0.,   0.,   0.,   0.,   0.],
        [  0.,   0.,   0.,   0., 291.,   0.,   0.,   0.,  73.,   0.],
        [  2.,   0.,   0.,   0.,   0.,   0.,   0., 288.,  84.,   0.],
        [  1.,   0.,   0.,   0.,  24.,   0.,   0., 207.,   0.,   0.],
        [  0.,   0.,  50.,   0., 281.,   0.,   0.,   0.,   0.,   0.]],
       device='cuda:0')
Epoch 6 | Batch 500
tensor([[  0., 159.,   0.,   0.,   0.,   0.,   0., 104.,   0.,  57.],
        [  0.,   0.,  20.,   0.,   0.,   0., 270.,   0.,   0.,   0.],
        [  0.,   0.,   0.,   0., 231., 115.,  87.,   0.,   1.,  17.],
        [  0.,   0., 269.,  59.,  70.,   0.,  19.,   0.,   0.,   0.],
        [  0.,   0., 282.,   6.,  27.,   0.,   0.,   0.,   2.,   0.],
        [  0.,   0.,   0.,   1., 249.,   0., 103.,   0.,   0., 119.],
        [ 46.,   0.,   0.,  12.,   0.,   1., 295.,   0.,   4.,   0.],
        [  0.,   0.,   0.,   0.,   0.,  73.,   0.,  31.,   1., 252.],
        [  2.,   0.,   0.,  18.,   0., 281.,   0.,   0.,   1.,   0.],
        [  0.,   4.,   0.,   1.,  60., 244.,  43.,   0.,  62.,   0.],
        [ 69.,   0.,   1.,   0.,   1.,   0., 263.,   0.,   3.,   0.],
        [  0.,  27.,   0., 177.,   0.,  35.,   0.,   0.,   0.,   0.],
        [  0.,   0.,   0.,   5.,  37., 284.,   0.,   0.,  51.,   0.],
        [  0.,   0.,   0.,  51., 284.,   0.,   0.,   2.,   0.,  60.],
        [  0.,   0.,   0.,   7.,   0.,  58.,   0.,   0., 209.,   0.],
        [  0.,   0.,   0.,   1.,   0., 230.,   1.,   0.,  37.,   0.],
        [  0.,   0., 205.,  75.,   0.,   0.,   0.,  47.,   2.,   0.],
        [  0., 235.,  45.,   6.,   0.,   0.,   0.,   0.,  40.,   0.],
        [  0.,   0.,   0.,   0.,  34.,   0.,   0.,  60.,   0., 269.],
        [  0., 280.,   0.,   6.,   0.,   0.,   0.,   7.,   0.,   0.],
        [  0.,   0.,   0.,  11.,   0.,   0.,   0., 155.,   0.,  13.],
        [ 17.,   0.,   0.,   0., 229.,  91.,   2.,   0.,   0.,   0.],
        [  3.,   0.,   0., 262.,   0.,  15.,   0.,   0.,   0., 120.],
        [  0.,   0.,  38.,   0.,  80.,   0., 300.,   0.,   1.,   0.],
        [  0.,   0.,   0.,   5.,   0.,   7.,   0., 129., 273.,  15.],
        [  0.,   0.,   0.,   0., 130.,   0.,   0.,   8.,   0., 265.],
        [  0., 283.,  11.,   6.,   0.,   0.,   0.,   0.,   0.,   0.],
        [  0.,   0.,   0.,   1.,   0.,   0., 234.,   0.,   4.,   0.],
        [263.,   0.,   0.,  74.,   0.,   0.,   0.,   0.,   0.,   0.],
        [  0., 247.,  36.,   0.,   0.,   0.,   0.,   2.,   0.,   0.],
        [199.,   0.,  60.,   2.,   0.,   1.,   0.,  22.,  71.,  17.],
        [  0.,  87.,   0.,   0., 136.,   0.,   1.,  28.,   0.,  64.],
        [145.,   0.,  82.,   0.,   0.,   0.,   0.,  39.,   0.,   0.],
        [  2.,   2.,   0.,  10.,   0., 293.,   0.,   0.,   3.,   0.],
        [  0.,   0., 291.,   7.,   0.,   0.,   0.,   8.,  24.,   0.],
        [  0.,   0.,  84.,   0.,  74.,   0., 289.,   0.,   0.,   0.],
        [  0., 203.,   0.,   1.,   0.,   0.,   1.,  61.,   1., 236.],
        [  3.,   0.,   0.,   2.,   0., 265.,   0.,   0.,   2.,   0.],
        [  0.,   0.,   0.,   0.,  20., 196.,   0.,  10.,   0.,   0.],
        [ 66.,   0.,   0.,   1.,   0., 246.,   0.,  21.,  28.,   0.],
        [  0.,   0.,   0.,   0.,  17.,   0.,   0.,  15.,   0., 249.],
        [  0.,   0.,   2.,   1.,   0.,   1., 276.,   0.,   0.,   0.],
        [  2.,   0.,   0.,  11.,   0., 285.,   0.,  14.,   3.,   0.],
        [  0., 281.,  27.,   5.,   0.,   0.,   0.,   0.,   0.,   0.],
        [  0., 280.,  38.,   3.,   0.,   0.,   0.,  35.,   0.,   0.],
        [  0.,   0.,   0.,   0.,   0.,  79.,   0.,   2., 269.,   0.],
        [ 11.,   0.,   0.,   0.,   0.,   0.,   0., 234.,   0.,   0.],
        [  0., 231.,   3.,   4.,   0.,   0.,   0.,   0.,  14.,   0.],
        [  0.,   0.,   0.,   0., 231.,   0.,   0.,   0.,   0.,   0.],
        [  0.,   0.,   0.,   0., 252.,   0.,  15.,   0.,   0.,  46.],
        [  0.,   0.,  25.,   1.,   0.,   0.,   0., 170.,  21.,   0.],
        [  0.,  34.,   0., 270.,   0.,   4.,   0.,   0.,   3.,   0.],
        [  5.,   0.,   0.,   2.,   0.,   1., 299.,   0.,   6.,   0.],
        [  0.,   0.,   0., 101.,   0.,   0.,   0., 304.,   0.,   0.],
        [ 40.,   0.,   0.,   7.,   0.,   0.,   0.,   2., 111.,  15.],
        [ 27.,  16.,   0.,   0.,   2.,   0.,   0.,  22.,   0., 242.],
        [272.,   0.,   0., 177.,   0.,   1.,   0.,  31.,   1.,   0.],
        [  0., 234.,   3.,   5.,   0.,   0.,   0.,   0.,  13.,   0.],
        [ 61.,   0.,   0.,   2.,   0.,  65.,   0.,   5., 283.,   0.],
        [  0.,  18.,   0.,   0., 241.,   0.,   7.,  57.,   0.,  63.],
        [  0.,   0., 242.,   5.,   0.,   0.,   0.,   0.,   0.,   1.],
        [  0.,   0., 215.,   0., 123.,   0., 278.,   0.,   0.,   0.],
        [  0.,  69.,   0.,   4.,   0.,   0.,   1.,  53., 230.,   0.],
        [  0.,   0.,  51.,   4.,   0.,   0.,   0., 249.,   2.,   0.]],
       device='cuda:0')
Epoch 6 | Batch 600
tensor([[  4.,   0.,   0.,   0.,  37., 292.,   0.,   0.,  28.,  30.],
        [  0.,   0.,   8.,   0.,  74.,  16.,   0.,   0.,   1., 152.],
        [  0.,   0.,   1.,   0., 259.,   0.,   9.,   6.,  24.,   7.],
        [104.,   0.,   0.,   0.,   0.,   0., 226.,   0.,  26.,   8.],
        [288.,   0.,   0.,   0.,   1.,   9.,  26.,   0.,   4.,   0.],
        [ 30.,   0.,   2., 302.,   0.,   8.,   0.,   0.,   2.,   0.],
        [  0.,   0.,   6.,   6.,   0., 133.,   0.,   0., 249.,   0.],
        [  0.,   0.,   0.,   0., 312.,   0.,   0.,   0.,   3.,   3.],
        [  0.,   0.,   0., 199.,   0., 136.,   0.,   1.,   7., 256.],
        [  1.,   0.,  12.,   0., 295.,   0.,   0.,   0.,   0.,   0.],
        [ 72.,   0.,  21.,   0.,   0.,   0.,   0., 260.,   3.,  35.],
        [  0., 224.,   1.,  37.,   0.,  15.,   0.,   0.,   6.,   0.],
        [  0.,   0.,   0.,  11.,   2., 278.,   1.,   0.,   4.,   0.],
        [  0., 262.,   3.,   5.,   0.,   0.,   0.,   0.,   8.,   0.],
        [  0., 261.,   0.,   3.,   0.,  11.,   0.,   0.,  15.,   0.],
        [  7.,   0.,   0.,   0., 135., 224.,   0.,   0.,  81.,   0.],
        [  1.,   0.,   1.,   0.,   2., 243.,   0.,  79., 186.,   0.],
        [  0.,  87., 217.,  31.,   0.,   0.,   0.,   0.,  16.,   0.],
        [  0.,   0.,   0.,   0., 312.,   2.,   0.,   0.,   7.,  10.],
        [  0.,   0.,  49., 201.,   0.,   0.,   5.,   0.,   0.,   0.],
        [  0.,   0.,   2.,  88.,   0.,   0.,   0.,   0., 225.,   0.],
        [  0.,   0., 237.,   0.,   0.,   0.,  19.,   3.,   4.,   0.],
        [  0., 287.,   0.,   0.,   0.,   0.,   0.,   0.,   3.,   0.],
        [  0., 260.,   0.,   6.,   0.,   0.,   0.,   0.,   1.,   0.],
        [ 37.,   0.,   6.,   0.,   0.,  12.,   0.,   0., 204.,  82.],
        [  0.,   0., 297.,   0.,   0.,   0.,   0.,   0.,   0.,   0.],
        [  0.,  62.,   1.,   0.,   0., 235.,   0.,   0., 122.,   0.],
        [289.,   0.,   1.,   0.,  67.,   9.,   0.,   0.,   7.,   0.],
        [  0.,   0.,   1.,   0., 278.,   6.,   0.,   0.,  10.,  16.],
        [ 34.,   0.,  90., 206.,   1.,   0.,   0.,   0.,   0.,   0.],
        [  0.,   0.,  55., 282.,   3.,   0.,   0.,   0.,  13.,   0.],
        [  0.,   0.,   0., 211.,   0.,  59.,   0.,   3.,   6.,   0.],
        [  0.,  33., 292.,   0.,   0.,   0.,  17.,   0.,   1.,  49.],
        [  0.,   0.,   7.,  25.,   0.,   0.,   0.,   0., 270.,   0.],
        [  0.,   0., 311.,  15.,   0.,   0.,  72.,   0.,   0.,   0.],
        [  0.,   0.,   0., 281.,   0.,  13.,   0.,  29.,   1.,  21.],
        [279.,   0.,   1.,   0.,   1.,   0.,  11.,   0.,   1.,   0.],
        [  0.,   0., 309.,   0.,   4.,   0.,   0.,   0.,   1.,   0.],
        [  0.,   0., 302.,   0.,   0.,   0.,   0.,   0.,   0.,   0.],
        [  0., 121.,   2., 293.,   0., 127.,   0.,   0.,   2.,   0.],
        [ 20.,   0., 188.,  58.,   1.,   0.,   0.,   0.,   2.,  54.],
        [  1.,   0.,   0.,   0.,  12.,   0.,  78.,  18.,  10., 238.],
        [  0.,   0.,  26.,   0.,  17.,   0., 271.,   0.,  86.,   0.],
        [  0.,   0.,   0.,   0., 100.,   1.,   0., 104.,  17., 277.],
        [  0.,   0.,   0.,   0.,   0., 119., 269.,   0.,   9.,  99.],
        [  0.,   0.,   2.,   0.,  68.,   7.,  10.,   0.,  24., 234.],
        [  0.,   0.,   1.,   0.,  11.,  10.,   0.,   0.,  13., 275.],
        [  0.,   0.,   0.,   0.,   1., 293.,   0.,   0.,  14., 128.],
        [  0.,   0.,  15.,   0.,  21.,  41., 174.,   0.,   0.,   0.],
        [  0.,   0.,   5., 284.,   0.,   6.,   0.,   0.,   2.,   0.],
        [  0.,   0.,   1.,   0.,  14.,   0., 287.,   0.,   5.,   0.],
        [  0.,   0., 124.,  99.,   2.,   0.,   0.,   0.,  43.,   0.],
        [  0.,   0.,   0.,  21.,   0.,   0.,   0.,   7.,  14., 236.],
        [  0.,   0.,   0.,   0., 306.,   0.,   0.,   0.,  12.,  16.],
        [  0., 246.,   6.,   0.,   0.,   0.,   0.,   0.,  13.,  71.],
        [  0., 278.,   0.,   0.,   0.,   0.,   0.,   0.,   3.,   0.],
        [  0.,   0.,  53.,   0.,  12.,  31.,   0.,   0., 288., 121.],
        [  0.,   0.,   0.,   0.,   6.,   0.,   0., 272.,   1.,  51.],
        [  0.,   0., 272.,   0.,   0.,   0.,   3.,   0.,   0.,   0.],
        [  0.,   0.,   0.,   0.,   0.,   0.,   0.,  24., 119., 238.],
        [  0.,   0.,  42.,   2.,   0.,   0.,   0., 279.,  49.,   7.],
        [  0.,   0., 135.,   0.,   1.,   0., 293.,   0.,   0.,   0.],
        [166.,   0., 152.,   0.,   0.,  36.,   0.,   0.,  55.,   0.],
        [  0.,   0., 291.,  49.,   0.,   0.,  28.,   0.,   0.,  59.]],
       device='cuda:0')
Epoch 6 | Batch 700
tensor([[  0.,   0.,   0.,   0.,  63.,  59.,   0.,  96.,   0., 187.],
        [  0., 265.,   0.,   0.,   0.,   0.,   0.,   0.,   0.,   0.],
        [  6.,   0.,   0., 197.,   0.,  11.,   0.,   0.,   0.,   0.],
        [  0.,   0.,   0.,   0.,  35.,   9.,   0.,  74.,   0., 265.],
        [  0.,   0.,   7.,   0.,   0.,   0.,   0., 307.,   0.,   0.],
        [  0.,   0.,   0.,  79.,   1.,  21.,   0.,   0., 257.,   0.],
        [  0.,   0.,   0.,   0.,  49.,   0.,   0., 301.,   0.,   1.],
        [  0.,   0.,   0.,   0.,   4.,   0.,   0., 311.,   0.,   0.],
        [  0.,   0.,   0., 304.,   0.,   1.,   0., 111.,   0.,   0.],
        [  0.,   0.,   0.,   0., 118.,   0.,   0., 140.,   0.,  98.],
        [  0.,   0.,   0., 265.,   0.,  18.,   0.,   0.,   7.,   0.],
        [  0.,  32.,   0.,   0.,   0.,   0.,   0.,   0., 251.,   0.],
        [  0.,  10.,   0.,   0.,   0.,  53.,   0.,   0., 250.,   0.],
        [  6.,   0.,   0.,   7., 232.,   0.,   0.,   0.,   0.,   0.],
        [  0.,   0., 287.,   0.,   1.,   0.,   3.,   0.,   0.,   0.],
        [  0.,  13.,   0.,   0., 210.,   4.,   0.,   0.,   0.,   7.],
        [  0.,   0.,   0.,   0.,   0., 252., 247.,   0.,   0.,   0.],
        [  0.,   0.,   0.,   0.,  65.,   2.,   0.,   0., 289.,   0.],
        [  0.,   0.,   0.,   0., 279.,   0.,   0.,  20.,   0.,   0.],
        [112.,   0.,   0.,   0.,  46.,   0., 230.,   0.,   0.,   0.],
        [  0.,   0.,  71.,   0.,   0.,   0.,   0., 284.,   0.,   0.],
        [ 60.,   0.,  70., 310.,   0.,   7.,   0.,   0.,   0.,   0.],
        [ 41.,   0.,   0.,  11.,   1., 268.,  45.,   0.,   0.,   0.],
        [  0.,   0.,   0.,   0.,   0.,   0., 303.,   0.,   0.,   0.],
        [288.,   0.,   0.,   0.,   0.,   0.,   1.,   0.,   0.,   0.],
        [266.,   0.,   0.,  14.,   0.,  14.,   0.,   0.,   0.,   0.],
        [  0.,   0.,   0., 144.,   0., 215., 131.,   0.,  23.,   0.],
        [  3.,   0.,  52.,   0.,   0.,   0.,   0., 294.,   0.,   1.],
        [  0.,   0.,  17.,   0., 267.,   0.,  33.,   0.,  35.,   0.],
        [  4.,   0., 143.,   0.,   2.,   0.,   0.,   0.,   0.,   0.],
        [  0., 261.,   0.,   0.,   0.,   0.,   0.,   0.,   0.,   0.],
        [  0.,   0., 260.,  93.,   1.,   0.,   0.,   0.,   0.,   0.],
        [  0.,   0.,   0.,   0.,  32.,   0.,   0.,  32.,   0., 238.],
        [  0.,   0.,   0.,   0.,   2.,   0.,   0., 259.,  78.,   2.],
        [ 88.,   0.,   0.,   0.,   0.,   0.,   0.,   0.,   0.,   0.],
        [294.,   0.,   0.,   0.,   0.,   0.,   0.,   0.,   0.,   0.],
        [  0., 279.,   0.,   0.,   0.,   0.,   0.,   0.,   0.,   0.],
        [  0.,   7.,   0.,   0.,  12.,   0.,   0., 305.,   0.,   0.],
        [  0.,   0.,  56.,   0., 156.,   0.,  51.,   0.,   0.,   0.],
        [  0.,   0.,   0.,   0., 225.,   0.,  26.,   0.,   0.,  32.],
        [301.,   0.,   0.,   0.,   0.,   0.,   0.,   0.,   1.,   0.],
        [  0.,  23.,   0., 173.,   1.,   0.,   0.,   0.,  93.,   0.],
        [  0., 257.,   0.,   0.,   0.,   0.,   0.,   0.,   0.,  10.],
        [ 22.,   0.,   0., 113.,   3., 285.,   0.,   0.,  12.,   0.],
        [  0.,   0.,   0.,   0.,   2.,   0., 315.,   0.,   0.,   0.],
        [  0.,   0.,   0.,   0.,   0.,  28.,   0.,   0., 237.,   0.],
        [  0.,   0., 280.,   0.,   0.,   0.,  10.,   0.,   0.,   0.],
        [  0., 116.,   0., 193.,   0.,   0.,   0.,   0.,   0.,  37.],
        [  0., 217.,   0.,   0.,   0.,   0.,   0.,   0.,  13.,   0.],
        [  0.,   0.,   0.,   0.,   0.,  68., 299.,   0.,   0.,   0.],
        [  0.,   0.,   4.,  74.,   0.,   0.,   0.,   0., 188.,   0.],
        [  0.,   0.,   0.,   0.,   0.,   0.,   0., 302.,   0.,   0.],
        [  0.,   0.,   0.,   0., 108.,   0.,   0., 312.,   0.,   0.],
        [  0.,   0.,   0.,   0.,  17.,   0.,  84.,  35.,   0., 161.],
        [  2.,   0.,   0.,   0.,   1.,  19.,   0.,   0., 277.,   0.],
        [  0., 268.,   0.,   0.,   0.,   0.,   0.,   0.,   0.,   0.],
        [  0.,   0.,   0.,   0., 183.,   0.,   0.,   0.,   0.,  53.],
        [  0.,   0.,   0.,  92.,   2.,   0.,   0.,  28.,   0., 136.],
        [  0.,  30.,   0.,   0.,   0.,  53., 116.,   0., 264.,   0.],
        [  0., 110.,   0.,   0.,   0.,   0.,   0.,   0.,  36., 144.],
        [  0.,   0., 286.,   2.,   0.,   0.,   0.,  38.,   0.,   0.],
        [286.,   0.,   0.,  34.,   0.,   0., 226.,   0.,   0.,   0.],
        [  0.,   0.,   7.,   0.,   2.,   0.,   0., 293.,   0.,   2.],
        [ 26.,   0.,   0., 287.,   0., 128.,   0.,   0.,   0.,   0.]],
       device='cuda:0')
Epoch 6 | Batch 800
tensor([[  0.,   0.,   0.,   0., 253.,   0.,  58.,   0.,   1.,  17.],
        [262.,   0.,   1.,   2.,  84.,   0.,   0.,   0.,   4.,   1.],
        [  0.,   0.,   0., 288.,   0.,  10.,   0.,   0.,  20.,  45.],
        [  0.,  79.,   0.,   0.,   1.,  44.,  14.,   0., 246.,   3.],
        [  0.,   0.,  50.,  17., 261.,   0.,  29.,   0.,   0.,   9.],
        [  0.,   0.,  24.,   0., 252.,   0.,   7.,   0.,   0.,  11.],
        [  0.,   0.,   0.,  29.,   0.,  99.,   4.,   0., 272.,   6.],
        [  0.,   0.,   0.,   0.,   0.,   0.,   1.,  32., 246.,  38.],
        [  0.,   0.,  12.,   0.,   1.,   0., 309.,   0.,   1.,   5.],
        [  0., 283.,   0.,   0.,   0.,   0.,   3.,   0.,   1.,  13.],
        [  0.,   1.,   0., 281.,   0., 103.,   0.,   0.,   1.,   0.],
        [  0.,  84.,   1.,   1.,   5.,   0.,  15.,   0., 281.,  61.],
        [  1.,   0.,   0.,   0.,   6., 212.,  21.,   0.,   4.,   4.],
        [  0., 248.,   0.,  71.,   0.,   0.,   0.,   0.,  41.,   8.],
        [  0.,  23.,   0., 279.,   1.,   0.,  20.,   0.,   2.,   2.],
        [  0.,   0.,   0.,   0., 264.,   0.,   1.,   0.,   1.,   7.],
        [  0.,   0.,   0.,  59.,   0.,   0.,   4.,   0.,   7., 251.],
        [  0.,   0., 126.,   2.,   0.,   0., 110.,   0.,  15.,   1.],
        [183.,   0.,   0.,   0.,   2.,   0.,   0.,   0.,   0.,   0.],
        [  0., 291.,   0.,   0.,   0.,   0.,   3.,   0.,   6.,  17.],
        [  0.,   6.,  56.,  20.,   0.,   0.,   4.,   0.,   5.,  11.],
        [  0.,   0.,   0.,   4.,  45., 271.,   4.,   0.,  15.,   9.],
        [287.,   0.,   0.,   0.,  12.,   2.,   0.,   0.,   2.,   1.],
        [  0.,   0., 133.,   0.,  65.,   0., 301.,   0.,   2.,   2.],
        [  5.,   0.,   0.,   0.,   0.,   0.,   0., 289.,   2.,  13.],
        [  0.,   0.,   0., 145.,   0., 245.,   0.,   0.,   3.,   4.],
        [  0.,   0.,   0., 303.,   0., 131.,   0.,   0.,   2.,   0.],
        [  0., 267.,   0.,   0.,   0.,   0.,   0.,   1.,   1.,   4.],
        [  0.,  37., 257.,   5.,   0.,   0.,   0.,   0.,   2.,   0.],
        [  0.,   0.,   0., 294.,   0.,  85.,   0.,   0.,  73.,   0.],
        [  0.,   0.,   1.,   0., 116.,   0., 277.,   0.,   0.,   1.],
        [  0.,   0.,   0.,   0.,   0.,   0., 287.,   0.,   2.,  89.],
        [ 57.,   0., 125.,   1.,   0.,   0.,   0.,   0.,  85.,   6.],
        [  0.,   0.,  69.,   1., 259.,   0.,   0.,   0.,   0.,  62.],
        [  0.,   0.,   0.,  70.,   0.,  18.,   1.,   0., 194.,   3.],
        [  0.,   0.,  90.,   0.,  66.,   0., 315.,   0.,   1.,   5.],
        [  0.,   0.,  14.,   0.,   0.,   0.,   0., 272., 104.,   7.],
        [  0.,   3.,   0.,   0.,   4., 248.,   0.,   0.,   3.,   2.],
        [  0.,   4.,   0.,  93., 192.,   0.,   3.,  91.,   2.,   2.],
        [257.,   0.,   0.,  60.,   0.,   2.,   0.,   0.,   2.,   2.],
        [  0.,   0., 254.,   4.,   0.,   0.,   2.,  63.,   0.,   4.],
        [ 67.,   0.,   0., 285.,  43.,  45.,   0.,   0.,  68.,   1.],
        [  0.,   0.,   1.,   4.,   1.,  18.,   2.,   0., 300.,  14.],
        [  0., 257.,   0.,   0.,   0.,   0.,   1.,   0.,   0.,  26.],
        [  0.,   0.,   0.,   0.,   8.,  90.,   4.,   0.,  10., 245.],
        [  0., 259.,   0.,   0.,   0.,   0.,   0.,   0.,  28.,  17.],
        [  0.,  62.,   0.,   1.,  25.,   0., 154.,   0.,   0.,   2.],
        [ 12., 119.,   0.,   0.,   0.,   0.,  37.,   0., 258.,   2.],
        [  0.,   0., 101.,   0.,  27.,   0., 307.,   0.,   1.,   5.],
        [  0.,   0.,   0.,  95.,   1., 269.,   9.,   0.,   5.,   0.],
        [  0., 287.,   0.,   2.,   0.,   0.,   2.,   0.,   4.,   4.],
        [  0.,   0.,   0.,   0.,  48., 208.,   1.,   0.,  79.,   7.],
        [  1.,   8.,   0.,   0.,   0.,   0.,   3., 179.,  24.,  34.],
        [  0.,   0.,   0.,  64.,   0., 282.,   0.,   0.,   7.,   1.],
        [  0.,   0.,   0., 307.,   0.,   0.,   1.,   0.,   4.,   2.],
        [  0.,   0.,   0.,   0.,   7., 265.,   4.,   0., 209.,   4.],
        [  0.,  85.,   0.,   1.,  63.,   0., 207.,   0.,   0.,   7.],
        [  0., 277.,   0.,   0.,   0.,   0.,   1.,   0.,  17.,   6.],
        [  0.,   0.,  59.,   0., 208.,   0., 196.,   0.,   0.,   1.],
        [  0.,   0.,  55.,   1.,   1.,   0.,   0.,   0., 264.,   3.],
        [  0.,   0.,   0., 284.,  36.,   0.,  17.,   0., 132.,  15.],
        [ 62.,   0.,   0.,   0.,  14.,   0., 300.,   0.,   1.,   3.],
        [  0.,   0.,   0.,  69.,   0.,  19.,   0.,   0., 236.,   2.],
        [  0.,   0., 294.,   1.,   0.,   0.,   5.,   0.,  10.,   3.]],
       device='cuda:0')
Epoch 6 | Batch 900
Switching label layer to Inference Mode (LIF)...
Epoch 6 DONE | Test Acc: 74.72% | Time: 822.7s
Switching label layer back to Training Mode (Clamp)...
tensor([[  0., 120.,   0.,   0.,   1.,   0.,  11.,   0., 224.,   0.],
        [  0., 245.,   2.,   0.,   0.,   0.,  29.,   0.,  18.,   0.],
        [  0., 269.,   0.,   0.,   0.,   0.,   0.,   0.,   5.,   0.],
        [  0.,  14., 207.,   0.,   0.,   0.,   2., 103.,   2.,   0.],
        [  0.,   0., 288.,   2.,   1.,   0.,  57.,   0.,   2.,   0.],
        [ 33.,   0.,   0.,   4.,   0., 279.,   0.,   0.,  20.,   0.],
        [  0.,  17.,   0.,   0.,   0.,   0.,   0., 246.,   2.,   0.],
        [  0.,   0.,   1.,  31.,   2.,   0.,   0., 105., 299.,   0.],
        [  0.,  47., 259.,   0.,   1.,   0.,   0.,   0.,  15.,   0.],
        [ 54.,   0.,   0.,  31.,   3.,   0.,   0., 285.,   8.,  21.],
        [ 28.,   0.,   0.,   1.,  19.,   0.,   0.,  68.,  20.,   0.],
        [  0.,  83.,  56.,  94.,   0.,   0.,   0., 194.,   3.,   0.],
        [  0.,  10.,   1.,   0.,   2.,   0., 269.,   0.,  11.,   0.],
        [ 32.,  19.,   2.,   0.,   0.,   0.,   0.,   0., 268.,   0.],
        [  0.,  60., 261.,   0., 110.,   0.,  83.,   5.,   7.,   0.],
        [  0.,   0.,   1.,   0.,   3., 231.,   0.,   0.,   7.,   0.],
        [  0., 285.,   1.,   0.,   0.,   0.,   0.,   0.,   5.,   0.],
        [  0.,   3.,   3.,   0.,   0.,   1.,  26.,   0., 166.,   0.],
        [ 34.,   0., 136., 190.,   3.,   0.,   0.,   0., 160.,   0.],
        [  0.,   0.,   0.,   0.,   0.,   0., 280.,   0.,   3.,   0.],
        [  0.,   0.,   0., 280.,   2.,  69.,   0.,   0.,  15.,   0.],
        [  0.,   0., 259.,   0.,   0.,   0.,   0.,   0.,   2.,   0.],
        [275.,   0.,   1.,   0.,   2.,   1.,   0.,  37.,  23.,   0.],
        [ 87.,   0.,   0.,   0.,   1., 272.,  60.,   0.,   8.,   0.],
        [  0.,   0.,   2.,   0.,   1.,   0., 283.,   0.,  38.,   0.],
        [ 89.,   0.,   0.,  43.,   0., 258.,   0.,   0.,   7.,   0.],
        [  0.,   0.,  55.,   0.,   9.,   0., 204.,  78.,   2.,   0.],
        [  0.,   0.,   1.,   9.,   5., 136.,   0.,   0.,  12.,   0.],
        [  0.,   0.,   0.,   0.,   3.,   0.,   0.,   4.,   7., 270.],
        [  0., 277.,   0.,   0.,   0.,   0.,   0.,   0.,   0.,   0.],
        [  0.,   0., 264.,  41.,   4.,   0.,   9.,   0.,   4.,   0.],
        [ 51.,   0.,   2.,   0.,   0., 265.,   0.,   0.,   7.,   0.],
        [  0.,   0.,   0.,   0., 246., 125.,   0.,   0.,  50.,   0.],
        [ 38.,   0.,   9.,   8.,   1., 259.,   0.,   0.,   6.,   0.],
        [  0.,   0.,   0.,   0.,  34.,   0.,   0.,   2.,  59., 282.],
        [  0.,   0., 147.,   8., 104.,   0.,   0.,   0.,   6.,   0.],
        [300.,   0.,   0.,   0.,   0.,   0.,   0.,   0.,   3.,   0.],
        [  0.,   0.,   2.,   0.,   3.,  31.,   0.,   0., 279.,   0.],
        [  0.,   0.,   0.,   0., 256.,   0.,   0.,  41.,   6., 129.],
        [  0.,   0.,   1.,   0.,  39.,   0.,   0.,   0., 264.,   0.],
        [ 87.,   0.,   0.,   0.,  25.,   0.,   0., 243.,   8.,  17.],
        [  0., 176., 270.,   0.,   1.,   0.,   0.,   0.,   7.,   0.],
        [  0., 273.,   0.,  67.,   0.,   0.,   0.,   0.,   3.,   0.],
        [  2.,   0.,   6.,   0., 131.,   0., 278.,   0.,  30.,   0.],
        [  0., 279.,   0.,   7.,   0.,   0.,   0.,   0.,   1.,   0.],
        [  0.,   5.,   2.,   0.,   3., 191.,   0.,   0.,   4.,  58.],
        [  0.,   1.,   0.,   7.,   0., 250.,   0.,   0.,   3.,   0.],
        [301.,   0.,   0.,   3.,   0.,   0.,   0.,   0., 121.,   0.],
        [  0.,   0.,   4.,   0.,   1.,   0., 280.,   0.,  11.,   0.],
        [  0.,   0.,   0.,  51.,   3., 286.,   0.,   0.,   8.,   0.],
        [  0.,   0., 259.,   0.,   0.,   0.,  15.,   0.,   3.,   0.],
        [  0.,  51.,   0.,   0.,   0., 112.,   0.,   0., 152.,   0.],
        [ 97.,   0.,  63.,   0.,   9.,   0.,  67.,   0.,   6.,   0.],
        [  0., 289.,   0.,   0.,   0.,   0.,   0.,  24.,   1.,   0.],
        [ 17.,   0.,   0.,   0.,  71.,   0., 133.,  66.,   6.,   0.],
        [239.,   0.,   0.,   0.,   0., 253.,   0.,   0.,  10.,   0.],
        [107.,   0.,   0.,   0.,   1., 291.,   0.,   0.,  10.,   0.],
        [  0.,   0.,   0.,   0.,   0.,   0., 256.,   0.,   3.,   0.],
        [292.,   0.,   0.,   0.,   0.,   2.,  60.,   0.,   8.,   0.],
        [119.,   0.,   0.,   0.,   0., 182.,  29.,   0.,  10.,   0.],
        [  5.,   6.,   0.,   0.,   2., 264.,   0.,   0.,   8.,   1.],
        [  0.,  22.,   0.,   0.,  76.,   0.,   0., 121.,   8., 265.],
        [  0.,  43.,   0., 260.,   2.,  35.,   0.,   0.,   9.,   0.],
        [  9.,   0.,   3.,   0.,   1.,   0., 274.,   0.,  11.,   0.]],
       device='cuda:0')
Epoch 7 | Batch 0
tensor([[ 63.,   0.,   0.,   0.,   0.,   0.,   0., 310.,   0.,   0.],
        [  0.,   0., 297.,   0., 100.,   0.,   0.,   0.,   2.,   0.],
        [  0.,   0.,   1.,   2., 272.,   0.,   0.,   0.,   2.,  32.],
        [  0.,   0., 283.,   1.,   0.,   0.,   0.,   2.,   1.,   0.],
        [  0.,   0.,   0.,  43.,   0.,  33.,   0.,  14.,   2., 247.],
        [  0.,   5., 171.,   3.,   0.,   0.,   0.,   0.,  11.,   0.],
        [  0., 261.,   0.,   0.,   0.,   0.,   0.,   0.,   3.,   0.],
        [  0.,   0.,   0.,   2.,   0.,   0.,   0.,   0.,  19., 261.],
        [  0.,   0.,   2.,   0.,   0.,   0.,   0., 310.,  18.,   0.],
        [  2.,   0.,   1.,   1.,   0., 268.,   0.,   0.,   0.,   0.],
        [ 24.,   0.,   0.,   0.,   0.,   0.,   0., 295.,   0.,  83.],
        [  0.,   0.,   1.,   0.,   1., 243.,   0.,   0.,   1.,   0.],
        [  0., 272.,   0.,  10.,   0.,   0.,  31.,   0.,  28.,   0.],
        [  0., 225.,  15.,   0., 126.,   0.,   0.,   0.,  28.,   0.],
        [  0., 179.,   7.,   0.,   1.,   0.,   0.,   0., 250.,   0.],
        [310.,   0.,   1.,  44.,   0.,  82.,   0.,   0.,   0.,   0.],
        [  0., 249.,   0.,   8.,   0.,   0.,   0.,   0.,   3.,   0.],
        [  0.,   0.,  11.,   0., 297.,   0.,   0.,  30.,  10.,   0.],
        [  0.,   0.,   0., 301.,  40.,   6.,   0.,   0.,   2.,   4.],
        [  1.,   0., 312.,   3.,   0.,   0.,   0.,   0.,   0.,   0.],
        [  0., 255.,   0.,   4.,   0.,   0.,   0.,   0.,   3.,   0.],
        [  0.,  18.,   0.,   3.,   0.,   0.,   0.,   9.,   4., 256.],
        [  1.,   0.,   0.,   0.,   0.,   0., 301.,   0.,   2.,   0.],
        [118.,   0.,   1.,   0.,  52., 208.,   0.,   0.,   8.,   0.],
        [278.,   0.,   0.,   0.,   0.,   0.,  12.,   0.,   2.,   0.],
        [316.,   0.,  10.,   5.,   0.,   0.,   0.,   0.,   0.,   0.],
        [  0.,   0.,   0.,  46.,   0., 191.,  12.,   0.,   1.,   0.],
        [311.,   0.,  84.,   0.,   0.,   0.,   0.,   0.,   0.,   0.],
        [  0.,   0.,   0.,   3.,   0.,  30.,  28.,   0., 263.,   1.],
        [  0.,   0.,   3., 269., 189.,   0.,   0.,   0.,  10.,   2.],
        [  0.,  50.,   0.,   4.,   0.,   0.,   0.,   0., 227.,   8.],
        [290.,   0.,   1.,   0.,   0., 107.,  39.,   0.,   0.,   0.],
        [  0.,   0.,   0.,   0.,  42.,   0.,   0.,  20.,  14., 234.],
        [  0.,   0.,   1.,   3.,   5.,   0.,   0.,   0., 246.,  12.],
        [  0.,   0.,   3.,   0.,   5.,   0.,   0., 277.,   4.,   0.],
        [  0.,  36.,  14., 217.,   0.,  19.,  70.,   0.,   0.,   0.],
        [  0.,   0.,   5.,   0.,   3.,   0., 295.,   0.,  18.,   0.],
        [  0.,   0.,   1.,   1.,   0.,   0.,   0., 309.,   3.,   8.],
        [  0.,   0.,   0.,   0.,  53.,   0.,   0., 102.,   1., 272.],
        [  0.,   6.,   0.,   8., 203.,   0.,   0.,   0.,   3.,  77.],
        [  0., 271.,   0.,   0.,   0.,   0.,   0.,   0.,   7.,  34.],
        [ 12.,   0., 221.,   0.,   1.,   0.,  83.,   0.,   0.,   0.],
        [  0., 201., 176.,   0.,   0.,   0., 126.,   0.,   0.,   3.],
        [ 25.,   0.,   1.,   5.,   0.,   9., 101.,   0.,   2.,   0.],
        [  0.,   0.,   0.,   1.,   0., 211.,  75.,   0.,   0.,   0.],
        [  1.,   0.,   1.,   0., 286.,   0.,   0.,   6.,   3.,   0.],
        [  0.,   0.,   0., 146.,   0., 190.,   0.,   0.,   3.,   0.],
        [  3.,   0.,  18.,   0.,   0.,   0., 271.,   0.,   2.,   0.],
        [  1.,   0.,   3.,   0., 289.,   0.,  14.,  39.,  69.,   6.],
        [  0.,   0., 274.,   0.,   0.,   0.,   0.,   0.,  51.,  72.],
        [  0., 281.,   2.,   2.,   0.,   0.,   0.,   0.,  11.,   9.],
        [  0.,   0.,   0.,   0.,   3.,   0.,   5.,  60.,   3., 281.],
        [  0., 275.,   0.,  54.,   0.,   0.,   0.,   0.,  10.,   2.],
        [  0.,   0.,  13.,  88., 113.,   0.,   0.,   0., 224.,   2.],
        [  1.,   0.,   1.,   0.,   0.,   0., 277.,   0.,   1.,   0.],
        [  1.,   0., 311.,   1.,   0.,   0.,   0.,   0.,   1.,   0.],
        [  0.,   0.,   0.,   0.,  20.,   0.,   0., 203.,   2.,  63.],
        [291.,   0.,   7.,   0.,   1.,   0.,   0.,   0.,   0.,   0.],
        [  0.,   0.,   0.,   1.,  23.,  14.,   0.,  14.,   6., 231.],
        [  0.,   0.,   0.,   0., 282.,   0.,   0.,   1.,   3., 122.],
        [  1.,   0.,   2.,  45.,   2.,   1.,   0.,   0., 259.,   0.],
        [  0.,   0., 311.,   1.,   0.,   0.,  21.,   0.,   5.,   0.],
        [  0.,   0.,   3.,   0.,  15.,   0.,   0.,   0., 295.,   9.],
        [  0.,  18.,   1.,   0., 253.,   0.,  17.,   0.,   8.,   0.]],
       device='cuda:0')
Epoch 7 | Batch 100
tensor([[  0.,   0.,  35.,   0.,   0.,   0., 314.,   0.,   0.,   3.],
        [299.,   0.,   0.,  21.,   0.,   9.,   0.,   0.,   0.,   0.],
        [  0.,  39.,  41.,  94.,   0.,   0.,   0.,   0., 126.,   1.],
        [  0.,   0.,   1.,   0., 235.,   0.,   9.,  67.,  22., 127.],
        [  0.,   0.,   2.,   0.,  15.,   0., 307.,   0.,   0.,   0.],
        [  0.,   0., 296., 183.,   0.,   0.,   0.,   0.,   0.,   2.],
        [  0.,   0.,   1.,   0.,   0., 269.,   0.,   0.,   2.,   1.],
        [251.,   0., 135.,   0.,   0.,   0.,   0.,   0.,   0.,   0.],
        [278.,   0.,   2.,   0.,   0., 124.,   0.,   0.,   0.,   0.],
        [  0., 271.,   0.,   0.,   0.,   0.,   0.,   0.,   0.,   5.],
        [  0.,   0.,   8.,   0., 281.,   0.,   2.,   0.,   0.,   1.],
        [  0., 268.,   0.,   8.,   2.,   0.,   0.,   0.,   0.,   0.],
        [  0.,   0.,   0.,  39.,   0.,   0.,   0., 274.,   2.,   0.],
        [  0.,   0., 206.,  60.,  32.,   1.,  13.,   0.,   0.,   0.],
        [  0.,   0.,   0., 283.,   0.,   4.,   0.,   0.,   0.,  85.],
        [  0.,   0.,   0.,   0., 238.,  21.,   0.,  31.,   2.,  55.],
        [301.,   0.,  32.,   0.,   0.,   0.,   0.,   0.,   0.,   0.],
        [  0.,   0.,  11., 201.,   0.,   0.,   0.,   8.,   0.,  88.],
        [  0.,   0., 276.,   0.,  93.,   0.,  14.,   0.,   6.,   0.],
        [  0., 254.,   0.,   0.,   0.,   0.,   0.,  19.,   0.,   2.],
        [  0.,   0.,  40.,   0.,   0.,   0., 298.,   0.,   1.,   1.],
        [  0.,   0.,   8.,   0.,   0.,   0., 314.,   0.,   0.,   2.],
        [  0., 267.,   0.,  58.,   0.,   0.,   0.,   0.,   0.,   1.],
        [  0., 233.,   0.,   0.,   0.,   0.,   0.,  89.,   0.,  10.],
        [  0.,   0.,   5.,  29.,   0., 256.,   0.,   0.,  52.,   3.],
        [ 20.,   0.,   0., 275.,  20.,   9.,   0.,   0.,   0.,   0.],
        [  0.,   0.,  26.,   0., 246.,   0.,   1.,   0.,   0.,   0.],
        [  0.,   0., 280.,   0.,   0.,   0.,   0., 114.,   0.,   0.],
        [307.,   0.,   1.,   0.,   0.,  47.,   0.,   9.,   0.,   0.],
        [305.,   0.,   4.,   0.,   0., 109.,   0.,   0.,   0.,   0.],
        [  0.,  64.,   0.,   0.,   0.,   0., 221.,   0.,  73.,   0.],
        [  0.,   0.,   4.,   0.,   0.,   0., 297.,   0.,   0.,  22.],
        [  0.,   0.,  20.,   0.,   0., 270.,   0.,   0.,   2.,   0.],
        [276.,   0.,   0.,   0.,   0., 160.,   0.,   0.,   0.,   0.],
        [  0.,   0.,   3.,   0., 128.,   0., 301.,   0.,   0.,   1.],
        [  0., 273.,   0.,   0.,   0.,   0.,   0.,   0.,   0.,  20.],
        [  0., 268.,   0.,   8.,   0.,   0.,   0.,   0.,   0.,   4.],
        [  0.,  90.,   0.,   0.,   0.,   0., 216.,   0.,   0.,   2.],
        [  0.,   0., 128.,   0.,  76.,   0.,   0.,   0.,   0., 171.],
        [  0.,   0.,   3.,   0., 283.,   0.,   0.,  28.,   0.,   4.],
        [  0., 250.,   0.,   0.,   0.,   0.,  31.,   0.,   0.,   1.],
        [  0.,   0., 306.,  71.,   0.,   0.,   0.,   0.,   0.,   0.],
        [  0.,   0.,   0.,   0., 197.,   0.,   0.,   0.,  60.,   4.],
        [  0.,   0.,   1., 191.,   0.,  25.,   0., 150., 127.,   2.],
        [  0.,   0., 269.,   7.,   0.,   0.,   0.,  35.,   0.,   2.],
        [  0.,   0.,   1.,   0.,   0.,   0.,   0.,  26.,   2., 225.],
        [  0.,   0.,   0.,   0., 228.,   0.,   0.,   0.,   0.,  61.],
        [  0., 266.,   0.,  21.,  36.,   0.,   0.,   0.,   0.,   0.],
        [  0.,   0.,   0., 264.,   0.,   3.,   0.,  37.,   0.,   3.],
        [  0.,   0.,   0.,   0., 252.,   0.,  10.,   0.,  77.,  22.],
        [  0.,   0.,   0.,   0., 169.,   0.,  23.,   0.,   0.,  30.],
        [  0.,   0.,   0.,   0.,   0.,   0.,   0., 270.,  21.,  43.],
        [  0.,   0.,  23.,   0.,   0.,   5., 309.,   0.,   0.,   1.],
        [  0.,  30.,   0.,   0.,   0.,   0.,   0.,   0.,   0., 207.],
        [  0.,   0., 289., 184.,   0.,   0.,   0.,   0.,   0.,   0.],
        [  0., 261.,   0.,   0.,   0.,   0.,   0.,  21.,   0.,  14.],
        [  0.,   0.,   2.,   0.,  71.,   0., 302.,   0.,   0.,  14.],
        [  0.,   0., 270.,   0.,   3.,   0., 108.,   0.,   0.,   0.],
        [  0.,   0.,   0., 125.,   0., 266.,   0.,   0.,   0.,   7.],
        [  0.,   0.,   1.,   0.,   0.,   0.,   0.,   0.,  44., 200.],
        [251.,   0.,   0.,   0.,   0.,   0.,  43.,   0.,   2.,   0.],
        [  0.,  87.,   3.,   0.,   0.,   0., 257.,   0.,   0.,   1.],
        [  0., 251.,   0.,   0.,   0.,   0.,  95.,   0.,   0.,   7.],
        [  0.,   0., 302.,  56.,   0.,   0.,   0.,   0.,   0.,   0.]],
       device='cuda:0')
Epoch 7 | Batch 200
tensor([[  2.,   0.,   0.,   0.,   0.,   0.,   0.,  56.,   5., 244.],
        [  2.,   0., 278.,   9.,   0.,   0.,   1.,   3.,   9.,   0.],
        [  0., 258.,   0.,   1.,   0.,   0.,   0.,   0.,  11.,   0.],
        [  2.,  67.,  40.,   0.,   0.,   0.,  15.,   0., 258.,   1.],
        [  1.,  41.,   0.,  43.,   0.,   7., 278.,   0.,  12.,   1.],
        [  1.,   0.,   0.,   0., 222.,   0.,   0.,   1.,   1.,   3.],
        [  1.,   0.,   0., 285.,   0.,  57.,   0.,   0.,   7.,   1.],
        [129.,   0.,   0.,   0.,   0., 261.,   0.,   0.,   8.,   0.],
        [  0.,   0.,   0.,   0., 264.,   0.,   4.,   0.,   3., 195.],
        [  3.,  25.,   9., 231.,   0.,   0.,   0.,   0.,  49.,   1.],
        [  0., 280.,   0.,   8.,   0.,   0.,   0.,   0.,   2.,   0.],
        [  8.,   0., 292.,   0.,   1.,  13.,  22.,   0.,  15.,   2.],
        [ 12.,   0.,   0., 275.,   0., 122.,   0.,   0.,   6.,   1.],
        [  4.,   0.,   0.,   0., 267.,   0.,   1.,   0.,  22., 145.],
        [  1.,   0., 296.,  54.,   0.,   0.,  29.,   0.,   4.,   0.],
        [  2.,   0., 239.,   0.,   0.,   0.,   0.,   0.,   5.,   1.],
        [  1.,   0.,   0.,   0.,   0.,   1.,   0.,  91.,   6., 273.],
        [  0.,   2., 116.,   0., 242.,   0.,   0.,   0.,   1.,   4.],
        [  1., 287.,   0.,   0.,   0.,   0.,  11.,   0.,   8.,   0.],
        [ 17.,   0.,   0.,   0.,  38.,   0.,   0.,   0., 276.,   2.],
        [  0., 281.,   0.,   0.,   0.,   0.,   0.,   0.,  16.,   0.],
        [  8.,   0.,   0., 287.,   0.,  48.,   0.,   0.,  26.,  11.],
        [  2.,   0.,   0.,   0., 204.,   0.,  11.,  35.,   3.,   5.],
        [  1.,   0.,  10.,   0., 200.,   0.,   4.,   0.,   0.,   0.],
        [  0.,   0.,   0.,  19.,   0.,   0.,   0., 284.,   1.,  28.],
        [  2.,   0.,  14.,   0.,   0.,   0., 300.,   0.,   6.,   2.],
        [  0., 291.,   0.,   0.,   0.,   0.,   9.,   0.,  13.,   0.],
        [  3.,   0.,   0.,   0.,   3.,   7.,   0.,  37.,   4., 280.],
        [312.,   0.,   0.,   0.,   0.,   0.,   0.,   0.,   3.,   3.],
        [  0.,   8.,   0.,   0.,  78.,  81.,   0.,   0., 174.,   1.],
        [ 26.,   0.,   0., 290.,   0.,  41.,   0.,   0.,  44.,   4.],
        [ 26.,   0.,   0.,   0.,   0., 283.,   0.,   0.,  10.,   1.],
        [  1.,  25.,   0.,   0.,   0.,   0.,  19., 111.,   7., 225.],
        [  4.,   1.,   0.,   0.,   5.,   3.,   0.,   0., 295.,   3.],
        [  2.,  13.,   3.,   0.,   0.,   2.,   3.,   0., 208.,   1.],
        [  0., 287.,   0.,   0.,   0.,   0.,   0.,   0.,   3.,   0.],
        [  0.,   0., 269.,   0.,   0.,   0.,  20.,   0.,   6.,   1.],
        [  2.,   0., 285.,   0.,   0.,   0.,  49.,   0.,   9.,   1.],
        [  1.,   0.,   0.,   0., 135.,   0., 266.,   0.,   9.,   2.],
        [273.,   0.,   0.,  82.,   0.,   0.,   0.,   0.,   0.,   0.],
        [  1.,   0.,   0.,  41., 110.,   2.,   0.,   0.,   8., 242.],
        [  3.,   0.,   0.,   0., 273.,   0.,   6.,   0.,   5.,  17.],
        [  1.,   0.,   0.,   0., 255.,   0.,   0.,  15.,   0.,   7.],
        [  4.,   0.,  67., 245.,   0.,   0.,   0.,   0.,  50.,   3.],
        [  0.,   0.,   0.,   0.,   0.,  13.,   0., 238.,   1.,  47.],
        [  0., 281.,   0.,   0.,   0.,   0.,   0.,   0.,   4.,   0.],
        [308.,   0.,   0.,   0.,   0.,   0.,   0.,   0.,   8.,   1.],
        [  0.,   0., 127.,   0.,  39.,   0.,   0.,  14.,   2., 239.],
        [ 62.,   0.,   0.,   0.,   0.,   0.,   0., 292.,   3., 103.],
        [ 15.,   0.,   0.,   0.,   0.,  18.,   0.,   0., 312.,  16.],
        [  0.,   0.,   0.,  17., 151.,  33.,   0.,   0.,   0., 126.],
        [  6.,   0.,   0.,   0., 200., 263.,   0.,   0., 118.,   6.],
        [  0., 280.,   0.,  13.,   0.,   0.,   0.,   0.,   3.,   0.],
        [273.,   0.,   0.,   0.,   0.,   0.,  31.,   0.,  10.,   6.],
        [ 50.,   0.,   0.,   0.,   2.,   0., 246.,   0.,   4.,   1.],
        [  1.,   0.,   0.,   0.,   0., 237.,  23.,   0.,  11.,   0.],
        [  1.,   0.,   0.,   0.,  81.,   0., 288.,   0.,  14.,   3.],
        [304.,   0.,   0.,   0.,   0.,   0.,   0.,   0.,   2.,  65.],
        [  1.,   0., 282.,   0.,  19.,   0.,  45.,   0.,   4.,   0.],
        [  0., 282.,   0.,   0.,   0.,   0.,   0.,   0.,  34.,   0.],
        [  8.,   0.,   0., 101.,   0., 253.,   0.,   0.,  10.,   1.],
        [  0., 291.,   0.,   0.,   0.,   0.,  29.,   0.,  28.,   0.],
        [ 61.,   0.,   0.,   0.,   0.,  89.,   0., 275.,   2.,  37.],
        [ 17.,   0., 256.,   0.,   0.,   0.,   0.,  17.,  59.,   1.]],
       device='cuda:0')
Epoch 7 | Batch 300
tensor([[  0.,   0.,   0.,   0., 102.,   0.,  42.,   0.,   4.,  18.],
        [  0.,   0.,  20.,   0.,   9.,   0.,   0.,   0.,   4., 290.],
        [280.,   0.,   1.,   0.,   0.,   0.,   0.,   0.,   2.,   0.],
        [  0., 114.,   5., 113.,   0.,   0.,   2.,   0., 213.,   7.],
        [  0.,   0.,   0.,   0.,   0.,   0.,   0.,   0., 281., 116.],
        [  0.,   0.,   0.,   0.,   0.,  37.,   0.,  32.,   3., 245.],
        [  0.,   0.,  94.,   0., 104.,  19., 255.,   0.,   0.,   0.],
        [  0.,   0.,   0.,   0.,   0.,   0.,   0.,  45.,   3., 278.],
        [  0.,   0.,   0.,   0.,   0.,   0.,   0.,  66.,   5., 301.],
        [  0.,   0.,  21.,  68.,   0., 172.,  69.,   0.,   4.,   2.],
        [ 27.,   0.,   0.,  41.,   0., 260.,   0.,   0.,   4.,   5.],
        [  0., 235.,  30.,   0.,  12.,   0.,   5.,   0.,  63.,   6.],
        [  3.,   0.,   0., 292.,   0.,   5.,   0.,   0.,   1.,   1.],
        [  0.,   0.,   0.,   0.,   0.,   1.,   0.,   0.,   3., 260.],
        [  0.,   0.,   0.,   0., 260.,   0.,   0.,   0.,   1.,  20.],
        [  0.,   0.,  23.,   0., 262.,   0.,   0.,   0.,   5.,  11.],
        [107.,   0.,   0.,   0.,   0., 196.,   0.,   0.,  19.,   4.],
        [  0.,  93., 170.,   2.,   0.,   0.,   2.,   0.,   1.,   1.],
        [  0.,   0.,   0.,   0., 234.,  48.,   0.,  71.,   6.,  16.],
        [  0.,   0.,  12.,   0.,  37.,  17.,   0.,   0., 268.,  11.],
        [  0.,   0.,   0.,   0.,   0.,  29.,   0.,   0., 297.,  34.],
        [  0.,   0.,  46.,   0.,   0.,   0., 298.,   0.,   1.,   3.],
        [306.,   0.,   0.,   0.,   0.,   1.,   0.,  80.,   5.,   0.],
        [  2.,   0.,  60., 288.,   0.,   0.,   0.,   0.,   4.,   3.],
        [  0.,   0.,  14.,   0.,   0.,  11.,   0.,   0.,   3., 272.],
        [  0.,   0.,   0.,   0.,   0.,  20.,   0.,   0., 219.,   7.],
        [  6.,   0.,  53., 287.,   0.,   9.,  23.,   0.,   2.,   0.],
        [  0., 269.,   0.,  80.,   0.,   0.,   0.,   0.,   3.,  26.],
        [276.,   0.,   0.,  55.,   0.,   1.,   0.,   0.,   5.,   4.],
        [  0., 181.,   0., 260.,   0.,   0.,   0.,   0.,   8.,   7.],
        [  0.,   0.,   0.,   0.,  22.,   0.,   0.,  20., 244.,  18.],
        [  0.,  27., 168.,   0.,  54.,   0.,   0.,   0.,  16.,   3.],
        [  8.,   0., 184.,  99.,   0.,   0.,   0.,   0.,   1.,   0.],
        [  0.,   0., 120., 296.,   0.,   0.,  19.,   0.,   1.,   1.],
        [  0.,  16.,   0.,   0.,   0.,   0.,   0., 264.,   3.,  12.],
        [  0., 260.,   0.,  73.,   0.,   0.,   0.,   0.,   2.,   9.],
        [  0.,   0., 283., 109.,   0.,   2.,   0.,   0., 124.,   1.],
        [ 19.,   0.,   0., 303.,   0.,   8.,   0.,   5.,   3.,   5.],
        [  0., 273.,   0.,   0.,   0.,   0.,   0.,   0.,   9.,   2.],
        [281.,   0.,   0.,   0.,   0.,   0.,  65.,   0.,  62.,   2.],
        [  1.,   0.,   0.,  32.,   0., 242.,   0.,   0.,   7.,   4.],
        [  0.,   0.,   8.,   0., 254.,   0.,   0.,  64.,   2.,  11.],
        [ 65.,   0.,   0.,   0.,  53.,   0., 228.,  85.,   0.,   0.],
        [ 34.,   0.,   0.,   0.,   0.,  92., 176.,   0.,   7.,   7.],
        [  0., 256.,   0.,  42.,   0.,   0.,   0.,   0.,   0.,   6.],
        [ 10.,   0.,   0.,  46.,   0.,  37.,   0., 205.,   7.,   1.],
        [  0.,   0.,   0.,   0., 270.,   0.,   0.,   0.,   4.,  25.],
        [  0., 253.,  23.,  59.,   8.,   0.,   0.,   0.,  17.,   1.],
        [  0.,   0.,  37.,   0., 263.,  11.,   0.,  14.,   2.,  46.],
        [  0., 255.,   0.,  23.,   0.,   0.,   0.,   0.,   0.,   3.],
        [  0.,   0.,   0.,   0.,   9.,   0.,   0.,  37.,   3., 276.],
        [  1.,   0.,   0.,   8.,   0., 229.,   0.,   0.,   4.,   1.],
        [  0.,   0.,   0.,  23.,   0.,   0.,   0., 271.,   1.,  23.],
        [  0.,   0.,   0.,   0.,  14.,   0.,   0.,   0.,   4., 156.],
        [  0.,   0.,   0.,   0.,   0.,  53.,   0., 104.,   2.,  82.],
        [  0.,   0., 256.,   5.,  29.,   0.,  24.,   0.,   2.,   2.],
        [  0.,   0.,   0.,   0.,   1.,   0.,   0.,   0.,   2., 159.],
        [  0.,   5.,   1., 169.,   0.,   0.,   0.,  50.,  78.,  15.],
        [  0.,  17., 287., 148.,   0.,   0.,   0.,   0.,  19.,   0.],
        [  0.,  21., 260.,  74.,   0.,   0.,   0.,   0.,  11.,   2.],
        [  0.,   0.,   0.,   0.,  17.,  21.,   0.,   0.,   3., 265.],
        [  2.,   0.,   0.,   0.,   0.,   0.,   0.,   0., 294.,  81.],
        [  1.,   0.,  90.,  80.,   0.,   0.,   0.,   0., 239.,  13.],
        [  0.,  47.,   0., 264.,   0.,   0.,   0.,   0.,   1.,   5.]],
       device='cuda:0')
Epoch 7 | Batch 400
tensor([[  1.,  93.,   0., 262.,  20.,   0.,   0.,   0.,  73.,   0.],
        [  5.,  66., 258.,   0.,   0.,   0.,  29.,  56.,   6.,   0.],
        [ 11.,  13.,   0.,   0.,   0., 276.,   0.,   0.,   0.,   1.],
        [  4.,   0.,   0.,   0.,   0.,  60.,   0.,  69.,   0., 263.],
        [  5.,  77.,   0.,  28.,   0.,   2.,  16.,   0.,  99.,  15.],
        [ 11.,   0.,   0., 250.,   0.,   1.,   0.,   0.,   3.,   0.],
        [  9.,   0.,   0.,   0.,   0.,   2.,   0., 286.,   0.,  72.],
        [  0.,   2.,   0., 259.,   0.,   0.,   0.,   0.,   2.,   0.],
        [  2., 286.,   0.,   0.,   0.,   0.,  75.,   0.,   0.,   0.],
        [  0., 279.,   0.,   0.,   0.,   0.,   0.,   0.,   0.,   0.],
        [ 16.,   0.,   0.,  27.,   0., 295.,   0.,   0.,   0.,   0.],
        [  7.,   0.,   0.,   0.,  29.,   8.,   0.,   7.,   1., 284.],
        [  2.,   0.,   0.,   0.,  43., 142.,   0.,   0.,   0.,  64.],
        [  1.,   1.,   0., 245.,   0.,   0.,   0.,   8.,   0.,   0.],
        [ 68.,   0.,   0.,   0.,   0.,   0.,   0., 300.,   0.,  12.],
        [ 12.,   0.,   5.,  98.,   0.,   5.,  16.,   0., 267.,   0.],
        [  2.,   0.,   8.,   0.,   0.,   0.,   0., 131.,  44.,   0.],
        [238.,   0.,   0.,   0.,  17.,  23.,   4.,   0.,   8.,   0.],
        [  2.,   0.,   0.,   0.,   0.,   0.,   0., 282.,   0., 129.],
        [  9.,  16.,   0., 135.,   0., 249.,   0.,   0.,   0.,   0.],
        [  2.,   0.,   0.,   0.,   0.,   0.,   0., 250.,   0.,  40.],
        [ 19.,   0.,   0., 277.,   0.,   8.,   0.,  85.,   1.,  59.],
        [172.,   0.,   0.,   0.,   6.,   1.,  35.,   0.,   1.,   0.],
        [  5., 272.,   0.,   0.,   0.,   0.,  61.,   0.,   1.,   0.],
        [295.,   0.,   0.,   0.,   0.,   2.,   8.,   0.,   2.,   0.],
        [  5.,   0.,   0., 285.,   0.,   6.,   0.,   0.,  12.,   0.],
        [222.,   0.,  56.,  44.,   0.,   0.,   0.,   0.,  25.,   0.],
        [315.,   0.,   0.,   0.,   0.,  35.,   0.,   0.,   2.,   4.],
        [  1., 287.,   0.,   0.,   0.,   0.,   0.,   0.,   0.,   0.],
        [  5.,   3.,  25.,   0.,   0.,   1.,   0.,   0., 290.,  62.],
        [298.,   0.,   0.,   0.,   0.,  18.,   0.,   0.,   2.,  28.],
        [  4.,   0.,   0.,   0.,   1.,   0., 108.,   0.,   0.,   0.],
        [  2., 139.,   0.,   0.,   0.,   0.,   0., 134.,  32.,  10.],
        [  5.,   6.,   0.,   0.,   0.,   0.,   0.,  38., 301.,   1.],
        [  9.,   0.,   0., 176.,   0.,   5.,   0.,   0.,   3.,   1.],
        [ 15., 276.,   9.,  11.,   0.,   1.,  34.,   0.,   1.,   0.],
        [  3.,  18.,   0.,   0.,   0.,   0.,   3.,   0., 292.,   0.],
        [ 64.,   0.,   0.,   0.,   0.,   0.,   0., 169.,   0.,   0.],
        [ 19.,   0.,   0.,   0.,  67.,   1., 298.,   0.,   1.,   0.],
        [  1.,   0.,   0., 260.,   0.,   0.,   0., 181.,   4.,   0.],
        [  1., 280.,   0.,   0.,   0.,   0.,  12.,   0.,   0.,   0.],
        [170.,   0.,   0.,   0.,  53.,  14., 127.,   0.,   1.,   0.],
        [  3.,  17.,   0.,   4.,   0.,  25.,   0.,   0., 272.,   0.],
        [  1., 259.,  12.,   0.,   0.,   0.,   0.,   0.,  22.,   0.],
        [ 23.,   0., 293.,   0.,   0.,   1.,   0.,   0.,   0.,   0.],
        [  5.,   0.,   0., 285.,   0.,   1.,   0.,   0.,   3.,   0.],
        [  3., 281.,   0.,   3.,   0.,   0.,   5.,   0.,   0.,   0.],
        [ 12.,   0., 104.,   0.,  89.,   2.,   0.,   0.,   1., 256.],
        [  3., 263.,   0.,   0.,   0.,   0.,   0.,   0.,  24.,   0.],
        [ 80.,   0.,   0.,   0.,   0., 269.,   0.,   0.,   0.,   0.],
        [  2.,   0.,   0.,   0., 239.,   0.,   0.,   0.,   0.,  32.],
        [  2.,   0.,   0.,   0., 217.,   5.,   0.,   0.,   2.,  59.],
        [  0., 274.,   0.,   0.,   0.,   0.,   0.,   0.,   0.,   0.],
        [  8.,   0.,   0.,   0., 256.,   2.,   0.,   0.,   3.,   0.],
        [  5.,   0.,   0., 277.,   0.,   1.,   0.,  75.,   7.,   0.],
        [  2.,   0.,   0.,   0.,   6.,   6.,   0.,  32.,   2., 275.],
        [  5.,   0., 129.,   0., 277.,   2.,  13.,   0.,   0.,   0.],
        [  5.,   0.,  92.,   0.,   0.,   2.,   0., 114.,   1., 279.],
        [ 38.,   0.,   0., 286.,   0.,   7.,   0.,   0.,   1.,   0.],
        [ 34.,   0.,   0., 254.,   0.,   5.,   0., 111.,   1.,   0.],
        [  1.,   0.,   0.,  21.,   6.,   0.,   0., 283.,   0.,   2.],
        [  0., 267.,   0.,   0.,   0.,   0.,  39.,   0.,   1.,   0.],
        [ 13.,   0.,   0., 153.,   0., 267.,   0.,   0.,   1.,  18.],
        [266.,   0.,   0.,   1.,   0.,   6.,   0.,   0.,   0.,   0.]],
       device='cuda:0')
Epoch 7 | Batch 500
tensor([[  1.,   0.,   0., 102.,   0.,   0.,  74.,   0., 182.,   5.],
        [  0.,   0.,  41.,   0.,   0.,  41.,   0.,   0.,  63., 127.],
        [  0.,  30.,   0.,   0.,   0.,   0.,   0., 182.,   2., 123.],
        [ 42.,   0.,   0.,  21.,   0., 191.,   1.,   0.,   4.,   1.],
        [  0., 226.,  17.,   0.,   0.,   0.,   0.,  36.,   2.,   0.],
        [ 42.,   0.,  18.,  51.,   0., 199.,   0.,  82.,   0.,   0.],
        [  0.,   0., 310.,  75.,   0.,   0.,   1.,   0.,   0.,   0.],
        [297.,   0.,   0.,  27.,   0.,   0.,   5.,   0.,   7.,   1.],
        [  2.,   0.,   0.,   0.,   0.,   9.,   0., 263.,   0.,  14.],
        [  1.,  19.,  86.,   0.,   0.,   0., 260.,   0.,   3.,   3.],
        [  0.,   0.,   0.,   7.,   0.,   0., 266.,   0.,   0.,   2.],
        [ 50.,   2.,   1., 281.,   0.,  34.,   2.,   0.,   5.,   0.],
        [  0.,   0., 183.,   0.,   0.,   0.,   1.,   0.,   0.,  40.],
        [  0.,   0., 295.,  86.,  13.,   0.,   0.,   0.,   0.,   0.],
        [  0.,   0., 267.,  22.,   0.,   0., 107.,   0.,   3.,   0.],
        [  0.,   0.,   0., 268.,   0., 122.,   3.,   0.,   2.,   2.],
        [  0., 231.,   6.,   0.,   0.,   0.,   0.,   0.,  26.,   0.],
        [  1.,   0.,   5., 196.,   0.,   0.,   0.,   0.,   8., 116.],
        [  1.,   0.,   0.,   0.,   0.,   0., 293.,   0.,   1.,   1.],
        [  0., 238.,   0.,   0.,   0.,   0.,   0.,   0.,   0.,   0.],
        [  0.,   0.,  99., 152.,   0.,   0.,  68.,   0.,  18.,   0.],
        [ 61.,   0.,   0.,   0.,   0.,  72., 149.,   0.,   0.,   1.],
        [  0.,   0.,   0., 270.,   0.,   0.,   1.,   0., 113.,  49.],
        [  0.,   0., 248.,   0.,   0.,  88.,  24.,  24.,  12.,  17.],
        [  4.,   0., 159.,  66., 103.,   0.,   0.,   0.,   1.,   0.],
        [  0.,   0.,   9.,   0., 113.,   0., 300.,   0.,   3.,  57.],
        [  0.,   0.,   0.,   0., 276.,   0.,   2.,   0.,   0.,  35.],
        [  2.,   0.,  15.,  21.,  25.,   0.,   0.,   0., 271.,   1.],
        [ 21.,   0.,   0.,   0.,   0.,   0.,   1.,   0.,   0., 266.],
        [ 18.,   0.,   0.,   0.,   0.,   0.,   2.,   0., 240.,   2.],
        [  3.,   0.,   1.,   0.,   0.,   0.,   0., 263.,   3.,   6.],
        [  0.,   5., 126.,   0.,   3.,  32., 158.,   0.,   1.,   1.],
        [ 13.,   0.,   0., 227.,   0.,   0.,  18.,   0.,  11.,   0.],
        [  0.,  13., 286.,   0.,   0.,   0.,   1.,   0.,  10.,   0.],
        [  0., 251.,   0.,   0.,   0.,   0.,   0.,   0.,   0.,   3.],
        [  0.,   0.,  32.,   0.,  93.,   0., 161.,   0.,   2.,  19.],
        [  0., 216.,   0.,   0.,   0.,   0.,   0.,   0.,   0.,  55.],
        [  0.,   0.,  20.,   0., 263.,   0.,   1.,   0.,   0.,  54.],
        [ 75.,   0.,   0., 238.,   0.,   0.,   0.,   0.,  46.,  45.],
        [  0.,   0.,   0.,   0.,   0.,   0., 303.,   0.,  11.,  21.],
        [ 30.,   0.,  27.,   0.,   0.,   0.,   0., 257.,   0.,  17.],
        [183.,   0.,   0.,   0.,   0.,  55.,   1.,   0.,   1.,   0.],
        [ 83.,   0.,   0.,   0.,   0.,   0.,  22.,   0.,  39.,   4.],
        [272.,   0.,   0.,   0.,   0.,   2.,  35.,   0.,   2.,   0.],
        [  0.,   9.,   0.,   0.,   0.,   1., 197.,   0.,   1.,   1.],
        [  1.,   0.,  48.,   0.,   0.,  30.,   0.,   0., 258.,   0.],
        [271.,   0.,   0.,  46.,   0.,   0.,   4.,   0., 109.,   0.],
        [  0.,   0.,   0.,   0.,   6.,   0.,   1.,   0.,   1., 278.],
        [  1.,   0.,   0.,   0.,   0.,   0., 304.,   0.,   2.,   5.],
        [  3.,   0.,   5.,   0.,   0., 127.,   0.,  70., 270.,  55.],
        [  0.,   7., 264.,   0.,   0.,   0.,   1.,  15.,   2.,   1.],
        [  0.,   0.,   0.,   0.,   0.,   0.,   0.,  76.,   0., 271.],
        [262.,   0.,   0.,  13.,   0.,   0.,   1.,   2.,   6.,   1.],
        [  0.,   0.,  74.,  50.,   0.,   0., 285.,   0.,   0.,   2.],
        [  2.,   0.,   0.,   0.,   0.,  56.,   0., 146.,   1.,   1.],
        [  0.,   0., 279.,   0.,   0.,   0.,   9.,  36.,   2.,   6.],
        [  0., 220.,   0.,   0.,   0.,   0.,   0.,   0.,   0.,  17.],
        [  0.,   0.,   0.,   1.,   0., 169.,   2.,   0.,  39.,  20.],
        [  0., 276.,   0.,   0.,   0.,   0.,   0.,   0.,   1.,   6.],
        [  1.,   0.,  54.,   0.,  56.,   0., 281.,   0.,   0.,   3.],
        [  0.,   0., 118.,   0.,  18.,   0., 292.,   0.,   0.,   5.],
        [  5.,   0.,  97., 222.,   0.,   0.,   0.,   0.,   0.,   2.],
        [  0.,   0.,   0.,   0.,   0.,   0.,   0., 259.,   0.,   6.],
        [ 10.,   0.,   0.,   0.,  38., 249.,   2.,   0.,   2.,  25.]],
       device='cuda:0')
Epoch 7 | Batch 600
tensor([[275.,   0.,  11.,  48.,  45.,  46.,   0.,   0.,   1.,   0.],
        [  0.,   0.,   0.,   0.,   0.,   0.,   0., 218.,  18.,   0.],
        [  0.,   0.,   0.,   0., 238.,   8.,   1.,   0.,  58.,   3.],
        [  2.,   0.,   0.,   0.,  41.,   2.,   0., 139.,   0., 249.],
        [  0.,   0., 240.,   0.,   0.,   2.,   1.,   0.,   2.,   0.],
        [  0.,   0.,   0.,   3.,   0.,   9.,   0.,   0.,  90., 177.],
        [311.,   0.,  57.,   0.,   2.,  27.,   0.,   0.,   2.,   0.],
        [  0., 254.,   0.,   0.,   0.,   0.,   0.,   0.,   0.,  31.],
        [  0.,   0., 267.,   0.,   0.,   2.,  40.,   0.,  39.,   0.],
        [  0.,  98.,   0.,   0.,   0.,   2.,  65., 148.,   0.,   0.],
        [  0., 233.,   3.,   0.,   0.,   0.,   0.,   0.,   0.,   0.],
        [  3.,   0.,   0.,   0.,   8.,   5.,   0.,  47.,   0., 278.],
        [289.,   0.,   2.,   0.,  10.,  10.,   0.,   0.,  77.,   0.],
        [  1.,   0.,   1.,   1.,   0., 249.,   0.,   0.,  49.,  57.],
        [  0.,   0., 110., 238.,   0.,  16.,   0.,   0.,  43.,  18.],
        [  0.,   0.,   7., 285.,   0.,   3.,   0.,   0.,  13.,   4.],
        [248.,   0.,   0.,   0.,   0.,   2.,   6.,   0., 187.,   0.],
        [  0.,   9.,   0.,   0.,  63.,   3.,   0.,   0., 254.,   1.],
        [  0.,   0.,  51., 207.,   0.,   2.,   0.,   0.,   6.,   0.],
        [  0.,   1.,  50., 110.,   0.,   2.,  26.,   0., 118.,   0.],
        [  0.,   0.,   0.,   2.,   0., 240.,   0.,   0., 131.,   3.],
        [  0.,   0., 131.,   0.,   0.,   0.,   5.,  37.,  36.,   0.],
        [  0.,   0., 225.,   0.,   0.,   0.,  18.,   0.,  41.,   0.],
        [  0.,   0.,  40.,   0.,   0.,   0., 280.,   0.,   0.,   1.],
        [  0.,   0.,   0.,   0., 258., 110.,   0.,   0.,   0., 119.],
        [  0., 257.,   0.,   0.,  12.,   0.,   0.,   0.,   0.,   0.],
        [  0.,   0.,  99.,   0.,   0.,   0., 282.,   0.,  90.,   0.],
        [  7.,   0.,   0.,   0.,  18.,   3., 300.,   0.,   5.,   1.],
        [ 16.,   0.,  29.,   0.,   0.,   0.,   0., 259.,   0.,   0.],
        [  2.,   0.,   0.,  98., 137., 289.,   0.,   0.,  86.,  15.],
        [  1.,   0.,   0.,  92.,   0.,   4.,   0.,   0., 251.,   8.],
        [  0.,   0.,   0.,   0., 248.,   1.,  25.,   0.,   0.,  25.],
        [  0.,   0.,   0., 243.,   0.,   1.,   3.,   0.,  10.,   0.],
        [  1.,   0.,   0.,   0., 276.,   1.,  71.,   0.,   1.,  23.],
        [100.,   0.,   0.,   0.,   0.,   4.,   0., 268.,  36.,   0.],
        [  1.,   0.,   0.,   0.,  18.,   3.,   0., 100.,   0., 250.],
        [  0.,   0.,   0.,   0.,  41.,   0.,   0., 188.,   0., 270.],
        [  0.,   0., 268.,  13.,   0.,   0.,   0.,   0., 133.,   0.],
        [  0.,   0.,   0.,   2.,   0.,   1.,   0.,   1.,   0., 253.],
        [  0.,  36.,  24., 154.,   0.,   0.,   0.,   0.,  49.,   0.],
        [  0.,   0., 234., 127.,  28.,   1.,   0.,   0.,   1.,   9.],
        [ 89.,   0.,   0.,   0.,   1.,   2.,   0., 274.,   0.,   9.],
        [  0.,   0.,  20.,   0.,  69.,   1.,   0.,  77.,   0., 274.],
        [ 97.,   0.,   0.,   0.,  53.,   1.,   0., 299.,   0.,   6.],
        [ 27.,   0.,   0.,  41.,   0., 249.,   0.,   0.,  80.,   0.],
        [225.,   0.,  70.,   0.,   0.,   2.,  43.,   0.,  13.,   0.],
        [ 30., 101.,   0.,   0.,   0.,   0.,   4.,   0., 115.,   0.],
        [  0.,   0.,   0.,   0., 231.,   0.,   0.,   4.,   0.,   9.],
        [  0.,   0.,  45.,   0.,  78.,   0.,   5.,   6.,   0., 216.],
        [  1.,   7.,  80.,   0.,   0.,   1.,   0., 139.,   0.,   0.],
        [  6.,  18., 276.,   0.,   0.,   2.,   0.,   0.,   0.,   0.],
        [  0.,   0.,   0.,  69.,   0.,   1.,  41.,   0., 133.,   1.],
        [  0.,   0.,  20.,   0.,   5.,   1., 295.,   0.,  22.,   0.],
        [  1.,   0.,   0.,  19.,   0.,   0.,   0., 256.,   0.,   0.],
        [  0.,   0.,   0., 137.,   0.,   3.,   0.,   0., 262.,   0.],
        [  0.,   0.,   0.,   0., 283.,   2.,   1.,   0.,   0., 115.],
        [  2.,   0., 283.,   0.,   0.,   1.,   2.,   0.,   1.,   0.],
        [  4.,   0.,   0., 125.,   0.,  22.,   0.,   0., 240.,   1.],
        [  0.,   5.,   0.,   0.,   0.,   1.,   0.,  48., 150.,  17.],
        [  0.,   0.,   2.,   0.,   0.,   1., 300.,   0.,   0.,   0.],
        [  7.,   0.,   2.,   0.,   0.,   0., 306.,   0.,   0.,   0.],
        [281.,   0.,   1.,   0.,   0.,   6.,   0.,   0.,  24.,   1.],
        [  7.,   0.,   0.,   0.,  44.,   1.,   0.,   6.,   0., 270.],
        [289.,   0.,  25.,   0.,   0.,   2.,   0.,   0.,   1.,   0.]],
       device='cuda:0')
Epoch 7 | Batch 700
tensor([[  0., 282.,   3.,   9.,   0.,   0.,   0.,   0.,  34.,   0.],
        [ 22.,   0.,   0.,   0.,   0.,   0.,   0., 280.,   4.,   0.],
        [  0.,   0.,   0.,   0.,   0.,   0.,   0., 286.,   0.,  20.],
        [  3.,   0.,   1., 264.,   0.,   0.,  15.,   0.,   4.,   0.],
        [  2.,   0.,   4.,   0.,   0.,   0., 301.,   0.,   0.,   0.],
        [282.,   0., 127., 199.,   0.,   0.,   0.,   0.,   1.,   0.],
        [  1., 266.,   1.,   0.,   0.,   0.,   0.,   0.,   1.,  22.],
        [  2.,   0.,   2.,  36.,   0.,   0.,   0., 308.,   8.,   0.],
        [  1.,   0.,  17.,   0.,   0.,   0., 305.,   0.,   0.,   0.],
        [125.,   0.,   0.,   0.,   0.,  46.,  12.,   0.,   2.,  25.],
        [  2.,   0.,   3.,   0.,   0.,   0., 282.,   0.,   3.,   0.],
        [254.,   0.,   2.,  17.,   0.,   1.,   0.,   0.,   3.,   0.],
        [  0.,   6.,   0.,   0., 217.,   0.,   0.,  49.,   0.,   5.],
        [  1.,   0.,  21.,   0.,   0.,   0., 307.,   0.,   1.,   0.],
        [294.,   0., 219.,   0.,   0.,   0.,   0.,  12.,   1.,   0.],
        [108.,   0., 296.,   1.,   0.,   0.,  16.,   0.,   8.,   0.],
        [188.,   0.,   1.,   3.,   0.,   4.,  15.,  15.,   3.,   0.],
        [  1.,   0.,   2., 207.,   0.,   0.,   0.,   0.,  23.,  48.],
        [  0., 287.,   3.,   3.,   0.,   0.,   0.,   0.,  16.,   0.],
        [  1., 284.,   5.,   1.,   0.,   0.,   0.,   0.,  71.,   0.],
        [  1.,   0.,   1.,   0., 118.,   0.,  80.,   0.,   1.,   1.],
        [ 15.,   0.,   3., 292.,   0.,  45.,   0.,   0.,   3.,   0.],
        [ 64.,  35.,   0.,  12.,   0., 251.,   0.,   0.,   8.,   0.],
        [ 21.,   0.,   2., 242.,   0.,  41.,   0.,   0.,  12.,  12.],
        [  3.,   0.,   5.,   0., 132.,   0.,   1.,   0.,   6., 290.],
        [  2.,   2.,   1.,   0.,   0.,  11., 268.,   0., 111., 110.],
        [ 17.,   0.,   2., 276.,   0.,  36.,   0.,   0.,   2.,   0.],
        [ 28.,   0.,   2.,  34.,   0., 261.,   0.,   0.,   5.,   0.],
        [  2.,   0., 296.,   0.,   0.,   0.,   0.,   0.,  75.,   0.],
        [  0., 285.,   7.,   0.,   0.,   0.,   0.,   0.,  38.,   0.],
        [  1.,   0.,   1.,   0.,   0.,   0.,   0.,  12.,   2., 287.],
        [  0., 261.,   0.,   0.,   0.,   0.,   0.,   0.,   0.,  15.],
        [  8.,   0.,   2., 274.,   0.,  95.,   0.,   0.,   3.,   0.],
        [  1.,  88.,   1., 274.,   0.,  91.,   0.,   0.,   3.,   0.],
        [  5.,   0.,  89.,   0.,   0.,   0.,   0.,   0., 166.,   0.],
        [ 77.,   0.,   2.,   0.,   0.,   0.,   0.,  40.,   4., 275.],
        [  2.,   0., 290.,  20.,   0.,   0.,   2.,   0.,   2.,  17.],
        [ 27.,   0.,   0.,   0.,   0., 231.,   0.,   0.,  43.,   0.],
        [  0., 280.,  41.,   1.,   0.,   0.,   0.,   0.,  12.,   0.],
        [  0.,   0.,   0.,   0.,   0.,   0.,   0.,   4.,   4., 294.],
        [  1.,   0.,   0.,   0.,   0.,   0.,   0., 271.,   1.,  52.],
        [ 65.,   0.,   1.,   0.,   0., 258.,   0.,   0.,   9.,   0.],
        [  0.,   0.,   0.,   0.,  53.,   0.,   0., 117.,   0.,   0.],
        [  2.,   0.,   8.,   0.,  40.,   0.,   0.,  18.,   2., 251.],
        [  2.,   0.,   0.,   0.,   0.,   0.,   7.,   1.,   5., 254.],
        [  0., 251.,   0.,   0.,   0.,   0.,   0.,   0.,   0.,   0.],
        [  1.,   0.,   0.,   0.,   0.,   0.,  19.,   0.,   7., 270.],
        [  0., 104.,   2.,  13.,  70.,   0.,   0., 239.,   2.,   9.],
        [100.,   0.,   1.,   0.,   0.,   0.,   0.,   0., 246.,  84.],
        [  2.,   6., 300.,   0.,   0.,   0.,   0.,   0.,  11.,   0.],
        [  0.,  80.,   0.,   0., 217.,   0.,   0.,   0.,   2., 103.],
        [214.,   0.,   4.,  16.,   0.,   0.,   0.,   0.,   2.,   0.],
        [  0.,   0.,   0.,   0.,   0.,   0.,   4.,   0.,   2., 236.],
        [  0.,   0.,   2.,   0., 241.,  19.,   1.,  50.,   1.,  13.],
        [  0.,   0., 280.,   0.,   0.,   0.,   4., 112.,   1.,   0.],
        [  1.,   0., 296.,   0.,  74.,   0.,   0.,   0.,  61.,   0.],
        [  1.,   0.,   0.,   0.,   0.,   0.,   0., 285.,   2.,   0.],
        [286.,   0.,   4.,  12.,   0.,   0.,   0.,   0.,   8.,   0.],
        [  2.,   0.,  14.,   3.,   0.,   0., 298.,   0.,   1.,   0.],
        [ 61.,   0.,   1.,   0.,   1.,   0.,   0.,  28.,   1., 233.],
        [  3.,   0., 286.,   0.,  55.,   0.,   0.,   0.,  69.,   0.],
        [  1.,   0.,  20.,   0.,   0.,   0., 293.,   0.,   1.,  76.],
        [  0., 264.,   0.,   8.,   0.,   0.,   0.,   0.,  28.,   0.],
        [  2., 270.,   2.,   2.,   0.,   0.,   0.,   0.,   5.,   3.]],
       device='cuda:0')
Epoch 7 | Batch 800
tensor([[  0.,   0.,   0.,   0., 242.,   0.,  56.,   0.,   0.,  22.],
        [  0.,  71., 295.,   0.,   0.,   0.,  11.,   0.,   0.,   0.],
        [  0.,   0.,   0., 201.,   0.,   0.,   0.,  65., 197.,   3.],
        [  0.,   0.,   0.,   0.,  36.,   0.,   0.,   0.,   0., 153.],
        [  0., 278.,   4.,   3.,   0.,   0.,   0.,   0.,   0.,  47.],
        [  0.,   0.,   7.,   0., 120.,   0., 128.,   0.,   0.,  34.],
        [285.,   0.,   0.,   0.,   0.,   0.,  30.,   0.,   0.,   0.],
        [  0.,   0.,   0.,  25.,   0.,   8.,   0.,  74., 185.,   0.],
        [  5.,   0.,   0.,   0.,   0.,   0.,   0., 239.,   0.,  10.],
        [  0.,   0., 300.,   0.,   0.,   0.,   7.,   0.,   0.,   0.],
        [ 65.,   0.,   1.,   0.,   0.,  84.,  97.,   0.,   0.,   0.],
        [294.,   0.,   0.,   0.,   0.,   0.,   0.,   0.,   0.,   0.],
        [ 11.,   0.,   0.,  78.,   0.,   0.,   0., 267.,  29., 117.],
        [ 71.,   0.,  16.,  28.,   0.,   0.,   0.,   0.,   3., 104.],
        [  0., 283.,   0.,   4.,   0.,   0.,   0.,   0.,   1.,  66.],
        [  0.,   0.,  83., 293.,   0.,  23.,   0.,   0.,   0.,   0.],
        [  0.,   0.,   0.,   0.,  41.,   0.,  79.,   0.,   0., 269.],
        [  4.,   0.,   0.,   0.,   0.,  25.,  10.,   0., 290.,   9.],
        [  0., 221.,   1.,   0.,   0.,   0.,  95.,   0.,   1.,   8.],
        [  0.,   4.,  27., 260.,   0.,   0.,   0.,   0.,  33.,   0.],
        [229.,   0.,  33.,   0.,   0.,   0.,   4.,   0.,   0.,   0.],
        [281.,   0.,   0.,   0.,   0.,  54.,  68.,   0.,   0.,   0.],
        [  0.,   0.,   0.,   0., 159.,   0.,   2.,   0.,   0.,  39.],
        [ 16.,   0.,   0.,  93.,   0., 267.,  89.,   0., 108.,  57.],
        [  0.,   0.,   0.,   0.,   0.,   0., 242.,   0.,  63.,   0.],
        [  0., 284.,   4.,   0.,   0.,   0.,   0.,   0.,   1.,   4.],
        [  0.,   0.,  25., 269.,   5.,   0.,   0.,   0., 115.,  74.],
        [  0.,  27., 289.,   0.,   0.,   0.,   9.,   0.,  18.,   0.],
        [ 90.,   0.,  44.,   0.,   0.,   0., 264.,   0.,   0.,   0.],
        [  0.,   0., 298.,   0.,   0.,   0.,   2.,   0.,   0.,   0.],
        [ 38., 261.,   0.,   0.,   0.,   0.,   0.,   0.,   0.,   0.],
        [  0.,   0.,   0.,   0.,   0.,  14.,  19.,   0., 260.,   0.],
        [  0.,  88.,   0.,   1.,   0., 227.,   0.,   0.,   1.,  86.],
        [  0.,   0., 268.,   0.,   0.,   0.,   3.,   0.,   0.,   0.],
        [  0.,   0.,   0.,   0., 232.,  11.,  46.,   0.,   0.,  82.],
        [  6., 267.,   0.,   8.,   0.,   0.,   0.,   0.,   0.,   0.],
        [  0.,   0., 283.,   0.,  24.,   0.,   0.,   0.,   0.,   0.],
        [  0., 238.,   9.,   0.,  20.,   0.,   0.,   0.,  94.,   0.],
        [ 42.,   0., 282.,   0.,   0.,   0.,   4.,   0.,   1.,   0.],
        [  0.,   0.,   0.,   0., 253.,  35.,   4.,   0.,   0., 130.],
        [  0.,   0.,   0.,  36.,   0.,   1.,   1.,  19.,   5., 277.],
        [  0.,   0.,   0.,   0., 260.,   2.,   0.,   0.,   0.,  95.],
        [  8.,   0., 300.,   0.,   0.,   0.,   7.,   0.,   0.,   0.],
        [  0.,   0.,   0.,   5.,   0., 249., 141.,   0.,  90.,   5.],
        [272.,   0.,   0.,   0.,   0.,   0., 106.,   0.,   0.,   0.],
        [  0.,   0.,   0.,  12., 124.,   1.,   0.,   0.,   1., 279.],
        [  0.,  46.,   1.,   0., 186.,  63.,   1.,   0.,   0.,  24.],
        [  0.,   0.,   0.,  54., 163., 189.,   0.,   0.,   1., 100.],
        [  7.,   0.,  11., 245.,   0.,   0.,   0.,   0.,  68.,   1.],
        [  0.,   0.,   0.,   8.,   0.,   0.,   2.,  78., 153.,  45.],
        [  0.,   0.,   0.,   0.,  77.,  44.,   0., 262.,  20.,   2.],
        [  0.,   0.,   0.,  57.,   0.,  48.,   0.,   0.,  58., 274.],
        [  0.,   0.,   0.,   3.,  97.,   0.,   1.,   0.,   8., 280.],
        [  0.,   0.,   0.,   0.,   0.,   0.,   0., 243.,   0.,  50.],
        [  1., 274.,   0.,  27.,   0.,   0.,   0.,   0.,   1.,   6.],
        [  0.,   0.,  88., 269., 143.,   0.,   0.,   0.,  49.,   0.],
        [  0.,   0.,   0.,  21., 267.,   0.,   0.,   0.,   0.,  40.],
        [  0.,   0.,  22.,   0.,   0.,   0., 310.,   0.,   0.,   0.],
        [ 79.,   0.,   0.,   0.,   1.,   0.,   3.,  17.,   0., 267.],
        [  0.,  12.,   0.,  70.,   0.,   5.,   0.,   0., 117., 197.],
        [  0.,  84.,   0.,   0., 127.,   0.,   0.,   0.,   3.,  11.],
        [  0.,   0.,   0.,   0., 275.,   0.,   3.,   0.,   0.,  23.],
        [  0.,  19.,   0.,   0.,   0.,   0.,   1.,   0., 262.,   5.],
        [  0.,   0.,   0.,   2.,   0., 251.,   1.,  15.,   0.,   0.]],
       device='cuda:0')
Epoch 7 | Batch 900
Switching label layer to Inference Mode (LIF)...
Epoch 7 DONE | Test Acc: 76.42% | Time: 822.5s
Switching label layer back to Training Mode (Clamp)...
tensor([[  0.,   0.,   0.,   0.,   7.,  45., 301.,   0.,   0.,   6.],
        [ 13.,   0.,   0.,  27.,   8.,   0.,   0.,  59.,   1., 249.],
        [316.,   0.,   0.,  12.,   0.,   0.,   0.,   0.,   4.,   3.],
        [  0., 272.,  12.,  68.,   3.,  67.,   0.,   0.,   2.,   0.],
        [  0.,   0., 265.,   0.,   0.,   1.,  69.,   0.,   0.,   0.],
        [ 76.,   0.,   0.,   0., 255.,   0.,   2.,  38.,   0.,  59.],
        [  0.,   0.,   0.,   0., 223.,   1., 135.,   0.,   0.,   0.],
        [  0.,   0.,   0.,   0., 271.,   5.,  44.,   0.,   0.,  83.],
        [  0.,   0.,   0.,  23.,  13.,   0.,   0., 137.,   0.,  68.],
        [  0., 221.,  45.,   0.,  18., 151.,   0.,   0.,   3.,   0.],
        [  0., 219., 138.,  34.,   8.,  70.,  13.,   0.,  54.,   0.],
        [  0.,   0.,   8.,   0.,   0.,   0., 296.,   0.,   0.,  80.],
        [  0.,   0., 302.,   0.,  40.,   0.,   0.,   0.,   0.,   0.],
        [  0.,   0.,   0.,   0., 260.,   1.,   0.,   4.,   0.,   0.],
        [319.,   0.,   0.,  48.,   0.,   0.,   0.,   0.,   0.,   0.],
        [  0.,   0.,   0.,   0., 246.,  15.,  35.,   0.,   1.,   0.],
        [  0.,  30., 226.,   8.,   0., 122.,   0.,   0.,   1.,   0.],
        [  0.,   0.,   0.,   0.,  98.,   1., 298.,   0.,   0.,   0.],
        [  0.,  10.,   0.,   0.,   5.,   4.,   0.,  36., 266.,  25.],
        [  0.,   0.,   0.,   0.,   2., 262.,   0.,   0.,  21.,   0.],
        [  0.,   0.,   0.,   0., 264.,   3.,  91.,   0.,   0.,  47.],
        [  0., 285.,   0.,   0.,   0.,  11., 107.,   0.,   3.,   0.],
        [  0.,   0.,   0.,   0.,   1.,   2.,   0.,  23.,   0., 250.],
        [  0., 285.,   0.,   0.,   0.,  11.,  65.,   0.,   0.,   0.],
        [  0.,   0., 264.,   0.,   0.,   0.,   0.,   0.,   0.,   0.],
        [  0., 285.,   0.,   0.,   0.,  11.,   0.,   0.,   0.,   0.],
        [  0., 282.,  12.,  37.,   1., 101.,   0.,   0.,   1.,   0.],
        [  0., 131.,  88.,  71.,   8., 130.,   0.,   0.,   3.,   0.],
        [ 11.,   0.,   4.,   0., 131., 252.,  69.,   0.,   0.,   0.],
        [  0.,   0.,   0.,   0.,   4.,  18.,  13.,   0.,  36., 231.],
        [  0.,   0.,  50., 266.,   0.,   3.,   0.,   0.,  37.,   0.],
        [  0., 271.,   0.,   0.,   0.,   8.,   0.,   0.,   0.,   0.],
        [  0.,   0.,  86., 195.,   0., 109.,  20.,   0.,   1.,   1.],
        [  0.,   0., 313.,   0.,   0.,   3.,   0.,   0.,   1.,   0.],
        [  0.,   0.,   0.,   0.,   2.,  80., 271.,   0.,  11.,   0.],
        [301.,   0.,   0.,   0.,   0.,   0., 112.,   0.,   4.,  67.],
        [  0.,   0.,   0.,   0.,  21.,   9., 284.,   0.,   0.,   0.],
        [  0.,   0.,   0.,   0.,   0.,   0.,   6., 268.,   0.,   0.],
        [  0., 255.,  25.,   0.,   5.,  75.,   0.,   0.,   0.,   0.],
        [  0.,   0.,   0.,   0.,  22.,  47.,   6.,  64.,  26., 226.],
        [  0., 268.,  14.,   0.,   3., 141.,   0.,   0.,   0.,   0.],
        [  0.,   0.,   0.,   0., 235.,  18.,   0.,  61.,   1., 129.],
        [315.,   0.,   0.,  33.,   0.,   0.,   0.,   0.,   2.,  29.],
        [  0.,   0.,  43.,   0.,  44.,  28., 302.,   0.,   0.,   0.],
        [  0.,   0.,   0.,   0.,  19.,   2.,   0.,  24.,   2., 196.],
        [  0.,   0.,   0.,  85.,   2.,   0.,   0., 316.,   0.,   0.],
        [  0.,   3.,   0.,   0.,   1.,   2.,   0.,  70., 101., 219.],
        [  0., 284.,   0.,   0.,   0.,  15.,  42.,   0.,   0.,   0.],
        [  0.,   0., 141.,   0.,   7.,   0.,  13.,   0.,   0.,   0.],
        [  0.,   0.,   0.,   0.,  56.,   0.,   0., 301.,   0.,  13.],
        [  0.,   0.,   8.,   0.,   1.,   4.,  51.,   0., 293.,  33.],
        [  0., 250.,  18.,   0.,   0.,  53.,  23.,   0.,   0.,   0.],
        [  0.,   0.,   0.,   0., 232.,   7.,   0.,  63.,   4.,   0.],
        [315.,   0.,   0.,   0.,   0.,   0.,   0.,   0.,   1.,  20.],
        [  0.,   0.,  15., 212.,   2.,   7.,   0.,   0.,   1.,   0.],
        [  0.,   0.,   0., 240.,   0.,   1.,   0.,   0.,   0.,   0.],
        [  0.,   0.,   0.,   0.,   8.,   4.,   0.,  75.,  64., 209.],
        [  0.,   0.,   0.,   0.,  16.,   1.,   0.,  52.,   0., 255.],
        [313.,   0.,  22.,   1.,   0.,   0.,   0.,   0.,   1.,  14.],
        [ 29.,   0.,   1.,   0.,   4.,   0., 270.,   0.,   0.,  25.],
        [  0.,   0.,  27.,   0.,   6., 269.,   0.,   0.,  49.,   0.],
        [  0.,   0.,   0.,   0.,   8.,   3.,   0.,   2.,   3., 210.],
        [  0.,   2.,   0.,   0.,  12.,  13.,   0.,   0.,  72., 183.],
        [  0.,   0.,   0.,   0.,   0.,  98.,   0.,   0.,  95.,  98.]],
       device='cuda:0')
Epoch 8 | Batch 0
tensor([[  0.,   0.,   0.,   5.,  42.,   0.,   0.,   0.,   2., 297.],
        [ 37.,   0.,   0.,  15.,   0.,   0.,   0., 288.,   0.,   0.],
        [304.,   0.,   4.,   0.,   0.,  12.,  23.,   0.,   1.,   0.],
        [  0.,   0.,   0.,   3.,  23.,   0.,   0., 259.,   0.,  22.],
        [  0., 292.,  62.,   9.,   0.,   0.,   0.,   0.,   1.,   0.],
        [  4.,  41., 278.,   1.,   7.,   0.,   3.,   0.,   3.,   0.],
        [  0.,  88.,   0.,   2.,   0.,   0.,   0., 295.,   0.,  81.],
        [  0., 142.,   0.,   6.,   0., 227.,   0.,   0.,   1.,   0.],
        [  0.,   0., 104.,   2., 248.,   0.,   0.,   0.,   1.,  44.],
        [304.,   0.,   0.,   0.,   0.,  13., 153.,   0.,  41.,   0.],
        [  0.,  23.,   0.,   2.,   0.,  16.,  82.,   0., 176.,   0.],
        [  1.,   0.,   0.,   2., 307.,   0.,   0., 138.,   2.,  15.],
        [307.,   0.,   0.,   0.,   0.,  41.,  57.,   0.,   0.,   0.],
        [  0.,   0.,  39.,   0.,  39.,   0., 218.,   0.,  81.,   0.],
        [  0.,   0.,   0.,   6., 304.,   0.,   0.,   9.,   5.,   0.],
        [  0.,   0.,   0.,   2., 283.,   0.,   0., 116.,   1.,  75.],
        [  0.,   2.,   0., 262.,   0.,   0.,   0., 135.,   3.,   0.],
        [  0., 128.,  26., 130.,   0.,   0.,   0.,   0.,   0.,   0.],
        [  0.,   0.,  97.,  41.,   0.,   0.,   0.,   0.,   1., 276.],
        [  0., 281.,   0.,   9.,   0.,   0.,   0.,   0.,   1.,   0.],
        [  0.,   0.,   0.,   1.,   0., 235.,   0.,   0.,   5.,   0.],
        [  3.,   0.,  45.,   0.,   0.,   0., 285.,   0.,   2.,   0.],
        [  0., 215.,  19.,   1.,   0.,   0., 124.,   0.,   0.,   0.],
        [  0.,   0.,   0.,  17.,   0.,   0.,   0.,   0.,   2., 274.],
        [  0.,   0.,   0., 214.,   0.,   0.,   0.,   0.,  26.,  48.],
        [ 39.,   0.,   3.,   0., 276.,  56.,   3.,   0.,   0.,   3.],
        [  0.,   0., 103.,   3.,   1.,   0.,   0.,   0.,   1., 274.],
        [ 37.,   0.,   1.,   0.,  14.,   0., 278.,   0.,   1.,   0.],
        [  6.,   0.,  47.,   0.,   0.,   0., 289.,   0.,   2.,   0.],
        [  0.,   0.,   0.,  32.,   0.,   6.,   0.,   0.,   2., 277.],
        [269.,   0.,   0.,   0.,  89.,  61.,   0.,   0.,   2.,   0.],
        [321.,   0.,  10.,   0.,   0.,  97.,   6.,   0.,   0.,   0.],
        [  0.,   5.,   3., 293.,   0.,   0.,   0.,   0.,   1.,   0.],
        [  6.,   0.,  29.,   0.,  13.,   0., 264.,   0.,   3.,   0.],
        [ 51.,  10.,   0.,   1.,   1., 189.,   0.,  35.,   4.,   0.],
        [  0.,   0.,   0., 147.,   0.,  43.,   0.,   0., 125., 252.],
        [  0.,   0., 247.,  16.,   0.,   0.,   0.,   0.,   2.,   0.],
        [  0.,   0.,   0.,   1., 297.,   0.,  34., 143.,   1.,  35.],
        [ 21.,   1.,   2.,   2.,   0., 286.,   0.,   0.,   5.,   0.],
        [306.,   0.,  17.,   0.,   0.,   0., 152.,   0.,   0.,   0.],
        [305.,   0.,   3.,   1.,   0.,  19.,   0.,   0.,   1.,   0.],
        [253.,   0.,  24.,  26.,   0.,   0.,   1.,  27.,  11.,   1.],
        [  0.,   0.,   0.,   8.,   0.,   0.,   0., 313.,   0.,  28.],
        [  0.,  20.,   0.,   8.,   0.,   0.,   0.,   0., 224.,   0.],
        [  0., 135.,   0., 281.,   0.,   0.,   0.,   0.,   0.,   0.],
        [  0.,   0.,   0.,  30., 236.,   0.,   0.,   2.,   3.,  67.],
        [  0.,   0.,   0.,   3.,   0., 278.,   0.,   0.,  78.,   0.],
        [  1.,  68.,  12.,   2.,  93.,   0., 181.,   0.,   2.,   0.],
        [  0., 294.,   9.,  22.,   0.,   0.,   0.,   0.,   2.,   0.],
        [  0.,   0.,   0.,   2.,   0., 273.,   0.,   0.,  85.,   0.],
        [  5.,   0.,   1.,   2.,   6.,  69.,   0.,   0., 290.,   0.],
        [ 23.,   0.,   0.,   2.,   0., 252.,   0.,  13.,   1.,   0.],
        [ 43.,   0.,  20.,   0.,   0.,   0., 289.,   0.,   2.,   0.],
        [  0., 285.,   8.,   6.,   0.,   0.,   0.,   0.,   1.,  12.],
        [  0.,   0.,   0.,   6.,  94.,  43.,   0., 120.,   5.,  85.],
        [297.,   0.,   0.,   1.,   0.,   2.,   0.,   0.,  18.,   0.],
        [  0.,   0.,   0., 161.,   0.,   0.,   0., 217.,   5.,   0.],
        [  0.,   0.,  52.,   2.,   0.,   0.,   0., 298.,   0.,   0.],
        [ 42.,   0.,   0.,   8.,   4.,   0.,   0.,   0., 254.,   0.],
        [295.,   0.,   0.,   0.,   0.,   2.,   0.,   0.,   0.,   0.],
        [154.,   0.,   0., 296.,   0.,  12.,  30.,   0.,   0.,   0.],
        [  0.,   2., 283.,   5.,   0.,   0.,  79.,   0.,   4.,   0.],
        [  1.,   0.,   2.,  13.,   0., 273.,   0.,   0.,  81.,   0.],
        [  0.,   0., 287.,  94.,   0.,   0.,   0.,   0.,   1.,   0.]],
       device='cuda:0')
Epoch 8 | Batch 100
tensor([[  0.,   0.,   0.,   0., 272.,   0.,   1.,   0.,   0.,  23.],
        [  6.,   0.,   0.,   0.,   2.,   0., 309.,   0.,   2.,   0.],
        [  1.,  13.,   1.,   0.,   1.,   0.,   0., 306.,   0.,  33.],
        [  6.,   0.,   0.,  15., 101.,   0.,   4.,   0.,   0., 267.],
        [173.,   0.,  51.,   0.,   0.,   0.,   2.,   0.,   0.,   0.],
        [ 10.,   0.,   2.,  11.,   0., 275.,   0.,   0.,   0.,   0.],
        [  2.,   0., 307.,   0.,   0.,   0.,   5.,   8.,   0.,   0.],
        [  0.,   0.,  41.,   0., 253.,   0.,   2.,   1.,   0.,   0.],
        [115.,  13.,   0.,   0.,   0.,  58.,   2.,  29.,  25., 216.],
        [ 11.,   0.,   2.,   0.,   1.,   0.,   1.,   0., 288.,   2.],
        [302.,   0.,   3.,   0.,   0.,   0.,   4.,   0.,   0.,   0.],
        [  3.,   0.,   4., 134.,   0.,   0.,  31.,  30., 182.,   0.],
        [  1., 216.,  33.,  18.,   0.,   0.,   0.,  99.,   1.,   0.],
        [284.,   0.,   1.,   0.,   0.,   7.,   0.,   0.,   0.,   0.],
        [  3.,   0.,   6.,   0.,  19.,   1., 313.,   0.,  30.,   0.],
        [ 13.,   0.,  10.,   0.,   5.,   0., 302.,   0.,   0.,   0.],
        [  1.,   0.,   0.,   0., 305.,   0.,   3.,   0.,   0.,  10.],
        [  1.,   0.,   0.,   0.,   5.,   0.,   2.,   0.,   9., 231.],
        [  6., 205.,  26.,  15.,   0.,   0.,  28.,  18.,  37.,   0.],
        [  3.,  10.,   0., 216.,   0.,   0.,   0.,  34.,  46.,   0.],
        [  1.,   0.,  13.,   0., 157.,   0.,   1., 195.,   0.,   1.],
        [  1., 263.,   1., 115.,   0.,   0.,   0.,   0.,  10.,   0.],
        [  0.,   0.,   0.,   0.,   6.,   0.,   0., 296.,   0.,   0.],
        [  2.,   0.,   0.,   0.,  13.,  42.,   4.,   0.,   3., 229.],
        [  3.,   0.,   0.,   0.,   1., 251.,   0.,   0.,   5.,   0.],
        [  1., 264.,   2.,  93.,   0.,   0.,   0.,   6.,   1.,   0.],
        [  2.,   0., 312.,   0.,   4.,   0.,   7.,   0.,   3.,   0.],
        [  5.,   0.,   5.,   0.,   5.,   0., 317.,   0.,  38.,   0.],
        [  1.,   7.,   0.,   1.,  11.,   0.,   3.,   8.,   1., 252.],
        [ 79.,   0.,   0.,   0.,   2.,   0.,   0., 269.,   0.,  32.],
        [  3.,  66.,  40.,   0.,   0.,   0., 260.,   1.,   0.,   0.],
        [  1.,   0.,   0.,   0.,  34.,   0.,   8.,   7.,   0., 264.],
        [ 20.,   0.,   0.,   0.,   0., 199.,   1.,   0., 105.,   0.],
        [  0.,   0.,   1.,   0.,  38.,   0.,  28.,   0.,   0., 266.],
        [  2.,   0.,   0.,   0.,   1.,   0., 278.,   0.,  30.,   0.],
        [ 54.,   0.,   6.,   0.,   0., 265.,   1.,   0.,   0.,   0.],
        [ 22.,   0.,   1.,   0.,   1., 263.,   0.,   0., 103.,   0.],
        [  1.,   0.,   0.,  74.,  19.,   0.,   3.,  61.,  23., 230.],
        [  1.,  51.,   0.,   0.,  22.,   0.,   1., 259.,   0.,   0.],
        [  3.,   0.,   1.,   0.,   1.,   0., 289.,  14.,   0.,   0.],
        [  1.,   0.,   0.,   0., 306.,  68.,  99.,   1.,   2.,  28.],
        [  1.,  98.,   0.,   0.,   1.,   0.,   0.,  94.,   1., 174.],
        [  3.,   0.,   0.,   0., 286.,   0.,  17.,  20.,   0.,   1.],
        [  1.,   0.,   0.,   0., 291.,   0.,   2.,   1.,   1.,   4.],
        [  2.,   0.,   1.,   2.,  28.,   0.,   3.,   0., 191.,   1.],
        [  1.,   0.,   0.,   0., 286.,   0.,  10.,  52.,   0.,  14.],
        [307.,   0.,   1.,   0.,   0.,   0.,   1.,   0.,   0.,   0.],
        [ 22.,   0.,   2.,  13.,   0., 218.,  27.,   0.,  79.,   0.],
        [  9.,   0.,   2., 300.,   0.,   0.,   0.,   0.,   7.,   0.],
        [  2.,   0.,  69., 283.,   0.,   0.,   0.,   0.,   9.,   0.],
        [  1.,   0.,  36., 260.,   0.,   2.,   0.,   0.,  41.,   0.],
        [  0.,   2.,   0.,   0.,   3.,   0.,   0., 271.,   0.,   0.],
        [297.,   0.,   1.,   0.,   0.,   0.,   2.,  13.,   0.,   0.],
        [  2.,   0.,   1.,   0., 311.,  85.,   4.,   0.,   0.,   0.],
        [  2.,   0.,   3., 298.,   0.,   1.,   0.,   0.,   0.,   0.],
        [  0., 263.,   1.,  81.,   0.,   0.,   0.,   0.,   1.,   0.],
        [  8.,   0.,   1.,   0.,   0.,   1.,   1.,   0., 282.,   0.],
        [  4.,   0.,   3.,   0.,   1.,   0., 154.,  15., 276.,   0.],
        [288.,   0.,   3.,   0.,   0.,   0.,   0.,   0.,   0.,   0.],
        [249.,   0.,   1.,   0.,   0.,   0.,  44.,   0.,   0.,   0.],
        [ 10.,   0.,   1.,   0.,   5.,   0.,   2.,   0., 267.,   0.],
        [  0.,   0.,   0.,   0., 299.,   0.,   4.,  38.,   2.,  65.],
        [  0.,   0.,   0.,   0.,   6.,   0.,   6.,   0.,   2., 256.],
        [  2., 254.,   3.,  70.,   0.,   0.,   3.,  37.,   1.,   0.]],
       device='cuda:0')
Epoch 8 | Batch 200
tensor([[  0.,   0.,   1.,   0.,   3.,   0.,   0.,  44.,   8., 271.],
        [  0., 264.,  66.,   0.,  11.,   0.,   0.,   0.,   9.,   0.],
        [134.,   0., 279.,  93.,   0.,   0.,  64.,  33.,   0.,   0.],
        [  0.,   4.,   0.,   0., 246.,   0.,   0.,  23.,   1., 111.],
        [  0.,   0.,   0.,   0.,  15.,   0.,   0.,  59.,  56., 266.],
        [ 10.,   0.,  16.,   0.,   0.,   0., 143.,   0.,   4.,   0.],
        [  0.,   0.,   0.,  26., 228.,   0.,   0.,  25.,   4.,   0.],
        [ 26.,   0.,   0.,   0.,   0., 289.,   0.,   0.,  75.,   0.],
        [ 65.,   0.,   1.,   0.,   6.,   0.,   0., 308.,  23.,   4.],
        [  0.,   0.,   3., 262.,   1.,   0.,   0.,   0.,  94.,   0.],
        [279.,   0., 117.,   0.,   0.,   0.,  10.,   0.,  30.,   0.],
        [  2.,  13.,   1.,   0.,   0.,  44., 289.,   0.,   0.,   0.],
        [  0.,  36.,   2.,   0.,   0.,   0., 285.,   9.,   0.,   0.],
        [  0.,   0.,   0.,   0., 279.,   0.,   0., 134.,   6.,  33.],
        [  0.,   0.,   0.,   0.,   0.,   0.,   0., 270.,  19.,   0.],
        [  0.,   0., 316.,   0.,   1.,   0.,  13.,   0.,   0.,   0.],
        [  0., 273.,   0.,   0.,   0.,   0.,   2.,   0.,   1.,   0.],
        [  0.,   0.,  28.,   0.,   5.,   0.,   0.,  13., 269.,   0.],
        [  0.,   0., 139.,   0.,  37.,   0.,   0.,   0.,   3., 272.],
        [  0.,   0.,   0.,  95.,   0.,  28., 283.,   0.,   0.,   2.],
        [  0., 271.,   0.,   0.,   0.,   0.,   2.,   0.,   2.,   0.],
        [  0., 276.,   0.,   7.,   0.,   0.,   2.,   0.,   0.,   0.],
        [ 14.,  28.,   0.,   0.,   0.,   0., 278.,   0.,   4.,   0.],
        [ 21.,   0.,   7.,   0.,   0.,   0.,   0., 267.,   6.,   0.],
        [ 96.,   0.,  94.,   0.,   2.,   0.,   0., 144.,  75.,   0.],
        [  0.,   0.,   0., 256.,   0.,   2.,  51.,   0.,   2.,  10.],
        [  0., 248.,   0.,   0.,   0.,   0.,   1.,   0.,   0.,   0.],
        [  1.,   0.,   0.,   0.,   0., 176.,   0.,   0.,  99.,   0.],
        [  0., 260.,   0.,   0.,   0.,   0.,   0.,   3.,   2.,   0.],
        [  0.,   2., 246.,   0.,   0.,   0.,   0.,   0.,   1.,   0.],
        [  0., 242.,  21.,   0.,  12.,   0.,   0.,   0.,  39.,   0.],
        [  0.,   0.,   0.,   0., 244.,   0.,   4.,  32.,   2.,  32.],
        [  4.,   0.,   0.,   0.,   7., 133., 240.,   0.,   1.,   1.],
        [ 16.,   0.,   0.,   0.,   2.,   0.,   0., 294.,   4.,   0.],
        [  1.,   0., 151., 118.,   0.,   0.,  20.,   0.,   0.,   0.],
        [  0.,   0.,   2., 257.,   2.,   0.,   4.,   0.,   1.,   0.],
        [143.,   0.,  23., 145.,   1.,   0., 147.,   0.,   0.,   0.],
        [  0.,   3., 253.,  61.,   0.,   0., 116.,   0.,   0.,   0.],
        [  3.,  47.,  14.,   0.,   0.,   0., 231.,   0.,   0.,   0.],
        [  0.,  18.,   2., 235.,   0.,   0.,   0.,   0.,   0.,   0.],
        [169.,  11.,   1.,   0.,   0.,   0.,   0.,   0.,   0.,   0.],
        [  2.,   0.,  31.,   0.,   2.,  86.,   4.,   0., 255.,  50.],
        [  0., 275.,   8.,   0.,   0.,  51.,   2.,   0.,   2.,   0.],
        [  0.,  23.,   0.,   0.,   0., 225.,   0.,   0., 133.,   0.],
        [  0.,  27.,   1.,   0.,   1.,   0.,   3.,   0., 250.,   0.],
        [ 64.,   0.,   0.,   0.,  22.,   0.,   0., 283.,   0.,   0.],
        [  1.,   0.,   1., 279.,   1.,  29.,   5.,   0.,   1.,  41.],
        [  0.,   3.,  70.,   0., 290.,   0.,   0.,   0.,   1., 100.],
        [  1.,   0.,   0.,  40.,   2., 270.,  40.,   0.,  25.,   0.],
        [  4.,   0.,   0.,   0.,   1., 287.,  63.,   0.,  77.,   0.],
        [  0.,   0.,  27.,   0.,   1.,   0., 280.,   0.,   1.,   0.],
        [  0., 275.,   1.,   0.,   0.,  39.,   4.,   0.,   0.,   0.],
        [  0.,   0.,   0.,   0.,   0.,   0.,   0., 281.,   0.,  18.],
        [  0.,   0.,   1., 301.,   0.,   0.,   6.,   0.,   0.,   0.],
        [  1.,  15., 219.,  37.,   0.,   1.,   0.,   0., 277.,   0.],
        [256.,   0.,   0.,   0.,   0.,   3.,  28.,   0.,   2.,   6.],
        [ 11.,   0.,  17.,   0.,  12.,   0., 264.,   0.,   2.,   0.],
        [  0.,   0., 312.,   0.,   1.,   0.,   3.,   0.,   1.,   0.],
        [  0., 207.,   0.,   0.,   0.,   0.,   6.,   0.,   0.,   0.],
        [  0., 267.,  19.,   0.,  29.,   0.,   6.,   0.,  21.,   0.],
        [ 88.,   0.,   0.,   0.,   2.,  13.,   0., 258.,  16.,   0.],
        [  0.,   0.,   0.,   0.,   0.,   0.,   0., 287.,   1., 122.],
        [289.,   0.,   0.,   0.,   0.,  27.,   0.,   0.,   0.,   0.],
        [  0.,   0.,   5.,   0.,  74., 166.,   0.,   0., 294.,   0.]],
       device='cuda:0')
Epoch 8 | Batch 300
tensor([[  3.,   0.,   0.,   0., 122.,  73.,  80.,   0.,   2.,   0.],
        [  0., 286.,   0.,   0.,   0.,   0.,   0.,   0.,   0.,   0.],
        [300.,   0.,   0.,   0.,   0.,   1.,  10.,   0.,   1.,   0.],
        [  0.,   0.,   0.,   0., 249.,  80.,   2.,   0.,   3.,   0.],
        [  0.,   0., 295.,   0.,   0.,   0.,  10.,   0.,   4.,   0.],
        [  0., 289.,   0.,   0.,   0.,   2.,   0.,   0.,   3.,   0.],
        [  0.,   0.,   5.,   0., 152.,  38.,   2.,   0.,   4.,  37.],
        [  0.,   0.,   0.,   0.,   0.,   0.,   4.,  42.,  11., 272.],
        [  0.,   0.,   0.,   0.,   5.,   1.,   1.,   0., 305.,   0.],
        [  0.,   0.,   0.,   0., 276.,   0.,   5.,   0.,   5.,  19.],
        [271.,   0.,   0.,   0.,   0.,   0., 102.,   0.,   0.,   0.],
        [  0.,   0.,   0.,   0.,   0.,   2.,   1.,  14.,  12., 218.],
        [  0.,   0.,   0., 281.,  20.,  45.,   0.,   0.,  13.,   0.],
        [  0.,   0.,   0.,   0.,   0.,   0.,   0., 282.,   7.,   1.],
        [  0.,   0.,   0.,   0.,   0.,   0.,   1.,  19.,   4., 231.],
        [ 60.,   0.,   0.,  46.,   0., 176.,   0.,  35.,   1.,   0.],
        [  0.,   0.,   0.,   0., 221.,   0.,   2.,   0.,   9., 121.],
        [  0.,   0., 292.,  70.,   0.,   0.,  15.,   0.,  53.,   0.],
        [  7.,   0.,   0., 273.,   0.,  94.,   0.,   0.,   2.,   0.],
        [  1.,  74.,   0.,   0.,   0.,   0.,  28.,   0., 237.,   0.],
        [  0.,   0., 178.,   0.,  97.,   0.,   2.,  11.,   1.,   2.],
        [ 47.,   0., 202.,  34.,   0.,  86.,   0.,   0.,   4.,   0.],
        [ 38.,   0., 165.,  23.,   0.,  16.,   2.,   2.,   1.,   0.],
        [  0.,   0.,   6.,   0.,  18.,   0., 273.,   0.,   1.,   0.],
        [286.,   0.,   0.,  81.,   6.,  25.,   2.,   0.,   2.,   0.],
        [  0.,   0.,   0.,   4.,   0., 268.,  32.,   0.,  38.,   0.],
        [  0.,   0.,   0.,   0., 151.,   0.,   2.,   0.,   4.,  10.],
        [ 76.,   0.,   0.,   0.,   0.,   0.,   0., 119.,   0.,   0.],
        [  0.,   0.,   0.,   0.,  92.,   0.,   5.,  21.,   2., 250.],
        [  0.,   0.,   3.,   0.,  13.,   0.,   0.,   2.,   3., 221.],
        [  0.,   0.,   0.,   0., 235.,   0.,   9.,   0.,   1.,  35.],
        [  3.,  22., 293.,  11.,   0.,   0.,   4.,   0.,  11.,   0.],
        [  0., 289.,   0.,   0.,   0.,   0.,   1.,   0.,   1.,   0.],
        [  0.,   0., 218.,  10.,   0.,   0.,   0.,  73.,   5.,   0.],
        [  0., 297.,   0.,   0.,   0.,   0.,   0.,   0.,   2.,   0.],
        [  0.,   0.,   0., 255.,   0.,  13.,   0.,   0.,   7.,   0.],
        [  0.,   0.,   0.,   0.,   0.,   0.,   0., 304.,   1.,   2.],
        [  3.,   0., 283.,   2., 110.,  13.,   1.,   0.,   2.,   0.],
        [  0.,   0.,  10.,   0., 237.,   0.,  13.,   0.,  51.,   0.],
        [  0.,   0., 291.,   0.,   0.,   0.,  14.,   0.,   3.,   0.],
        [  2.,   0.,   0.,   0., 108.,   0., 281.,  22.,   3.,   0.],
        [  4.,   0.,  10., 233.,   0.,  26.,   0.,   0.,  12.,   0.],
        [  0.,   0.,   0.,   0., 275.,  51.,   6.,   0.,  11.,   0.],
        [  0.,   0.,   0.,   0., 283.,  38.,   0.,   0.,   5.,   0.],
        [  0.,   0.,   0.,   0.,   0.,   0.,   0., 303.,   1.,  13.],
        [  1.,   0., 249.,  55.,   0.,   0.,   3.,   0.,   3.,   0.],
        [127.,   0.,  17., 229.,   0.,   2.,   0.,   0.,   0.,   0.],
        [  0.,   0.,   0.,  45.,   0., 198.,   3.,   0.,   4.,   0.],
        [293.,   0.,  20.,   0.,   0.,   0.,  11.,   0.,   0.,   0.],
        [  0.,   0.,   0.,   8.,   0.,   0.,   0., 220.,  17.,   1.],
        [  1.,  19.,   0.,   0.,   0.,   0., 302.,   0.,  11.,   1.],
        [  0.,   0.,  38.,   0., 210.,   0.,  91.,   0.,   0.,   0.],
        [  0., 284.,   0.,   0.,   0.,   1.,   4.,   0.,   2.,   0.],
        [  3.,  65., 259.,  26.,   0.,   0.,   7.,   0.,   5.,   0.],
        [  0.,   0.,   0.,   0.,   0.,   0.,   0., 304.,   1.,  14.],
        [  0.,   0.,   0.,   0.,  70.,   0.,   0., 302.,   2.,  84.],
        [  5.,   0.,   0., 198.,   0.,   5.,   0.,   0.,  17.,   0.],
        [  0., 294.,   0.,   0.,   0.,   0.,   1.,   0.,   1.,   0.],
        [  0.,   0.,   0.,  27., 122.,   0.,   1.,  30.,   0., 253.],
        [  0.,   0.,   0., 271.,   0.,  54.,   0.,   0.,  15.,   0.],
        [  0.,   0.,  24.,   0.,   0.,   0., 316.,   0.,   6.,   4.],
        [120.,   0.,   0., 276.,   0.,  36.,   0.,   0.,   3.,   0.],
        [  0.,  32.,   4.,  96.,   0.,   1.,   0., 148.,  87.,   0.],
        [281.,   0.,   0.,   0.,   0.,  39.,   4.,   0.,   0.,   0.]],
       device='cuda:0')
Epoch 8 | Batch 400
tensor([[  0.,   0.,   0.,  45.,   0.,   0., 124.,   0., 238.,   0.],
        [  0.,   0.,   0.,   2.,   0.,   0.,   0., 295.,  88.,   2.],
        [  0.,   0.,   0.,   1.,   0., 275.,   0.,   0.,   0.,   0.],
        [  0.,   0.,   0.,   6., 246.,  25.,   0.,   3.,   2.,   7.],
        [ 16.,   0.,   0.,   0.,   1.,   0.,   0., 273.,   0.,   0.],
        [  0.,  36.,  51.,   2.,   0.,   0., 288.,   0.,   0.,   0.],
        [  0.,   0.,   0.,   4.,   0.,   0.,   0., 148.,   1., 249.],
        [  0., 245.,   0.,  23.,   0.,   0.,  36.,   0.,   0.,   0.],
        [  0.,   0.,   0.,   5.,   0.,  72.,   2.,   0.,  18., 229.],
        [289.,   0.,   0.,   0.,   0.,  16.,   0.,   0.,   0.,   0.],
        [  0.,   0.,   0.,   2., 251.,   1.,   0.,   0.,   0.,   0.],
        [  0.,   0.,   0.,  54.,   0.,  37.,   3.,   0., 210.,   0.],
        [  0.,   0.,  18.,   1.,   0., 248., 151.,   0.,   0.,   0.],
        [  0.,   0.,   0.,   0.,   5.,   3.,   0., 265.,   0., 133.],
        [  0.,   0.,   0.,   4., 260.,  30.,   0.,   0.,   0.,   0.],
        [  0.,  21.,   0.,   8.,   0.,  38.,   0.,  79., 125.,   1.],
        [  0.,   0.,   0.,   2.,   0.,   0., 292.,   0.,   7.,   0.],
        [  0.,   0.,   0.,   7.,   0.,   0.,   0., 290.,   0.,   0.],
        [ 31., 284.,  38.,  39.,   0.,   0.,   0.,   0.,   1.,   0.],
        [  0.,   0.,   0.,  30.,   8.,   0.,   0.,  11.,   0., 240.],
        [278.,   0.,   0.,   0.,   0.,   0.,  50.,   0.,   0.,   0.],
        [ 12.,  20.,  30.,   6.,   0.,   0.,   0., 159.,   2.,   0.],
        [  0.,  98., 259.,  59.,   0.,   0.,  11.,   0.,   0.,   0.],
        [101.,   0.,   0.,   7.,   0.,   5.,   0.,   0., 222.,   0.],
        [  0.,   0.,  21.,   1.,  98.,   0., 298.,   0.,   0.,   0.],
        [  0.,   0.,  18.,   1.,  73.,  19.,   4.,   0., 224.,  30.],
        [ 36.,   0.,   0.,   2.,   0.,   0.,   0., 291.,   3.,   0.],
        [  0.,   0., 268.,   3.,   0.,   0.,   8.,  31.,  60.,  30.],
        [  0.,  10.,   0.,  30.,   0.,   0.,   0., 197.,   0.,   0.],
        [  0.,   0.,   0.,   8.,   0.,   0.,   0.,   0., 260.,  91.],
        [ 19.,   0.,   0.,   1.,   0.,   0., 307.,   0.,   0.,   0.],
        [ 27.,  80., 268.,   4.,   0.,   0., 124.,   0.,   0.,   0.],
        [  0.,   0., 293.,   2.,   0.,   0.,   0.,   0.,   0.,   4.],
        [301.,   0.,   0.,   2.,   0.,   1.,   0.,   0.,  42.,   0.],
        [  0.,   0.,  93.,   6.,   0.,   0.,   0., 229.,   0.,  37.],
        [ 48.,   0.,   0.,   9.,   0.,   4.,   0.,  35., 114., 114.],
        [  0.,   0., 284.,  23.,   0.,   0.,   3.,  58.,   0.,   0.],
        [  0.,   0.,   0.,   1.,   0., 297.,   0.,   0.,   0.,   0.],
        [  0.,   0.,  58.,   0.,  55.,   0.,   6.,  30.,   0., 265.],
        [  0., 235.,   0.,   2.,   0.,   0.,   4.,   0.,   0.,   0.],
        [ 22.,   0.,   0.,   3.,   0., 265.,   0.,   0., 124.,   0.],
        [  0.,   0.,  12.,   0., 262.,   0.,   3.,   0.,   0.,  14.],
        [184.,   0.,  19.,   1.,   0.,   0.,  10.,   0.,   5.,  68.],
        [  0.,   0.,  33.,   0.,   1.,   0.,   0., 302.,   0.,   0.],
        [ 64.,   0.,  19., 262.,   0.,   0.,   0.,   0.,  47.,   0.],
        [  0., 279.,  27.,  11.,   0.,   0.,   0.,   0.,   0.,   0.],
        [  0.,   0.,   0.,  84.,   0.,   0.,   0.,  22.,   0., 241.],
        [  0., 130.,  15.,   8.,   0.,   0.,   0.,   0.,  59.,   0.],
        [  0.,   0.,   0., 297.,   0.,   0.,   0.,  24.,   0.,   0.],
        [  0.,   0.,   0.,   4.,   0.,   0.,   0., 292.,   0.,  82.],
        [  4.,   0., 294.,   3.,   0.,   0.,  56.,   0.,   0.,   0.],
        [  0.,   0.,   0.,  58.,   5.,   0.,   0.,  73.,   0., 221.],
        [  0.,   0.,   0.,   3.,   0., 296.,   1.,   0.,   1.,   0.],
        [  0., 115., 294.,   5.,   0.,   0., 125.,   0.,   0.,   0.],
        [  0.,   0.,   0.,   5.,   0., 121.,   0.,   0., 262.,   0.],
        [ 18.,   0.,   0.,   1.,   0.,  87.,   0.,   0., 212.,  10.],
        [  0.,  93.,  45.,   1.,   0.,   0.,   0.,   0.,  96.,  58.],
        [ 24.,   0.,   2.,   0.,   9.,   0., 288.,   0.,   0.,   0.],
        [  0.,   0.,   0.,   1.,  59.,   0.,   0., 247.,  12.,  89.],
        [  0., 187.,   1.,   2.,   0.,   0., 222.,   0.,  15.,   0.],
        [  0.,   0.,   0.,   2.,   0., 237.,   0.,   0.,  56.,   0.],
        [  0.,   8.,  18., 291.,  53.,  84.,   0.,   0.,   0.,   0.],
        [  0.,   0.,   0.,  24.,   0.,  65.,   0.,   0.,   0., 185.],
        [  0.,   0.,   0.,  19.,   0.,   0.,  16.,   0.,   0., 203.]],
       device='cuda:0')
Epoch 8 | Batch 500
tensor([[ 40.,   0.,   0.,   2.,   1.,   0., 274.,   0.,   1.,   0.],
        [  0.,   0.,   0.,   0.,   5.,   0., 308.,   0.,   0.,   0.],
        [  0.,   0.,   0.,   0.,   4.,  17.,   1.,   0.,   4., 259.],
        [  0.,  47.,   0., 294.,   0.,  11.,   0.,   0.,   0.,   0.],
        [  0.,  55., 113.,  19.,   0.,   0.,   0., 263.,   3.,   0.],
        [  0.,   0.,   0.,   2.,  35.,   0.,   0.,  23.,   0., 267.],
        [131.,   0.,   0.,   2.,   0., 263.,   0.,   0.,   1.,   0.],
        [  0.,   0., 291., 108.,  23.,   0.,  18.,   0.,   2.,   0.],
        [  0.,   0.,  39.,   0.,   1.,   0., 253.,   0.,   0.,   0.],
        [  1.,   0.,   0.,   0.,   0.,   0., 199.,   0.,   0.,   2.],
        [  0.,   0.,   0.,   0.,   8.,  18.,   0.,  40.,   0., 236.],
        [288.,   0.,   0.,   2.,   0.,  14.,  17.,   0.,   1.,   0.],
        [  0.,   0.,  26., 237.,   0.,   0.,   0.,   0.,  23.,   0.],
        [  0.,   0.,   0.,   1.,  71.,   0.,   0., 248.,  24.,  72.],
        [  0.,   0.,   0.,   0., 277.,   2.,   0.,   0.,   5.,   9.],
        [180.,   0.,   0.,   1.,   0., 266.,   0.,   0.,   1.,   0.],
        [  0.,   0.,  10., 295.,   0.,  33.,   0.,   0.,   2.,   0.],
        [  0., 267.,   0.,   3.,   0.,   0.,   0.,  42.,   8.,   0.],
        [  0.,  18.,   0.,   3.,   0., 215.,   0.,   0., 133.,   0.],
        [  0.,   0.,   0.,  23.,   1.,  78.,   0.,   0.,   4., 270.],
        [  0.,   0.,   0.,   0.,   0.,   0.,   0.,  47.,   0., 220.],
        [  0.,  14.,   0.,   5.,   0.,  65.,   0.,   0., 227.,   0.],
        [  0.,   7.,  29.,  25.,   0.,   0.,  34.,   0., 213.,   0.],
        [  0.,   0.,   0.,   3.,  43.,   0.,   0.,   0.,   0., 221.],
        [ 29.,   0., 227.,   0.,   1.,   0.,   0.,   0.,   1.,   0.],
        [  0.,   0., 259.,   4.,   1.,   0.,  12.,   0.,   9.,   0.],
        [  0.,  78.,   0.,   2.,   0.,   0.,   0.,   0., 263.,   0.],
        [  0.,   0.,   0.,   0.,   8.,   2.,   0.,   0.,  15., 238.],
        [  0.,   0.,   0.,   1.,   1.,   0., 310.,   0.,   0.,   0.],
        [  0.,   0.,  69.,  26.,   0., 268.,   0.,   0.,  53.,   0.],
        [  0.,   0.,   4.,   0.,  62.,   0., 311.,   0.,   0.,   0.],
        [274.,   0.,   0.,  82.,   0.,   0.,   0.,   0.,   1.,   0.],
        [236.,   0.,   0.,   2.,   0.,   0.,   0.,   0.,   0.,   0.],
        [  0.,  55.,  28.,  74.,   0.,   8.,   0.,   0., 301.,   0.],
        [  0.,   0., 279.,  17.,   1.,   0.,  49.,   0.,   1.,   0.],
        [  0.,   0.,   0.,   1.,   1.,   0.,   0., 312.,   0.,   1.],
        [  0.,   0.,   0.,   2.,   0., 260.,   0.,   0.,  16.,   3.],
        [  0.,   0.,   0.,   2.,   7.,  38.,   0.,  83.,   7., 276.],
        [284.,   0.,   0.,   1.,   0., 126.,   2.,   0.,   1.,   7.],
        [  0.,   0.,   0.,  51., 289.,   0.,   0.,   0.,   1.,   1.],
        [  0.,   0.,   0.,   2.,   0.,   0.,   0.,   0., 252.,   0.],
        [ 70.,   0.,   0.,   0.,   0., 260.,   0.,  52.,  89.,   0.],
        [  0.,   0.,   0.,   0., 292.,   2.,   0.,   0.,   2.,  85.],
        [ 12.,   0.,   0., 290.,   0.,   0.,   0.,  18.,   6.,   0.],
        [  0.,   0.,   0.,   0.,   4.,   0.,   0., 301.,   0.,   3.],
        [  0.,   0.,   0.,   1., 286.,   0.,   0.,   2.,   1.,   4.],
        [  0.,   0.,   0.,   1.,   3.,  47.,  21.,  18.,   1., 253.],
        [  0.,   0.,   0.,   6.,   1.,  13.,   1.,   0., 252.,   0.],
        [  0., 259.,   0.,   2.,  10.,   0.,   0.,   0.,  30.,   0.],
        [220.,   0.,   0.,   6.,   0.,   0.,   2.,   0.,   1.,   0.],
        [  0.,   0.,   0.,  16.,   0., 281.,   0.,   0.,   8.,   0.],
        [ 93.,   0.,   0.,   0.,   9.,   0.,   0., 289.,   0.,  12.],
        [  0.,   0., 110.,   2.,   2.,   0.,   0., 204.,   0.,   1.],
        [  0., 239.,   0.,   3.,   0.,   0.,  34.,   0.,   0.,  46.],
        [  0.,   0.,   0.,  23.,   0., 247.,   0.,   0.,  30.,   0.],
        [  0.,   0.,   0.,   2.,   1.,  29.,   0.,   0., 295.,   0.],
        [  0.,  82.,   0.,   6.,   0., 164.,   0.,   0., 242.,   0.],
        [  0.,   0.,   2.,   4.,   4.,   0.,  17.,   0., 267.,   0.],
        [  0.,   0.,   0.,   0.,   2.,   0., 286.,   0.,   0.,   0.],
        [  0.,   0., 234.,  59.,   0.,   0.,   0.,   0.,  42.,   0.],
        [  0., 266.,   0.,   7.,   1.,   0.,   0.,   0.,  17.,   0.],
        [  0.,  28.,  15.,   2.,   0., 283.,   0.,   0.,  20.,   0.],
        [  0., 266.,   0.,   2.,   0.,   0.,   1.,   0.,  21.,   0.],
        [  0.,   0.,   0.,   3.,   0.,  81.,   0.,   0., 282.,   0.]],
       device='cuda:0')
Epoch 8 | Batch 600
tensor([[139.,   0.,   0.,   2.,   2., 152.,   0.,   0.,   2.,   0.],
        [  0.,   0.,   0.,   0.,   1.,   0.,   0., 196.,   5.,  25.],
        [  0.,   0.,   5.,  31., 126.,   0.,   0.,  33.,   0., 108.],
        [305.,   0.,  10.,   1.,   3.,   0.,  53.,   0.,  14.,   0.],
        [299.,   0.,   4.,   3.,  12.,   0.,   8.,   0.,   9.,   0.],
        [  0., 218.,   0., 118.,   1.,   0.,  72.,   0., 143.,   0.],
        [  0.,   0.,  43., 167.,   8.,   0.,   0.,   0., 156.,   4.],
        [  0.,   9.,   0.,   0., 186.,   0.,   0.,  79.,   6.,   1.],
        [ 40.,   0.,   0.,  45.,   8.,   0.,   0.,  92.,   6., 246.],
        [  0.,   0.,   0.,   0.,   3., 253.,   0.,  10.,  30.,  10.],
        [  0.,   0.,   1.,   0.,  58.,   0., 289.,   0.,   1.,   1.],
        [  0., 282.,   0.,  83.,   0.,   0.,   0.,   0.,   0.,   0.],
        [274.,   0.,   0.,  60.,   7.,   2.,   1.,   0.,   3.,   0.],
        [  0.,   0.,   0.,   0.,   4.,  20.,   0.,   0., 219.,  18.],
        [303.,   0.,   0.,   0.,   1.,   5.,   0.,   0.,   1.,   0.],
        [315.,   0.,   0.,   1.,   2.,   3.,   0.,   0.,   1.,   1.],
        [  0.,   0.,  11.,   0.,  17.,   0., 266.,   0.,   0.,   0.],
        [  0.,   0.,   2.,   0.,   1.,   0., 263.,   0.,   0.,  53.],
        [  0.,   0.,  19.,   5., 110.,   0., 134.,   0., 254.,   0.],
        [  0.,   0.,   0.,   0.,  15.,   0.,   0., 278.,  13.,   6.],
        [  0.,   0.,   0.,   2.,   6.,   0.,   0.,   0., 300.,  48.],
        [  0.,   0.,   0.,   0.,   1.,   0.,   0., 212.,   2.,  38.],
        [  6.,  85.,   0.,   0.,   0.,   0., 238.,   0.,   4.,  37.],
        [  0.,   0.,   4.,   3.,  17.,  57.,   0.,   0., 303.,  11.],
        [  0.,  16.,   0.,   0.,   2.,   0.,   0.,  25.,  15., 169.],
        [ 24.,   0.,  22.,   0.,   1.,   0., 258.,   0.,   0.,   0.],
        [  0.,   0., 292.,  44.,   5.,   0.,   0.,   0.,  16.,   2.],
        [  0.,   0.,   0.,  19.,  98.,   5.,   0.,   0.,   3., 127.],
        [  0.,   0.,   0.,   0., 225.,   0.,   0.,   0.,   1.,  68.],
        [  0.,   0.,  20.,   0., 240.,   0.,   0.,   0.,   3.,  32.],
        [  0.,   2., 282.,  48.,   5.,   0.,   4.,   0.,   7.,   1.],
        [  0.,   0., 294., 141.,  19.,   0.,  16.,   0.,  60.,   0.],
        [  0.,   0.,   0.,   0.,  27.,   0.,   0., 278.,   0.,  22.],
        [  0.,   0.,   0.,   2.,  65.,  50.,   0.,   0., 258.,   0.],
        [  0.,   0.,   0.,   0.,  13.,   0.,   0.,  14.,   2., 288.],
        [  0.,   0.,   1., 271.,   3.,  17.,   0.,   0.,  26.,   0.],
        [  0.,   0.,  48., 273.,   2.,   1.,   0.,   0.,  17.,  12.],
        [ 10.,   0.,   4.,   1.,   6.,   0., 302.,   0.,  40.,  61.],
        [  0.,   0.,   0.,   2., 182.,   0.,   0.,   0.,   2.,  82.],
        [ 39.,   0.,   0.,   3.,   1., 157.,   7.,   0.,  30.,   0.],
        [301.,   0.,   0.,  52.,  11.,   5.,  64.,   0.,   7.,   2.],
        [  0.,   0.,   0.,  42.,  32.,   0.,   0.,   0.,   1., 274.],
        [  0., 262.,   0.,   0.,   0.,   0.,   0.,   0.,  24.,   0.],
        [  0., 264.,   0.,   0.,   0.,   0.,   0.,   0.,  11.,   0.],
        [  0.,   0., 263.,   2.,   3.,   0.,  11.,   0., 143.,   0.],
        [  0.,   0.,   0.,   2., 238.,   6.,   0.,  20.,   2., 228.],
        [  0.,   0.,   3.,   0.,  15.,   0., 272.,  10.,   1.,   1.],
        [  0., 282.,   0.,  50.,   0.,   0.,   0.,   0.,  11.,   2.],
        [  0.,   0.,  34.,   0., 265.,  88.,   0.,  20.,   1.,   6.],
        [  0.,   0.,   0.,   0.,   3.,   0.,   0., 281.,  23.,   5.],
        [  0.,   0.,  26.,   1.,  25.,  12.,   3.,   0., 279.,   0.],
        [  0.,   0.,   0.,  56.,   2.,   0.,   0., 238.,   0.,   2.],
        [  0.,   0.,   0.,   0.,   6.,   0.,   0.,   0.,   2., 257.],
        [  0.,   0.,   0., 274.,  64.,   0.,   0.,   0., 108.,  23.],
        [  0.,   0.,   0.,   0.,  13.,  30.,   0.,  87.,   1., 179.],
        [321.,   0.,   1.,   1.,   5.,   4.,  11.,   0.,   0.,   0.],
        [  0.,   0.,   0.,   0.,   1.,   0.,   0.,  71.,   6., 176.],
        [  0.,   0.,   0.,   2.,   5., 300.,   0.,   0.,  17.,   2.],
        [ 51.,   0.,   0.,   1.,   6., 277.,   0.,   0.,  30.,   3.],
        [  0.,   0.,   0.,   0.,  59.,  15.,  31.,   0.,  26.,   2.],
        [  0.,   0.,   0.,  16.,   0.,   0.,   0., 244.,   1.,  23.],
        [  0.,   0.,   0.,   0.,   1.,   0.,   0., 201.,   1.,  93.],
        [303.,   0.,  12.,   0.,   1.,   0.,   4.,   0.,   2.,   0.],
        [  0., 271.,   0.,  29.,   0.,   0.,   0.,   0.,   0.,   0.]],
       device='cuda:0')
Epoch 8 | Batch 700
tensor([[ 16.,   0.,   0., 282.,   0.,  57.,   0.,   0.,   3.,   0.],
        [  0., 265.,   0.,   0.,   0.,   0.,   0.,   0.,   0.,  15.],
        [  5.,   0.,   0.,  14.,   0., 251.,  17.,   0.,   7.,   0.],
        [  0.,   0.,   0.,  76.,  70.,   0.,  36.,   1.,   0., 194.],
        [  0.,   0.,  18.,   0.,   0.,   0., 282.,   0.,   0.,  22.],
        [  0.,   0., 222., 247.,   0.,  37.,   0.,   0.,   0.,   0.],
        [  0.,   0.,   0.,   0.,   0.,  20.,   0.,   0., 253.,   0.],
        [ 19.,   0.,   0.,   0.,   0., 252., 226.,   0.,   3.,   0.],
        [318.,   0.,   0.,   0.,   0.,   0.,   0.,  43.,   0.,   2.],
        [  0., 259.,   0.,  20.,   0.,   0.,   0.,   0.,   1., 119.],
        [  0.,   0.,  55.,  22.,   0.,   0., 300.,   0.,   0.,   0.],
        [  0.,  39., 228.,   0.,   0.,   0.,   0., 133.,  25.,   0.],
        [316.,   0.,   0.,   0.,   0.,  70.,   2.,   0.,   0.,   0.],
        [  0.,   0.,  11.,  14.,   7.,   0., 291.,   0.,   1.,   0.],
        [  0.,  42.,   0.,   0.,   0., 125.,   0.,   0.,   2.,   8.],
        [  0.,   0.,  25.,   0., 118.,   0.,   0.,   0.,   9., 234.],
        [ 23.,  39.,   0.,   0.,   0.,   0.,   0.,   0., 282.,   0.],
        [  1.,   0.,  65.,   0.,   6.,   0.,   0.,  25., 280.,   3.],
        [  0.,   0.,   0.,   0., 261.,  67.,   0.,   0.,   4.,   5.],
        [  0.,  13.,   0.,   0.,   0., 228.,   0.,   0.,  43.,   0.],
        [  1.,   0.,   0.,  25.,   0., 115., 256.,   0.,   0.,   0.],
        [  1.,   0.,   0., 255.,   0.,  15.,   0.,   0.,   4.,   0.],
        [  1.,   0.,   0.,   0.,   0.,   0.,   0., 288.,   3.,   0.],
        [  0.,   0.,   0.,   0., 297.,  89.,  22.,   0.,   1.,   0.],
        [  0., 267.,  76.,   0.,   0.,   0.,   0.,   0.,   0.,   0.],
        [  0.,   0.,   0.,   0.,   2.,   0.,   0., 263.,   1.,  44.],
        [  3.,   0., 248.,   0.,   0.,   0.,   0.,   0.,   2., 116.],
        [298.,   0.,   0.,   0.,   0.,   0.,   0.,   0.,   0.,   0.],
        [  3.,   0.,   0.,   0.,   0., 244.,   0.,   0.,  10.,   0.],
        [  1.,   0., 270.,   8.,   0.,   0.,   0.,   0.,   2.,   0.],
        [  0.,  59.,   0.,   0.,  39.,  18.,   0.,   0.,  17.,   0.],
        [297.,   0.,   0.,  10.,   0.,   4.,   0.,   0.,   0.,   0.],
        [  0.,  16.,  72.,   0.,   0.,   0.,   0., 248.,   4.,   0.],
        [  1.,   0.,   0., 240.,   0.,  37.,   0.,   0.,   9.,   0.],
        [312.,   0.,   0.,   0.,   0.,   0.,   0.,   0.,   2.,   0.],
        [  0., 130.,  16.,  13.,   0.,   0.,   0., 169.,   0.,   1.],
        [  0., 261.,   0.,   0.,   0.,   0.,   0.,   0.,  49.,   0.],
        [  0., 243.,  92.,   0.,   0.,   0.,   0.,   0.,   2.,   0.],
        [  0.,   0.,  41.,   0., 117.,   0.,  56.,  42.,   2., 154.],
        [  0., 273.,   0.,   0.,   0.,   0.,   0.,   0.,   0.,   3.],
        [  0.,   0.,  10.,   0., 229.,   2.,  17.,   0.,   2.,   0.],
        [  0.,  96.,   0., 272.,   0.,  31.,   0.,   0.,   4.,   0.],
        [  0.,   0.,   0.,   0., 243.,   0.,   0.,   0.,   2.,   0.],
        [  0.,   0.,   0.,   0., 256.,  65.,   0.,   0.,  20.,   0.],
        [  0.,   0.,   0.,  44.,   0., 172.,   0.,   0.,   3.,   0.],
        [  0., 228.,   0.,   0.,   0.,   0.,   0.,   0.,  29.,   0.],
        [  1.,   0.,   0., 266.,   0.,  79.,   0.,   0.,   1.,   0.],
        [  0.,  55.,  13.,   0.,   0.,   0.,   0., 136.,   3.,   0.],
        [  0.,   0.,   0.,   0.,  31.,   0.,   0., 285.,   0.,   2.],
        [  1.,  38.,   0., 269.,   0.,   0.,   0.,   0.,   1.,   0.],
        [  0.,   0.,   0.,   0., 129.,   1.,   0.,   0.,  16., 242.],
        [  0.,   0., 278.,  56.,   0.,   0.,   0.,   0.,   3.,   0.],
        [  0., 261., 116.,   0.,   0.,   0.,   0.,  16.,   2.,   0.],
        [  2.,  16.,   0.,   0.,   4.,   0., 210.,   0.,   2.,   0.],
        [  0.,   0.,   0.,   0.,   9.,   0.,   0.,  26.,   4., 273.],
        [305.,   0.,  50.,   0.,   0.,   0.,   0.,  40.,   0.,   0.],
        [  0.,   0.,   0.,   0., 257.,   0.,   0.,   0.,   6.,  43.],
        [  0.,   0.,   0.,  68.,   0., 193.,   0.,   0.,  16.,   0.],
        [294.,   0.,  24.,   0.,   0.,  20.,   0.,  28.,   0.,   0.],
        [313.,   0.,   0.,   0.,   0.,   0.,  86.,   0.,   2.,   0.],
        [  0.,   0., 103.,   0.,   0.,  21.,   0., 277.,   2.,   0.],
        [  0.,   0.,  26.,  80.,   0.,   0., 291.,   0.,   1.,   0.],
        [  0.,   0.,   0.,   0.,  19.,   0.,   0.,   0.,   9., 242.],
        [  3.,   0.,  13.,   0.,   0.,   0., 100.,   0., 216.,   0.]],
       device='cuda:0')
Epoch 8 | Batch 800
tensor([[ 90.,   0.,   0.,   4.,   0.,   2.,   0.,   0., 295.,  73.],
        [  0.,   0.,   0.,  91.,   0.,   0.,   0.,  14.,   7., 255.],
        [  0.,   0.,   0.,   3.,   0., 268.,   0.,   0.,  18.,   0.],
        [  0.,   0.,   0.,  79.,  11.,   0.,   0., 270.,   3.,   0.],
        [  0.,   0.,   0.,   0.,   0., 255.,   0.,   0.,  44.,   3.],
        [ 52.,   0.,   0.,   2.,   0.,   0.,   0., 118.,   3.,   0.],
        [  0.,  52.,   0.,   5.,  21., 248.,   0.,   0.,  44.,   0.],
        [  0.,   0., 196.,   3.,   8.,   0.,  55., 135.,   6.,   0.],
        [  0.,   0.,   0.,   1.,   0.,   0.,   0.,   0.,   5., 244.],
        [  0.,   0.,   0., 152.,   0., 261.,   0.,   0.,   9.,   0.],
        [287.,   0.,   0.,   0.,  72.,   0.,   0.,   9.,   2.,   0.],
        [  0., 278.,  19.,   1.,   0.,   0.,   0.,  26.,  16.,   0.],
        [292.,   0.,   1.,   2.,   0.,   9.,   0.,   0.,   4.,   0.],
        [  0.,   0.,  47.,   5.,   0.,   0.,   0.,   2.,  34., 185.],
        [  0.,   0.,  20.,   4.,  19.,   0., 278.,   0.,   2.,   0.],
        [  0.,   0.,  64.,   3.,   6.,   0.,   0.,   0.,   9., 231.],
        [193.,   0.,  69.,   0.,   0.,   0.,   0., 124.,   1.,   0.],
        [ 56.,   0., 247.,   3.,   0.,   0.,   0.,   0.,  85.,   0.],
        [  0.,   0.,   0.,   2.,   0.,   0.,   0., 281.,  21.,   7.],
        [  0.,   0.,   0.,   6.,  15.,   0.,   0.,   0.,  11., 187.],
        [  0.,   0.,   0.,   0.,   4.,   0.,   0., 288.,  72.,   0.],
        [245.,   0.,   0.,   0.,  35.,   0.,  21.,   0.,   1.,   0.],
        [  0.,  46.,   0.,   0.,   0.,   0.,   0., 106.,   0.,   0.],
        [  0.,   0.,   0.,   5.,   0.,   0.,  72.,   4.,  25., 241.],
        [  0.,   0., 282.,   7.,   0.,   0.,   0.,   0.,  59.,   0.],
        [219.,   0.,   0.,   4.,   0.,   0., 141.,   0.,   3.,   0.],
        [  0.,   0.,   0.,  64.,   0.,   4.,   0.,  75.,  10., 209.],
        [  0.,   0., 250.,  12.,   0.,   0.,   0.,   0.,   6.,   0.],
        [  0., 267.,   0.,   1.,   0.,   0.,   0.,   0.,   5.,   0.],
        [  0., 276.,   6.,   2.,   0.,   0.,   0.,   0.,  15.,   0.],
        [  0.,   0.,   0.,   8.,   0.,   0.,   0.,   0., 270.,   0.],
        [  0.,   0.,   0.,   0.,   0.,   0.,   0., 281.,   5.,   0.],
        [273.,   0.,   0.,   7.,   0.,   0.,   0.,   0.,   7.,  10.],
        [  0.,   0.,   0., 295.,   0.,   0.,   0.,   0.,  13.,   0.],
        [267.,   0.,   0., 138.,   0.,   0.,   0.,   0.,   4.,   0.],
        [  0., 254.,  12.,   2.,   0.,   0.,   0.,   6.,  23.,   0.],
        [  0.,   0.,   0., 233.,   0.,   0.,   0.,  11.,   6.,  75.],
        [  0.,   0.,   0., 248.,   0.,  29.,   0.,   0.,   6.,  20.],
        [  0.,   0.,   0.,   0.,   0.,   0., 278.,   0.,   2.,   0.],
        [  0., 277.,   7.,   1.,   0.,   0.,   0.,   0.,  12.,   0.],
        [  0.,   0.,   0.,  31.,   0., 283.,   2.,   0.,  13.,   0.],
        [  0., 245.,   0.,   0.,   0.,   0.,   0.,   0.,   3.,   0.],
        [  0.,  77., 253.,   1.,   0.,   0.,   0.,   0.,   2.,   0.],
        [  0.,   0.,  18.,   1.,   0.,   0., 286.,   0.,   2.,   0.],
        [  0.,   0.,   0., 280.,   0.,  48.,   2.,   0.,   6.,   0.],
        [ 53.,   0.,   0.,   0.,   0.,   0.,   0., 307.,   8.,   0.],
        [ 10.,   0.,  57., 132.,   0.,   0.,   0.,   0.,   7.,   0.],
        [282.,   0.,   8.,   3.,   0.,   0.,   0.,   0.,   6.,   0.],
        [270.,   0.,  59.,   0.,   0.,  50.,   0.,   0.,   3.,   0.],
        [  0.,   0.,   0.,  49.,   0., 239.,   0.,   0.,   8.,  88.],
        [ 19.,   0.,   0.,   1.,   0.,   0., 265.,   0.,   2.,   0.],
        [  0.,   0., 312., 158.,   0.,   0.,   0.,   0.,   5.,   0.],
        [ 89.,   0.,   0.,   0.,   0.,   0.,   0., 301.,   2.,   0.],
        [ 30.,   0.,   0.,  23.,  49., 288.,   0.,   0.,  19.,   0.],
        [  0.,   0.,   0., 303.,   0.,  58.,   0.,   0.,  35.,   0.],
        [  0.,   0.,   0., 307.,   0.,   0.,   0.,   0.,  12.,   0.],
        [  0., 244.,   0.,   0.,   0.,   0.,   0.,   0.,  22.,   0.],
        [  0.,   0.,   0., 141.,   0., 132.,   0.,   0.,  28.,   0.],
        [ 29.,   0.,   0.,   3.,   0.,   0.,   0.,  80., 293., 101.],
        [  0., 259.,   0.,   1.,   0.,   0.,   0.,   1.,   3.,   0.],
        [ 91.,   0.,   0.,  72.,   0., 287.,   0.,   0.,  79.,   0.],
        [  0.,   0.,  14., 251.,   0.,   0.,   0.,   0., 111.,   0.],
        [  0., 228.,   2.,   4.,   0.,   0.,   0.,   0.,  85.,   0.],
        [  0.,   0.,   0.,   8., 272.,   0.,   0.,   0.,  11.,   0.]],
       device='cuda:0')
Epoch 8 | Batch 900
Switching label layer to Inference Mode (LIF)...
Epoch 8 DONE | Test Acc: 73.34% | Time: 823.1s
Switching label layer back to Training Mode (Clamp)...
tensor([[  0.,   0.,   0.,   1.,  10.,   0.,   1.,   0.,   5., 260.],
        [  0., 275.,   0.,   7.,   0.,   0.,   3.,   0.,   0.,   0.],
        [  1.,   0.,  13.,   0.,   0., 226.,  10.,   0.,   3.,   0.],
        [204.,   0.,   0.,   1.,   0.,   0.,   5.,   0.,   4.,   9.],
        [  0., 279.,   0.,  14.,   0.,   0.,   4.,   0.,   0.,   0.],
        [  1.,  85.,   0.,   7.,  25.,   1.,   5.,   0.,  32.,   0.],
        [  1.,   0.,   0.,   8.,  73.,  19.,   1.,   0., 294.,   0.],
        [  0., 132.,   0., 276.,   0.,  30.,   0.,   0.,   3.,   0.],
        [  1.,   0.,   0.,  29.,   0., 121.,   1.,   0., 263.,   0.],
        [  0.,   0.,  81., 229.,   0.,   0.,   6.,   0.,   2.,   0.],
        [ 54.,   0., 135., 298.,   0.,  33.,   1.,   0.,   1.,   0.],
        [ 29.,   0.,   0., 259.,   0.,   0.,   2.,   0.,   0.,   0.],
        [  0.,  15.,   0., 255.,   0.,  62.,   0.,   0.,   8.,   0.],
        [  0.,   0.,   0.,  11.,   0., 253.,   0.,   0.,  33.,  64.],
        [  0.,   0.,   0.,   3., 233.,   1.,  10.,   0.,   6.,   0.],
        [  0.,   0.,   9.,   0., 204.,   1.,  59.,   0.,   4.,   1.],
        [  0.,   0.,   0.,   5.,  53., 269.,   0.,   0., 112.,   0.],
        [  1.,   0., 237.,   6.,   0.,   3.,  33.,   0.,   1.,  12.],
        [  2.,   0.,  29.,   0.,   0.,   0., 288.,   0.,   1.,   0.],
        [  0.,   0.,   0.,   1.,  68.,   4.,   1.,  12., 253.,   3.],
        [  0., 253.,   0.,  29.,   0.,   0.,   0.,   0.,   0.,   0.],
        [  0.,   0.,   0.,   4., 230.,  31.,   0.,  28.,  31.,   3.],
        [  0.,   0., 294.,   9.,   0.,   0.,  36.,   0.,   4.,  29.],
        [ 10.,   4.,   0.,   2.,   0.,  79., 269.,   0.,   5.,   0.],
        [  0.,   0.,  14.,   2.,   0.,   1.,   0., 289.,   2.,  11.],
        [  0.,   0.,  11.,   0., 117.,   0., 295.,   0.,   2.,   0.],
        [  0., 274.,   0.,  15.,   0.,   0.,   4.,  15.,   1.,   0.],
        [  0.,   0.,   0., 269.,   0.,   5.,   5.,  20.,  10.,   0.],
        [  0.,  14.,   0.,   9.,   0.,   1.,   3.,   1., 160.,   0.],
        [  0.,   0.,   0.,  10., 253.,  43.,   0.,   0.,  28.,   0.],
        [ 11.,   0., 272.,  43.,   0.,   0.,   2.,   0.,   8.,   0.],
        [  0., 273.,   0.,   2.,   0.,   0.,   0.,   0.,   4.,   0.],
        [  0.,   0.,   0.,   1.,   2., 220.,   0.,   0.,   3.,  38.],
        [  0.,   0.,   0.,   2., 233.,   1.,   0.,   0.,  14.,  95.],
        [ 51.,   0.,   5.,   0.,   0.,  44., 267.,   0.,  12.,  32.],
        [  0.,   0., 301.,  28.,   0.,   0.,  13.,   0.,   7.,   0.],
        [  0., 290.,   0.,   3.,   0.,   0.,   4.,   0.,   6.,   0.],
        [306.,   0.,  86.,   2.,   0.,   3.,   7.,   0.,   3.,   0.],
        [  0.,  65., 242.,  12.,   0.,   1.,   2.,   0.,   5.,   0.],
        [  0.,   0.,   0.,   1.,   4.,   0.,   0.,  31.,   2., 274.],
        [  0.,  57.,   0.,   2.,   0., 212.,   5.,   0.,  63.,   0.],
        [316.,   0.,  56.,  17.,   0.,   2.,   0.,   0.,   3.,   0.],
        [  0.,   0.,   0., 298.,  42.,   3.,   0.,   0.,   3.,   0.],
        [  0.,   0.,   5.,   8.,   0.,  17.,   1., 301.,  46.,  63.],
        [  0.,  15.,   0.,   4.,   0.,   4.,   5.,   0., 179.,   0.],
        [287.,   0.,   0.,   6.,   0.,   9.,  60.,   0.,   7.,   0.],
        [  0.,   0.,   0.,   0., 215.,   2.,  40.,   0.,  24.,  46.],
        [196.,   0.,  10.,   8.,   0.,   7., 116.,   0.,   5.,  89.],
        [  0.,  11.,   0.,   4.,   0.,   1.,   8.,   0., 252.,   9.],
        [ 55.,   0.,  18.,   2.,   0.,   1., 292.,  55.,   4.,   0.],
        [118.,   0., 287.,  55.,   0.,   0.,   8.,   0.,   2.,   0.],
        [  0.,   0.,   0.,   2.,  18.,   1.,   0.,  22.,   1., 249.],
        [  0.,   0.,   0.,   2., 258.,   6.,   2.,   5.,   3.,  34.],
        [  2.,   0.,   0.,  10.,   0.,   4.,   2.,   0., 274.,   0.],
        [  0.,   0.,   0., 104.,   6.,   0.,   0., 293.,   0.,  68.],
        [  0.,  30.,  18.,   0.,   0.,   3.,  11.,   0., 217.,  56.],
        [  0.,   0.,   0.,   1.,   0.,   2., 300.,   0.,  18.,   0.],
        [156.,   0., 273., 118.,   0.,   0.,   2.,   0.,   0.,   0.],
        [  0.,   0.,   0.,   2.,   0.,  11.,   1.,  62., 259.,  95.],
        [  0.,   0., 245.,   2.,   0.,   0.,   2.,   0.,   0.,   0.],
        [ 15.,   0.,   0.,   4.,   0.,   4.,   0., 302.,   6.,   0.],
        [  0.,  21., 242.,  19.,   0.,   0.,  27.,   0.,   2.,   0.],
        [  2.,   0.,   0., 307.,   0., 111.,   3.,   0.,   4.,   0.],
        [  0.,   0.,   0., 225.,   0.,   0.,   0.,   0.,   1.,   0.]],
       device='cuda:0')
Epoch 9 | Batch 0
tensor([[  1., 131., 252., 149.,   0.,   0.,   0.,   0.,   1.,   0.],
        [  1.,  15., 289.,   0.,   0.,  57., 122.,   0.,  14.,   0.],
        [  0.,   0.,   1.,   0.,   0., 214.,  76.,   0.,   0.,  51.],
        [  0.,   0.,   1.,  58.,   0., 232.,   0.,   0.,  92.,   0.],
        [ 31.,   0.,  85.,   0.,   0.,   0.,   0.,   0.,   0.,  26.],
        [  1.,   0., 245.,   0.,   0.,   0.,  25.,   0.,   0.,   0.],
        [  0.,   0.,   3.,   0., 270.,   0.,   2.,   0.,   1., 105.],
        [  0.,   0.,   0.,   0., 244.,  12.,   0.,   0.,  25.,   6.],
        [ 35.,   0.,   0.,   0.,   0.,   0.,   0., 296.,   0.,   2.],
        [ 13.,   0.,   0.,   0.,   0., 211.,   0.,   2.,  49., 123.],
        [  0., 291.,   9.,   0.,   0.,   0.,   0.,   0.,  53.,   0.],
        [ 14.,   0.,   0.,   0.,  58.,   0.,   0., 276.,   0.,  94.],
        [  0.,  14., 285.,   0.,   8.,   0.,  96.,   0.,   0.,   0.],
        [290.,   0.,   3.,   0.,   0.,   0.,   0.,   0.,   2.,   0.],
        [  1.,   0., 291.,   0.,   0.,   0., 100.,   0.,   3.,   0.],
        [  0.,   0.,   0.,   0.,   7.,   0.,   0., 258.,   0.,  69.],
        [  2.,   0.,   4., 258.,   0.,   4.,   0.,   0.,   5.,  67.],
        [  0.,   0., 285.,   0.,   0.,   0.,   0.,   0.,   0.,   1.],
        [294.,   0.,   5.,   0.,   0.,   0.,   0.,   0.,   1.,   0.],
        [  1.,   4.,   8.,   0.,   0., 112., 257.,   0.,   5.,   0.],
        [  3.,   0., 307.,   0.,   0.,   0.,   0.,   0.,  30.,   0.],
        [  0.,   0.,   8.,   0.,   9.,   0.,   0.,  12.,   0., 238.],
        [  0.,   0.,  65.,   0.,   0.,   0., 281.,   0.,   0.,  65.],
        [277.,   0.,   4.,   0.,   0.,   0.,  57., 107.,   0.,   0.],
        [ 34.,   0.,   3.,   0.,   0.,   5.,   0.,   0., 168.,   0.],
        [  0., 243.,  60.,  86.,   0.,  17.,   0.,   0.,  91.,   0.],
        [196.,   0.,   2.,   0.,   0.,   0.,   0., 299.,   0.,   0.],
        [  0.,   0., 304.,   0.,   3.,   0.,   0.,   0.,   0.,   0.],
        [  0., 291.,  14.,   0.,   0.,   0.,   0.,   0.,  11.,   0.],
        [298.,   0.,   1.,   0.,   0.,   0.,   0.,   0.,   0.,   0.],
        [  1.,   0.,   0.,   0.,   2.,   0.,   0., 297.,   0.,  26.],
        [  0.,   9., 275.,   5.,   0.,  14.,   0.,   0.,   7.,   0.],
        [  0.,   0.,   1.,   0.,  80.,  58.,   0., 131.,   0.,  89.],
        [233.,   0.,   2.,   0.,   0.,   0.,  75.,   0.,   0.,   0.],
        [  0., 285.,   6.,   0.,   0.,   0.,   0.,   0.,  27.,  20.],
        [  0., 267.,   0.,   0.,   0., 121.,   0.,   0.,  18.,   6.],
        [  0.,   0.,   0.,  92.,  15.,   0.,   0., 101.,   0.,   0.],
        [ 38.,   0., 273.,  62.,   0.,   0.,   0.,   0.,   0., 153.],
        [  1.,   0., 299.,  17.,   5.,   0.,   0.,   0.,   6.,   0.],
        [  0.,   0., 204.,   0.,   0.,   0.,  43.,   0.,   0.,  78.],
        [  0.,   0., 304.,   0.,   0.,   0.,   0.,   0.,  25.,   0.],
        [  0.,   0.,   3.,   0.,  78.,   0.,   3.,   0.,   1., 244.],
        [ 37.,   0.,   1.,   0.,   0.,   0.,   0., 299.,   0.,  29.],
        [265.,   0.,   1.,   0.,   0.,   0.,  60.,   0.,   1.,   0.],
        [  4.,   0.,   8.,  47.,   0., 132.,   0.,   0., 128.,   0.],
        [  0.,   0.,   0.,   0.,  11.,   0.,   0.,  17.,   6., 261.],
        [321.,   0.,   1.,   0.,   0.,   0.,   0.,   0.,   0.,   0.],
        [  0.,   0.,   0.,   0.,   0., 227.,   0.,   0.,  25.,  26.],
        [  1.,   1.,   6.,   0.,   0.,   6.,   0.,   0., 181.,   0.],
        [  2.,   0.,  17.,   0.,   0.,   0.,   0.,   0., 291.,   0.],
        [  2.,   0.,  68.,   0., 239.,   0.,  47.,   0.,   0.,   0.],
        [  3.,   0.,   4.,   0.,   0.,  87.,  88.,   0., 222.,   1.],
        [  0., 268.,   0.,   1.,   0.,  12.,   0.,   0.,   0.,  82.],
        [ 79.,   0.,   1.,   0.,   0.,   0.,   0., 297.,   0.,   1.],
        [  0.,   0.,   0.,   0., 228.,   0.,  59.,  11.,  38., 117.],
        [  0.,   0.,   1.,   0.,   3.,   0.,  18.,   0.,   1., 261.],
        [  0., 182., 266.,   0.,   0.,   0.,   0.,   2.,  34.,   0.],
        [  0.,   0.,   1.,   0., 197.,   0.,   0.,   0.,  58.,   1.],
        [  1.,   0.,   8.,   0.,   0.,   0., 272.,   0.,   4.,   2.],
        [  3.,   0.,   3.,   0.,   0., 150.,   0.,   0.,   0.,   3.],
        [  0.,   0.,   0.,   0., 254.,   0.,   0.,   0., 117.,   0.],
        [  1.,   0.,   6.,   0.,   0.,  90., 283.,   0.,   0.,   0.],
        [  0.,   0.,   1.,   0.,   1.,   0.,   0., 283.,   1.,   3.],
        [  0., 265.,  55.,   0.,   0.,   0.,   0.,   0.,   8.,   0.]],
       device='cuda:0')
Epoch 9 | Batch 100
tensor([[  0.,   0.,   0.,   5., 201.,  66.,  98.,   0.,   1.,   0.],
        [  0.,   0.,   0.,   2.,   0.,   0.,   0., 286.,  10.,  20.],
        [  0.,   6., 233.,   0.,   0.,   0.,   8.,  17.,   2.,   0.],
        [  0.,  82.,   0.,  38.,   0., 131.,   0.,   0.,   4.,   0.],
        [  0.,  32.,   0.,  35.,   6.,   0.,   0.,   0., 216.,   0.],
        [  0.,   0.,  12.,   4.,   0.,   0.,   0.,  26.,   6., 239.],
        [ 54.,   0.,   0.,   0.,   0.,   0., 291.,   0.,  10.,   0.],
        [ 14.,   0., 299.,   0.,   1.,   0., 129.,   0., 107.,   0.],
        [  0.,  27.,   4.,  22.,  10.,   0.,  45.,   0., 153.,   0.],
        [  0., 274.,   1.,   0.,   0.,   0.,   0.,   0.,   8.,   0.],
        [  0.,   0.,   0.,   2.,   9.,   0.,   0.,  46.,   4., 275.],
        [  0.,   0.,   0.,   1.,   1.,   0.,  10.,   0., 149.,   0.],
        [  0.,   0.,   0.,   1.,  10.,   0.,   0., 102.,   7., 262.],
        [  0.,   0.,   0.,   2.,  23.,   1.,  80.,   0.,   3., 243.],
        [  0., 278.,   0.,   4.,  30.,   0.,   0.,   0.,   1.,   0.],
        [ 15.,   0.,   0.,   7.,   0., 201.,   0.,   0.,   4.,   0.],
        [  0.,   0.,   0.,  30.,   8.,   0.,   0.,  37.,   8., 268.],
        [  0.,   0.,   0., 289.,   0.,   0.,   0.,   0.,  13.,   0.],
        [  0.,   0.,   0.,   2.,   3.,   1.,   0.,  34.,   6., 264.],
        [  0.,   0.,   0.,   1.,  93.,   0.,  12.,   0., 135.,   0.],
        [  0.,   0.,   0.,   0.,   0.,   0., 274.,   0.,   6.,   0.],
        [  0.,   0., 259., 117.,   0.,   2.,  12.,   0.,   7.,   0.],
        [  0.,  27.,   0.,   1.,   0.,   0.,   0., 254.,   4.,   0.],
        [  0.,   0.,   2.,  34.,   0.,   0.,   0., 158.,  26.,   0.],
        [  0., 277.,   0.,   2.,   0.,   0.,   0.,   0.,   8.,   0.],
        [308.,   0.,   0.,   4.,   0.,   0.,   0.,   0.,  11.,   0.],
        [  1.,   0.,  66.,   0.,  26.,   0., 129.,   0.,   2.,   0.],
        [  0.,   0.,   0.,   2.,  55.,   0.,   0.,   8.,   5., 276.],
        [  0., 260.,   0.,   0.,   0.,   0.,   0.,   0.,   3.,   0.],
        [  0.,   0.,  14.,   1.,   8.,   0., 282.,   0.,   2.,   0.],
        [  0.,   0.,   0.,   2.,   1.,   0.,   0., 289.,   2.,   0.],
        [  0.,   0.,   0.,   3.,   0.,   0.,   0., 297.,  40.,   2.],
        [  0., 278.,   0.,   3.,   0.,   0.,   0.,   0.,   2.,   0.],
        [  0.,   0.,   0.,  10.,   1.,  19.,   0.,  16.,  10., 268.],
        [293.,   0.,   0.,  11.,   0.,   0.,   0.,   0.,   3.,   0.],
        [  0.,   0.,   0.,   4.,   5.,   0.,   0.,  58.,   5., 252.],
        [  0.,   0.,   0.,   3.,   0.,   0., 298.,   0.,  13.,   0.],
        [  0.,   0.,   0.,   1., 217.,   0.,   5.,   0.,  23.,  54.],
        [  0., 277.,   0.,   8.,   6.,   0.,   0.,   0.,   1.,   0.],
        [  0., 255.,  28.,   2.,   0.,   0.,   0.,   0.,  29.,   0.],
        [  0.,   0.,   0.,   4.,   1.,   0.,   0., 147.,   7., 281.],
        [  0.,   0.,   0.,   1., 133.,   0., 256.,  57.,   2.,   0.],
        [281.,   0.,   0.,   0.,   0.,   0.,   3.,  20.,  24.,   0.],
        [284.,  11.,   0.,   2.,   0.,   0.,   0.,   0.,   1.,   0.],
        [  0.,   0.,   0.,  37., 196.,   0.,   0.,   0.,   4.,   4.],
        [  0.,   0., 296.,   0.,   0.,   0.,   0.,   0.,  10.,   0.],
        [  0.,   0.,   0.,   5.,   0.,   0.,   0.,  50.,  26., 277.],
        [  0.,   9.,   0.,  65.,   0.,   0.,   0.,  25.,  34.,   5.],
        [  0.,   0.,   0.,   3., 255.,  14.,   0.,   5.,  10.,   6.],
        [ 86.,   0.,   0.,   0.,   0.,   0.,   0., 274.,   3.,   0.],
        [  0.,   0.,  33.,   0.,  12.,   0., 289.,   0.,   2.,   0.],
        [ 24.,   0.,  46., 254.,   0.,  47.,   0.,   0.,   3.,   0.],
        [  0.,   0.,   0.,   2.,   0., 241.,   0.,   0.,  11.,  18.],
        [  0.,   0.,   0.,   6.,   0.,   0.,   0.,   0., 295.,   0.],
        [ 21.,   0.,   0.,   1.,   7.,   0.,   0.,  16.,   9., 247.],
        [  0.,   0.,   0.,  21.,   0.,   0.,   0.,   0., 286.,   0.],
        [ 21.,   0.,  47.,   0., 110.,   0.,   0.,  65.,   2.,   0.],
        [  0.,   0.,   0.,   4.,  24.,   0.,   0.,   0., 258.,   0.],
        [  0., 260.,   2.,  40.,   0.,   0.,   2.,   0.,  20.,   0.],
        [297.,   0.,   0.,   6.,   0.,   0.,   0.,   0.,   2.,   0.],
        [ 31.,   0.,   0.,   3.,   0., 271.,   0.,   0.,   2.,   0.],
        [ 20.,   0.,   0.,   1.,   0., 282.,   0.,   0.,   4.,   0.],
        [  0.,   0.,   0.,   1., 268.,   0.,   0.,   9.,   7.,   2.],
        [  0.,   0.,   0.,   3.,   0.,  21.,   0.,  98.,   9., 258.]],
       device='cuda:0')
Epoch 9 | Batch 200
tensor([[246.,   0.,  30., 134.,   0.,   0.,   0.,   0.,   2.,   3.],
        [  3.,   0.,   0.,   0.,   0., 239.,   0.,   0., 141.,   6.],
        [  0.,   0.,   0.,   0., 287.,   0.,   0.,   0.,  52.,  19.],
        [  1.,  76., 267.,   0.,   0.,   0.,   0.,   0., 132.,   2.],
        [  0.,   0.,   1.,   0.,   0.,   0.,   0.,   0.,   6., 241.],
        [  0.,  34., 240.,  17.,   0.,   0.,   0.,   0.,   9.,   7.],
        [  0.,   0.,  36.,   0.,   0.,   0.,   0.,   0., 225.,  52.],
        [  0.,   0.,   0.,   0.,   0.,  82., 261.,   0.,   6.,   2.],
        [296.,   0.,   1.,  53.,   0.,   0.,   0.,   0.,   3.,   3.],
        [  0.,   0.,   0.,   0., 283.,   0.,  27.,   0.,   9.,  12.],
        [  0.,  15.,   0.,   0.,   0.,   0.,   0., 250.,   4.,   7.],
        [  0.,   0.,   0.,   0.,   0.,   0., 295.,   0.,   1.,   0.],
        [ 89.,   0.,   2., 278.,   0.,   0.,   0.,   0.,   3.,   1.],
        [  1.,   0.,   1.,   5.,   0., 244.,  20.,   0.,   7.,   3.],
        [  0.,   0.,   0.,   0., 108.,   0.,   0., 111.,   7., 264.],
        [  0., 199.,   0.,  20.,   0.,   0.,   0.,  23.,  18.,  49.],
        [  0.,  13., 231.,  18.,   0.,   0.,   0.,   0.,  37.,   3.],
        [107.,   0.,  12., 161.,   0.,   0.,   0.,   0.,  18.,  11.],
        [  0.,   0.,   0.,  38.,  26.,   0.,   0.,   0.,   5.,  69.],
        [  0.,  79.,   0.,   0., 166.,   0.,   0.,   0.,  16.,   7.],
        [  1.,   2.,   0.,   0.,   0.,   0.,   0.,   0., 268.,  72.],
        [  0.,   0.,   0.,   0.,  10.,   0.,   0.,   0.,  22., 191.],
        [  0.,   0., 118.,   0.,   0.,   0., 291.,   0.,   4.,   3.],
        [  0., 228.,  13.,  22.,   0.,   0.,   0.,   0.,  48.,   2.],
        [ 25.,   0.,   0.,   3.,   0., 265.,   0.,   0.,   5.,   1.],
        [  0.,   0., 104.,   0.,   0.,   0.,  66.,   0.,  26.,   1.],
        [  0.,   0.,   0.,   0.,  11.,   0.,   3.,  12.,  16., 186.],
        [  0.,   0.,   0.,  37.,   0., 185.,   0.,   0.,   0.,  25.],
        [  2.,   0.,  19.,   3.,   0.,   0.,   0.,   0., 267.,  11.],
        [  3.,   0.,   3., 279.,   0.,   0.,   0.,  95.,   8.,   3.],
        [  0.,   0.,   0.,   0.,   0.,   0.,   0., 295.,   5.,  24.],
        [ 10.,   0.,  38., 298.,   0.,   0.,   0.,   0.,   2.,   1.],
        [250.,   0.,  21.,  85.,   0.,   0.,   0.,   0.,   3.,  28.],
        [ 28.,   0.,   0.,   0.,   0., 123., 281.,   0.,   3.,   2.],
        [  0.,   0.,   0.,   0.,   0.,   0.,   0.,  42.,  10., 241.],
        [  0., 267.,   0.,   0.,   0.,   0.,  35.,   0.,   5.,   1.],
        [ 20.,   0.,  60.,   1.,   4.,  32.,   0.,   0., 253.,  21.],
        [  0.,   0.,  36.,   0.,  22.,   0., 283.,   0.,   2.,   2.],
        [139.,   0.,   0.,   0., 100.,  25.,   9.,   0.,   2.,   4.],
        [282.,   0.,  12.,  82.,   0.,   2.,   0.,   0.,   1.,   1.],
        [  0.,   0.,   0.,   0.,   0.,   0.,   0.,  49.,  12., 144.],
        [  0.,   0.,  37.,   0.,  27.,   1., 149.,   0.,   2.,   2.],
        [  2.,   0.,   1., 144.,   0.,   0.,   0.,   0., 134.,  20.],
        [210.,   0.,   0.,   0.,   5.,   0.,   0., 299.,   4.,  13.],
        [  0.,   0.,   0.,   0.,   2., 242.,   0.,   0.,  16.,   4.],
        [ 38.,   0., 259., 116.,   0.,   0.,   0.,   0.,   3.,   2.],
        [  0.,   0.,   0.,   0., 257.,   0.,   0.,  44.,  45.,  12.],
        [  3.,   0.,   1.,  12.,   0., 279.,   0.,   0.,   4.,   2.],
        [  7.,   0., 150., 155.,   0.,  46.,  65.,   0.,   4.,   2.],
        [  8.,   0.,   0.,   0.,  28.,   0.,   0., 300.,   6.,  21.],
        [  2.,   0.,   0.,  46.,   0., 275.,   0.,   0.,  10.,   5.],
        [  1.,   0.,   1.,   0.,   0.,  70.,   0.,   0., 212.,  48.],
        [  1.,   0.,   1.,  19.,   0.,   0., 289.,   0.,   5.,   4.],
        [ 37.,   0., 299.,   3.,   0.,   0.,   0.,   0.,   7.,   4.],
        [  7.,   0.,  76.,   0.,  17.,   0., 203.,   0.,   1.,   1.],
        [  4.,   0.,  22.,   0.,   0.,   0., 302.,   0.,  12.,  12.],
        [  0.,   0.,   0.,  10., 269.,   0.,  34.,  21.,   7.,  30.],
        [  0.,   0.,   2., 179.,   0.,   0.,   0.,  28.,  10.,  14.],
        [  5.,   0.,   2.,   0.,   0.,   0.,   0.,   0., 237.,  67.],
        [  3.,  10.,  46.,   0.,   0.,  33.,   0.,   0., 271.,  11.],
        [  0.,   0.,   0.,   0.,   0.,   0.,   0., 289.,   4.,  12.],
        [  3.,   0.,   0.,   1.,   0.,   0.,   0.,  14., 262.,  80.],
        [  0.,   0., 295.,   4.,   0.,   0.,   1.,   0.,   4.,   3.],
        [  1.,  81., 224.,  46.,   0.,   0.,   0.,   0.,  11.,   2.]],
       device='cuda:0')
Epoch 9 | Batch 300
tensor([[  0.,   0.,   0.,  63.,  76.,   0.,   0.,  19., 150.,   0.],
        [  0.,   0.,   0.,  94.,   0.,   3.,   0.,   0., 198.,   0.],
        [  0.,   0.,   0.,   0.,   0.,   1.,   0.,   0., 146., 246.],
        [  0.,   0.,  35.,   0.,   0.,   0., 284.,   7.,  18.,   0.],
        [ 28.,   0.,   1.,   0.,   0.,   0., 106.,   0.,   0.,   0.],
        [  1.,   0.,   0., 276.,   0.,   2.,   0.,  29.,   4.,   8.],
        [  0.,  16.,   0.,   0.,   3.,  15., 142.,   0.,  84.,   0.],
        [  0.,   0.,   0.,   0.,   0.,   0.,   0., 303.,   1.,  27.],
        [  0., 243.,   0.,  13.,   0.,   0.,   0.,   0.,   0.,   0.],
        [  0.,   0.,   0.,   0.,   0.,   0.,   0., 298.,   1.,  40.],
        [ 26.,   0.,   0.,   0.,  62., 274.,   0.,   0., 134.,   0.],
        [  0., 115.,   0.,   0.,   0.,   1.,   0.,   0., 256.,   0.],
        [ 20., 169.,   0.,   0.,   0.,  10.,  22.,  10.,   0.,   0.],
        [  0.,   0.,   0.,   0., 269.,   0.,  27.,   0.,  15.,   0.],
        [ 76.,   0.,   0.,   1.,   0.,   5.,   0.,   0.,   9.,   0.],
        [  0.,  12.,   0., 191.,   0.,   0.,   0.,   0.,   2.,   0.],
        [ 12.,   0., 292.,   0.,   0.,   0.,   0.,   0.,  12.,   0.],
        [  0.,   0.,   0.,   0.,   0.,  14., 299.,   0.,  36.,   0.],
        [  0.,   0.,   0.,   0., 237.,   0.,   7.,   0.,  25.,  56.],
        [  0.,   0.,   0.,   0.,  40.,   0.,   0., 260.,   0.,  38.],
        [  0.,   0.,  60.,   0.,   0.,   0., 290.,   0.,   1.,   0.],
        [  0.,  10.,   0.,   0.,   0.,   0.,   0., 136.,   2., 175.],
        [  0.,   0.,   0.,   0.,   0., 275.,   0.,   0.,  18.,   0.],
        [  0.,   0., 280.,   0.,   0.,   0.,  75.,   0.,   0.,   0.],
        [  0.,  39.,   0.,   0.,   0.,   0.,   0., 288.,   1.,   1.],
        [  0.,   8.,   0.,   0.,  22.,   0.,   0.,   0.,  51., 150.],
        [137.,   0.,  18.,   0.,   0.,   3.,   0.,   0., 131.,   0.],
        [  0.,  30.,   0.,   0.,   0., 187.,   2.,   0.,   1.,   0.],
        [  5.,   0.,  68.,   0.,   0.,   0., 287.,  83.,   2.,   0.],
        [ 11.,   0.,   0.,   0.,   0.,  28.,  75.,   0.,  59.,   0.],
        [  1.,   0.,   3.,   0.,   2.,   0.,   0.,  16.,   1., 288.],
        [ 47.,   0.,  19., 278.,  51.,   4.,   0.,   0.,  67.,   0.],
        [  0.,   0.,   0.,   0.,  66.,   3.,   0.,   6.,   2., 145.],
        [  0.,   0.,   0.,   0.,   0.,  34., 303.,   0.,  62.,  15.],
        [ 64.,   0.,   0., 240.,   0.,   8.,   0.,   0.,   1.,   0.],
        [  0., 238.,   0.,   0.,   0.,   0.,   0.,   0., 111.,   0.],
        [  9.,   0.,   0.,   0.,   0.,  29., 302.,   0.,   1.,   0.],
        [284.,   0.,   0.,   0.,   0.,  40.,   0.,   0.,  16.,   0.],
        [ 48.,  53.,   0., 225.,   0.,  20.,   0.,   0.,   1.,   0.],
        [ 91.,   0.,   0.,   0.,   0.,   5., 212.,   0.,   8.,   0.],
        [  0.,   0.,   0.,   0., 260.,   1.,  70.,   0.,  76.,  91.],
        [  0.,   0.,   8., 283.,   0.,   6.,   0.,   0.,   2.,   0.],
        [  0.,   1.,   0.,   0.,   3.,   0.,   0., 267.,   2.,   0.],
        [ 11.,   0., 285.,   0.,   0.,   0.,  15.,   0.,  93.,   0.],
        [310.,   0.,   0.,  92.,   0.,   6.,   0.,   0.,  30.,   0.],
        [ 87.,   0.,   0.,   0.,   0.,   1.,   0., 153.,   0.,   0.],
        [  0.,   0.,   0.,  44.,   0.,  21., 291.,   0.,  27.,   0.],
        [  0., 278.,   0.,  12.,   0.,   0.,   0.,   0.,   0.,   0.],
        [  0.,   0.,   0.,   0.,   0., 249.,   0.,   0.,  64.,   0.],
        [  3.,   0.,   0.,   0.,   0.,   7.,   0.,   0., 234.,   0.],
        [  0.,   0.,   0.,   0., 192.,   3.,   0.,   3.,   3., 130.],
        [  0.,   0.,   0.,   0.,   0.,  61., 267.,   0.,  29.,   0.],
        [  0.,   0.,   0.,   0.,   0.,   0.,   0., 265.,   3.,   0.],
        [  0.,   0.,  16.,   0.,   0.,   0.,   0., 267.,   0.,   0.],
        [ 81.,   0.,   0.,   0.,   0.,   0.,   0.,  37.,  35., 267.],
        [200.,   0.,   0.,   0.,   0.,   9.,   0., 253.,   0.,  24.],
        [263.,   0.,   8.,   0.,   0.,   2.,   0.,   0.,   2.,   0.],
        [  0.,   0.,   0.,   0.,   0.,   1.,   0.,   0., 123.,   4.],
        [ 43.,   0.,   0.,   0.,   0.,   0.,   0., 296.,   1.,  60.],
        [  0., 278.,  20.,   0.,   0.,   0.,   0.,   0.,   0.,   0.],
        [  0.,   0.,   0.,   0.,  12.,   1.,  44.,  17.,   3., 266.],
        [  0.,   0.,   0.,   0.,   0.,   1.,   0.,   2.,   0., 193.],
        [  6.,   0., 253.,   0.,   0.,   0., 139.,   0.,   0.,   0.],
        [  0.,   0.,   0.,   0., 144.,   0.,  10.,   0.,  19., 112.]],
       device='cuda:0')
Epoch 9 | Batch 400
tensor([[  1.,   0.,   4.,   1.,  94.,   0., 288.,   0.,   0.,   0.],
        [  2.,   0.,   0.,   0.,  29.,   0.,   0.,  45.,   7., 258.],
        [ 24.,   0.,   0.,  91.,   0.,   0.,   0.,   0., 214.,  12.],
        [233.,   0.,  29.,  19.,   0.,   0.,   0.,   0.,  53.,   0.],
        [  7.,  34.,   0., 153.,   2.,  16.,   0.,   0.,  11.,  32.],
        [152.,   0.,   0., 166.,   0.,  53.,   0.,   0.,   0.,   0.],
        [  0., 267.,   0.,  25.,   0.,   0.,   0.,   0.,   2.,   1.],
        [ 21.,  73.,   0.,   5.,   1., 259.,   5.,   0.,  14.,  34.],
        [  3.,   0.,   0., 288.,  75.,   0.,   0.,   0.,  51.,   1.],
        [303.,   0.,   0.,  19.,   0.,  84.,   0.,   0.,   0.,   0.],
        [  0.,   0.,  11.,   1., 280.,   0.,  45.,   0.,   0.,  10.],
        [  0., 258.,   0.,  17.,   0.,   0.,   0.,   0.,   6.,  60.],
        [  0.,  72., 232.,   7.,   1.,   0.,   7.,   0.,   3.,   0.],
        [  0.,  11., 174.,  11.,   2.,   0.,   0.,   0.,  11.,   0.],
        [  8.,   0.,   0., 265.,   1.,  21.,   0.,   0.,  16., 188.],
        [  6.,   0.,   0., 272.,   2.,   0.,   0.,   0.,  14.,   1.],
        [  9.,   0.,   0.,   0.,   7.,   0., 281.,   0.,   0.,   0.],
        [  0.,   0.,   0.,   0., 216.,   0.,  12.,   0.,  89.,  33.],
        [  3.,   0.,   0.,   0.,  35.,   0.,   0.,   0.,   1., 246.],
        [  3.,   0.,   0.,   6.,   5., 115.,   0.,   0., 280.,   3.],
        [  0.,   0.,   0.,  48.,   2., 222.,   0.,   0.,  50.,  14.],
        [  3.,   0.,   0.,   1.,  10.,   3.,   0.,  77.,  11., 245.],
        [  0., 266.,   0.,   6.,   0.,   0.,   5.,   0.,  11.,   1.],
        [  0.,   0.,  44.,   0., 304.,   0.,   0.,   0.,   0.,   6.],
        [  4.,   0.,   0., 122.,   0.,   0.,  13.,   0.,   0.,   0.],
        [  0., 269.,   0.,  26.,   0.,   0.,   0.,   0.,   1.,  31.],
        [  5.,   0.,  27.,   1.,   2.,   1.,   0.,   0., 263.,  87.],
        [  0.,   0.,  48.,   0., 121.,   0., 283.,   0.,   0.,   0.],
        [  2.,   0.,  30.,   0.,  25.,   0., 278.,   0.,   0.,   0.],
        [  2.,   0., 164.,   7.,   4.,   0.,   0.,   0.,   1.,   7.],
        [  1.,   0.,   0.,  94.,   1.,   3.,   0.,   0., 172., 111.],
        [  3.,   0.,   0.,  10.,   2.,   0.,   0.,   0., 286.,  31.],
        [  1.,   0.,   0.,   2., 143.,   0.,   0.,   3.,   0., 244.],
        [266.,   0.,   0.,   4.,   4.,   3.,   0.,   0.,   8.,   9.],
        [  0.,   0.,   0., 292.,   0.,   0.,   6.,   0.,   1.,   0.],
        [  0.,   0.,   0.,   0., 284.,   0.,   0.,   5.,   0.,  10.],
        [  0., 282.,   0.,  32.,   0.,   0.,  17.,   0.,   6.,  15.],
        [  1.,   0.,   0.,   1.,   1.,   6., 283.,   0.,   2.,   1.],
        [  3.,   0.,   0.,   0.,   5.,   0.,   0.,  13.,   5., 149.],
        [  1.,   0.,   0.,   2., 294.,   0.,   0.,   0.,   3.,  25.],
        [  2.,   0.,   0.,   2.,  11.,   0.,  11.,   0.,   1., 234.],
        [  1.,   0.,   0.,   0.,  18.,   0.,   0., 285.,   0., 132.],
        [268.,   0.,   0.,   4.,   0., 102.,  27.,   0.,  22.,   0.],
        [  0.,   0.,   0.,  62.,  15.,   0.,   0., 142.,   0.,  61.],
        [  2.,   0.,   0.,  25.,   2.,  59.,   0.,   0., 265.,  29.],
        [  0.,   0.,   0.,   0.,   2.,   0.,   0.,   0.,  53., 253.],
        [ 10.,  13.,   0., 273.,   0.,  96.,   0.,   0.,   0.,   0.],
        [  1., 273.,   0.,   3.,   1.,   0.,  36.,   0.,  91.,  24.],
        [  0.,   0.,   0., 159.,   0., 182.,   0.,   0.,   1.,  18.],
        [  0.,   0.,   0.,   0., 280.,   0.,  12.,   0.,  10., 100.],
        [  0., 272.,   0.,  70.,   0.,   0.,   0.,  43.,   0.,  59.],
        [ 22.,   0.,   0., 265.,   2.,   0.,   0., 129.,   8.,   0.],
        [  0.,  35., 258.,  39.,   1.,   0.,   0.,   0.,   0.,   0.],
        [  0.,   0.,   0.,  23.,   0.,   0.,   0., 233.,   8.,   0.],
        [  0.,   0.,   0.,   0.,  16.,   0., 135.,   0., 224.,   1.],
        [  7.,  23.,  27.,   9.,   1.,   0.,   0.,   0., 254.,   3.],
        [  2.,   0.,   0., 253.,   0.,   0.,   0.,   0.,   4.,  41.],
        [ 11.,   0.,   0.,  28.,   2.,   0.,   0.,   0., 205.,   4.],
        [ 30.,   0.,   0., 280.,   2.,   3.,   0.,   0.,  10.,   1.],
        [244.,   0.,   0.,   0.,   0.,  25.,  76.,   0.,   0.,   0.],
        [  1.,   0.,   0.,  73.,   3.,   0.,   0.,   0., 247.,   4.],
        [  0.,   0.,   0.,   4.,  23.,   0.,   0.,   0., 285.,  35.],
        [ 33.,   0.,   0.,   1.,   1., 258.,   0.,   0.,   2.,   2.],
        [320.,   0.,   0.,  30.,   0.,   0.,   0.,   7.,   0.,   0.]],
       device='cuda:0')
Epoch 9 | Batch 500
tensor([[  1.,  56.,   2.,  43.,   3.,   1.,   0.,   0., 259.,   3.],
        [261.,   0.,   1.,  25.,   0.,   1.,  11.,   0.,   8.,   9.],
        [  1.,   3.,   4.,   0.,  12.,   0.,   0., 254.,   1.,   0.],
        [308.,   0.,   6.,   0.,   0.,  98.,   0.,   0.,   0.,   0.],
        [  0.,   0.,  22.,   0.,   2.,   0., 283.,   0.,  31., 149.],
        [  0., 247.,  12.,   5.,   0.,   0.,   0.,   0.,  34.,   0.],
        [  2.,   0.,   2.,   1.,   1.,  97.,   0.,   0.,   3., 235.],
        [  5.,   1.,  98., 295.,   4.,   0.,   0.,   0.,  11.,   0.],
        [  2.,   0.,   1.,   0., 241.,   0.,   0.,   6.,   0.,   0.],
        [  0.,   0.,  11.,   0.,   2.,   0., 295.,   0.,   2.,   0.],
        [  0.,   0.,   6.,   0.,  45.,  29.,   0.,  16.,   1., 238.],
        [  0.,   0.,   2.,   1.,   1.,   0., 288.,   0.,  29.,   0.],
        [318.,   0.,   7.,   0.,   0.,  11.,   0.,   0.,   2.,   0.],
        [  0., 109.,  13.,   0.,   0., 153.,   0.,   0.,   4.,   0.],
        [  0.,   0.,   4.,   1.,   5.,  11.,   0.,   0., 288.,  10.],
        [312.,   0.,   4.,   0.,   0.,   1.,   0.,   0.,   2.,   0.],
        [ 28.,   0., 206., 139.,   1.,  18.,   0.,   0.,   5.,   0.],
        [  2.,  11.,  16., 302.,  19.,   0.,   0.,   0.,   3.,   0.],
        [  0.,   0.,   8.,   0.,   5.,   0., 311.,   0.,   1.,   0.],
        [  0.,   0.,   0.,   0.,  86.,   0.,   0., 302.,   0.,   2.],
        [  0.,   0.,   3.,   0.,  49.,   0.,   0.,  15.,   5., 276.],
        [  0.,   0.,  13.,   0.,   3.,   0.,   0., 261.,   3.,   0.],
        [  3.,   0.,   2.,   0.,   1.,   0., 294.,   0.,   2.,   0.],
        [ 25.,   0.,   6., 231.,   2.,   0.,  31.,   0.,  15.,   0.],
        [299.,   0.,   7.,   0.,   0.,  60.,   0.,   0.,   0.,   0.],
        [  0.,   4.,   0.,   0.,  21.,   0.,   4.,   3.,   0.,   1.],
        [314.,   0.,   9.,   1.,   3.,  11.,   0.,   0.,   0.,   0.],
        [  0., 261.,   2.,   4.,   0.,   0.,   0.,   0.,  11.,  11.],
        [  0., 262.,   7.,   9.,   0.,   0.,   0.,   0.,  10.,   7.],
        [  1.,   2.,   3.,   2.,  12.,   0.,   0.,   0., 255.,  35.],
        [285.,   0.,   7.,  50.,   0.,  37.,   0.,   0.,   0.,   0.],
        [290.,   0.,  11.,  20.,   0.,  44.,   0.,   0.,   1.,   0.],
        [  0., 266.,   6.,   4.,   0.,   0.,   0.,   0.,  33.,  19.],
        [  3.,   8.,  11.,   7.,  19.,  13.,   0.,   0., 280.,   0.],
        [  0., 258.,  11.,   9.,   0.,   0.,   0.,   0.,  10.,   6.],
        [172.,   0.,   3.,   0.,   1., 238.,   0.,   0.,   2.,   0.],
        [  0.,  13., 151.,   1.,  68.,   0.,   0.,   0.,  11., 109.],
        [  2.,   0.,   2.,   0.,  29.,   1.,   0.,  72.,   6., 261.],
        [  1.,  87.,   2.,   1.,  50.,   0.,   0.,   1.,   3., 249.],
        [  7.,  26., 243.,  61.,   1.,   0.,   0.,   0.,   9.,   0.],
        [ 29.,   0., 247.,   1.,   0.,   0.,   0.,   0.,   1.,   0.],
        [  1.,   0., 272.,  10.,   1.,   0.,  38.,   0.,  10.,   0.],
        [  1.,  84.,   2., 107.,   4.,   0.,   0.,  16.,   6.,   3.],
        [  1.,   0.,  11.,   1.,   2.,   0., 302.,   0.,  16.,   0.],
        [  1.,   0.,   6.,   0.,   3.,   0., 298.,   0.,  95.,   0.],
        [ 11.,   0.,  27.,   0.,   0.,   0.,   0., 272.,   1.,   0.],
        [  0.,   0.,   0.,   0., 117.,   2.,  27.,   0.,   5.,  11.],
        [  0.,   0.,   1.,   1.,  11.,   0.,   0., 256.,   1.,  82.],
        [  2.,   0.,  13., 293.,   2.,  37.,   0.,   0.,  25.,   0.],
        [  7.,   0.,  21.,   2.,   1.,   0., 255.,   0.,  89.,   1.],
        [ 10.,   0.,   3.,   0.,   2.,   0.,   0., 298.,   0.,   0.],
        [  0.,  33.,   9.,   0.,  38.,   0.,  42.,   0.,   5., 249.],
        [  0., 260.,   1.,  26.,   0.,   0.,   0.,   0.,   6.,  13.],
        [  0.,   0.,   0.,   0.,  91.,   0.,   0., 297.,  24.,   5.],
        [  0.,   0.,   4.,   0., 279.,   0.,   0.,   0.,   0.,  15.],
        [  0.,   0.,   9., 290.,  26.,   0.,   0.,   0.,  10.,   0.],
        [  0.,   0.,   1.,   0., 209.,   0.,   0.,   0.,   4.,  75.],
        [109.,   0.,   5., 289.,   2.,   0.,   0.,   0.,   3.,   0.],
        [298.,   0.,   8.,   0.,   0.,   1.,  59.,   0.,   2.,   0.],
        [  0., 249.,   2.,  81.,   0.,   0.,   0.,   0.,   7.,  11.],
        [  4.,   0.,   9.,   3., 293.,   1.,   0.,   0.,  15., 122.],
        [284.,   0.,   2.,  82.,   2.,   8.,   0.,   0.,   1.,   0.],
        [ 29.,   0.,   9., 289.,   3.,   1.,   0.,   0.,   2.,   0.],
        [  1.,   2.,   5.,  16.,   3.,   0.,   0., 257.,   1.,   1.]],
       device='cuda:0')
Epoch 9 | Batch 600
tensor([[  1.,   0.,   2.,   0., 238.,   0.,   0.,  34.,   2.,  10.],
        [  3.,   4., 244.,   0.,   0.,   0.,  16.,   0.,   0.,  33.],
        [  0.,   0.,   0.,   0.,   5.,   0.,   0., 291.,   0., 144.],
        [ 82.,   0., 278.,  39.,   0.,   0.,   0.,  59.,   0.,   0.],
        [  0., 264.,   0.,   0.,   0.,   0.,   0.,   0.,   0.,   0.],
        [  2.,   0.,   0.,  12., 147., 257.,   0.,   0.,  85.,   0.],
        [ 29.,   0., 109., 237.,   0.,   0.,   0.,  35.,   0.,   0.],
        [  2.,   0., 290.,   0.,   6.,   0.,   6.,   0.,   0.,   0.],
        [  1.,   0.,   0.,   0., 294.,   0.,  24.,  16.,   0.,  39.],
        [  0., 273.,   1.,   0.,   0.,   0.,   0.,   0.,   0.,   0.],
        [317.,   0.,   2.,  30.,   0.,   0.,   2.,   0.,   0.,   0.],
        [ 66.,   0.,   0.,   0.,   1.,   0., 304.,   0.,   0.,   0.],
        [ 11.,   0.,   3.,   0., 291.,  40.,   0.,   0.,   0.,   0.],
        [  0., 266.,   5.,   0.,   0.,   0.,   0.,   0.,   1.,   0.],
        [  1.,   0.,   1.,   0., 264.,   0.,   0.,   7.,   1.,  71.],
        [  6.,   0., 179.,   0.,   2.,   0.,   0.,   0.,  20.,   0.],
        [  1.,   0.,   2.,   0.,   1.,   0.,   0.,   0., 271.,   0.],
        [ 98.,   0.,   0.,   0.,   0.,   0.,   0., 225.,   0.,   3.],
        [317.,   0.,   1.,   0.,   2.,  37.,   0.,   0.,   0.,   0.],
        [  1.,   0.,   0.,   0.,   1.,   0., 309.,   0.,   0.,  69.],
        [  3.,   0.,   4.,   0., 301.,   0.,   0.,   2.,   0.,  64.],
        [242.,   0.,   1.,   0.,   2.,   0.,   0.,   0.,   1.,   0.],
        [  2.,   0.,   1.,   0., 303.,   2.,   0.,   0.,   1.,   0.],
        [  5.,   0., 100.,   0.,   4.,   0., 307.,   0.,   0.,   0.],
        [  3.,   0.,   0.,   0.,   0.,   0., 309.,   0.,   0.,   0.],
        [ 42.,   0.,   0.,   0.,   1.,   0.,   0., 236.,   0.,   2.],
        [ 28.,   0.,  88., 287.,   0.,  22.,   0.,   0.,   1.,   0.],
        [302.,  13.,   0.,   0.,   0.,   0.,  15.,   0.,   0.,   0.],
        [  0.,   0.,   1.,   0.,   0.,   0.,   0., 267.,   0.,   0.],
        [ 45.,   0.,   0.,   0.,   8., 270.,   0.,   0.,   1.,   0.],
        [  1.,   0.,   0.,   0., 254.,   0.,   0.,   7.,   3.,  17.],
        [  1.,   0.,   0.,  19., 274.,   0.,   1.,   1.,   0.,   5.],
        [  0.,   0.,   0.,  35.,   0.,   0., 293.,   0.,   0.,   0.],
        [ 20.,   0.,  12., 120.,   1.,   1.,  19.,   0.,   0.,   0.],
        [  1.,   0.,   0.,   0.,  14.,   0.,   0., 302.,  12.,  18.],
        [  1.,   0., 132.,   2.,   0.,   1.,   0.,   7.,  61.,   5.],
        [ 60.,   0.,   0.,   0.,   3., 240.,   0.,   0.,   0.,  77.],
        [ 15.,   0.,  29., 285.,  26.,  74.,   0.,  34.,  14.,   0.],
        [  3.,   0., 279.,  10.,   2.,   0.,   0.,   0.,   0.,   0.],
        [  0.,   3.,   2.,  23.,   0.,   0., 118.,   0., 255.,   0.],
        [ 21.,   0., 259.,   0.,   1.,   1.,   0.,   0.,   0.,  16.],
        [  0.,   0.,   0.,   0.,  11.,   0.,   0.,   6.,   3., 280.],
        [  0.,   0.,   0.,   0.,   1.,   0.,   0.,   4.,   2., 277.],
        [  0., 258.,   0.,   0.,   0.,   0.,   0.,   0.,   0.,   0.],
        [178.,   0.,   0.,   0.,   0.,   1.,   0.,   0.,  61.,   0.],
        [  3.,   0.,   2.,   0.,  15.,   0.,   0.,   0.,   2., 262.],
        [  4.,   0.,  26.,   0.,  12.,   0.,   0.,   7.,   2., 223.],
        [  0.,   0.,   0.,   0.,   4.,   0.,   0.,  62.,   1., 286.],
        [  1.,   0.,   0.,   0., 282.,   0.,   0.,  12.,   0., 142.],
        [  1.,   0.,   0.,   0.,   0.,   0., 279.,   0.,   0.,   0.],
        [ 12.,   0., 208.,   0.,  11.,   0.,   0.,  60.,  59.,  27.],
        [  0.,   0.,   0.,   0.,  23.,   0.,   0., 147.,   0., 261.],
        [ 37.,   0.,  66.,   0.,   1.,   1.,   0.,   0., 270.,   0.],
        [  0.,   0.,   2.,   0., 218.,  24.,   0.,  69.,   0.,   0.],
        [  0.,   0.,  50.,   0., 263.,   0.,  24.,   1.,   0.,  40.],
        [  7.,   0.,   0.,   0.,   6.,   0.,   0., 298.,   0.,  15.],
        [  0., 245.,   4.,   0.,   0.,   0.,   0.,   0.,  14.,   0.],
        [ 19.,   0.,  20.,  88.,  29.,   0.,   0.,   0., 279.,   0.],
        [  3.,   0., 107.,   0.,   6.,   0.,   0., 287., 126.,  11.],
        [  4.,  19.,   1., 281.,   0., 153.,   0.,   0.,  50.,   0.],
        [  2.,   0., 298.,  23.,   7.,   5.,   0.,   0.,   0.,   0.],
        [  0., 249.,   5.,   0.,   0.,   0.,   0.,   0.,   6.,   0.],
        [ 59.,   0., 270.,   0.,   1.,   1.,   0.,   0.,   2.,   0.],
        [244.,   0.,   0.,   0.,   0.,  64.,   0.,   0.,  88.,  28.]],
       device='cuda:0')
Epoch 9 | Batch 700
tensor([[149.,   0.,   5.,   0.,   0.,   0.,   0.,   0.,   3.,   0.],
        [ 55.,   0.,   0.,   0.,   0.,   0.,   0.,  98.,  89., 204.],
        [  2.,   0.,   1.,  21.,   0.,   8.,   8.,   0., 146.,   0.],
        [  7.,   0.,   4.,   0.,   0.,   0., 307.,   0.,  88.,   0.],
        [  3.,   0.,   3., 260.,   0.,   0.,   0.,  13.,  13.,  48.],
        [  3., 224.,   1., 232.,   0.,   0.,   0.,   0.,   6.,   5.],
        [ 21.,   0.,   1.,  26.,   0., 308.,   0.,   0.,   2.,   0.],
        [  9.,   0.,   0.,   0.,  13., 160.,   0.,   0.,   2.,  43.],
        [ 14.,  38., 297.,   0.,  17.,   0., 207.,   0.,   9.,   0.],
        [ 10.,   0.,   3.,   1.,   0.,   0.,   0.,  26., 284.,  35.],
        [  9.,   4., 273.,   0.,   0.,   0.,  34.,   5.,   9.,   0.],
        [ 15.,  75., 136.,   0.,   0.,   0.,   0.,   0.,  31.,   0.],
        [ 37.,   0.,   1.,   0.,  26., 239.,   0.,   0.,  46.,   0.],
        [  5., 274.,   3.,  10.,   0.,   0.,   2.,   0.,   4.,   0.],
        [280.,   0.,   3.,   0.,   0.,  14.,   0.,   0.,   2.,   1.],
        [  5.,   0.,   8.,   0.,   0.,   0.,   0., 230.,   9.,  93.],
        [  4.,   0.,   7.,   0.,  17.,   0., 301.,   0.,  13.,   1.],
        [ 11.,   0.,  24., 111.,   0., 294., 107.,   0.,   2.,   0.],
        [  5.,   0.,   0.,   0.,   2.,   0.,   0., 204.,   3., 264.],
        [  4., 261.,   1.,   1.,   0.,   0.,   6.,   0.,   3.,   0.],
        [  9.,   0.,   1.,   0.,   0., 104., 304.,   0.,   5.,   0.],
        [  3.,   0.,   0.,   1.,   0., 288.,   0.,   0.,  42.,  12.],
        [ 36.,   0.,   9.,   0.,   0.,   6.,   0.,   0., 278.,  50.],
        [ 11.,   0.,  50.,   0.,  68.,   0.,   0.,  90.,   3.,  84.],
        [124.,   0.,   1.,   0.,   0.,   5.,   2.,   0.,   0.,   0.],
        [295.,   0.,   0.,  59.,   0.,  94.,   0.,   0.,   2.,   0.],
        [292.,   0.,   3.,   0.,   0.,   9.,   0.,   0.,   1.,   0.],
        [  1.,   0.,   0.,   0.,  36.,  17.,   0.,   0.,  49., 254.],
        [  2.,   0.,   2., 116.,   0.,   0.,   0.,   0., 218.,   0.],
        [ 11.,   0.,  21.,   0.,   0.,   0.,   0., 281.,  49.,   1.],
        [  5.,   0.,   2.,  15.,   0., 286., 206.,   0.,   4.,   0.],
        [  3.,   0.,  20.,   0.,   3.,   0.,   0.,  61.,   3., 260.],
        [308.,   0.,   1.,   0.,   0.,  47.,   0.,   0.,   1.,  64.],
        [ 24.,   0., 249.,   0., 271.,   0.,   0.,   0.,   2.,   0.],
        [242.,   0., 104.,   0.,   0.,   0.,   0.,   0.,   5.,   1.],
        [297.,   0.,   3.,  12.,   0.,  19.,   0.,   0.,   3.,   0.],
        [ 33.,   0.,   7.,   0.,  42.,  49.,   0.,   0.,  10.,   2.],
        [ 11.,   0.,  18.,   0.,   0.,   0.,   0.,   0., 280.,   0.],
        [252.,   0.,  22.,   0.,   0.,   0.,   0.,   0.,  15.,   0.],
        [  6., 270.,   2.,   2.,   0.,   0.,   4.,   0.,   3.,   0.],
        [279.,   0.,   1.,   0.,   0.,  37.,   0.,   0.,   6.,   1.],
        [ 46.,   0.,   1.,   0.,   0.,   0.,   0., 302.,   2.,  44.],
        [ 14.,   0.,   0.,   0.,  54.,   0.,   0.,  55.,   6., 276.],
        [  5., 260.,   0.,   1.,   0.,   0.,   0.,   0.,   4.,   0.],
        [  4.,   0.,   0.,   1.,  10.,   0.,   0., 302.,   1.,  65.],
        [  7., 280.,   5.,   5.,   0.,   0.,   4.,   0.,   7.,   0.],
        [ 19.,   0.,  37.,   8.,   0.,   4.,   0.,   0., 259.,   0.],
        [  4.,   0.,   0.,   0.,  45.,   0.,   0., 302.,   1.,  81.],
        [  2.,  53.,   0.,   6.,   0.,   0., 298.,   0.,   4.,   0.],
        [  5., 273.,   1.,   5.,   0.,   0.,   1.,   0.,   2.,   0.],
        [  5.,   0., 268.,   1.,   0.,   0.,   0.,   0.,   6.,   0.],
        [  9.,   0.,  38.,   0.,   0., 275.,   0.,   0.,   4.,   0.],
        [  0.,  21.,   0.,   0., 238.,   6.,   2.,   0.,   5.,  17.],
        [ 75.,   2., 317.,   0.,   0.,   0.,   7.,   0.,   4.,   0.],
        [  0.,   0.,   0.,  50.,   1.,   0.,   0., 284.,   2.,  13.],
        [ 16.,  25., 146.,  32.,   0.,   0.,   0.,   0.,  12.,   0.],
        [ 35.,   0.,  11., 295.,   0.,   7.,   0.,   0.,   6.,   0.],
        [  8.,   0.,   5.,  34.,  33.,   5.,   0.,   0., 275.,   0.],
        [222.,   2.,   4.,   0.,   0., 108.,   0.,   4.,   4.,   0.],
        [  8.,   0., 266.,   4.,   0.,   0.,   0.,   0.,  88.,   0.],
        [  5.,   0.,   1.,   1.,   0.,   0.,   0., 302.,   3.,   7.],
        [  4., 121.,  23.,   0.,   0.,   0.,   0.,   0.,  12.,   0.],
        [  3., 272.,   2.,   2.,   0.,   0.,   0.,   0.,   2.,   0.],
        [299.,   0.,   1.,   0.,   0.,  14.,   0.,   0.,   1.,   0.]],
       device='cuda:0')
Epoch 9 | Batch 800
tensor([[  6.,   0.,  17.,   0., 291.,   0., 100.,   0.,   1.,   3.],
        [  4.,   0.,   0.,   0.,   0.,   0., 277.,   0.,   0.,   0.],
        [  1.,   0.,   0.,   0.,   0.,   4.,   0.,   3.,   4., 255.],
        [ 78.,   0.,   0.,   0.,   0.,   9.,   0.,   0., 287.,   0.],
        [  0.,   0.,   0.,   0.,   0.,  11.,   0.,   3.,   1., 270.],
        [  1.,   0.,   0.,   0., 271.,   1.,   0.,  27.,   0.,  12.],
        [  0.,   0.,   0.,   0.,   0.,   2.,   0., 284.,   0.,  44.],
        [  3.,   0.,   0.,  74.,   0., 233.,   0.,   0.,  24.,   0.],
        [  5.,   3.,   0., 282.,   0.,  25.,   0.,   0.,  17.,   0.],
        [  7.,  14.,  11., 293.,   0.,   2.,   0.,   0.,   3.,   0.],
        [202.,   0.,  39.,   0.,   0.,  41.,   0.,   0.,  45.,   0.],
        [  1.,   0.,   0.,   0.,  16.,   4.,   1.,   0.,   3., 248.],
        [  0., 252.,   0.,   0.,   0.,   1.,   6.,   0.,  15.,   0.],
        [  0.,   0.,   0.,   0.,  83.,   4.,   0., 145.,   0.,   1.],
        [  0.,   0.,   0.,  17.,   0.,   2.,   0., 305.,   0.,   2.],
        [ 48.,   0.,   0.,   0.,   0.,   1., 155.,  34.,   2.,   0.],
        [ 20.,   0.,   0.,   0.,   0.,   1., 301.,   0.,   0.,  59.],
        [  1., 238.,   0.,   0.,   0.,   1.,   0.,   1.,   1.,   0.],
        [  1.,   6.,   0.,   0.,   0.,   8.,   0.,   0., 292.,   0.],
        [  2.,   0.,   0.,   0.,   7.,   0., 277.,   0.,   1.,   0.],
        [  0., 223.,   0.,   0.,   0.,   1.,   0.,   2.,   0.,   0.],
        [  5.,   0.,   0.,   0.,  91.,   7.,   0.,   8.,   1., 247.],
        [ 65.,   0.,   0.,   0.,   1.,   5., 297.,   0.,   4.,   0.],
        [  3.,   0.,  38.,   0.,   0., 196.,   0.,   0.,   3.,   1.],
        [  1.,   0., 307.,   0.,   0.,   2.,   0.,   0.,  90.,   0.],
        [ 14.,   0.,   0.,   2.,   0.,   0., 302.,   0.,   2.,  20.],
        [  2.,  57.,   0., 104.,   0., 126.,   0.,   0.,   3.,   0.],
        [  2.,  37., 139.,   0.,   0.,   2.,   0.,  28.,   2.,  71.],
        [  2.,   0., 293.,   0.,   2.,   1.,   0.,   0.,   0.,   0.],
        [  2.,   0.,   0.,   0.,   7.,   3.,   0.,  32.,   2., 250.],
        [  1.,  76.,   0.,   1.,   0.,   4., 106.,   0., 246.,   0.],
        [  0.,   0.,   0.,   0.,   3.,  14.,   0., 298.,   0.,  89.],
        [  7.,   0.,  11.,   0.,   5.,   0., 299.,   0.,   0.,  44.],
        [  0.,   0.,   0.,   0.,  22.,  24.,   0.,   0.,   4., 156.],
        [  2.,   0.,   0., 236.,   0.,  11.,   0.,  40.,   4.,   5.],
        [  0.,   0.,   0.,   0., 234.,   0.,   0.,   0.,   0.,   1.],
        [ 13.,   0.,   0.,   0.,   7.,   7.,   0.,  11.,   1., 140.],
        [  2.,   0.,   0.,  82.,   1.,   4.,   0., 312.,   1.,   1.],
        [  0., 253.,   0.,   0.,   0.,   0.,   0.,   0.,   0.,   0.],
        [  3.,   0.,   0.,  17.,   0., 266.,   0.,   0.,  10.,   0.],
        [  1.,  25.,   0., 250.,   0.,   8.,   0.,   0.,   0.,   0.],
        [  3.,   0.,   0.,  37.,   0., 246.,   0.,   0.,   0.,   0.],
        [  6.,   0.,   0.,   0., 217.,   3.,   6.,   0.,   1.,   0.],
        [203.,   0., 147.,   0.,   0.,   7.,   0.,   0.,  39.,   0.],
        [ 15.,   0., 102., 275.,   0.,   4.,   0.,   0.,  33.,   0.],
        [  2.,   0.,   0.,   0.,   0., 274.,   0.,   0.,   6.,   0.],
        [  0., 240.,   0.,   0.,   0.,   0.,   0.,   2.,   0.,   0.],
        [  0.,   0.,   0.,   0.,   2.,   8.,   0., 307.,   0.,  21.],
        [  5.,   0.,   0.,   0.,   0.,   1., 301.,   0.,   2.,  27.],
        [  2.,  14.,   0.,   0.,  13.,  72., 266.,   0.,   2.,   0.],
        [  0.,   0.,   0.,   6.,   0.,   4.,   0., 293.,   0.,  39.],
        [  1.,   0.,   0.,   0.,   8., 139.,  35.,   0.,   4.,   0.],
        [  0.,   2.,   0., 236.,   0.,   2.,  73.,   0.,  86.,   0.],
        [  3.,   0.,   0.,  50.,   0.,   1.,  23., 284.,   0.,   0.],
        [271.,   0.,   3.,   0.,   0., 100.,   0.,   0.,   0.,   0.],
        [  0.,   0.,   0.,   0.,   0.,   3.,   0., 277.,   0., 132.],
        [  9.,   0.,  21.,  32.,   2.,  78.,   0.,   0., 292.,   0.],
        [  2.,   5.,   0.,   0.,  26.,   7.,   0., 297.,   2.,   4.],
        [ 11.,   0.,  73., 253.,   0.,   5.,   0.,   0.,   3.,   0.],
        [  4.,  53., 295.,   0.,   2.,   1.,   8.,   0.,   0.,   0.],
        [  2.,   0., 305.,   0.,   0.,   2.,   0.,   0.,   2.,   0.],
        [  4.,   0.,   0.,  32.,   0., 279.,   0.,   0.,  90.,   0.],
        [  8.,   0.,   0.,   0.,  58., 188., 231.,   0.,   5.,   0.],
        [  1.,   0.,   4.,   0.,   0.,   3.,   0., 296.,   0., 123.]],
       device='cuda:0')
Epoch 9 | Batch 900
Switching label layer to Inference Mode (LIF)...
Epoch 9 DONE | Test Acc: 76.20% | Time: 816.8s
Switching label layer back to Training Mode (Clamp)...
