DO Python file

=== Running bPC-SNN on MNIST ===
Results will be saved to: ./results/bPC_SNN/log_spikeend2end_MNIST_20260122_015745.csv
tensor([[ 4., 13.,  1.,  5., 48., 11., 12.,  4.,  0.,  0.],
        [39., 13.,  0., 22., 24., 31., 31.,  6.,  0.,  0.],
        [ 2.,  9.,  0.,  1., 10., 39., 15.,  0.,  0.,  4.],
        [ 9., 12.,  1.,  8., 18.,  8., 21.,  5.,  0., 23.],
        [12., 14.,  0.,  9., 16., 43., 27.,  5.,  0.,  5.],
        [29., 16.,  0.,  7., 18., 23., 23.,  2.,  0.,  1.],
        [ 7.,  9.,  0.,  9., 19.,  9., 12., 33.,  0.,  2.],
        [32., 21.,  0.,  9., 25., 22., 23.,  1.,  0.,  1.],
        [28., 12.,  0.,  8., 23., 18., 25., 11.,  0.,  0.],
        [ 8., 14.,  3.,  9., 29., 17., 50.,  0.,  5.,  0.],
        [ 6., 10., 32., 12., 32., 15., 22.,  2.,  0.,  0.],
        [26., 11.,  0., 10., 20., 18., 23.,  0.,  1.,  0.],
        [ 9., 15.,  0.,  0., 25., 22., 52.,  0.,  4.,  0.],
        [ 2., 11.,  2.,  4., 49., 12., 12.,  3.,  0.,  0.],
        [34.,  7.,  0., 11., 27., 19., 25.,  6.,  0.,  3.],
        [ 5., 16.,  0.,  7., 14., 41., 24.,  6.,  2.,  5.],
        [ 7.,  6.,  5.,  2., 14., 11., 48.,  2.,  0.,  0.],
        [ 5., 10.,  0.,  0., 24., 15., 47.,  0.,  0.,  0.],
        [ 7.,  5.,  0., 46., 16.,  8., 15.,  0.,  0.,  8.],
        [ 9., 12.,  8.,  9., 55., 13., 26.,  1.,  0.,  0.],
        [ 8., 40.,  1.,  2., 23., 12., 26.,  3.,  0.,  2.],
        [ 5., 15.,  0., 35., 21., 16., 17.,  1.,  0.,  6.],
        [ 6., 41.,  2.,  0., 11.,  9., 21.,  1.,  0.,  4.],
        [ 9.,  9.,  0., 35., 23., 14., 14.,  1.,  0.,  2.],
        [ 4., 10.,  0.,  7., 19.,  8., 13., 30.,  0.,  1.],
        [ 5.,  9.,  0.,  6.,  8., 39., 18.,  0.,  0.,  0.],
        [ 8., 20.,  3.,  8., 22., 22., 25.,  5.,  0., 28.],
        [11., 18.,  0.,  7., 23., 52., 25.,  0.,  0.,  0.],
        [35., 13.,  0.,  8., 14., 25., 26.,  4.,  0.,  2.],
        [ 8., 40.,  0.,  4., 15., 11., 15.,  1.,  0.,  0.],
        [10., 12.,  0.,  6., 54., 14., 19.,  0.,  5.,  0.],
        [10., 13.,  0.,  0., 12., 39., 16.,  2.,  0.,  4.],
        [ 5.,  8.,  1., 10., 53.,  9., 18.,  0.,  2.,  0.],
        [ 3.,  9.,  5.,  6., 20., 14., 11., 31.,  0.,  4.],
        [ 8., 19.,  0.,  2., 51., 15., 19.,  6.,  2.,  0.],
        [ 9., 15.,  0., 36.,  7.,  7., 19.,  0.,  0.,  0.],
        [ 7., 14.,  0., 11., 18., 15., 21.,  0., 28.,  0.],
        [28.,  9.,  0., 11., 18., 21., 24.,  9.,  0.,  2.],
        [ 7.,  2.,  2., 12., 56., 10., 22.,  4.,  1.,  0.],
        [ 7., 11.,  2.,  7., 12.,  6., 25.,  3.,  0., 20.],
        [13., 15.,  0.,  7., 23., 20., 20.,  7., 25.,  1.],
        [ 3., 19.,  9.,  9., 37., 24., 49.,  7.,  0.,  1.],
        [ 3., 10., 32.,  1., 29., 19., 21.,  7.,  0.,  0.],
        [10., 14.,  0.,  4., 21., 12., 43.,  0.,  8.,  0.],
        [ 7., 13.,  1.,  3., 19., 11., 48.,  0.,  8.,  0.],
        [ 7., 11.,  1.,  6., 15.,  9., 12.,  8.,  0., 25.],
        [ 9., 15.,  1.,  7., 54., 17., 16.,  3.,  1.,  0.],
        [28., 17.,  0.,  0.,  9., 13., 21.,  8.,  0.,  0.],
        [13., 20.,  7.,  8., 27., 17., 50.,  3.,  3.,  0.],
        [ 8.,  9.,  0.,  5., 18., 15., 23.,  2., 25.,  0.],
        [ 8., 14.,  0., 10., 55.,  9., 11.,  4.,  0.,  0.],
        [ 8.,  9.,  0., 32., 16., 11., 19.,  0.,  0.,  0.],
        [13., 15.,  0.,  6., 16., 14., 10., 33.,  0.,  0.],
        [ 4.,  5.,  0.,  6., 10.,  2.,  8.,  2.,  0., 22.],
        [14., 16.,  0., 37., 12., 12., 27.,  7.,  0.,  7.],
        [ 0., 13., 41.,  5., 25., 18., 23.,  0.,  0.,  0.],
        [35., 11.,  0., 12., 18., 18., 27.,  2.,  0.,  0.],
        [12.,  9.,  0.,  9., 26., 18., 53.,  0.,  5.,  0.],
        [ 8., 39.,  0.,  1., 11., 12., 16., 10.,  0.,  6.],
        [ 1., 10.,  0.,  2.,  8., 39., 25.,  0.,  1.,  0.],
        [ 6.,  9.,  6., 14., 54.,  7., 11.,  3.,  2.,  0.],
        [ 0., 40.,  3.,  1., 13.,  8., 15.,  4.,  0.,  3.],
        [ 4., 10.,  0.,  5.,  9., 42., 25.,  1.,  3.,  0.],
        [ 6., 14., 35.,  4., 22., 11., 11.,  1.,  0.,  0.]], device='cuda:0')
Epoch 0 | Batch 0
tensor([[  0.,   0.,  18.,   0.,  24.,   3., 267.,   2.,   5.,   4.],
        [ 12.,   3., 249.,  31.,  20.,  25.,   7.,   0.,  17.,   4.],
        [  1., 265.,  16.,  44.,   0.,  23.,  12.,  31.,  24.,  24.],
        [243.,   0.,  25.,  33.,   1.,  23.,  13.,   6.,  10.,   2.],
        [ 14.,   4.,   5.,   3.,   5.,  35.,   2., 285.,  19.,  12.],
        [  8.,   6.,  23.,   8.,  12.,  19.,   3.,   5., 279.,  10.],
        [  1.,   3.,   2.,  35.,   6., 272.,  16.,   1.,  27.,  13.],
        [  2.,  56.,  25.,   5.,   5.,  10.,   2.,  30., 268.,  10.],
        [ 16.,   2.,  18.,   2.,  22.,  14.,  69.,   0.,   9., 229.],
        [  0.,   0.,   6.,   0.,   6., 147.,   1.,   4.,   8.,   1.],
        [  8.,  21.,   0.,  14.,   0., 273.,   1.,   4.,  81.,   2.],
        [  0.,   0.,  16., 271.,   2.,   6.,   0.,  18.,  17.,   6.],
        [ 12.,   0.,  13.,   4.,   5., 278.,  15.,   0.,  24.,   4.],
        [  0.,   5., 257.,   7.,   8.,   5.,  11.,  32.,   7.,  14.],
        [ 15.,  12.,   8.,  52.,   5.,  27.,   8., 276.,  38.,  15.],
        [  0.,   6.,   0.,   5., 195.,   9.,   7.,   0.,   6.,  15.],
        [ 11.,   3.,   3.,  18.,   7., 277.,  20.,   0.,  16.,   5.],
        [  8.,   1.,   7., 264.,   1.,  25.,   0.,   5.,  21.,   1.],
        [ 11.,   9.,  18., 278.,   7.,  36.,   7.,  17.,  25.,   7.],
        [  1.,   6.,  33.,   0., 237.,   9.,  10.,   5.,  25.,  19.],
        [  0.,   0.,   9.,   1., 268.,  14.,   7.,  13.,  17.,  47.],
        [  0.,  32., 274.,  34.,   2.,   4.,  16.,   7.,  10.,   5.],
        [  0.,   0.,   9., 268.,  11.,  18.,  10.,   0.,   6.,   3.],
        [  2.,   3., 163.,  24.,   3.,  12.,   1.,  19.,  36.,   2.],
        [  1., 258.,  17.,   3.,   0.,   3.,   1.,   7.,   9.,   9.],
        [  4.,   0.,   0.,  12.,   0., 255.,   0.,   0.,   8.,   1.],
        [  2.,  11.,   5.,  25.,   1.,  10.,   0., 282.,  14.,  19.],
        [ 15.,   2.,  35.,   1.,   4.,  32., 267.,   0.,   4.,   5.],
        [  1.,   0.,  10.,   6., 279.,  16.,   9.,   8.,  18.,  43.],
        [  1., 258.,   7.,  21.,   0.,  10.,   5.,  13.,   6.,  13.],
        [  4.,  57.,   2.,  11.,   1.,  18.,   0., 273.,  27.,  13.],
        [  0.,  12.,  48.,   7.,   4.,  19., 284.,   1.,  13.,   9.],
        [  4.,   1.,  24., 280.,   8.,  18.,  11.,   8.,  11.,   4.],
        [  3.,   7.,  18., 277.,   4.,  11.,   6.,   4.,   6.,   1.],
        [  3., 256.,   9.,  77.,   0.,  21.,   7.,  74.,  17.,  36.],
        [  2., 266.,  14.,   0.,   1.,   4.,   2.,  17.,  15.,   4.],
        [  4.,   7.,   7.,   0.,   7., 155.,  12.,  29.,  16.,  15.],
        [  8.,   2.,  19., 285.,   9.,  19.,   1.,  13.,  12.,   4.],
        [262.,   0.,  17.,   4.,   0.,  28.,   7.,   5.,  17.,   2.],
        [  0.,   3.,   3., 280.,   2.,  15.,   0.,   0.,  19.,   2.],
        [  5.,   2.,   0.,   2.,   1., 274.,   0.,   1.,  31.,   1.],
        [  0.,  33.,   6.,   2.,   2.,  10.,   0., 273.,  19.,  11.],
        [274.,   2.,  21.,  12.,   6.,  69.,  17.,  24.,  28.,  12.],
        [  2.,   0.,   3.,  35.,   2., 258.,  21.,   0.,  15.,   0.],
        [  9.,   1.,  21.,  16.,  13.,  16.,  12.,   7., 273.,   7.],
        [  0., 246.,   4.,   9.,   0.,   5.,   4.,   3.,   5.,   6.],
        [  6.,   0.,   0.,   2.,   0.,   1.,   0., 277.,   2.,  24.],
        [  0.,   2.,   0.,   3.,   2.,   8.,   0., 274.,   9.,   0.],
        [  2., 264.,   9.,   2.,   0.,  10.,   2.,   6.,  17.,   7.],
        [  6.,   7.,   4.,  19.,   3., 266.,  15.,   2.,  53.,   2.],
        [  0.,   1.,   1.,  18.,   0.,   8.,   0.,  21.,   2., 265.],
        [  0.,   9.,   5.,  20.,   1.,   7.,   1., 275.,  12.,  30.],
        [  1.,   1.,  16.,   8.,   6.,  10.,   4.,   0., 273.,   7.],
        [  5.,   6.,  20., 277.,  20.,  14.,  10.,  17.,  14.,  27.],
        [  1., 256.,   5.,   2.,   0.,   6.,   1.,  15.,   5.,   6.],
        [  0.,   3.,  39.,   0.,   3.,   9., 267.,   0.,  10.,   1.],
        [  0.,  36.,   5.,   0.,   0.,   3.,   0., 259.,   6.,  20.],
        [234.,   2.,   5.,   0.,   0.,  18.,   0.,  40.,   5.,  21.],
        [  3.,  27.,  17.,   2.,   1.,  14.,   2.,   7., 252.,   6.],
        [  2.,  13.,   6.,  11.,   0.,  12.,   0., 276.,  12.,  15.],
        [  5.,   8., 253.,   0.,  10.,   4.,   6.,   2.,  11.,  22.],
        [  1.,   8.,  25.,   7.,   9.,  25.,  11.,  20., 270.,  16.],
        [255.,   0.,  17.,   4.,   0.,  29.,  12.,   0.,  14.,   0.],
        [  2.,   2.,  17.,  14.,   6.,   9.,  28.,   0.,  19., 265.]],
       device='cuda:0')
Epoch 0 | Batch 100
tensor([[ 10.,  13.,   7., 277.,  12.,   9.,   2.,   5.,  12.,  10.],
        [  6.,  29., 264.,  39.,   3.,   9.,  11.,   4.,  15.,   6.],
        [278.,  14.,   4.,   0.,   3.,   4.,   9.,   4.,   5.,   4.],
        [ 18.,   4.,  32.,  22.,  15.,  42.,   9.,   6., 244.,   2.],
        [ 14.,   5.,   1.,   4., 257.,   5.,   2.,  24.,   9.,  15.],
        [272.,   5.,   9.,   0.,  16.,   9.,  12.,   8.,   2.,   9.],
        [  8.,  71.,   4.,   7.,   1.,  11.,   4.,   8., 259.,  12.],
        [  5.,  11.,  13.,   4.,  40.,   9.,  10.,  23.,  19., 219.],
        [ 11.,   8., 270.,   0.,  11.,   2.,  14.,   5.,   4.,  10.],
        [ 10.,  10.,   6.,   0.,  29., 267.,  26.,   5.,   1.,  10.],
        [  6.,  13.,  10., 285.,  11.,   7.,   3.,  13.,  16.,  11.],
        [ 14.,   8.,   8., 285.,   3.,   4.,   0.,  12.,   3.,   5.],
        [  6.,   5.,   4., 252.,   4.,   9.,   3.,  45.,   4.,  12.],
        [153.,   6.,   4.,   0.,   2.,   0.,   1.,   4.,   0.,   3.],
        [  9.,   3., 254.,   2.,   4.,   3.,  13.,   1.,   6.,   4.],
        [ 14.,   8.,   8.,   6.,  20.,   5.,   8.,  13.,   8., 258.],
        [  0.,   7.,   8., 269.,  13.,   1.,   1.,  16.,   9.,  39.],
        [ 11.,  52.,  15.,   3.,   2.,   4.,   1.,   8., 265.,  10.],
        [ 14.,  21.,  10.,  82.,   4., 235.,  13.,   3.,   9.,   7.],
        [  8.,   0.,   1.,   2.,  13.,   3.,   6., 215.,   5.,   8.],
        [ 28.,  15.,   1.,  28.,   4., 275.,   0.,   5.,  18.,   6.],
        [  6.,   8.,   7.,   0., 247.,  16.,  40.,   9.,  14.,  16.],
        [ 29.,   6.,  46., 197.,  15.,   0.,  23.,   4.,  13.,   1.],
        [  1.,  16.,   6.,   1.,  11.,  23.,   6.,   0.,   2., 217.],
        [278.,   4.,   8.,   3.,  14.,  11.,   4.,   9.,   8.,  38.],
        [  6.,   4.,   3.,   7.,  14., 249.,   6.,   1.,   6.,  16.],
        [ 11.,   9., 239.,   3.,  15.,   5., 152.,   5.,   5.,  10.],
        [ 13.,   9.,  30.,   9.,  15., 164.,  60.,   4.,   8.,  11.],
        [ 20.,   4., 266.,  12.,  20.,   2.,   3.,   5.,   2.,   6.],
        [ 14.,   5.,  16., 285.,   7.,  23.,   5.,   5.,  17.,   3.],
        [ 16.,   4.,   5.,   0.,  13., 179.,   3.,   9.,   1.,   9.],
        [  4.,  13.,   6.,   0.,   2., 166.,   2.,   3.,   8.,   0.],
        [ 26.,   5.,  17.,   0.,  13.,   1.,  28.,   7., 202.,  17.],
        [ 16.,   3., 257.,   0.,   8.,   3.,  11.,  15.,   5.,  10.],
        [  7.,  21.,   9.,   7.,   3.,  11.,   7.,   9., 265.,  15.],
        [ 26.,  15.,  11.,   0.,  25.,   8., 255.,  12.,   8.,  14.],
        [  5.,   4.,   0., 252.,  10.,  13.,   7.,   9.,   9.,   2.],
        [  2.,  18.,   3.,   4., 262.,  17.,   5.,  16.,  15.,  19.],
        [  5.,   1.,  13.,   0.,   9.,  12.,   6.,   1., 235.,   3.],
        [ 15., 258.,  20.,  11.,   7.,  11.,   6.,   4.,  18.,  10.],
        [  4.,  27.,  14.,  16.,  10.,  59.,  12.,   9., 200.,  12.],
        [ 22.,  12.,   9.,  14.,   9.,  25.,   6.,   6., 163.,  11.],
        [  2., 265.,   4.,   4.,   2.,  12.,   6.,   2.,   5.,   7.],
        [ 41.,  10.,  27.,  19.,  10., 243.,  31.,   4.,  27.,   9.],
        [289.,   5.,   9.,   0.,  12.,   0.,  23.,   5.,   1.,  11.],
        [  6., 279.,   9.,  22.,   3.,  13.,   5.,   7.,  18.,  13.],
        [ 20.,   6.,  63., 246.,   7.,   7.,  15.,   7.,   8.,   2.],
        [  2.,  11.,   2.,   0., 258.,   7.,   3.,   6.,   5.,   9.],
        [ 15.,   3.,   3.,   8., 279.,  13.,  10.,   8.,   7.,  25.],
        [276.,  12.,   0.,   0.,   4.,   2.,   6.,   6.,   6.,   4.],
        [  9., 277.,   5.,  12.,   1.,  21.,  13.,   6.,  15.,   7.],
        [  4.,   9.,  15.,   2.,  13.,   9., 280.,   1.,   6.,   9.],
        [ 12.,  10.,  27.,   0.,  16.,   4., 291.,   3.,  10.,  21.],
        [  3.,  11.,   6.,   2., 266.,   6.,  14.,   9.,  24.,  15.],
        [  3., 254.,   2.,   6.,   2.,   4.,   1.,   9.,   1.,   7.],
        [ 21.,   9.,  12.,   0.,  14.,  25., 288.,   5.,   5.,  14.],
        [  5.,  21., 236.,   3.,  20.,   5.,  21.,  11.,  13.,  13.],
        [ 15.,   9.,   3., 281.,   3.,  33.,   4.,   7.,  15.,   6.],
        [  4.,  38.,   3.,   0.,   1.,   5.,   5.,   6., 247.,  11.],
        [ 17.,   4., 266.,  14.,   9.,   2.,   1.,   9.,  13.,   8.],
        [  3.,  12.,  15.,   0.,   6.,   7., 253.,   0.,  11.,   4.],
        [  9.,  19., 256.,  11.,  10.,   5.,   4.,  10.,  17.,   4.],
        [ 10.,  17.,  36.,   0.,  10.,   8.,   6.,  11., 256.,   7.],
        [  6., 273.,  11.,  12.,   2.,  14.,  12.,  10.,   8.,  12.]],
       device='cuda:0')
Epoch 0 | Batch 200
tensor([[  4.,   1.,   5.,   3., 287.,   0.,   8.,   4.,   4.,   4.],
        [  3., 282.,  14.,   7.,   2.,   3.,   5.,  13.,   5.,   8.],
        [  3., 280.,  10.,  11.,   3.,   6.,   9.,   9.,   8.,   9.],
        [  2.,   0.,   6.,   8., 277.,   2.,  11.,   1.,   1.,  10.],
        [ 27.,   3.,  18.,  12.,  40.,  16.,  29.,  10., 187.,   8.],
        [  2.,   3.,   5., 269.,  11.,  14.,  21.,  15.,   5.,   4.],
        [  7.,   2., 265.,   6.,  45.,   1.,   7.,   0.,  23.,   4.],
        [  4.,  69.,   9.,   4., 261.,   6.,  19.,   3.,   5.,  10.],
        [  2.,   1.,   4.,   8.,  10.,   6.,  13.,   8.,   8., 251.],
        [ 25.,   4.,   6.,  11.,   6., 265.,   6.,   4.,   5.,   1.],
        [ 14.,   6.,   1., 251.,  13.,  11.,  14.,   4.,   3.,   4.],
        [  9.,   8., 260.,  10.,  10.,   6.,  17.,  15.,   5.,   8.],
        [  7.,   0.,   6.,  22.,  14.,  24.,   6., 241.,  10.,  13.],
        [ 12.,   4.,   6., 282.,  12.,   9.,  13.,  12.,   4.,   4.],
        [  1.,   7.,  10.,  10.,  13.,   3.,   4., 286.,   3.,   6.],
        [  2.,   1.,   7.,   8.,  23.,   3.,  14.,   4.,  11., 262.],
        [  8.,   0.,   4.,  22.,  20., 213.,  34.,   9.,  16.,   4.],
        [  2.,   0.,   3.,   9., 266.,   2.,   7.,   2.,   1.,  26.],
        [  8.,   1.,   7., 220.,  27.,   1.,   6.,   4.,   6.,   1.],
        [ 13.,   4.,   8.,  10.,   1., 264.,  59.,   3.,   6.,   0.],
        [  1.,  48.,  18.,   3.,  17., 150.,   4.,   6.,  10.,   3.],
        [210.,   9.,   9.,  24.,  12.,  16.,  23.,  14.,  22.,  11.],
        [  2.,  26.,  26.,   8.,  11.,   4., 255.,   8.,  14.,  16.],
        [ 22.,   0.,  14.,   1., 266.,   4.,  30.,   0.,   4.,   0.],
        [281.,  20.,   6.,   4.,  11.,   7.,   8.,   8.,   3.,   2.],
        [  3.,   1.,  20., 265.,  23.,   0.,   3.,  29.,  30.,   5.],
        [  5.,   5.,  15., 278.,  15.,   9.,  12.,   1.,   4.,   7.],
        [  3.,   0.,   1.,  13.,  12.,  13.,   4., 269.,   6.,   8.],
        [  5.,   7.,  12.,   8.,  19.,  10., 276.,   7.,  16.,  20.],
        [286.,  15.,   7.,   8.,   6.,  14.,   9.,   8.,   2.,   3.],
        [  6.,   3.,   5.,   3.,  23.,   5.,  17.,   8.,   8., 275.],
        [  2.,  10.,   5.,   5.,  51.,   0., 157.,   4.,   5.,   4.],
        [ 12.,   9.,   5.,  16.,  13.,  17., 258.,   4.,   8.,  12.],
        [ 11.,   5.,   5.,  15.,  11.,  17., 278.,   5.,  13.,   7.],
        [ 18.,   0., 283.,   8.,  37.,   1.,  19.,   4.,   3.,   0.],
        [  1.,  12., 235.,  16.,  13.,   3.,  14.,   1.,  15.,   3.],
        [  4.,   0.,   6.,  14.,  10.,  13.,   8., 281.,   3.,  22.],
        [  4., 266.,   7.,   5.,   2.,   2.,   5.,   6.,   1.,   9.],
        [  5., 278.,  24.,  15.,   6.,   6.,  17.,   7.,   7.,  12.],
        [  2.,   0.,  10.,  18.,  11.,   4.,   5., 287.,   2.,  12.],
        [  5.,   2.,   7.,   7.,  15.,   6., 288.,   4.,   7.,   7.],
        [  9.,   1.,  14.,  27.,  16.,  37.,   6.,   6., 265.,   2.],
        [  4., 277.,  30.,   8.,  10.,   7.,   6.,  14.,  11.,  10.],
        [  4., 269.,   7.,   7.,   3.,   6.,  15.,   0.,   7.,   5.],
        [  4.,   4.,  18., 278.,  15.,   7.,   5.,  24.,   5.,   9.],
        [  5.,   2.,   6.,  11.,  20.,   9.,  11.,   8.,   8., 266.],
        [  0.,   0.,   1.,  11., 264.,  13.,   6.,   2.,   8.,   4.],
        [  1.,  12.,   7.,   8., 240.,  16.,  10.,  15.,   8.,  23.],
        [  7.,   0.,   4.,   3., 279.,   0.,  20.,   1.,   5.,   1.],
        [ 40.,   2.,   4.,   4.,  16.,   1., 268.,   1.,  10.,   3.],
        [  4.,   7.,   5.,   5.,  12.,  14.,  12.,   7.,   5., 273.],
        [  1., 269.,  10.,  11.,   9.,  12.,  12.,   4.,   8.,  11.],
        [  3., 280.,  14.,  11.,   3.,   5.,  13.,   3.,   4.,   8.],
        [  5.,   4.,  14.,  10.,  22.,  18.,   8.,  11., 271.,   4.],
        [  0.,   3.,   6.,   7.,   8.,   3.,   6., 273.,   2.,  15.],
        [  4.,  49., 207.,  12.,   3.,   4.,   6.,   0.,  38.,   0.],
        [  5.,   6.,   3.,  17.,  12., 275.,  14.,   4.,   8.,   5.],
        [  7.,   5.,  40.,  17.,  20.,   6.,  11.,   1., 268.,   4.],
        [  2.,   9.,  11.,   2., 283.,   1.,  10.,   4.,   8.,   9.],
        [  2., 267.,  14.,   3.,   2.,   2.,   2.,   4.,   1.,   5.],
        [  4.,  25.,   3.,   9.,  21.,   4.,   2., 249.,   7.,   3.],
        [  2., 276.,  52.,   4.,   6.,   4.,   5.,   1.,  15.,   7.],
        [  7.,   4.,   8.,   3.,  13.,   3., 278.,   0.,   7.,  11.],
        [  3.,   5.,   4.,   8.,  13.,  21.,  11.,  30.,   5., 279.]],
       device='cuda:0')
Epoch 0 | Batch 300
tensor([[  5.,   5.,   5.,   9.,   2.,  11.,   8.,   7., 286.,  14.],
        [  4., 269.,   4.,   4.,   6.,   3.,   2.,   0.,  28.,   4.],
        [  5.,   6.,   5.,   6.,   9.,  15.,   5., 281.,  15.,  28.],
        [  6., 277.,   0.,   4.,   0.,  10.,  11.,   0.,  19.,   5.],
        [  7.,  10.,   4.,   8.,   2.,  10.,   6.,   0., 278.,   7.],
        [286.,   4.,   6.,   1.,   3.,  31.,  25.,   8.,  17.,   8.],
        [  3., 273.,   0.,   3.,   2.,  16.,  13.,   0.,  17.,   2.],
        [ 40.,   6.,   0.,   4.,  68., 261.,   8.,   9.,  21.,  22.],
        [  5.,   7.,   6.,   0.,   3.,   9., 285.,   2.,  10.,  15.],
        [ 20.,   6.,   0.,  18.,   5., 240.,  13.,   0.,  14.,  30.],
        [ 10.,   8.,   3.,  18.,   4.,  13.,  12.,   9., 268.,  12.],
        [  1.,  11.,   0.,  14., 252.,  14.,  10.,   3.,  15.,  36.],
        [  0.,  11.,   3.,  10.,   2.,   4.,   1., 231.,   3.,  14.],
        [  4.,   9.,   4., 243.,   3.,   9.,   6.,  15.,  23.,  26.],
        [ 17.,   6.,   2.,   1.,  19.,   5.,  11.,   4.,  23., 285.],
        [268.,   7.,   2.,   5.,   3.,  14.,  33.,   5.,  14.,  11.],
        [210.,  17.,   1.,   3.,   0.,  30.,   2.,   8.,  29.,  18.],
        [296.,   6.,   7.,   1.,   2.,  12.,  25.,   4.,  10.,  11.],
        [ 21.,   6.,   0.,  11.,  12., 251.,   7.,   2.,  19.,  40.],
        [  7.,   7.,   1.,   4.,   8.,  10.,   9.,   3., 283.,  23.],
        [ 34.,   7.,   0.,   8.,   3., 276.,   7.,   5.,  21.,  24.],
        [  6.,  12.,   0.,   6.,   7.,  16.,  10.,   4., 265.,  11.],
        [  1.,   8.,   0.,   7., 236.,  10.,   5.,   5.,   8.,  85.],
        [298.,   5.,   1.,   3.,   1.,  20.,  29.,   4.,  15.,   8.],
        [  5.,  14.,   3.,  24.,   2.,  14.,   3.,   2., 244.,   5.],
        [  1.,   7.,   8.,  17.,   6.,   9.,   3., 265.,   9.,  11.],
        [  8.,  21.,   0.,   0.,   6., 210.,   4.,   2.,  14.,   3.],
        [  1.,   8.,   1.,   1.,   4.,   6.,   4.,   4.,   5., 275.],
        [ 14.,   8.,   0.,   7.,   1., 204.,  94.,   1.,   7.,  10.],
        [  2., 278.,   0.,   5.,   1.,  13.,   9.,   0.,   9.,   6.],
        [  3.,  62.,   7.,   4.,   2.,   4.,   2.,  84.,  21.,   1.],
        [  2.,   9.,   4.,   1.,  15.,  10.,  11.,   1.,  10., 275.],
        [ 72.,   8.,   5.,   1., 254.,   8.,  29.,   4.,  17.,  19.],
        [ 16.,   8.,   0.,   0.,  14., 274.,   9.,   1.,  32.,  10.],
        [  9.,   9.,   0.,   2.,  34.,   6.,   7.,  18.,  17., 272.],
        [ 14.,  10.,   1.,   3.,   2.,  18., 246.,   0.,  25.,   8.],
        [  5., 278.,   1.,   3.,   0.,  14.,  17.,   1.,  23.,   4.],
        [ 30.,   5.,   1.,   0.,  18., 267.,  32.,   1.,  10.,   5.],
        [  5.,  12.,   3.,   7., 264.,   7.,  11.,   3.,  17.,   8.],
        [ 35.,   9.,   0.,   0.,   0.,  14., 257.,   1.,  11.,   2.],
        [  1.,  10.,   5.,   4.,   1.,   9.,   3., 260.,  12.,  18.],
        [  8.,  12.,  14.,   4.,  20.,   5.,  11.,   3.,  15., 264.],
        [ 14.,  14.,   0.,  13.,   6., 244.,   8.,   6.,  16.,  21.],
        [ 17.,   6.,   1.,  10.,   3.,  17.,  11., 278.,  12.,  23.],
        [  3.,  25.,   1., 277.,   0.,  10.,   1.,   0.,  18.,   8.],
        [ 13.,   6.,   4.,   7.,  10.,  18.,  11.,  14., 264.,  42.],
        [  1.,  20.,   5.,   3.,   2.,  12., 272.,   1.,  25.,  13.],
        [  4., 278.,   0.,   4.,   0.,  10.,   6.,   2.,  23.,   7.],
        [  9.,  11.,   4.,  22.,   6.,  10.,  11.,   4., 265.,   6.],
        [ 31.,   5.,   1.,   7.,   1., 267.,  25.,   4.,  28.,   4.],
        [  2.,   6.,  11.,   9., 267.,   6.,  28.,   7.,  11.,  20.],
        [299.,   4.,   2.,   4.,   1.,   8.,  17.,   4.,  14.,   7.],
        [254.,   5.,   4.,  13.,   7.,  30.,  18.,   8.,  25.,   4.],
        [254.,  11.,   4.,   5.,   0.,  33.,   2.,   5.,  23.,  12.],
        [  3., 273.,   0.,   4.,   3.,  16.,   9.,   1.,  14.,   4.],
        [  7.,  12.,   0., 278.,   1.,  27.,   1.,   5.,  18.,  17.],
        [284.,   9.,   1.,   3.,   1.,  13.,  31.,   2.,  11.,   9.],
        [ 10.,   7.,   7.,   5.,   5.,  15., 282.,   2.,  13.,  15.],
        [  5.,  12.,   2.,   5.,  14.,   5.,   8.,  27.,  30., 272.],
        [  4.,  18.,   2.,   3.,   7.,  11.,   3., 250.,  14.,  11.],
        [  0.,  23.,   0.,   5.,   0.,   7.,   4.,  10.,  11., 256.],
        [  5.,  16., 242.,  11.,   0.,   5.,   2.,   6.,  14.,   6.],
        [  1.,  14.,   1.,   1.,   0.,  10.,   5.,   5.,  10., 273.],
        [  6., 275.,   0.,   4.,   0.,  12.,   4.,   2.,  16.,   5.]],
       device='cuda:0')
Epoch 0 | Batch 400
tensor([[279.,   4.,   4.,  24.,   1.,  25.,   7.,  15.,   8.,  19.],
        [  0.,  13., 252.,  67.,   2.,   2.,  13.,  19.,   3.,   7.],
        [  0.,  12.,   1.,   1.,  20.,   9.,   3., 259.,   9.,   9.],
        [  4., 243.,  21.,   9.,   0.,   1.,   7.,  10.,  24.,   8.],
        [  0.,   7.,   9.,   4.,  25.,   2., 280.,   5.,   9.,  19.],
        [  2.,   7.,  23.,   5.,  22.,   2.,  16.,  14.,  11., 254.],
        [  1.,  30., 245.,  23.,   0.,   1.,   7.,   9.,  19.,   4.],
        [  5., 228.,  11.,  17.,   1.,   2.,   7.,  12.,  29.,   7.],
        [ 21.,  16.,  16.,   4.,   1.,   2., 267.,  11.,  11.,  12.],
        [  4., 241.,  15.,   8.,   0.,   2.,   7.,  11.,  14.,   9.],
        [  0.,  13.,  11., 160.,   2.,   4.,   1.,  11.,  20.,  19.],
        [  2.,  11., 205.,  56.,   2.,   4.,   3.,  23.,   6.,   5.],
        [  0.,  25.,   6.,   1.,   2., 218.,   0.,   9.,  13.,   1.],
        [  1.,  12., 256.,  11.,   0.,   2.,  28.,   5.,  12.,   7.],
        [ 26.,  18., 232.,  14.,   1.,  10.,   9.,  38.,  24.,  19.],
        [  1.,  28.,   3.,   1.,   2., 258.,   2.,  10.,   9.,   4.],
        [  3., 241.,   7.,  16.,   3.,   3.,   5.,  12.,  15.,   4.],
        [  2.,   9.,   5.,   5.,   2.,  12., 250.,   6.,  15.,   9.],
        [  0.,   6.,   0.,   6., 261.,  59.,   3.,  38.,  12.,  26.],
        [  0.,   7.,  10.,  10., 279.,   5.,   6.,   8.,   8.,  12.],
        [  1.,  14.,   3.,   5.,   3.,   1.,  12.,   8., 259.,   9.],
        [  4.,  14.,   8.,   4.,   5.,  17.,  15.,   8., 256.,  21.],
        [  1.,   6.,   5.,   2., 271.,   4.,  20.,   6.,   7.,  19.],
        [  1.,  18.,   5., 260.,   0.,   4.,  16.,   7.,   7.,   4.],
        [  2.,  11.,   0., 275.,   2.,  15.,   3.,   9.,   9.,  11.],
        [  0.,   8.,  15.,   1.,   5.,   5.,   5., 282.,  19.,  20.],
        [ 21.,   7.,   7.,  50.,  11.,  24., 234.,   6.,   1.,  11.],
        [  1.,  11.,   8., 274.,   2.,   7.,   4.,   3.,  12.,   7.],
        [ 15.,   9., 277., 209.,   0.,   7.,   1.,   2.,   8.,   8.],
        [  3., 231.,  12.,   7.,   1.,   1.,   7.,  18.,  13.,  10.],
        [  0.,   5.,   5.,   5.,  20.,  18.,   2.,  10., 221.,  42.],
        [  5.,  11.,  10., 289.,   0.,   7.,   2.,   9.,   4.,   7.],
        [  4.,   4.,   4.,   9., 275.,  21.,  27.,   7.,   6.,  32.],
        [  1.,  14.,   8.,   5.,   2.,   7., 264.,   4.,  15.,   6.],
        [  2.,   7.,   5.,   4.,   5.,   7.,   5., 263.,  14.,  28.],
        [ 14.,   7.,   4.,   1.,  27.,  14.,  15.,  26.,   9., 262.],
        [  5.,   5.,  54.,   2.,  30.,   5.,  74., 247.,   7.,  14.],
        [  5.,  20., 271., 120.,   0.,   8.,   0.,   8.,  16.,   6.],
        [  1.,  17.,   3.,   1.,   2.,  19.,   3.,  26., 233.,  17.],
        [  3., 254.,  13.,  11.,   1.,   2.,   9.,  25.,  10.,  10.],
        [  4.,  16.,   6., 253.,   2.,  13.,   2.,  13.,  11.,   3.],
        [  0.,   5., 257.,  20.,   8.,   7.,  27.,  15.,   3.,   6.],
        [  7.,  10.,   9.,   3.,  19.,   4.,   9.,  11.,   8., 271.],
        [281.,   7.,   5.,  13.,   4.,  24.,  11.,  12.,   4.,  20.],
        [  0.,   9.,   0.,  12., 267.,  11.,   7.,   9.,   9.,  21.],
        [  3.,  10.,   2.,   3.,  12.,  15.,  12.,   6.,  11., 266.],
        [  3.,   5.,  26.,   2.,   1.,   2., 283.,  12.,   9.,  14.],
        [  0.,  15.,   3.,   4.,  11.,   7.,   9.,  14.,   9., 267.],
        [  0.,  11.,   2.,   2., 237.,   7.,   5.,  14.,  14.,   5.],
        [ 18.,  15.,   7., 251.,   0.,  10.,   6.,   4.,   5.,   5.],
        [  1.,   9.,   0.,  11., 267.,  17.,   5.,   4.,   7.,   6.],
        [  0.,   5.,   0.,   3., 263.,   4.,  32.,   3.,   5.,  20.],
        [  8.,  19.,   4., 261.,   0.,   5.,  16.,   5.,   8.,   2.],
        [  0.,   9., 255.,   9.,   1.,   1.,  51.,   6.,   3.,   4.],
        [  3., 234.,  13.,   7.,   3.,   1.,   7.,  26.,  17.,   9.],
        [  1.,   8.,   2.,   6.,   1., 247.,   1.,   4.,   5.,   8.],
        [  0.,   6.,  13.,   1.,  17.,  14., 278.,  12.,   3.,  11.],
        [ 80.,   5.,   6.,   4.,   0.,  63.,  15., 248.,   4.,  21.],
        [  3., 236.,  11.,   9.,   4.,   1.,   6.,  18.,  10.,   6.],
        [  3.,   6.,   2.,   3., 287.,   7.,  49.,   9.,   9.,  14.],
        [  4.,   4.,   3.,  72.,   5., 258.,   3.,   6.,  15.,  19.],
        [  0.,   5.,  11.,   4., 266.,  17.,  18.,   7.,   9.,   7.],
        [271.,   8.,  17.,  17.,   9.,  26.,  12.,  13.,   2.,  22.],
        [275.,   7.,   9.,   3.,   2.,   9.,  31.,   7.,   7.,   6.]],
       device='cuda:0')
Epoch 0 | Batch 500
tensor([[ 15.,   4.,   2.,  16.,  16.,  21.,   3.,  69.,  10., 254.],
        [  7., 264.,  14.,   8.,  10.,   6.,   2.,   5.,  20.,   8.],
        [ 54.,   2., 286.,   5.,   7.,   4.,   3.,   2.,   4.,   5.],
        [ 24.,   4.,  21.,   6.,  20.,   7., 265.,   5.,   9.,  11.],
        [296.,   3.,  40.,  10.,   4.,   5.,   1.,   3.,   3.,   3.],
        [  6.,  11., 260.,   8.,   7.,  16.,   7.,   2.,   4.,   9.],
        [  9.,   8.,   8.,  13.,   9.,  13.,   4.,  26.,  18., 232.],
        [297.,   3.,  57.,   7.,   0.,   1.,   6.,   1.,   2.,   2.],
        [ 73.,   5.,   4.,   8.,   9.,   4.,   6.,  88.,   6., 147.],
        [ 22.,   1., 289.,  34.,   3.,   2.,   9.,   1.,   3.,   3.],
        [  5.,   5.,   7., 263.,  12.,  21.,   1.,   4.,  12.,  26.],
        [  7.,  11.,  16., 278.,   7.,   5.,   1.,   2.,   8.,  13.],
        [ 10.,  41.,  24.,   6.,  11.,   7., 159.,   9.,  14.,   7.],
        [ 10.,  18.,  18., 279.,   5.,   5.,   1.,   1.,   6.,   5.],
        [ 18.,   4.,  16.,   7.,  63.,   6.,  10.,  15.,   7., 233.],
        [ 21.,   1.,  12.,   5., 278.,   8.,   7.,   2.,   9.,   6.],
        [  5.,  16.,   6.,  15.,   7.,   7.,   6.,  14.,  11., 195.],
        [  5.,  13.,   5.,  29.,  10.,  11.,   1.,  24., 139.,   9.],
        [ 75.,   6.,  22.,   4.,  14.,   7.,  92.,   6.,   7.,   7.],
        [  6.,  13.,   6., 262.,   6.,   3.,   3.,  24.,   4.,   9.],
        [  8.,  10., 155.,  20.,  15.,   9.,   5.,  12.,  11.,   5.],
        [  6.,   3.,   9.,   6.,  12.,  12.,   5., 253.,   6.,  34.],
        [ 37.,   4.,  13.,   9.,  22.,  10.,   2.,   8., 116.,   6.],
        [  8.,   7.,   9.,   6.,   4.,   3.,   2., 279.,   5.,  11.],
        [309.,   2.,   5.,   3.,   2.,   9.,   0.,   0.,   9.,   3.],
        [  8.,   9.,  14.,  32.,   7.,  10.,   4.,   8., 246.,  10.],
        [  5.,   3.,  14.,   9., 272.,   5.,  15.,  13.,   5.,  19.],
        [  8., 282.,  17.,  15.,  11.,   9.,  16.,   7.,   8.,  10.],
        [ 20.,   8.,  16.,  13.,   5.,  18., 243.,   5.,  23.,  10.],
        [ 10., 207.,   5.,  12.,  25.,  18.,   6.,  24.,   3.,  33.],
        [  7.,   7.,  10.,   7.,   9.,  13.,   4.,   4.,   8., 262.],
        [ 30.,   5.,  24.,   7.,  19.,  10., 248.,   5.,   5.,   9.],
        [  7.,  48.,   7.,   7.,  12.,   9.,   9.,   8., 235.,  11.],
        [  6., 254.,   5.,   4.,   4.,   4.,   6.,   1.,   3.,   6.],
        [ 92.,   1., 268.,   8.,  11.,   9.,   2.,   0.,   6.,   2.],
        [ 26.,   3.,   7.,   6.,  57.,   7.,   3.,  11.,  19., 253.],
        [ 20.,   7.,   9.,  11.,  14.,  25.,   8.,   5., 245.,  11.],
        [308.,   5.,   2.,   3.,   0.,   8.,   0.,   0.,   6.,   3.],
        [  6.,   6., 269.,  22.,  12.,   9.,   6.,   6.,   6.,   9.],
        [  5., 256.,  23.,  33.,  11.,  23.,   8.,   3.,   9.,   9.],
        [  5.,  35.,  13.,  10., 206.,  10.,  29.,   2.,  14.,   6.],
        [  7.,   3., 298.,  28.,   1.,   2.,   2.,   0.,   6.,   1.],
        [ 15.,  19., 263.,  10.,   9.,  11.,   3.,   2.,  11.,  11.],
        [  4.,   4.,   5.,  10.,  13.,  68.,   4.,  12.,  18., 263.],
        [ 10., 274.,  13.,  12.,  10.,  11.,  19.,   3.,  16.,   6.],
        [  4.,  13.,  38.,  26.,   5., 163.,  27.,  12.,   3.,   4.],
        [  6.,  31.,   8.,  12.,  20.,  23.,   8.,   4., 255.,   7.],
        [303.,   5.,   5.,   5.,   2.,   4.,   1.,   1.,   6.,   4.],
        [ 22.,   5., 283.,  13.,  18.,   3.,   1.,   1.,   8.,   7.],
        [ 11.,   7.,   7.,   8.,  21.,  12.,   4.,  35.,  11., 265.],
        [  5.,  12.,   6.,   2.,  27.,  79.,   5.,   5., 254.,  12.],
        [  9.,   4.,   1.,  42.,   8., 255.,   3.,   2.,  17.,  10.],
        [  8., 278.,  10.,  12.,  14.,   7.,   8.,   8.,  10.,   9.],
        [ 10.,   4.,   4.,  15.,   5., 262.,   9.,   1.,  10.,  11.],
        [ 56.,   8.,  14.,   9.,  10.,   4., 245.,   4.,  14.,  10.],
        [  7., 278.,  13.,   9.,  11.,   6.,  11.,   6.,   9.,   9.],
        [265.,   3.,  19.,  23.,   4.,   8.,   5.,   7.,   8.,   9.],
        [ 13.,   3.,   7.,  11.,  15.,   7.,   3., 259.,   3.,  35.],
        [  3.,   5.,  25., 285.,  10.,   5.,   1.,   4.,   3.,  16.],
        [  9.,   5.,   5.,   3.,   7., 280.,   1.,  10.,   8.,   9.],
        [ 10.,   6.,   7.,  10., 247.,  11.,   4.,  21.,   6.,  37.],
        [ 25.,   1.,   1.,   4.,  10.,   4.,   2., 258.,   5.,   5.],
        [  4.,   5.,   5.,   6., 245.,   8.,   5.,   7.,   4.,  22.],
        [302.,   2.,   7.,   1.,   4.,   7.,   3.,   1.,   1.,   2.]],
       device='cuda:0')
Epoch 0 | Batch 600
tensor([[262.,   5.,  19.,   7.,   3.,  32.,   4.,   3.,  15.,   5.],
        [ 16.,   2.,  48.,  71.,   1., 208.,  10.,  30.,   0.,   2.],
        [248.,  10.,   7.,  15.,   5.,   9.,   5.,  11.,   8.,  12.],
        [  9.,   5., 283.,   9.,   1.,   4.,   7.,  12.,   1.,   4.],
        [  8., 281.,  15.,  17.,   6.,   5.,  11.,   3.,  14.,   7.],
        [  7.,  22., 275.,  31.,   0.,   7.,   5.,   1.,   8.,   2.],
        [  7.,  15.,   2., 250.,   3.,   3.,  18.,   8.,   2.,   4.],
        [ 25.,   4.,   4.,   5.,  15.,  14.,   6.,  12.,  12., 269.],
        [ 14.,   3.,   3.,  12.,  16.,  12.,  19.,  38.,  10., 255.],
        [ 15.,   3., 246.,  11.,   2.,   8.,  22.,   7.,   1.,   2.],
        [ 46.,   3.,   2.,  89.,   3., 264.,   4.,   4.,   8.,   5.],
        [  5., 270.,   5.,  10.,  10.,   9.,  15.,  11.,  11.,   8.],
        [  4.,   3.,   4.,   7., 256.,  14.,  10.,  13.,  21.,  20.],
        [264.,   4.,  26.,  18.,   2.,   8.,  12.,   6.,  13.,   6.],
        [ 24.,   2.,  18.,  51.,   6.,   7.,  10.,   1., 233.,   7.],
        [  7.,   9.,   8., 263.,   2.,  13.,  27.,   6.,   8.,   6.],
        [ 17.,   4.,  14.,   4.,   8.,   9.,   2.,  10., 270.,   8.],
        [  8.,  35.,   6.,  13.,   9.,   7., 256.,   8.,  12.,  12.],
        [ 13.,   4.,  19.,   1.,  17.,   6., 279.,  12.,   2.,  20.],
        [ 19.,   6.,  14.,  14.,  10.,   5.,  15.,   3., 258.,  10.],
        [ 19.,   2.,   5.,  43.,   4., 271.,   3.,   1.,  19.,  11.],
        [  8.,   6.,   5.,   7., 268.,   7.,  13.,  12.,   6.,  22.],
        [  6., 278.,   5.,   7.,   9.,   8.,  14.,   8.,   8.,   7.],
        [ 13., 273.,   8.,  10.,   3.,   3.,  19.,   4.,   3.,   6.],
        [  2.,   8.,   4.,  13., 238.,   7.,   8.,  19.,   6.,  15.],
        [279.,   5.,   4.,  28.,   3.,  11.,   8.,   4.,  11.,   7.],
        [ 10.,  14.,  14.,  14.,   6.,   6., 269.,   5.,  11.,  19.],
        [  8.,  20., 235.,  20.,   2.,  26.,   2.,   9.,  38.,   5.],
        [279.,   7.,   7.,  15.,   4.,   7.,   5.,   7.,   4.,  12.],
        [  7.,  13.,   9.,   6.,   9.,   3., 277.,   9.,  10.,   9.],
        [ 14.,   5.,  14., 290.,   5.,   3.,   7.,   3.,   5.,   5.],
        [ 10.,  15.,  15.,   8.,  13.,   9., 259.,  13.,  11.,  24.],
        [  8., 279.,   7.,  12.,  11.,   4.,   7.,  13.,   4.,   8.],
        [  8.,   9.,   7.,  15.,   9.,   4.,  15.,   6., 256.,   8.],
        [  5.,  15.,   3.,  11.,  21.,  12.,   8.,   7.,  13., 261.],
        [  7., 280.,   4.,  10.,   8.,   4.,   9.,   8.,   4.,   9.],
        [ 42.,   3.,   3.,  62.,   2., 269.,   1.,   1.,  37.,   8.],
        [ 23.,   6.,   8.,  19.,   6.,  11., 273.,   3.,  15.,   8.],
        [  8.,   3.,   7.,   7.,   4.,  11.,   5., 269.,   7.,  21.],
        [ 19.,   6.,   1., 285.,   3.,   8.,  16.,   5.,   5.,   4.],
        [ 10., 288.,   6.,  12.,   5.,   5.,  14.,   9.,  10.,  12.],
        [ 37.,   4.,   2.,  15.,   8.,  17.,  24., 232.,  11.,   9.],
        [  8., 278.,  21.,  16.,   6.,   5.,  12.,   5.,  15.,   6.],
        [  5.,  14.,   9.,   8.,  10.,   6.,   5., 268.,   5.,  13.],
        [266.,   8.,  10.,  23.,   3.,  10.,   4.,   3.,  11.,   4.],
        [ 26.,   3., 193.,  24.,   3.,   5.,   8.,  28.,  18.,   7.],
        [ 35.,   3., 274.,   5.,   2.,  11.,   5.,   7.,  19.,   7.],
        [  2.,   9.,   2., 291.,   8.,   4.,   4.,  23.,   4.,   4.],
        [ 72.,   4.,   4.,  22.,   9.,   6.,  16.,   6.,  10., 216.],
        [  4.,   6., 273.,  16.,   4.,   3.,   9.,  29.,   2.,   4.],
        [253.,   4.,  18.,  13.,   7.,  13.,  18.,  13.,   9.,  16.],
        [ 12.,   2.,   4.,   5., 271.,  25.,  10.,   9.,   9.,   6.],
        [282.,  10.,   7.,   7.,   6.,   8.,  11.,   6.,   5.,  11.],
        [ 10.,   2.,   7., 294.,   5.,   5.,   1.,   4.,   4.,   2.],
        [ 17.,   4.,  48., 290.,   1.,   2.,   4.,   4.,   1.,   4.],
        [ 13.,  12.,  19.,   7.,  12.,   5., 259.,   6.,  15.,  22.],
        [ 12.,   2.,   7.,   9.,   4.,  11.,   6., 278.,   7.,  45.],
        [ 25.,   1.,   6.,  12.,   4.,   8.,   8., 274.,   4.,  20.],
        [  9.,  14.,  29.,  17.,   2.,   4.,   4., 256.,   8.,  14.],
        [ 58.,   1.,   3.,  12.,  11.,   8.,  10., 258.,   7.,   8.],
        [ 14.,  10.,   7.,  11.,  11.,   9.,  10.,  10.,   8., 252.],
        [ 10.,   3., 295.,   9.,   2.,   4.,   6.,   2.,   4.,   3.],
        [ 18.,   5.,   7.,  13.,  14.,   6.,  15.,  22.,   5., 252.],
        [ 10.,   4.,  36., 292.,   2.,   5.,   5.,   8.,   0.,   3.]],
       device='cuda:0')
Epoch 0 | Batch 700
tensor([[158.,  15.,   5.,  21.,  50.,  49.,   6.,   7.,  10.,  12.],
        [  4.,   7., 257.,   4.,  21.,  11.,   6.,   1.,   3.,   9.],
        [  4., 274.,  14.,   9.,  14.,  11.,   5.,   3.,  21.,   8.],
        [  7.,   5.,   2., 277.,  22.,  22.,   1.,   4.,  16.,  14.],
        [  6.,   4.,   8.,  23.,  30.,  34.,   4.,   3., 257.,  16.],
        [ 11.,   7.,  16.,   6.,  31.,   6., 257.,  18.,   7.,  13.],
        [  1.,  70.,   6.,  23.,   5.,   7.,   8., 150.,  18.,  27.],
        [  2.,  25., 278.,   1.,   3.,   9.,  15.,   0.,   9.,  10.],
        [  2.,   7.,   2.,   6.,  12., 289.,   0.,   4.,  10.,  15.],
        [  2.,  13.,   6.,   4.,  24.,  12.,   5.,   6.,  13., 279.],
        [  0.,   9.,   0.,   0.,  15., 276.,   1.,   9.,   5.,  20.],
        [  3.,   6., 266.,  15.,  11.,  12.,   0.,  11.,  18.,   6.],
        [  2.,   6.,   7.,   4.,  10.,  17.,  10.,  24., 267.,  25.],
        [  3.,   8.,   9.,  16.,  15.,   8.,   5.,   4., 263.,   8.],
        [  3.,  25., 261.,   7.,   2.,  17.,   5.,   2.,  22.,   6.],
        [  2.,   5.,  14.,   3.,  28.,   7.,   5.,  12., 263.,  27.],
        [  0.,   3.,   0.,   6., 240.,   5.,   2.,   5.,   7.,  10.],
        [  7.,   9., 267.,   5.,   7.,  17.,  11.,   3.,   5.,   8.],
        [  3., 262.,   2.,  11.,   2.,   5.,   2.,   5.,   0.,   7.],
        [  0.,   3.,   9.,  13.,   9.,   6.,   1., 271.,  12.,  26.],
        [  2.,   7.,   6.,   2.,  18.,  11.,   9.,   7.,   6., 287.],
        [  3.,  11.,   5.,   5.,  22.,  20.,   6., 270.,  16.,  18.],
        [  2.,   8.,  84., 254.,   5.,  14.,   3.,   2.,   6.,   6.],
        [  4.,  15.,  25.,   4.,   3.,  22.,   6.,   7., 260.,  15.],
        [  2.,   5.,  18.,   5.,  22.,  10., 271.,   1.,  11.,  15.],
        [  2.,  31.,   4.,   2., 278.,   4.,  17.,   4.,   5.,  26.],
        [  2.,  89.,   5.,   7.,   9.,  11., 241.,   2.,  15.,  13.],
        [  0.,  32.,   4.,   9.,   5.,   8.,   1., 269.,  16.,  16.],
        [  4., 280.,  15.,  12.,  12.,  11.,   3.,   4.,  19.,  10.],
        [  3.,   9.,   5.,   8.,  19.,  23.,  13.,   3.,  13., 273.],
        [  4.,  45.,  15.,   4.,   6.,   9.,   9.,   9., 257.,  11.],
        [  4., 283.,   1.,  23.,  10.,  18.,   8.,   8.,   7.,  12.],
        [  7.,  34.,   4., 244.,   8.,   8.,  18.,   4.,   3.,   6.],
        [  1.,   9., 288.,  10.,   8.,   7.,   8.,   1.,   9.,   3.],
        [  5., 274.,   5.,  10.,   6.,  15.,  11.,   3.,   8.,  10.],
        [  3.,   1.,   9.,   5., 280.,   5.,  13.,   9.,   3.,   8.],
        [  3.,   5.,   9.,   2., 263.,  15.,   5.,   5.,   5.,  18.],
        [  0.,   3.,   1.,   6.,  13.,   9.,   2., 243.,   5.,  34.],
        [  2.,   7.,  29.,  14.,   8.,   7.,   2., 264.,  20.,  17.],
        [  0.,   5.,   3.,  11.,  19.,  10.,   3., 252.,   9., 119.],
        [  4.,   8.,   6.,   1., 266.,  29.,   6.,   7.,  16.,  20.],
        [  1.,  17.,   1.,   5., 267.,  19.,   8.,  14.,  12.,   9.],
        [  6.,   5.,  20.,   5.,  27.,  11., 272.,   8.,   5.,  10.],
        [  3.,  14.,   4.,  16.,   8.,  18.,   7.,  12.,  18., 270.],
        [  1.,   8.,   9.,   6., 268.,   8.,   5.,   5.,   5.,  32.],
        [  1.,   5.,   4.,   5.,  17.,   8., 265.,   4.,   9.,  18.],
        [  4., 291.,   4.,  16.,   8.,   7.,   6.,   6.,   9.,   7.],
        [  4.,   6.,   0.,   5.,  37., 292.,   1.,   0.,   7.,  11.],
        [  2.,   7.,   4.,   6.,  10.,  13.,   8.,  13.,   7., 280.],
        [  4.,   7.,   4.,   4.,  21.,  14.,   9.,   3.,  11., 280.],
        [  2.,   9.,   4., 276.,  13.,  10.,   2.,   6.,   9.,  15.],
        [  4.,  12.,   7.,   3.,  17.,   8., 281.,   3.,   9.,   9.],
        [  3., 248.,  20.,   6.,  12.,  11.,   4.,   2.,  27.,   9.],
        [  5.,  13.,   6.,   8.,  10.,   8., 265.,   4.,  10.,  12.],
        [  0.,   8.,   3., 246.,  14.,   6.,   0.,  30.,  19.,  32.],
        [  9.,   5.,  22.,  11.,  19.,  15., 266.,   5.,   8.,  11.],
        [  1.,  16.,   3.,   3., 260.,  10.,   4.,   8.,   5.,  39.],
        [  2.,   6.,   4.,  13.,  14.,   7.,   2.,  40.,   8., 282.],
        [ 14.,  12., 248.,   2.,   2.,  24.,  27.,   2.,   3.,   6.],
        [  4.,   5.,   8.,   6.,  23.,   5.,   6.,  10.,   9., 283.],
        [  3.,   6.,  33.,   6.,  18.,  16.,   1.,   3., 282.,   7.],
        [  1.,  18.,   6.,   8.,   8.,  11.,   3.,  49.,  10., 256.],
        [ 12.,  14.,  11.,   7.,  29.,   9., 233.,  10.,  14.,  13.],
        [  5., 287.,  10.,  12.,   9.,   8.,   8.,   3.,  15.,   7.]],
       device='cuda:0')
Epoch 0 | Batch 800
tensor([[  8.,   4., 288.,  19.,   0.,   2.,  19.,   2.,   3.,   3.],
        [  3.,   5.,  15.,   1., 256.,   1.,  13.,  12.,   3.,   0.],
        [289.,   3.,   3.,   4.,   2.,   7.,  14.,   6.,   7.,   5.],
        [  4.,   5.,   2.,   5., 271.,   5.,   6.,  17.,   2.,   4.],
        [  6.,   2.,   0.,   2., 279.,  21.,   1.,  30.,   4.,  15.],
        [  8.,   4.,   2.,  25.,   5.,   1.,  16.,  19., 238.,  32.],
        [ 67.,   2.,  23.,   1.,   1.,   8., 248.,   4.,   1.,   2.],
        [ 15.,   5.,   8.,   2.,   6.,  16., 259.,   8.,   4.,  17.],
        [  2.,   1.,   0.,   3.,   8.,   6.,   3., 297.,   0.,   7.],
        [  3., 276.,   1.,   5.,   0.,   8.,  10.,  14.,   3.,   7.],
        [  3., 282.,   2.,  13.,   1.,   7.,  11.,  12.,   7.,  10.],
        [ 12.,   9.,   7.,   1.,   8.,  16.,   4.,   6., 274.,   7.],
        [  4., 281.,   1.,  11.,   1.,   4.,   7.,   7.,   2.,   7.],
        [ 13.,   5.,   0., 286.,   0.,   9.,   3.,  29.,   2.,   3.],
        [  6.,  10.,   3.,   6.,   8.,   6.,  10.,  61.,   9., 246.],
        [ 11.,   4.,   0.,  51.,   3., 255.,   8.,   5.,  12.,  11.],
        [  5., 278.,   2.,  11.,   1.,   8.,  11.,  11.,   3.,  14.],
        [  1.,  14., 287.,   9.,   0.,   6.,   8.,   4.,   6.,   3.],
        [  6.,   1.,   0.,   4.,  12.,  21.,   5., 299.,   3.,  25.],
        [269.,   4.,   5.,   9.,   5.,   5.,  12.,  11.,   7.,  11.],
        [  7.,   6., 273.,   0.,  18.,   2.,   7.,   2.,   7.,   6.],
        [ 40.,   4.,   2.,  19.,   0., 259.,   7.,  16.,   9.,   4.],
        [ 11.,  10.,   6.,   1.,   9.,   3.,   5.,  13., 263.,  14.],
        [  3.,  16.,   2., 261.,   6.,   2.,   3.,   8.,   5.,  17.],
        [ 20.,  11.,   1.,   1.,  11., 250.,   3.,  12.,   3.,  13.],
        [ 20.,   1.,   0.,   3.,   5.,  13.,   5., 299.,   2.,   7.],
        [  3.,   1.,   1.,   6.,  18.,  18.,   3., 290.,   2.,   7.],
        [ 33.,   7.,   4., 285.,   0.,  14.,   4.,   6.,   1.,   2.],
        [  4.,   6.,   2.,  13.,  17.,   9.,   4.,  28.,   5., 262.],
        [  6.,   1.,   0.,   1.,   4.,  12.,   3., 304.,   3.,  12.],
        [  4., 281.,   1.,   5.,   1.,   4.,   6.,  10.,   2.,   6.],
        [  8.,  17.,   6.,   3.,   8.,  15.,  14.,  21.,  12., 221.],
        [ 43.,   1.,   0.,   3.,  10., 257.,   5.,  28.,  10.,   4.],
        [ 11.,   7.,   7.,   5.,  18.,   5.,   9.,  69.,   6., 228.],
        [ 11.,   4.,   1.,   2., 259.,  25.,  10.,  25.,  18.,   7.],
        [ 76.,   4.,  17.,   1.,   7.,   6.,   6.,  33.,   4., 198.],
        [  6.,  21.,   6.,   3.,   4.,   7.,  24.,  12., 266.,   5.],
        [  6., 270.,   5.,   7.,   8.,   6.,  11.,   6.,  11.,   5.],
        [ 17.,   4.,   0.,  29.,   5., 267.,   6.,   4.,   9.,   7.],
        [ 11.,   9.,   2.,  22.,   0., 244.,  26.,   7.,   9.,   2.],
        [279.,   5.,   5.,  10.,   8.,  28.,   3.,  42.,   2.,   6.],
        [ 19.,   2.,   0.,   2.,   5.,  12.,   5., 293.,   2.,   8.],
        [ 11.,   5., 272.,   3.,   2.,   4.,   8.,  13.,  13.,   5.],
        [ 16.,  44.,   4.,   1.,   3., 269.,   2.,  12.,  32.,   3.],
        [294.,   3.,   2.,   2.,   0.,  11.,  11.,  10.,   4.,   4.],
        [  4.,   1.,   0.,   2.,   4.,  10.,   3., 280.,   1.,  15.],
        [  5.,  20.,   3.,   6.,   7.,   9.,  11.,  12.,  12., 245.],
        [  6.,   5.,   1.,   1., 276.,  16.,   7.,  30.,   6.,  15.],
        [ 11.,   4.,  10.,   2.,   2.,   2., 281.,  11.,   2.,   6.],
        [  4.,   3.,   1.,   3.,   1.,   9.,   4., 298.,   5.,  15.],
        [301.,   2.,   1.,   7.,   1.,   5.,   4.,  12.,   3.,   7.],
        [ 11.,  16.,   6., 279.,   1.,   7.,   7.,   4.,   7.,   4.],
        [  4., 265.,   2.,  12.,   1.,   9.,   9.,  12.,   1.,  12.],
        [  8.,  22.,   3.,  66.,   9.,  12.,  10.,   8.,  13., 210.],
        [  4., 274.,   3.,   9.,   1.,  11.,  32.,   8.,   5.,  12.],
        [ 11.,   4.,   2.,   1., 268.,   7.,   5.,  32.,   1.,  11.],
        [ 18.,   1.,   0.,  12.,   5., 255.,   4.,  14.,   1.,  23.],
        [288.,   2.,   4.,   5.,   2.,  13.,  16.,   8.,   2.,   7.],
        [290.,   4.,  23.,   1.,   3.,  10.,   7.,  10.,   5.,   6.],
        [ 38.,   4.,   1.,   1.,   5.,  10.,   4., 280.,   2.,  30.],
        [ 14.,  21.,   2., 266.,   5.,   1.,   4.,   7.,   5.,  11.],
        [ 18.,   4.,   4.,   3.,  25.,   0., 267.,  32.,   5.,   4.],
        [  4., 286.,   2.,   8.,   5.,   4.,   6.,  11.,   2.,   4.],
        [  3., 258.,   1.,   5.,   7.,   4.,   5.,   4.,   6.,   5.]],
       device='cuda:0')
Epoch 0 | Batch 900
Switching label layer to Inference Mode (LIF)...
Epoch 0 DONE | Test Acc: 80.22% | Time: 775.9s
Switching label layer back to Training Mode (Clamp)...
tensor([[  1.,   8.,  17.,  13.,  12.,   1.,   9., 247.,   4.,   6.],
        [  4.,  13.,  10.,   5.,   7.,   4., 284.,   1.,   7.,   6.],
        [  3., 277.,   7.,  13.,   7.,   8.,  16.,   9.,   4.,   6.],
        [  1.,  20.,  20.,   5.,   6.,  17., 281.,   2.,  10.,   6.],
        [ 15.,   7.,  11., 271.,  13.,  15.,   8.,   6.,   6.,   2.],
        [  6., 239.,  22.,  13.,  47.,  16.,   7.,   3.,  14.,   8.],
        [  1.,   9.,   7.,   8.,  18.,   9.,  21.,   7.,  10., 209.],
        [  5.,   7.,  25.,   5.,  15.,  32., 267.,   2.,   1.,   3.],
        [  3.,   3., 285.,   6.,  11.,   9.,  19.,   1.,  12.,   7.],
        [  5.,   8.,   9.,  16.,  15.,   9.,  10.,   6., 274.,   4.],
        [  5.,  33.,   2.,   7., 262.,  10.,  23.,   1.,   7.,   4.],
        [  1.,   3., 286.,   7.,   3.,  12.,  27.,   4.,   4.,   2.],
        [  2.,  23.,   2., 266.,  10.,  17.,   9.,  10.,  16.,   8.],
        [  3.,  25.,  17.,   4.,  16., 241.,  18.,   2.,   4.,   5.],
        [  3.,  15.,   8.,   3.,  11.,   3., 276.,   6.,   5.,   8.],
        [ 13.,  10.,  12.,   4.,  11.,   4.,  13.,  22.,   6., 192.],
        [  1., 257.,   2.,   5.,   3.,   4.,   4.,   1.,   2.,   2.],
        [  4., 279.,  10.,   9.,   7.,  10.,  18.,   3.,  18.,   3.],
        [  4., 276.,  13.,   9.,   5.,  12.,  17.,   3.,  20.,   3.],
        [  4., 253.,  13.,   9.,  10.,  13.,  28.,   4.,  36.,   6.],
        [  0.,   2.,   3.,  14., 271.,  22.,  20.,   3.,  11.,  12.],
        [ 11.,  11.,   9.,   6.,  22.,  18.,   9.,   7., 271.,   8.],
        [  6.,  24.,  13.,   4., 273.,   8.,  34.,   5.,   5.,   1.],
        [  1.,   9.,   5.,   4., 288.,   4.,  13.,  13.,   5.,   1.],
        [  1.,  14.,   8., 256.,  16.,   1.,   6.,   2.,   8.,   5.],
        [  9.,   9.,  32., 277.,   9.,   4.,   4.,   3.,   7.,   3.],
        [ 10.,  25.,   3.,   3.,  15., 260.,   7.,   3.,   4.,   5.],
        [  7.,  11.,  11.,   8.,  35.,   4.,  17.,  32.,  14., 237.],
        [  1.,   9.,   5.,  10., 267.,  15.,   9.,  46.,  14.,  11.],
        [  0.,  27., 278.,   7.,   0.,   9.,  14.,   0.,   3.,   3.],
        [  3.,   4.,   6.,   7.,  10.,  27., 284.,   2.,  14.,   9.],
        [  4.,   3.,  19.,   7., 251.,   6.,  41.,   8.,   9.,   6.],
        [ 11.,   4.,   9.,   6.,  25.,   3.,  18.,  17.,  13., 216.],
        [  3., 277.,   8.,  16.,   6.,   8.,  16.,   5.,   4.,   5.],
        [  4.,   3.,   6.,   4., 283.,   7.,  15.,  16.,  12.,   2.],
        [  4.,  42.,   9.,   4.,  13.,   3.,   9.,  22., 220.,   9.],
        [280.,   4.,   6.,   5.,   5.,  11.,  31.,   5.,  16.,   7.],
        [  4.,   3., 285.,   6.,  10.,   2.,  28.,   1.,   3.,   2.],
        [  5.,  30.,   6.,   9.,  12.,  11.,  15.,  10.,  14., 235.],
        [ 13.,  10., 282.,   8.,  11.,  16.,  30.,   0.,   1.,   2.],
        [  5.,  27.,   9.,  11.,  10.,   4.,  13.,   5., 237.,   4.],
        [  2., 267.,   8.,  12.,   8.,  10.,  10.,  13.,  12.,   8.],
        [262.,   4.,   8.,   2.,   3.,  11.,  62.,   4.,   5.,   3.],
        [ 11.,  20.,   8.,   3.,  31.,   8.,   9.,  11., 218.,  18.],
        [  5.,  17.,   8.,   6.,  33.,   0., 239.,  11.,   5.,   4.],
        [  2.,  10.,  15.,   4.,  21.,   3., 282.,   7.,   5.,   6.],
        [  0.,   3.,   9.,   4.,  21.,   4., 288.,   3.,   9.,  15.],
        [  5.,  18.,   9.,   7.,  13.,   9.,  26.,  10.,  11., 235.],
        [  2., 268.,   3.,   3.,   2.,   6.,   5.,   1.,   3.,   2.],
        [ 24.,   6.,  13., 274.,   5.,   5.,   4.,  85.,   9.,   3.],
        [ 38.,   8.,   3.,  28.,   1., 282.,  15.,   3.,   4.,   3.],
        [  2.,  28.,   2.,   4., 279.,   8.,  23.,   1.,   3.,   1.],
        [  2.,   6.,  62., 281.,   4.,   5.,   9.,   0.,  11.,   1.],
        [ 19.,   7., 249.,  18.,  15.,   7.,   6.,   6.,   8.,   5.],
        [  6.,  10.,  10.,   8.,  21.,   4.,  21.,  69.,  13., 246.],
        [  1.,  10.,   2., 258.,   5.,   4.,  10.,   3.,   4.,   2.],
        [  3.,  24.,   7.,  19.,  12.,  12.,  11.,  23.,  15., 197.],
        [  5.,  11.,   5.,   5.,   7.,   6.,  11., 286.,  14.,   7.],
        [ 32.,   6.,  10., 281.,   8.,  26.,   8.,   4.,   3.,   3.],
        [ 10.,   7.,  19., 275.,   2.,   9.,  19.,   2.,   4.,   3.],
        [  6.,  15., 165.,   9.,   5.,   7.,  19.,   9.,   6.,   5.],
        [  6.,   4.,   2.,  11.,   6.,  33., 284.,   1.,   6.,   3.],
        [  5.,   7.,   7.,  29.,  19.,  17.,  14.,  11.,  15., 221.],
        [  1.,   4.,  11.,   2.,  15.,  11., 297.,   1.,   9.,   7.]],
       device='cuda:0')
Epoch 1 | Batch 0
tensor([[  8.,   6.,   8.,   5.,  22.,  13.,  11.,  37.,   9., 273.],
        [  0.,   3.,   3.,  22.,   4., 233.,   3.,   2.,  10.,   9.],
        [  3.,   2.,   2.,   7., 243.,  14.,   2.,  13.,   9.,  12.],
        [  6.,   9.,   6.,  24.,  10.,   6.,   5., 220.,  11.,  19.],
        [  9.,   5.,   6., 289.,   1.,  11.,   1.,   8.,  19.,   5.],
        [ 26.,   2.,  13.,  63.,   2.,  20.,   4.,   4., 241.,  14.],
        [  2.,  13.,   3., 264.,   8.,   1.,   4.,   7.,   6.,  22.],
        [  2., 283.,  53.,  11.,   3.,   2.,   5.,   5.,   9.,   8.],
        [ 11.,   6.,   8.,   5.,  18.,   7.,  15.,  29.,   8., 267.],
        [  5.,   9.,  10.,   4., 279.,   6.,   7.,   7.,   6.,  18.],
        [ 26.,   2.,  16.,   9.,   6.,  26.,   8.,   2., 252.,  15.],
        [268.,   3.,  27.,   8.,   5.,  43.,  15.,   6.,   7.,  10.],
        [ 14.,   3.,   2.,   6.,  14., 280.,   2.,   3.,  14.,  15.],
        [ 11.,   6.,   3.,  34.,   6.,  13., 261.,  10.,  16.,  13.],
        [  5.,   9.,  12.,   7.,  19.,   9.,   9.,  14.,  12., 263.],
        [ 10.,   3.,   2.,  17.,  13., 275.,   1.,  10.,  14.,  21.],
        [  6.,   5.,   9.,   2.,  22.,   6.,  12., 104.,   6., 274.],
        [192.,   3.,  16.,   2.,   6.,   5.,   3.,   8.,   9.,  29.],
        [  2.,   2., 309.,   2.,   3.,   7.,   1.,   1.,   2.,   8.],
        [  2., 289.,  11.,  20.,   3.,   6.,   8.,   8.,   7.,  10.],
        [  7.,  10.,   5.,   4., 271.,  11.,  19.,  11.,  10.,  30.],
        [ 42.,   8.,  18.,   4.,   6., 255.,   3.,  16.,   7.,  10.],
        [241.,   6.,  65.,   8.,  13.,  17.,   6.,   7.,   8.,  25.],
        [  4.,   4.,   3.,  22.,   3., 276.,   1.,   7.,  21.,  11.],
        [  9.,  12.,   6., 269.,   8.,   1.,   5.,   7.,   7.,  21.],
        [280.,   3.,  10.,  12.,   3.,  82.,   7.,   6.,   8.,   7.],
        [  5.,   3., 279.,  10.,   2.,   5.,   2.,  24.,  17.,  13.],
        [  0., 147., 219.,  15.,   1.,   8.,   4.,   7.,   8.,   8.],
        [  7.,   6., 278.,   5.,   4.,   3.,   2.,  10.,   2.,  28.],
        [  4.,   9., 281.,   3.,   5.,   3.,   2.,   9.,  12.,  18.],
        [ 14.,   2., 290.,  15.,   5.,  12.,   3.,   2.,   7.,  14.],
        [  5.,   9.,  21., 270.,   2.,   5.,   3.,   3.,  11.,  14.],
        [  5.,   3.,  23.,   3.,   6.,   6., 291.,   4.,   5.,  14.],
        [  3.,   2.,  16.,   2., 270.,   3.,  15.,  13.,  10.,  15.],
        [  3.,   5.,   2.,  15., 261.,  11.,   6.,  14.,  11.,  45.],
        [  5.,   5.,  12.,   4.,  27.,   9.,  14.,  18.,  10., 272.],
        [  1., 277.,  17.,   6.,   2.,   1.,   3.,   2.,   6.,   6.],
        [  7.,   6.,   9.,   4.,  30.,  11.,  11.,  32.,  10., 268.],
        [  2.,  11.,  17., 286.,   3.,   4.,   1.,   4.,  19.,   6.],
        [  9.,   6., 287.,  27.,   1.,   6.,   0.,   1.,  18.,   4.],
        [  4.,   3.,   4.,  14.,  12., 276.,   4.,   5.,  36.,  16.],
        [  7.,   3.,   4.,   2., 261.,   8.,   3.,  17.,   4.,  21.],
        [  4.,   6.,  24.,   5.,  11.,   7., 278.,   8.,   7.,  12.],
        [ 15.,   5.,   4.,   4.,  22.,   5.,  10.,  94.,   6., 273.],
        [  7.,   1., 285.,  18.,   7.,  10.,   9.,   4.,   9.,  13.],
        [  8.,   4.,   3.,  21.,   7., 269.,   0.,   4.,  28.,  15.],
        [  5.,   4.,   4.,   4., 276.,   8.,   5.,   4.,   8.,  32.],
        [  5.,   5.,  19.,   2.,  28.,   4.,  18.,  21.,   7., 270.],
        [ 13.,   4.,   2.,  24.,   6., 272.,   6.,  10.,   8.,  15.],
        [  2.,   4.,   5.,   7.,   7., 269.,   3.,   4.,  67.,  10.],
        [  5.,   5.,  14.,   9.,   6., 264.,   8.,  10.,  22.,   9.],
        [  5.,   2.,  51.,  14.,   9.,   8.,   6.,   3., 278.,   8.],
        [261.,   5.,  14.,   4.,   9.,   7.,  19.,   8.,  21.,  14.],
        [  3.,   4.,   5., 282.,   4.,   9.,   4.,   5.,  16.,   8.],
        [  5.,   9., 256.,   4.,   5.,   7.,   6.,  15.,   6.,  19.],
        [275.,   3.,  10.,   6.,   5.,  14.,   2.,   7.,  35.,  16.],
        [  7.,   8.,  12.,   4.,  30.,   8.,  41.,  14.,  10., 271.],
        [  9.,   2.,  13.,   0., 260.,   8.,  16.,  14.,   5.,  17.],
        [  2.,   7.,   3.,   8.,  10.,  14.,  11.,  25.,  11., 263.],
        [  3.,   6.,  13.,   7.,  31.,   8.,  11.,  17.,  17., 269.],
        [262.,   4.,  33.,  13.,   4.,  11.,  20.,   8.,  22.,  15.],
        [  3.,   4.,   7.,  17.,   3.,  19.,   5.,   8., 272.,  10.],
        [254.,   7.,  22.,   3.,   9.,   7.,  26.,   7.,  12.,  12.],
        [ 10.,   3.,   7.,  29.,   7.,  15.,  11.,   3., 270.,  11.]],
       device='cuda:0')
Epoch 1 | Batch 100
tensor([[  5.,   4.,  15.,  15.,  11.,   5.,   7.,  14., 282.,  12.],
        [240.,   2.,  61.,   7.,   5.,  11., 122.,   4.,   7.,   5.],
        [  4., 283.,   8.,  10.,   6.,   6.,   5.,   5.,  10.,   7.],
        [  3., 280.,   3.,   7.,   4.,   4.,   3.,   3.,   4.,   5.],
        [269.,   2.,  23.,  17.,  10.,  15.,  11.,   6.,  10.,   9.],
        [ 11.,   4.,  16.,   8.,  13.,   7.,   6.,   8., 243.,  31.],
        [  8.,   3.,  22.,   4.,  61.,   4.,   5.,   5.,  15., 277.],
        [  7.,  13.,  14.,  10.,  11.,  19., 275.,   3.,  14.,   8.],
        [  4.,   4.,   7.,   7.,  15.,  20.,   7.,  97., 239.,  26.],
        [  6.,   6., 243.,   4.,  12.,   7.,   6.,  12.,  13.,   4.],
        [ 11.,   0.,   2.,   4., 281.,   4.,  12.,   2.,   9.,  35.],
        [  9.,  25.,  11.,  13.,   6.,   8., 256.,   5.,  12.,   6.],
        [  9.,   1.,  30.,  31.,  13.,   5.,   6.,   1., 281.,   4.],
        [  1.,   4.,   9.,   9.,   9.,   9.,   2., 280.,   9.,   8.],
        [  9.,   6.,   8.,   6.,  41.,   6.,  15.,   6.,  17., 279.],
        [ 45.,   0.,   0.,   0.,  11.,   1.,   5., 171.,   0.,   1.],
        [  6.,  61.,  12.,   6.,   7.,   3.,   5.,  12., 270.,  15.],
        [282.,   3.,  17.,   8.,   7.,  18.,   9.,   4.,  15.,   6.],
        [  3.,   1.,   3.,  16.,  13.,  10.,   7., 256.,   8.,  41.],
        [ 11.,   6.,  21.,   5.,  14.,   3.,   7.,  10., 273.,  13.],
        [  9.,   2.,  92., 285.,   5.,   9.,   4.,   4.,   3.,   3.],
        [ 11.,   4.,   9.,  17.,   8., 217.,   8.,  28.,   9.,   9.],
        [  8.,  21.,  16.,   6.,   8.,   7.,   8.,   4., 269.,   6.],
        [279.,   3.,   3.,  15.,   5.,  10.,   4.,  18.,   6.,  11.],
        [  2.,  12.,   7., 266.,   8.,   5.,   7.,  10.,  11.,  13.],
        [  7.,   7.,   7.,  28.,   6., 222.,  18.,   8.,  15.,   6.],
        [  2.,  11.,   6., 277.,   7.,   2.,   5.,  10.,  12.,  10.],
        [  4.,  18.,   7.,  13.,  13.,   8.,   5.,   9., 265.,  46.],
        [  4.,   2.,   3.,  11., 288.,   5.,   4.,  16.,  13.,  14.],
        [  6.,   2.,  14.,  21.,  11., 246.,   5.,   6.,  25.,  29.],
        [  3.,   4.,   2., 258.,   7.,   4.,  13.,   5.,  11.,   7.],
        [  4.,   1.,  35.,   3.,  12.,   1., 247.,   6.,   3.,   5.],
        [276.,   3.,   4.,  31.,   6.,  42.,   5.,   9.,  21.,   7.],
        [  5.,   8.,  15.,   9.,  12.,  10.,  30.,   8.,  20., 213.],
        [  0.,   0.,   2.,   6.,   0.,   1.,   0., 251.,   0.,   0.],
        [  7.,   3.,  14.,  38.,   4., 262.,  20.,   3.,  26.,   5.],
        [  3., 286.,  10.,  14.,   3.,   5.,   8.,   9.,  10.,   7.],
        [  2., 284.,   7.,  12.,   6.,   7.,   5.,   8.,   7.,   8.],
        [  5.,   5.,   6.,  14.,  13.,   7.,   7.,  33.,  14., 281.],
        [  6.,   6., 290.,   5.,  19.,   6.,   9.,   1.,   9.,   5.],
        [  6.,   0.,  44.,  30.,  14.,   4.,  16.,   3., 273.,   4.],
        [  4., 244.,  26.,   8.,  14.,   9.,   6.,   5.,  31.,   8.],
        [  8.,  31.,  12.,  16.,   4.,  13., 271.,   2.,  16.,   7.],
        [  5.,  11.,   7.,   3., 269.,  10.,   8.,   6.,  16.,   7.],
        [ 12.,   5.,   9.,   8.,  24.,   6.,  15.,  10.,  24., 263.],
        [  1., 267.,   5.,   9.,   5.,   6.,   4.,   6.,   9.,   4.],
        [  1.,   2.,  49.,   4.,  17.,   9., 292.,   2.,   4.,   6.],
        [ 10.,   5.,   5.,   4.,  30.,   5.,   9.,  37.,  15., 274.],
        [  3.,   6.,   3.,   9., 274.,   8.,  14.,  11.,  18.,  23.],
        [  3.,   0.,   4.,   4., 272.,   3.,   7.,   8.,   7.,   2.],
        [ 23.,   3.,  13.,  26.,   5., 264.,   5.,  12.,  12.,   4.],
        [  4.,  14.,   9.,   6.,  13.,  10., 282.,   5.,  12.,  12.],
        [  3.,   0.,  17.,  11.,  16.,  19.,  23.,   1., 285.,   8.],
        [287.,   3.,  19.,   5.,   7.,   4.,  11.,   9.,   6.,   7.],
        [  5.,   2.,   4.,  12., 285.,   5.,  12.,   7.,  21.,  13.],
        [  4.,  18.,   6., 278.,   8.,   7.,   3.,   5.,  17.,   8.],
        [  3., 284.,  12.,  10.,   6.,   5.,   8.,   5.,  13.,   5.],
        [  4., 263.,  12.,   6.,  10.,   5.,   6.,   6.,  21.,   7.],
        [  0.,   3.,   7.,   6.,   9.,   6.,   5., 278.,   7.,  14.],
        [  2.,   7.,   3.,   4., 267.,  22.,  10.,   9.,  37.,   5.],
        [  1.,   2.,   8.,   9.,   8., 214.,  10.,  10.,   9.,  85.],
        [  8.,   7.,  10.,  25.,   9., 244.,  16.,  11.,  11.,   5.],
        [  1.,   7.,   6.,   5.,  14.,  12.,   2., 276.,   7.,  16.],
        [  7.,   3.,  10.,   7.,  12.,  15.,  13.,   3., 289.,  12.]],
       device='cuda:0')
Epoch 1 | Batch 200
tensor([[  5.,  19.,   7.,   8.,   9.,   7.,   3.,  10.,  18., 272.],
        [  1.,   9.,   2.,   5.,  27.,   5.,   3., 251.,  15.,  19.],
        [ 10.,   6.,  11., 275.,   9.,   4.,   2.,   6.,  13.,  13.],
        [  5.,   3.,   2.,   3., 285.,   4.,   7.,  11.,  20.,  24.],
        [ 28.,   0.,   3.,  27.,  12.,   9.,   2.,   0., 283.,  17.],
        [ 35.,   2.,   7.,  48.,   3., 283.,   0.,   0.,  62.,   9.],
        [ 12.,   4.,   3., 258.,   6.,  42.,   5.,   1.,  13.,  11.],
        [  9.,   5.,  10.,  17.,   8.,   2.,   3.,   8.,   4., 276.],
        [  7.,  27., 274.,  33.,   2.,   4.,   2.,   0.,  12.,   8.],
        [  4.,   5.,   4.,  12.,  14.,   7.,   1.,   0., 284.,  14.],
        [ 11.,   8.,   6.,  10.,  28.,   4.,  15.,   1., 247.,  34.],
        [  4.,   2.,   3.,   8., 273.,   7.,   7.,   3.,   8.,  30.],
        [  0.,  25.,   4.,   6.,  14.,   3.,   1., 273.,  23.,  22.],
        [ 23.,   4.,  55.,   6.,   8.,   5.,   5.,   2.,   9., 276.],
        [  6.,   5.,   4.,  14.,   8.,   4.,   8.,   1., 280.,  25.],
        [  4.,  18.,  11.,   8.,   9.,   3.,   3., 250.,  14.,  23.],
        [  3.,   8.,   3.,   8., 275.,   3.,   1.,  36.,   9.,  44.],
        [ 10.,   9.,   2.,  11.,  32.,   4., 260.,   5.,  14.,  22.],
        [  3.,   7.,  16.,  26.,  11.,   3.,   3., 268.,   9.,  22.],
        [  5.,  11.,  13.,  15.,  10.,   3.,   3., 257.,  10.,  21.],
        [284.,   8.,   3.,   6.,   8.,   4.,   3.,   7.,   2.,  27.],
        [  5.,   8.,   6.,  19., 264.,   3.,   4.,   1.,   7.,  35.],
        [152.,  12.,  18.,   8.,  33.,  32.,   7.,   3.,  24.,  25.],
        [  8., 265.,   8.,   8.,  11.,   6.,   8.,   2.,  11.,  14.],
        [  6., 260.,   9.,  10.,  18.,   4.,   2.,  19.,   8.,  22.],
        [ 16.,   1.,  29.,   9., 228.,  15.,   6.,   0.,   9.,  14.],
        [298.,   5.,   3.,   8.,   3.,   4.,   2.,   1.,   8.,  18.],
        [  9.,   7., 272.,  13.,  11.,   5.,   0.,   0.,   6.,  31.],
        [  4.,   7.,   5.,   7.,  15.,   7.,   3.,  16.,  14., 282.],
        [  8.,  10.,  10.,   5.,  13.,   2.,   3.,   8.,  11., 280.],
        [  6.,   3.,   7.,   6., 275.,   3.,   3.,  17.,   8.,  26.],
        [  3., 284.,   7.,  11.,   8.,   2.,   4.,   3.,  11.,  18.],
        [  5., 266.,  10.,  10.,   5.,   2.,   6.,   3.,  51.,  19.],
        [ 31.,   3.,   3.,   5.,   9.,   6.,   3., 250.,   3.,  47.],
        [  3., 282.,   4.,   7.,   5.,   1.,   3.,   2.,   7.,  14.],
        [295.,   5.,  12.,  28.,   2.,   7.,   1.,   2.,   6.,  13.],
        [  4.,  11.,   6.,   7.,  14.,   5.,   5.,  11.,  15., 278.],
        [  5.,   4.,   4.,   6.,  16.,   9.,   5.,   2., 292.,  17.],
        [  6.,  13.,   9.,  11.,  11.,   7.,   3.,   4.,  15., 279.],
        [  5.,  12., 223.,  18.,   8.,   4.,   4.,   2.,  39.,  26.],
        [282.,   6.,   4.,  10.,   8.,   4.,   1.,   1.,   4.,   9.],
        [  4.,   5.,   4.,  23.,  17.,  10.,   7.,   4., 277.,  17.],
        [  6.,   8.,   6.,   7.,  16.,   6.,   2.,  10.,   5., 288.],
        [263.,   6.,   5.,   6.,   5.,   2.,   3.,   3.,  17.,  28.],
        [  6.,   8.,  12.,   3.,  26.,   2.,   6.,  11.,   8., 287.],
        [  9.,   7.,   2., 277.,  11.,  30.,   3.,   1.,  16.,  14.],
        [  6.,   2.,   3.,   5.,  15.,   4.,   5.,   4., 284.,  44.],
        [  4.,  15.,   3.,   6., 280.,   4.,   2.,   7.,  18.,  20.],
        [ 25.,   7.,   6.,  13.,   9.,   5., 240.,   4.,  14.,  22.],
        [  7.,  24.,  14., 237.,  13.,   1.,   3.,   2.,  10.,  22.],
        [ 10.,   4.,   4.,   8.,  13.,   8.,   4.,   0.,   7., 289.],
        [  5.,  17.,  11.,  10.,   6.,   3.,   6.,   2., 281.,  14.],
        [ 47.,   5.,  38.,   3.,  16.,   0., 264.,   3.,   5.,  26.],
        [  3.,  16.,   5.,  12.,   9.,   3.,   4.,   2.,  31., 283.],
        [ 15.,   2., 284.,   7.,   5.,   1.,   1.,   2.,  11.,  28.],
        [  4.,   8.,   8.,   5.,   9.,   4.,   2.,  22.,  10., 285.],
        [ 17.,   9.,  20.,   6.,   8.,   3.,   6.,   4.,   7., 281.],
        [  4.,   5.,   4.,   3.,  15.,   9.,   3.,   8., 286.,  38.],
        [  5.,   9.,   3.,   7., 271.,   4.,  10.,   9.,  10.,  35.],
        [ 10.,   9.,   2.,  27.,  13.,  11., 260.,   3.,   9.,  19.],
        [ 76.,   7.,  12.,   5.,   2.,   5.,   5.,   9.,   9., 268.],
        [ 11.,   6.,   3.,  14.,  13.,  84., 259.,   1.,  10.,  21.],
        [297.,   4.,   4.,   8.,   9.,  17.,   0.,   0.,   6.,   8.],
        [199.,   5.,   7.,  16.,  13.,  12.,  25.,   4.,  27.,  17.]],
       device='cuda:0')
Epoch 1 | Batch 300
tensor([[  8.,   7., 281.,  13.,   5.,  11.,   7.,   9.,  24.,   8.],
        [  8.,   8.,   6.,   1.,  23., 257.,   4.,  11.,  21.,  12.],
        [ 21.,   9.,  11.,  11.,   6., 254.,  17.,  22.,   7.,   6.],
        [  2., 269.,   3.,  10.,   9.,  13.,  10.,  20.,   7.,  13.],
        [  5.,  17.,   3.,   4.,  12.,   4.,   8.,  25., 271.,  13.],
        [  6.,   6.,   0., 273.,   4.,  39.,  34.,  11.,   6.,   8.],
        [102.,   3.,   2.,  10.,  20.,   2.,  70.,  29.,   3.,   3.],
        [ 11.,   3.,   9.,   6.,  15.,   4.,  18.,   7., 254.,   6.],
        [ 11.,   4.,   9.,   7.,   5.,   6.,   6., 284.,   4.,  17.],
        [  5.,   9.,   8.,  15.,  13., 159.,  37.,   5.,   3.,   7.],
        [  7.,   6.,   3.,  19.,   4.,   7., 282.,  12.,   6.,   7.],
        [ 15.,   2., 254.,   2.,   9.,  14.,  25.,  37.,   4.,   8.],
        [ 18.,   4.,   1.,   5.,   6.,   8.,   8., 290.,  10.,  10.],
        [  2.,   4.,  42.,   8.,  10.,   3.,  14., 279.,  34.,   8.],
        [  2.,  12.,   6.,   4., 247.,   3.,  12.,  36.,   3.,  30.],
        [  3., 270.,   3.,   8.,   8.,   5.,   3.,   6.,   6.,   4.],
        [  4., 277.,   8.,   9.,  15.,   7.,   5.,  18.,  11.,   6.],
        [  1.,  11.,   6.,  14.,  15.,  11.,  14.,  16.,  11., 252.],
        [  2., 278.,   2.,   7.,   4.,   5.,   5.,  13.,   2.,   8.],
        [  9.,   5.,   4.,  20.,   8.,   5.,  11.,  14., 281.,  12.],
        [  4.,  16.,   0., 272.,   9.,  11.,   5.,  14.,  14.,  11.],
        [289.,   8.,   4.,   9.,   5.,   4.,  17.,   9.,   5.,   8.],
        [  2., 271.,   1.,   6.,   3.,   6.,   5.,   8.,   3.,   6.],
        [  5.,  13.,   7.,   2.,  11.,   6.,   7.,  18., 270.,  14.],
        [  1.,   4.,  10.,   5.,   3.,   6.,   4., 299.,   8.,  13.],
        [  3., 283.,   6.,   7.,   9.,   5.,   4.,  17.,  13.,   7.],
        [ 17.,   6.,  14.,  14.,   2., 253.,   8.,  15.,   4.,   2.],
        [  2.,   8.,   4., 278.,   6.,   8.,  11.,   9.,  14.,   4.],
        [  2., 281.,   2.,   7.,   4.,   5.,   5.,  16.,   1.,  10.],
        [  4.,   6., 272.,   3.,  17.,   7.,  10.,  19.,   4.,  13.],
        [  2., 282.,   5.,  11.,   7.,   6.,   4.,  39.,   3.,  16.],
        [  2.,  15.,  10., 286.,   3.,  13.,   8.,   8.,   8.,   4.],
        [  0.,   5.,   5.,  10., 269.,   6.,   7.,  14.,   9.,  22.],
        [  3.,  14.,  34.,  11.,   3.,   7.,  12., 255.,   6.,   8.],
        [  4., 263.,  11.,  13.,  10.,   7.,   6.,   9.,  15.,   7.],
        [  0.,   5.,   5.,  15.,  90.,   7.,  24., 195.,   3.,  12.],
        [288.,   7.,   7.,   0.,   7.,   0.,  19.,  17.,   2.,  13.],
        [  0.,  12.,   4.,   9.,   4.,   8.,   7., 293.,   5.,  11.],
        [  6.,   3.,   5.,   2., 271.,   4.,  59.,  20.,   7.,   4.],
        [ 19.,   3., 160.,   5.,   5.,   6.,   6.,  21.,   8.,   4.],
        [  0.,   3.,   2.,  10.,   7.,   5.,  14., 279.,  15.,   6.],
        [  2., 283.,   6.,   9.,   8.,   5.,   5.,  22.,   6.,  11.],
        [  3., 273.,   7.,   8.,   9.,   6.,   5.,  10.,   8.,   5.],
        [  3.,   6., 259.,   4.,   9.,   4.,  13.,  17.,   8.,   9.],
        [  4.,   5., 112.,   8.,  23.,   4.,  18.,  29.,   6., 147.],
        [  2.,   2.,   3.,   5., 284.,   8.,   9.,  15.,  10.,  14.],
        [  5.,   2., 293.,   4.,   2.,   3.,  18.,  11.,   3.,   5.],
        [  2.,   2., 281.,   7.,   9.,   6.,  13.,   6.,   9.,   9.],
        [  3.,   5.,   1., 284.,  13.,   9.,   5.,  13.,  10.,  10.],
        [  1.,   7.,   0., 231.,  11.,  15.,  16.,  18.,   5.,   9.],
        [  6.,   7.,   5., 228.,   8.,   4.,  17.,  27.,   6.,  12.],
        [  8.,   5.,  16.,  29.,   2., 262.,  18.,   7.,   9.,   4.],
        [  7.,   4.,   6.,   4.,   7.,  11., 278.,  21.,   4.,   9.],
        [  4.,   5.,   2.,   6., 276.,   7.,  13.,  31.,  13.,  16.],
        [  4.,  11.,   3.,   4.,  13.,  19., 264.,  13.,  14.,  18.],
        [  7.,   2.,  15.,  15.,  17.,   9.,  34.,   8., 254.,  17.],
        [  4.,   7., 258.,   3.,  12.,   5.,   7.,  10.,   4.,   9.],
        [  2.,   8.,   3.,   8.,   9.,  12., 280.,  11.,   7.,  15.],
        [  7.,  19.,   4.,   5.,   9., 276.,   6.,  23.,   3.,   7.],
        [ 26.,   3.,  41.,   1.,   8.,   2., 268.,  16.,   4.,   4.],
        [  1., 260.,   1.,   7.,   3.,   8.,   5.,  16.,   2.,   7.],
        [  1.,   7.,  12.,   5., 267.,   7.,  24.,  18.,   3.,  10.],
        [  3.,   4.,   8.,  32.,  13., 222.,   6.,  14.,  25.,  17.],
        [  2.,  10.,   4.,  30.,   4.,  14.,  10.,  34.,  12., 262.]],
       device='cuda:0')
Epoch 1 | Batch 400
tensor([[  4.,   2.,  15.,   5.,  12.,   8., 277.,  19.,  11.,  12.],
        [  7.,   6.,   7.,   3.,  40.,   5.,  10.,  51.,  18., 260.],
        [  4.,   3.,   4.,  12., 279.,  11.,   6.,   8.,   7.,  18.],
        [  1.,   2.,   2.,  23.,   5., 285.,   3.,  19.,  31.,  21.],
        [  5.,   4.,   2.,  24.,   2., 291.,   4.,   0.,  18.,   5.],
        [ 16., 113.,   3.,   3.,   2.,   5.,  18.,   0.,  16.,   7.],
        [  6.,   1.,   2.,   6.,   5.,   8.,   7., 291.,   6.,   3.],
        [  6.,   5.,   8.,   3.,  15.,   8.,   9.,  45.,  16., 265.],
        [  4.,  11.,  14.,  16.,   3.,   8.,  10., 259.,  14.,  19.],
        [  5.,   4.,   3.,   8.,  10.,  15., 275.,   2.,  18.,  11.],
        [  9.,   8.,   6.,   5.,  14.,  11.,  12.,   8.,  18., 256.],
        [  6.,   3., 281.,   7.,   6.,   7.,  11.,   5.,  18.,   9.],
        [290.,   3.,   4.,   6.,   6.,   7.,  49.,   2.,  13.,   6.],
        [  5.,   3.,  11.,   1.,   9.,  10.,  22.,  11., 282.,  12.],
        [  2., 241.,  12.,   7.,   9.,  16.,   6.,   1.,  40.,   6.],
        [  2.,   5.,   9.,   3.,   8.,   7.,  10.,  37.,  15., 274.],
        [  0.,   4.,   5.,   6.,   2.,   9.,   8., 291.,  18.,  10.],
        [  2.,  15.,  12., 261.,  12.,  13.,  10.,   0.,  14.,   7.],
        [  9.,   2.,   4.,  31.,   1., 287.,  12.,   0.,  11.,   5.],
        [  4.,   8.,   6.,   7.,   3.,  20.,  10.,   4., 284.,  13.],
        [  0., 265.,   1.,   1.,   1.,   1.,   3.,   1.,   6.,   7.],
        [ 13.,   6.,   5.,  10.,  10.,  13.,  11.,  49.,   8., 255.],
        [  1.,   5.,   7.,   8.,   3.,   7.,   6., 279.,  17.,   8.],
        [  3.,   4.,   1.,  25., 226.,  16.,   7.,  78.,  13.,  27.],
        [  3.,  12.,   7.,  13.,   6.,   7., 259.,   3.,  25.,  11.],
        [273.,   2.,  13.,  11.,   7.,  12.,  13.,   2.,  10.,   8.],
        [272.,   5.,   3.,   2.,   6.,  22.,  29.,   1.,  14.,   7.],
        [209.,   7.,   8.,  10.,  11.,  10.,  50.,   6.,  17.,  12.],
        [278.,   4.,   7.,   6.,  14.,   5.,  25.,   8.,  10.,  11.],
        [  2.,   3.,   7.,  13.,  11.,  14., 283.,   1.,  17.,  11.],
        [  0.,   6.,   8.,   0.,   5., 176.,   7.,   0.,  32.,   9.],
        [  4.,  27.,   7.,  17.,   3.,  13.,  10.,   2., 267.,   7.],
        [  5., 258.,   7.,  11.,   6.,  12.,   5.,   2.,  28.,  12.],
        [  4.,   8.,   7.,  10.,   1.,  20.,  12.,   4., 287.,   7.],
        [  1.,   4., 283.,  32.,   0.,  11.,  16.,   0.,  10.,   5.],
        [  1.,   7.,  11.,   0.,  16., 258.,  11.,  19.,  14.,  16.],
        [271.,   4.,   5.,   0.,  13.,   4.,  38.,  28.,  12.,   7.],
        [  2., 267.,   6.,   6.,   6.,   7.,   5.,   5.,  17.,  20.],
        [ 10.,   5.,   7.,   2.,  21.,   9.,  12.,  37.,  22., 256.],
        [  7.,   5., 250.,  12.,   2.,  17.,  11.,   3.,  13.,  10.],
        [ 29.,   4.,  13.,   5.,   9.,  10.,  18.,   4.,  15., 218.],
        [ 11.,   5.,  10.,   6.,   4.,  17., 255.,   5.,   9.,   8.],
        [  5.,   8.,   2., 269.,  11.,  31.,   7.,   1.,  16.,  12.],
        [  2.,   8.,   5.,   4.,   4.,  11.,   9.,  39.,  20., 265.],
        [  4.,  10.,   3.,  12., 251.,  13.,   9.,   9.,   8.,  36.],
        [  7.,   3.,   0.,   3.,  14.,   9.,  18., 239.,   7.,  11.],
        [ 11.,   1.,  30., 287.,   3.,  12.,   6.,   0.,   8.,   3.],
        [  1.,   7.,   0., 283.,   4.,  10.,   5.,   0.,   7.,   6.],
        [268.,   6.,   9.,   6.,   8.,  16.,  32.,   5.,  14.,  12.],
        [  1.,  12.,   7.,   5.,   4.,   5., 281.,   1.,  18.,  12.],
        [  6.,   5.,  11.,   1.,   7.,   4., 288.,   4.,  11.,   9.],
        [  5.,  10.,  18.,   4.,   2., 277.,  18.,   1.,  14.,   8.],
        [  2.,   5.,   7.,  14.,  15.,  21.,  19.,   2.,  13., 252.],
        [  5.,   3.,   0., 274.,  10.,  17.,   6.,  16.,   8.,  23.],
        [  0.,   4.,  12.,   9.,  11., 250.,  11.,   2.,  10.,  14.],
        [  7.,   8.,   8.,   1.,  21.,   5.,  10.,   7., 278.,  17.],
        [ 14.,   0.,   0.,   8.,  32.,  27.,  19., 174.,  17.,  18.],
        [  3.,   2.,   4.,   5.,   4.,   9.,   8., 282.,  13.,  15.],
        [  2.,   3.,   6.,   9.,  13.,   9., 280.,   5.,  18.,  14.],
        [  9.,   5., 262.,   3.,  14.,   4.,   8.,   1.,  26.,  18.],
        [  3.,  25.,   1.,  10., 242.,  16.,   9.,   3.,  23.,   9.],
        [  2.,   9.,  13., 261.,   2.,  14.,  13.,   7.,   6.,   4.],
        [  7.,   5.,   3.,  17.,  12., 280.,  11.,   1.,   6.,  17.],
        [  7.,   3.,   7.,  25.,   8.,  28.,  10.,   2., 191.,  13.]],
       device='cuda:0')
Epoch 1 | Batch 500
tensor([[  3.,  13.,   8.,  10.,   5.,   6.,   2., 273.,   5.,  21.],
        [  9.,   3.,   2.,   3., 271.,   7.,  16.,   7.,   6.,  26.],
        [ 14.,   4.,  12.,   9.,  10.,   6., 280.,   3.,  12.,  16.],
        [  5., 280.,   5.,  10.,   5.,   5.,   1.,   6.,  12.,   8.],
        [ 11.,  13.,   6.,   7.,  10.,  11.,   4.,  11., 273.,  19.],
        [  8.,   4.,   3., 286.,   8.,  15.,   0.,   4.,  19.,   9.],
        [  9.,  10.,   3.,   6.,  12.,   6.,   5.,   8., 284.,  11.],
        [  9.,   9.,   6.,   9.,   3.,  27.,   4.,  27.,  10., 270.],
        [256.,   5.,  11.,  10.,  18.,   8.,   6.,   4.,  14.,  12.],
        [ 16.,   1.,   4.,   4., 271.,   6.,   7.,   8.,   9.,  17.],
        [ 11.,   9.,   5.,   2.,  14.,  13.,   8.,   6., 269.,  24.],
        [ 17.,  15.,  14.,   8.,   7., 275.,   2.,   8.,   6.,  14.],
        [ 17.,   3.,   2.,  17.,  22.,  18.,   5.,  23.,   8., 259.],
        [  2.,  27.,   9.,  14.,   6.,   8.,   3., 257.,  10.,  13.],
        [ 20.,   1.,   4.,   6.,  17.,  15.,   4.,   6., 279.,  17.],
        [ 11.,   2.,   1.,  23., 274.,   7.,   7.,   3.,   4.,  39.],
        [  4.,  27.,   5.,   8.,   9.,  13.,   4.,   9.,  14., 258.],
        [  9.,  12.,   2.,   5.,  16.,  38.,   1.,  21., 262.,  24.],
        [ 24.,  10.,   2.,  19.,  12.,   7., 279.,   2.,   7.,  13.],
        [  6.,   4.,   4., 273.,  33.,   6.,   0.,   2.,  23.,  15.],
        [ 11.,  10.,   5.,  13.,  15.,   5., 253.,   5.,  30.,  16.],
        [286.,   6.,   4.,  11.,   6.,  11.,   3.,   7.,   8.,  13.],
        [281.,   2.,  20.,   6.,  17.,   8.,  10.,   5.,   7.,  12.],
        [263.,   9.,  20.,   3.,   5.,   8.,  12.,  17.,   4.,  16.],
        [  2.,  21.,  12.,  19.,  12.,   5.,   5., 259.,   8.,  23.],
        [  3.,  17., 294.,   8.,   0.,   6.,   5.,   1.,   4.,   6.],
        [264.,   5.,  12.,   6.,   6.,   4.,  78.,   4.,   7.,  17.],
        [  2.,  24.,   9.,  11.,   9.,   7.,   2., 268.,  11.,  16.],
        [  4.,   3.,   7.,  29.,  61.,  13.,   4.,   9.,  14., 255.],
        [  3., 267.,   2.,  20.,   6.,   7.,   3.,   3.,   6.,  18.],
        [ 10.,   1.,   1.,   5., 274.,  15.,  15.,  15.,  10.,  20.],
        [  3.,   8.,   7.,   9.,   9.,   7.,   2., 261.,  10.,  17.],
        [  3.,  10.,   9.,   7.,   4.,  10.,   2., 280.,   6.,  18.],
        [  2., 259.,   0.,   7.,   3.,   6.,   1.,   3.,   2.,  10.],
        [ 11.,   3.,   4.,   3.,  13.,  12.,   6., 288.,   5.,  18.],
        [ 32.,  13.,   5.,  14.,  14.,  38., 227.,   5.,  13.,  12.],
        [  3.,   5.,  38., 271.,  15.,   1.,   0.,   7.,  34.,  22.],
        [ 16.,   7.,   0., 284.,  10.,  21.,   1.,   2.,  15.,  11.],
        [ 10.,   7.,   3., 280.,   7.,   9.,   2.,  10.,  21.,  15.],
        [272.,   4.,  13.,   7.,  17.,   2.,  55.,   5.,   6.,  23.],
        [284.,   2.,   3.,  11.,   5.,  37.,   9.,   2.,  17.,  11.],
        [  8.,   4.,   4.,  13.,  20.,   3.,   3.,   9., 268.,  23.],
        [  4.,   2.,   7.,   7.,   6.,  13.,   5., 282.,   6.,  28.],
        [ 11.,   5.,  10.,  16.,  18., 245.,  33.,   2.,  10.,  15.],
        [  9.,   6.,   3.,   9.,  15.,   8.,   5.,  26.,   5., 271.],
        [  9.,   4.,   8.,  19.,  20.,  13.,   5.,   8.,   9., 272.],
        [  5.,   2.,   9.,  11.,  18.,   8.,   4.,  10.,   7., 276.],
        [  5.,  10.,   9.,   5.,   5.,  13.,   8.,  11.,   9., 258.],
        [  7.,  16.,   4.,   9.,   4.,  40.,   3.,  11.,  26., 261.],
        [  6.,   4.,   2.,  10.,  14.,   6.,   7., 259.,   3.,   6.],
        [ 10.,   2., 295.,   3.,   9.,   9.,   4.,   2.,   1.,   6.],
        [  6.,  13.,   4.,  14.,  24.,  12.,   5.,   6., 257.,  35.],
        [ 20.,   4.,   1.,   6.,  19.,  17.,   5., 271.,   6.,  25.],
        [ 32.,  17.,  17., 219.,  10.,   6.,   5.,   2.,  20.,   6.],
        [ 23.,   2.,   4.,  14.,  20.,   7., 277.,   1.,   5.,   9.],
        [ 17.,   3.,   4.,   7.,   9.,  53.,   1.,   5., 278.,  13.],
        [ 20.,   3.,   4.,   2., 261.,   4.,  16.,   1.,   3.,  13.],
        [ 19.,   3., 284.,   3.,   7.,   4.,  15.,   2.,   4.,   6.],
        [  9.,  18.,   4.,   9.,  16.,   5.,   8.,   4., 276.,  14.],
        [ 19.,   3., 292.,   5.,  16.,   3.,   3.,   1.,   4.,  11.],
        [ 15.,  10.,   6.,   7., 264.,  14.,  18.,   2.,  10.,   8.],
        [ 21.,  38.,   9., 271.,   7.,   4.,   0.,   3.,   8.,   4.],
        [ 15.,   6.,   3.,   4.,  10., 277.,   4.,   9.,   4.,  11.],
        [ 13.,   3.,   7.,   4.,  16.,   5., 286.,   3.,   4.,  22.]],
       device='cuda:0')
Epoch 1 | Batch 600
tensor([[ 22.,  12.,   1., 291.,   4.,   9.,   4.,  14.,   3.,   3.],
        [  4.,  11.,   7.,  10.,  19.,   8.,   8.,  28.,  10., 254.],
        [  4., 261.,  24.,   7.,  14.,  15.,   5.,  10.,  29.,   1.],
        [  4., 277.,  16.,   7.,  18.,   5.,   8.,  20.,  12.,   4.],
        [  1.,  51.,  10.,  28.,  12.,   4.,   6., 271.,   6.,   4.],
        [ 12.,   8.,  13., 277.,   3.,  23.,  15.,  11.,   3.,   4.],
        [  6.,   5.,  17., 288.,   3.,   1.,   4.,   8.,   4.,  14.],
        [ 12., 189.,  61.,  29.,   5.,   6.,   6.,  23.,   4.,   4.],
        [292.,   9.,   8.,  16.,   5.,   4.,   4.,   8.,   2.,   3.],
        [  9.,  10.,   7.,   1.,   6.,  21.,   9.,  13., 271.,   9.],
        [276.,   8.,  11.,   2.,  32.,   8.,  20.,  24.,   3.,   7.],
        [  4.,  13.,  11.,  31.,   5., 233.,   4.,   6.,  10.,   6.],
        [ 22.,   4.,   0.,  70.,  10., 252.,   3.,   9.,   9.,   4.],
        [  5.,  23., 289.,  12.,   1.,   9.,   3.,   9.,   8.,   3.],
        [  1.,  15.,   8.,  11.,   7.,   5.,   5., 278.,   4.,   8.],
        [  5.,  16.,   5.,   7., 242.,   5.,  18.,  22.,  32.,  10.],
        [  7.,  12.,   6.,   3., 260.,  12.,  11.,  17.,  14.,   6.],
        [  4.,  12.,   0., 272.,   6.,  19.,   4.,  16.,   6.,   6.],
        [  7.,  15.,   6.,  14.,  10.,  10.,  11.,  16.,  16., 241.],
        [  4.,   7.,   2.,  17., 275.,   7.,   4.,  56.,   8.,  17.],
        [ 12.,   7.,   3.,  18.,  11.,   6.,   3., 278.,   4.,   4.],
        [157.,   6.,  66.,  26.,   5.,   4.,  13.,  14.,   2.,   4.],
        [ 10.,  16.,   4.,   5.,  12.,  16.,  11., 280.,  17.,  11.],
        [  6.,  12.,   9.,  13.,   9.,  15.,   9.,  21.,  20., 244.],
        [ 12.,  14.,   4., 285.,   6.,  22.,   3.,   5.,   5.,   4.],
        [285.,   5.,   2.,  32.,   6.,   2.,  10.,  12.,  17.,   6.],
        [  3., 274.,   3.,   5.,   5.,   3.,   5.,  14.,   1.,   4.],
        [  4., 281.,   6.,  10.,   8.,   4.,   8.,  22.,   3.,   8.],
        [ 15.,  10.,   9.,   0.,   6.,  17.,  26.,  13., 268.,   7.],
        [ 55.,   5.,   6.,   1.,  31.,   4.,  13.,  18.,  14., 252.],
        [  8.,   9.,   3., 279.,   6.,   7.,   2.,   8.,   5.,  10.],
        [  7.,  15.,   7.,   5., 272.,   4.,  12.,  18.,  10.,  10.],
        [  3.,  45.,   7.,   8.,   5.,   4.,   5., 278.,  13.,   8.],
        [  4.,  17.,  11.,  13.,   7.,   4., 276.,  13.,  21.,   7.],
        [  4.,  17.,   4.,   5., 273.,  15.,   7.,  22.,  20.,   8.],
        [  4.,  11.,  10.,   9.,  10.,   2., 281.,  14.,  10.,   7.],
        [ 42.,   4., 158.,  11.,   9.,   9.,  13.,  14.,   1.,   7.],
        [  9.,   3., 281.,  18.,   1.,  15.,  18.,   6.,   6.,   2.],
        [  4.,   4.,   5.,   5.,   9.,   3.,   4., 287.,   3.,  14.],
        [  4.,   5.,  12.,  15.,  64.,  10., 263.,  15.,   7.,   8.],
        [  4.,   9.,   5., 295.,   4.,   4.,   1.,  13.,   2.,   3.],
        [  9.,   3.,  30., 293.,   6.,   7.,   2.,   5.,   4.,   2.],
        [  5.,  80., 276.,  44.,   0.,  11.,   2.,   6.,   5.,   3.],
        [ 14.,   9.,  16.,  26.,   1., 249.,  17.,   7.,   6.,   3.],
        [ 12.,   3., 291.,  39.,   1.,  11.,   0.,   6.,   8.,   1.],
        [  8.,  40.,   7.,  14.,  15.,  12.,   5.,  24., 227.,  24.],
        [  8.,  36.,   3.,   5., 262.,  15.,   9.,  19.,  16.,   9.],
        [  5.,  44.,  10.,  11.,   5.,   5.,  25.,  14., 251.,   8.],
        [  6.,  21.,  10.,  22.,   5.,   7.,   6.,  23., 251.,   7.],
        [ 16.,   8.,  17.,   2.,   6.,   3., 278.,  11.,   3.,   5.],
        [  2.,  28.,   5.,   3.,  12.,   5.,   5., 275.,   5.,  31.],
        [ 48.,   5.,   6., 127.,   4.,  17.,   1.,   9., 220.,   3.],
        [  8.,  17.,   9.,   9.,  15.,  16., 241.,  18.,   3.,   5.],
        [  3., 266.,   4.,   6.,   3.,   3.,   6.,   8.,   5.,   2.],
        [284.,   9.,  10.,   5.,  12.,  11.,   5.,   4.,   6.,   4.],
        [ 35.,   6.,  14.,   3.,   7.,   7.,   8.,  16., 261.,   8.],
        [  6.,   8.,   7.,  11.,  10.,  31.,  13.,  16., 270.,   8.],
        [  8.,  10.,   0., 294.,   6.,  11.,   4.,  11.,   6.,   3.],
        [ 28.,   6.,  14.,   3.,  21.,   9., 155.,  44.,   8.,   7.],
        [  5.,  17.,   7.,   7.,   9., 284.,   7.,  10.,   7.,   4.],
        [ 16.,   7.,   1.,  17.,  10., 284.,  10.,   2.,   3.,   2.],
        [  9.,   5.,  22., 277.,   1.,   6.,  11.,  15.,   2.,   5.],
        [  6.,   7.,   9.,   9., 281.,   5.,   5.,  20.,  10.,  11.],
        [  7.,  25.,   9.,   3.,   5.,   3.,  36.,  16., 267.,  10.]],
       device='cuda:0')
Epoch 1 | Batch 700
tensor([[  3.,   2.,   3.,   5.,   6.,  17.,   2., 293.,   6.,   6.],
        [  3.,  30., 281.,   7.,   5.,  11.,  11.,   2.,  18.,   9.],
        [  6.,  11., 275.,   3.,  13.,  12.,   4.,   6.,   6.,   7.],
        [  3., 288.,  10.,  11.,   4.,   8.,   7.,   3.,  11.,   4.],
        [  5.,   3.,  21.,   8.,  11.,  22.,   7.,   2., 278.,   8.],
        [ 12.,   6.,   8.,   4.,  20.,   9.,   5.,  41.,  17., 261.],
        [  7.,  10., 149.,   9.,  16.,  12.,   4.,   9.,   2.,  13.],
        [  1.,  31.,   4., 260.,   6.,   9.,   3.,   9.,   6.,   7.],
        [ 13.,  10.,   2., 171.,   5.,  15.,  12.,  22.,   3.,   5.],
        [293.,   6.,   5.,  14.,   3.,  14.,   3.,   5.,   3.,   7.],
        [ 22.,   1., 216.,  54.,   5.,  29.,   6.,   1.,  10.,   9.],
        [ 16.,   5.,  14.,   6.,  18.,   9., 268.,   4.,  12.,  12.],
        [  3., 282.,   9.,   8.,  14.,   7.,   5.,   8.,   9.,   6.],
        [  8.,   5.,   3.,   9., 276.,  17.,   3.,   6.,  10.,  10.],
        [  3.,  18.,  12.,  11.,   9.,  13.,   3.,   5., 258.,   9.],
        [  1.,  20.,  17.,   9.,   4.,   8.,   4., 274.,  21.,   8.],
        [  5., 266.,  11.,  11.,   8.,  13.,   5.,   6.,  23.,   4.],
        [  1.,  15.,   9.,  12.,   8.,  14.,   4., 254.,  12.,  14.],
        [  2., 288.,   5.,  15.,   6.,  11.,   5.,  12.,   8.,   8.],
        [  4.,  18.,   3., 266.,   9.,   6.,   6.,   7.,  15.,  10.],
        [ 99.,   5., 236.,  22.,   2.,  26.,   1.,  35.,  11.,   8.],
        [  6.,  13., 265.,   4.,   9.,   8.,   2.,   4.,  49.,  11.],
        [ 10.,   5.,  14.,   3.,  30.,   8.,   4.,  18.,  11., 270.],
        [  4.,  10.,   8.,  11.,   7.,  15.,   5.,   4., 258.,  12.],
        [  4.,   7.,  15., 230.,   7.,   5.,   3.,  13.,  70.,  15.],
        [  2.,   7.,   5., 288.,   5.,  16.,   0.,   4.,  13.,   2.],
        [291.,   5.,   6.,  11.,   7.,  18.,   4.,  15.,   6.,   8.],
        [  9.,   2.,  14.,   5., 278.,  10.,   3.,   4.,  10.,   6.],
        [  2.,   5.,   8.,  14.,   7.,   6.,   3., 255.,   9.,   7.],
        [236.,   5.,   5.,  15.,   8.,  25.,   8.,   6.,  19.,  10.],
        [  7.,  20.,  13.,   4.,   3.,   4.,   4.,  11., 277.,   9.],
        [  2.,  10.,   4.,  13.,  18., 184.,   6.,  13.,  18.,  19.],
        [280.,   5.,   5.,  10.,   5.,  17.,   7.,   4.,   6.,   7.],
        [  4.,  10.,   5.,  22.,   2.,  17.,  10.,   4., 270.,   7.],
        [276.,  10.,   6.,  10.,  11.,  11.,  12.,  73.,   5.,   9.],
        [  7.,   8.,  12.,   9.,  35.,  11.,   8.,  16.,  13., 264.],
        [  4.,   8.,   8.,  31., 257.,   7.,   6.,  17.,   7.,  17.],
        [ 24.,   6.,   5.,   5.,   5.,   8.,   6., 275.,   8.,   8.],
        [  6.,   5.,  12.,  11.,  30.,  16.,   4.,   6.,  19., 254.],
        [ 13.,   7.,   7.,  11.,  66.,  15.,   7.,  24.,  18., 236.],
        [  1.,   8.,   8.,   5.,  10.,   7.,   4., 284.,  11.,   5.],
        [  6.,   4.,   5.,  10.,   3., 273.,   8.,   0.,  42.,   6.],
        [  5.,  29.,   6.,   9.,   5.,  11.,   4.,  13., 278.,  10.],
        [  5.,   6.,   3.,   3., 290.,   8.,   0.,  14.,   5.,  11.],
        [  6.,   5.,   3.,  11.,  20.,  33.,   3.,  21.,   9., 250.],
        [  1.,  18.,   9.,  22.,  10.,  19., 186.,  13.,  14.,   9.],
        [  7.,  19.,   6.,   7.,   3.,  10.,  28.,   3., 274.,   8.],
        [  4.,  13.,   4.,  10.,   6.,  11.,   8.,   5., 279.,  19.],
        [  3., 285.,   7.,  12.,   4.,   8.,   7.,   5.,  11.,   5.],
        [  3., 283.,   8.,   9.,   3.,   7.,   8.,   3.,   8.,   4.],
        [  9.,   8.,   4.,   6., 275.,  14.,   7.,  15.,  10.,   8.],
        [ 14.,   8., 287.,   3.,   6.,   6.,  15.,   1.,  11.,   5.],
        [  1.,  32.,  14.,  10.,   4.,   9.,   3., 280.,   9.,   7.],
        [  8.,   2.,   4.,  10.,   4., 276.,  29.,   1.,  38.,   8.],
        [  8.,  16.,   5., 259.,  11.,   8.,   3.,   7.,  20.,  14.],
        [  7.,  17.,   3., 272.,  11.,   5.,   6.,   6.,  29.,   9.],
        [  6.,  22.,   2.,   6., 273.,  13.,   5.,   5.,   8.,   6.],
        [  5.,   9.,   4.,   5.,  11.,  17.,   5.,  13., 273.,  24.],
        [  1.,   7.,   2.,   9.,   8.,   7., 285.,   5.,   7.,   7.],
        [  0.,  10.,   9.,   9.,   5.,   9.,   3., 283.,   5.,   8.],
        [  5.,  39., 262.,   8.,   3.,  19.,   0.,   4.,  34.,   4.],
        [281.,   7.,   6.,   7.,  10.,  13.,   5.,  12.,   6.,  15.],
        [  0.,   2.,   6.,   6.,  11.,  11.,   1., 295.,   6.,   4.],
        [  4.,  17.,   5.,   7., 274.,   9.,   6.,   9.,  10.,   7.]],
       device='cuda:0')
Epoch 1 | Batch 800
tensor([[  3.,   7.,  12.,   8.,  22.,   4.,   5.,  25.,  16., 271.],
        [  1.,  51.,  13.,   8.,   4.,   7., 243.,   9.,  21.,   8.],
        [  1., 267.,  13.,   3.,   5.,   7.,   6.,   7.,   8.,   5.],
        [  1., 285.,   8.,   5.,   5.,   6.,   5.,   6.,   8.,   8.],
        [  2.,  10.,   3., 282.,   4.,   6.,   1.,  13.,  11.,   2.],
        [  0.,  19.,   6.,   7.,   6., 244.,   8.,  31.,  11.,  22.],
        [  4.,   3., 295.,   5.,  12.,   5.,   4.,   6.,   3.,  10.],
        [  0.,   3.,   1.,   9.,   9.,   7.,   2., 286.,  10.,   6.],
        [ 22.,   6.,   7.,   3.,  29.,   5.,  13.,  31.,   7., 243.],
        [  4.,  28.,  16.,   9.,   2.,   6.,   5.,  38.,  17., 234.],
        [  2.,   4.,   6.,   2., 274.,   7.,   8.,  15.,  18.,   9.],
        [  1.,  14.,  17.,   2.,  11.,   1., 289.,   7.,   6.,  10.],
        [271.,   4.,  10.,  12.,   5.,   4.,  19.,   8.,  17.,   9.],
        [  7.,   7.,  29.,   8., 252.,   4.,  63.,   9.,  11.,  13.],
        [  3.,  13.,  11.,   2.,  13., 201.,   3.,  11.,  20.,   9.],
        [  7.,  25.,  18.,   6.,   7.,   2., 153.,  16.,   6.,   6.],
        [  7.,  16.,  12.,  14.,   7.,   5.,   8.,   8., 280.,   6.],
        [  5.,   5.,   6.,  10., 278.,   4.,  10.,   7.,   4.,  28.],
        [  2.,  28., 197.,  14.,   7.,   8.,   0.,  13.,  70.,   3.],
        [  3.,   6.,  21.,   3.,  27.,   3.,   3.,  17., 267.,  31.],
        [153.,   4.,  10.,   7.,  12.,   8.,   3.,  15.,  28.,  31.],
        [  4.,  12.,  14.,   4.,  15.,   3.,   6.,  20.,  16., 274.],
        [  1., 277.,  15.,   5.,   5.,   7.,   7.,  10.,  12.,   7.],
        [ 13.,  20.,   9.,   6.,   4., 261.,   3.,   5.,  21.,   9.],
        [  2.,  13.,   9.,  12.,   4.,   7., 275.,   8.,  19.,  10.],
        [  2.,   8.,  13., 279.,   3.,   3.,   9.,  17.,   3.,   5.],
        [  1., 275.,  23.,   6.,   4.,   7.,  11.,  10.,  17.,   5.],
        [  1.,  10.,  12.,  15.,  29.,   5.,   6.,   8., 246.,  13.],
        [  5.,   9., 264.,   3.,   2.,   4.,   4.,   8.,   8.,  11.],
        [  3.,  14.,   8., 276.,   5.,   5.,   8.,   6.,  19.,   7.],
        [  8.,   6.,  12.,  72.,   3.,  23.,   5.,  20.,  41.,  62.],
        [  2.,   9.,   8.,   7., 244.,   5.,   6.,  15.,  14.,  14.],
        [  3.,   3.,  11.,   7., 280.,   4.,   4.,  11.,   9.,  11.],
        [  7.,   8., 215.,   0.,   5.,   4.,   5.,  49.,   2.,   7.],
        [ 12.,  13.,  25.,   6.,   9.,   5., 253.,  18.,  10.,   9.],
        [  1.,  12.,   6.,   6.,  18., 262.,   5.,  28.,  24.,  16.],
        [  1.,  13.,   9., 272.,   2.,   4.,   2.,  10.,  34.,   6.],
        [  2.,   5.,  11.,   0., 284.,   6.,  19.,   7.,   6.,  11.],
        [ 17.,   7., 270.,   6.,   0.,   8.,   7.,  16.,   9.,   6.],
        [  3.,   9.,  13.,   3.,  32.,   3.,  10.,  23.,  18., 269.],
        [  8.,   4., 282.,   3.,   0.,  14.,   4.,  17.,  13.,   9.],
        [ 36.,   7.,  10.,   2.,  16.,   3.,  13.,  11.,  17., 263.],
        [  5.,  14.,  26.,   8.,   9.,   6., 257.,  11.,  16.,   8.],
        [  0., 254.,   8.,   2.,   4.,   4.,   2.,   7.,   5.,   5.],
        [  0.,   6.,  10., 248.,  30.,   6.,   6.,  27.,  17.,  11.],
        [  2.,   9.,  11.,   5.,  23.,   4.,   4.,  29., 236.,  27.],
        [  6.,  18.,  16.,   6.,  35.,   5.,   7.,   6., 228.,   7.],
        [  3.,  11.,   4.,   9., 282.,  11.,   4.,   5.,   8.,  12.],
        [  0.,   8.,   9.,   9.,  10.,   4.,   5., 279.,  11.,  14.],
        [  0.,  35., 283.,   7.,   0.,   5.,  10.,  11.,   5.,   4.],
        [279.,   7.,   7.,   3.,   5.,   5.,  14.,   9.,  12.,   8.],
        [272.,  12.,   6.,  12.,   1.,   5.,   4.,   9.,  14.,  11.],
        [  3.,   4.,   6.,  19.,  16.,   7.,   3., 211.,  13.,  18.],
        [  2.,  44.,  12.,   3.,   4.,   1.,  19.,   9., 252.,  13.],
        [  3.,   4.,  18., 285.,   4.,   2.,  15.,   6.,   7.,   6.],
        [286.,   8.,   3.,  12.,   6.,   6.,   1.,  18.,   8.,   8.],
        [ 11.,   6., 266.,   6.,   0.,   9.,   3.,  58.,  15.,  13.],
        [  3.,   9.,   7.,  12.,   6.,  12.,   8.,   9.,  16., 231.],
        [  4.,  10.,  21.,   5.,   9.,   6., 265.,  19.,  16.,  19.],
        [ 13.,  21.,  20.,   4.,  10.,  18.,   5.,   7., 221.,   5.],
        [270.,  10.,   6.,  13.,  11.,   6.,  10.,  10.,   8.,   8.],
        [  0.,   6.,  21., 255.,  20.,   2.,   8.,  21.,   7.,  13.],
        [  4.,  15.,  10.,   7., 264.,   4.,  16.,  18.,   9.,  18.],
        [  4.,  13.,  16.,   7.,   6.,   7.,   6.,  20.,  22., 259.]],
       device='cuda:0')
Epoch 1 | Batch 900
Switching label layer to Inference Mode (LIF)...
Epoch 1 DONE | Test Acc: 75.88% | Time: 773.3s
Switching label layer back to Training Mode (Clamp)...
tensor([[  1.,   3.,   2.,   6., 275.,   3.,   7.,  13.,   5.,  36.],
        [  4.,   3.,   2.,   6.,  10.,  12.,   6., 293.,   2.,  27.],
        [  1., 273.,   6.,   7.,   7.,  22.,   6.,  11.,  11.,  12.],
        [ 10.,   2.,   9.,   3., 286.,   4.,   9.,  11.,   1.,  10.],
        [  4.,   4.,   7.,  10.,  33.,  18.,   7.,  18.,  10., 271.],
        [  4.,   6.,   6.,   8.,  13.,   9.,   8.,  29.,   8., 280.],
        [  6.,   5.,   7.,  18.,   7.,  20.,   8.,  17.,   8., 273.],
        [ 17.,   4.,   3.,  24.,   1., 284.,   8.,   5.,   6.,   6.],
        [  2., 287.,   5.,   8.,   4.,   9.,   9.,  10.,  11.,  11.],
        [ 58.,   2.,  23.,  10.,   5.,   6.,  16.,  14.,   5., 225.],
        [  7.,   2.,   5.,   7., 283.,   5.,   3.,  10.,   1.,  23.],
        [  8.,  10.,   7.,   7.,   7., 256.,   5.,  13.,   6.,  21.],
        [  3.,   8.,   5.,  10.,  18.,  13.,   9.,  13.,   9., 273.],
        [ 10.,   3.,   1., 285.,   7.,   6.,   6.,   6.,   3.,  29.],
        [  5.,   9.,   9.,   6.,   3.,  10.,   6.,  11., 268.,  70.],
        [ 10.,   6.,   2., 269.,   3.,  21.,  17.,  12.,   3.,  16.],
        [  8.,   2.,   1.,   7., 269.,  11.,   6.,  14.,   5.,  27.],
        [  1., 287.,   6.,   9.,   5.,   7.,   6.,  12.,   7.,  11.],
        [  3.,   8., 259.,   4.,   9.,   7.,  10.,  13.,  81.,  41.],
        [  4.,   3.,   2.,   9., 282.,   9.,   3.,  14.,   2.,  20.],
        [  0.,   4.,  10.,   8.,  11.,   5.,   6., 274.,   4.,  26.],
        [  8.,   3., 278.,   7.,  13.,   8.,   3.,  10.,  15.,  30.],
        [  3.,   6.,   4.,  10.,  12.,  11.,   9.,  38.,   4., 277.],
        [  2.,   4.,   3.,   8., 282.,   6.,   3.,   9.,   3.,  22.],
        [  2.,   3.,  31., 265.,   9.,   2.,   7.,   7.,   2.,  16.],
        [  2., 135.,  21.,  10.,  14.,   9.,   7.,   5.,  18.,   7.],
        [  2.,  24.,   3.,   9., 259.,   5.,   5.,  12.,   6.,  12.],
        [  9.,   2.,   0.,  15.,  28.,   8.,  17., 265.,   6.,  21.],
        [  4.,  10.,   8.,  12.,  46.,   7.,   8.,  13.,   7., 270.],
        [  1.,  18.,  12.,  10.,   6.,   3.,   5., 258.,  14.,  21.],
        [ 25.,  12.,  14.,   9.,  11.,   8., 248.,  10.,   9.,  15.],
        [ 49.,   1., 288.,  11.,   2.,   6.,  11.,   3.,   1.,   7.],
        [271.,   2.,   4.,   9.,   4.,   6.,  45.,  21.,   5.,  22.],
        [  7.,   6.,   6.,  25.,   6., 282.,   5.,   7.,   6.,  10.],
        [  7.,   3.,   4.,   3.,   3., 207.,   5.,  17.,   0.,   6.],
        [  2.,   4.,  11.,  10., 273.,   4.,   5.,  13.,   5.,  18.],
        [ 41.,   4.,   3., 276.,   3.,  17.,   7.,   6.,   1.,   7.],
        [ 23.,  17., 270.,  13.,   1.,   5.,  11.,   4.,  14.,   9.],
        [  8.,   9.,  17., 255.,  11.,  11.,   6.,   6.,   3.,  12.],
        [232.,   4.,   4.,   0.,   5.,   0.,  11.,   9.,   1.,  16.],
        [ 39.,   2.,   1.,   4.,  25.,   9.,   3., 278.,   1.,  46.],
        [  3.,   5.,   6.,  11.,   6.,   7.,   7.,  33.,  11., 279.],
        [  6.,  24.,  10.,  18.,   3.,   5.,   6.,  14., 263.,  25.],
        [  9.,   2.,  10.,   7.,  46.,   2., 256.,  60.,   3.,  13.],
        [  6.,   7.,  12.,   4.,   9.,   3.,  12.,   7., 266.,  17.],
        [  1.,   7.,   6.,   3.,   3., 269.,  10.,   5.,   4.,   9.],
        [  5.,  11.,   8., 273.,  12.,   4.,   5.,   7.,   4.,  16.],
        [  7.,   5.,   8.,   6.,  46.,   6.,   4.,  19.,   6., 277.],
        [  4.,   4., 288.,   8.,  17.,   3.,   2.,   2.,   0.,  29.],
        [279.,   6.,  10.,   1.,   7.,  15.,  13.,  12.,   4.,  13.],
        [  6.,  11.,  11.,   1.,   4., 283.,  11.,   5.,   5.,  11.],
        [ 71.,   0., 289.,  12.,   0.,   4.,   4.,   5.,   2.,   6.],
        [  6.,  14.,   7.,  15.,   4.,   8.,   9.,   9., 265.,  14.],
        [ 44.,   2.,   1.,   9.,  13.,   9.,   4., 268.,   2.,  17.],
        [ 19.,   3.,  19.,   4.,   8.,   4., 274.,  12.,   2.,  12.],
        [  7.,   5.,   7.,  11.,  11.,   7.,   6.,  26.,   5., 278.],
        [ 16.,   7.,   6.,  27.,   2.,  17.,   8.,  11., 266.,  20.],
        [  4.,   2.,   3.,   8.,  14.,  10.,  12., 257.,   4.,  21.],
        [  7.,   3.,  11., 205.,   4.,   2.,  43.,  50.,   4.,  18.],
        [  2., 155.,  14.,  13.,   8.,   5.,   4.,   7.,   9.,  10.],
        [294.,   4.,   6.,   2.,   5.,   1.,  22.,  13.,   3.,  10.],
        [  6.,   4.,  11.,   9.,   9.,   6., 279.,  12.,  14.,  19.],
        [  4.,   1., 287.,   9.,   6.,   6.,   4.,   7.,   5.,  12.],
        [279.,   3.,   6.,  44.,   2.,  11.,   3.,   9.,   0.,  11.]],
       device='cuda:0')
Epoch 2 | Batch 0
tensor([[  4.,   6.,   9.,   2., 270.,  16.,   5.,  30.,   6.,  10.],
        [284.,   6.,   8.,   0.,   9.,  61.,   9.,   4.,   4.,   5.],
        [ 17.,   7.,   9.,   0.,   4.,  24., 272.,   7.,   2.,   7.],
        [262.,   6.,   8.,   1.,  15.,  20.,  15.,  10.,  11.,  18.],
        [  3.,   3.,  13.,   5.,   6.,   9.,   3., 283.,   7.,  14.],
        [ 12.,  77.,   7.,   1.,   4.,  46.,  10.,   6., 177.,   4.],
        [  7.,   3., 279.,   1.,  17.,  10.,   3.,   5.,  12.,   9.],
        [  0.,  70.,  13.,   3.,  10.,   8.,   7., 251.,   6.,  15.],
        [  9.,   5.,   7.,   2.,   2.,   8.,   4., 259.,   4.,   4.],
        [  9.,   6.,   7.,   0.,  23., 279.,   5.,   7.,   5.,   8.],
        [  7.,   5.,  26.,   3., 280.,  11.,   6.,  10.,   3.,  25.],
        [ 10.,   4.,   9.,   0., 282.,  11.,   7.,  18.,   6.,   6.],
        [ 15.,   6.,  12., 264.,   8.,  32.,   9.,   5.,   1.,   6.],
        [  1.,  18., 264.,   1.,   5.,   9.,   6.,  11.,   2.,   5.],
        [  8.,   4., 273.,   0.,  14.,  16.,   9.,  14.,   6.,  15.],
        [  2.,  16.,   7., 190.,  13.,  22.,  33.,  12.,   3.,   6.],
        [ 11.,  17.,   9.,   0.,   3.,   7.,  15.,  12., 274.,  11.],
        [  5.,   6., 273.,   0.,  19.,  12.,   9.,  14.,   7.,  11.],
        [  4.,   8.,   6.,  20.,   8., 277.,   1.,   3.,  10.,   8.],
        [  2., 275.,   6.,   3.,   3.,   6.,   3.,  13.,   2.,   8.],
        [ 10.,   5.,  11.,   4.,   5.,  14., 282.,  12.,   2.,   7.],
        [  3.,   8.,  34.,   3., 269.,   7.,   5.,   8.,   4.,   9.],
        [  9.,   5.,  11.,   2.,  23.,   9.,   3.,  19.,   7., 275.],
        [ 17.,   9.,   9.,   7.,  11., 272.,  10.,   4.,   4.,   5.],
        [  2.,  10.,   5.,   4.,   3., 282.,   3.,  18.,   8.,  23.],
        [  1.,  18., 279.,   1.,  15.,  10.,   9.,   9.,   4.,   9.],
        [266.,   7.,  10.,   1.,   8.,  13.,   5.,   8.,  11.,  10.],
        [ 34.,   6.,   9.,   0.,  24.,  15.,   5., 263.,   4.,  17.],
        [  7.,  16.,   4., 257.,   5.,  32.,   7.,   4.,   7.,   9.],
        [263.,   9.,  10.,   3.,   8.,  18.,  85.,   8.,  15.,   8.],
        [ 10.,   3.,   9.,   1.,   6.,   9.,   4., 270.,   4.,  21.],
        [  4.,   4.,  16.,   0.,  27.,   9.,   5.,   9.,   7., 270.],
        [281.,   4.,  34.,   1.,   8.,  10.,  23.,  12.,   3.,   6.],
        [  7.,   5.,  14.,   0.,  19.,  10.,   5.,  15.,   5., 273.],
        [ 14.,   6.,  16.,   1.,  26.,  10.,   5.,  11.,   6., 274.],
        [ 17.,   6.,  15.,   3.,   8.,  27., 280.,   7.,   5.,   9.],
        [  3., 290.,   8.,   1.,   3.,  11.,   7.,  12.,   4.,   7.],
        [  6.,   2., 291.,   2.,   7.,  14.,  26.,   9.,   0.,   4.],
        [  3.,   7.,   8.,   1., 257.,   8.,   6.,  35.,   4.,   8.],
        [  7.,   6.,   8.,  27.,   5., 282.,   1.,   9.,  15.,  12.],
        [  1.,   4.,   5.,   8.,  13.,  21.,  11., 254.,   8.,  14.],
        [159.,  14.,  20.,   1.,  11.,  87.,  10.,   5.,   3.,   5.],
        [280.,   5.,  10.,   4.,   8.,  22.,   3.,   9.,   5.,   9.],
        [  5., 275.,  25.,   2.,   5.,   8.,   9.,   8.,  12.,   2.],
        [  3.,   9.,  18.,   5., 267.,  13.,   4.,   8.,   4.,  31.],
        [  2.,  19., 249.,   1.,  25.,  14.,   5.,  62.,   5.,  13.],
        [ 12.,   6.,   9.,   0., 266.,  12.,  14.,  16.,   6.,   3.],
        [  6.,  12.,   9.,   2.,   6.,  34.,   8.,   8.,  13., 256.],
        [  3.,  11.,  15.,   3.,   5.,  12., 270.,   9.,   7.,   6.],
        [  5.,   9.,   3., 281.,   3.,  16.,   1.,  17.,   4.,   7.],
        [  4.,   9.,  12.,   2.,  15., 268.,  45.,   7.,   4.,   7.],
        [  3.,   8.,  11.,   1.,   9.,  14.,   6., 284.,   9.,   7.],
        [281.,  10.,  24.,   4.,   7.,  16.,   6.,   8.,   1.,   5.],
        [  4., 292.,   9.,   1.,   4.,  10.,   8.,  12.,   5.,   5.],
        [  1.,   2.,   6.,   1.,   4.,   5.,   4., 264.,   2.,   5.],
        [ 10.,  12.,   7.,   0.,   5., 284.,   6.,  10.,   3.,   4.],
        [  2.,  10.,   9.,   4.,  18.,  14.,  10., 262.,   6.,   7.],
        [  5.,   9.,  10.,   0.,  30.,  11.,   4.,  14., 196.,  28.],
        [  7.,   5.,  31.,   1.,  13.,   8., 279.,  18.,   1.,   7.],
        [  4., 276.,  13.,   2.,   3.,  13.,   9.,   8.,   9.,   3.],
        [ 19.,   3.,  74.,   2., 272.,   8.,  11.,   5.,   1.,   7.],
        [  7.,   5.,  15.,   2.,  10.,  16., 285.,   6.,   3.,   6.],
        [ 28.,   4.,  20.,   1.,  31.,  14.,   9.,  14.,  10., 235.],
        [260.,   6.,  12.,   1.,  20.,  19.,   7.,  12.,  15.,  11.]],
       device='cuda:0')
Epoch 2 | Batch 100
tensor([[  2., 275.,  27.,  10.,   6.,   5.,   3.,   5.,  16.,   4.],
        [  1.,   1., 286.,  22.,  11.,   8.,   4.,   4.,   1.,   9.],
        [ 10.,   2., 225.,   8.,   2.,   8.,   4.,  39.,   8.,  15.],
        [  3.,   7., 291.,   3.,   6.,   6.,   6.,   3.,   1.,   4.],
        [  2., 277.,  46.,   8.,   9.,   7.,   5.,   6.,  17.,   2.],
        [ 14.,   4.,   8.,   2.,   4.,   6.,   3.,  50., 277.,  16.],
        [  4.,   9., 286.,   5.,   6.,   7.,  17.,   3.,   3.,   4.],
        [  3.,  11.,   6., 268.,   5.,   5.,   6.,  18.,   6.,  13.],
        [  8.,   3.,   5.,   7.,   4.,   6.,   3., 284.,  10.,  21.],
        [  8.,  11.,   9.,   5.,   3., 269.,   5.,   8.,  17.,   5.],
        [  1.,   6.,   2., 266.,   7.,  20.,  14.,  21.,  19.,  14.],
        [301.,   1.,   4.,   8.,   1.,   2.,   0.,   8.,   2.,   3.],
        [  1.,  37.,   8.,  21.,  12.,   9.,   5.,   6., 256.,  12.],
        [  0., 199.,   7.,  12.,   9.,  23.,   6.,   6.,  11.,   5.],
        [  2., 273.,   7.,  10.,   7.,  12.,   9.,   8.,  19.,   8.],
        [ 13.,  15.,   4.,   2.,  13.,   2.,   9.,  19., 221.,  17.],
        [  1.,   3.,  15., 283.,  11.,   4.,   3.,   7.,  16.,  10.],
        [  3.,   4.,   8.,   3.,  13.,   7., 272.,   8.,   4.,   8.],
        [  1.,  44.,   9.,  11.,   4.,  12.,   7., 260.,  25.,   8.],
        [  4.,   3., 289.,  11.,   4.,   7.,   3.,   6.,   4.,   6.],
        [  2., 275.,   7.,   4.,   6.,   7.,   2.,   7.,   5.,   3.],
        [ 22.,   4.,  10.,  34.,   6.,  11.,   2.,   4., 252.,  12.],
        [  6.,   2.,   4., 292.,   3.,   7.,   0.,   4.,  27.,   4.],
        [  0.,   3.,   4.,  19.,   7.,  25.,   3., 292.,  12.,   5.],
        [  2., 279.,   8.,   7.,  10.,   8.,   3.,   9.,   8.,   6.],
        [ 12.,   3.,  11.,   6., 235.,   8.,  14.,  14.,   6.,   5.],
        [ 15.,   6.,  13.,   8.,   4.,   6., 269.,   4.,  10.,  14.],
        [  3.,  16.,  11.,  10.,   2.,   6., 277.,   4.,  17.,   9.],
        [ 10.,   1.,   9.,  35.,   4.,  10.,   4.,   6., 276.,   7.],
        [  6.,   6.,   4.,  10.,   8., 262.,   6.,  26.,  57.,  10.],
        [ 11.,   1.,  10., 293.,   0.,   9.,   4.,   7.,   3.,   7.],
        [  2., 281.,   7.,  11.,   4.,   9.,   6.,   8.,  13.,   6.],
        [  6.,   5.,   6.,  12.,   3.,  10.,   5., 285.,  13.,   8.],
        [  8.,  12.,  11.,  15.,   7.,  10., 242.,   7.,   9.,   7.],
        [  6.,   4.,  10.,  35.,   2.,   7.,   3.,   6., 282.,   7.],
        [  1.,   3.,  13.,  38., 177.,  11.,   1.,   9.,   5.,   6.],
        [  1., 277.,  20.,   5.,   7.,   4.,   3.,   8.,   8.,   2.],
        [  2.,   1., 301.,  10.,   4.,   5.,   3.,   2.,   6.,   2.],
        [  5.,  18.,   9.,  15.,   6.,  12.,   7.,  21., 248.,  18.],
        [ 12.,   9.,  10.,  19.,   2., 182.,  12.,   3.,   8.,   5.],
        [  7.,   4., 289.,  24.,   0.,   6.,   3.,   1.,  17.,   2.],
        [ 13.,   4.,   3.,  20.,   5.,  12., 265.,   8.,   5.,  10.],
        [  2.,  41.,   6.,   0.,  13., 261.,   5.,  13.,   7.,   5.],
        [  4.,   5.,   3.,   4.,   8.,   9.,   3., 282.,   7.,  15.],
        [ 20.,   2.,  46.,  73.,   2.,   3.,  10.,   4., 262.,   5.],
        [  3.,  17.,  12.,   6.,   2.,   2.,   4.,   9., 284.,   8.],
        [ 31.,   3.,  17.,  31.,   3.,  10.,  13.,   6., 248.,   7.],
        [ 13.,  11.,  25.,  10.,   3.,  10., 261.,   5.,   8.,   8.],
        [288.,   3.,   6.,   5.,   6.,   3.,   5.,   9.,  13.,   6.],
        [  2.,   6.,  17.,   8.,  71.,   5.,  16.,   7., 226.,  11.],
        [ 38.,   3.,  10., 280.,   2.,   7.,   4.,   3.,   4.,   3.],
        [  5.,  87.,  10.,   7.,   3.,   6.,   5.,   9., 274.,   6.],
        [  1., 259.,   2.,   1.,   2.,   5.,   0.,   1.,   3.,   1.],
        [ 69.,   1.,   0.,   7.,  10.,   8.,   1., 264.,   4.,   7.],
        [  6.,   5.,   3.,  28.,  10., 257.,   4.,   8.,  19.,  17.],
        [  2.,   7.,   5.,   6.,   4.,   6.,   4., 283.,  12.,   6.],
        [  4.,  68.,   7.,  11.,   4.,   3.,   5.,  11., 256.,   7.],
        [  2.,  29.,  10.,   2.,  14., 259.,   5.,   5.,  15.,   4.],
        [  3.,   7.,  13., 245.,   3.,   2.,   2.,  25.,  38.,   7.],
        [  4.,   7.,   3.,   3.,   7.,  11.,   3., 286.,   5.,  22.],
        [  1.,  25.,   4., 231.,  10.,   7.,   7.,   6.,   7.,  11.],
        [  3.,  10.,   8.,  26.,   8., 234.,   8.,  10.,  24.,  14.],
        [  6.,   5.,  13.,  19.,  12.,   7.,  13.,  11.,  11., 260.],
        [  2., 266.,  52.,   5.,   0.,  26.,   9.,   1.,   3.,   1.]],
       device='cuda:0')
Epoch 2 | Batch 200
tensor([[259.,   1., 124.,   4.,   2.,   5.,   6.,   6.,   2.,   2.],
        [  7.,  15.,   8.,   5.,   5.,   6.,   7.,  10., 275.,  14.],
        [ 10.,   6.,   4.,   3.,   5.,   7.,   5., 278.,   2.,  12.],
        [  3., 262.,   6.,   6.,   8.,   6.,   4.,  10.,   4.,   6.],
        [ 22.,   2.,  49.,   5.,   5.,   9.,  10.,  22.,   7., 261.],
        [  4.,  20.,   2., 281.,   6.,   9.,   2.,   4.,   6.,   8.],
        [  3.,  30.,   2.,   7., 211.,   8.,   3.,   6.,   3.,   7.],
        [  4.,  30.,  10.,  15.,   9.,  10., 249.,   8.,  25.,  10.],
        [  6.,  13.,   9.,   9.,  10.,  13.,  12.,  16.,  11., 253.],
        [  2.,   8.,   8.,  21., 256.,  10.,  11.,  14.,   4.,  15.],
        [ 11.,   3.,   3.,   8.,   9.,  11.,   4.,   7.,   7., 275.],
        [  2., 247.,   3.,   5.,   7.,   4.,   1.,   6.,   3.,   2.],
        [  2.,   3.,   6.,   7.,   1.,   5.,   3., 295.,   2.,  11.],
        [ 11.,   5., 287.,   2.,  11.,   5.,   5.,   4.,   1.,   7.],
        [ 14.,  16.,   5.,   4.,  11.,   5.,   6.,   8., 250.,  12.],
        [ 22.,   3.,   4.,   9.,  11., 247.,   8.,  20.,   5.,  11.],
        [  3.,   6.,   2.,  12., 268.,  11.,   3.,  12.,   8.,  12.],
        [  4.,  13.,   4.,   8., 259.,   6.,   5.,  10.,   6.,   3.],
        [  8.,   7.,   5.,  15.,   4.,  11.,   5.,  21.,   7., 272.],
        [ 14.,   6.,  33.,  67.,   3., 223.,   6.,   8.,   5.,   2.],
        [  6.,  19.,   8.,   4.,  26., 273.,   5.,   7.,   6.,   5.],
        [  7.,   6.,   4.,   4., 267.,   6.,   4.,  11.,   2.,  11.],
        [ 18.,   7.,   0.,   2.,  37., 274.,   3.,   8.,  20.,  13.],
        [  3., 262.,   3.,   6.,   6.,   3.,   3.,   4.,   2.,   4.],
        [  1.,  15.,  19.,  17.,   7.,   5.,   2., 252.,   6.,   6.],
        [ 18.,   4.,   1.,  28.,  10., 263.,   2.,   1.,  18.,  10.],
        [292.,   2.,   2.,   6.,   7.,   9.,   6.,   3.,   8.,   4.],
        [ 49.,   4.,  13.,   1.,   7.,   4., 254.,  25.,   1.,  14.],
        [  5.,  14.,   2.,   1.,  13., 265.,   9.,   9.,   1.,   5.],
        [  8.,  19.,   4.,   6.,  23.,  13.,  10.,   4., 255.,  12.],
        [271.,   2.,  71.,   7.,   4.,  14.,  28.,  12.,   5.,   8.],
        [288.,   3.,   7.,  10.,   4.,  13.,   3.,   5.,   4.,   8.],
        [  2., 269.,  10.,   8.,  10.,   7.,   3.,   9.,   9.,   5.],
        [ 12.,  22.,  20.,   2.,  10., 232.,   7.,  25.,   8.,   7.],
        [274.,   9.,   2.,  26.,   8.,  13.,   4.,   6.,  13.,   7.],
        [ 22.,  63.,   6.,  11.,   5.,   3.,   6.,   3., 252.,   3.],
        [  5.,  14.,   7., 289.,   2.,  11.,   3.,   2.,   9.,   2.],
        [289.,   2.,  11.,   9.,   5.,  10.,   5.,   7.,   4.,   9.],
        [  4.,   1.,   6.,   5.,  24.,   8.,   7., 276.,   5.,  18.],
        [  5.,  42.,   5.,  14., 210.,  12.,   8.,  12.,  20.,   9.],
        [  5., 279.,   6.,  10.,   8.,   8.,   8.,   4.,   8.,   7.],
        [292.,   1.,  12.,   2.,   1.,  12.,   9.,   3.,   7.,   5.],
        [ 19.,   3.,   6.,  16.,   3.,  10.,   4.,   2., 275.,  12.],
        [ 12.,  30.,  10.,  10.,   3.,   6.,  10.,   4., 267.,   7.],
        [ 81.,   3., 271.,   5.,   8.,   8.,   2.,   3.,   6.,   9.],
        [  2., 276.,  17.,  10.,  10.,   8.,   4.,  10.,   9.,   3.],
        [  2.,  18., 256.,   7.,   5.,   4.,  23.,   7.,   7.,   4.],
        [  8.,   6.,   3.,   5.,   3.,   9.,   6., 291.,   3.,  11.],
        [  6., 257.,   4.,  10.,  21.,  45.,   6.,   7.,  16.,  13.],
        [  6.,   3.,   0., 291.,   5.,  19.,   4.,   3.,  11.,   5.],
        [ 57.,   1., 151.,  12.,   6.,   7.,   5.,   2.,   8.,   3.],
        [ 12.,  22.,   3.,  12.,   4., 187.,   4.,   6.,   8.,   7.],
        [275.,  13.,   4.,  38.,   9.,  32.,   2.,   6.,   2.,   6.],
        [ 18.,  17.,  13.,  10.,   2.,   6.,   9.,  12., 250.,  13.],
        [295.,   3.,  16.,   6.,   2.,  10.,   6.,   4.,   5.,   5.],
        [  8.,  29.,   8.,   3., 265.,   7.,  15.,   5.,   4.,   2.],
        [  4.,  12.,   2.,  30.,   3.,  16., 256.,   4.,  45.,   7.],
        [  3.,   8.,   4., 285.,  10.,   8.,   1.,   2.,  19.,   4.],
        [ 13.,  10.,   2.,  16.,   6.,  11.,   4.,   3., 272.,   4.],
        [  9.,   3.,  12.,   8.,  17.,  13.,   9.,   8.,  13., 254.],
        [  3.,   6.,   9.,   9.,   5.,   7.,   3., 281.,   3.,  13.],
        [  4.,  14.,   3., 287.,   6.,  15.,   2.,   4.,  13.,   4.],
        [  3.,  32.,  11.,   9.,   5.,   9.,   7., 256.,  14.,   4.],
        [275.,   3.,   7.,  15.,   5.,  11.,  13.,  10.,  15.,   8.]],
       device='cuda:0')
Epoch 2 | Batch 300
tensor([[  3.,  16.,  12.,   5.,   6.,   6.,   5.,  10.,   8., 247.],
        [275.,   9.,  11.,  24.,   1.,  19.,   4.,   9.,   3.,   6.],
        [  2.,  18., 259.,   2.,   4.,   3.,   6.,   8.,   9.,   3.],
        [  4.,  10.,  14., 276.,   9.,  13.,   7.,   4.,   7.,   7.],
        [  3., 278.,  11.,  11.,   5.,   1.,   4.,   8.,   5.,   8.],
        [  2.,   8., 269.,  15.,   5.,   3.,  15.,  25.,   6.,   7.],
        [ 21.,   2.,   5.,  19.,   5.,   7.,   5., 277.,   2.,  10.],
        [  3.,   8.,   6.,   5.,   1., 259., 131.,   9.,   2.,   6.],
        [  3.,   8.,  11.,   4.,  16.,   6.,   6.,  10., 232.,  26.],
        [ 14.,  18.,  12.,   1.,  13.,   9.,   5.,  13., 242.,  20.],
        [  9.,  23.,  18.,   0.,  10., 268.,   4.,  13.,  11.,   3.],
        [ 90.,   8.,  14.,   2.,   9.,   3.,   5.,  41.,  10., 220.],
        [  7.,  17.,  12.,   3.,  11.,  14.,   4., 269.,   5.,   8.],
        [  4., 281.,  21.,   7.,   4.,   4.,   5.,  10.,   9.,   7.],
        [  7.,   9.,  13.,   5.,   4.,   7., 274.,  10.,  12.,   7.],
        [  4.,  14.,  15.,   4.,   3.,   5.,   4., 264.,   4.,  12.],
        [  1.,  57., 287.,   4.,   2.,   2.,   4.,   6.,  17.,   2.],
        [289.,   4.,  13.,   4.,   3.,   4.,   2.,  17.,   3.,   5.],
        [  4., 273.,  15.,   8.,   5.,   5.,   3.,  12.,   6.,   8.],
        [  2.,   2.,  19.,   4.,   7.,   0., 266.,  18.,   2.,   1.],
        [  5.,   6., 295.,   8.,   5.,   2.,   1.,  11.,   9.,   2.],
        [  2.,  39.,  24.,   3.,   5.,   2.,  11.,  15., 240.,   8.],
        [  5.,   7.,  15.,   3.,  22.,   8.,  15., 276.,  14.,   3.],
        [ 15.,   6.,   8.,   5., 276.,   5.,   5.,  13.,   3.,   8.],
        [  3.,  30., 277.,   4.,   2.,   3.,   7.,   4.,  21.,   9.],
        [ 24.,   7.,  13.,   5.,   4.,  53., 256.,   7.,   8.,   4.],
        [  2.,  16., 278.,  12.,   2.,   5.,   2.,  20.,   4.,   7.],
        [ 43.,   5.,  20.,   1.,  18.,   5., 141.,  38.,   6.,   3.],
        [  3.,   4.,  11.,   6., 257.,   3.,   3.,  25.,   5.,  12.],
        [  5.,   5.,  10.,   3.,   9.,   6.,   4., 284.,   7.,  14.],
        [  3.,  31.,  14.,  10., 244.,   3.,  13.,  10.,  15.,   6.],
        [ 58.,   7.,   4.,  28.,   4., 281.,   3.,   5.,   3.,   7.],
        [  7.,   2.,  43., 283.,   1.,   9.,   0.,  14.,   7.,   3.],
        [  7.,   7.,  26., 192.,   6.,   4.,   5.,  13.,   4.,  18.],
        [  3.,  33.,  21.,   7.,   2.,   5., 264.,   9.,  38.,   3.],
        [  6.,  15.,  13., 274.,   6.,  12.,   4.,   6.,   4.,   3.],
        [ 16.,   8.,  12.,   3.,   8.,   1., 270.,  26.,   5.,   3.],
        [  5.,  13., 281.,  22.,   2.,   7.,   0.,   5.,  28.,   1.],
        [  6.,   8.,   8.,  11., 250.,   8.,  17.,  27.,   6.,   9.],
        [  4.,   7.,  11.,  10.,  11.,   8.,   4.,  50.,  14., 244.],
        [277.,   8.,  59.,   1.,   3.,   0.,   5.,  12.,   4.,   3.],
        [  4.,  12.,  12.,   6.,  10.,  10.,   9.,  22.,  11., 251.],
        [  3.,  24.,  16.,   5.,   3.,  10.,   4., 199.,   7.,   5.],
        [ 10.,  11.,  12.,   8.,  15.,   8.,   6.,  18.,  12., 254.],
        [  4.,   7.,  12.,   6.,  11.,   5.,   2.,  46.,   9., 250.],
        [  6.,  17.,  19.,   4.,   8.,   3.,  11.,   8., 262.,   8.],
        [120.,   3.,   8.,   4.,   6.,   6.,   3., 269.,   2.,  21.],
        [  2.,  11., 275.,   1.,   2.,   4.,   3.,  22.,   7.,   9.],
        [  5.,   8.,   9.,   3.,  15.,   7.,   4., 275.,   5.,  12.],
        [ 10.,  18.,  26.,   5., 246.,   5.,   8.,  20.,   4.,   8.],
        [  3.,  12., 278.,  17.,   4.,   4.,   0.,  19.,   3.,   5.],
        [ 19.,   5.,   5.,   8., 264.,   8.,   7.,  15.,  14.,   4.],
        [  3.,  12., 283.,   8.,   3.,   7.,   1.,  31.,   6.,   4.],
        [  2.,   5.,  15.,  14., 261.,   5.,   0.,  27.,   5.,  19.],
        [  2.,   4.,  12.,  33.,  12.,   7.,   6.,   8.,  10., 254.],
        [  5.,  20.,   2., 270.,   1.,   9.,   1.,  23.,   8.,   4.],
        [  0.,   5.,   9.,  10.,   2., 267.,   5.,  30.,  14.,  13.],
        [293.,   6.,   7.,   0.,   5.,   0.,  10.,  20.,   0.,   7.],
        [  6.,  15.,   9.,   7.,   6.,   7.,  14.,   4.,  13., 225.],
        [  8.,  12.,   6.,  11.,   5., 281.,   2.,   9.,  16.,  12.],
        [  2., 268.,  10.,   3.,   1.,   1.,   4.,   3.,   3.,   3.],
        [ 12.,  10.,  14., 267.,   3.,   7.,   6.,  18.,   6.,   4.],
        [194.,   5.,  14.,   7.,   1.,   8., 258.,  10.,   4.,   5.],
        [ 22.,   8.,   7.,   8.,   3., 278.,   6.,  15.,   2.,   9.]],
       device='cuda:0')
Epoch 2 | Batch 400
tensor([[  7.,  16.,   3.,  17.,   8.,  19., 241.,   8.,  13.,   8.],
        [  8.,  39.,   4.,  20.,   3.,   1.,   8.,  12., 242.,   7.],
        [ 11.,  76., 264.,  32.,   4.,   2.,   7.,   7.,  12.,   3.],
        [  5.,   8.,   4.,  18., 265.,   6.,   6.,   8.,   8.,  28.],
        [  4.,  35.,   6.,  29.,  12.,   7.,  12.,   7., 266.,  10.],
        [  3.,  12.,   9.,  16.,  11.,   9., 279.,  11.,  15.,  10.],
        [ 12.,   5., 276.,   9.,   4.,   3.,  14.,   9.,  11.,   5.],
        [  5.,   5.,   7.,  22.,  16.,   2.,   6.,  18.,  12., 270.],
        [  7., 284.,   4.,  13.,   6.,   6.,  10.,   8.,   9.,   3.],
        [ 36.,  10.,   8., 198.,  11.,  31.,  12.,  17.,   4.,   3.],
        [ 10.,   5.,   2., 292.,   6.,   6.,   2.,   2.,  14.,  10.],
        [  7., 280.,  16.,  15.,   8.,   6.,   9.,   6.,  16.,   2.],
        [274.,   3.,   7.,  10.,  10.,   5.,   9.,   7.,  68.,   7.],
        [  8.,  16.,   6.,   9., 267.,   4.,  11.,   6.,   8.,   5.],
        [299.,   6.,   3.,   4.,   4.,  23.,  15.,  10.,   1.,   4.],
        [  5., 280.,   4.,  16.,   8.,   3.,  10.,   8.,   9.,   7.],
        [ 14.,   9., 264.,  57.,   5.,   3.,   0.,   1.,  12.,   1.],
        [  6.,   4.,   6.,  28.,  12.,   7.,  10.,   6.,  15., 269.],
        [ 82.,   3.,   1.,  65.,   4.,  19.,   3.,   6., 211.,   5.],
        [ 14.,  12.,   9.,  14.,  15.,   5., 281.,  10.,   7.,   9.],
        [  5.,  11.,   4.,  13., 262.,   7.,  14.,   2.,   9.,  33.],
        [  7.,   6.,   6.,  18.,  14.,   4.,  11.,  17.,  12., 268.],
        [  6.,   5.,   2.,  12.,   6.,  10.,   6., 271.,   9.,   9.],
        [285.,   5.,   5.,   9.,   8.,   4.,  16.,   6.,   9.,   7.],
        [  0.,   3.,   1.,  21.,  16.,  11.,   9., 267.,  14.,   4.],
        [  9.,  37.,  12.,  11., 274.,   3.,  15.,   2.,   3.,   3.],
        [  7.,  15.,   0., 279.,  12.,   2.,   7.,  11.,   9.,  11.],
        [  5., 279.,   3.,  16.,   9.,   5.,   7.,  11.,  11.,   7.],
        [  7.,   4.,   4.,   9.,  16., 264.,   3.,  16.,  18.,  27.],
        [ 16.,  10.,   0., 293.,   3.,   7.,   3.,   2.,   7.,   3.],
        [  7.,  59.,   4.,  13., 265.,   9.,  11.,   6.,  11.,   3.],
        [ 19.,  15.,   3.,  10.,  10., 268.,   5.,  17.,  10.,   6.],
        [  5., 274.,   4.,  15.,   7.,   4.,   8.,   5.,  10.,   7.],
        [  7.,   3.,   0., 162.,  27.,  12.,  22.,   7.,   5.,  12.],
        [  4., 276.,   2.,  11.,   6.,   4.,   4.,   5.,   6.,   6.],
        [ 10.,   7.,   6.,  30.,   8.,  16.,   9.,   7., 261.,  10.],
        [ 65.,   5.,   6.,  17.,   5.,   3.,  79.,   9.,   6.,   4.],
        [  7.,  14.,  15.,  20.,  11.,   5.,  31.,   5., 225.,   3.],
        [  5.,  18.,   9.,   7.,  11., 252.,  21.,   2.,  23.,   4.],
        [272.,  12.,   0.,  29.,   2.,   2.,   0.,   9.,  11.,   6.],
        [  3.,  12.,   4.,  16.,   3.,  12.,  14.,  26.,  14., 263.],
        [298.,   4.,   2.,  16.,   4.,   1.,  23.,   7.,   3.,   4.],
        [ 12.,   8., 278.,  16.,  10.,   8.,  18.,   2.,   8.,   2.],
        [  8.,   6.,   5.,  28.,  15.,   5.,   9.,  13.,   8., 265.],
        [  8.,  20.,   5.,   9., 262.,   4.,  14.,  10.,   9.,   2.],
        [  4., 264.,   5.,  20.,   9.,   8.,   9.,   9.,  15.,  11.],
        [  2.,  84., 248.,  24.,   9.,   3.,   3.,  10.,  13.,   8.],
        [  6.,  20.,   6.,  13.,   7.,   6., 255.,   7.,  16.,   5.],
        [ 31.,   7.,  10.,  38.,   8.,   8.,  11.,   4., 219.,   6.],
        [  3.,  14., 291.,  31.,   0.,   4.,  69.,   1.,   5.,   3.],
        [ 23.,   6.,   0., 295.,   2.,   2.,   2.,   6.,  12.,   3.],
        [ 13.,  14.,   8., 274.,  11.,   3.,   8.,   3.,   5.,   4.],
        [  5., 280.,   4.,  17.,   9.,   5.,   8.,  10.,   9.,  11.],
        [  5.,   7., 286.,  43.,   1.,   3.,  72.,   1.,   4.,   3.],
        [295.,   4.,   4.,  12.,   8.,   0.,  12.,  15.,   2.,   5.],
        [  3.,   9., 257.,  72.,  18.,   4.,  10.,   1.,   5.,   4.],
        [  6., 274.,  19.,  18.,   8.,   3.,   6.,   4.,  16.,   1.],
        [ 13.,   4.,   1.,  66.,   2., 252.,   6.,  11.,  22.,   6.],
        [  4.,  11.,   2., 262.,   5.,  18.,  15.,   7.,  11.,   6.],
        [ 13.,   9.,   7.,  19.,   1.,   3.,   8.,  19.,  12., 248.],
        [ 12.,  10.,   1.,  12.,   7., 268.,   2.,  14.,  26.,   7.],
        [  5.,   6.,   3.,   8.,   7.,   9.,   6., 286.,  42.,   5.],
        [298.,   5.,   0.,  12.,   7.,  27.,   4.,   1.,   6.,   2.],
        [285.,   4.,   3.,  26.,   3.,   3.,  17.,   2.,   8.,   2.]],
       device='cuda:0')
Epoch 2 | Batch 500
tensor([[  6.,   3.,  29.,   9.,   9.,   7., 262.,   3.,   8.,   3.],
        [235.,   8.,   8.,  13.,   4.,  12.,   6.,   8.,  26.,   7.],
        [  6.,   5.,  12.,   4.,   9.,   8.,  10.,   9.,  25., 270.],
        [  9.,   4.,   9.,   7.,  22.,   8.,  11.,  14.,  19., 262.],
        [  9.,  13., 146.,   2.,  13.,  15.,   2.,  18.,  16.,  26.],
        [  6.,   8.,   8.,   4.,   4.,   7.,  10.,   4., 254.,  14.],
        [  3., 266.,   5.,   5.,   4.,   6.,   2.,   4.,   5.,   4.],
        [  7.,   6.,   8.,   9.,   3.,  15.,  12.,  25.,  33., 250.],
        [  3., 273.,  12.,  16.,   5.,   8.,   7.,   8.,  17.,  12.],
        [  8.,   2.,   4.,  59.,   4., 154.,  11.,  10.,   9.,  11.],
        [  8.,   1.,   1.,  23.,  50., 270.,   3.,   2.,  25.,   6.],
        [  5., 283.,   9.,   9.,   6.,   7.,   7.,   5.,  13.,   7.],
        [  6.,  18.,  23.,   5.,   9.,  11., 259.,  10.,  19.,  14.],
        [  4.,   3.,   6.,   8.,   5.,  16.,   8., 277.,  16.,  16.],
        [  4., 280.,   7.,   5.,   4.,   6.,   7.,   5.,  10.,   8.],
        [  8.,   3.,   2.,  16.,  13.,  12.,  11., 279.,   6.,   7.],
        [  1.,  14.,   7.,   7.,   4.,   9., 247.,  10.,  11.,  10.],
        [ 18.,   2.,   2.,   8.,  15.,  16.,   5., 246.,   8.,  20.],
        [ 13.,   6.,  14.,   7.,  12.,   7.,  10.,   6.,  16., 254.],
        [  5.,   5.,   7.,  28.,   4.,  22.,  10.,   7.,  18., 252.],
        [  7., 280.,  13.,   9.,   9.,  10.,   5.,  13.,  10.,   5.],
        [304.,   1.,   3.,   1.,   0.,   4.,   7.,   5.,   7.,   3.],
        [  3.,   2.,   4.,  12.,   8.,  17.,   6., 283.,  18.,  11.],
        [  2.,  28.,  37.,  12.,   4.,   9.,   6., 156.,  16.,  10.],
        [  6.,  21.,   7., 266.,   1.,   7.,   7.,   3.,  13.,   5.],
        [277.,   0.,   6.,   5.,   1.,  11.,  16.,  11.,  13.,  10.],
        [  4.,   0.,   1.,  23.,   0.,  18.,   1.,   6., 279.,  18.],
        [ 24.,   2.,  29.,   2.,   6.,   7., 282.,   6.,   9.,   9.],
        [283.,   1.,   2.,  24.,   0.,  11.,   2.,  10.,  21.,   6.],
        [  7.,   6.,   2.,  10.,  11., 262.,   6.,  15.,  12.,  14.],
        [ 16.,   0.,  25., 280.,   2.,  21.,   5.,   0.,   8.,   1.],
        [  8.,   6.,   6.,   1.,  12., 238.,   6.,  18.,   9.,  10.],
        [  4., 279.,   7.,   8.,   5.,   7.,   5.,   7.,   9.,   9.],
        [  5.,  15.,   4.,   6., 238.,  15.,   4.,  15.,  15.,  14.],
        [ 38.,   0.,   3., 286.,   0.,  21.,  17.,   4.,   4.,   4.],
        [ 20.,   1., 284.,   1.,   1.,   9.,   3.,   7.,  47.,  10.],
        [  5.,   1.,   1., 286.,   6.,  19.,   5.,  13.,   7.,  11.],
        [301.,   1.,   1.,   2.,   2.,   4.,   0.,  14.,   3.,   4.],
        [  3., 273.,  24.,   8.,  11.,   6.,   5.,   8.,  14.,   4.],
        [  1.,   8., 296.,  12.,   0.,   6.,   2.,   3.,  11.,   3.],
        [  3.,   2.,   2., 292.,   4.,  12.,   4.,   7.,   6.,   9.],
        [ 12.,   0.,   9.,   5.,   7.,   7.,   2.,   4., 279.,  18.],
        [  4.,   6.,   6.,   6., 277.,  13.,   5.,   9.,  12.,  15.],
        [  3.,   6.,   7.,  10.,   3.,  16.,  12.,  19.,  21., 267.],
        [  3.,   2.,   1., 289.,   4.,  11.,   3.,  10.,  22.,   5.],
        [ 13.,   4.,  24.,   3.,  10.,  10., 273.,   6.,  12.,  13.],
        [  7., 281.,  14.,   9.,   9.,  10.,   6.,  11.,  11.,   4.],
        [  6., 276.,   8.,   9.,   3.,   8.,   5.,   4.,  11.,   4.],
        [  3.,   3.,   6., 287.,   0.,  13.,   4.,   4.,  11.,   7.],
        [  8.,   6., 265.,   2.,   9.,   6.,  21.,   8.,   8.,  14.],
        [ 30.,   4.,   9., 253.,   2.,  15.,  12.,   5.,  33.,   3.],
        [ 24.,   2., 272.,   1.,   4.,   7.,  35.,   6.,   8.,  10.],
        [  6.,   1.,   2.,  13.,  10.,  18.,   7., 283.,   8.,  12.],
        [  6.,   4.,   3.,  10., 257.,  15.,   8.,  10.,  10.,  28.],
        [  6., 278.,   8.,  11.,  13.,   8.,   5.,  13.,  18.,   4.],
        [  4.,  12.,   5.,  21.,   4.,  14.,  11.,   9., 261.,  11.],
        [277.,   3.,   5.,  11.,   2.,  12.,   2.,  12.,  13.,  15.],
        [ 33.,   0.,   9.,   4.,   6.,   4.,  16.,  11., 160.,  83.],
        [ 14.,   2.,   3.,   3., 288.,   7.,  10.,   9.,   4.,   7.],
        [ 10.,   3., 273.,   1.,   5.,   9.,  23.,   3.,  14.,  12.],
        [  7.,  15.,  22.,   4.,   5.,  11.,  15., 245.,  18.,   7.],
        [  7.,   1.,   8.,  15.,   1.,  10.,  28.,   4., 276.,  10.],
        [  3.,   8.,   7.,  13.,   3.,  17.,  11.,  11.,  28., 239.],
        [  3., 274.,   7.,   9.,   6.,  10.,   6.,   7.,  16.,   9.]],
       device='cuda:0')
Epoch 2 | Batch 600
tensor([[ 13.,  25.,  13.,  12., 234.,  12.,  24.,   3.,  14.,   6.],
        [  6.,  17.,  14., 248.,  30.,  12.,   5.,   6.,   5.,   9.],
        [  1.,   9.,   6.,  24.,  25.,   9.,   3.,  13.,  14., 258.],
        [ 13.,  11.,   9., 275.,   9.,   5.,   3.,  21.,   3.,   8.],
        [ 12.,   2.,   6.,   5.,  15.,   2., 282.,  17.,   2.,   6.],
        [  2.,   8.,   6.,  13., 262.,  12.,   5.,   7.,   7.,  58.],
        [  3.,   2.,   2.,   8., 287.,  14.,  20.,   9.,   7.,   9.],
        [ 13.,  17.,   8.,  24.,   7.,  11.,  10.,   4., 185.,  10.],
        [214.,   7.,   7.,   5.,  15.,   4.,  18.,   8.,   2.,  13.],
        [  3.,  11.,   6.,  12., 290.,   8.,   7.,   3.,   4.,  19.],
        [  0.,  13.,  10., 252.,  18.,   6.,   1.,  22.,   5.,  16.],
        [ 47.,   4.,   9.,   5.,  11.,   4., 282.,   3.,   9.,   8.],
        [  2.,  32.,  23.,  11.,   7.,   9.,   2., 228.,  21.,   8.],
        [ 44.,  12.,   8.,  21.,   7., 250.,   1.,   8.,  21.,  17.],
        [  3.,  42., 210.,  18.,   7.,   8.,   0.,   4.,  57.,   3.],
        [  2., 264.,   5.,  14.,  14.,   6.,   3.,  14.,   9.,  21.],
        [  3.,  15.,   8.,   9.,  16.,   7.,   9.,  10.,   7., 264.],
        [  4.,   8.,   6.,  12., 273.,  13.,   4.,  15.,   7.,  17.],
        [  5.,  20.,  12.,   3.,   8., 189.,  60.,   2.,  20.,   7.],
        [ 28.,   3.,   1.,  35.,  11., 268.,   5.,   4.,   6.,  16.],
        [  4.,   6.,  11.,  16.,  27.,  10.,   5.,   6.,  17., 265.],
        [  3.,   7.,   9.,  18.,  29.,   8.,  10.,   8.,   9., 266.],
        [  5.,   9.,  28.,   6.,  15., 154.,  33.,   2.,   8.,   6.],
        [  3.,   7.,   9.,  18.,  15.,  15.,   7.,   8.,  12., 265.],
        [  0.,  27., 233.,  13.,   9.,   5.,   8.,   9.,   7.,   8.],
        [  3., 260.,   6.,  11.,  18.,   6.,   3.,  11.,   8.,   7.],
        [ 11.,   1.,   0., 288.,  19.,  31.,   1.,   3.,   4.,  14.],
        [  4., 272.,   9.,  15.,  12.,   7.,   3.,  14.,  12.,  10.],
        [  9.,  13., 283.,   5.,   6.,   7.,  30.,   4.,  19.,  11.],
        [302.,   0.,   8.,  12.,   2.,   0.,  42.,   1.,   3.,   3.],
        [  1.,   1.,   7.,   6.,  18.,   5., 282.,  37.,   3.,  15.],
        [245.,   6.,   7.,  26.,  10.,  12.,   9.,   9.,  20.,  15.],
        [  1.,  29.,   7.,  10.,  17.,   7.,   2.,   3., 274.,   5.],
        [  2.,   1.,  18.,  46.,  21.,  11.,   1.,   7., 248.,  21.],
        [  2.,  14.,   6.,  11., 280.,   8.,   1.,   6.,   8.,  17.],
        [  2.,   8., 275.,  19.,   4.,   6.,  21.,  10.,   6.,   7.],
        [  3.,  11., 253.,   9.,  17.,   7.,  42.,   1.,   7.,  18.],
        [ 39.,   7.,   4., 285.,   5.,   7.,  16.,   3.,   0.,   5.],
        [  6.,   6.,  10.,   9., 279.,   5.,  11.,   9.,   4.,   8.],
        [  0.,   6., 295.,  55.,   3.,   3.,  27.,   0.,   2.,   3.],
        [  1.,   9.,  10.,  23.,  12.,   6.,   4., 243.,   7.,  14.],
        [ 10.,  10.,   8.,   9.,  29.,   6.,   8.,  14.,   5., 253.],
        [ 12.,   9.,   4., 273.,  10.,  11.,   5.,  18.,   8.,   7.],
        [  2.,   7.,   8.,  23.,  28.,   8.,   5.,   7.,   9., 269.],
        [  1.,   4.,   4., 291.,  10.,  17.,   1.,  14.,   2.,  13.],
        [  1.,   7.,   2.,   3.,   5., 240.,  62.,   3.,   3.,   5.],
        [ 12.,   6.,   7.,  15., 269.,  16.,   4.,  21.,  10.,  16.],
        [  0.,  10.,   1., 257.,   7.,   2.,   3.,   5.,   2.,   4.],
        [  2.,   7.,  23.,  28.,  20.,   5.,  10.,   1.,   5., 101.],
        [  2.,   3.,   5., 294.,  22.,  16.,   0.,   1.,   5.,  13.],
        [  6.,   5.,   9.,  17.,  12.,  10.,   6.,   7., 272.,  14.],
        [  2.,   9.,   6.,  15.,  12.,   7.,   4., 268.,   9.,  21.],
        [  7.,   6.,  25.,   9.,   8.,   9.,   7.,  16., 229.,  28.],
        [  9.,   5.,   1.,  10.,  12., 285.,   0.,   4.,  12.,  10.],
        [ 85.,   5.,   4.,   1.,  15., 275.,   1.,   5.,  39.,  10.],
        [  1., 223.,   1.,   5.,   5.,   3.,   4.,   3.,   4.,   6.],
        [ 58.,   9., 245.,  12.,  27.,  10.,  10.,   9.,   2.,  28.],
        [  3.,  12.,   5.,   7.,  10.,   5., 285.,   7.,  10.,   7.],
        [  1.,  15.,  10.,  13., 267.,   8.,   3.,   4.,   4.,  12.],
        [  5.,  16.,  20.,  12.,   7.,   6.,   3., 248.,  17.,  22.],
        [  0.,   6.,   4.,  22.,   8.,   6.,   3., 281.,   6.,  19.],
        [  3., 255.,  61.,  12.,  24.,   5.,   2.,   5.,  28.,   7.],
        [290.,   9.,   3.,  15.,   5.,  19.,   4.,   5.,   3.,   9.],
        [  1.,  10.,   6.,  13.,  10.,   7.,   6., 252.,  10.,  18.]],
       device='cuda:0')
Epoch 2 | Batch 700
tensor([[  4.,   8.,   4.,  34.,   3., 237.,   1.,  14.,  30.,   4.],
        [310.,   2.,  11.,   0.,   1.,   5.,  24.,   9.,   6.,   1.],
        [ 22.,   6.,  12.,   4.,   6.,   9.,   8.,  27.,  20., 256.],
        [ 73.,   1.,   3.,   0., 255.,  11.,  60.,   3.,   6.,   3.],
        [  5.,  36.,   9.,  24.,   5.,  16.,   6.,   6., 253.,   4.],
        [ 12.,   2.,   5.,   2.,   3.,  24.,   3., 282.,  27.,   8.],
        [  1.,  43., 287.,  21.,   0.,   6.,   0.,   2.,  10.,   1.],
        [  2.,   2.,   7.,   4.,   4.,  13.,   2., 281.,  80.,  20.],
        [ 24.,   6.,   4.,  67.,   3., 257.,   6.,  13.,   8.,   4.],
        [  4.,  18.,   7.,  29.,   2.,  20.,   5.,  11., 270.,   8.],
        [304.,   2.,   8.,   1.,   4.,   4.,   5.,   4.,  11.,   2.],
        [  5.,   6.,  13.,   6.,  14.,  11.,   6.,  19., 246.,  18.],
        [268.,   4.,  19.,   8.,   2.,  11.,   0.,   9.,   5.,   4.],
        [ 18.,   7.,  12.,  16.,   6.,   8.,   2.,  15., 201.,  11.],
        [  4.,   2.,  12.,  25.,  12.,  11.,   2.,  19., 266.,  19.],
        [  5., 285.,   9.,  13.,   4.,   9.,  15.,   7.,  14.,   3.],
        [ 10.,  25., 259.,  20.,   1.,   5.,   0.,   8.,  15.,   1.],
        [ 13.,  11.,  15.,   8.,  17.,   3., 170.,  13.,   8.,   5.],
        [ 10.,   7.,   4.,   0.,   4., 270.,   0.,   9.,  16.,  36.],
        [  2.,   3.,   5.,  23., 250.,  14.,   1.,  29.,  23.,  16.],
        [279.,   5.,   4.,   0.,   2.,   4.,  29.,   4.,   3.,   4.],
        [  3.,   6.,   8.,   6.,   3.,  19.,   4., 284.,  13.,   6.],
        [ 41.,   2.,   8.,  30.,   2.,  13.,   4.,   5., 284.,   5.],
        [  3.,   4.,  27., 286.,   5.,   9.,   4.,   5.,   9.,   2.],
        [  0.,   1.,   3.,   8.,   6.,  12.,   3., 269.,  29.,  10.],
        [ 15.,   9.,   5., 267.,   2.,  30.,   3.,  11.,   7.,   9.],
        [  4., 286.,   6.,  10.,   4.,   9.,   8.,   7.,  10.,   4.],
        [ 36.,   4.,  21., 282.,   1.,  10.,   3.,   5.,   7.,   2.],
        [ 22.,   2.,  15.,   1.,   4.,   4., 289.,   5.,   5.,   5.],
        [ 15.,  13.,   3., 271.,   3.,  11.,   6.,   7.,   6.,   4.],
        [  3.,   9.,   6.,  25.,   2., 233.,   5.,   4.,   8.,   1.],
        [  4.,  14.,   8., 280.,   3.,  16.,   6.,   4.,  10.,   4.],
        [ 12.,   7.,  11.,  18.,   8.,  22.,  10.,   8., 232.,  10.],
        [  4., 285.,   4.,   9.,   4.,   8.,   4.,   6.,   7.,   3.],
        [  3.,   7.,   8.,   9., 265.,  17.,   5.,  12.,  19.,  16.],
        [ 21.,  21.,   5.,   2.,   9., 259.,   2.,  12.,  16.,   3.],
        [ 23.,   7.,   8.,  10.,  29.,  13.,   3.,   7.,  12., 251.],
        [  0.,  13.,   6., 239.,  17.,   8.,   8.,  39.,  19.,   5.],
        [293.,   3.,  12.,   8.,   4.,   9.,   3.,   5.,   9.,   3.],
        [  6.,   3.,   8.,   3.,   3.,  16.,   4., 280.,  22.,  13.],
        [  6.,   2., 293.,   0.,   6.,   5.,  95.,   5.,   2.,   4.],
        [  1.,   2.,   7.,   5.,   3.,  18.,   3., 288.,  19.,   9.],
        [  2.,  14., 302.,   0.,   0.,   7.,   8.,   3.,   4.,   1.],
        [  5., 275.,   5.,  12.,   6.,   9.,   1.,  15.,  12.,   5.],
        [  7.,   7.,   4.,   1.,  54., 271.,   2.,   9.,  14.,   6.],
        [301.,   3.,   6.,   8.,   1.,   8.,  11.,   7.,   4.,   3.],
        [ 84.,   6., 144.,   3.,   0.,   2., 240.,   4.,   2.,   2.],
        [  2.,  24.,  46.,  11.,   5.,   9.,   4., 229.,  16.,   9.],
        [  5.,   5.,   4.,   6.,   6., 246.,   4.,  11.,  14.,  25.],
        [  3., 248.,  54.,   6.,   7.,  12.,   1.,   8.,  16.,   3.],
        [304.,   6.,  35.,   0.,   0.,   5.,  10.,   8.,   4.,   3.],
        [  3.,  14.,   5., 277.,   4.,  23.,   6.,   7.,   6.,   2.],
        [ 39.,   0., 102.,   2.,   7.,   1., 271.,   3.,   1.,   2.],
        [  1.,   7., 279.,   3.,   0.,  27.,  37.,   8.,   7.,   4.],
        [  7.,  12.,  14.,   9.,  15.,  17., 256.,   6.,  11.,  10.],
        [  2.,   6.,  15., 265.,   7.,   4.,   2.,  33.,  15.,  10.],
        [  2.,  99., 268.,   9.,   3.,   9.,   1.,   8.,  14.,   4.],
        [  3., 281.,   7.,   8.,   3.,   8.,   5.,   7.,   7.,   2.],
        [  7., 141.,   8.,  20.,   9.,  25.,   6.,   7.,  31.,  20.],
        [  2.,  58.,   8.,  16.,   2.,  10., 252.,   7.,  20.,   5.],
        [  5., 274.,   9.,  11.,   7.,  10.,  22.,   6.,  18.,   4.],
        [  4., 282.,   6.,   7.,   3.,   6.,   2.,   7.,   8.,   2.],
        [  9.,   9.,   8.,   6.,   1.,  16.,   5.,  12., 276.,   7.],
        [288.,   3.,  14.,   5.,  22.,   7.,   1.,   9.,   4.,   4.]],
       device='cuda:0')
Epoch 2 | Batch 800
tensor([[  0.,   3.,   7.,  18., 252.,   8.,  12.,   6.,   3.,  11.],
        [  0.,   5.,   7.,   2., 260.,   8.,  16.,   9.,  26.,  14.],
        [300.,   1.,   6.,   4.,  13.,  11.,   5.,   9.,   4.,   5.],
        [  1.,   3.,   5., 206.,  21.,  13.,   7.,  27.,  15.,  18.],
        [ 62.,   9.,   9.,  28.,   3.,   8.,   9.,  99.,   3., 152.],
        [  4.,   5.,   7.,  29.,  27.,  18.,  14.,  12.,   8., 251.],
        [300.,   3.,   2.,  28.,  10.,  18.,   1.,  15.,   3.,   8.],
        [  1.,   5., 286.,  22.,  11.,   4.,   7.,   4.,   5.,  11.],
        [263.,   3.,   5.,  15.,   6.,   8.,  22.,   7.,   5.,   8.],
        [  2.,   5.,  10.,   8.,  11., 255.,   8.,  14.,   2.,  10.],
        [  0.,   6., 278.,   3.,  31.,   4.,  38.,   2.,  17.,   4.],
        [  0.,   8.,  13.,   6.,  24.,   3., 283.,   9.,   5.,  14.],
        [  8.,   2.,   9., 277.,  10.,  49.,   2.,   9.,  13.,   8.],
        [  2.,   3.,  10.,   7., 264.,   8.,  11.,  15.,   7.,  14.],
        [  1.,   6.,   9.,   6.,   9.,   9.,  10., 276.,   6.,  30.],
        [  0.,  11.,   5., 176.,  19.,   7.,  22.,  37.,   3.,  12.],
        [  0.,   4.,   6.,  16.,  18.,   6., 277.,   6.,  16.,  17.],
        [  3.,   5.,   8.,  10.,   7., 268.,   9.,  17.,  17.,  14.],
        [  4.,   9.,  10.,   7., 272.,   6.,  20.,  10.,   3.,  11.],
        [  4.,   4.,   9.,  42.,  18.,  11.,  12.,  19.,  15., 253.],
        [  1.,   4., 277.,  23.,  16.,   4.,  13.,   7.,   4.,  13.],
        [  3.,   5.,  14.,  13.,  38.,   9.,  16.,   6.,  10., 255.],
        [  2., 274.,  15.,   3.,   6.,   3.,   5.,   4.,   2.,   4.],
        [284.,   2.,   6.,  18.,   5.,   7.,  29.,   8.,   4.,  11.],
        [  0.,   9., 281.,   1.,  26.,   4.,   6.,   8.,  17.,  14.],
        [  0.,   3.,   8.,   7.,  14.,  14.,  12., 277.,  10.,  17.],
        [  1.,  15., 220.,   5.,   6.,  59.,   1.,   0.,  12.,   2.],
        [  3., 276.,  43.,   5.,   8.,   6.,   8.,   4.,   8.,   4.],
        [  4.,  13.,  17.,   4.,   5.,   3.,  10.,   9., 278.,  11.],
        [  2.,   1.,   8.,   5.,  16.,  12.,   8.,  74., 248.,  39.],
        [  1.,   4.,  22.,   6.,  13.,   6., 288.,   5.,  10.,  15.],
        [  1.,   6.,  19., 270.,  18.,   6.,   4.,   7.,  12.,   8.],
        [  0.,   6.,   8.,   5.,  11.,  11.,  10., 265.,  41.,  13.],
        [293.,   1.,   1.,   5.,   7.,  10.,  12.,   6.,  40.,  17.],
        [  2.,   6.,  11.,   9.,   9.,  11.,  11., 278.,  12.,  13.],
        [  3.,  28.,  11.,   7., 269.,   9.,  20.,   8.,  11.,   8.],
        [  5., 277.,  32.,   6.,   9.,   6.,  13.,   6.,  16.,   7.],
        [  1.,   8.,   9.,   6.,  10.,  12.,  11., 274.,  11.,  23.],
        [  5., 284.,  18.,   7.,  10.,   4.,  12.,   8.,   7.,   8.],
        [  2.,  22., 265.,  17.,   7.,   4.,   4.,   8.,  15.,   4.],
        [  2.,   8.,   8.,   8., 269.,   7.,  11.,  20.,   6.,  21.],
        [ 34.,   3.,   2.,   8.,  19.,   4.,  34.,   6.,   6., 155.],
        [  2.,   7.,   9.,  13.,  16.,   5.,   8.,  45.,   8., 260.],
        [  2.,   8.,  10.,  13.,  15.,  10.,  18.,  12.,  10., 265.],
        [  3.,   7.,  16., 281.,   7.,   6.,   9.,   7.,   3.,   7.],
        [  1.,   6.,   9., 289.,   8.,   4.,   4.,   7.,   1.,   5.],
        [ 68.,   1.,   5.,   3.,  18.,   6.,  19., 158.,   4.,  29.],
        [ 17.,   3.,  15.,   6.,  15.,   4.,  16.,  39.,   5., 259.],
        [  2.,   3.,  23.,   7.,  25.,   6., 282.,   6.,   7.,  14.],
        [  2.,   9., 274.,   1.,  16.,   5.,  15.,   6.,   2.,  13.],
        [  3.,   6.,   7.,  43.,  33.,  10.,   8.,   6.,  10., 252.],
        [  4., 281.,  11.,   5.,  10.,   6.,   9.,  14.,   6.,  10.],
        [  0., 228.,   4.,   7.,   8.,   5.,   5.,   3.,   2.,   6.],
        [  7.,   2.,   2.,  11., 257.,   7.,  12.,  15.,   2.,  13.],
        [  1.,  93.,  12.,  10.,   7.,   8.,   9., 220.,   8.,   9.],
        [  3., 274.,   2.,   3.,   5.,   1.,   6.,   3.,   4.,   4.],
        [  2., 122.,  13.,   1.,   8.,   2.,  14.,   8., 267.,   7.],
        [  0.,   6.,  11.,   6.,  18.,   5., 290.,   7.,   8.,  13.],
        [ 36.,   6., 273.,   2.,   3.,   7.,  13.,  17.,   5.,   6.],
        [  0.,   1.,   2.,  13.,  15.,  12.,   8., 291.,   3.,  10.],
        [  4.,   9.,   9.,  12.,  20.,   5.,  12.,  13.,  10., 259.],
        [  0.,   3.,  15.,  10.,  23.,   2., 282.,   4.,   3.,  15.],
        [  2.,   5.,   8., 288.,   9.,  10.,   6.,   7.,   3.,   7.],
        [146.,   3.,  17.,  16.,  18.,   3.,  97.,  16.,   4.,  13.]],
       device='cuda:0')
Epoch 2 | Batch 900
Switching label layer to Inference Mode (LIF)...
Epoch 2 DONE | Test Acc: 77.42% | Time: 773.7s
Switching label layer back to Training Mode (Clamp)...
tensor([[  2.,   7.,  12.,   5.,  11.,   6.,   6.,  30.,   7., 256.],
        [264.,   3.,   7.,  16.,   5.,   7.,   3.,   6.,   4.,   3.],
        [  9.,  11.,   8.,   1.,  16., 264.,  16.,  13.,   2.,   5.],
        [  8.,   7.,   7., 294.,   1.,  60.,   9.,   2.,   2.,   2.],
        [  1.,  10., 228.,  16.,   9.,   9.,   9.,  83.,   1.,   9.],
        [  3.,  14., 255.,  12.,   5.,  10.,  29.,   5.,   2.,   6.],
        [  2.,  27.,   7.,   1.,   8., 266.,  14.,  22.,   8.,   2.],
        [  5.,   3.,   7.,   1., 278.,   6.,   8.,  15.,   6.,   8.],
        [  1.,   9.,   6.,   9.,   9.,  13.,   9., 269.,   5.,  26.],
        [  6.,   3.,   5.,   8., 271.,   9.,  18.,  10.,   4.,   4.],
        [ 16.,   5.,   6.,  76.,   4., 263.,  19.,   5.,   0.,   4.],
        [  3.,   4.,   8.,   6.,  12.,  17.,  11., 280.,   4.,  21.],
        [  0.,  16.,   6.,   5.,  31.,   6., 271.,  15.,   5.,  10.],
        [  1.,  22., 283.,   7.,   4.,   7.,  10.,   4.,   5.,   8.],
        [  2.,   8.,   2., 290.,   4.,  18.,   7.,   3.,   2.,   5.],
        [  3.,  22.,   6.,  19.,   7.,  14.,   9.,   5., 261.,   7.],
        [296.,   5.,  12.,   2.,  16.,   4.,  29.,   5.,   1.,   3.],
        [  7.,   6.,  22.,  18.,  12.,  17., 255.,   8.,   1.,   3.],
        [ 13.,   7.,  15.,   4.,   7.,  11., 278.,   9.,   3.,   4.],
        [303.,   2.,   3.,   9.,   1.,   9.,   1.,   3.,   2.,   0.],
        [ 18.,   4.,   4.,  11.,  13.,   7., 268.,   7.,   3.,   3.],
        [  9.,   4.,  11.,  16.,   6.,  12., 278.,  10.,   7.,   7.],
        [  1.,  17.,   9.,   6.,   6.,  12.,   7., 269.,  19.,  11.],
        [  3.,  11.,   7.,   4., 260.,  10.,  26.,  18.,  11.,   2.],
        [ 38.,   5.,  11., 124.,   0.,  26.,   9.,   7.,  23., 126.],
        [  9.,   3.,   9.,   5.,   8.,   7., 284.,  18.,   2.,   5.],
        [235.,  12.,   5.,   2.,  16.,  12.,   7.,   8.,   1.,   2.],
        [ 23.,   2.,   5.,   4., 275.,   6.,  14.,  12.,   1.,   2.],
        [  1.,   6.,   5., 278.,   6.,  22.,  19.,   5.,   3.,   6.],
        [298.,   2.,   8.,  22.,   2.,   4.,   3.,   5.,   2.,   1.],
        [  3.,  70.,   5.,   3.,   4.,   8.,  10.,  10., 233.,   8.],
        [287.,   4.,   6.,  10.,   7.,  15.,  14.,  13.,   8.,   8.],
        [299.,   2.,   8.,   7.,   4.,  10.,  21.,   6.,   1.,   2.],
        [  6.,  30.,   1., 280.,   2.,  11.,   9.,  11.,   1.,   4.],
        [  5.,   6.,   5., 287.,   4.,  12.,   4.,   2.,   7.,   1.],
        [  5., 271.,  45.,   7.,  11.,   3.,   4.,   9.,  13.,   5.],
        [  1.,   6.,  11.,  11.,   4.,  12.,   9., 277.,  12.,  14.],
        [135.,   1., 165.,  44.,   7.,   5.,  72.,   2.,   1.,   3.],
        [307.,   2.,   1.,   6.,   4.,  35.,   0.,   4.,   4.,   2.],
        [278.,   6.,  29.,   8.,  10.,  11.,  12.,   7.,   4.,   6.],
        [ 17.,   7.,  34., 267.,   2.,   7.,  16.,   5.,   6.,   3.],
        [  3., 270.,   8.,  11.,  11.,   7.,  12.,   6.,   8.,   9.],
        [  5., 282.,   3.,   7.,   7.,   6.,   8.,  14.,   4.,   9.],
        [  3., 266.,   4.,   7.,   5.,   5.,   8.,   7.,   4.,   8.],
        [  0.,   2.,   4.,  17.,   9.,  10.,  10., 245.,   9.,   2.],
        [ 37.,   6.,   4., 292.,   1.,   9.,  14.,   1.,   0.,   0.],
        [  1.,   5.,  12.,   4.,   7.,   9., 293.,   8.,   4.,   4.],
        [  5.,  12.,   8., 282.,   3.,  13.,   6.,   4.,   4.,   5.],
        [  5.,   3.,   5.,   7.,   5., 151.,   3.,  12.,   2.,   0.],
        [ 17.,   9.,   8., 155.,   3.,  10.,  12.,  34.,   6.,   7.],
        [  8.,   8.,  17.,   4.,  10.,   5.,  14.,  14.,  11., 249.],
        [  2., 259.,   9.,  15.,  12.,  10.,  13.,   6.,  10.,   8.],
        [  3.,   2.,   4.,   6.,  14.,  15.,  10., 272.,   2.,  18.],
        [ 14.,   7.,   8.,  49.,   2., 277.,   3.,   8.,  12.,   3.],
        [  4., 272.,   7.,   9.,   7.,   8.,  12.,   4.,   5.,   6.],
        [  4., 286.,   5.,  10.,  11.,   5.,   4.,   9.,   6.,   4.],
        [  8.,  28.,   6.,  12.,   5.,  11.,   9.,   9., 258.,   8.],
        [  5., 287.,   5.,   6.,   7.,   6.,   7.,   7.,   5.,   4.],
        [  4.,   4.,   9.,  17.,  10.,   9.,  15.,  39.,   6., 198.],
        [  5., 279.,  10.,   7.,   5.,   7.,  15.,   5.,   9.,  10.],
        [  4.,   8.,   7.,   2.,   7.,  16.,   7., 268.,  13.,  13.],
        [  7.,   2.,   8.,   8., 286.,   8.,   8.,   3.,   2.,   5.],
        [ 13.,   4.,   7., 257.,  56.,  15.,   3.,   1.,   5.,   2.],
        [ 14.,  12., 230.,  22.,   3.,   9.,   3.,   8.,  32.,   4.]],
       device='cuda:0')
Epoch 3 | Batch 0
tensor([[ 39.,   8.,   3., 274.,   5.,  18.,   1.,   6.,   2.,   3.],
        [  1.,  43., 243.,   2.,   4.,   9.,  34.,   2.,   3.,   3.],
        [  0.,  23.,   1., 268.,  11.,   7.,   3.,  17.,   8.,   8.],
        [  5., 281.,   2.,   8.,   9.,   2.,   3.,   9.,  12.,   7.],
        [  9.,  34.,   1., 252.,   9.,  10.,   5.,  11.,   9.,   6.],
        [  5.,  14.,  10.,   6.,  44.,   8.,   4.,   6.,  17., 255.],
        [244.,   8.,   5.,   5.,   3.,   3.,  14.,  10.,   3.,   2.],
        [ 24.,  15.,   4.,   0.,  25.,   7.,  13.,  17., 201.,  13.],
        [  3.,  35.,  80.,   6.,   8.,   8.,   2., 189.,  30.,   6.],
        [  2.,  12.,  14.,   8.,  16.,   7.,   8., 255.,  13.,   7.],
        [  3.,  70.,   4.,   5.,   7.,   8.,   9.,   6., 235.,   6.],
        [ 20.,   4.,   4.,   0.,  58.,   0., 207.,  16.,   0.,   9.],
        [  2.,  18., 156.,  24.,  19.,   8.,   0.,  11.,   6.,   5.],
        [  5.,   7.,  12.,   2., 276.,   6.,  15.,  11.,   7.,  11.],
        [  4.,  20.,   6.,   5.,  12.,  16.,   5.,   9., 269.,   7.],
        [  4.,   5.,   3.,   3.,  16.,  11.,   5., 273.,   5.,  24.],
        [275.,   3.,   5.,   0.,  11.,  50.,  71.,   3.,   0.,   0.],
        [  3.,  24.,   8.,   5.,  11.,   7.,  10.,  22.,  18., 244.],
        [  2.,  25.,   7.,  14.,   8.,  15.,   4.,  11., 263.,   6.],
        [  7.,  40.,   4.,   1.,   7.,  11.,   5.,  14., 248.,  10.],
        [ 10.,   6.,  12.,   8.,   8.,   8.,   3., 275.,   3.,   9.],
        [ 15.,   8.,  11.,   5., 275.,   6.,  11.,  10.,   1.,   7.],
        [ 13.,   7.,   8.,   0.,  24.,  12.,   5.,  11., 261.,  30.],
        [  1.,  18., 232.,   0.,  11.,   6.,  38.,  24.,  10.,  18.],
        [ 16.,   8.,  10.,   2.,  17.,   5.,   6.,  11.,   6., 269.],
        [  2.,   6.,   6.,   3.,  28.,   8.,   5., 274.,   5.,  26.],
        [  3.,   8.,   9.,   1.,  16.,  14.,   9.,   9., 262.,  27.],
        [  6.,  18., 276.,  22.,   5.,   9.,  14.,   1.,   4.,   4.],
        [  4., 285.,   4.,   4.,   6.,   4.,   8.,   5.,  25.,   3.],
        [  4., 290.,   2.,   3.,   6.,   5.,   4.,   5.,   9.,   2.],
        [  7.,   5.,   7.,   8.,  18.,   6., 269.,   7.,   6.,   6.],
        [ 22.,  13.,   6.,   0.,   8., 272.,   5.,  14.,   9.,   7.],
        [  5.,  10.,   7.,   7.,  21.,   6.,   3.,   7.,  15., 270.],
        [  2.,  32.,   5.,   6.,  11.,  10.,   6.,   4., 261.,   5.],
        [  7.,  15.,   3.,   4.,  12., 272.,   7.,   5.,  13.,   8.],
        [  3.,   7.,   5.,   3., 281.,   7.,   6.,  10.,   9.,  23.],
        [  9.,  22., 235.,  25.,   8.,  32.,   1.,   1.,  39.,   3.],
        [  1.,  10.,  12.,   6., 275.,   9.,   9.,   7.,   8.,  14.],
        [ 23.,   3.,   6.,   1., 285.,   3.,  19.,   4.,   8.,   0.],
        [  0.,  10.,  12.,   0.,  15., 251.,   2.,   4.,   6.,   8.],
        [  7.,   6.,   4.,   4., 283.,   6.,  11.,  11.,   8.,  17.],
        [  1.,  41.,   4.,  14.,  15.,   7., 216.,   6.,  15.,   5.],
        [  2.,  16.,  15.,   4.,  14.,   7.,   4., 271.,   8.,   8.],
        [  4.,  20.,   7.,   3.,   9., 266.,   7.,   4.,   9.,   4.],
        [  2.,   6.,  11.,   0.,  42.,  14.,   6.,  10., 258.,  20.],
        [ 24.,  12.,   5.,  37.,  19.,   9., 257.,   3.,   3.,   7.],
        [282.,   7.,   0.,   3.,   6., 126.,   0.,   3.,   4.,   1.],
        [  3.,  13.,  12.,  14.,  28.,   8.,   4.,   9.,  15., 265.],
        [ 25.,  11.,   9.,   0.,  16., 152.,   8.,  16.,   5.,  11.],
        [  0.,  20., 210.,   7.,  12.,   5.,  15.,  13.,   4.,   7.],
        [  1.,   8.,   5.,   7., 288.,   7.,   5.,   8.,  10.,  18.],
        [  5.,  11., 249.,   0.,  12.,   9.,   7.,  12.,  13.,  14.],
        [ 21.,  12.,   5.,   4.,  19., 272.,   1.,   7.,   7.,   7.],
        [  1.,  13.,   6.,  15.,  13.,   7.,   4.,  14.,  10., 247.],
        [ 23.,   4.,  16.,   0.,  17.,   4., 282.,   5.,   3.,   5.],
        [  1.,   7.,   6.,  15., 251.,  11.,   0.,   8.,  15.,  26.],
        [  5., 277.,   9.,   6.,  14.,   4.,   1.,  10.,  13.,   3.],
        [  3.,  23.,   5.,   6., 277.,   6.,   6.,   9.,   8.,   7.],
        [ 45.,   4.,  12.,   2.,  12.,   3., 255.,   4.,   2.,   5.],
        [ 26.,   5.,   8.,   1., 279.,   7.,   6.,   5.,   3.,   7.],
        [ 30.,   6.,  11.,   0.,  11.,   0., 281.,   5.,   2.,   6.],
        [  2.,  13., 264.,   0.,  32.,   5.,   6.,   3.,   8.,  18.],
        [  2.,   8.,   3.,   2.,  25.,  10.,   2., 273.,   6.,  26.],
        [301.,   4.,   4.,   3.,   5.,  26.,   1.,   6.,   1.,   2.]],
       device='cuda:0')
Epoch 3 | Batch 100
tensor([[  1.,  32.,  10.,   9.,   5.,   7.,   4., 266.,   5.,  21.],
        [  7.,   5.,  12.,   1.,  21.,   8.,  10.,  17., 201.,  48.],
        [  0.,   5.,   9.,   3.,  16.,   3., 272.,   9.,   3.,  15.],
        [  5.,   8.,   4.,   4.,  18.,   2., 275.,   7.,  12.,  13.],
        [  2.,   8.,   5., 277.,   8.,   9.,   6.,   4.,   5.,  15.],
        [289.,   1.,  14.,   3.,   4.,   3.,  40.,   9.,   2.,   7.],
        [  3.,  15.,   7.,  14.,   8.,   7.,   5., 277.,   3.,  18.],
        [ 15.,   5.,   5.,   7.,   5., 273.,   2.,  16.,   3.,  27.],
        [  8.,  17., 248.,   1.,   7.,   7.,  10.,  17.,  13.,  14.],
        [  3.,  31.,   4.,   4.,  11., 273.,   3.,  11.,   5.,  10.],
        [  4.,   8.,   7.,  29.,   7.,   9.,   8.,  23.,  10., 263.],
        [ 29.,   4.,   2.,   0.,  10.,   2.,  48.,  15., 223.,  16.],
        [  1.,   4.,   9.,   4.,  11.,   4., 285.,   2.,   7.,  17.],
        [  5.,   4.,   4.,  10.,   6.,  20., 267.,   3.,  13.,  23.],
        [ 34.,   7.,   6.,   2., 281.,   3.,  12.,  25.,   2.,   7.],
        [ 18.,  10.,   0., 282.,   7.,  11.,   3.,   6.,   3.,   9.],
        [  2.,   8.,   6.,   5.,   9.,   6.,   4., 284.,   3.,  21.],
        [  7.,   7.,   7.,   6., 258.,   7.,   6.,  28.,   6.,  12.],
        [ 26.,  13.,  12., 263.,   7.,   6.,  24.,   5.,   0.,   7.],
        [  2.,  17.,   4.,   5.,  17.,   8.,   6., 278.,   5.,  17.],
        [  5., 268.,  11.,   4.,   9.,   2.,   2.,  21.,   3.,   9.],
        [  7.,   6.,   7.,   5.,   8.,   4.,   6.,  31.,   3., 279.],
        [ 46.,  23.,   5., 221.,  15.,   2.,  10.,  10.,   1.,   6.],
        [ 15.,   9.,   8., 279.,   3.,   7.,  10.,   6.,   0.,   8.],
        [ 38.,   7.,   3.,   1.,  11., 281.,   2.,  14.,   1.,  25.],
        [ 25.,   7.,   7.,   0.,   8., 282.,   2.,   4.,   5.,  17.],
        [  6.,  71.,   6.,  16.,   2.,   3.,   8.,  12.,   7., 161.],
        [  5., 284.,   2.,   4.,   7.,   4.,   3.,  12.,   2.,  13.],
        [  3.,  30.,  38.,   7.,   8.,   9.,   7., 240.,   6.,  14.],
        [  9.,  15.,   6.,   6., 258.,   7.,  10.,  19.,   9.,  11.],
        [  0.,   5.,   7.,   2.,  19.,   2., 283.,   6.,   3.,  22.],
        [  8., 287.,   3.,   3.,   5.,   5.,   5.,  10.,   3.,   6.],
        [  8.,   7.,   4.,   6.,  14.,   9.,   8., 269.,   4.,  25.],
        [  1.,  16., 256.,  34.,  11.,   7.,   2.,  21.,   2.,  11.],
        [  0.,   2.,   8.,   7.,  14.,   6.,   3., 282.,   3.,  23.],
        [  9.,  10., 256.,  10.,  15.,   7.,   8.,   8.,   5.,  11.],
        [  3.,   5.,   3.,  10.,   9.,   9.,   7., 289.,   2.,  13.],
        [ 35.,   2.,   9.,  15.,   7.,  11.,   9.,   8., 233.,  34.],
        [  0.,  12.,   7.,   5.,   7.,   6.,   3., 279.,   5.,  20.],
        [  0.,   4.,  15.,   3.,  19.,   3., 277.,   7.,   5.,  10.],
        [ 20.,   5.,   4.,   8.,  11.,  11.,   7., 285.,   2.,  28.],
        [  3.,   4.,  12., 278.,   4.,   9.,  11.,   3.,   5.,  13.],
        [ 15.,   6.,   5.,  14.,   8.,   9.,   5.,  12.,   4., 275.],
        [305.,   5.,   3.,  33.,  10.,   4.,  13.,   9.,   0.,   5.],
        [300.,   4.,   3.,   5.,   6.,   5.,  12.,  11.,   0.,  14.],
        [  5.,   8.,   9.,   6.,   8.,   7.,   7.,  18.,   9., 275.],
        [ 25.,   5.,   4.,  12.,   8.,   6.,   5.,  25.,   3., 278.],
        [286.,   2.,  16.,  25.,   2.,   5.,   8.,   5.,   3.,   4.],
        [  0.,   5.,   4.,   4.,   5.,   4., 275.,   5.,   5.,  13.],
        [ 18.,   7.,   3.,  20.,   8., 256.,   6.,   5.,   3.,   9.],
        [  7.,  20.,   4.,   4.,  11.,   6.,  11.,  18.,   7., 262.],
        [  4.,  20., 151.,   1.,  53.,   4.,  16.,  26.,   1.,  12.],
        [  7., 285.,   2.,   4.,   9.,   6.,   4.,  12.,   3.,  14.],
        [ 56.,   8.,   5.,   2.,  13.,   4.,  10.,  19.,   4., 278.],
        [291.,   4.,   6.,  13.,   4.,   7.,   8.,   8.,   0.,  20.],
        [  9.,   9.,   9.,   9.,  11.,   8.,  10.,  11.,   8., 278.],
        [  9.,  16.,   5.,   5., 245.,   5.,  19.,  12.,   4.,   5.],
        [  7.,  12.,   5.,   9., 251.,   6.,   5.,  21.,   4.,  21.],
        [ 16.,   7.,   6.,  25.,   4.,  15.,  14.,   6., 237.,  17.],
        [  5.,  11., 260.,  19.,   7.,   7.,   4.,  28.,   5.,   8.],
        [  2.,   8.,   4.,  12.,  11.,  15.,   4.,  16., 222.,  29.],
        [ 53.,   4.,   1.,   4.,  19.,   7.,   6., 246.,   2.,  21.],
        [  1.,  14.,   7., 282.,   7.,   5.,   5.,   5.,   4.,  12.],
        [  3.,   5.,  17.,   0.,  15.,   6.,  19.,  10., 258.,  13.]],
       device='cuda:0')
Epoch 3 | Batch 200
tensor([[  0.,   9.,  25.,   9.,   7.,   5., 281.,  10.,  10.,  15.],
        [  1.,  27.,   9.,  15.,   7.,   3.,  12.,  16.,   7., 278.],
        [  7., 277.,   8.,   8.,   4.,   4.,   6.,   7.,   7.,   7.],
        [  5., 276.,  16.,  10.,   7.,   1.,   3.,  15.,   4.,   9.],
        [  2.,   6.,  12.,   7.,  14.,   5., 277.,   8.,  10.,  24.],
        [277.,   6.,   7.,  22.,  12.,   3.,   2.,  15.,   1.,   5.],
        [ 10.,   2.,   2.,  13.,   1.,   3.,   2., 275.,   2.,  12.],
        [307.,   3.,  25.,   0.,   3.,   0.,  13.,  13.,   0.,   8.],
        [  6.,   8.,  10.,   8.,  10.,   1.,  13.,  22.,   3., 271.],
        [251.,   2.,  17.,  15.,   1.,   1.,   7.,  20.,   0.,   4.],
        [  2.,  11.,   7.,   9.,  10., 261.,   3.,  12.,  10.,  17.],
        [  5., 280.,  12.,  11.,   7.,   1.,   4.,  17.,   7.,  11.],
        [ 73.,   6.,   7.,   4.,  11.,   1.,   6.,  27.,   3., 251.],
        [  3.,   6.,   2.,  26.,  13., 272.,   1.,  17.,   4.,  17.],
        [  0.,  15.,   6.,  10.,  12.,   3.,  17.,  19.,   6., 275.],
        [  4., 267.,  12.,   7.,   4.,   1.,   2.,  11.,   3.,   8.],
        [  3.,   8.,   5., 280.,  14.,   5.,   7.,   9.,   6.,  35.],
        [275.,   4.,  19.,   3.,   8.,   2.,  22.,  11.,   0.,   5.],
        [  4.,  13.,   3.,  23.,   7., 112.,   8.,   5.,  15., 159.],
        [  3.,   9.,   9., 288.,  12.,   3.,   3.,   7.,   0.,  15.],
        [  1.,  17.,   6., 280.,  10.,   5.,  13.,   7.,   1.,   8.],
        [  0.,   7.,   8.,  19.,   6.,   4.,   6., 284.,   4.,  26.],
        [  1.,  26.,   7.,  19.,   7.,   3.,   7.,  15., 225.,  13.],
        [  0.,  24., 282.,   5.,   6.,   3.,  14.,  12.,   0.,  19.],
        [ 56.,   3.,   7.,   4.,   6.,   0.,   2.,  66.,   1., 244.],
        [  3., 269.,  24.,  11.,   8.,   1.,   3.,  20.,   6.,  13.],
        [141.,   4., 186.,   2.,  11.,  13.,   5.,  13.,   9.,  14.],
        [  1.,  10.,   5.,   5., 257.,  70.,  10.,  14.,  10.,  14.],
        [  0.,   4.,   5.,  17.,   5.,   5.,   9., 291.,   2.,  29.],
        [  4., 289.,   3.,  14.,   6.,   1.,   6.,  18.,   4.,  11.],
        [  0.,   2.,  15.,   4., 265.,   3.,   5.,  13.,   6.,  48.],
        [282.,   5.,   4.,  10.,  10.,   6.,   0.,  14.,   2.,  12.],
        [  2.,  13.,   4., 261.,  19.,   2.,   8.,  16.,  13.,  13.],
        [275.,   6.,  14.,   8.,   4.,  10.,  13.,  12.,  21.,   9.],
        [  7.,  15., 254.,  13.,   5.,   4.,   2.,   9.,  23.,  14.],
        [ 14.,   6.,  23.,   5.,  24.,   2.,   3.,   7., 253.,  24.],
        [  6., 286.,   5.,  12.,   6.,   2.,   5.,  19.,   3.,  10.],
        [  4.,  14.,  13., 288.,   1.,   5.,   6.,   6.,   1.,   6.],
        [ 24.,   3.,   4.,  10.,   8.,   2., 278.,  12.,   4.,  17.],
        [  0.,  10.,   6.,  18.,   6.,   3.,   6., 285.,   6.,  45.],
        [ 84.,   3.,   6.,  15.,   3.,   5.,   6.,  16., 259.,  14.],
        [  4.,  12.,  15.,   9.,  17.,   3.,  11.,  22.,   7., 271.],
        [  4.,   8.,  12.,  11., 269.,   5.,  10.,  21.,  10.,  12.],
        [  0.,   8.,  15.,  12.,   6.,   6., 282.,   9.,  10.,  18.],
        [  4., 268.,  57.,  12.,   8.,   1.,   7.,  14.,  14.,  11.],
        [  1.,   8.,   9.,   7., 234.,  42.,  13.,   9.,   6.,  12.],
        [  3.,  44.,   7., 275.,   6.,   2.,   7.,  11.,   3.,  14.],
        [ 99.,   7.,   7.,  21.,   3., 218.,   0.,  11.,   6.,   6.],
        [  0.,  12., 278.,  48.,   0.,   1.,  49.,   6.,   2.,   8.],
        [  9.,   6.,   2.,  15.,  11.,   8.,  14., 279.,   1.,  17.],
        [  1.,   8.,   5.,  12.,   7., 272.,  14.,   4.,  12.,  13.],
        [  2.,  10., 283.,   0.,  11.,   2.,  10.,  16.,   3.,  24.],
        [  6.,   6.,   2., 277.,   9.,   5.,   4.,  10.,   9.,  24.],
        [  5.,   4.,   3.,   7.,   3.,   4.,   5., 297.,   4.,  13.],
        [  8.,   6.,  31.,  11., 182.,   4.,  14.,  12.,   4.,  28.],
        [  6., 278.,  17.,   8.,   6.,   2.,   5.,  15.,   5.,   9.],
        [  5.,  42.,   9.,  18.,   4.,   2.,  10.,  18., 180.,  21.],
        [  8.,  44., 225.,  10.,   1.,  13.,  12.,   6.,  13.,  10.],
        [  6., 285.,   6.,  18.,   6.,   1.,   8.,  15.,  13.,  12.],
        [  4.,   4.,   5.,   6., 277.,   5.,   6.,  14.,  11.,  22.],
        [  2.,   4.,  13., 292.,   1.,   7.,   5.,   8.,   3.,   6.],
        [  2.,  15.,   4.,   9.,   8., 280.,   4.,   8.,  12.,   8.],
        [  0.,   7.,   1., 160.,  12.,   8.,   9.,   9.,   5.,  17.],
        [ 11.,   7.,  42.,   4., 245.,   0.,   5.,  17.,   0.,  14.]],
       device='cuda:0')
Epoch 3 | Batch 300
tensor([[ 19.,   2.,  38.,   8., 277.,  11.,   3.,  20.,   1.,  18.],
        [ 10.,   3.,  17.,  13.,   3.,  16.,  11.,   4., 263.,   6.],
        [  0.,   0.,  10.,  10.,  14.,  10.,   0., 280.,   4.,  28.],
        [289.,   1.,   2.,  18.,   3.,  18.,  12.,   7.,   4.,   4.],
        [  2.,   1.,   5., 284.,   6.,  31.,   2.,   3.,  23.,  10.],
        [  0.,  10.,  18.,   7.,   8., 241.,  10.,  11.,   5.,   7.],
        [  2.,   5.,   6.,   7., 274.,  10.,   8.,  12.,  15.,  13.],
        [  2.,   7.,  13.,  12.,   8.,  11.,   7., 250.,  30.,  22.],
        [  0.,  43., 262.,   6.,   1.,   7.,   5.,   3.,   5.,   6.],
        [  1.,   9.,  55.,   7.,   4.,  10.,   1., 237.,  63.,  12.],
        [  3.,   5.,   8.,  23.,  13.,  13.,  19.,   8.,  14., 265.],
        [  0.,   5.,  13.,  14.,   8.,   8., 276.,   5.,   8.,  15.],
        [  1.,  16.,   5.,  10.,   6.,  11.,   7.,  23.,  25., 252.],
        [  0.,   6., 286.,   2.,  15.,   6.,   7.,   1.,   4.,   9.],
        [257.,   0.,  21.,  13.,   2.,  14.,  14.,   9.,   3.,   4.],
        [  0.,   2.,   2.,  17., 272.,  29.,   8.,   7.,   7.,  33.],
        [  4.,   3.,   7.,   9., 276.,   7.,   8.,  23.,   2.,  12.],
        [  0.,   6.,  10.,  29.,  61.,  13.,  14., 231.,   8.,  12.],
        [ 11.,   4.,   3.,  11.,  10., 269.,  10.,   4.,  13.,   5.],
        [ 71.,   2.,   2.,   5.,   6., 286.,   7.,   3.,   8.,   7.],
        [  0.,   8.,   6.,  22.,  13.,  13., 267.,   3.,  11.,  15.],
        [  3., 273.,   6.,  11.,  11.,  15.,   4.,   8.,   8.,  10.],
        [267.,   2.,   5.,   4.,   4.,  10.,   5.,   3.,   6.,   3.],
        [  4.,   5.,   3.,   5.,   7.,  30.,   3.,   6., 269.,   9.],
        [  6., 291.,   4.,   4.,   3.,   5.,   7.,   3.,   6.,   6.],
        [  2.,   5.,  21.,   2.,   9., 252.,  46.,   5.,   9.,   9.],
        [ 16.,   7.,   8., 282.,   3.,  16.,  10.,   3.,   1.,   3.],
        [  1.,   5.,   3.,   8., 279.,  18.,   6.,  12.,   6.,  13.],
        [  2.,  45.,   4.,   2.,   3.,   7.,   9.,   5., 258.,  15.],
        [  0.,  14.,   6.,   4.,   5.,   9.,   4., 254.,   7.,  32.],
        [268.,   2.,   5.,  10.,  12.,  13.,  38.,  11.,   5.,  13.],
        [ 13.,   1.,   5.,   5., 294.,   8.,  11.,  10.,   1.,  17.],
        [  8.,   3.,   6.,  13.,  12.,  11.,  11.,  11.,   8., 265.],
        [  1.,   3.,  21.,   9.,  22.,   9., 281.,   7.,   2.,   8.],
        [299.,   0.,  39.,   4.,   3.,   9.,  37.,   6.,   4.,   1.],
        [  7., 290.,   3.,   4.,   5.,   5.,   4.,   4.,   5.,  10.],
        [  1.,   7.,   7.,   9.,  10.,   6., 276.,   8.,   4.,   7.],
        [  5.,  11.,   6.,   2.,   2.,  14.,   5.,  15., 269.,  21.],
        [  3.,   4.,  15.,  10.,   9.,   7., 267.,  11.,   2.,   4.],
        [  1.,  16., 274.,   6.,   3.,  15.,  16.,   5.,   8.,   9.],
        [242.,   2.,   6.,   0.,   5.,  28.,  21.,   8.,   0.,   4.],
        [ 12.,   5.,   7.,  22.,   4.,  17.,   9.,   7., 267.,   6.],
        [  0.,   3.,  10.,   4., 268.,  13.,  12.,  39.,  13.,  13.],
        [  0.,   4.,  10.,   9.,  38.,   8., 272.,   7.,   9.,  10.],
        [  4.,   3.,   6.,   9., 281.,   9.,   4.,  13.,   5.,  13.],
        [245.,   4.,   3.,  16.,   1.,   9.,   0.,   8.,   6.,   2.],
        [  7., 276.,  29.,   6.,   6.,   4.,   2.,   7.,   5.,  11.],
        [  1.,   4.,   6.,  17.,  12.,  14.,   7.,  16.,  12., 277.],
        [  1.,   1.,   3.,  16.,  39.,  10.,   3.,  26.,   7., 283.],
        [  8., 279.,  36.,   6.,   5.,   5.,   3.,   5.,  11.,   7.],
        [  0.,  10., 293.,  19.,   1.,   6.,  22.,   0.,   2.,   3.],
        [285.,   1.,   5.,  57.,   2.,  10.,   3.,   6.,   1.,   2.],
        [ 66.,   2., 281.,   1.,   1.,   5.,  12.,   3.,   2.,   3.],
        [  0.,   2.,  20.,   6.,  43.,  13., 286.,   1.,   5.,   7.],
        [275.,   1.,  12.,  19.,   4.,  12.,  40.,  12.,   1.,   7.],
        [ 73.,   1.,   9.,   3.,   7.,   8., 285.,   8.,   0.,   5.],
        [ 41.,   1.,   3.,   2.,   4.,  12.,   3., 284.,   4.,  24.],
        [  7.,   3., 283.,   6.,   3.,   9.,  18.,   1.,  12.,   7.],
        [  7.,   5.,   6.,  29.,   1.,  80.,   5.,   6.,  61., 237.],
        [  4.,  11.,   6.,  16.,   5.,  11., 261.,   4.,  19.,  10.],
        [  0.,   3.,   3.,   7.,  18.,  12.,   4., 273.,   8.,  25.],
        [  0.,   3.,   5., 224.,  11.,  22.,   6.,  10.,  11.,  39.],
        [  1.,   7.,  13.,  13.,  13.,   9.,  14.,   7.,   6., 273.],
        [304.,   1.,   2.,   1.,   1., 103.,  37.,  13.,   4.,   3.]],
       device='cuda:0')
Epoch 3 | Batch 400
tensor([[  8.,   9.,  24., 256.,   4.,  20.,  10.,  16.,   9.,   8.],
        [  0.,   6.,   6.,  10.,   8.,  12.,   6., 277.,  16.,  12.],
        [  0.,   1.,   9.,  16.,   1.,   5., 286.,   8.,   9.,  15.],
        [245.,   5.,  34.,   4.,   0.,   3.,   7.,  13.,   0.,   1.],
        [  3., 248.,  15.,  15.,   8.,   3.,   4.,   6.,  12.,   5.],
        [  1.,   4.,   2., 295.,   1.,  19.,   2.,  10.,   4.,   8.],
        [  1.,  13.,  13.,  16., 265.,  13.,  14.,  15.,  19.,   3.],
        [  0.,  26., 282.,  25.,   0.,   7.,   0.,  10.,  10.,   6.],
        [  0.,   4.,  17.,  14.,   7.,  11., 268.,  12.,  11.,  12.],
        [  0.,   5.,  20.,  14.,   3.,   8.,   7., 281.,  13.,  10.],
        [300.,   0.,   4.,  16.,   1.,  17.,   4.,   9.,   3.,   4.],
        [  0.,   6.,  10.,  14., 270.,   9.,   8.,  20.,   5.,  15.],
        [ 30.,   6.,  10.,  20.,   3.,  29., 236.,   7.,   2.,   4.],
        [ 15.,   1.,  14.,  12.,   0.,  39.,   4.,  11., 278.,   2.],
        [  4.,   4.,   5.,  14.,   2.,  22.,   5.,  58.,  11., 261.],
        [  0.,  14., 236.,  12.,   6.,  12.,  17.,   7.,   8.,  11.],
        [ 24.,   5.,   3., 281.,   0.,  21.,  10.,   8.,   3.,   7.],
        [  0.,  16., 281.,  31.,   0.,   6.,   9.,   5.,  10.,   2.],
        [  0.,   2.,   3.,  39.,   3., 253.,   1.,  46.,   7.,  30.],
        [  0.,   8.,  32.,  14.,   5., 257.,  14.,   8.,  16.,  11.],
        [  4., 276.,  10.,  18.,   3.,   6.,   7.,  13.,  14.,   7.],
        [  0.,   5.,   8.,  23.,   3.,  13., 270.,   5.,  24.,   8.],
        [  7.,   5.,  14.,   7.,   3.,  10.,   7.,  62.,   8., 255.],
        [ 15.,   3.,   5.,  64.,   1., 251.,   4.,  21.,  13.,  12.],
        [  0.,   1.,  11.,  10.,   0.,   7.,   4., 283.,  15.,  48.],
        [  0.,   2., 265.,  17.,   3.,   6.,  20.,  60.,   7.,   8.],
        [  5., 261.,   8.,  15.,   6.,   4.,   8.,  18.,  13.,   6.],
        [  3.,   5.,   3., 285.,   0.,  29.,   3.,  14.,   9.,  10.],
        [296.,   0.,   5.,   3.,   0.,  11.,  69.,   6.,   5.,   2.],
        [114.,   2.,  14.,  28.,   0., 150.,   5.,  16.,   2.,   3.],
        [  0.,   5.,  13.,  25.,   4.,  10., 275.,  10.,  14.,  16.],
        [ 26.,   0.,   8.,  17.,   0.,  13.,   7.,   8., 269.,   7.],
        [  0.,   7.,  13.,  12., 262.,  11.,  15.,  19.,   9.,   6.],
        [  0.,   1.,  13.,   9.,   3.,  10.,   6.,  14., 277.,  15.],
        [ 90.,   1.,   3.,  15.,   2., 128., 150.,   6.,   3.,   7.],
        [  1.,  20.,  13.,  17., 254.,  10.,  16.,  18.,  16.,   2.],
        [  2.,   2.,   3.,   7.,   6.,   9.,   3., 252.,   5.,  26.],
        [  0.,   6.,   8.,  13.,   2.,  10.,  11.,  25.,   8., 281.],
        [  4.,   3.,   8.,  61.,   3.,  25.,   2.,   8., 258.,   7.],
        [  0.,   3.,   9.,  20., 262.,  12.,   5.,  25.,   7.,  58.],
        [  0.,  13.,  10.,  12.,   0.,  14.,   7.,  50.,  18., 257.],
        [  0.,  14.,  17., 262.,   2.,  15.,  33.,  10.,   7.,   7.],
        [  0.,   7.,   8.,  13.,  13.,  12.,  13., 263.,  17.,  13.],
        [277.,   1.,  17.,  12.,   2.,  10.,  17.,  13.,   4.,   9.],
        [  2., 283.,   6.,  16.,   4.,   2.,   5.,  15.,  10.,  10.],
        [ 16.,   3.,   6.,  73.,   1., 267.,   3.,  14.,  12.,   7.],
        [ 43.,   3., 264.,   6.,  12.,   9.,   3.,  11.,  10.,   4.],
        [  0.,   2.,   9.,  15.,  63.,  11.,   8., 279.,  22.,   5.],
        [  0.,   7., 151.,   1.,   4.,  48.,   7.,  17.,   7.,   8.],
        [ 22.,   7.,  14.,   7.,   4., 279.,   2.,  12.,   7.,   5.],
        [299.,   1.,  15.,  17.,   1.,  16.,   0.,  10.,   1.,   3.],
        [  0.,   0.,  14., 279.,  21.,   7.,   0.,   8.,  24.,  13.],
        [  0.,   8., 263.,  23.,   3.,  11.,   3., 107.,   7.,   8.],
        [  1.,   6.,   8.,  10., 268.,  14.,  21.,  15.,  11.,   8.],
        [  3., 270.,   4.,   9.,   2.,   1.,   2.,   7.,   3.,   6.],
        [  5., 272.,  15.,  13.,   6.,   5.,   6.,  17.,  10.,   6.],
        [299.,   2.,  23.,   3.,   0.,   5.,  18.,  13.,   0.,   2.],
        [  0.,   2.,  11.,  24.,   8.,  11.,   9.,  19.,   8., 268.],
        [  0.,   2.,  11.,  49.,  12.,   8.,  16., 246.,  16.,  11.],
        [  2.,   8.,  11.,  11.,   2.,   7.,  15.,  32.,  22., 260.],
        [294.,   0.,  16.,  17.,   0.,   6.,   3.,   8.,   1.,   0.],
        [ 73.,   3.,   8.,   5.,   5.,   9.,   5., 256.,   5.,  23.],
        [299.,   2.,  38.,   2.,   0.,   4.,  23.,   7.,   0.,   1.],
        [ 37.,   2.,   3.,  48.,   1., 260.,   1.,  11.,  12.,  15.]],
       device='cuda:0')
Epoch 3 | Batch 500
tensor([[  3.,   7., 295.,   0.,  11.,   7.,  12.,   2.,   3.,  12.],
        [231.,   4.,  14.,   0.,   3.,   4.,  11.,   7.,   1.,   1.],
        [  8., 256.,  31.,  13.,   8.,   5.,   7.,  18.,  18.,  12.],
        [295.,   1.,   3.,   3.,   3.,  11.,  38.,   5.,   0.,   1.],
        [  1.,  48.,  29.,  14., 196.,  13.,  22.,   7.,  10.,   3.],
        [  0.,  12.,   9.,  14.,  12., 255.,  27.,   2.,   8.,   9.],
        [  1.,   7., 287.,  20.,   7.,   9.,   6.,   6.,   4.,   4.],
        [233.,   4.,   3.,   7.,   2.,  10.,   0.,  12.,   6.,  11.],
        [  0.,  10.,   6.,   8.,   4.,  37.,   9.,   4.,   7., 273.],
        [  4.,   4.,  68.,   2.,  15.,  11., 279.,   1.,   5.,  14.],
        [  9.,   6.,  11.,   3., 260.,   8.,   5.,  11.,   5.,   9.],
        [  6.,  10.,   6., 259.,  25.,  15.,  10.,   2.,   8.,  10.],
        [ 15.,   4.,  28.,   1., 263.,   6.,   5.,   7.,   4.,   5.],
        [ 18.,   7.,   2., 251.,   8.,  20.,   2.,   9.,  21.,   9.],
        [  8.,   7.,  15.,   2.,  10.,   5., 300.,   0.,   0.,   3.],
        [  3.,  20.,   5., 257.,   8.,  14.,   8.,   5.,   4.,  13.],
        [  3.,  14.,  12.,  10., 262.,  14.,  13.,   4.,   5.,  21.],
        [  9.,  27.,   8.,   1.,  28.,  18.,   8.,   7., 157.,  14.],
        [  0.,   8.,   5.,  15.,  24.,  18., 274.,   5.,   6.,   7.],
        [ 15.,   3.,  16.,   1., 281.,   7.,   5.,   8.,   6.,  13.],
        [  3.,  18.,   6.,   2.,  12., 282.,   2.,  28.,   9.,   5.],
        [  6., 286.,   8.,   7.,   6.,  10.,  11.,   6.,   7.,   6.],
        [  0.,   6.,  11.,  10.,   9.,  15.,   4., 279.,   3.,   6.],
        [ 16.,  12., 271.,   0.,   3.,  10.,   8.,   9.,   8.,   5.],
        [  5.,   6.,   3.,  15.,   8., 273.,   0.,  25.,   8.,   7.],
        [  4.,  10.,  27.,  27.,  23.,  14.,   4.,   5., 242.,  13.],
        [ 35.,   8., 270.,   0.,  13.,  10.,  14.,   3.,   1.,   5.],
        [  7.,   5., 268.,   0.,   9.,   6.,   5.,  10.,   1.,  10.],
        [  4.,  12.,   6.,   7., 274.,  16.,  11.,  13.,   9.,  11.],
        [  2.,   8.,   5., 265.,  12.,  19.,   2.,  38.,   5.,   9.],
        [  1.,   8.,  49.,  13.,  44.,  18.,   5.,   4., 264.,   6.],
        [  9., 286.,  11.,   7.,   8.,   6.,   7.,  14.,   8.,   7.],
        [  9.,   7.,  25.,   3., 253.,   3.,   4.,   8.,   3.,   5.],
        [  2.,  17.,  12.,   5.,   6.,   8.,   5., 275.,   6.,  10.],
        [  5.,   9.,  14.,   2.,  10., 263.,   5.,   9.,   2.,   3.],
        [ 14.,   5.,  17.,   5.,  12.,  12.,   6.,  11., 260.,  15.],
        [  6., 258.,  13.,   4.,   9.,   3.,   2.,  11.,   2.,   5.],
        [  8.,  62.,  38., 253.,   4.,   9.,   6.,   7.,   3.,   5.],
        [  2.,   8., 288.,  16.,  24.,  11.,   8.,   1.,   1.,   4.],
        [ 11.,   5.,  42.,   2., 248.,   5.,   5.,   6.,   2.,   3.],
        [  9., 281.,  18.,   7.,   5.,   6.,   5.,  19.,   5.,   7.],
        [  6., 271.,   5.,   4.,   6.,   5.,   5.,   9.,   1.,   4.],
        [  0.,   9.,   8.,   5.,   7.,   9.,   4., 285.,   8.,   9.],
        [256.,   6.,  11.,   6.,   9.,   9.,   9.,   9.,  16.,   6.],
        [298.,   6.,   6.,   0.,   2.,  82.,  26.,   9.,   0.,   4.],
        [  4., 122., 108.,  89.,   8.,   7.,   9.,  13.,   1.,   7.],
        [  8.,   5.,   3.,  36.,  15., 270.,   1.,   2.,  11.,   6.],
        [  7.,  13.,   8.,   3.,   8.,  14.,   9.,   5., 256.,   9.],
        [  6.,   3.,   3.,   2.,   5.,   9.,   6., 260.,   6.,  11.],
        [ 46.,   3.,   9.,   3.,   3.,  11., 252.,   2.,   2.,   5.],
        [302.,   3.,   8.,   1.,   1.,   7.,  68.,   4.,   0.,   1.],
        [  1.,  13.,   7.,  18., 264.,   9.,   4.,  11.,  13.,  32.],
        [  3.,  24.,   5.,   5., 272.,   8.,  22.,   9.,   8.,  10.],
        [  0.,   4.,   6.,  10., 254.,   7.,   5.,   4.,   2.,   4.],
        [ 34.,   2.,  40.,   1.,   2.,   3., 283.,  10.,   2.,   6.],
        [  8., 279.,  20.,   9.,  11.,   4.,   4.,  19.,   7.,   6.],
        [  1.,  10.,   7.,   8.,  13.,  13., 276.,   6.,   6.,   7.],
        [  9.,   5.,   6.,  11.,  15.,   9.,   3.,   7.,  13., 273.],
        [  5., 276.,   5.,   5.,   5.,   7.,   6.,   5.,   3.,   6.],
        [  0.,  21.,  10.,   4.,   8., 240.,   8.,  12.,   7.,  22.],
        [  5., 283.,   7.,   8.,   8.,  15.,   9.,   8.,   7.,  10.],
        [  5., 285.,   6.,   6.,   5.,  12.,   9.,   6.,   5.,   7.],
        [  3.,  44., 269.,   2.,   7.,  10.,  10.,   8.,  12.,   8.],
        [ 42.,   2.,  36.,   4.,   4.,   1., 277.,   6.,   0.,   3.]],
       device='cuda:0')
Epoch 3 | Batch 600
tensor([[  1.,  30.,  19.,  10.,   6.,   5.,   5.,   4., 281.,   6.],
        [  7.,   8., 271.,   4.,  17.,   6.,   6.,   4.,   6.,   5.],
        [  2.,   8.,   4.,  29.,   9., 232.,   5.,   8.,  17.,  16.],
        [268.,  12.,  16.,   5.,   6.,   3.,   0.,  10.,  30.,   5.],
        [  0.,   7.,  10.,   8.,   9.,   5., 275.,   6.,   7.,  11.],
        [  1., 244.,   2.,   4.,   2.,   0.,   0.,   1.,   2.,   3.],
        [  4.,   5.,  16., 286.,   5.,  10.,   3.,   3.,   9.,   8.],
        [  0.,  11.,   8.,   5.,   7.,   6., 283.,   6.,   6.,   9.],
        [  0.,  17.,  13.,  10.,   4.,   6.,   6.,   7., 280.,   9.],
        [  3.,   6.,   5.,   9., 261.,  13.,   6.,  27.,  13.,   8.],
        [  0.,  24., 285.,  13.,   5.,   6.,  11.,   2.,   8.,   7.],
        [ 52.,   3.,   5.,  14.,   2.,   4.,   7., 224.,   4.,   2.],
        [  7.,  10., 279.,   9.,   2.,   6.,   4.,  18.,   6.,   6.],
        [ 55.,   9., 274.,   9.,   3.,   2.,  10.,   6.,   0.,   6.],
        [ 56.,   3.,  26.,   1.,   5.,   4., 267.,  18.,   4.,   7.],
        [  0.,   9.,   5.,   5., 278.,  10.,   9.,  11.,  12.,   5.],
        [  2.,   8.,  12.,  10.,  15.,  11.,   8.,  14., 159.,  14.],
        [ 34.,   9., 282.,   6.,   4.,   3.,   9.,   4.,   1.,   4.],
        [  9.,   9.,   7.,  16.,   4., 264.,   4.,  21.,  15.,   9.],
        [  3.,   4.,   2., 290.,   6.,   9.,   0.,   3.,  17.,  13.],
        [  8.,   3.,   5.,   3., 273.,   7.,  28.,  14.,   3.,   9.],
        [  0.,   9.,  14.,   6.,   5., 238., 139.,   4.,   6.,  10.],
        [  0.,   4.,   4.,  15.,   9.,  16.,   2., 286.,   5.,  10.],
        [  1.,  10.,  10.,   5.,  18.,   5.,  13.,  31.,  13., 274.],
        [  0.,  18.,   8.,  16.,   2.,   7.,   5.,  14.,  16., 269.],
        [  5.,   4.,  23.,   7.,   3.,   7.,   2., 278.,   7.,  33.],
        [249.,   4.,  22.,   1.,   7.,  18.,  21.,   6.,  15.,   4.],
        [  0.,  16.,  12., 285.,   7.,   2.,   2.,   2.,  12.,  11.],
        [  2.,  12.,   8.,  27.,   2.,   9.,   7.,   8., 263.,   8.],
        [ 24.,  67.,   7.,  30.,   9.,   4., 116.,  12.,  11.,   4.],
        [  4., 273.,  13.,  14.,   4.,   4.,   7.,   9.,  12.,  10.],
        [ 30.,   4.,  28.,   4.,   8.,   8.,   8.,  12., 257.,  13.],
        [  1.,   6.,   8.,  26.,   4.,  11.,   5.,   9., 273.,  23.],
        [ 13.,   7.,  17.,   5.,  28.,   7.,  13.,  13.,  17., 239.],
        [  0.,  23.,   9.,  27.,   7.,  15.,   7.,   4.,  18., 260.],
        [  1.,  10.,   7.,   5., 282.,   5.,  10.,  23.,   7.,   5.],
        [  1.,   7.,  13.,   6.,  10.,   7.,   7.,   6., 280.,  16.],
        [279.,   6.,  11.,   1.,   6.,   6.,   2.,   6.,  11.,   4.],
        [  1.,   4., 270.,  35.,   2.,   3.,  29.,  57.,   3.,   7.],
        [ 11.,  12.,  27., 263.,   9.,   4.,   6.,   7.,   7.,   9.],
        [ 50.,   8., 269.,   8.,   5.,   4.,   3.,   3.,   0.,   3.],
        [  1.,   9.,   6.,   8.,   9.,  14.,   7.,  16., 273.,  21.],
        [  2.,   7.,   4., 260.,   9.,   7.,   4.,   6.,  36.,  13.],
        [  3., 274.,  18.,  11.,   7.,   3.,   4.,  23.,   9.,  11.],
        [  1.,   6.,   9., 287.,   1.,   9.,   2.,   6.,  22.,  21.],
        [  0.,   8.,   8.,  14.,   9.,   7.,   3.,  30.,  11., 271.],
        [  0.,  11.,  18.,  14.,   6.,   4.,   4., 251.,   6.,  13.],
        [  0.,   4.,  10.,  16.,   9.,   6.,   2., 278.,   7.,  14.],
        [ 18.,   3.,   0.,   3.,  14.,  15.,   0., 270.,   6.,  23.],
        [  0.,   5., 273.,  40.,   2.,   4.,   5.,  25.,   5.,  13.],
        [  1.,   7.,   9.,  10.,  10.,  12.,   7.,   7., 266.,  26.],
        [  7.,  11.,   8.,   5., 281.,   5.,   9.,  19.,   4.,   5.],
        [ 13.,   6.,   5.,   5.,  11.,  12.,   3.,   8.,  14., 272.],
        [  3.,   2.,   7., 286.,   3.,  13.,   2.,  10.,  20.,  13.],
        [  0.,   6.,  10.,   8.,   8.,   7.,   3., 266.,  15.,  50.],
        [  2., 266.,  10.,  11.,   7.,   8.,   5.,   8.,  12.,  13.],
        [  4.,  11.,  28., 197.,   6.,   3.,  52.,  14.,   2.,   7.],
        [  0.,   7.,   3.,  10.,  22.,  11.,   2., 277.,   7.,  19.],
        [271.,   6.,  11.,   3.,   6.,  10.,   0.,   7.,  11.,   7.],
        [  9.,   8.,   4., 274.,   4.,  14.,   4.,   3.,  11.,   7.],
        [  0.,   8.,   9., 286.,   3.,   5.,   3.,   6.,  13.,  11.],
        [  4.,  24.,   7.,   9., 270.,   7.,  20.,   4.,   8.,   4.],
        [  0.,  10.,  10.,   7.,   8.,   4., 291.,   3.,   6.,   6.],
        [215.,   4.,  19.,   2.,  10.,   6.,  47.,  12.,   6.,  10.]],
       device='cuda:0')
Epoch 3 | Batch 700
tensor([[  0.,  31.,   5., 232.,   4.,   1.,   6.,   3.,   1.,   8.],
        [  5., 283.,  15.,  13.,   5.,   1.,   9.,   7.,   6.,   8.],
        [  1.,  18., 272.,   0.,  15.,   8.,  19.,   6.,   7.,   8.],
        [  6.,   4.,  25.,   3.,  11.,   6., 265.,   7.,   7.,   5.],
        [301.,   2.,   3.,   0.,   2.,   1.,  27.,  13.,   0.,   4.],
        [  2.,   6.,  25.,   5.,  11.,   3., 275.,   3.,   6.,   7.],
        [ 10., 283.,  14.,   9.,   6.,   3.,  11.,   5.,   7.,   6.],
        [ 69.,   1.,  21.,   1.,  10.,   2., 291.,   2.,   0.,   4.],
        [ 12.,   5.,  28.,   7.,   6.,   8.,  28.,   7.,   9., 128.],
        [  3.,  13., 247.,  14.,   3.,  20.,   2.,  11.,  12.,   4.],
        [ 22.,   6.,   9., 261.,  16.,  10.,   9.,   3.,   8.,  11.],
        [ 14.,   4.,  17.,   3.,   9.,   4., 277.,   6.,   3.,   7.],
        [  6., 278.,  11.,   7.,   5.,   1.,   8.,   7.,   5.,  10.],
        [  0.,  22., 258.,  24.,   8.,   5.,   7.,   4.,  10.,   7.],
        [  9.,   2.,   2.,  13.,  15.,  13.,  12., 270.,   6.,   5.],
        [  3.,  13., 273.,  28.,   0.,   4.,  16.,   0.,  17.,   2.],
        [  7., 283.,  13.,   8.,   6.,   2.,   9.,   7.,   6.,   7.],
        [ 14.,   6.,   4., 281.,   5.,   8.,   1.,   0.,  10.,   5.],
        [ 70.,   7.,  35., 256.,   1.,   3.,  21.,   3.,   0.,   3.],
        [ 79.,   3.,  10., 279.,   0.,   4.,   8.,   2.,   2.,   2.],
        [  0.,   8.,  14.,  13.,  47.,   3.,  57., 254.,   5.,   3.],
        [  3.,   4.,   3., 280.,   7.,  20.,   4.,   4.,   4.,   6.],
        [  7., 282.,  13.,   8.,   6.,   3.,  11.,   6.,   7.,   7.],
        [ 12.,   7.,   5.,  26.,   4., 259.,   9.,   3.,  33.,   7.],
        [  9.,   1.,   9.,   4.,   6.,   9.,   3., 290.,   3.,  13.],
        [  7., 277.,  14.,   8.,   8.,   1.,   4.,   8.,  10.,  10.],
        [  9.,   7.,  10.,   0.,  10., 292.,   1.,   2.,  71.,   4.],
        [  8., 280.,  12.,  11.,   7.,   3.,   9.,   7.,   6.,   8.],
        [  3.,  17., 157.,   0.,   8.,   4.,  34.,  20.,  10.,  21.],
        [  1.,   4.,  15.,   9.,   4.,  10.,   8., 285.,   5.,  13.],
        [  0.,  39.,  12.,   5.,   4.,   5.,   6., 258.,   7.,  11.],
        [ 10.,   4., 282.,   2.,  11.,   6.,  12.,   5.,   2.,   6.],
        [  4., 266.,   5.,   3.,   3.,   0.,   3.,   2.,   0.,   3.],
        [305.,   1.,   1.,  10.,   2.,  14.,   1.,   2.,   1.,   3.],
        [  3.,  14.,   8., 155.,  15.,   6.,  20.,  15.,   3.,   9.],
        [  2.,   8., 267.,  27.,   5.,   8.,   2.,   3.,  16.,   5.],
        [ 46.,   1.,  47.,   1.,   7.,   1., 287.,   0.,   3.,   4.],
        [ 67.,   0.,   4.,   1.,  20.,  10.,   3., 251.,   8.,  22.],
        [  7., 273.,  13.,   9.,   6.,   2.,   4.,   5.,   7.,   9.],
        [ 10.,   3.,  21.,  14.,   8.,  20.,   5.,   3., 260.,   4.],
        [  0.,   5.,   9.,   7.,  12.,  10.,   5.,  21., 266.,  33.],
        [  0.,   5.,  27.,   3., 264.,   4.,   9.,  27.,   8.,  11.],
        [307.,   0.,   2.,   0.,   2.,  13.,  18.,   5.,   1.,   2.],
        [  6.,  10.,   7.,  11.,  29.,   5., 184.,  15.,  16.,   8.],
        [  6., 280.,  11.,  13.,   6.,   1.,   7.,   8.,   5.,   9.],
        [109.,  16.,  12.,   4.,   9.,   4.,  11.,  14.,   4.,  16.],
        [  0.,   8.,  13.,   7.,  13.,  13.,   8., 283.,   8.,   6.],
        [  6.,   5.,  11.,   9.,   7., 271.,   7.,   3.,  24.,  16.],
        [ 11.,   6.,   5.,   4.,  14.,   3., 289.,   3.,   5.,   9.],
        [  1.,   8.,  23.,  17.,   4., 259.,  29.,   5.,   4.,   3.],
        [  4., 278.,   9.,   5.,   3.,   0.,   5.,   3.,   2.,   4.],
        [303.,   0.,   0.,   0.,   2.,  33.,  13.,   2.,   8.,   1.],
        [279.,   2.,   2.,   4.,   6.,  12.,  55.,   8.,   5.,   5.],
        [  1.,  21.,  11.,   9.,  19.,   6., 222.,   8.,  15.,   9.],
        [  1.,  18.,   8.,  12., 252.,  14.,   6.,  12.,  15.,   8.],
        [285.,   2.,   4.,   4.,   5.,   9.,  15.,  12.,  16.,   7.],
        [  9.,  25., 274.,   2.,   3.,   8.,  21.,   2.,  11.,   4.],
        [  1.,  12.,  20.,  10.,  16.,   6.,  14.,  22.,  13., 235.],
        [301.,   1.,   5.,   0.,   6.,   4.,  19.,  12.,   2.,   6.],
        [  2.,  10.,  11.,  10.,   9.,  10.,  12.,  31.,  17., 257.],
        [  5.,   8.,  14.,   9., 276.,   9.,   7.,   5.,  14.,   5.],
        [  4.,   2.,  18.,   7.,   6.,   6.,   3., 289.,   3.,   6.],
        [  3.,   2.,  17.,   2.,  11.,   6.,   8.,   3., 283.,   9.],
        [  1.,  12.,  20.,   0.,  11., 254.,   6.,   4.,   7.,   2.]],
       device='cuda:0')
Epoch 3 | Batch 800
tensor([[  0.,  11.,   5.,  20.,  13.,   7.,   6.,  34.,   8., 277.],
        [ 13.,   3.,   2.,   8.,  22.,   5.,   2., 284.,   2.,  20.],
        [165.,   6.,   4.,  11.,   5.,   2.,   3.,  10.,   3.,   4.],
        [  0.,   3.,  11.,  12.,  11.,   1., 281.,  22.,   4.,   9.],
        [  0.,  25., 274.,  44.,   1.,   7.,   8.,   3.,   9.,   4.],
        [  0.,   3., 289.,  23.,   4.,   2.,  57.,  10.,   1.,   3.],
        [  0.,  11.,   2., 283.,  16.,   9.,   8.,  17.,   4.,   6.],
        [  0.,   6., 297.,   8.,   8.,   9.,   6.,   4.,  19.,   6.],
        [  0.,  13.,   5.,  28.,  18.,   8.,   7.,  18.,  10., 268.],
        [  2.,   8.,   5.,  23.,   4., 261.,   1.,  18.,  18.,   6.],
        [  0.,   4.,   8., 204.,  10.,   6.,   4., 120.,   6.,  33.],
        [  0.,  21.,   5.,  20.,   3.,  13.,   9.,  24.,  22., 266.],
        [  2.,   3.,   1.,  12.,  17.,   7.,   4., 267.,   4.,  20.],
        [  0.,   7., 299.,  32.,   0.,   4.,  30.,   3.,   2.,   2.],
        [  0.,  24., 287.,   8.,   6.,   8.,   7.,   7.,   8.,   3.],
        [  0.,   5.,   8.,  14.,  23.,   6.,   7., 275.,  14.,  50.],
        [  3.,   7.,   4., 282.,  16.,  12.,   4.,   6.,  11.,  18.],
        [  0.,  34.,  11.,  10.,   8.,   6.,  11.,  27., 202.,  18.],
        [  6.,   6.,  17.,   7.,   3.,   2., 262.,  14.,   3.,   8.],
        [  2., 289.,   7.,  12.,   5.,   2.,   5.,   7.,   2.,   5.],
        [  2., 288.,  10.,  14.,   5.,   4.,  10.,   6.,   9.,   9.],
        [  1., 274.,  22.,  14.,   8.,   5.,   4.,  17.,   9.,  10.],
        [  2., 248.,  20.,  14.,   9.,   4.,   5.,   8.,   7.,   7.],
        [  0.,  10.,  12.,  17.,  14.,   3.,  14.,  31., 234.,  30.],
        [  0.,  42.,   9.,  18.,   3.,   4.,   5., 281.,   3.,  10.],
        [  0.,   5.,  13.,  10.,  11.,   5.,   8.,  34.,   7., 255.],
        [  0.,   5.,  10.,  14.,   6.,   5., 285.,   7.,  15.,   9.],
        [  5.,   7.,  18.,   6., 279.,   7.,  11.,  23.,   8.,  16.],
        [  0.,  11.,   6.,  16.,  13.,   5.,   8.,  40.,   6., 276.],
        [  0.,  13.,  12.,  10., 250.,   8.,   8.,  15.,   8.,  20.],
        [  0.,  35.,   8.,  16.,   7.,   3.,  14.,  16., 236.,  16.],
        [  0.,   4., 292.,   1.,   2.,   6.,   6.,  31.,  44.,   8.],
        [  0.,  24.,  12.,  18.,  12.,   8.,  11.,  10.,   9., 269.],
        [  0.,   7.,  18.,  13.,   5.,   3., 280.,  12.,  12.,  11.],
        [  3.,   2.,   4.,   9.,  19.,   5.,   5., 253.,   7.,  79.],
        [  2.,  14.,   8.,   7.,  35., 274.,   2.,  13.,   7.,   6.],
        [  0.,  20.,  16.,  30.,  20.,   4.,  10., 232.,   7.,   6.],
        [  0.,   2.,  47.,  46.,   9.,   7.,  29.,   6., 245.,   8.],
        [  2., 283.,  16.,  15.,   6.,   4.,   6.,  11.,   4.,   7.],
        [  0.,   4., 302.,   6.,   2.,   4.,  21.,   6.,  29.,   4.],
        [  0.,  17.,  11.,  13.,   5.,  15., 265.,  10.,  15.,   9.],
        [  0.,  18.,  13.,  17.,   8., 260.,   9.,  27.,   9.,  11.],
        [  1., 282.,   7.,  15.,   6.,  22.,   7.,   7.,   8.,   8.],
        [  0.,   2.,   1.,   7.,  11.,   4.,   5., 291.,  14.,  12.],
        [  0.,  11.,   9.,  32.,  14.,  10.,   7.,  22., 249.,  21.],
        [  0.,   2.,   1.,   6.,  10.,   4.,   2., 249.,   2.,  12.],
        [181.,   9.,  13.,   9.,   5.,   3.,   1.,  28.,   2.,  18.],
        [  0.,  10.,  11.,  13.,   7.,   6., 273.,  10.,  14.,  15.],
        [  0.,   4., 282.,  20.,   7.,   7.,   4.,  19.,   6.,  13.],
        [  2.,   7., 268.,   3.,   9.,   8.,  36.,  14.,  16.,   6.],
        [  0.,  15.,  15., 278.,   4.,   1.,  36.,  18.,   1.,   4.],
        [  0.,  11., 285.,  20.,   5.,   5.,   5.,  10.,   4.,   6.],
        [  0.,   7.,  53.,   8.,   4., 238.,  20.,   4.,   5.,   4.],
        [  0., 220.,  61.,  17.,  12.,   3.,   5.,  11.,  12.,   6.],
        [  2., 262.,  28.,  11.,   6.,  12.,   4.,   5.,   7.,   6.],
        [  5.,   3.,  45.,   5., 248.,   5.,   8.,  11.,   3.,  17.],
        [  0.,  10.,  18.,  15.,  11.,   6.,  18.,  12., 252.,   7.],
        [  0.,  19.,  19.,   5.,   8., 261.,   6.,  15.,   6.,   5.],
        [  0.,  20.,  14., 285.,   9.,   8.,   4.,  19.,   9.,   6.],
        [262.,   4.,  15.,   7.,   8.,   8.,  20.,  24.,   8.,  17.],
        [  0.,  22.,  10., 262.,  15.,   2.,   6.,   7.,  10.,  18.],
        [  0.,   4., 294.,   2.,   7.,   5.,  11.,   7.,   7.,   1.],
        [248.,   5.,  22.,  22.,   5.,   4.,   0.,  25.,   2.,   8.],
        [  0.,  15.,  14.,   9., 271.,   9.,   9.,  13.,   6.,  12.]],
       device='cuda:0')
Epoch 3 | Batch 900
Switching label layer to Inference Mode (LIF)...
Epoch 3 DONE | Test Acc: 79.40% | Time: 773.7s
Switching label layer back to Training Mode (Clamp)...
tensor([[  3.,   2.,  11., 270.,   7.,  19.,   3.,  15.,  17.,   6.],
        [  0.,   3.,   3.,   4.,  24.,   9.,   5.,  10.,  11., 280.],
        [268.,   6.,   1.,   9.,   6.,   9.,   1.,   2.,  13.,   1.],
        [  2.,  14.,   5.,  13.,  11., 152.,  63.,   4.,  21.,  10.],
        [  3.,  17.,   7.,   2.,  10.,   9.,  11.,   7., 264.,  14.],
        [  1.,  81.,   3.,   9.,   3.,   8.,   5., 152.,  18.,  12.],
        [301.,   5.,   0.,   0.,   4.,   1.,  55.,   4.,   2.,   4.],
        [ 13.,   4.,   3.,   0.,  12.,   3.,  18.,  11., 194.,   5.],
        [  1.,   2.,   2.,  12.,  22.,  25.,   6.,  11., 271.,  18.],
        [ 12., 283.,   4.,   8.,   4.,   6.,  10.,   3.,  13.,   5.],
        [  2.,  15.,   1., 229.,   5.,   7.,   9.,   7.,   9.,  13.],
        [ 46.,   5.,   4.,   3.,   4.,   7.,   3., 268.,  19.,   6.],
        [ 87.,   1.,  15.,   4.,   7.,   7.,   5.,   0.,  18., 226.],
        [ 13.,   3.,   1.,   7.,  17., 261.,   8.,   3.,  13.,   9.],
        [101.,   0.,   3.,  14.,   4.,  21.,   6.,   2., 237.,   2.],
        [ 26.,   8.,   2.,  12.,   6.,  21., 209.,   2.,  25.,  11.],
        [ 22.,  20.,   6.,  19.,   3.,   7.,   7.,   3., 240.,   5.],
        [  9.,   5.,  11.,   3., 263.,   7.,  10.,   5.,   8.,  14.],
        [  1.,   4.,   2.,   9., 286.,  14.,   5.,   4.,  10.,  23.],
        [  5.,   6.,   5.,  18.,   8., 235.,  13.,   2.,  31.,   3.],
        [304.,   2.,   1.,   6.,   3.,   3.,  26.,   4.,  51.,   1.],
        [283.,   2.,   2.,   1.,   7.,   8.,  75.,   6.,  10.,   8.],
        [  6.,   5.,   4.,   4.,  24., 256.,  11.,   8.,  11.,  26.],
        [  3.,  11.,   2.,   8., 255.,  13.,   7.,  16.,  14.,  16.],
        [  1.,  25.,   8.,   8.,   8.,   9.,   9., 237.,  18.,   9.],
        [  4.,   5.,   2., 270.,  25.,  14.,   5.,   0.,  15.,  11.],
        [  7., 282.,   3.,   9.,   5.,   3.,   7.,   5.,  15.,   8.],
        [  6.,  10.,  41., 235.,   6.,   8.,  13.,   0.,  74.,   2.],
        [  2.,   7., 275.,  32.,   3.,  14.,   1.,   1.,  62.,   1.],
        [  5.,  16.,   9.,   8., 239.,  10.,  18.,   4.,  29.,   3.],
        [  5., 278.,   2.,  10.,   7.,   9.,   6.,   3.,  16.,   9.],
        [  8.,   5.,   4.,  20.,  13., 253.,   2.,   0.,  26.,  10.],
        [269.,   4.,   4.,   3.,  13.,   9.,   8.,  17.,   7.,  58.],
        [  0.,   8.,   2.,   6., 274.,  13.,   5.,  16.,  14.,  12.],
        [  9., 280.,   3.,   7.,   3.,   5.,   6.,   5.,   8.,   6.],
        [  2.,   4.,   4.,   8.,   7.,   6., 253.,  11.,   8.,   8.],
        [  7.,  12.,   4.,   3.,  12., 261.,  10.,   1.,   9.,   6.],
        [  1.,  28., 268.,  10.,   1.,  11.,   8.,   0.,  24.,   2.],
        [293.,   3.,   0.,   2.,   2.,  16.,  19.,   4.,  12.,   4.],
        [ 13., 281.,  10.,   8.,   3.,   6.,  10.,   4.,  15.,   3.],
        [  4.,   3.,   4.,   6.,  15.,  26.,   6.,   2., 278.,  11.],
        [  7., 280.,   3.,  10.,   6.,   4.,   6.,   3.,  12.,  10.],
        [  5., 268.,   1.,   4.,   3.,   6.,   4.,   2.,   4.,   2.],
        [ 27.,   3.,   4.,   3.,  12.,  14.,   5., 264.,  14.,   7.],
        [296.,   3.,   0.,   1.,   3.,  11.,  12.,   1.,  19.,   2.],
        [ 29.,   5.,   2.,   5.,   5.,  66., 268.,   1.,   6.,   4.],
        [ 22.,   5., 253.,   3.,  10.,  13.,   2.,   8.,  28.,  64.],
        [ 10.,   3.,   4.,   3.,  50.,   1., 268.,  10.,  17.,   4.],
        [  5.,   7.,   3., 270.,   3.,  14.,  13.,   1.,  37.,   3.],
        [  8.,   7.,   0., 240.,  26.,  23.,  10.,   3.,  14.,   6.],
        [  9.,   5., 276.,  10.,  10.,  10.,   6.,   0.,   6.,  12.],
        [ 28.,   5.,   7.,   8.,  20., 245.,   8.,   6.,  20.,  11.],
        [ 10., 278.,   4.,   9.,   5.,   5.,  10.,   3.,  14.,   6.],
        [  6.,  15.,   5.,   9.,  11.,  14., 237.,   3.,  25.,   4.],
        [  0.,  15.,   3.,   5.,   7.,   7.,   5., 254.,  13.,  18.],
        [ 24.,   2.,   1.,   2.,  10.,  11.,   7., 236.,   9.,   8.],
        [ 45.,   5., 255.,   1.,  19.,   9.,  11.,   1.,   2.,   1.],
        [  8., 272.,  10.,   8.,   3.,   8.,   8.,   1.,  14.,   3.],
        [  4.,  14.,   5.,   1.,  17., 265.,  11.,  10.,  21.,   4.],
        [  5.,   4.,   1.,   7.,  18.,  10., 268.,  13.,  14.,  17.],
        [ 13., 281.,   5.,   9.,   6.,   6.,   9.,   3.,  18.,   5.],
        [  4.,   9.,   3.,   7.,  13.,  14.,   6.,   7.,  12., 277.],
        [  4.,  10.,   4.,   7.,   5.,  13.,   9.,  21.,  17., 266.],
        [  3.,   9.,   5.,   7.,  10.,  16.,   8.,   4., 266.,  23.]],
       device='cuda:0')
Epoch 4 | Batch 0
tensor([[  2.,  12.,   6.,  12.,  16.,  11.,  22.,   6.,  30., 192.],
        [  2.,  17.,   4., 272.,  12.,   6.,  11.,  10.,   9.,  12.],
        [  7.,   1.,   3.,  19.,  34.,  13.,  12.,   3., 284.,   4.],
        [264.,   4.,   4.,   4.,  16.,   7.,  40.,  10.,   9.,  10.],
        [  1.,   8.,   1.,  20.,  17.,  45.,  12.,   2.,  19., 256.],
        [  4.,   3.,   0.,   5.,  12.,   5.,   3., 276.,   7.,   7.],
        [ 25.,   2.,   3.,   4.,  27.,   6.,  10., 258.,   6.,  11.],
        [  2.,  10.,   7.,  15.,  14.,  10., 273.,   4.,  21.,   8.],
        [  6., 281.,   4.,  10.,  11.,   6.,  10.,  10.,  22.,   3.],
        [  0.,   3.,   5.,   4., 278.,   6.,  29.,   5.,  23.,  21.],
        [  4., 282.,   5.,   5.,   8.,   7.,  12.,   8.,  13.,   4.],
        [  2.,   8.,   4.,  10.,  32.,  11.,  14.,   4.,  24., 265.],
        [  9.,   3.,   3.,   1.,  19.,   7.,   7., 276.,   7.,  13.],
        [  0.,  15., 220.,   0.,  12.,   2.,   6.,   4.,   6.,   4.],
        [  9.,  11.,   4., 263.,  14.,   9.,  14.,  28.,   6.,  11.],
        [  9.,  17.,   4.,  50.,   1.,  40.,   9.,   4.,  45., 206.],
        [ 21.,   3.,   4.,   2.,  14.,   7.,   7., 287.,   6.,  12.],
        [  2.,   9.,   5.,  19.,  12.,  13.,  13.,  16.,  18., 241.],
        [  6.,   6.,   2., 279.,  15.,   7.,   9.,   5.,   9.,   8.],
        [  8.,   1.,   1.,   9.,   7.,   4.,   7., 284.,   4.,   2.],
        [  9.,   8.,   5.,   2.,  13.,   9.,  10., 275.,  17.,  10.],
        [ 16.,   4.,   5.,   4., 287.,   7.,  16.,   9.,   6.,   4.],
        [  6.,   4.,   5.,   8.,  24.,   6., 288.,   3.,  22.,   6.],
        [  4.,  12.,   3.,   2.,  15.,   6., 289.,   5.,  12.,   5.],
        [ 29.,  14.,   6.,   2., 253.,  10.,  25.,  12.,  18.,   5.],
        [ 43.,   1., 270.,   2.,  49.,   6.,  20.,   2.,   3.,   3.],
        [290.,   3.,   3.,   4.,   8.,   7.,   4.,   9.,  11.,   6.],
        [  9.,  28.,   2.,   1.,  11., 275.,   4.,   8.,  30.,   2.],
        [282.,   7.,  28.,   1.,  33.,  12.,   6.,  16.,   6.,   8.],
        [256.,   6.,   1.,   3.,  10.,   3.,   7.,   6.,   6.,   2.],
        [  1.,  18.,   4., 273.,  10.,   5.,  19.,   5.,  13.,   7.],
        [  1.,   6.,   3.,   7., 284.,   9.,  19.,   5.,  24.,   6.],
        [  0.,   2.,   3.,  14.,  12.,   6.,   5., 287.,  10.,   9.],
        [ 18.,   3.,   3.,   0., 287.,   6.,  53.,   6.,  13.,   3.],
        [  0.,  14., 144.,  31.,  17.,   7.,   4.,  32.,  14.,   7.],
        [201.,   3.,  19.,   3.,   9.,   3.,   5.,   3.,   5.,   2.],
        [  4.,   5.,  19.,   3.,  24.,   4.,  18.,  12.,  15., 254.],
        [ 48.,   5.,   4.,   1., 253.,  11.,  24.,  14.,  16.,   6.],
        [  0.,   6.,   2.,   5., 277.,   8.,  16.,   9.,  52.,   2.],
        [  7., 276.,   5.,   8.,  20.,   5.,  10.,  11.,  11.,   5.],
        [  8., 266.,   4.,   7.,  14.,   5.,   8.,   6.,  18.,   3.],
        [  2.,  22.,   6., 280.,  10.,   6.,  19.,   3.,  13.,   4.],
        [  6.,  11.,   6., 265.,   8.,   8.,  25.,   6.,  16.,   9.],
        [  4.,   9.,   4.,   3.,  14., 258.,   4.,  10.,  15.,   1.],
        [  2.,   6.,   5., 263.,  20.,   7.,  11.,  17.,  15.,  12.],
        [  0.,   6.,   3.,   9., 272.,   8.,   8.,  12.,  19.,  13.],
        [  2.,  23.,   4.,  10., 262.,  15.,  14.,  20.,  17.,   1.],
        [  7.,   9.,   3.,  14.,  14.,   8., 275.,   4.,  14.,   5.],
        [  7., 282.,   7.,   7.,   9.,   9.,  10.,   9.,  18.,   3.],
        [  7., 282.,   7.,   6.,  13.,   7.,  10.,  12.,  13.,   3.],
        [ 87.,   0.,  18.,   2.,  31.,   1.,  88.,   5., 247.,   0.],
        [  0.,   3.,   9.,  15.,  37.,   7.,  18.,  13., 255.,   4.],
        [  3.,   4.,   9.,   8.,  25.,   6.,  13.,   4., 275.,   2.],
        [ 14.,   1.,   3.,   1.,  14.,  14.,   8.,   6., 286.,   4.],
        [ 14.,   5.,   9.,   3., 282.,   6.,  22.,  14.,  10.,   2.],
        [  2.,   4.,   2.,  20.,  20., 263.,  16.,   1.,  35.,   4.],
        [168.,   4.,   6.,   9.,  22.,  14.,   5.,  11.,  15.,   7.],
        [  4.,  43.,   5.,   5.,   7.,   4.,  11.,  13., 273.,   3.],
        [ 39.,   3.,  14.,   3., 267.,   7.,  27.,   8.,   8.,   3.],
        [ 28.,  13.,   6.,   5.,  41.,   6., 267.,   7.,  15.,  15.],
        [  6.,   5.,   3.,   3.,  10.,   3.,   9.,  21., 277.,  23.],
        [  8.,  20.,  13.,  14.,  14.,   5.,   6., 156.,  27.,   7.],
        [ 44.,   5., 214.,   0.,  20.,  11.,  16.,   6.,   2.,   4.],
        [ 12.,   3.,   2.,   3., 267.,   7.,  15.,  13.,  17.,   7.]],
       device='cuda:0')
Epoch 4 | Batch 100
tensor([[  5.,  15.,  45.,   2.,   3., 270.,   3.,   5.,   2.,   3.],
        [  0.,   8.,   7.,  12.,  15.,  11.,  10.,  38.,  12., 254.],
        [  0.,  10., 262.,   1.,  10.,   7.,  12.,   2.,  11.,   4.],
        [268.,   5.,   7.,   4.,   5.,   6.,   5.,   3.,   7.,   9.],
        [  3.,   5.,   5.,   5.,  14.,   9., 276.,  10.,  10.,  16.],
        [  8.,   9.,   8.,  14.,  62.,  16.,   3.,  20.,  16., 253.],
        [  5., 278.,  10.,  11.,   8.,   6.,   5.,  10.,   5.,   8.],
        [  9.,   5.,   6.,   9.,  13.,  20.,   6.,   6.,   9., 258.],
        [ 22.,   9.,   4., 264.,  21.,   7.,  11.,   3.,   8.,   8.],
        [ 10.,  10.,   6., 252.,   9.,  21.,   6.,   6.,  23.,   6.],
        [ 10.,   5., 295.,   2.,  16.,  11.,   3.,   1.,   1.,   3.],
        [ 24.,  13.,   3.,   5.,  18.,   7., 209.,   4.,  21.,   8.],
        [  7.,   5.,   5.,   7., 278.,   9.,  17.,   4.,   7.,  21.],
        [ 30.,   4.,  19.,   9.,  14.,   4., 145.,  13.,   5.,   4.],
        [  8.,   7., 271.,   3.,   9.,   9.,   3.,  23.,   9.,  11.],
        [  4., 258.,   9.,  11.,   5.,   5.,   3.,   5.,   6.,   6.],
        [  0.,   3.,  23.,  16., 270.,   8.,   8.,   5.,   3.,   9.],
        [  0.,   7.,  36.,  13.,  34.,   9.,  20.,  18.,   5., 217.],
        [ 17.,   4.,  25.,   8.,   1., 254.,  24.,   0.,  18.,   3.],
        [  6., 260.,   7.,   7.,   4.,   4.,   3.,   6.,   4.,   4.],
        [  3., 259.,  18.,  11.,  10.,  12.,   3.,  14.,  11.,   8.],
        [  4.,   2.,   8.,   3.,  15.,  19., 273.,   1.,  18.,   8.],
        [  5., 280.,   8.,  10.,   6.,  11.,   7.,   6.,   8.,   7.],
        [  2.,   3.,   7.,   8.,  49.,  12.,   2., 271.,   8.,  13.],
        [ 26.,   2.,  55.,   0.,  25.,   3., 260.,   7.,   5.,   3.],
        [  0.,  38.,  25.,   9.,  10.,   6.,   6., 203.,  16.,   3.],
        [  1.,  19.,  22.,   9., 269.,  12.,  11.,  36.,  12.,   2.],
        [  3., 279.,   9.,  10.,   6.,  22.,   8.,   6.,   8.,   6.],
        [  2.,   6., 285.,   4.,   2.,   8.,  35.,   4.,   6.,   6.],
        [  2.,   4.,   6.,   9., 265.,  19.,  26.,   7.,   6.,   8.],
        [  1., 245.,  23.,  11.,  10.,  32.,   2.,   4.,  15.,   7.],
        [285.,   6.,  11.,   1.,  12.,  14.,  22.,  14.,   9.,  11.],
        [  5., 265.,  17.,  14.,   8.,   8.,   5.,   9.,  10.,   6.],
        [  0.,  10.,  16.,  21.,   7.,  12.,   7., 268.,   9.,  15.],
        [ 19.,   9.,  17.,   3.,   1., 273.,   6.,   4.,  34.,   6.],
        [  3.,  12.,  20.,  18.,   6.,  13.,   9.,   8., 242.,  10.],
        [  0.,  25.,   4., 177.,  27.,   8.,  12.,  48.,   6.,  18.],
        [  1.,   5.,   8.,  10., 278.,  12.,  16.,   6.,  10.,  24.],
        [  1.,   6.,   7.,  11., 266.,  14.,  13.,  10.,  12.,  11.],
        [  3., 274.,  11.,  14.,  11.,   7.,   3.,  13.,   7.,  13.],
        [  0.,   4.,  17.,   9., 272.,  10.,  13.,  10.,  14.,  16.],
        [  6.,  37.,  39.,   3.,   5.,   7.,   7.,   5., 270.,   3.],
        [  0.,   5.,   5.,   7.,  24.,   8.,   6., 257.,   5.,  14.],
        [  5.,   4.,   5.,   7.,  35.,  15.,   8.,   7.,  15., 259.],
        [  0.,  22.,  11.,  13.,   4.,  11., 238.,   6.,  28.,  10.],
        [  3., 280.,   8.,  11.,   8.,  19.,   6.,   7.,  10.,  10.],
        [ 11.,   1.,  16.,  10.,  11.,  14.,   1.,   6., 259.,  14.],
        [ 11.,   2.,   3.,   7.,  18.,  17.,   4., 223.,   6.,  33.],
        [  8.,   2.,  43.,   4.,  34.,   9.,  18.,   3.,   5., 248.],
        [  1.,  22.,  37.,  19.,   2.,   7.,   5.,  12., 259.,  11.],
        [  9., 216.,   9.,  19.,   6.,  47.,  10.,   2.,  15.,   9.],
        [  0.,   9.,   1., 242.,   6.,  13.,   4.,  22.,  14.,  60.],
        [  6.,   8.,  15.,   1.,  13.,   5.,  38.,  17., 182.,  19.],
        [  3.,   3.,   1.,  10.,  21., 282.,   1.,   4.,   6.,  30.],
        [  0.,  29.,  10.,  11.,   4.,  12., 225.,   6.,  21.,   8.],
        [  0.,  22.,   8.,   9.,  47.,  15.,   6., 209.,  13.,  13.],
        [ 12.,  15.,   2., 246.,  13.,  22.,  10.,   3.,  13.,   9.],
        [297.,   2.,  11.,   1.,   4.,  11.,  17.,   3.,   4.,   8.],
        [303.,  11.,   1.,   4.,   2.,  10.,   2.,   4.,   6.,   9.],
        [  3.,   5.,  35.,  18., 150.,  10.,  14.,   3.,  35.,  16.],
        [298.,  19.,   3.,   4.,   5.,  11.,   5.,   6.,   4.,   8.],
        [  2.,  23.,  19.,   9.,   5.,   9.,  16.,  11., 252.,   8.],
        [  5., 269.,   7.,   7.,   4.,   6.,   5.,   4.,   5.,   4.],
        [  9.,   9.,  10.,   4.,  21.,  11., 276.,   3.,   7.,   5.]],
       device='cuda:0')
Epoch 4 | Batch 200
tensor([[  0.,  14.,   7.,  15.,   5.,  10.,  11.,   8.,   8., 265.],
        [  0.,   7.,  15.,   7.,  30.,   6.,  28.,  12.,  14., 257.],
        [  5.,  25.,   6.,   8.,   1.,  12.,  10.,  10.,  33., 249.],
        [  0.,   5.,   6.,  10.,   6.,  11.,   3., 289.,   7.,  19.],
        [286.,   7.,   7.,  11.,   7.,  11.,   0.,  12.,   2.,   8.],
        [  4., 282.,   6.,   4.,   7.,   3.,   3.,  15.,   8.,  14.],
        [  5.,  13.,   9.,   3.,  25.,   5.,   4.,  25., 243.,  27.],
        [298.,   5.,   3.,   5.,   1.,   5.,   4.,  19.,   1.,   8.],
        [  9.,   5.,   8.,   0.,  11.,   5.,  11.,  12., 276.,  19.],
        [  1.,  10.,   5.,  27.,  12., 253.,  11.,  15.,   7.,  10.],
        [  2., 284.,   8.,  16.,   5.,   3.,   6.,  13.,   6.,  15.],
        [  0.,  17.,  11.,  18.,   4.,  12., 271.,   7.,  13.,  11.],
        [296.,   5.,   5.,   8.,   5.,   9.,   2.,  10.,   0.,   9.],
        [  0.,   8.,  13.,  14.,  30.,   9., 252.,  19.,   9.,  19.],
        [  4., 261.,  15.,   8.,  11.,   2.,   3.,  13.,  17.,  11.],
        [  4.,  23.,   9., 264.,   9.,  13.,   4.,   4.,  11.,   8.],
        [  0.,   6.,   7.,  11.,   4.,  10.,   3., 288.,   7.,  14.],
        [  0.,   6.,  10.,   8., 273.,   7.,   8.,  22.,   6.,  10.],
        [  3.,  12.,   3., 273.,   4.,  12.,   1.,  34.,   7.,   5.],
        [  4.,  17.,  14.,  10.,   6., 243.,  24.,   9.,  19.,  12.],
        [  0.,   7.,  10.,   9.,  14.,   9., 274.,   5.,  19.,  11.],
        [  5., 269.,  16.,   8.,   9.,   1.,   4.,  15.,  13.,   9.],
        [  0.,  17.,  17.,  12.,   9.,   5.,   3., 255.,   5.,  17.],
        [  0.,  24.,   9.,  25.,   5.,  10., 244.,  13.,  16.,  14.],
        [  1.,   8.,  13., 289.,   9.,   6.,   3.,  25.,   2.,   9.],
        [  0.,   6.,   5.,   6.,   8.,   9.,   5., 288.,   5.,  31.],
        [  2.,  10.,  10.,  17.,  12.,   8.,   9.,  16.,  12., 271.],
        [  1.,  12.,   7.,   8.,  14.,   7.,   6.,  48.,   8., 265.],
        [  2.,  34.,  17.,   5.,   5.,   4.,  21.,  14., 250.,  13.],
        [  0.,  12.,  11.,  10.,   7.,   6.,   6., 279.,   5.,  27.],
        [  0.,   5.,   8.,  10., 271.,   9.,   4.,  15.,   6.,  22.],
        [ 24.,   6.,   5.,   2.,  11.,  12.,   1., 286.,   5.,  22.],
        [  2.,   8.,   8.,   7.,   8.,   6.,   4., 278.,   7.,  37.],
        [298.,   6.,   3.,   8.,   2.,  11.,   0.,  10.,   2.,   8.],
        [  7., 277.,  10.,   4.,   5.,   3.,  10.,  13.,  16.,  10.],
        [  0.,  23., 246.,  38.,   6.,   6.,   0.,  31.,   5.,   4.],
        [  1.,  14.,   8.,   4.,  13.,   8.,   9.,  31., 258.,  23.],
        [  4.,  14.,  22.,   9.,   6.,   4.,   4.,   7., 250.,  16.],
        [  7., 275.,  12.,   8.,   9.,   3.,   6.,  13.,  14.,   9.],
        [  0.,   5.,   7.,   7., 273.,   7.,   7.,  32.,  10.,  19.],
        [  0.,  12., 272.,   5.,   4.,   5.,   7.,  24.,   8.,   9.],
        [  5.,  11.,   7.,   5.,   9.,   6., 262.,  14.,   5.,   8.],
        [  5.,   2.,   6.,   6., 279.,  11.,   4.,   4.,   7.,  15.],
        [288.,  13.,   2.,   4.,   2.,  14.,   0.,   4.,   2.,   3.],
        [  1.,  11.,   8.,   8.,   8.,   8.,   7.,  42.,  10., 263.],
        [  8.,  10.,   9.,  10.,   8.,   5.,   0., 285.,   9.,  14.],
        [  5., 278.,  10.,   6.,  11.,   2.,   4.,  20.,   6.,  16.],
        [  1.,  28.,   8., 265.,   9.,   7.,   5.,  17.,   5.,  22.],
        [282.,  13.,   4.,   8.,   4.,   9.,   2.,  11.,  13.,   8.],
        [  0.,  11.,   5.,  17.,   8.,   7.,   7.,  33.,   4., 263.],
        [  7., 275.,  15.,   6.,   8.,   2.,   5.,  11.,  11.,  11.],
        [  2., 276.,   9.,   4.,   9.,   2.,   3.,  22.,   7.,  17.],
        [  3., 276.,   7.,   5.,  10.,   2.,   4.,  18.,   9.,  13.],
        [  1.,  16.,  10.,   7.,  33.,   8.,   7.,  25., 255.,  22.],
        [  0.,   1.,   3.,   7.,   7.,   7.,   0., 293.,   3.,  10.],
        [  1.,   8.,  16.,   6.,  20.,   6., 266.,   6.,  12.,  15.],
        [  1., 287.,   5.,   7.,   4.,  12.,   6.,  11.,   4.,   8.],
        [  1.,  16.,   6.,   2.,   9., 261.,   4.,  43.,   4.,  10.],
        [  0.,  11.,   6.,  13., 259.,  11.,   4.,  21.,   8.,  14.],
        [  2.,  68., 259.,   9.,   2.,   6.,   7.,  10.,   6.,   7.],
        [280.,  17.,   1.,  13.,   2.,   5.,   4.,  20.,   5.,   3.],
        [  4.,  25.,   3., 263.,   2.,   7.,   3.,  55.,   4.,  19.],
        [ 23.,  14.,  12.,   6.,   5.,   4.,   1., 273.,   3.,  17.],
        [  1.,   6.,  10.,   9., 272.,  15.,   5.,  14.,  11.,  14.]],
       device='cuda:0')
Epoch 4 | Batch 300
tensor([[ 18.,  10., 258.,   0.,  15.,   4.,   3.,  17.,   7.,  10.],
        [300.,   1.,   6.,   5.,   4.,  13.,   2.,   9.,  14.,   7.],
        [  4.,  21.,  49.,   6.,   5.,   5.,   5., 270.,  12.,  13.],
        [  9., 289.,   8.,   6.,   6.,   5.,   4.,  10.,   7.,   9.],
        [  5.,   7.,   7.,   5.,   6.,   9.,  13.,   5., 280.,   6.],
        [ 14.,  12.,   9., 266.,   4.,  12.,   1.,   8.,  16.,   7.],
        [308.,   2.,   4.,   0.,   7.,   2.,  10.,  14.,   8.,   6.],
        [  9., 284.,   9.,   7.,   8.,   2.,   3.,  19.,   5.,   6.],
        [ 14.,  10.,  12.,  13.,   5.,  18.,   6.,   9., 235.,   7.],
        [  6.,  45.,  10.,   2.,   6.,   4.,   5.,   8.,  10., 269.],
        [ 10.,  12.,  10.,   4., 274.,  10.,   8.,  16.,  13.,   3.],
        [162.,   7.,  18.,   1.,  14.,   7.,  33.,  14.,  16.,  24.],
        [ 25.,   4.,   7., 222.,  13.,  13.,  17.,   6.,  15.,  41.],
        [  4.,  30.,  16.,   8.,   4.,  11., 268.,   7.,  20.,   6.],
        [  6.,  19.,  13.,   8.,   6.,  11., 265.,   7.,  23.,   8.],
        [ 14.,  12.,  11.,   4.,  10.,   6.,   5.,  44.,   5., 259.],
        [  9.,   5.,  11.,   4.,   6.,  14.,  10.,   5., 278.,  10.],
        [  8.,  16.,  15.,   1.,   8.,   5.,   9.,  19., 278.,   9.],
        [306.,   7.,   8.,   0.,  11.,   3.,  20.,  12.,   0.,   7.],
        [  7.,  15.,   6., 278.,   3.,   9.,   8.,   9.,   5.,   6.],
        [ 12.,   3.,  13.,   9.,   9.,  21.,   6.,   4., 269.,  11.],
        [ 11.,   8.,  10.,   4.,  13.,   7.,   2., 279.,   6.,  21.],
        [ 11.,   8.,   8., 281.,   5.,  14.,   2.,   5.,   7.,   3.],
        [303.,   2.,   2.,  10.,   2.,   6.,   0.,   9.,   8.,   3.],
        [ 10., 284.,  13.,   6.,  11.,   3.,   3.,  16.,   4.,   5.],
        [ 21.,  17.,  21.,   3.,   3.,  13., 273.,   5.,  22.,   4.],
        [236.,   4.,   8.,   3.,   4.,   7.,  18.,   8.,  11.,   9.],
        [ 14.,   5., 115.,  10.,   2., 200.,   3.,   9.,  33.,   1.],
        [  3.,   9.,  10.,   5., 260.,   4.,   5.,  20.,   7.,  21.],
        [  7.,  48.,  14.,   8., 221.,   8.,  48.,  10.,   9.,   5.],
        [  7., 277.,   7.,   7.,   6.,   8.,   4.,  12.,   6.,  10.],
        [  4., 281.,  12.,   8.,   9.,  15.,   6.,   8.,  11.,   7.],
        [288.,   4.,   8.,   2.,   3.,   6.,  10.,  17.,  11.,  13.],
        [302.,   2.,   5.,   0.,   3.,   6.,  16.,  12.,   5.,   5.],
        [ 37.,   3.,   5.,   1.,  31.,   6.,   0., 280.,   2.,  15.],
        [ 24.,   3.,  11.,  36.,   5.,  13.,   4.,   7., 258.,   5.],
        [299.,   4.,  21.,   0.,   8.,   9.,  13.,  14.,   6.,   5.],
        [  2.,  16., 287.,   1.,   3.,   4.,  12.,   3.,   3.,   6.],
        [ 12., 271.,  60.,   4.,   6.,   3.,   6.,  13.,  13.,   8.],
        [ 17.,   3.,  11.,   7.,   4.,   4.,   0., 297.,   1.,  12.],
        [267.,   4.,  12.,   2.,   3.,   8.,  69.,  21.,   7.,  13.],
        [303.,   2.,   8.,   3.,   1.,   2.,   5.,  10.,   0.,   2.],
        [ 10.,  30.,  13.,   3.,   8., 248.,  11.,  12.,  13.,   8.],
        [ 16., 278.,  22.,   7.,   5.,   4.,   9.,   8.,  12.,   8.],
        [297.,   2.,   4.,   4.,   4.,   7.,   1.,  11.,  13.,   8.],
        [  9.,  20.,  10.,   3.,   9.,   8.,   5.,  10., 273.,   8.],
        [ 10.,   6.,   5.,  10.,   4.,  20.,   3.,   7., 279.,  11.],
        [  6.,  15.,   8.,   6.,   8.,   5.,   6.,  16.,   7., 273.],
        [  7.,  13.,   9.,   3.,  17.,  10.,   5.,  40.,  16., 265.],
        [  3.,   9.,   6.,   8.,   9.,   9.,   4., 276.,   7.,  17.],
        [ 20.,  17.,  13.,   2.,   3.,   2.,   1., 267.,  33.,  12.],
        [ 79.,   4., 266.,   0.,   6.,   7.,   3.,   9.,  14.,  12.],
        [ 17.,   6.,   5.,  27.,   6., 265.,   5.,   5.,  21.,  11.],
        [ 11., 277.,  27.,   5.,   6.,   3.,   6.,   9.,  12.,   7.],
        [ 46.,   2.,   5.,   1.,   8.,   6.,   0.,  19., 272.,  40.],
        [  3.,   8.,   6.,  14.,  14.,   7.,   0.,  41.,  10., 270.],
        [301.,   3.,   6.,   0.,   6.,   3.,   8.,  10.,   5.,   7.],
        [ 16.,   6.,  11.,   2.,  25.,   7.,   1.,  12.,  17., 268.],
        [  8.,   9.,  13.,   2.,   3.,   9.,   4.,   7., 278.,   8.],
        [  9., 239.,  17.,   5.,  16.,   3.,   7.,  12.,  17.,   7.],
        [ 21.,   5., 279.,   0.,   9.,   6.,  13.,   5.,  48.,   6.],
        [  8.,   5., 297.,  45.,   0.,   2.,  14.,   2.,   0.,   1.],
        [  5.,  26.,  12., 239.,  12.,   5.,  11.,  10.,   4.,  11.],
        [ 54.,   7.,  10.,   1.,   7.,   6.,   1., 284.,   8.,  20.]],
       device='cuda:0')
Epoch 4 | Batch 400
tensor([[  2.,  17.,  19.,   7.,  27., 144.,  17.,  19.,  11.,  20.],
        [ 14.,   1.,   3.,  14.,  86.,   2., 281.,   4.,   6.,   6.],
        [  5.,   6., 270.,  20.,   5.,   6.,   3.,   6.,   8.,  13.],
        [  5.,  10.,   7.,  17.,  22.,   8.,   4.,  19.,  30., 234.],
        [ 19.,   9.,   5.,   7.,  26.,   5., 213.,  10.,   9.,  14.],
        [  1.,   4.,   4.,   4.,   6.,   6.,  15., 281.,  16.,   1.],
        [286.,   2.,   9.,  21.,   4.,   3.,   0.,   1.,   6.,   3.],
        [  5.,   7.,   9.,  21.,  11., 221.,   4.,   5.,  39.,  19.],
        [  2.,   8.,   8.,  17.,   9.,  11.,   4.,  36.,  15., 258.],
        [ 11.,   5.,   8.,   7.,  15., 243.,   5.,  11.,  26.,  16.],
        [  2.,   9.,  14., 279.,   7.,   5.,   1.,   5.,   6.,   7.],
        [  2., 261.,  10.,  22.,  17.,   4.,   6.,  12.,  14.,  17.],
        [261.,   4.,  11.,   5.,   9.,   8.,   0.,  22.,  18.,  17.],
        [  7.,  24.,  16., 152.,  10.,  10.,  87.,   4.,  13.,   6.],
        [  0.,  15.,   8.,   8.,  17.,   9.,   2., 223.,  24.,   4.],
        [  8.,   9.,   3.,   6., 262.,   5.,   7.,  19.,  22.,  14.],
        [ 13.,   5.,   6.,   6., 271.,   6.,   9.,   3.,  26.,  21.],
        [ 53.,   1.,  50.,   8.,   2.,   4., 171.,  10.,   2.,   3.],
        [  7.,   8.,   9.,  17.,   5.,  10.,   7.,  26.,  17., 252.],
        [  5.,  16.,  11.,   7.,  10.,   7.,   3.,  21., 248.,  45.],
        [  1.,  14.,  15.,  43.,   3.,   2.,   1.,   6., 249.,  12.],
        [ 32.,   2.,   0.,   3.,   4.,   5.,   8., 223.,   5.,   1.],
        [  0.,   8.,   9.,  12.,  24.,   6., 243.,   9.,  15.,  12.],
        [  1.,   8.,  22.,   7., 281.,   6.,   1.,   5.,   9.,  20.],
        [  3., 262.,   5.,   4.,   1.,   1.,   1.,   1.,   3.,   3.],
        [  5.,   2.,   6.,   5.,   1.,   6.,   0., 288.,   8.,   8.],
        [ 10.,  24., 219.,  19.,   2.,  12.,   0.,   1.,  35.,   6.],
        [  8., 268.,  11.,  11.,   6.,   3.,   1.,   6.,  13.,   6.],
        [  6.,  10.,   9.,   9.,  13.,   5.,   0., 254.,  41.,   7.],
        [ 15.,   3.,   8.,   7.,   3.,   8.,   0., 281.,   9.,  10.],
        [  4.,   7.,   5., 282.,   4.,   8.,   2.,   6.,   9.,  11.],
        [  2.,  11.,  13.,   9., 277.,   6.,   2.,   9.,  14.,  20.],
        [299.,   1.,  19.,   6.,   4.,   5.,   3.,  11.,   3.,   4.],
        [ 28.,   3., 288.,   1.,   3.,   5.,   4.,  17.,   5.,  14.],
        [  1.,   6.,  13.,  11.,   7.,   6.,   3., 277.,  20.,   9.],
        [  3.,  11.,   9.,  23.,  11.,   9.,   9.,  23.,  14., 251.],
        [  7.,   7.,  12.,  11.,  11.,   8.,   4.,  11.,  26., 247.],
        [  1.,   7.,  11.,   8., 275.,   5.,   6.,   8.,  11.,  10.],
        [305.,   3.,   4.,   0.,   3.,   2.,  17.,  22.,   0.,   3.],
        [303.,   0.,  18.,   5.,   7.,   1.,  23.,  17.,   0.,   1.],
        [  3.,   6.,  11.,  11.,  18.,   7.,   2.,  25.,  19., 255.],
        [  3., 262.,   4.,  10.,   3.,   0.,   1.,   5.,   6.,   8.],
        [  0.,  12.,  10.,  14.,   7.,   6., 271.,   4.,  16.,   9.],
        [ 18.,   6.,  10.,   9.,  12., 156.,   0.,  28.,  24.,  32.],
        [  5.,   6.,   6.,  13., 271.,  14.,   0.,   3.,  20.,  17.],
        [  4.,  21.,   3., 238.,   4.,   6.,   1.,  26.,  20.,  26.],
        [  3., 270.,   5.,   9.,   2.,   0.,   2.,   3.,   5.,   6.],
        [  4.,   3.,  14.,  15.,   1.,   6.,   1., 283.,  12.,   9.],
        [ 12.,   2.,  10.,  18.,   6.,   5.,   3.,   4., 284.,   9.],
        [246.,   3.,  11.,   9.,   8.,   8.,   6.,   8.,   8.,   9.],
        [  4.,  17.,   9.,  16.,  14.,   7.,   3.,   6.,  17., 254.],
        [245.,   4.,   5.,   3.,   3.,   1.,   2.,   5.,   1.,   4.],
        [ 35.,   2.,  25., 288.,   2.,   4.,   5.,   2.,   0.,   1.],
        [ 11.,  10.,  14.,   9.,  18., 249.,   5.,   8.,   9.,  11.],
        [ 48.,   7.,   4.,   4.,   6.,   5., 281.,   2.,   6.,   7.],
        [  3.,   6.,  10.,  16.,   7.,   8.,   2., 260.,  10.,  11.],
        [  7.,  24.,   7.,  25.,   3.,  12.,   3.,  25.,  21., 210.],
        [ 19.,   6., 274.,   5.,   6.,   5.,   3.,   7.,  12.,  10.],
        [  6.,  13.,  14.,   9.,  15.,   5.,   8.,   8., 264.,  18.],
        [  5.,  12.,   3., 264.,   6.,   8.,   2.,   5.,   7.,  25.],
        [301.,   1.,  53.,   8.,   1.,   2.,   1.,   5.,   1.,   5.],
        [  1.,  20.,   9.,  17.,  42.,   8.,   4., 155.,  12.,  24.],
        [  3.,  12.,  10.,   8.,  11.,  11.,   3., 265.,  15.,  24.],
        [  5., 272.,   6.,   9.,   5.,   1.,   2.,   8.,   5.,  12.]],
       device='cuda:0')
Epoch 4 | Batch 500
tensor([[291.,   5.,  50.,   8.,   7.,   5.,   6.,   3.,   3.,   3.],
        [  1.,  11.,  15.,   1.,  20.,  16.,  18.,   8., 247.,  47.],
        [  1.,   6.,   8.,   0.,  12., 272.,   4.,  13.,  25.,  11.],
        [  0.,  15.,   7.,   3., 283.,  13.,   5.,  10.,   7.,  12.],
        [ 19.,  16.,  28.,   3.,   8.,   6., 275.,   2.,   3.,   2.],
        [  0.,  10.,  18.,   5., 264.,  13.,   7.,  22.,   9.,   7.],
        [ 13.,   8., 156.,   0.,  38.,   9.,   5.,  10.,   6.,  11.],
        [ 19.,   2.,  30.,   0.,  21.,  13., 278.,   3.,   6.,  14.],
        [296.,  11.,   6.,   0.,  44.,   8.,   6.,   6.,   1.,   8.],
        [  3.,   7.,  15.,   0.,  18.,  11.,  10.,  10., 272.,  13.],
        [  0.,  18.,  19.,   6.,   6.,  14., 273.,   7.,  19.,   8.],
        [  1.,  14.,  11., 258.,   6.,  14.,   4.,  13.,  14.,   9.],
        [  4., 270.,  12.,   5.,   6.,   8.,   8.,  10.,  11.,   6.],
        [  0.,  11.,   6., 251.,  17.,  13.,   8.,  24.,   4.,  16.],
        [ 16.,   3.,  10.,  12.,   8.,  97.,  11.,   4., 252.,  29.],
        [ 15.,   5., 124.,   0.,  10.,  13., 270.,   2.,   4.,   5.],
        [  0.,   7.,   7.,   3.,   9., 255.,  11.,   7.,  10.,   8.],
        [  0.,  40.,  10., 253.,   4.,   6.,   4.,  11.,   6.,  10.],
        [ 10.,   5.,  24.,   1.,  13.,  14., 280.,   6.,   7.,   9.],
        [193.,   8.,   5.,   0.,  30.,   4.,  12.,   3.,   1.,   7.],
        [  0.,  11., 289.,   5.,  13.,   8.,   6.,  10.,   5.,   7.],
        [  0.,  12.,  10., 266.,  13.,  14.,   4.,  25.,   6.,  13.],
        [  0.,  19.,  11.,   4., 266.,  10.,  22.,  39.,   7.,   8.],
        [ 18.,   3.,  26.,   1.,  17.,  22., 285.,   4.,   3.,  14.],
        [283.,  11.,   6.,   4.,  14.,  13.,   9.,  11.,   7.,  14.],
        [  6.,   9.,  11.,   5.,   6.,   8., 275.,   5.,   3.,   5.],
        [  0.,   4., 291.,  16.,   9.,   6.,   8.,   8.,   2.,   7.],
        [ 12.,   4.,  10.,   0., 286.,   6.,   3.,   7.,   3.,   8.],
        [  3., 259.,   9.,   4.,  12.,   5.,   6.,  17.,   6.,  10.],
        [  1.,   8.,   9., 271.,  10.,  20.,   4.,   7.,  12.,  11.],
        [  3.,   7.,  17.,   2.,   6.,  11.,   6.,  11., 282.,  11.],
        [  0.,   2.,  34.,   3.,  36.,   8., 270.,  10.,   3.,  11.],
        [  0.,  17., 269.,   0.,  16.,  12.,   4.,  13.,  19.,  16.],
        [176.,   6.,  24.,   0.,  13.,   5.,  11.,   9.,   3.,  34.],
        [  3., 274.,  10.,   4.,   6.,   6.,   9.,  12.,   5.,   7.],
        [ 15.,   6.,   2.,   0.,  18.,   7.,   0., 275.,  18.,  18.],
        [  3.,  10.,  34.,   9.,   3.,  12.,  12.,   9., 269.,   7.],
        [  8.,  11.,  21.,   0.,   9., 265.,  20.,  11.,   9.,   4.],
        [  2., 109.,   5.,   6.,  32.,   8.,  13.,  83.,   4.,  19.],
        [ 11.,   2.,  48.,   0.,  16.,  11., 274.,   6.,   5.,   9.],
        [  0.,   6.,  21.,   4.,   8.,  12., 275.,   7.,  12.,  10.],
        [ 20.,   4.,  40.,   2.,  50.,   8., 203.,   3.,   6.,   7.],
        [  0.,  25.,  15., 227.,  19.,  13.,  10.,  11.,   4.,   5.],
        [  0.,  11.,   9.,   1.,  29.,  25.,  21.,  10., 243.,  20.],
        [  0.,   9.,  18.,   2., 279.,  13.,  17.,  10.,  11.,  12.],
        [  0.,   4., 292.,   4.,   5.,  11.,  10.,   7.,  10.,   9.],
        [  2.,   3., 289.,  30.,   8.,   8.,  12.,   5.,   4.,  11.],
        [ 28.,   7., 273.,   0.,   6.,  10.,  37.,   6.,   5.,  16.],
        [  0.,  17., 272.,   4.,   9.,   8.,  20.,   7.,   4.,   4.],
        [  7.,   4.,   6.,   0.,  39.,  11.,   1., 277.,   6.,  25.],
        [  8.,   5.,   9.,   4.,   6., 270.,   9.,  10.,  41.,  10.],
        [  0.,   4.,  24.,   5.,  30.,  12., 279.,   3.,   9.,  10.],
        [  1.,  26.,   9.,   1.,   5.,  11.,  15.,  10., 262.,  10.],
        [  0.,   4.,   6.,   3.,  21.,  12.,   3., 255.,   4.,  23.],
        [  3., 261.,   9.,   2.,   9.,   4.,   6.,  11.,   5.,   5.],
        [ 41.,   5., 281.,   0.,  15.,  10.,  46.,   2.,   1.,   4.],
        [276.,   5.,  15.,   0.,   8.,  11.,  11.,   4.,  10.,  18.],
        [  0.,   3., 120.,   3.,  19.,   7., 271.,   3.,   4.,   9.],
        [  0.,   5., 297.,  15.,   5.,   9.,   7.,   6.,   8.,   9.],
        [277.,  14.,   6.,   1.,  18.,  37.,   5.,   7.,   1.,  10.],
        [  1.,   4.,   7.,   3.,  11., 270.,   5.,   6.,  19.,   9.],
        [  0.,   8.,   8.,   1.,  30., 266.,   4.,  11.,  20.,  13.],
        [ 33.,   4.,  38., 246.,   2.,  15.,  34.,   3.,   2.,   7.],
        [286.,   3.,  15.,   1.,   5.,   8.,  23.,   6.,   9.,  24.]],
       device='cuda:0')
Epoch 4 | Batch 600
tensor([[  0.,   4.,  10.,  48.,   5., 272.,   0.,  96.,   4.,   6.],
        [ 34.,   3.,  12.,  81.,   3., 280.,  14.,   3.,   1.,   5.],
        [  1.,  17.,   8.,  20.,  11.,   5.,   2.,  20., 237.,  13.],
        [  0.,   6., 287.,  12.,   7.,   4.,   4.,   2.,  13.,   2.],
        [  0.,  11.,   5.,  28.,   5.,  80.,   5.,  26.,   7., 228.],
        [  1., 270.,   8.,  16.,   8.,   5.,   8.,   9.,  10.,   8.],
        [  8.,   7.,   9.,   7., 276.,   4.,  11.,  24.,   2.,  10.],
        [  1.,   8.,   3., 293.,   6.,  16.,   0.,   5.,  12.,  12.],
        [ 17.,   3.,  10., 295.,   2.,  34.,   2.,   3.,   1.,   4.],
        [  0.,   7., 290.,  17.,   3.,   6.,  36.,   3.,   6.,   2.],
        [  0.,  15.,   6., 156.,  16.,   3.,   9.,  33.,   4.,   4.],
        [  0.,  79.,  12.,  22.,   4.,   7.,   3., 197.,   4.,  15.],
        [  0.,  37.,  10.,  15.,   7.,   7., 200.,  13.,  14.,   4.],
        [ 11.,   3.,   5.,  19.,  21.,   8.,  14.,  14.,   2., 249.],
        [ 19.,   4.,  11.,   6.,   2.,  21., 288.,   2.,   2.,   7.],
        [  1.,   6.,   4.,  11.,  36., 273.,   0.,  10.,   5.,  14.],
        [282.,   1.,  14.,  13.,   7.,  10.,  18.,   9.,   3.,   8.],
        [  5.,  16.,   5.,  10., 271.,   6.,  40.,   4.,   1.,   3.],
        [  0.,   6.,   4., 256.,  11.,  14.,   0.,  15.,  12.,  40.],
        [ 15.,   2., 278.,  26.,   2.,   7.,  58.,  11.,   0.,   1.],
        [  3., 258.,  48.,  10.,   9.,   3.,   4.,  12.,  19.,   6.],
        [  3.,   6., 279.,  13.,   6.,   7.,   1.,  10.,   9.,   5.],
        [  0.,   7.,  19.,   9.,   9.,   8.,  13.,  23., 256.,   7.],
        [ 73.,   5.,  20.,   5., 153.,   9.,  63.,   8.,   3.,   2.],
        [  1.,  27., 243.,  26.,   4.,   9.,   0.,   8.,  17.,   3.],
        [  1.,   4., 286.,  45.,   1.,  11.,   8.,  49.,   2.,   4.],
        [164.,  15.,  25.,   5.,  13.,  12.,   1.,  11.,   4.,   6.],
        [  4.,  17.,   9.,  21.,   9.,   8.,   1., 265.,   6.,   2.],
        [  5.,   6.,  42.,   4.,   4.,   4., 275.,   4.,   1.,   5.],
        [  2.,  19.,  20.,  11.,   6.,   3.,   8.,  12., 213.,  13.],
        [  1.,   7.,  13.,  11.,   8.,  17.,   4.,  21., 267.,  18.],
        [ 15.,   5.,  19.,   3.,  13., 272.,  28.,   4.,   2.,   6.],
        [  0.,   7.,   5.,  16.,   5.,  11.,   3.,  50.,   2., 272.],
        [  0.,  11.,  19., 281.,   5.,  15.,   0.,   6.,  13.,   4.],
        [  3., 275.,   9.,  11.,   9.,   3.,   7.,  13.,   4.,   6.],
        [  5.,  36.,  16.,  19.,   4.,   4.,   6.,  16., 249.,   8.],
        [  0.,   9.,   9.,  26.,  13.,  11.,   5.,  20.,  10., 259.],
        [  0.,   5.,   6.,  13.,   8.,   7.,   5., 250.,   3.,  56.],
        [  3.,   3.,   7.,   7.,   4.,   6., 281.,   6.,   2.,   6.],
        [  5.,   3.,  16.,   4.,   6.,   4., 297.,   3.,   0.,   7.],
        [ 10.,  12.,   4.,   6.,   8.,   8.,   2., 277.,   4.,  14.],
        [286.,   4.,   6.,  15.,   2.,   3.,   2.,   5.,   0.,  23.],
        [299.,   3.,  11.,   3.,   5.,   3.,  21.,   9.,   0.,   9.],
        [286.,   2.,  21.,  12.,   3.,   6.,  15.,   7.,   1.,  12.],
        [  1.,  21.,   5., 284.,   5.,  16.,   0.,   7.,   8.,   9.],
        [ 39.,   4.,  16.,   6.,  18.,  11.,  46.,   3.,   1., 245.],
        [  0.,  15.,   5.,  12.,  11.,   7.,   3., 273.,   3.,   7.],
        [ 38.,   5.,   4.,   4.,   9.,   7.,   5., 272.,   3.,   6.],
        [  2., 279.,   9.,  19.,   7.,   2.,  10.,  10.,   7.,   6.],
        [  0.,  31.,   5., 286.,   3.,  29.,   0.,   9.,   8.,   8.],
        [  9.,   5.,   3.,  14.,  11.,   9.,   6., 245.,   1.,  52.],
        [ 18.,   2.,   5.,   4.,   3.,  12., 288.,   5.,   0.,   8.],
        [  0.,   7., 281.,  23.,   6.,   5.,  10.,  25.,   2.,   5.],
        [  2.,  54.,   9.,  13.,   7.,   4.,  10.,  22., 185.,   9.],
        [  0.,  23.,   6.,  10.,   9.,   5.,   3., 274.,   4.,   9.],
        [ 13.,   7., 283.,  10.,   6.,   6.,   8.,  10.,   4.,   4.],
        [ 17.,   3.,   4.,   5.,  10.,   6., 291.,   2.,  10.,  10.],
        [281.,   4.,  13.,   6.,   8.,  15.,  12.,   7.,   6.,  16.],
        [  2.,   3.,   7.,   8.,   9.,   7., 293.,   3.,   3.,  10.],
        [ 16.,   5.,  14.,  42.,   5.,  10.,   0., 280.,   4.,   6.],
        [  0.,   7.,  13.,  15.,   9.,   8.,  11.,  16.,   6., 261.],
        [  0.,   5.,   7.,   9.,  33.,   6.,  13.,  15.,   3., 265.],
        [  5., 275.,  19.,  10.,  10.,   3.,   7.,  11.,  10.,   5.],
        [  5., 266.,  12.,  11.,   9.,   5.,   6.,  11.,  10.,   8.]],
       device='cuda:0')
Epoch 4 | Batch 700
tensor([[  9.,  23.,   8.,  13., 271.,  10.,  11.,   4.,   5.,   5.],
        [  3.,  51.,   7.,   8.,   3.,  14.,   7.,   5.,  11., 221.],
        [ 12.,  12.,   8.,   2.,  14., 264.,   2.,  18.,  10.,   9.],
        [  5., 271.,   2.,   4.,   7.,   2.,   4.,  12.,   6.,   9.],
        [ 10.,   2.,  11., 279.,   5.,   9.,   0.,   3.,   4.,   5.],
        [291.,   1.,   9.,  11.,   4.,  11.,   6.,   2.,  18.,   6.],
        [ 11.,   2.,   2.,  16.,   3.,  30., 275.,   3.,  13.,   9.],
        [292.,   5.,   8.,   3.,   3.,   4.,   7.,  14.,   3.,  14.],
        [  9., 290.,   3.,   5.,   4.,   5.,   8.,   7.,  16.,   7.],
        [  5.,  24.,  11.,   4.,  11.,  13.,   7.,  11., 251.,  12.],
        [  1.,  15.,   8.,  12.,   6., 260.,   2.,  11.,   5.,   7.],
        [  0.,   3.,   4.,   9.,   3.,  16., 284.,   2.,  11.,   7.],
        [  6.,   1.,   5., 251.,  12.,  21.,   0.,  17.,  28.,  23.],
        [  1.,   2.,  14.,  10.,   5.,   7.,   2., 287.,   9.,  14.],
        [  2., 269.,   6.,   8.,   5.,  11.,   9.,   3.,   9.,   8.],
        [  9.,   2.,   4.,  25.,   3., 252.,   4.,  12.,  14.,   4.],
        [243.,   6.,  18.,   4.,   6.,   9.,  27.,   5.,  30.,   9.],
        [  1.,  59.,   5., 256.,   7.,   3.,   5.,   8.,   7.,  13.],
        [  2.,  12.,   6.,   7.,  11.,  10., 281.,   6.,  11.,   8.],
        [  8.,   7.,  13., 262.,   5.,  12.,   0.,   4.,  12.,  13.],
        [ 27.,   4., 268.,   4.,   9.,   6.,  10.,   1.,   3.,   5.],
        [ 21.,  11.,   7.,   8.,  37.,   8.,   6.,  10.,  11., 240.],
        [ 17.,   2.,   5.,  68.,   6., 277.,   3.,   3.,  16.,  12.],
        [  9.,   2.,   1., 230.,  15.,  28.,   0.,  14.,  25.,  65.],
        [ 13.,   1.,   4., 275.,   6.,  29.,   3.,   4.,  14.,  11.],
        [  7., 288.,   4.,   8.,   7.,   3.,   8.,   8.,  10.,   9.],
        [  2., 278.,   3.,   5.,   7.,   2.,  11.,   7.,   5.,   6.],
        [  3.,   6.,   6.,  17.,   6.,  14.,   5.,   5.,  23., 262.],
        [  4., 272.,  10.,   4.,   4.,   3.,   3.,   4.,   5.,   4.],
        [  0.,   3.,   3.,   5.,   1.,  10.,   2., 295.,   9.,  18.],
        [  1.,   6.,  34.,   8.,   9.,   7.,   3., 269.,  19.,  12.],
        [296.,   2.,   4.,  18.,   3.,   8.,   2.,   6.,  15.,   7.],
        [ 12.,  10.,   6.,  25.,  13., 271.,   0.,   8.,  12.,   8.],
        [  7.,   8.,   7.,   7.,  15.,  13., 268.,   5.,  16.,   9.],
        [  6.,   1.,   7.,  25.,   4., 288.,   0.,   2.,  43.,   6.],
        [  8.,   6.,   8., 156.,  11.,  10.,   5.,   8.,  23.,  13.],
        [  6.,  75.,  19.,  26.,   4., 216.,   1.,   6.,  11.,   6.],
        [285.,   5.,   7.,   2.,   6.,   7.,   8.,  16.,   3.,  18.],
        [  0.,   8.,   7.,  21.,   9.,   5.,   1., 274.,  10.,   9.],
        [  6.,  15.,   4., 274.,   6.,  10.,   3.,   3.,   6.,   5.],
        [270.,   3.,   6.,  11.,   9.,  21.,  11.,   7.,   9.,  18.],
        [ 13.,   2.,   9.,   3.,  36.,   6., 286.,   2.,   8.,   9.],
        [ 12.,   2.,  11.,  14.,   5.,  22.,  24.,   0.,   8., 155.],
        [ 31.,   4., 263.,   3.,   3.,  17.,  30.,   1.,  41.,   8.],
        [  7.,   2.,   5., 279.,   3.,  68.,   8.,   1.,  12.,   7.],
        [ 26.,   3.,   5.,   9.,   8., 266.,  13.,   2.,  11.,   7.],
        [284.,   1.,   4.,   9.,   4.,  19.,   4.,   7.,  18.,  15.],
        [ 15.,   2.,   3.,  18.,   5.,  15.,   4.,  10.,   7., 274.],
        [301.,   1.,  13.,  13.,   2.,   7.,   5.,   9.,  15.,   8.],
        [295.,   4.,   6.,   9.,   3.,   9.,   3.,   8.,  12.,   8.],
        [  6.,   6.,  25.,  31.,   2., 196.,  13.,   3.,   3.,   4.],
        [ 37.,   1.,   9.,   1., 279.,   4.,   3.,   3.,  11.,   3.],
        [  1.,   5.,   8.,   8.,   2.,   6.,   4., 290.,  10.,  13.],
        [  5.,   8.,   2.,   3.,  15.,   9.,   2., 283.,   6.,  14.],
        [ 19.,   1.,   6.,   4., 274.,  10.,  25.,   4.,  11.,   4.],
        [ 10.,   3.,   6.,  24.,   6., 281.,   2.,   4.,   6.,  11.],
        [  3.,   7.,   3., 267.,   6.,  11.,   2.,   2.,  18.,  13.],
        [  7., 138.,   3.,   6.,   7.,  11.,  10.,  13., 181.,   9.],
        [ 16.,   1.,  23.,  10.,   1.,  10.,   5., 277.,   6.,  10.],
        [  7.,   3.,  18.,   5.,  10.,  19.,   7.,   4., 273.,   5.],
        [  5.,   5.,   4.,   6.,  10., 284.,   0.,   4.,  82.,  10.],
        [ 54.,   0.,   5.,  73.,   2.,  67.,   3.,   4., 221.,  11.],
        [  2.,  18.,  17.,  25.,   8.,  13.,  13.,   4., 248.,   5.],
        [  2.,   5.,   8.,   3.,  50., 261.,   3.,   6.,  14.,  11.]],
       device='cuda:0')
Epoch 4 | Batch 800
tensor([[ 22.,   1.,   5.,  16.,  15., 264.,   6.,  14.,  10.,   2.],
        [ 10.,  20.,  18.,   4.,   9.,   8.,   1.,   9., 263.,   3.],
        [  6.,   9., 272.,   7.,  13.,  16.,  15.,   3.,   4.,   6.],
        [  4.,  15.,  13.,   6.,  27.,   8.,  12.,  36.,  17., 198.],
        [  1.,  23.,  16.,  20., 158.,   8.,   9.,  12.,  18.,   3.],
        [302.,   2.,   5.,  10.,   7.,   3.,   7.,   2.,   5.,   1.],
        [  1.,  10., 280.,  31.,   3.,   9.,   0.,   6.,  12.,   2.],
        [  6., 286.,   7.,   8.,   7.,   1.,   4.,  19.,   5.,   4.],
        [ 20.,   4., 273.,   3.,  19.,   9.,  51.,   2.,   4.,   4.],
        [  1.,  18.,  13.,  13.,  19.,   8.,   3.,  15., 262.,   9.],
        [  4.,  19.,  15.,  16.,   7.,   8.,   8.,  13., 257.,   6.],
        [ 23.,   7.,   4.,   1.,   6.,   9., 283.,   4.,  13.,   6.],
        [  3.,   6.,  13.,   4.,  13.,   9.,   4., 265.,  11.,  22.],
        [ 21.,   3.,  12., 286.,   3.,  18.,   0.,   5.,  14.,   3.],
        [265.,   4.,  10.,  29.,   3.,   7.,   0.,   2.,   3.,   2.],
        [  3.,   7.,  15.,  20.,  17.,  17.,   2.,  14., 267.,  15.],
        [  4., 263.,   5.,   4.,   3.,   1.,   3.,   8.,   1.,   3.],
        [ 31.,   3.,  22.,   4., 233.,   7.,  60.,   8.,   3.,   1.],
        [  0.,   4.,  12.,   4.,  13.,  10., 283.,  10.,  13.,   6.],
        [  8.,   4.,  12.,   6., 277.,   7.,   8.,  26.,   5.,  10.],
        [  0.,   8.,   8.,   5., 282.,   8.,   1.,  21.,  23.,  30.],
        [ 77.,   6., 229.,  31.,   6.,   6.,   2.,   4.,   1.,   2.],
        [ 27.,   2.,  18.,  24.,   5., 275.,  22.,   1.,   2.,   4.],
        [  0.,  13.,  10.,  12., 260.,   9.,   6.,  48.,  13.,   4.],
        [  2.,  23.,   7.,  12.,  24.,   7.,   4.,  20.,   8., 233.],
        [303.,   0.,   4.,  26.,   6.,   8.,   0.,   4.,   1.,   3.],
        [  1.,  14.,  21.,  10., 240.,  11.,  42.,  12.,   9.,   4.],
        [  0.,  42.,  25.,  19.,   7.,   7., 159.,   6.,  25.,   3.],
        [  3.,   7.,  13.,   5.,  10.,   8., 291.,   6.,  11.,   3.],
        [  6.,  93.,  16.,  16.,   8.,   4.,   2.,  21., 224.,   8.],
        [ 62.,  11., 224.,  12.,   2.,  12.,  47.,   1.,  11.,   1.],
        [ 10.,  12.,   9., 266.,   7.,  65.,   1.,   3.,  10.,   4.],
        [ 19.,   7.,   9., 202.,   2.,  28.,  28.,   3.,   1.,   1.],
        [  7., 271.,  10.,   7.,   9.,   3.,   4.,  14.,   5.,   4.],
        [ 47.,  15.,   4.,   4.,  11.,   5., 243.,   7.,  11.,   2.],
        [  3.,  12.,   5., 283.,   6.,  22.,   1.,   8.,  10.,   5.],
        [ 11.,   4.,   6.,  17.,   6., 254.,  55.,   3.,   3.,   2.],
        [  0.,  16., 277.,   5.,  13.,   8.,  31.,  13.,   2.,   8.],
        [  0.,   3.,  10., 273.,  16.,  10.,   0.,  32.,  19.,  28.],
        [ 24.,   3.,   5.,  15.,   6.,  27., 220.,   6.,  13.,   4.],
        [ 60.,   6.,  33.,   7.,   3.,   2.,   2.,   9., 258.,   2.],
        [ 18.,   4.,   4.,   0.,   9.,   7., 288.,   5.,   8.,   5.],
        [  2.,   1.,   7.,   1.,  22.,   8., 281.,  17.,   7.,   7.],
        [311.,   4.,   2.,   0.,   6.,   3.,   6.,   3.,   0.,   1.],
        [  6.,  12.,  21.,   5.,  18.,   9.,   5.,  14., 264.,  10.],
        [  0.,  44., 281.,  25.,   1.,  10.,   7.,   2.,   3.,   2.],
        [  6.,   4.,  15.,  24.,  15.,  14.,   1.,   9., 276.,   6.],
        [300.,   7.,   5.,   0.,  16.,   2.,  23.,  12.,   0.,  10.],
        [289.,   2.,   8.,  14.,   5.,   8.,  13.,   3.,   6.,   3.],
        [  1.,  10.,  15.,   9.,  25.,   8.,  29.,  21.,  13., 248.],
        [ 24.,   3.,   8.,   6.,  25.,  11.,   3., 283.,   5.,  15.],
        [  3.,  27.,  13.,   6.,  31.,   5.,   6.,  19.,  14., 244.],
        [  2.,   7.,  16.,   4.,  59.,   6.,   3.,  16.,  16., 256.],
        [  0.,   9.,   6.,   7., 278.,   4.,   0.,  30.,   5.,  27.],
        [  4., 286.,   9.,  11.,  11.,   1.,   4.,  15.,   5.,   6.],
        [214.,   6.,  12.,  11.,  20.,   9.,   5.,   8.,  11.,   8.],
        [  6.,   6., 270.,   7.,  22.,   8.,   6.,  12.,   8.,  11.],
        [ 23.,   1.,   6.,   0.,  24.,   5., 293.,   3.,  14.,   5.],
        [  5.,   1.,  10.,   0.,  18.,   7., 294.,  13.,   5.,   6.],
        [  7.,  21.,  18.,  15., 194.,   7.,  34.,  21.,  10.,   5.],
        [  6.,   7.,  14.,  11.,  11.,   8.,   3.,  10., 277.,   8.],
        [ 30.,   7.,   5.,   4., 258.,  21.,   7.,  11.,  13.,  14.],
        [  1., 120.,  31.,  10.,   8.,   6.,   3., 187.,   8.,   2.],
        [ 14.,   5.,  11.,  10.,   6., 281.,  10.,   3.,   9.,   1.]],
       device='cuda:0')
Epoch 4 | Batch 900
Switching label layer to Inference Mode (LIF)...
Epoch 4 DONE | Test Acc: 76.40% | Time: 773.1s
Switching label layer back to Training Mode (Clamp)...
tensor([[  8.,   8., 274.,   2.,   6.,  11.,   6.,   9.,  14.,   8.],
        [291.,   1.,  12.,   1.,   3.,   8.,  15.,   2.,   6.,  12.],
        [  2., 273.,   7.,   9.,   2.,   7.,   7.,   5.,  11.,   7.],
        [  0.,   3.,   5.,   8.,  12.,  10.,   0., 291.,  13.,  29.],
        [  5., 276.,   8.,  10.,   6.,   5.,   7.,  13.,  11.,  15.],
        [ 10.,   7.,  36.,   8.,   2.,   9.,  16.,   5., 265.,   4.],
        [298.,   1.,  13.,   4.,   5.,   7.,   5.,   1.,   3.,   5.],
        [  8.,   5.,  11., 255.,   4.,  19.,   6.,  11.,  40.,   4.],
        [  2.,  29.,  10.,  17., 246.,   8.,   9.,   8.,  12.,   5.],
        [  9.,  10., 280.,   1.,   2.,  10.,   4.,   4.,  13.,  25.],
        [ 13.,   7., 270.,   2.,  10.,  11.,  15.,   1.,   9.,   8.],
        [ 22.,   2.,   7.,   1.,  14.,   4.,  14.,  28.,   4., 265.],
        [  7.,  11.,  11.,   4.,  25.,   7.,   7.,  13.,  18., 264.],
        [  3.,  13.,   9.,   6.,  15.,  12.,   5.,  25.,  23., 255.],
        [ 10.,   6., 279.,   3.,   5.,   8.,   3.,   4.,  17.,   8.],
        [287.,   0.,  13.,  30.,   2.,   4.,   0.,  52.,   3.,   2.],
        [ 19.,   4.,  19.,   3., 277.,  11.,  15.,   8.,   5.,   8.],
        [  1.,   6.,  11.,   5.,  10.,  10., 283.,   3.,  13.,   9.],
        [  2., 278.,   9.,  12.,   3.,   7.,   7.,   5.,  14.,  14.],
        [  2.,   6.,  18.,  16.,   5.,   7.,   2., 278.,  12.,  14.],
        [  0.,   8.,  21.,  11.,  13.,  15., 262.,   9.,   8.,  10.],
        [  2.,  13.,  11.,   2.,  16.,   7.,  15.,  11., 273.,  19.],
        [  2.,  20.,  21.,   7.,   4.,   4.,   3.,  10., 266.,  22.],
        [ 16.,  17., 276.,   2.,   3.,   9.,  16.,   5.,  18.,   8.],
        [  3.,   6.,  12.,   5., 283.,  10.,   8.,  12.,  10.,   4.],
        [  5., 270.,  12.,  12.,   2.,  11.,  15.,   6.,  25.,  11.],
        [  6., 273.,  13.,  10.,   3.,   5.,   4.,   8.,  12.,  12.],
        [261.,   3.,  13.,   2.,   5.,   9.,  19.,   5.,  23.,  15.],
        [ 12.,  14., 286.,  13.,   0.,  11.,   1.,   1.,  12.,   2.],
        [  5.,   3.,  13.,   6.,   2.,   8.,   0., 293.,  18.,   8.],
        [  5.,  14.,  10.,   7.,  10.,   8.,   8.,  14.,  15., 256.],
        [ 16.,  17.,   8.,  11.,  16.,   8.,  29.,   3., 186.,   7.],
        [ 12., 265.,  21.,  10.,   5.,   5.,   5.,   8.,  16.,  14.],
        [  5.,  12.,  10.,   7.,  10.,   6.,   4.,  17., 259.,  19.],
        [ 10.,   8.,  14.,  10.,   9.,   8.,   4.,  14., 276.,  11.],
        [  2.,   1.,   4.,   5.,  10.,   9.,   1., 277.,   6.,  81.],
        [  3.,   8.,  16.,   8., 233.,   8.,  24.,  16.,  26.,  10.],
        [  0.,   6.,  40.,   5.,  12.,  10., 277.,   7.,  11.,  11.],
        [  4.,  11.,  12.,   5.,  36.,   5.,   4.,   6.,  13., 260.],
        [ 11., 244.,   6.,  21.,  14.,   5.,   3.,   9.,  37.,  10.],
        [ 19.,   3.,   5.,   1.,   5.,   8.,   0., 286.,  10.,  14.],
        [  7.,   5.,   6.,   4.,  14.,  11.,   1., 284.,   9.,  11.],
        [  5., 278.,   8.,  13.,   3.,  13.,   6.,   8.,  18.,   8.],
        [  3.,  16.,   8.,   8.,   7.,   6.,   2.,  19., 271.,  25.],
        [ 26.,   3.,  17.,   0.,  13.,   8., 291.,   0.,   6.,   8.],
        [  5.,  10.,   6.,   4.,   4.,   7.,   1.,  23.,   7., 234.],
        [ 21.,   4., 293.,   3.,   3.,   9.,  12.,   2.,   4.,   6.],
        [  7.,  15., 287.,   7.,   1.,   6.,   7.,   8.,   4.,   5.],
        [ 41.,   4.,  19., 214.,  17.,   8.,  17.,   3.,   7.,   9.],
        [  2.,   2.,   5.,  10.,   3., 228.,   2.,   7.,   6.,  14.],
        [ 14.,  10.,   9.,   6.,  17.,  13.,   3.,   9.,  24., 260.],
        [  3.,   0.,   3.,   5.,   3.,   7.,   0., 292.,   7.,   9.],
        [ 16.,   3., 287.,   6.,   6.,   5.,  27.,   2.,   3.,   4.],
        [  1.,   4.,  14.,   6., 284.,   8.,   2.,   7.,  11.,  35.],
        [  2.,  33., 279.,   4.,   4.,  10.,   0.,   4.,  13.,   8.],
        [  4.,   4.,   8.,   4.,   3.,   5.,   1., 299.,   5.,  12.],
        [ 18.,   5.,  36.,  10., 147.,  11.,  37.,   4.,  14.,   5.],
        [  6.,   3.,  38., 281.,   4.,   8.,   0.,   7.,  11.,   2.],
        [  5.,  20.,   9.,   6.,  11.,   7.,   3.,   9., 263.,  12.],
        [  7.,   3., 289.,   0.,   7.,   7.,  45.,   0.,   3.,   4.],
        [  8.,  10.,   8.,   7.,  14., 254.,   9.,   4.,  14.,  12.],
        [ 10., 255.,  18.,  12.,  10.,   4.,   2.,  12.,  16.,  16.],
        [ 20.,   1.,  46.,   1.,  17.,   8., 178.,   8.,   2.,   8.],
        [  7., 261.,  25.,  10.,  14.,   5.,   3.,  10.,  12.,  11.]],
       device='cuda:0')
Epoch 5 | Batch 0
tensor([[  4.,   8.,   9.,  12., 265.,  15.,  11.,  11.,  19.,   8.],
        [ 12.,   5.,   5.,   5.,  20.,  12.,   7., 249.,  11.,   8.],
        [  3.,  20.,   6.,   8.,   6.,   8.,   6., 273.,  10.,   6.],
        [ 10.,   2.,  10.,  26.,   5., 283.,   5.,   4.,  16.,   1.],
        [ 31.,   3.,  14.,   6.,   8.,  78., 280.,   0.,   3.,   4.],
        [ 33.,   1.,  50.,   4., 266.,  19.,  37.,   0.,   5.,   1.],
        [267.,   2.,   9.,   5.,   9.,   6.,  13.,   4.,   8.,   3.],
        [  0.,  16.,   5.,   9., 273.,  16.,   8.,   8.,  12.,  19.],
        [  9.,   9.,   7.,   5., 276.,  10.,   7.,  10.,   9.,   6.],
        [  1.,   6., 288.,  19.,  10.,   5.,  12.,   2.,   5.,   6.],
        [  7.,   6.,   8.,  10.,  15.,  21.,   7.,   5., 279.,   4.],
        [ 25.,   1.,   9.,  11.,   6.,  67.,  14.,  10., 270.,   6.],
        [ 26.,   4., 262.,  16.,   4.,  11.,  11.,   7.,  14.,   2.],
        [ 10.,   8., 269.,  36.,   5.,  27.,   0.,   1.,  32.,   1.],
        [ 11.,   2.,  14.,   3.,  14.,  15., 289.,   6.,   4.,   3.],
        [  7.,   3.,  36., 271.,  13.,   8.,  45.,   4.,   4.,   8.],
        [ 12.,   5.,  11.,   3.,  12.,  24., 278.,   4.,   9.,   7.],
        [  2.,  13.,  22.,  18.,  18.,  15.,   9.,   5., 264.,   4.],
        [  9.,   9.,   4.,   4., 266.,   9.,   3.,   6.,   3.,   4.],
        [  9.,   3.,   8.,   3.,  26.,   8., 269.,  11.,   4.,   5.],
        [  5., 260.,  10.,  18.,  12.,   4.,   6.,  15.,  13.,   7.],
        [291.,   7.,   8.,  19.,   7.,   7.,  13.,   4.,   5.,   2.],
        [  5.,   7., 278.,   5.,   7.,  11.,  21.,   5.,  12.,   6.],
        [ 73.,   3., 131.,   1.,  11.,  16.,  30.,   7.,  87.,  10.],
        [  2.,   3.,  12., 295.,   8.,  26.,   0.,   6.,  17.,   3.],
        [ 22.,   2., 256.,   6.,   6.,  19.,  21.,  11.,  20.,   3.],
        [300.,   3.,  12.,   1.,  13.,   7.,  13.,   2.,   2.,   1.],
        [ 15.,   2.,   9.,   2.,  13.,  10., 281.,   7.,   5.,   7.],
        [  3.,  20.,   4., 236.,   6.,   4.,   6.,   4.,  12.,   2.],
        [ 47.,   5.,   4.,   0.,   4.,  12., 269.,   3.,   2.,   2.],
        [  6.,   2.,   9.,   2.,  25., 251.,   7.,   5.,   6.,  24.],
        [  5., 275.,   9.,   9.,   6.,   5.,  30.,   5.,  12.,   3.],
        [262.,   4.,   7.,   0.,  12.,   3.,  14.,   8.,  10.,  13.],
        [  6.,   7.,  11.,   9.,  17.,  16.,  11.,   9.,  23., 260.],
        [  1., 194.,   2.,   2.,   7.,   7.,   3.,   1.,   3.,   1.],
        [  0.,   8.,   8.,   7.,  17.,  11.,   4., 280.,  13.,  19.],
        [  7.,  13.,  11.,  14., 260.,  15.,  15.,  15.,  11.,   2.],
        [ 42.,   1.,   1.,   1.,  18.,   5.,   4., 271.,   5.,   9.],
        [ 11.,   1.,  10.,  26.,   6., 268.,  20.,   4.,   7.,   3.],
        [  8.,  21.,  13.,  10.,   7.,   9.,  10.,  14., 269.,  12.],
        [ 20.,  18., 263.,   2.,   5.,  13.,  20.,   4.,  37.,   9.],
        [  5.,  12.,   6.,  12., 250.,  17.,   8.,  18.,  27.,   7.],
        [299.,   4.,   6.,  43.,   8.,   9.,   3.,   7.,   7.,   3.],
        [ 29.,   3.,   5.,  10.,  35.,  12., 273.,   2.,  18.,   5.],
        [  7.,   7.,   8.,   3.,  27., 282.,   4.,   3.,   9.,   5.],
        [ 13.,   4.,  12.,   6.,  19.,  19.,   8.,   6., 273.,   6.],
        [299.,   5.,   7.,   0.,   3.,   5.,  13.,  21.,   7.,   6.],
        [  5.,  14.,   6.,   2.,  14.,   8.,   7.,  35., 256.,  37.],
        [ 50.,   4.,   4.,   2.,  21.,   9.,   2., 158.,  17.,  18.],
        [ 18.,   6.,   6.,  23.,  10., 263.,   9.,  10.,  14.,  10.],
        [  4.,   6.,   4.,   5.,  11.,   8.,   6., 274.,   6.,  19.],
        [  2.,   7.,   8.,  11.,  10.,  15., 278.,   5.,  12.,   5.],
        [  4., 264.,   3.,   4.,   3.,   8.,   7.,   3.,   7.,   2.],
        [300.,   8.,   5.,   0.,   8.,   3.,  17.,  21.,   3.,   6.],
        [ 28.,   2.,  13.,  20.,  14.,  17.,   9.,   6., 240.,   1.],
        [  2.,  10.,  10.,  13.,   8., 220.,  21.,   9.,   5.,   3.],
        [  8.,  21., 261.,  16.,   5.,  12.,  12.,   4.,  29.,   4.],
        [  3., 239.,   3.,   3.,   2.,   5.,   5.,   3.,   3.,   1.],
        [ 13.,  11.,   9.,   0.,  12.,   7.,  11.,   5., 260.,  15.],
        [261.,   5.,  14.,  23.,   3.,   9.,   0.,   6.,  11.,   3.],
        [  8., 271.,  20.,   7.,  11.,   4.,   6.,   6.,  17.,   5.],
        [  2.,  13.,   5., 275.,   9.,  10.,   3.,   4.,  10.,   4.],
        [ 30.,   3.,  15.,  12.,  10.,  15.,  19.,   5., 239.,   7.],
        [ 14.,  10.,  10.,   3.,  10., 278.,   8.,   6.,   8.,   6.]],
       device='cuda:0')
Epoch 5 | Batch 100
tensor([[  2.,   0.,  12.,   5.,  15.,   2., 280.,  10.,   1.,   7.],
        [  0.,   4.,   3.,  12.,   5.,   5.,   7., 289.,   2.,  20.],
        [304.,   5.,   5.,   0.,   4.,   0.,  10.,   4.,   0.,   6.],
        [  1.,   8.,   8.,   6.,   5.,   3., 272.,   2.,   6.,  16.],
        [  7.,   7.,  16.,  10.,   5.,   8.,   9.,   7., 273.,  14.],
        [294.,   9.,   2.,   0.,  14.,   0.,   8.,   4.,   0.,   6.],
        [  6.,  10.,   4.,  10.,   4.,  15.,   6.,  10., 262.,  50.],
        [ 11.,   9., 271.,   5.,   3.,   4.,   3.,   6.,   7.,  14.],
        [  0.,  12.,  14.,   7.,   2.,   5., 286.,   0.,   3.,  12.],
        [ 10.,  13.,   4.,  12.,  13., 272.,   3.,  18.,   5.,  17.],
        [ 38.,   1.,   6.,   1., 280.,   1.,  16.,   5.,   0.,   9.],
        [  0.,   9., 238.,   5.,  17.,   1.,  16.,   5.,   1.,  30.],
        [  0.,  12.,   5.,  19., 232.,   4.,  16.,   5.,   2.,  33.],
        [  0.,   7., 287.,   4.,   5.,   3.,  17.,   0.,   3.,   7.],
        [298.,   5.,   1.,   6.,   4.,   1.,   0.,   4.,   0.,   5.],
        [  2.,  13.,   3.,  32.,   8., 264.,   8.,   8.,   2.,  31.],
        [ 11.,   5.,   7.,   5., 270.,   4.,   2.,   9.,   2.,  14.],
        [  3., 270.,  10.,  12.,   8.,   1.,   5.,  18.,   2.,  12.],
        [ 48.,   3.,   0.,   3.,  15.,   4.,   0., 286.,   1.,  24.],
        [ 14.,   1., 285.,  11.,   0.,   4.,  22.,   2.,   1.,   6.],
        [  0.,  50., 221.,  11.,   0.,   4.,  12.,   2.,   3.,   6.],
        [  0.,  21.,   1., 262.,   4.,   3.,   6.,  17.,   0.,  22.],
        [ 30.,  26.,   5.,   5.,   3.,   8.,   6.,   8., 266.,  12.],
        [  0.,   9.,   1.,  19.,   9.,   2.,   2., 291.,   2.,  24.],
        [ 14.,  16.,   3.,   5.,  13., 273.,   2.,  11.,   4.,  14.],
        [  5., 269.,  24.,  11.,   3.,   2.,  11.,   5.,   7.,   9.],
        [  0.,   6.,   6., 248.,  11.,   6.,   0.,  91.,  12.,  44.],
        [ 20.,  11.,   3.,  19.,   5., 283.,   0.,   8.,   9.,  13.],
        [  6.,  13., 266.,  64.,   0.,  10.,   0.,   2.,  11.,  20.],
        [  2.,  12.,   5.,  11.,  10., 268.,   3.,  10.,  19.,  15.],
        [ 21.,   1.,   1.,   7.,  27.,   5.,   3., 267.,   1.,  26.],
        [  0.,  12.,   5.,  13.,  15.,   4.,  10.,  12.,  13., 273.],
        [  2., 151.,  23.,  23.,   6.,   6.,   3.,   3.,  28.,  21.],
        [ 18.,   2.,   8.,  45.,  11.,  17.,   2.,   4., 153.,  28.],
        [  3.,   9.,   4.,   8.,  10.,   4.,  10.,  10.,   8., 280.],
        [  4., 255.,  41.,  10.,   5.,   1.,  10.,   4.,  23.,  11.],
        [ 11.,   7.,  11.,   2.,  10.,   1., 292.,   0.,   2.,  12.],
        [  6., 276.,  16.,  11.,   4.,   1.,   8.,   6.,   4.,   8.],
        [  6.,  13.,  16.,  14.,   6.,  15.,   4.,   8., 254.,  17.],
        [242.,   5.,  37.,   4.,   2.,   0.,  14.,   2.,   0.,   2.],
        [  1.,   6.,   1., 220.,  12.,  13.,   1.,  58.,  17.,  49.],
        [  4.,  12.,   1.,  13.,   5., 284.,   1.,  18.,   2.,  20.],
        [  6.,   5.,   5.,   3.,  31.,   3.,  12.,   3.,   3., 281.],
        [  6.,  11.,   2.,  10., 249.,  10.,   4.,  11.,   4.,  17.],
        [ 17.,   2.,   5.,   4., 279.,   2.,  26.,  12.,   0.,   8.],
        [ 24.,  11.,   2.,   6.,  28., 257.,   0.,  43.,   7.,  53.],
        [  9.,   6.,   6.,   2.,  40., 208.,   6.,   5.,   0.,  11.],
        [ 22.,   5.,   0.,   4.,  14.,   6.,   1., 280.,   3.,  48.],
        [ 15.,   2.,   0.,   5.,   9.,   7.,   7., 289.,   2.,  21.],
        [  1., 147.,  29.,   6.,   3.,   0.,   2.,   2.,   5.,   7.],
        [  4., 285.,   5.,  14.,   2.,   0.,  13.,   5.,   8.,  12.],
        [  3.,   8.,   4.,   6.,   6.,   4.,  11.,  10.,   4., 281.],
        [  2.,   5.,   3.,  39.,   6., 253.,   1.,   5.,   7.,  21.],
        [  5., 283.,   7.,  14.,   2.,   1.,  15.,   6.,   9.,  10.],
        [  3.,  26.,   5., 262.,   3.,   7.,  16.,   3.,  11.,  16.],
        [171.,   8.,   5.,  10.,   8.,   4.,  10.,   7.,   8.,  22.],
        [ 23.,   4.,  18., 282.,   3.,   3.,   8.,   0.,   3.,   5.],
        [  0.,  10.,   2.,  11.,   8.,   3.,   5.,  13.,   5., 284.],
        [  0.,  23.,   7.,  14.,   4.,   3., 272.,   3.,  12.,  16.],
        [  1., 268.,   3.,  22.,   6.,   2.,  10.,   5.,   4.,  29.],
        [  0.,  39.,  11.,  12.,   3.,   3.,  19.,   7., 239.,  12.],
        [  1.,  12.,   2.,  17.,   4.,   6.,   7.,  16.,   8., 280.],
        [  0.,   9.,   2.,   7., 280.,  16.,   7.,   5.,   8.,   9.],
        [  0.,   8.,   0.,   7.,   5.,   6.,   5., 289.,   5.,  26.]],
       device='cuda:0')
Epoch 5 | Batch 200
tensor([[152.,   6.,  13.,  14.,   5.,  13.,  54.,   6.,  15.,  12.],
        [ 11.,   4.,  12.,   7., 271.,   6.,  37.,   7.,   2.,   6.],
        [ 10.,   4.,  11.,   4.,  36.,   3., 278.,   8.,   5.,   9.],
        [  5., 275.,   4.,   9.,   3.,   2.,   9.,   8.,   3.,   8.],
        [  0.,   8.,   9.,   9.,  19.,   6., 278.,   8.,   7.,  13.],
        [  4.,  72.,   5., 206.,   6.,   4.,   7.,   6.,   5.,   9.],
        [ 38.,   1.,  10.,   0.,  19.,   3., 286.,   7.,   4.,   9.],
        [  2.,  36.,   6., 153.,   1.,   0.,   8.,   4.,   1.,   6.],
        [  2.,   6.,   5.,   8.,   5.,   8.,  12., 280.,   7.,  11.],
        [ 28.,  10.,  24.,   5.,   4.,  10., 278.,   3.,   8.,  15.],
        [  0., 109.,  15.,   9.,   1.,  10., 241.,   8.,  13.,   8.],
        [  2.,  29.,   7.,   8.,   1.,   6.,   7., 272.,  14.,  13.],
        [ 15.,   9.,   9.,  19.,   3., 247.,  21.,   9.,   6.,   9.],
        [  6., 282.,   6.,  12.,   2.,   3.,  11.,   7.,   9.,   8.],
        [  1.,  10., 293.,  11.,   3.,   4.,  12.,   3.,   4.,  16.],
        [  6., 279.,  19.,   8.,   4.,   4.,   8.,   7.,   7.,   9.],
        [ 12.,  11.,   6.,   9., 232.,  15.,  20.,  18.,  18.,  12.],
        [ 17.,   2.,   9.,   2.,  15.,  42.,   9.,   5., 272.,  14.],
        [  9.,   5.,   7.,  10.,   7.,  14.,  14.,   7., 272.,  11.],
        [  6., 262.,   9.,   8.,   5.,   4.,   5.,  12.,   6.,   8.],
        [ 19.,  11.,  16., 284.,   1.,   8.,   2.,   3.,  11.,   5.],
        [  6., 284.,   5.,  10.,   2.,   2.,  11.,   7.,   3.,   8.],
        [  7.,   2.,   8.,   9.,   6.,   8.,  11., 284.,   4.,  15.],
        [  6.,  24.,  10.,  10.,   5.,  12., 274.,   5.,  10.,  14.],
        [ 42.,   2.,   4.,   2.,   4.,  11.,  14., 260.,   5.,  15.],
        [  1.,  12.,  10.,   6.,   1.,   7., 265.,   5.,   5.,   6.],
        [  8., 273.,  10.,  11.,   6.,   4.,   8.,  15.,   7.,  11.],
        [  4.,  78.,   5.,   6.,  13.,  12.,  30.,   8., 215.,  12.],
        [  2.,  17.,  12.,  13.,   3., 238.,   9.,   3.,  17.,   7.],
        [300.,   1.,   5.,   9.,   0.,  11.,   0.,   6.,   3.,   7.],
        [ 10.,  11.,   6.,   3.,   4., 261.,   5.,  30.,   6.,  21.],
        [  4.,  18., 259.,  10.,   7.,   6.,  38.,   5.,   4.,  17.],
        [281.,  11.,   2.,  20.,   2.,   8.,   0.,   9.,   8.,  11.],
        [  4.,   6.,   9.,   6.,  21.,  13.,  15.,  12.,  21., 264.],
        [301.,   1.,   8.,  15.,   0.,   5.,   7.,   0.,   6.,   4.],
        [  3.,  10.,   8.,  16.,  15.,  74.,  26.,   4.,   8., 256.],
        [  5.,   8.,  13.,   7.,   6.,   8., 288.,   7.,   5.,  13.],
        [ 15.,  14.,   8.,  21.,   0.,   5.,   5.,   7., 275.,  10.],
        [ 13.,   5., 286.,  40.,   0.,  11.,   0.,   3.,  54.,   5.],
        [  3.,   6.,   6.,   9.,   3.,   8., 279.,   7.,   6.,  10.],
        [  6.,  11.,   5., 285.,   2.,   8.,   7.,  13.,   2.,  10.],
        [  1.,  52.,  15.,  15.,   4.,   8.,   9., 254.,  13.,   8.],
        [  6., 282.,  11.,  10.,   3.,   5.,   9.,   7.,   7.,   9.],
        [  6.,  11.,   6.,  10.,  10.,   6.,   8.,  10.,   8., 259.],
        [  0.,  39., 256.,   1.,   2.,   7.,  13.,   6.,   4.,   9.],
        [  7., 285.,   6.,  10.,   2.,   4.,  10.,  10.,   6.,   8.],
        [  5.,   4., 131., 260.,   4.,   2.,  14.,   4.,   4.,   8.],
        [ 19.,   3.,  19.,   4.,  73.,   7.,   8., 262.,  14.,  13.],
        [  4., 276.,   8.,  19.,   3.,   6.,  11.,   6.,   8.,  13.],
        [  3.,   3.,   4.,   2.,   3.,   6.,   7., 285.,   6.,  22.],
        [ 20.,   8.,  12., 277.,   5.,  21.,   2.,   2.,  11.,   9.],
        [ 16.,   4.,  22.,   4.,   5.,   9., 290.,   3.,   4.,  13.],
        [  8.,  10.,   6.,   5.,   6.,   4.,   6.,  62.,   6., 267.],
        [  6.,   8.,  11.,  11.,   3.,   8.,   8.,  13.,  17., 270.],
        [ 13.,   6.,   7.,   7., 250.,   6.,  15.,  14.,   4.,  26.],
        [ 29.,   4.,   7.,   3.,   4.,  10.,   5., 269.,   7.,  23.],
        [  2.,  42.,   6., 259.,   3.,   3.,  10.,  11.,   3.,  16.],
        [  3.,  10.,  10.,   7.,  11.,   6.,  15.,   8.,   7., 264.],
        [ 24.,   6.,  12.,   4.,  14.,   8.,  16.,   4.,   8., 263.],
        [ 11.,   6.,   4.,   4., 260.,  22.,  22.,   9.,  53.,   6.],
        [  7.,  28.,  12.,   8.,   3.,   3.,   8.,   9., 260.,  24.],
        [ 39.,   8.,   2.,   5.,   7.,   8.,   8., 263.,   4.,  10.],
        [  6.,  11.,  13.,   6.,  22.,   7.,  15.,   7.,  12., 275.],
        [  3.,   5.,   7.,  16.,  10.,   8.,  16.,  15., 215.,  31.]],
       device='cuda:0')
Epoch 5 | Batch 300
tensor([[  4.,  20.,  21.,   2.,  10., 265.,   6.,  10.,  25.,   9.],
        [  3.,   8.,   6.,   1.,   5.,   7.,   2., 271.,  11.,  16.],
        [ 10.,   6.,   8.,   1.,  27.,   4.,   2.,  16.,   8., 272.],
        [  3.,  13., 271.,   0.,   3.,   8.,   4.,  10.,  24.,  19.],
        [  6., 275.,  19.,   4.,   3.,  25.,  10.,   8.,  14.,   8.],
        [  7., 274.,  12.,   3.,   3.,  34.,   7.,   8.,   7.,  16.],
        [ 14.,   5.,  12.,   1.,  16.,  10.,  25.,   4.,   5., 248.],
        [ 11.,   9.,  10.,   3.,  22.,   9.,  10.,   5.,  14., 266.],
        [  8.,  23.,  13.,   1.,   6.,  11.,  10.,   8., 179.,  14.],
        [  2.,   5.,   7.,   1., 285.,   7.,   1.,  21.,  14.,   7.],
        [  7.,   6.,  14.,   1.,  21.,   5.,   6.,  15.,  12., 268.],
        [  6.,   2., 279.,   6.,   8.,   9.,  29.,   2.,   4.,   2.],
        [  1.,  25., 271.,   6.,   2.,   9.,  11.,   2.,  10.,   5.],
        [ 11.,  10.,   6., 272.,   1.,  16.,   0.,   3.,  23.,   4.],
        [  8., 153.,  23.,   5.,  10.,   6.,   2.,   6.,  11.,   4.],
        [  4.,   7., 273.,   0.,  13.,  11.,   8.,   6.,  15.,   9.],
        [ 57.,   2.,  17., 254.,   0.,  21.,  15.,   2.,   5.,   3.],
        [  5.,  13.,  11.,   1.,   4.,   6.,   4.,   7., 278.,  15.],
        [132.,  10.,  16.,   0.,  32.,   6.,   5.,  16.,  10.,   8.],
        [  2.,   3.,   5.,   1.,   7.,  10.,   4.,  19., 274.,  30.],
        [  3.,   8.,   6.,   1., 291.,   6.,   2.,  11.,   7.,  10.],
        [ 10., 238.,  20.,   4.,   6.,   5.,   4.,   7.,  14.,   6.],
        [  0.,   5.,   4.,   0.,  41.,   9.,   0.,  34., 245.,  32.],
        [  8.,   4.,  13.,   0.,  14.,   3., 280.,  12.,   2.,   5.],
        [ 34.,   9., 151.,   8.,   2.,  14.,   0.,  87.,  43.,   5.],
        [  0.,  86., 228.,   4.,   2.,  15.,   1.,   6.,   8.,   3.],
        [  0.,  14., 273.,   1.,  17.,   7.,  10.,   9.,   5.,   6.],
        [ 14., 160.,  27.,  25.,   5.,  10.,   1.,  11.,  13.,   4.],
        [  2.,  13.,   8., 186.,  11.,   4.,   3.,  12.,  11.,  26.],
        [294.,  14.,  10.,  10.,   1.,   7.,   2.,   0.,  11.,   0.],
        [ 15.,  10.,  12.,   0.,  30., 247.,   3.,   4.,  21.,  10.],
        [  4., 137.,  11.,   1.,   3., 201.,   5.,   9.,  16.,   9.],
        [  7.,   4.,   8.,   3.,  18.,  10.,  14.,   2.,  12., 242.],
        [ 33.,   1.,  13., 268.,   6.,  27.,   0.,   4.,  16.,   5.],
        [ 14.,  12.,  20.,   0.,  15.,   5., 278.,   2.,  12.,   8.],
        [  1.,   3.,  26.,   0.,  12.,   7., 288.,   4.,   5.,  10.],
        [  2.,   9.,   3.,   2., 293.,   6.,   2.,   7.,  13.,   6.],
        [264.,   5.,  22.,   0.,   7.,   4.,   7.,  23.,   2.,  22.],
        [ 42.,   1.,  15.,   0., 269.,   6.,  86.,   4.,  11.,   4.],
        [  1.,   7.,   9.,   1., 282.,   6.,  11.,  19.,  12.,   3.],
        [  7.,  31.,  11.,   0.,  18.,   5., 272.,   4.,   6.,   9.],
        [ 10.,   3.,   8.,   1.,  30.,   6.,  10.,   9.,  12., 266.],
        [ 13.,   4.,  10.,   0.,   4.,   8., 278.,   4.,   8.,   7.],
        [301.,  13.,  14.,   0.,   4.,   5.,   7.,  11.,   1.,   6.],
        [295.,   7.,  44.,  29.,   0.,   5.,   2.,   2.,   4.,   0.],
        [ 28.,   2.,   7.,  23.,  16.,  13.,   2.,   1., 250.,   4.],
        [  4.,  22.,   7.,   1.,   2.,   8.,   4.,  16., 265.,   9.],
        [  1.,   6.,   7.,   1., 288.,   7.,   4.,   7.,  14.,  11.],
        [ 13.,   7., 263.,   2.,   4.,   9.,   7.,  12.,  14.,   6.],
        [  8.,  20.,  10.,   0.,   8., 275.,   3.,   5.,  37.,   5.],
        [  6.,   2.,   7.,   3.,   4.,   8.,   0., 281.,   8.,   9.],
        [  0.,   6.,   4.,   4.,  44.,   9.,   5., 271.,  16.,   7.],
        [  7., 252.,  20.,   3.,   3.,   6.,   7.,   5.,  15.,   5.],
        [ 14.,   4.,  12.,   0.,   5.,  11., 288.,   3.,  12.,  10.],
        [  3.,   5.,   4.,   2., 275.,  13.,   1.,  42.,  15.,  19.],
        [  6.,   8., 281.,   0.,   6.,   6.,  48.,   2.,   6.,   3.],
        [  9.,  17., 271.,  38.,   0.,  11.,  13.,   0.,  14.,   1.],
        [ 19.,   1.,   7.,  24.,   1.,  21.,   0.,   5., 278.,   8.],
        [ 26.,  14.,   8.,   0.,  20., 255.,   1.,  21.,  10.,  10.],
        [ 17.,   7.,  10.,   0.,   7.,   6., 286.,   3.,   9.,  11.],
        [  0.,   4.,  16.,  18.,   3.,   6.,   4., 288.,   5.,   7.],
        [257.,   9.,  19.,   0.,   9.,   6.,  33.,   8.,   5.,  10.],
        [  0.,   4.,   8.,   0.,   2.,  11.,   7.,  12., 284.,  11.],
        [  4.,   5.,   6., 243.,  14.,  16.,   0.,   6.,  24.,  11.]],
       device='cuda:0')
Epoch 5 | Batch 400
tensor([[  0.,  58.,   9.,  31.,   2.,   6., 230.,   8.,  22.,  13.],
        [  0.,  22.,   9.,  14.,   3.,   4.,   8., 263.,   8.,  22.],
        [  3.,   2.,  13.,   5.,   3.,   1.,  26.,   8.,   5., 280.],
        [ 32.,   2.,  11.,  23.,   2.,  14., 281.,   1.,   4.,  14.],
        [ 10.,   3.,  31., 277.,   2.,   8.,  23.,   0.,   2.,   8.],
        [  0.,   7.,  20.,  17.,   4.,   6., 281.,   2.,  13.,  11.],
        [  7.,  12.,  11.,   3.,   6.,   6.,  16.,   7., 240.,  42.],
        [  2.,   8.,   5.,  16.,   3.,   7.,   9.,  22.,   7., 260.],
        [  2.,  14.,   8.,  16., 262.,   7.,   9.,  12.,   5.,  27.],
        [ 11.,   2.,  13.,  31.,   2.,  12.,   3.,   6., 273.,  11.],
        [266.,   4.,  26.,  18.,   5.,  16.,  24.,   5.,   3.,  14.],
        [ 14.,   5.,  17.,   5.,  12.,   3.,  10.,  13.,  15., 250.],
        [  5., 281.,  13.,  14.,   3.,   2.,   9.,   7.,  11.,   9.],
        [  0.,   5.,  16.,  14., 257.,  12.,   4.,   5.,   7.,  46.],
        [135.,   8.,   7.,  16.,   7.,   7.,   3.,  19.,   9.,  23.],
        [  6., 286.,  15.,  13.,   2.,   1.,   7.,   8.,  11.,  12.],
        [ 10.,  20., 257.,  16.,   0.,   9.,  13.,   1.,  13.,   7.],
        [  4., 286.,  14.,  13.,   2.,   1.,   7.,   9.,   9.,   9.],
        [ 19.,   9.,   3.,  11.,  14.,  19.,   4., 235.,  17.,   7.],
        [  0.,  27.,  28.,  13.,  22., 260.,   3.,   8.,   7.,   9.],
        [  9., 284.,  14.,  18.,   6.,   1.,   7.,   8.,  12.,  13.],
        [  1.,   4.,  12.,   6.,   4., 227.,   5.,   4.,   3.,  84.],
        [  0.,   5.,  16., 270.,  16.,   6.,   1.,   5.,   7.,  27.],
        [  1.,   5.,   8.,   9.,   5.,   2.,  12.,  13.,   3., 286.],
        [  0.,  34., 264.,  31.,   0.,   2.,  11.,   2.,   3.,   4.],
        [  0.,  10., 291.,   7.,   1.,   7.,   8.,   3.,   7.,   9.],
        [  2.,  18.,   7.,  14.,   1.,   7.,  10.,  10.,  10., 280.],
        [  0.,  14.,  10.,  19.,   8.,   7.,   7.,   2.,  11., 278.],
        [ 13.,   1.,  42.,   3.,  17.,   9.,  32.,   1., 234.,   9.],
        [ 29.,   2.,  21.,  41.,   2., 250.,  38.,   2.,   8.,   7.],
        [ 16.,  11.,  16., 239.,   2.,  17.,   8.,   2.,   3.,   5.],
        [  0.,   5.,   9.,  16., 263.,   9.,   7.,   9.,  16.,  25.],
        [  0.,   5.,   8.,  14.,   7.,   8.,   8., 275.,   9.,  22.],
        [  4., 279.,  15.,  14.,   4.,   2.,   7.,   8.,   9.,  10.],
        [  7.,   3.,  11.,  25.,   2., 258.,   6.,   4.,   4.,   6.],
        [177.,   8.,  10.,  13.,   2.,  51.,   0.,   4.,   5.,   6.],
        [  7.,   2.,  42.,   5.,  10.,   7., 281.,   1.,   8.,  15.],
        [  2., 275.,  23.,  12.,   4.,   2.,  19.,   8.,   8.,   9.],
        [  9.,  27.,   8., 224.,   3.,   4.,   3.,  29.,   7.,  11.],
        [288.,   5.,  23.,   2.,   2.,  13.,  15.,   5.,   1.,   9.],
        [  9.,  35.,  20.,   7.,   3.,   6.,   3.,  24., 232.,  10.],
        [  0.,  20., 278.,  11.,   3.,   6.,   6.,  10.,   5.,   9.],
        [  0.,   2.,   8.,  16.,   4.,   4.,   4., 290.,   7.,  17.],
        [  9.,   5.,   8.,   8.,   2.,   6., 284.,   4.,   4.,  16.],
        [  3.,  10.,  19., 266.,   5.,  13.,   2.,   5.,  19.,  19.],
        [ 13.,   9.,  10.,   9.,  11., 245.,   4.,  26.,   8.,  15.],
        [  6.,   8.,   9.,  14.,   5.,   4., 279.,   1.,  10.,  11.],
        [ 19.,   8.,  18.,  17.,   4.,  12., 269.,   6.,   9.,  13.],
        [  4.,   6.,  20.,   5.,   7., 275.,   3.,   2.,  21.,  14.],
        [ 10., 256.,  18.,  14.,   8.,   4.,   7.,   8.,  32.,   9.],
        [  2.,   8.,   7.,  13.,   4.,   7.,   7.,  15.,  10., 282.],
        [  2.,   4.,  27.,  11., 263.,   6.,  13.,  17.,  10.,  16.],
        [  0.,   4.,  12.,  13.,   5.,   7.,  12.,   9.,   7., 280.],
        [  6., 280.,  13.,  13.,   6.,   1.,   6.,   7.,   8.,  12.],
        [  0.,   6.,  11.,  10.,   4.,  10.,  10., 272.,  15.,  19.],
        [  3.,   7.,  12.,  11.,   5.,   9.,   5., 271.,  15.,  17.],
        [  2.,   6.,   3.,  19.,   5., 266.,   2.,  24.,  11.,  42.],
        [  0.,   5.,  43.,   3., 269.,   6.,  20.,  11.,  13.,   4.],
        [ 16.,   5.,  10.,  31.,   2., 259.,  13.,   3.,   2.,  16.],
        [  0.,   3.,  40.,   5.,  51.,   3.,  21.,  11., 175.,  23.],
        [  5.,   4., 289.,   3.,   3.,   7.,  34.,   1.,   4.,   7.],
        [  3.,   2.,  11.,  21., 178.,  10.,  27.,   1.,   7.,  41.],
        [  7.,   7.,  95.,  14.,   1., 237.,  52.,   3.,   2.,   6.],
        [  0.,   3., 273.,   3.,  64.,   3.,  68.,   0.,   9.,  10.]],
       device='cuda:0')
Epoch 5 | Batch 500
tensor([[  4., 281.,  15.,   8.,   6.,   7.,   9.,   6.,   6.,   7.],
        [  2., 249.,  37.,  14.,  11.,  24.,   2.,   3.,  18.,   7.],
        [ 12.,   3.,  24.,   2., 283.,   2.,  25.,   2.,   1.,   7.],
        [  2., 270.,   4.,  23.,   7.,   6.,  17.,   7.,  12.,  10.],
        [ 12.,   7.,   9.,  16.,  24., 258.,   8.,   0.,  19.,  12.],
        [  8.,   7.,   4.,   9.,  16.,   7.,   2., 279.,   6.,  18.],
        [  1.,  19.,   5.,  12.,  14.,  20.,   4.,   7.,  20., 249.],
        [  3.,  47.,   4.,   9.,  14.,  10.,   5.,  11., 249.,  11.],
        [  0.,   8.,   4.,   9., 279.,  11.,   3.,  13.,  18.,  12.],
        [297.,  15.,   1.,  10.,   9.,   3.,   0.,   7.,   0.,  10.],
        [  1.,  21., 263.,  25.,   4.,  17.,   0.,   0.,  45.,   7.],
        [ 29.,   1.,  24.,  15.,  52.,   9.,  23.,   0., 219.,   5.],
        [  3.,  17.,  10.,  16.,  14.,   7.,   3.,  10., 266.,   8.],
        [  4., 279.,  16.,  10.,   6.,   8.,   9.,   6.,   6.,   8.],
        [  1.,  19.,   3.,  23.,  27.,  13.,  10.,   8.,  10., 264.],
        [ 27.,  10., 259.,   2.,   5.,   6.,   4.,   1.,   2.,   2.],
        [300.,   7.,   3.,   3.,   3.,  10.,   8.,   1.,   3.,   3.],
        [  0.,  14., 266.,  16.,  11.,   5.,   2.,  22.,   2.,   7.],
        [  2.,   7.,  12.,   6.,  16.,  10., 281.,   4.,   5.,   8.],
        [  0.,  20.,  64., 249.,  17.,   2.,   1.,   1.,  11.,  11.],
        [  1.,  21., 247.,  24.,  12.,  10.,   0.,  84.,   6.,   6.],
        [  0.,  49., 287.,  13.,   3.,   3.,  10.,   1.,   2.,   7.],
        [  4., 284.,   6.,  13.,   5.,   3.,  13.,   5.,   4.,  10.],
        [ 21.,   8., 273.,   0.,  37.,   3.,   5.,   1.,   6.,   6.],
        [ 15.,   7.,  14., 278.,   6.,  26.,   1.,   1.,  10.,   3.],
        [301.,   5.,   9.,   4.,   3.,   9.,   2.,   1.,   0.,   1.],
        [  7.,   6.,   5.,   7.,  13.,   3.,  15.,  12.,   4., 252.],
        [  4.,   2.,   5.,   0.,  34.,   1., 296.,   4.,   1.,   3.],
        [  8.,  11.,   3.,   7.,   7.,   5., 285.,   1.,  24.,   7.],
        [294.,   5.,  36.,   0.,   7.,   2.,  14.,   2.,   1.,   5.],
        [ 15.,  15.,   8.,   7.,   9., 273.,   0.,  12.,  12.,   5.],
        [ 11.,  10., 274.,  25.,   1.,  13.,   4.,   2.,  15.,   4.],
        [  2., 268.,  18.,  11.,  12.,  11.,   4.,   5.,   7.,   7.],
        [  1.,  14.,   3.,  12., 277.,   9.,   5.,   3.,  12.,  45.],
        [  0.,   8.,  15.,   9.,  24.,   7., 276.,   3.,  12.,   7.],
        [296.,   6.,   8.,   3.,  10.,  21.,   3.,   2.,   0.,   4.],
        [ 28.,   6.,  12.,  18.,   4., 253.,   7.,  20.,   5.,   8.],
        [ 21.,   2.,   5.,  46.,   8.,  19.,   3.,   2., 246.,  13.],
        [ 14.,   7.,   6.,   7.,  10., 260.,  55.,   1.,   2.,   5.],
        [  0.,  23.,  10.,   5.,  18., 254.,   8.,   2.,   7.,  10.],
        [  3., 264.,  18.,   6.,   5.,  14.,   5.,   4.,   3.,   6.],
        [152.,  24.,   9.,  16.,  31.,  12.,   0.,  14.,  10.,  15.],
        [  5.,  31.,   3.,   0.,  35.,   3., 292.,   1.,   4.,   8.],
        [  5.,   5.,   4.,   3.,  18.,   8., 287.,   2.,   4.,   9.],
        [ 14.,   8.,   4.,  28.,   9., 263.,   3.,   3.,  16.,   6.],
        [ 18.,   7.,  36.,  21.,   3., 266.,  12.,   0.,   7.,   3.],
        [  1.,  20.,  20.,  15.,   7., 264.,   2.,   9.,   6.,   9.],
        [ 20.,   2.,   3.,   1., 281.,  10.,  11.,   5.,  13.,  11.],
        [  0.,   8.,   3.,  17.,  28.,   5.,   3., 287.,   6.,  16.],
        [  3., 283.,   3.,  14.,   8.,   5.,  20.,   6.,   5.,   6.],
        [  3.,  14.,   9.,   1.,  28.,   1., 295.,   0.,   6.,   6.],
        [  1.,   7.,   5.,   9., 282.,  11.,   2.,   9.,  11.,  14.],
        [  1.,  18.,   4.,   7., 284.,   4.,   6.,  11.,   7.,  11.],
        [  6.,   5.,  27., 275.,   6.,   6.,   1.,   0.,   0.,   8.],
        [  8.,   7.,   1.,   5.,  32.,   5.,   0., 271.,   3.,  31.],
        [  1.,  23.,   9.,  10., 273.,   5.,  12.,   4.,   7.,  20.],
        [ 12.,   3.,  19.,   0.,  75.,   4., 291.,   1.,   1.,   7.],
        [  1.,   8.,   7.,   4.,  19.,   8., 263.,   5.,  19.,  11.],
        [  7.,  20.,   7., 267.,   4.,  37.,   6.,   2.,  16.,   4.],
        [  3., 276.,   4.,  16.,   7.,   7.,  13.,   6.,   5.,  10.],
        [  1.,  84.,   9., 171.,   9.,   5.,  21.,   6.,  10.,  11.],
        [  4., 262.,  12.,  13.,  17.,   4.,   2.,  17.,   6.,  14.],
        [ 34.,   4.,   3.,   3.,  25.,   2.,   5.,  12.,   7., 246.],
        [  0.,  95.,   4.,  17.,   8.,   5.,   5., 273.,   6.,   9.]],
       device='cuda:0')
Epoch 5 | Batch 600
tensor([[  3.,   5.,   7., 274.,  13.,   7.,   2.,   6.,  15.,   7.],
        [  4.,   1., 273.,  18.,  27.,   6.,   6.,   2.,   1.,  16.],
        [  9.,   3.,   1.,   5., 251.,  13.,   5.,   4.,   2.,   3.],
        [291.,   9.,   0.,  18.,  11.,  12.,   0.,  21.,   6.,   6.],
        [  6.,   5.,   3.,  13.,  10.,  12.,   3., 249.,   7.,  36.],
        [ 37.,   2., 154.,  84.,   9.,  10.,  15.,   0.,   2.,   4.],
        [  0.,   5.,  13.,  42.,   8.,  12.,   9.,   4., 252.,   3.],
        [ 15.,  18.,   2., 279.,   8.,  17.,   3.,   5.,   8.,   7.],
        [ 18.,   3.,   1.,   4.,   9.,  32.,   2.,  13., 278.,   3.],
        [ 41.,  10.,   3.,   1.,  21., 268.,   2.,  15.,   5.,   9.],
        [  7.,   4.,   5.,   8.,  25.,  16.,  15.,   3.,  16., 262.],
        [ 21.,   5.,   6.,   7.,  15.,  16., 271.,   3.,  10.,   7.],
        [  0.,   4.,   0.,  45., 271.,  35.,   5.,  21.,   9.,   2.],
        [  0.,   5.,   9.,  17.,   6.,  11.,   4., 277.,   6.,  27.],
        [  9.,   3.,   3.,   5.,  23.,   4.,   9.,  32.,   4., 271.],
        [  1.,   6.,   5.,   7.,  15.,  13.,  10.,  11., 268.,  12.],
        [  6., 264.,  18.,   9.,  12.,   9.,   6.,  18.,   8.,   4.],
        [ 17.,   4.,   5.,  24.,  17., 258.,  11.,   0.,   7.,   6.],
        [  7.,  13.,   1., 287.,   3.,  19.,   1.,  11.,  11.,   5.],
        [  4.,   8.,   3.,   7.,  16.,   8.,   6.,  17.,  20., 272.],
        [  1.,  11.,   2.,  31.,   9.,  22.,   6.,  18.,   8., 262.],
        [  0.,   2.,   1.,  53.,  10., 262.,   0.,  10.,  20.,   8.],
        [  2.,   5.,   1.,  40.,   7.,  15.,   6.,   5.,  15., 254.],
        [ 15.,   3.,  11.,   4.,  13.,   5., 293.,   1.,   5.,   8.],
        [292.,   9.,   1.,   5.,   7.,   9.,   3.,  13.,   1.,   6.],
        [  3.,   4.,   8.,  35.,  19., 227.,   5.,   6.,  22.,   4.],
        [  0.,   3.,   2.,  11., 275.,  26.,   6.,  13.,  10.,  16.],
        [ 16.,   8.,   7.,   3., 283.,   8.,  29.,  14.,   6.,   2.],
        [ 22.,   3.,   0.,  11.,  36.,   9.,   1., 248.,   3.,  11.],
        [ 12., 274.,   6.,  21.,   7.,  13.,   9.,  15.,   7.,   6.],
        [  5.,   4.,  11.,   5.,  15.,  18.,   5.,  15., 245.,   7.],
        [  1.,  10.,   6.,  10., 262.,  13.,  11.,  12.,  13.,  16.],
        [ 35.,   1.,  15.,   2.,  11.,  11., 277.,   9.,   2.,   5.],
        [  4.,  10.,  10.,  27.,   5.,   7.,   2.,  18., 265.,  17.],
        [  8.,   9., 251.,   4.,  33.,  13.,  19.,   2.,   4.,  10.],
        [  2.,   6.,  15., 271.,   8.,  10.,   2.,   3.,  33.,   5.],
        [ 32.,   4.,   3.,   2.,  18.,   6.,   3.,  21.,   9., 268.],
        [  1.,   4.,   4.,  16., 258.,  12.,  12.,   9.,   4.,   4.],
        [ 10., 266.,  17.,  14.,  12.,   8.,  10.,  14.,  15.,   4.],
        [  3.,   3.,   1.,   2.,  11.,  17.,   7.,  16., 274.,  26.],
        [ 52.,   8.,   4.,   0.,  12., 276.,   1.,   8.,  47.,   6.],
        [297.,   3.,   7.,  11.,   3.,  12.,   3.,   4.,   7.,   2.],
        [  0.,  10.,   3.,  14.,  12.,   5., 217.,   7.,   4.,   6.],
        [  2.,  10.,   8.,  37.,   7.,  12.,   4.,  14., 238.,   4.],
        [  3.,   0.,  18.,  39.,  11.,  24.,   0.,   5., 267.,   7.],
        [ 34.,   7.,   3.,  20.,  12., 263.,   9.,   5.,   2.,   6.],
        [280.,   5.,   4.,  13.,   1.,  10.,   0.,   9.,   4.,   7.],
        [ 11.,  21.,   4., 270.,   8.,  10.,   3.,   8.,   3.,   3.],
        [ 12.,  10.,   2., 291.,   3.,  18.,   1.,   3.,  10.,   5.],
        [ 12.,   5.,   7., 287.,  10.,  13.,  23.,   1.,   5.,   2.],
        [  3.,   3.,   5.,  12.,   9.,   6.,   3., 283.,  11.,  29.],
        [  8.,  53.,  20.,   4.,  29., 143., 134.,   7.,   5.,  10.],
        [  2.,   1.,   4., 290.,  10.,  10.,   2.,  17.,   2.,   5.],
        [  2.,  32.,  21.,  12.,   3.,   5.,   2., 268.,  16.,  12.],
        [  2.,  19.,   2.,   8.,   8.,  10.,   8.,  18.,  29., 252.],
        [ 10.,  11., 156.,  24.,  10.,  14.,   0.,   2.,  46.,   4.],
        [ 29.,   3., 254.,  14.,  10.,   8.,  18.,   4.,   1.,   7.],
        [ 15.,   2.,   2.,  24.,   4.,   8.,   1., 287.,   5.,   6.],
        [  1.,   9.,   1., 279.,   4.,   7.,   1.,   4.,   2.,   1.],
        [  3.,   1.,   3., 294.,   8.,  12.,   2.,   4.,   9.,   4.],
        [ 16.,   4.,  10.,   2.,  14.,   6., 287.,   2.,   4.,  11.],
        [ 39.,   4.,   3.,  11.,   2.,  10.,   1., 283.,   7.,  10.],
        [  4.,   7.,   6.,  11.,   6.,  12.,   3.,  13., 274.,  12.],
        [  9.,   7.,   0.,   3.,  18.,  12.,   8., 275.,  24.,   6.]],
       device='cuda:0')
Epoch 5 | Batch 700
tensor([[301.,   3.,   7.,   0.,  11.,   9.,  13.,  10.,   0.,   3.],
        [  3.,   4.,   8.,   2.,  36.,  10.,   5.,  29., 190.,  96.],
        [ 16.,   4.,   6.,  27.,  11., 234.,  11.,   2.,   7.,   8.],
        [  1.,  21.,   8.,  11.,  17.,   7.,   8., 207.,  15.,  25.],
        [ 16.,   3.,  25.,   6.,   3.,   2.,  21.,   5.,   3., 222.],
        [ 41.,   4., 283.,   0.,  16.,   5.,  19.,   3.,   6.,   1.],
        [  9.,   5.,   4., 285.,   9.,   9.,   2.,   2.,  15.,   5.],
        [  3.,   9.,   6.,  15.,  10.,   8.,  11.,  10.,   8., 266.],
        [ 33.,   6.,  17., 286.,   5.,  18.,   6.,   0.,   2.,   0.],
        [ 41.,   2.,  19.,  74.,   2., 236.,  20.,   8.,   1.,   0.],
        [262.,   5.,   3.,   4.,  19.,  13.,   5.,  10.,   1.,   1.],
        [293.,   4.,   8.,   5.,   4.,   8.,  14.,   2.,   3.,   0.],
        [ 20.,   7.,  17., 285.,   2.,  19.,   8.,   1.,   3.,   0.],
        [ 25.,   3.,  12.,   0.,  21.,   7.,  19.,  14., 152.,  46.],
        [  0.,  39., 258.,   0.,  12.,   5.,  26.,  13.,   9.,   3.],
        [ 13.,  15.,  15.,   4.,  15., 223.,   5.,  10.,  10.,   1.],
        [  8.,   2.,  17., 272.,  12.,   8.,   2.,   4.,  21.,   3.],
        [  1.,   6.,   3.,   5.,  69.,  15.,   7., 258.,   5.,  15.],
        [  9.,   6.,  12.,   1.,   6.,   4., 274.,   3.,   8.,   6.],
        [ 10.,   3.,   5.,   6.,   9.,  10.,  27.,   9.,   5., 262.],
        [  4., 274.,  12.,   6.,   7.,   7.,   7.,   9.,   8.,   2.],
        [  7., 279.,   8.,  11.,   6.,  12.,  11.,   8.,   8.,   2.],
        [ 16.,   2.,  20.,   1.,  21.,  15., 274.,   5.,   1.,   5.],
        [ 11.,   4., 240.,   0.,  10.,   6.,  34.,  10.,  15.,  10.],
        [ 22.,   2.,  28.,   0.,  13.,  13., 284.,   3.,   1.,   5.],
        [  9.,   3.,  17.,   2.,  11.,   7.,  17.,   5.,   6., 273.],
        [  0.,  49., 226.,   2.,   5.,   6.,   3.,  10.,   5.,   4.],
        [299.,   2.,   3.,   3.,   7.,  42.,  12.,   3.,   2.,   1.],
        [  6.,   4.,   3.,   2.,  14.,   7.,   6., 271.,   6.,  14.],
        [ 34.,   2.,  24.,  28.,  14., 245.,  24.,   1.,   1.,   0.],
        [ 16.,   3.,   2.,   5.,  15.,  10.,   6., 273.,   3.,  10.],
        [  3.,  19., 283.,  10.,  13.,   3.,  15.,   3.,  21.,   1.],
        [  6.,  12.,   3.,  11.,  11., 242.,   8.,   7.,  13.,  12.],
        [ 11.,   4.,   9.,   3.,  16.,   8.,  15.,   5.,   7., 268.],
        [ 10.,   8., 266.,   0.,  14.,   6.,  14.,   8.,  19.,  10.],
        [  6.,   5.,  11.,   2.,  15.,   7.,  14.,   6.,   7., 271.],
        [ 27.,   8.,   6.,   7.,   9., 243.,   5.,   7.,  28.,  12.],
        [  6.,   5.,   5.,   0.,  18.,   3.,  21.,   8., 233.,   7.],
        [  0.,   8.,   4.,   9.,   8.,   8.,  14.,  11.,  15., 268.],
        [  0., 136., 204.,   6.,   6.,   8.,   8.,   4.,   7.,   5.],
        [ 11.,  14.,  27., 259.,   5.,   7.,   7.,   5.,  17.,   5.],
        [298.,   2.,  13.,   0.,   6.,   4.,  36.,   1.,   1.,   0.],
        [  2.,   7.,   7.,  11.,  11.,  12.,   6.,  22.,  11., 264.],
        [ 10.,   3.,   5.,   1., 272.,   8.,  16.,  13.,   3.,   8.],
        [  3., 276.,  21.,   5.,   5.,   6.,   8.,   6.,   9.,   1.],
        [  2.,  15.,   8.,  10.,  14.,   6.,   6., 271.,  12.,   8.],
        [  0.,  21.,   8.,   9.,   5.,   8., 235.,   8.,  20.,   7.],
        [  4., 266.,   7.,   6.,   3.,   7.,   7.,   5.,   4.,   1.],
        [  6., 276.,  10.,   9.,   5.,  27.,  11.,   7.,   9.,   2.],
        [  3.,  11.,  16.,  10., 258.,   7.,  10.,  10.,  16.,   2.],
        [  2.,   5.,   8.,   3.,  15.,   5.,  10.,   8.,   5., 274.],
        [  7.,   3.,  14., 273.,   7.,   7.,   3.,   4.,  15.,   5.],
        [ 26.,   6.,   7.,   8., 189.,   6.,  18.,   5.,   7.,   2.],
        [ 26.,   3.,  17.,   0.,  10.,   6., 285.,   2.,   1.,   6.],
        [  1.,  10.,   9.,   6.,  35.,   5.,   8., 265.,   5.,  38.],
        [ 29.,   3.,  15.,  48.,   5., 210.,  12.,   0.,   5.,   0.],
        [217.,   4.,  11.,   0.,  30.,  15.,   4.,  28.,   2.,   0.],
        [295.,   1.,  10.,  16.,  10.,  77.,   6.,   4.,   3.,   1.],
        [  4.,  29.,   6., 227.,  10.,   6.,   9.,   9.,   7.,   6.],
        [ 15.,   2.,  17.,   1.,  15.,   5.,  21.,   4.,   4., 271.],
        [  2.,  10.,   3.,   3.,  13.,   5.,   6., 261.,  10.,  11.],
        [  6.,   9.,   5.,  17.,  11.,  12., 161.,   9.,  43.,   8.],
        [  3.,   6.,  10.,   7., 249.,   7.,   6.,   9.,   6.,  13.],
        [ 17.,   7.,  15., 286.,   7.,  25.,   5.,   0.,   5.,   1.]],
       device='cuda:0')
Epoch 5 | Batch 800
tensor([[  4., 266.,  10.,  13.,   4.,   4.,   8.,  10.,   7.,  15.],
        [  0.,  10.,  57.,  11.,   8.,   8.,   5., 248.,  20.,  25.],
        [ 21.,   3.,   8.,   0.,   6.,  28., 288.,   2.,   3.,  12.],
        [ 68.,   3.,  21.,   2.,   7.,  10.,  14.,  16.,   7., 176.],
        [  3.,   1.,  23.,   2.,  10.,  13.,  13.,  18., 233.,  29.],
        [  0.,  15.,  18.,   1.,  13., 263.,  21.,  13.,   7.,   5.],
        [  1.,  15.,  19.,  29.,   5., 243.,  15.,  10.,   6.,  14.],
        [  0.,   3., 273.,  14.,  16.,   7.,  12.,  24.,   1.,  15.],
        [  0.,   3.,   9.,   7., 282.,   8.,   8.,  16.,   6.,  13.],
        [  8.,   3.,  12.,   0.,  28.,   6., 289.,   3.,   4.,  13.],
        [  6.,   3.,  12.,   4.,  38.,   9.,   7.,   9.,  12., 262.],
        [ 38.,   3.,   2.,   3.,   6.,   8.,   6., 266.,   4.,  12.],
        [ 40.,   4.,  14.,   1.,   4.,   9.,  24.,  47.,  15., 241.],
        [  3.,   7.,   5.,  50.,   4., 268.,   4.,   5.,   6.,  13.],
        [ 22.,   0., 275.,  25.,   1.,   9.,  19.,   1.,   4.,   5.],
        [  0.,   5.,  76.,   7.,  13.,   9.,  32., 236.,  13.,   7.],
        [  5.,  10.,   6.,  42.,   1.,  22.,  10.,   7.,  17., 123.],
        [  0.,   5.,  10.,  40., 212.,  14.,   6.,  11.,  13.,  14.],
        [  0.,  15.,   9.,  19.,   6.,  10.,   6.,  87.,  23., 194.],
        [  4.,   1.,   9.,  30.,   5.,  23.,   6.,   6., 249.,  20.],
        [  0.,   7.,   6.,  13.,  13., 277.,   5.,   7.,  10.,  13.],
        [300.,   2.,   9.,   0.,   1.,  10.,  16.,  10.,   3.,   8.],
        [  0.,  12.,  16.,   7.,  13., 264.,  11.,  10.,  15.,   4.],
        [ 12.,   5.,   8.,  51.,   1., 277.,   1.,   9.,  19.,   5.],
        [  3., 257.,  21.,  11.,   3.,   7.,   5.,  12.,  11.,  19.],
        [  3.,   3.,  13.,  10.,   4.,   7.,   4., 279.,  10.,  18.],
        [  4., 274.,   8.,  18.,   5.,   6.,  11.,  10.,   8.,  14.],
        [  3.,  11.,  15., 265.,   4.,  16.,   4.,   9.,   7.,  15.],
        [293.,   6.,   8.,   5.,   2.,  29.,  10.,   6.,   1.,  13.],
        [  0.,   4.,  24., 291.,   3.,   9.,   7.,   1.,   7.,   5.],
        [ 82.,   9.,   6.,   8.,  16.,  18.,  11.,  14.,  59.,  26.],
        [  0.,   9.,   6.,   0.,   9.,   8.,  23.,  26., 202.,  21.],
        [ 22.,   2.,  12.,   2.,  13.,  15., 285.,   2.,   3.,  10.],
        [ 46.,   2.,  17.,   1.,  11.,   8., 158.,  14.,   7.,   9.],
        [  7., 230.,  14.,  20.,   5.,  10.,  21.,   9.,  26.,  15.],
        [  1.,   5.,   3.,   8.,  17.,  13.,   5., 279.,   7.,  18.],
        [  5., 270.,   9.,  26.,   5.,   5.,  13.,  10.,   7.,  21.],
        [  8.,  12.,   4.,   5.,   7., 276.,  17.,   6.,  10.,  10.],
        [279.,   5.,  11.,   4.,   1.,  17.,  17.,  11.,  10.,  12.],
        [  7.,  10.,  11.,   2.,  10.,  16.,  10.,  44., 189.,  31.],
        [  0.,  15.,   8.,   9.,   5.,  14., 261.,   9.,  14.,  11.],
        [  2., 264.,   9.,  21.,   8.,   7.,   8.,  12.,   7.,  11.],
        [  0.,   3.,   6.,  25.,   8., 260.,   6.,  10.,  19.,   9.],
        [  0.,   9.,   4.,  14.,  12.,  10.,   6.,  14.,  10., 275.],
        [  1.,   8.,   5.,  15., 251.,   8.,   3.,   9.,   5.,   5.],
        [  0.,   6.,   4., 218.,   5.,  20.,   2.,  15.,  25.,  18.],
        [ 30.,   4.,  10.,   5.,   6.,  23., 285.,   1.,   5.,  10.],
        [  0.,  23.,  32.,  17.,   5.,  11.,  13., 147.,  14.,   8.],
        [  5.,   2.,  19.,  17.,   4.,  21.,   4.,  17., 263.,   9.],
        [  1.,   1.,  15., 289.,   1.,  13.,   3.,  11.,  24.,   5.],
        [ 26.,   2.,  16.,   1.,  26.,   4., 283.,   1.,  20.,   4.],
        [  3.,   9.,   5., 265.,   4.,  10.,   6.,   4.,   7.,   9.],
        [  3., 248.,   4.,   8.,   2.,   6.,   5.,   4.,   2.,   4.],
        [  0.,   3.,  24., 271.,  13.,   4.,   5.,  15.,  14.,  23.],
        [  1.,  20., 266.,   5.,   1.,   9.,  13.,   8.,  13.,   3.],
        [ 15.,   5.,  11.,  15.,   7.,  23.,   7.,  11., 252.,  14.],
        [ 10.,   5.,   3., 284.,   4.,  30.,   5.,   3.,   7.,  12.],
        [ 12.,   2.,  22.,   1.,   5.,  20., 292.,   1.,   1.,   9.],
        [  1.,   7.,   9.,   9., 279.,  12.,   4.,  12.,  10.,  11.],
        [  5.,   4.,  35.,   5.,   5.,  13.,  33.,  12., 266.,   6.],
        [ 12.,  15.,  22., 271.,   1.,  16.,  17.,   5.,   1.,   3.],
        [  9.,   4., 284.,   3.,   4.,   7.,  33.,   1.,   4.,   3.],
        [  2.,   4., 285.,  41.,   0.,   9.,  16.,   1.,   8.,   5.],
        [  6.,   9., 269.,  19.,   0.,  12.,  17.,   1.,  14.,   4.]],
       device='cuda:0')
Epoch 5 | Batch 900
Switching label layer to Inference Mode (LIF)...
Epoch 5 DONE | Test Acc: 79.30% | Time: 774.8s
Switching label layer back to Training Mode (Clamp)...
tensor([[  8.,   9., 248.,  19.,   5.,   8.,   9.,   7.,  56.,  12.],
        [  8.,   6., 246.,   0.,  17.,   6.,  61.,   0.,   2.,   6.],
        [ 22.,   7., 267.,   7.,   5.,   5.,  17.,   4.,   6.,   6.],
        [  9.,   6., 240.,  52.,   1.,  18.,   0.,  39.,  10.,  17.],
        [ 16.,  11., 213.,   6.,   0.,  13.,  83.,   2.,   4.,   4.],
        [  1.,  12.,  12.,   7.,   6.,  14.,   8.,   7., 275.,  11.],
        [  0.,  12., 259.,  88.,   0.,  15.,   1.,   7.,  13.,   2.],
        [304.,   4.,   4.,   0.,   0.,   8.,   9.,   8.,   0.,   9.],
        [  2., 273.,   8.,   9.,   4.,   6.,   7.,   7.,   9.,   6.],
        [  9.,   8.,   5.,   6.,   7., 251.,  14.,   9.,   3.,  16.],
        [  0.,  34., 255.,   3.,   3.,   7.,   7.,   6.,  22.,   9.],
        [  5.,  10., 205.,   1.,  18.,  14.,   7.,  16.,   6.,  19.],
        [  4., 158.,  21.,  24.,   8.,  12.,   6.,   7.,  74.,   5.],
        [  1.,   8.,   6.,   6.,   2.,  15.,   9.,   7., 274.,  15.],
        [  3., 280.,   4.,  11.,   5.,   6.,   9.,   9.,  11.,   7.],
        [ 16.,  10., 243.,   3.,   3.,  18.,  11.,  21.,  13.,   9.],
        [  1., 279.,   6.,  13.,   3.,   7.,  11.,   8.,  10.,   6.],
        [  8.,   9.,   6.,   1.,  14.,   4., 271.,   9.,  15.,  22.],
        [  7.,  10.,  13., 277.,   1.,  45.,   3.,   0.,   5.,   3.],
        [  0.,  20.,   5.,   9., 260.,  14.,   7.,  13.,  12.,   5.],
        [294.,   6.,   0.,   5.,   6.,  26.,   0.,  10.,   6.,  17.],
        [  0.,  10.,   4.,   6., 257.,  13.,  18.,  75.,  10.,  13.],
        [  2., 283.,   5.,  12.,   4.,   7.,   7.,   7.,   9.,   7.],
        [  0.,  15.,   3.,   1.,   8., 260.,  13.,  21.,  25.,   9.],
        [284.,   6.,   3.,  11.,   0.,  13.,   0.,   2.,   5.,   3.],
        [ 21.,  12.,   3.,   0.,   4.,  18.,   7.,  12., 258.,  15.],
        [  1.,  12.,   6.,  14.,   7.,  12.,   7.,  26.,  11., 261.],
        [  4.,   6.,   4.,   4.,   5.,  11.,   4.,  26.,   7., 271.],
        [  0.,  15.,   4.,  12.,   1.,  13.,   9.,  51.,   7., 261.],
        [  0.,  14.,   3.,  11.,   5.,  14.,  10.,  19.,  11., 263.],
        [  0.,  12.,  32.,  23.,  17.,   5.,   9., 251.,  17.,  22.],
        [  2., 278.,   2.,   8.,   4.,  10.,   5.,   7.,   4.,   7.],
        [  1.,  22., 156.,  45.,   0.,  14.,   0.,   3.,  22.,   4.],
        [  1.,  10.,   3.,   7., 242.,  25.,  16.,  20.,  11.,   5.],
        [  0.,  18.,   2.,   8., 272.,   6.,   3.,  31.,  11.,   9.],
        [  0.,  27.,  17.,   3.,   5.,  24.,   4.,   9., 253.,   7.],
        [ 13.,   7.,   3.,   6.,   6.,  11.,   6.,  27.,  10., 263.],
        [ 18.,   5.,   3.,  23.,   1., 274.,   2.,   5.,   8.,   5.],
        [  6.,  15.,   6.,   0.,   3., 261.,   4.,  16.,  12.,   9.],
        [  3., 268.,   2.,  11.,   5.,  39.,   9.,   8.,   5.,  11.],
        [  0.,   8.,   2., 284.,   3.,  25.,   5.,   2.,   7.,   6.],
        [253.,   8.,   5.,  16.,   6.,  14.,  33.,  11.,  11.,  10.],
        [  2.,  20.,   5., 255.,   2.,  18.,   3.,   5.,  13.,   5.],
        [  1., 277.,   3.,  15.,   4.,  31.,  18.,   8.,  16.,  11.],
        [  0.,  17.,   2., 242.,   5.,  22.,   5.,  11.,   9.,  19.],
        [  7.,   6.,   1.,   5.,   4.,   6.,   2., 281.,   9.,  11.],
        [  0.,   6.,  11.,   6., 206.,   8.,   8.,  13.,  18.,  24.],
        [266.,   3.,   8.,   8.,   2.,   8.,  26.,   4.,   8.,   4.],
        [  1.,  25.,  11.,  32.,   0.,  17.,  27.,   3.,  19., 165.],
        [  0.,  13.,  12.,   3.,   7.,   7.,   8.,   8.,  16., 268.],
        [  0.,  16.,   2., 273.,   2.,  30.,   2.,   2.,  18.,   4.],
        [ 11.,   5.,   1.,   4.,   6.,  12.,   5., 225.,   8.,  21.],
        [  0.,  14.,  10.,  13.,  14.,   8.,   8., 258.,  12.,  16.],
        [  3., 275.,   4.,   8.,   4.,   3.,   6.,  10.,   6.,   7.],
        [ 22.,   5., 248.,  58.,   6.,  15.,  13.,   3.,   4.,   9.],
        [ 80.,   6., 246.,   0.,   1.,  13.,  11.,  16.,   8.,  16.],
        [ 16.,   6.,  13.,   1.,   6.,   8.,   4.,  19.,  23., 269.],
        [  1.,   5.,  13.,   5.,   4.,  14.,   5.,   9., 282.,  16.],
        [  0.,   5.,   7.,   6.,   6.,  18.,   7.,   6., 262.,  11.],
        [  6.,  18., 245.,   2.,   2.,  17.,  20.,  17.,  12.,  11.],
        [  3., 263.,   6.,   8.,   5.,   3.,   5.,  14.,   6.,   9.],
        [  4.,   4.,   2.,  19.,   1.,  50.,   3.,   6., 275.,  10.],
        [ 15.,   5.,   1.,   5.,   2.,  52., 280.,   1.,   3.,  12.],
        [ 11.,   8., 264.,   5.,  10.,   9.,  40.,   0.,   5.,   5.]],
       device='cuda:0')
Epoch 6 | Batch 0
tensor([[ 12.,   5.,   1.,   1.,   7.,   9.,   2., 284.,  11.,  25.],
        [ 10.,   4.,   1.,   1.,   5.,  12.,   1.,  33., 279.,  24.],
        [  0.,   8.,   5.,   6.,  11.,   9.,   5.,  33.,  22., 268.],
        [  1., 258.,   5.,  10.,   5.,   5.,  10.,   7.,  18.,   5.],
        [  0.,   6.,   4.,   3., 276.,  12.,   5.,  21.,  12.,  21.],
        [  0.,   7.,   3.,  13.,  12., 270.,   4.,   3.,  24.,  12.],
        [  2.,   3.,   4.,   0., 289.,  15.,  28.,   3.,   9.,   2.],
        [  0.,   3.,   4.,  48.,   7., 249.,   5.,   9.,  23.,   5.],
        [  3., 260.,   3.,  14.,   8.,   6.,   9.,  12.,  19.,   6.],
        [  3.,   2.,  12.,   0.,  12.,   7., 287.,   2.,  10.,   7.],
        [  0.,   6.,   4.,   5.,   6.,  10., 280.,   2.,  10.,   6.],
        [  0.,   4.,   4.,   7.,  32.,   9.,   9.,   7.,  18., 264.],
        [  1.,   4.,   1.,  16.,   5.,   5.,   2., 288.,   9.,   9.],
        [  3.,   6.,   5.,   3.,  21.,   7.,   7.,   6.,  27., 267.],
        [287.,   7.,   5.,   3.,   5.,  12.,   5.,  10.,   3.,  14.],
        [  0.,   3.,   2.,   8.,   5.,   6.,   1., 294.,  13.,  18.],
        [  0.,   6.,   2.,   4.,   7.,   9., 272.,   3.,  10.,   8.],
        [  1., 230.,   4.,  11.,  25.,   4.,  10.,   7.,  22.,  15.],
        [  0.,   4.,   0.,  31.,  17.,  20.,   3.,   9., 243.,  27.],
        [  0.,  10.,   2.,  20.,  12.,  14.,   7.,  12.,  18., 225.],
        [  1., 262.,   3.,   8.,   8.,   5.,   7.,   6.,  11.,   3.],
        [  2.,   8.,   4.,  29.,   9., 259.,   7.,   2.,  18.,  11.],
        [ 68.,   7.,   0.,   0.,   7.,  10.,   3., 266.,  14.,  16.],
        [282.,   9.,   4.,   3.,   1.,  26.,  11.,   5.,  16.,   0.],
        [ 55.,   3.,   0.,   0.,   6.,   6.,   7., 261.,   8.,  23.],
        [  0.,   2.,   2., 289.,   6.,  12.,   0.,   7.,  24.,   5.],
        [  0.,   9.,   8.,  12.,   8.,  11., 274.,   3.,  14.,   7.],
        [  1., 261.,   2.,  11.,   9.,   4.,   7.,  11.,  18.,   7.],
        [  2.,   4.,   6.,   2.,   6.,  11., 287.,   1.,   8.,   6.],
        [ 11.,  11.,   3., 282.,   8.,  30.,   0.,   1.,  24.,   6.],
        [  0.,  41.,   6.,   0.,   5.,   9.,  14.,   9., 265.,  12.],
        [  0.,   8.,   5.,  11.,  14.,  11.,   9.,   7.,  20., 266.],
        [  1., 268.,   1.,   9.,   9.,   4.,   8.,  11.,  18.,   5.],
        [  0.,   6.,   3., 280.,   7.,  12.,   9.,   2.,  20.,   7.],
        [  0.,   7.,   3.,   8.,  26.,  12.,   4.,   9.,  14., 274.],
        [  0.,   4.,  12.,   3.,   5.,   9.,   9.,   5., 275.,   8.],
        [  4.,  10.,   2., 271.,   6.,  12.,   2.,   3.,  14.,  11.],
        [  0.,  11., 278.,   9.,   5.,  17.,   1.,   1.,  40.,   1.],
        [ 35.,   9., 268.,   0.,   8.,  16.,  33.,   2.,  17.,   2.],
        [  1., 273.,   5.,   9.,  10.,   8.,   9.,   8.,  22.,   3.],
        [  0.,  13.,   1., 280.,   7.,  12.,   3.,   3.,  13.,   6.],
        [ 24.,   3.,   0.,   0.,   6.,  10.,   1., 285.,  47.,  15.],
        [  4.,   3.,   7.,   0.,  14.,   4., 287.,   2.,   6.,   8.],
        [  1.,   3.,   0.,   3.,   8.,   5.,   4., 247.,   6.,  22.],
        [ 15.,   2.,   8.,   3.,   7., 270.,  34.,   0.,  17.,   9.],
        [  0.,   5.,   3.,   6., 269.,   8.,   5.,  16.,  12.,  69.],
        [  0.,   8.,  57.,   0.,  14., 211.,  23.,   2.,  13.,   9.],
        [  2., 232.,  65.,  18.,   5.,   5.,  29.,   6.,  17.,   5.],
        [  0.,   8.,   7.,   3., 274.,  11.,   9.,  14.,  10.,  10.],
        [  0.,   9.,   3., 242.,   6.,  10.,   4.,   3.,  10.,   6.],
        [  0.,   9., 148.,   4.,  15.,  13.,   1.,  59.,  18.,  25.],
        [  4., 250.,   5.,  16.,   6.,  21.,  17.,  10.,   9.,   6.],
        [  0., 230.,   0.,   2.,   3.,   3.,   2.,   2.,   3.,   1.],
        [  0.,  12., 277.,   0.,   8.,   8.,  17.,   5.,  16.,   9.],
        [  0.,   8.,   5.,  18.,  29.,  13.,   7.,   7.,  29., 200.],
        [  0.,  11.,   1.,   5., 283.,   9.,   6.,   6.,   6.,  42.],
        [  0.,  34.,  11.,   6.,  15.,   6.,   6., 153.,  20.,  11.],
        [  0., 266.,   5.,   9.,  10.,  21.,   4.,  10.,  16.,   3.],
        [ 13.,   4.,   2.,   2.,  37.,  10.,   3.,   8.,  13., 269.],
        [  0.,  11.,   3.,  13.,  22., 260.,  11.,   9.,  14.,  13.],
        [ 19.,   2.,  11.,  25.,   7.,  49.,  11.,   4., 162.,   7.],
        [ 17.,   1.,   3., 265.,   8.,  27.,   7.,   2.,  26.,  11.],
        [  4.,   7.,   2., 278.,   5.,  18.,   7.,   4.,   9.,   9.],
        [  0.,  32.,  20., 146.,  15.,  14.,  23.,  86.,   6.,   2.]],
       device='cuda:0')
Epoch 6 | Batch 100
tensor([[  0.,  12.,   5.,   7., 236.,   9.,   5.,  35.,  10.,   5.],
        [  8.,   1., 292.,   9.,   6.,   4.,  28.,   0.,   4.,   2.],
        [  8.,   3.,   8.,  11.,   8.,  15.,   5.,  12., 226.,   9.],
        [  2.,  18.,  12.,   9., 243.,  10.,  13.,  14.,  11.,  13.],
        [  4.,   3.,  10.,  34.,   6., 250.,   2.,   2.,  56.,   8.],
        [301.,   0.,  18.,   6.,   4.,  12.,  21.,   3.,   2.,   1.],
        [  1., 254.,  21.,   7.,   9.,   4.,   6.,  11.,  14.,   6.],
        [  2.,  21.,  11.,   3.,  10.,  11.,   9.,  27., 242.,  15.],
        [  0.,  10.,   7.,  12.,   9.,  13.,  10.,  54.,  14., 247.],
        [  3.,  21.,  10.,   8.,   3.,  11.,  16.,  13., 262.,  11.],
        [297.,   0.,   7.,   7.,   0.,  13.,   0.,   7.,  13.,   0.],
        [  0.,   7.,  12.,   6.,   3.,   9.,   6., 277.,   9.,  16.],
        [  1.,  38.,  30.,  24.,  10.,   8.,   6., 233.,  17.,  10.],
        [  1.,   3.,  15.,   3., 244.,  12.,  14.,   5.,   8.,   6.],
        [  4., 265.,  12.,   9.,   7.,   6.,  11.,  11.,  13.,   3.],
        [ 69.,   2., 150.,   1.,   2.,  18.,   3.,  43.,  33.,   3.],
        [  6.,   5., 277.,   2.,  25.,   5.,  19.,   0.,  26.,   8.],
        [  1.,   4.,   9.,   7.,   4.,   7.,   5., 272.,   9.,  15.],
        [259.,   4.,   1.,   5.,   6.,  12.,   0.,   8.,   1.,   3.],
        [  8.,  13.,  20., 278.,   3.,  13.,   1.,   3.,   8.,   4.],
        [  1.,   4., 270.,   2.,  10.,  10.,  26.,  13.,   4.,   8.],
        [  0.,   8.,  10.,  12.,   9.,  15.,  10.,  33., 228.,  23.],
        [  6.,   5.,   7.,   5., 282.,  12.,   9.,  28.,   7.,   4.],
        [ 32.,   4.,   5.,   4.,   4.,   9.,   2., 286.,   7.,   6.],
        [  0.,   5.,   8.,  49.,   5.,  24.,   6.,  60.,  17., 237.],
        [309.,   0.,   7.,   0.,   6.,  19.,  13.,   5.,   2.,  19.],
        [  2.,   6.,  12.,  10.,   5.,  10.,   6., 280.,  10.,  12.],
        [  0.,   5.,   6.,   6., 256.,  12.,   6.,  30.,  20.,  14.],
        [278.,   2.,  16.,  12.,   3.,   7.,   6.,   4.,   7.,   0.],
        [  9.,   5., 283.,   2.,   9.,  11.,  24.,   0.,  10.,   7.],
        [  7.,  13.,  11.,   5.,   6., 283.,   1.,   9.,   4.,   5.],
        [  0.,  14.,  14.,  16.,   7.,   9., 228.,   7.,  30.,  11.],
        [  0., 249.,   8.,  11.,   8.,  21.,   8.,  12.,   9.,   5.],
        [  0.,  55.,   9.,  17.,   5.,  15., 250.,  10.,  21.,   9.],
        [ 21.,   3.,   2.,   2.,   3.,   9.,   1., 294.,   7.,   8.],
        [  3.,   3.,   9.,  14.,   9., 260.,  22.,   4.,  15.,   6.],
        [  4.,  10.,   7.,  30.,   8.,  37.,  10.,  26.,  16., 239.],
        [ 19.,   7.,   6., 280.,   2.,  34.,   4.,   3.,  11.,   3.],
        [  3., 277.,  13.,  10.,   4.,   6.,  14.,   9.,  13.,   4.],
        [  0.,  11.,  25.,  11.,   6.,  12., 257.,   4.,  14.,   7.],
        [  0.,   7.,   5., 160.,  11.,  14.,   5.,  50.,  19.,   6.],
        [ 17.,   4.,  23.,   4.,   7.,   9., 283.,   2.,   7.,   6.],
        [ 14.,   2.,  31.,   1., 261.,   7.,  17.,  10.,   2.,   6.],
        [ 57.,   1.,  17.,   2.,   6.,  22., 250.,   0.,  53.,   9.],
        [294.,   3.,   9.,   0.,   5.,  22.,  21.,   3.,   3.,   2.],
        [  2., 270.,  10.,   9.,   8.,   6.,   8.,  12.,   9.,   6.],
        [  0.,   5.,   7.,   3.,  44.,  11.,  44., 250.,  13.,  15.],
        [292.,   2.,  17.,   0.,   2.,  11.,  24.,   8.,   4.,   0.],
        [277.,   2.,  11.,   7.,  12.,  10.,   8.,   7.,  13.,   5.],
        [  3.,   8.,  21.,   1.,  13.,   4., 273.,  14.,   7.,   8.],
        [  0.,  19.,  21.,  17.,   6.,  10., 259.,   5.,  19.,   9.],
        [258.,   4.,   7.,  22.,   1.,   5.,   0.,   3.,   8.,   0.],
        [  5.,   6.,   7., 266.,   8.,  17.,   4.,   4.,  30.,  11.],
        [292.,   2.,   6.,   4.,  11.,  53.,   6.,   6.,   8.,   3.],
        [  0.,  10., 282.,   1.,  13.,   8.,  14.,   6.,   5.,   6.],
        [  9.,   6., 246.,   7.,  16.,  15.,   7.,   8.,  42.,   8.],
        [ 29.,   4.,  20.,   1.,  11.,  22., 274.,   1.,   8.,  11.],
        [  2.,   3.,  12., 275.,   5.,  11.,   0.,  13.,  30.,   8.],
        [307.,   2.,   1.,  13.,   0.,  33.,   0.,   5.,   4.,   0.],
        [297.,   1.,   3.,   1.,  14.,  12.,  29.,   6.,   4.,   2.],
        [  1.,   5., 240.,   1.,  35.,   6.,   8.,   5.,   4.,  16.],
        [  1.,   5.,  11.,   2., 273.,   7.,  16.,  40.,   6.,   7.],
        [  0.,  44.,   3.,  10., 164.,  13.,   4.,  19.,  13.,   9.],
        [ 30.,   1.,  44., 271.,   3.,  15.,  10.,   1.,  33.,   1.]],
       device='cuda:0')
Epoch 6 | Batch 200
tensor([[  0.,  17., 287.,   1.,  14.,   3.,   1.,   6.,   1.,   6.],
        [ 26.,   4.,   3.,   4., 254.,   9.,  11.,  12.,   0.,  17.],
        [  6., 284.,   6.,  10.,   4.,   6.,  12.,   9.,   5.,   4.],
        [  6.,  10., 260.,   2.,   9.,  10.,   8.,  15.,  12.,  17.],
        [  9.,  17.,   4., 259.,   5.,   4.,   8.,   4.,   0.,   9.],
        [  0.,  17., 238.,   3.,  81.,   5.,  13.,   4.,   8.,  13.],
        [ 18.,   2.,  32.,   1., 281.,   1.,  29.,   6.,   0.,   1.],
        [  6.,  10.,   5.,   9.,   3.,   6.,  13.,  12., 267.,  15.],
        [  0.,   7.,   1., 258.,   6.,   7.,   4., 140.,   1.,  11.],
        [ 50.,   2.,   3.,   8.,   8.,  56.,  35.,   4., 230.,  11.],
        [  3.,  12.,  14.,   6., 253.,   6.,  13.,  14.,   4.,  41.],
        [ 54.,  12.,  15.,   2.,   4.,   3.,   2.,  23., 241.,  23.],
        [271.,  10.,   5.,   4.,   3.,   8.,  16.,  14.,   7.,   6.],
        [296.,   5.,   2.,   5.,   2.,  17.,  17.,   7.,   0.,   2.],
        [  0.,  10.,   3.,  21., 263.,   4.,   7.,  20.,   5.,  21.],
        [ 13.,   9.,   2.,   6.,   8.,   5.,   7., 258.,   2.,  22.],
        [  0.,  11., 281.,   8.,  10.,   6.,  10.,   9.,   1.,  10.],
        [291.,   7.,   1.,   8.,   2.,  20.,   6.,  13.,   1.,   3.],
        [  1.,  20.,  13.,   7., 279.,   2.,   8.,   5.,   0.,   3.],
        [ 10.,  58.,   3.,   4.,  12.,   7.,   9.,  13., 148.,  18.],
        [  5., 264.,  24.,   9.,   7.,   4.,   7.,   6.,   5.,   4.],
        [  0.,  42., 268.,   3.,   4.,   8.,  11.,   7.,   5.,   7.],
        [  6., 284.,   5.,  10.,   6.,   2.,  10.,  11.,   2.,   7.],
        [  3.,  26.,  13.,   6., 249.,   4.,  23.,  11.,   1.,  10.],
        [  3., 237.,  51.,  12.,  11.,   1.,   8.,   7.,   7.,   4.],
        [  5., 277.,   7.,   8.,   4.,   2.,   8.,   9.,   2.,   6.],
        [  5., 276.,   4.,  10.,   6.,  35.,  12.,  12.,   4.,   7.],
        [  1.,  21.,   5.,   5.,   6.,   5.,   9.,  47.,   6., 244.],
        [ 11.,   6.,  13.,  33.,  33., 187.,   2.,  11.,   2.,   6.],
        [  8.,  10.,   2., 276.,   3.,  19.,   9.,  14.,   0.,   6.],
        [ 20.,  30.,   2., 272.,   2.,  15.,   3.,   3.,   4.,   4.],
        [ 19.,  13.,  22.,   1.,  17.,   1., 277.,   2.,   0.,   4.],
        [  3.,  14.,   6.,  17.,  23.,  10.,   7.,   9., 253.,   7.],
        [  5.,  14.,  15.,  12.,   5.,  15.,   8.,  12., 254.,   7.],
        [  7., 282.,   4.,  10.,   5.,  17.,  16.,   9.,   8.,   5.],
        [  2.,   9.,   2.,  37.,   4., 259.,   5.,  11.,   6.,  14.],
        [  4.,   5.,   8.,  29.,   9., 245.,  11.,   7.,   7.,  26.],
        [  2.,  15.,   8.,   8.,   5., 252.,  55.,   4.,  10.,   7.],
        [253.,   6.,   8.,   3.,   8.,   3.,  43.,   8.,   0.,   6.],
        [  0.,  35.,  12.,   9.,   9.,   8., 195.,  11.,   8.,  12.],
        [ 16.,  11.,   1.,   4.,   7., 253.,   0.,  96.,   3.,  47.],
        [  2.,   8.,   8.,   8.,  32.,   5., 185.,  16.,   9.,  12.],
        [  0.,  10., 286.,  34.,   1.,   5.,   9.,  11.,   0.,   3.],
        [  2.,  31., 267.,   3.,   4.,   8.,   3.,  12.,   4.,   9.],
        [ 12.,  22.,   3., 276.,   2.,  13.,   7.,   4.,   0.,   4.],
        [  6., 282.,   5.,  10.,   4.,   3.,   8.,   9.,   2.,   4.],
        [  2.,   8., 282.,  21.,   2.,  11.,   1.,  15.,   2.,   5.],
        [  4.,   3.,  11.,   4., 287.,   3.,  14.,   6.,   1.,   7.],
        [ 23.,   4.,   1.,   6.,  13.,   8.,   2., 260.,   2.,  92.],
        [ 13.,  10.,   6.,   9.,   6.,   9.,   4.,  12., 245.,  13.],
        [  7.,  17.,  10.,   3.,  10., 223.,   8.,   8.,   2.,  15.],
        [ 14.,   7.,   4.,  20.,   5., 270.,   7.,   6.,   5.,  12.],
        [  4.,  25.,   9., 273.,  10.,  10.,   4.,  12.,  10.,   4.],
        [ 16.,  15.,  14.,   8.,   7.,   9., 276.,   3.,   1.,   4.],
        [  2.,  30.,   2.,  13.,   2.,   9.,   9.,   5.,   4., 225.],
        [  1.,  10.,   9.,   6.,  20.,   5.,  14.,  14.,   6., 274.],
        [  5., 267.,   4.,  20.,   6.,  14.,  15.,  15.,   7.,  10.],
        [  0.,  14.,   4.,   0.,   7., 247.,   1.,   5.,   0.,   1.],
        [  4.,  40.,   7.,   9.,   9.,   6.,  14., 154.,   9.,  21.],
        [ 61.,   8.,  12.,   2.,   6.,   3.,  11.,  18.,   2., 261.],
        [  6., 273.,   6.,  12.,   7.,  17.,  11.,  11.,   6.,   8.],
        [ 12.,  15.,  10.,   6.,   5.,   4.,   7., 219.,   4.,  18.],
        [  2.,   8.,   4.,  13.,  12., 221.,  19.,   7.,   3.,  26.],
        [  8.,  10., 282.,   2.,  18.,   7.,   8.,   4.,   0.,  22.]],
       device='cuda:0')
Epoch 6 | Batch 300
tensor([[  6., 272.,   8.,  15.,   4.,   9.,   8.,  11.,   5.,  20.],
        [  1.,  13.,   5.,   8., 266.,  13.,   4.,  11.,   9.,   8.],
        [ 13.,   2.,  11.,   1.,  25.,   6., 278.,   2.,   6.,  40.],
        [  1.,   9.,  18.,   2.,  13.,   7.,   7.,   8., 273.,  14.],
        [  1.,   2.,   2., 183.,  25.,  12.,  20.,   6.,   1.,   5.],
        [  1.,   3.,   8.,   6.,  27.,  13.,   0.,  13., 259.,  27.],
        [ 13.,   6.,   6.,   4.,   7.,   8.,   3.,  63.,   6., 270.],
        [  3.,   0.,   8., 289.,  12.,  18.,   0.,   1.,  90.,   3.],
        [ 11.,   4.,   2.,   6.,  12.,  15.,   2., 263.,   5.,  62.],
        [  2., 267.,   6.,  10.,   3.,  35.,   7.,   9.,   5.,  16.],
        [ 10.,  60.,  14.,   5.,   3.,   2.,  14.,   7., 249.,   9.],
        [  3.,   2.,   7.,  28.,  11.,  20.,   0.,   5., 281.,   9.],
        [  2., 241.,  13.,  10.,   8.,  31.,   2.,   6.,  13.,   3.],
        [  0.,   7.,  26.,   5.,   7.,  10., 280.,   4.,  11.,  18.],
        [  3.,   6.,   9.,   5.,  12.,   6.,   3.,  29., 230.,  32.],
        [ 10., 140.,  19.,  25.,   2.,  85.,  19.,  12.,  15.,  13.],
        [ 15.,   7., 258.,   5.,  14.,  17.,  10.,   1.,  13.,  11.],
        [  0.,   7.,   3.,  15., 263.,  11.,   0.,  10.,  10.,  13.],
        [ 30.,  10., 264.,  15.,   2.,  18.,  19.,   0.,   4.,   3.],
        [  4.,   3.,   4.,  23.,  15., 251.,   7.,   1.,  11.,   9.],
        [  8.,   5.,   8.,   7., 270.,   5.,  35.,   5.,   0.,  17.],
        [  2.,   2.,   4., 292.,   6.,   8.,   0.,   1.,  17.,   6.],
        [ 15.,   2., 270.,  22.,   6.,   8.,   9.,   0.,   9.,  10.],
        [  0.,   5.,   0.,   9.,  29.,  11.,   2., 248.,  15.,  17.],
        [  0.,   8.,   5.,   7.,   4.,   9., 258.,   5.,  12.,  10.],
        [  1.,  11.,   7.,   9.,  38.,  12.,  10., 197.,  16.,  15.],
        [  0.,  11.,   4.,  15.,  10.,  24.,   4.,   8.,   9., 271.],
        [  1.,   4.,   2.,  69.,   3.,  16.,   0.,   8.,  14., 230.],
        [ 10.,  17., 268.,   9.,   3.,   7.,   4.,   0.,  15.,   3.],
        [ 15.,   5.,   9.,   4.,   8.,   8., 275.,   5.,   3.,  19.],
        [  0.,  14.,   8.,   4.,   6., 242.,   7.,  11.,   4.,  12.],
        [289.,   3.,   2.,  19.,   3.,  25.,   5.,   5.,   5.,  11.],
        [  8., 268.,  16.,  11.,   5.,   7.,  15.,   6.,  11.,  11.],
        [  1.,   6., 162.,   0.,  26.,   7.,   9.,  14.,   2.,  29.],
        [  5.,   4.,   9.,  36.,   6., 233.,   2.,   6.,  32.,   9.],
        [  4., 275.,  13.,  11.,   6.,   8.,   6.,  10.,   3.,  10.],
        [ 17.,   4.,  11.,  58.,   5.,  27.,   2.,   4., 248.,   7.],
        [  1.,  11.,   4.,  14.,   7.,  12.,   7.,  10.,  14., 266.],
        [  2.,   7.,  11.,   8.,  11.,  12.,   6.,  17.,  12., 270.],
        [ 12.,   2.,  24.,   2., 273.,   7.,  10.,   8.,   7.,   9.],
        [  2.,   2.,  13.,  29.,  12.,   6.,   1., 278.,  11.,   8.],
        [  2.,  20.,  28.,   2.,   3.,   6.,   9.,   9., 250.,  17.],
        [ 20.,   2.,  12.,   4., 255.,   8.,  39.,   2.,   1.,  61.],
        [  2.,  13.,  12.,   6.,   6.,  11.,   5., 258.,   8.,  21.],
        [  1.,  18., 254.,   3.,   8.,   6.,   1.,  21.,  16.,  23.],
        [  0.,   4.,   8.,   4.,  16.,  19., 282.,   3.,   8.,  15.],
        [  1.,  12.,   6.,   8.,   9.,  12.,  10.,   6.,  15., 274.],
        [ 59.,   2.,   2.,   2.,  12.,  11.,   2., 266.,   2.,  72.],
        [  7.,   5.,   6.,  27.,   3., 231.,   2.,   9.,  13.,   7.],
        [  5.,  23.,   8.,   1.,   9.,   5.,   5.,   9., 264.,  11.],
        [  3.,   5.,   8.,  29.,   4., 274.,   0.,   2.,  39.,   7.],
        [  8.,   5.,  11.,   1.,  15.,   8., 284.,   2.,   0.,  18.],
        [  1.,   7.,  10.,   5.,  11.,  21.,  30.,   4.,   5., 254.],
        [  4., 251.,   8.,   4.,   3.,   5.,   4.,   4.,   4.,   7.],
        [ 48.,   3.,  12.,   8.,  14.,  22.,  13.,   2.,  27., 152.],
        [ 45.,   4.,   9.,   4.,   4.,   9.,   1., 282.,   6.,   9.],
        [  4.,   7., 276.,   3.,   4.,  12.,   5.,   2.,  30.,  11.],
        [  4.,   5.,   8.,   4., 269.,  14.,  17.,   5.,   7.,  10.],
        [  1.,   8., 272.,  35.,   0.,   9.,   0.,   5.,  17.,   5.],
        [  1.,   8.,   9.,  12.,   4.,  14., 268.,   4.,  14.,  17.],
        [  0.,   7., 279.,  25.,   5.,  14.,   0.,  57.,   2.,   7.],
        [  0.,   9.,   6.,   8., 243.,  18.,   1.,  24.,  13.,  11.],
        [ 13.,   4.,   4.,   3.,  11.,  15.,   2., 283.,   5.,  16.],
        [  2.,  12.,   3.,  15., 251.,  14.,   0.,  25.,   9.,  14.]],
       device='cuda:0')
Epoch 6 | Batch 400
tensor([[ 30.,   5.,   7.,  14.,   6.,   7.,   2., 287.,   6.,   4.],
        [  2.,  12.,  13., 268.,  10.,   3.,   9.,   8.,  14.,  49.],
        [  5.,   6.,  31.,  33.,   5.,  18.,   1.,  10., 255.,  19.],
        [  7.,   8.,   3., 281.,   3.,  15.,  15.,  12.,  12.,   5.],
        [  2.,   8.,  11.,   9., 256.,   7.,   6.,  21.,  11.,  10.],
        [282.,   3.,  85.,  13.,   4.,   7.,  10.,   3.,   7.,   1.],
        [  3.,  12.,   7.,  15.,   6.,  15.,  10.,  15.,  12., 261.],
        [  5.,   7.,   6., 281.,   3.,  15.,  15.,   7.,   9.,   4.],
        [157.,   5.,  71.,  41.,   0.,   5.,   0.,  14.,   9.,   0.],
        [  0.,   6.,  13.,   7.,   7.,   8.,   5., 264.,  12.,  36.],
        [ 25.,   4., 262.,  16.,   9.,  11.,   2.,   4.,   5.,   7.],
        [  5.,  10.,   4.,   6.,  51.,  11.,   7., 268.,   9.,  11.],
        [  6.,  15.,   7., 246.,   4.,  10.,   8.,  15.,   5.,   7.],
        [  5.,  18.,  34.,   2.,  13., 248.,   2.,  30.,  14.,   4.],
        [ 28.,   5.,  10.,   4.,   3.,  11., 228.,   6.,   6.,   7.],
        [  1.,  12.,   5.,   5., 266.,  10.,   5.,  22.,  11.,  23.],
        [  0.,   6.,  68., 237.,   5.,   8.,  29.,   3.,  16.,   2.],
        [ 31.,   3.,  10.,   0., 256.,   3.,  12.,  15.,   5.,   7.],
        [ 17.,   5.,  10., 275.,   2.,  16.,  14.,   5.,   5.,   4.],
        [  0.,  13., 243.,   1.,   7.,   9.,  17.,  28.,  11.,   4.],
        [  0.,  35.,  25.,   0.,   7., 229.,   1.,   9.,   5.,   2.],
        [ 18.,  22.,  19.,   2.,   4.,   3., 186.,   5.,  13.,   6.],
        [ 31.,   2.,   2.,   0., 269.,  17.,  12.,  17.,   7.,   6.],
        [  1.,   6.,  10.,   2., 269.,   7.,  18.,  15.,   9.,   4.],
        [  0.,   9.,  58.,  19.,   9.,   8.,   7., 270.,  12.,   9.],
        [297.,   2.,  10.,  25.,   2.,   9.,   6.,   3.,   3.,   4.],
        [  1.,  10.,   4.,  11.,   5.,  15.,   9.,  31.,  11., 267.],
        [  2.,   6.,   9.,   3., 272.,   9.,   3.,  20.,  16.,  21.],
        [  6.,   6.,  12.,  20.,   5.,   6.,   5., 268.,   8.,   7.],
        [  0.,  15., 271.,   0.,   5.,   6.,  10.,  20.,   6.,   3.],
        [  9., 277.,  21.,   8.,   8.,   5.,  10.,  14.,  14.,   5.],
        [  0.,  24.,   9.,   6.,  17.,   8.,  13., 220.,  22.,   6.],
        [  1.,   3.,  14.,  30.,  10., 250.,  28.,   1.,  18.,   6.],
        [ 17.,  14.,  29., 258.,   1.,   7.,   9.,   6.,   2.,   0.],
        [  1.,  22.,   6.,   9.,  12.,   9.,  13.,  16.,  10., 253.],
        [  3., 265.,  10.,  22.,   5.,   4.,  14.,  18.,  13.,   8.],
        [  7.,   5.,  14.,   2.,   8.,   3., 279.,  16.,   2.,   5.],
        [ 38.,   3.,   3.,   5.,   4.,   9.,   1., 272.,   6.,  18.],
        [ 37.,   6.,  13.,  39.,   4.,  15.,   2.,   5., 254.,   5.],
        [ 14.,  12.,   8.,   0.,   7., 264.,   3.,  12.,  11.,  20.],
        [294.,   4.,   2.,   8.,   1.,  10.,   5.,  11.,   7.,   4.],
        [ 33.,   6.,   5.,   0.,   6., 262.,   5.,  22.,  10.,  36.],
        [  1.,   8., 241.,   4.,   8.,   5.,  13.,   5.,  15.,   4.],
        [ 11.,   8.,   4.,   1.,  14.,   9.,   4., 263.,  15.,  34.],
        [ 24.,   7.,  41., 274.,   3.,  13.,   1.,   3.,  18.,   4.],
        [  5., 283.,   6.,   6.,   3.,   7.,   8.,  11.,  10.,   6.],
        [  8., 280.,  12.,   7.,   4.,   7.,  10.,  11.,  21.,   5.],
        [297.,   4.,   4.,   3.,   1.,  26.,   9.,   7.,   6.,   3.],
        [ 11.,  15.,  10.,  19.,   2.,  16.,  14.,  14., 250.,   9.],
        [ 12.,   8.,   4.,   2.,   6., 274.,  10.,   8.,   9.,  16.],
        [  8.,   7.,   7.,   9.,  16.,  15.,   7., 260.,  11.,  44.],
        [258.,   6.,  11.,   6.,   4.,   3.,   9.,   6.,   7.,   4.],
        [  0.,  10.,   6.,   8.,   6.,   6.,  11.,  11.,   9., 280.],
        [  1.,   9.,   8.,  11.,   4., 256.,  28.,   4.,  22.,   9.],
        [  1.,   7.,   3.,   9., 270.,  11.,   5.,  19.,  17.,  25.],
        [ 14.,   8.,   4.,  15.,   4., 266.,   7.,   4.,  16.,  58.],
        [ 12.,  35.,   3., 256.,   7.,   4.,   5.,  26.,   5.,   5.],
        [292.,   5.,  13.,   2.,   0.,   5.,  14.,   7.,  12.,   2.],
        [  7., 266.,  34.,   8.,   5.,  11.,   7.,   9.,  16.,   5.],
        [  0.,  10.,   7.,  11.,   7.,   9.,  11., 271.,  16.,  19.],
        [  0.,  10., 264.,  27.,   3.,   7.,   1.,  46.,  20.,   6.],
        [  1.,   9.,  12.,   5.,  10.,  12., 278.,   8.,  11.,   9.],
        [276.,   2.,  16.,   0.,  25.,   9.,   8.,  14.,   7.,   3.],
        [ 42.,   6., 250.,  37.,   0.,   6.,   4.,  55.,   4.,   4.]],
       device='cuda:0')
Epoch 6 | Batch 500
tensor([[ 15.,   5., 109., 282.,   3.,   5.,   2.,   4.,   4.,   3.],
        [  4.,  83.,  12.,   8.,   6.,   5.,   9.,  21., 156.,  12.],
        [  9.,  24.,  20.,   3.,   4.,   5.,   7.,  17., 266.,  10.],
        [  4.,  17.,  39.,  11.,   2.,  17.,   6.,  14., 256.,   3.],
        [298.,   4.,   3.,   8.,   4.,  13.,   0.,  18.,   2.,   3.],
        [  0.,   9.,  10.,  21.,   9.,   8.,   5.,  43.,  12., 259.],
        [  4.,   6.,   9.,  26.,   6., 264.,   8.,   3.,  16.,   4.],
        [ 19.,   4.,  10.,   4.,  12.,   5., 289.,   6.,  13.,   9.],
        [  3., 261.,  11.,   5.,   6.,  10.,   5.,   8.,   9.,   6.],
        [  1.,  18.,   2., 248.,   8.,   9.,  12.,  10.,   9.,   6.],
        [  8.,   5.,  22.,   0.,  20.,   5., 286.,   3.,  13.,   7.],
        [ 22.,   4.,   5.,   5.,   2.,   6.,   2., 290.,   6.,  11.],
        [  2.,   5.,   9.,  20.,  11., 237.,   1.,  33.,  16.,  35.],
        [  2., 249.,  16.,  24.,  10.,  17.,  14.,  10.,  13.,   8.],
        [  1.,   7.,   7.,   4., 270.,   8.,   7.,  15.,   8.,  14.],
        [  1.,  44.,   6.,   3.,  10.,  17.,   9.,  14., 191.,  17.],
        [  9.,   8.,   9.,  38.,   4., 271.,   2.,   5.,  14.,  10.],
        [  5.,  35., 240.,  17.,   1.,  10.,   4.,   7.,  26.,   4.],
        [  0.,  10., 158.,   2.,  39.,   8.,   4.,  18.,   4.,  15.],
        [  3., 265.,   7.,  17.,   8.,  21.,   9.,  10.,   8.,   7.],
        [284.,   4.,  11.,   5.,   6.,   7.,  13.,   9.,  13.,   5.],
        [  0.,   6.,  17.,  10.,   8.,   5.,   7., 279.,   8.,   7.],
        [  6.,   9.,  13.,   3., 273.,   4.,  12.,  38.,   8.,  15.],
        [  7.,   7.,   7.,   2., 270.,  10.,  10.,  30.,  18.,   2.],
        [ 13.,   3., 284.,  19.,  18.,   5.,  10.,   3.,   4.,   2.],
        [280.,   4.,   5.,   9.,   5.,  13.,   5.,   9.,  23.,   6.],
        [  5.,   5.,  27.,  11.,  11.,   7.,   4.,  13., 249.,  13.],
        [  3., 267.,   3.,   7.,   3.,  22.,   5.,   7.,   4.,   4.],
        [  2.,   7., 286.,   6.,   4.,   7.,   8.,  48.,   8.,   3.],
        [  2.,  15.,   6.,   9.,   5.,  43.,  13.,  12.,   9., 265.],
        [  3.,   9.,  11.,   5.,  21.,   5.,  13.,   5.,   9., 269.],
        [ 55.,   3.,   3.,  11.,   8.,   5.,   3., 287.,   3.,  16.],
        [  7.,  24.,  16.,  18.,   3.,   8.,   6.,  17., 222.,   8.],
        [ 12.,   2.,  11.,   7., 238.,   7.,  19.,   3.,   3.,   7.],
        [ 12.,   8.,  15.,  17.,   5.,  35.,   4.,  15., 265.,   8.],
        [293.,   2.,  13.,   1.,   8.,  10.,   8.,  11.,  42.,   3.],
        [  6., 275.,   9.,   5.,   7.,   4.,   6.,  16.,   6.,   6.],
        [  4.,  24.,  14.,  10.,   4.,   8., 272.,  10.,   9.,   5.],
        [279.,   4.,   7.,   2.,   7.,   5.,   9.,  31.,  10.,  10.],
        [  8.,  41.,  13.,   1.,   4.,  10.,   9.,  12., 142.,  17.],
        [  5., 266.,  17.,   7.,   8.,   7.,   8.,  13.,  14.,   5.],
        [  4.,   5.,   4.,   6.,  17.,   8.,   5., 269.,  10.,  19.],
        [ 22.,  10.,  35.,   4.,   5.,   9., 285.,   8.,   5.,   4.],
        [  2., 251.,   8.,  18.,  12.,  16.,   9.,  21.,   9.,   9.],
        [  8.,  47.,  42.,  11.,   3.,  14.,   6.,   9., 222.,   3.],
        [292.,   2.,   8.,   1.,   8.,   6.,  19.,  19.,   4.,   5.],
        [ 18.,   3.,   0.,  16.,   8.,   6.,   2., 297.,   7.,   6.],
        [  0.,  11.,   7.,  15.,   5.,  12.,   8.,  22.,  10., 258.],
        [  0.,  15.,  19.,   6.,   6.,   4.,  13., 255.,  18.,  15.],
        [  0.,  10.,  28.,   5.,  11., 246.,   2.,  11.,  14.,   6.],
        [  4., 279.,   6.,   8.,   4.,  10.,   9.,  11.,   9.,   7.],
        [ 29.,   2., 254.,  17.,   9.,  13.,  25.,   2.,   5.,  10.],
        [  0.,  18.,  27.,  14.,  13., 256.,   4.,  12.,  12.,   7.],
        [ 23.,   2.,  31.,   1.,  25.,   4., 159.,   9.,  16.,   4.],
        [ 12.,  11.,   2., 277.,   3.,  17.,   5.,  11.,   5.,   1.],
        [298.,   6.,   5.,  11.,   4.,  17.,   0.,  13.,   3.,   1.],
        [  7.,  16.,   3., 268.,   8.,   8.,   7.,  11.,   7.,   6.],
        [ 38.,   8.,  78., 239.,  11.,  14.,  26.,   5.,   0.,   3.],
        [  7.,   4.,  11.,   2.,   9.,  12.,   7.,   9., 276.,  11.],
        [ 12.,   2., 276.,  10.,  11.,  11.,   7.,   2.,   2.,   8.],
        [  5.,  22.,   8.,  11.,   6.,  14.,   9.,  18., 233.,  16.],
        [  9.,   5.,  31.,   2.,  14.,   7., 287.,   8.,   8.,   6.],
        [  3., 264.,   8.,  17.,   8.,  33.,   9.,  11.,   9.,   6.],
        [ 15.,   2., 286.,   0.,   6.,   8.,  14.,  21.,   7.,   3.]],
       device='cuda:0')
Epoch 6 | Batch 600
tensor([[  0.,   5.,  13.,   4.,   7.,   3., 289.,   4.,   3.,  15.],
        [ 13.,  10., 256.,  11.,  24.,  14.,  17.,   2.,   6.,   6.],
        [ 23.,   9.,   9.,   5.,   5.,   9.,   2., 274.,   8.,  15.],
        [  1.,  23.,  18.,   3.,   5., 273.,   2.,  18.,   5.,   4.],
        [  3.,  14.,  10.,   7.,  13.,   9.,   8., 240.,  21.,  65.],
        [  1.,  15.,   8., 238.,  14.,   2.,   5.,  16.,  13.,  23.],
        [  5.,  14.,  12.,   9., 281.,  10.,  10.,   7.,  12.,   6.],
        [  1.,  12.,  12.,   8.,  17.,   8.,   6.,   8.,  13., 266.],
        [  0.,  11.,   5.,  19., 280.,   7.,   0.,  20.,   9.,  31.],
        [ 36.,  15.,   8.,   1.,   8., 253.,   7.,  47.,  12.,  11.],
        [  2.,  16.,   8.,   9., 275.,   9.,   4.,   8.,   9.,  10.],
        [  2.,  18.,  13.,  25.,  12.,   7.,   4.,   8.,  13., 252.],
        [ 20.,   4.,  15.,   4.,   8.,   5., 291.,   0.,  10.,  13.],
        [ 13.,   8.,   8.,  33.,   6., 278.,   1.,   2.,   6.,  34.],
        [ 15.,   6.,  14.,   6.,  29.,   7.,   6., 243.,  12.,  48.],
        [  2.,  14.,  12.,  14.,  10.,   7.,   3., 271.,  10.,  11.],
        [  8.,   6.,  19.,   4.,  23.,   9.,  19.,   5.,  12., 255.],
        [  0.,   6.,   2.,  28., 271.,  14.,   1.,  19.,  20.,  19.],
        [  5.,  20.,   8.,   8.,   6.,  12.,   5.,  11., 264.,  15.],
        [  3., 250.,  13.,  13.,   6.,  24.,  13.,   8.,  22.,  11.],
        [  7., 281.,  17.,  11.,   6.,   4.,   5.,   7.,   7.,   6.],
        [  2.,  18.,  11.,  14., 259.,  47.,   4.,  23.,   9.,   6.],
        [  5., 264.,  13.,  14.,   5.,   5.,   6.,  11.,   8.,  13.],
        [  7., 282.,  15.,  11.,   7.,  12.,   6.,   7.,   9.,   4.],
        [  3.,  14.,  12., 288.,   3.,   9.,   3.,   4.,   7.,   7.],
        [  1.,   6.,   8.,   6.,   6.,   6.,   3., 271.,  15.,  11.],
        [  6.,   5.,  13.,  43.,  10.,  18.,   2.,   6., 264.,   7.],
        [  5.,   8.,  11.,  17.,   4.,   9.,   4.,   9., 275.,  12.],
        [  3.,  10.,   8.,  19.,  35.,  12.,   2.,  10.,  10., 273.],
        [  7., 277.,  17.,  15.,   4.,  19.,   6.,   6.,  12.,   5.],
        [  5.,  18.,   7., 256.,   7.,   7.,   5.,  19.,   5.,  18.],
        [  2.,  13.,   8., 268.,   8.,   8.,   1.,  27.,  19.,  13.],
        [  1.,  21.,   5.,  12., 279.,   9.,   3.,   9.,   7.,  20.],
        [  0.,  19., 282.,  41.,   1.,  17.,   0.,   1.,  12.,   4.],
        [  5., 264.,   9.,  12.,   4.,   8.,   6.,   8.,   8.,   9.],
        [  1.,   7.,   8.,  18.,  15.,   5.,   4., 239.,   9.,  11.],
        [  5., 261.,  11.,  13.,   5.,   6.,   5.,   9.,   7.,  10.],
        [ 19.,  10.,   6.,   4.,   4.,  26.,   3.,  14., 268.,   8.],
        [310.,   3.,   9.,  34.,   1.,  16.,   1.,   6.,   1.,   2.],
        [ 21.,  13.,   6.,   3.,   8.,   5.,   3.,  37., 160.,  18.],
        [  6.,  12.,  43., 288.,   3.,   6.,   5.,   3.,   4.,   5.],
        [298.,   6.,   7.,  11.,   7.,  11.,   0.,   8.,   7.,   1.],
        [ 33.,  17.,  15.,  19.,   2., 271.,   1.,   7.,  14.,   6.],
        [  7., 272.,  14.,  14.,   6.,  58.,   3.,   7.,  13.,   3.],
        [  1.,  14.,   8.,  37.,   8.,  11.,   2.,  14., 231.,  12.],
        [  0.,  31., 266.,   7.,   8.,  11.,   6.,   3.,  19.,  18.],
        [  1.,  12.,   3., 227.,   6.,   2.,  44.,  35.,   0.,   4.],
        [  6., 274.,  15.,  16.,   6.,   5.,   6.,  10.,   8.,  12.],
        [ 14.,  13., 281.,  33.,   0.,  12.,   5.,   6.,   4.,   5.],
        [  4.,   8.,   7.,   9.,  28.,   9.,   3.,  10.,   9., 276.],
        [ 28.,  10.,  10.,  11.,   8., 273.,   0.,   5.,  14.,  15.],
        [  3.,   8.,  18.,  26.,   3.,   5.,   6.,  24., 268.,  12.],
        [ 11.,  13.,  12., 276.,   1.,  10.,   3.,   6.,   7.,   4.],
        [281.,  14.,  14.,   4.,  12.,  11.,   4.,   7.,  15.,   7.],
        [291.,   3.,  12.,  15.,   3.,  13.,   0.,  12.,   2.,  38.],
        [  9.,  30.,  15.,   4., 278.,   7.,   7.,  12.,   3.,   5.],
        [  5., 248.,  10.,  10.,   4.,   3.,   3.,   8.,   5.,   9.],
        [ 39.,   6., 283.,   5.,  13.,  12.,  15.,   1.,   4.,  12.],
        [  1.,  28.,  13.,  11.,   6.,  10.,   7.,  19.,  22., 253.],
        [278.,   5.,  10.,   7.,   4.,  20.,   3.,  14.,  16.,  17.],
        [  1.,   9.,  15.,  14.,   7.,   6.,   5., 269.,  10.,  17.],
        [ 18.,  11.,   7.,   5.,   6.,  11.,   2., 279.,  11.,  14.],
        [  7.,   8.,   4.,  40.,   7., 257.,   0.,  63.,  11.,  16.],
        [  6.,  13.,  14., 279.,   3.,  17.,   4.,   3.,   4.,  10.]],
       device='cuda:0')
Epoch 6 | Batch 700
tensor([[  3.,  12.,  11.,   5.,  24.,   4., 159.,   7.,  16.,  16.],
        [  3.,  16.,   8.,  14.,  17.,  12.,  10.,   9.,  17., 239.],
        [  5.,   5., 276.,   9.,  12.,   7.,   5.,   2.,   3.,  15.],
        [  1.,   8.,   6.,   6.,  13., 270.,   4.,   2.,  26.,  14.],
        [  3.,  26.,  12.,   2.,  13.,   2.,   6.,   6., 274.,   8.],
        [  0.,   4.,  13.,  26.,   9.,   6.,   2., 248.,  15.,  14.],
        [  2.,   5.,   5.,   4.,  18., 271.,   8.,   3.,  17.,  24.],
        [  2.,   5.,   7.,   3.,  23.,  15.,   1.,  10., 276.,  20.],
        [  0.,   8.,  14.,   6.,  35.,  12., 214.,   8.,  17.,   8.],
        [  0.,  34.,  17.,  11.,  11.,   6., 210.,   9.,  20.,  17.],
        [  2.,   8.,  22.,   8., 273.,   4.,   5.,   7.,   3.,   5.],
        [270.,   8.,   5.,   7.,  11.,   9.,  13.,   5.,  14.,   6.],
        [  4.,   6.,  12.,   6.,  22.,   5.,   3.,  17.,  14., 230.],
        [  3.,   7.,   6.,   9.,   8.,   6.,   3., 266.,  13.,  34.],
        [  0.,  39., 268.,  20.,   6.,   5.,   5.,   4.,   6.,   7.],
        [  2., 240.,  24.,  15.,  12.,  15.,   3.,  12.,  37.,   7.],
        [  1.,   9., 265.,   7.,  13.,   8.,   4.,   5.,   4.,   9.],
        [  6.,  11.,  16.,   7.,  25.,   9., 253.,   3.,   5.,  13.],
        [  7., 205.,  16.,  10.,  16.,   5.,  15.,   7.,  67.,   9.],
        [  4.,   7.,   9.,   5.,  43.,  11.,   7.,   4.,   6., 266.],
        [  0.,  10.,  11.,  16.,  11.,   5.,   3., 276.,  12.,  14.],
        [ 14.,   5.,  23.,   4.,  13.,   3., 270.,   2.,   6.,   9.],
        [  3.,  10.,  10.,   8.,  22.,   8.,   5.,   7.,  24., 261.],
        [  0.,  27.,   3.,   6., 247.,  13.,   1.,   4.,   8.,   2.],
        [  2.,  32.,   6.,   3.,  28.,   3.,  13.,   7., 239.,  13.],
        [  0.,  13.,   6.,   6., 284.,   5.,   0.,  11.,   7.,   5.],
        [  1.,   4.,   8., 274.,  14.,   8.,   1.,   2.,  15.,   5.],
        [ 12.,  12.,   2.,   8.,  21.,   9.,   3., 217.,  13.,   7.],
        [  0.,  22.,   8.,  11.,   6.,   6.,   6.,  11., 255.,  13.],
        [  3., 274.,   8.,   6.,   7.,   2.,   6.,   6.,   7.,   8.],
        [  5.,   4.,  10.,  18.,  27.,   8.,   1.,   5., 237.,  13.],
        [  4.,  15.,   5.,   7.,  10., 276.,   4.,   2.,  13.,  11.],
        [  2., 271.,  12.,   6.,  11.,   5.,   2.,  12.,  11.,   8.],
        [  0.,  20.,  15.,  13.,   6.,   3.,   3., 260.,  26.,  22.],
        [  3.,   3.,   9.,   5., 281.,   6.,   6.,   2.,   5.,  34.],
        [ 10.,   8.,  15.,   0.,  12., 277.,  15.,   2.,  17.,   7.],
        [  3.,   5.,   6.,   7.,   9.,   8.,   5., 256.,  10.,  28.],
        [  4.,   3.,   7.,   1.,  30.,   8.,   3.,   8., 276.,  49.],
        [  2.,  22.,  10.,  12.,  18.,   7.,   6.,  12.,  16., 255.],
        [  8.,   5.,  17.,   4., 277.,   5.,   8.,   8.,   8.,  14.],
        [  0.,   4.,   7.,   4., 284.,   9.,   8.,   4.,  15.,   3.],
        [  2.,  14.,   5.,  10., 263.,  14.,   1.,   9.,  11.,  22.],
        [ 11.,   5.,   6.,  41.,  11.,  19.,   3., 139.,  17.,  16.],
        [  6.,   8.,   4.,   3.,   9.,  24.,   3.,   6., 278.,   8.],
        [  5.,   2., 284.,   2.,  19.,   4.,   2.,   1.,   6.,  20.],
        [  1.,  20.,   7.,   6.,   8.,   7.,   6.,  11., 270.,  15.],
        [  1.,   4.,   8.,   1.,  30.,   7.,   3.,  10., 282.,  13.],
        [ 10.,   7.,  11., 244.,   7.,   9.,   2.,   4.,  15.,  20.],
        [  2., 267.,   7.,   5.,   7.,   7.,   2.,   8.,   9.,   8.],
        [ 10.,  10.,   9.,   5.,  12.,   5., 275.,   2.,  13.,   6.],
        [  1.,  10.,   3., 269.,   5.,  10.,   5.,  12.,   9.,   8.],
        [  3., 266.,  24.,   7.,  11.,   5.,   1.,   9.,  11.,   9.],
        [  1., 264.,   5.,   6.,   9.,   9.,   3.,   5.,   8.,   6.],
        [  2., 270.,   6.,   4.,   5.,   3.,   4.,   4.,   7.,   5.],
        [  0.,  19.,  14.,   9.,  11.,  10., 154.,  11.,  20.,  11.],
        [  6.,   4.,   2.,  16.,  13., 285.,   3.,   2.,   5.,  14.],
        [  0.,  10.,  10.,   9.,  17.,   8.,   5.,  26.,  14., 261.],
        [  0.,   8.,   9.,  19.,   8.,   8.,   5., 253.,  10.,  31.],
        [  3., 275.,   7.,   8.,   9.,   2.,   5.,  10.,   6.,   9.],
        [  3., 278.,  13.,   6.,   6.,   5.,   9.,   9.,  11.,   8.],
        [  0.,  11.,   2., 187.,  12.,   5.,   9.,  20.,   5.,  11.],
        [292.,   5.,   3.,  23.,   1.,   6.,   1.,   6.,   2.,   3.],
        [ 25.,   5.,   3.,  16.,   8.,   7.,   5., 268.,  11.,   6.],
        [  6.,   2.,   3.,   2., 285.,  12.,   0.,   4.,   7.,   2.]],
       device='cuda:0')
Epoch 6 | Batch 800
tensor([[  3.,  15.,  17.,   5.,   4., 260.,   4.,  22.,   3.,   4.],
        [  6., 279.,  12.,  13.,   4.,   6.,   6.,  13.,   6.,   8.],
        [291.,   6.,  45.,   0.,   0.,   2.,  24.,  32.,   0.,   6.],
        [  4., 276.,   7.,   9.,   2.,   3.,   4.,   7.,   3.,   5.],
        [  4.,   5.,  10.,  52.,   5., 272.,   7.,  10.,   5.,   3.],
        [  6., 284.,  14.,  12.,   3.,   5.,   9.,  14.,   7.,   7.],
        [  9.,   7.,  11.,   6.,  17.,  20.,   8.,  13.,  14., 256.],
        [ 14.,  12.,   9.,   6.,   2.,   5.,   5.,  15., 276.,  13.],
        [ 10.,  11.,  14.,  33.,   0.,  11.,   3.,  18., 264.,  13.],
        [287.,   6.,  28.,   0.,   2.,   2.,  36.,  30.,   1.,   7.],
        [ 11.,  24.,   9.,   8.,   2.,   8.,   4.,  14., 275.,   9.],
        [ 13.,  14.,  11.,   5.,   9.,  11.,   5., 231.,  25.,  46.],
        [  8.,  15.,   9.,   3.,  10.,   9.,   6.,  17., 266.,  14.],
        [  6.,   4.,   1.,   2.,   2.,   4.,   0., 261.,   3.,   3.],
        [282.,   9.,  13.,   7.,   5.,  14.,   3.,   5.,   5.,  36.],
        [  2.,   7.,   7.,   5., 276.,  12.,   4.,   7.,   7.,  12.],
        [  0.,   7.,   7.,  19.,   9.,  58.,   3.,  61.,   9., 190.],
        [ 38.,  12.,  15.,   2.,   8.,  10., 277.,   4.,   4.,  18.],
        [  1.,   8.,  10.,  24.,  26.,  21.,   8.,   8.,  14., 265.],
        [ 10.,   8.,   4.,  13.,   5.,  17.,   3.,  13., 262.,  31.],
        [ 37.,   2., 270.,  14.,   3.,  13.,  14.,   2.,   2.,   3.],
        [ 33.,   7.,   7.,   5.,  22.,   6.,   2.,  64.,   5., 260.],
        [  0.,  20., 242.,  12.,   5.,   8.,  12.,  11.,   7.,  11.],
        [ 30.,   6.,   3.,   3.,   8.,   9.,   1., 285.,   6.,  11.],
        [  3.,  23.,   6.,  29.,   3.,  14., 206.,  14.,  16.,  11.],
        [ 18.,   6.,   3., 275.,   2.,  49.,   4.,   5.,   7.,   9.],
        [ 24.,   7.,   3.,   5.,  11.,  15.,   2., 282.,   6.,  42.],
        [  3., 265.,   8.,   7.,   3.,   4.,   5.,   8.,   5.,   5.],
        [  2.,   4.,   6.,   7.,   6., 270.,   1.,  13.,   4.,  55.],
        [  9.,   7.,  18.,   6.,  42.,   3., 274.,  18.,   0.,   6.],
        [  1.,  22.,  14.,  10.,   7.,  11.,   6., 236.,  19.,  24.],
        [  0.,  22., 255.,  19.,   5.,  11.,   2.,  29.,   4.,   8.],
        [  8.,  24.,  30.,   4.,  10., 235.,   9.,  17.,   9.,   6.],
        [ 38.,  20.,  15.,   1.,  17.,   8., 253.,  13.,   4.,  14.],
        [  6.,  12.,  11.,  18.,   4.,  12., 253.,  13.,  12.,   9.],
        [ 18.,   5.,  26.,   2.,  12.,  10., 271.,   4.,   5.,  13.],
        [  4.,  13.,   5.,  62.,  10.,  33.,   2.,  14.,  17., 256.],
        [  7.,  29.,  26.,  29.,   2., 151.,   1.,  20.,   9.,   5.],
        [ 63.,   5., 221.,   9.,   3.,  11.,   8.,  10.,  14.,   7.],
        [ 17., 139.,  14.,  46.,   5.,  36.,  11.,  10.,  20.,  12.],
        [  1.,  19.,   6.,  18., 252.,   7.,   4.,  22.,   9.,   9.],
        [  4.,   7.,  12.,   1.,   3.,   5.,   9.,  12., 280.,   8.],
        [ 17.,   4.,   9.,  26.,   2., 265.,  12.,  11.,  10.,   5.],
        [  4., 257.,  12.,  12.,   5.,   7.,   4.,  16.,   3.,   9.],
        [ 31.,   3.,   7.,  28.,   6.,  14.,   0.,   8., 263.,   8.],
        [ 10.,  80., 177.,   4.,   2.,   9.,   5.,   8.,  18.,   5.],
        [  0.,   2.,   4.,  47., 245.,   4.,   0.,  10.,   1.,   4.],
        [ 23.,  10.,  53.,  14.,   0., 252.,  38.,   7.,   3.,   3.],
        [  4.,   9.,  11.,  15.,  10.,  18.,   7.,  20.,  13., 256.],
        [282.,   3.,  20.,   8.,  10.,  10.,   4.,   7.,   4.,   2.],
        [ 14., 127.,  50.,   0.,   5., 227.,   5.,  14.,   5.,   2.],
        [  8., 281.,  12.,   8.,   4.,   3.,   8.,  13.,  13.,   6.],
        [  0., 136.,   9.,  15.,   4.,   7., 178.,  19.,   8.,   6.],
        [  3.,  13., 239.,   4.,   4.,   6.,   0.,   8.,   2.,  16.],
        [  1.,   5.,   5., 266.,   4.,  10.,   3.,  27.,  15.,  26.],
        [  5.,  10.,  11.,   7.,   8.,  10.,   4., 280.,  14.,   8.],
        [ 33.,  10.,  10., 275.,   1.,  46.,   0.,   9.,   9.,   4.],
        [  4.,   5.,   2., 287.,   5.,  10.,   3.,   7.,   8.,  12.],
        [  7.,  11.,  14.,   4.,   4.,   9.,   5.,  21., 271.,  14.],
        [ 21.,   7.,   6.,  10.,  10.,  13.,   5., 258.,   8.,  16.],
        [  1.,   5.,  10.,   8.,   5., 232.,   7.,  13.,   4.,   3.],
        [  0.,   7., 265.,  31.,   4.,   9.,   2.,  48.,   5.,  10.],
        [  3.,  11.,  10.,   5.,   6.,   4., 251.,   4.,   4.,   7.],
        [ 15.,  14.,   7.,   7.,   9., 248.,   4.,  19.,  19.,   9.]],
       device='cuda:0')
Epoch 6 | Batch 900
Switching label layer to Inference Mode (LIF)...
Epoch 6 DONE | Test Acc: 75.79% | Time: 774.5s
Switching label layer back to Training Mode (Clamp)...
tensor([[  0.,   7.,   3.,  11.,  10., 253.,  10.,   4.,   8.,   6.],
        [  2.,   6.,  12.,   4.,  13.,   9., 271.,   8.,  14.,  16.],
        [  6., 280.,   8.,  16.,   6.,   4.,  13.,  11.,  13.,   6.],
        [  1.,  21., 216.,   8.,   8.,  14.,   1.,  18.,  16.,  11.],
        [  5., 218.,  37.,  15.,  18.,   4.,   4.,  13.,  18.,   9.],
        [  0.,  32.,   7.,  32.,   8.,   9., 256.,  11.,  15.,  11.],
        [  4.,   2.,   9.,   9.,   6.,  18.,  15.,  11., 262.,  16.],
        [ 10.,  13.,  12.,   3.,   7.,   4., 206.,   1.,  11.,   6.],
        [  3.,  14.,   7., 294.,   3.,  10.,   5.,   3.,   7.,   3.],
        [  4.,   6.,  10.,  19.,   9.,  10.,   2.,  11., 282.,   5.],
        [  4., 276.,   3.,  14.,  10.,   1.,   8.,   6.,   8.,   4.],
        [  2.,   5., 270.,  10.,   5.,  15.,   1.,  18.,  15.,   5.],
        [  1.,   8.,  11.,  24.,   9.,   7.,   6., 271.,   8.,  16.],
        [  4., 283.,   7.,  16.,   9.,   2.,  25.,   6.,  12.,   4.],
        [  2.,  11.,   4.,  13., 278.,   8.,   5.,  12.,  11.,  16.],
        [269.,   3.,   2.,  11.,   6.,   7.,   0.,   9.,   6.,   7.],
        [288.,   3.,  16.,   4.,  11.,   8.,   2.,   9.,   2.,   1.],
        [  5.,  16.,  16.,  32.,   7.,  15.,   3.,   7., 267.,   4.],
        [  8., 257.,  18.,  11.,  14.,   5.,   9.,  11.,  25.,   5.],
        [  3.,   6.,   7.,  42.,  10.,  12.,   1.,  10., 266.,   6.],
        [  3.,  33.,   8.,  11.,   6.,   3.,   6.,  15., 261.,  12.],
        [  3.,   6.,   7.,  10.,  11.,  10.,   7.,   9.,  14., 273.],
        [  3.,   2.,  71.,   3.,  12.,   8.,   6.,  14., 248.,  13.],
        [  6., 269.,   4.,  13.,   7.,   2.,   7.,  12.,   5.,  11.],
        [  0.,   5.,   1.,  24.,  17.,   8.,   4., 266.,   5.,  21.],
        [  6.,   4., 273.,   9.,   3.,  13.,   0.,  18.,  17.,   8.],
        [  5.,  24.,  17., 271.,   7.,   6.,   8.,  13.,   2.,   3.],
        [  2.,  19.,   3.,  15., 260.,  10.,   3.,  21.,  16.,  12.],
        [  0.,  11., 275.,  14.,   7.,  11.,   4.,   7.,   7.,   2.],
        [  6., 259.,  22.,  10.,  15.,   5.,   7.,  14.,  20.,   5.],
        [ 32.,   1.,  37.,   3.,  11.,   8.,  28.,   1.,   3., 227.],
        [  4.,   3.,   9.,  15., 227.,   6.,   9.,   6.,   3.,   1.],
        [  4.,  14.,   0., 281.,  10.,   7.,   7.,  13.,   3.,  12.],
        [  7.,  11.,   1., 291.,   7.,  11.,   3.,   4.,   9.,   4.],
        [  0.,   7.,  10.,   7.,  38.,   6., 280.,   5.,  20.,  10.],
        [ 31.,   9.,  44.,   3.,   3.,  13., 266.,   3.,   7.,   4.],
        [  5., 261.,  12.,  11.,   9.,   4.,   8.,   9.,  10.,   5.],
        [  0.,   9.,   0., 230.,  11.,   9.,  27.,  61.,   0.,   9.],
        [ 28.,  29.,   4.,  11.,  36.,   4.,   5.,   8., 160.,   4.],
        [  1.,   5.,  33.,   8.,   7.,   4.,  13.,   8., 278.,   3.],
        [  3.,   7.,   2., 293.,  14.,   9.,   0.,   5.,  11.,   2.],
        [  7.,  13.,  10., 292.,   9.,   8.,   0.,   5.,   5.,   2.],
        [ 45.,   3.,   7.,  23.,   4., 245.,   0.,  20.,  14.,   7.],
        [  4., 268.,  12.,  15.,  10.,   4.,   9.,  15.,  12.,   6.],
        [ 10.,   9.,   5.,  11.,   6.,   7.,   5., 264.,   9.,  17.],
        [  7.,   8., 248.,   2.,  10.,   5.,   9.,   4.,  12.,  41.],
        [  5., 279.,   4.,  11.,   6.,   2.,  10.,   8.,   8.,   5.],
        [ 15.,   5.,   1.,   4.,  12.,   8.,   2., 271.,   9.,  13.],
        [  0.,  22.,  23.,   8.,   8.,   4.,   3., 271.,  15.,   2.],
        [  0.,  12., 255.,  11.,  31.,   7.,   0.,   6.,  13.,   8.],
        [  5.,  16.,   9.,   7.,  24.,   7.,  28.,   9.,  15., 227.],
        [  1.,  14.,  14.,   6.,   3.,   6., 249.,   8.,  15.,   6.],
        [  7.,   5.,   2.,  67.,  10., 277.,   1.,   5.,  31.,   8.],
        [  7.,   4., 290.,   3.,   8.,   8.,  10.,   2.,  17.,   4.],
        [  1.,  10.,  13.,   4.,  27.,   5.,  14.,  14., 270.,   7.],
        [  7.,  15.,   1., 281.,   6.,  35.,   2.,   7.,   7.,   5.],
        [  0.,   6.,   6.,  12., 267.,  15.,   4.,  14.,  73.,   3.],
        [  2.,  12.,   7.,   9.,  14.,   7.,  14.,  25.,   9., 257.],
        [  3.,  21.,   1., 263.,  10.,   9.,   4.,  15.,  15.,  10.],
        [ 12.,  10.,  13., 290.,   5.,  19.,   0.,   5.,   4.,   2.],
        [  0.,   5.,   9.,  25., 275.,   8.,   5.,  21.,   9.,   9.],
        [  2.,  15.,   6.,  12.,   7.,   9.,  16.,  17.,  19., 226.],
        [ 17.,  17., 259.,  40.,   4.,   8.,   5.,   2.,   7.,   3.],
        [  4.,  11.,   9.,  20., 253.,   6.,  12.,  15.,  15.,  10.]],
       device='cuda:0')
Epoch 7 | Batch 0
tensor([[  1.,  18.,   4.,  32.,   6.,   9.,  16.,  15.,  15., 236.],
        [  0.,   4., 278.,  17.,   0.,  16.,  25.,  89.,   1.,   1.],
        [  0.,   5., 269.,  31.,   5.,  20.,   0.,  17.,  17.,   9.],
        [  1., 274.,  12.,  11.,   4.,   4.,  20.,  18.,   8.,   8.],
        [  2., 277.,  14.,  13.,   4.,   3.,  15.,  16.,   9.,   5.],
        [275.,   4.,   3.,   0.,  41.,   1.,  42.,  14.,   0.,   0.],
        [  0.,   9.,   2., 237.,   9.,   2.,   4.,  29.,  10.,  93.],
        [  0., 124.,   6.,   9.,   4.,   3.,  12.,  14., 160.,   7.],
        [ 14.,   8.,  25.,   2.,   2.,   9., 276.,   2.,   5.,   4.],
        [  1.,  22.,   2.,  19., 244.,  10.,   4.,  12.,  21.,  13.],
        [  2.,   5., 292.,   7.,   2.,   9.,   7.,   4.,   3.,   6.],
        [  6.,   3.,  17.,   3.,   4.,   4., 294.,   4.,   1.,  10.],
        [  0.,  16.,  13.,   2.,  11., 238.,  28.,   8.,  15.,   8.],
        [  4.,  29.,   3., 270.,   7.,  10.,   6.,   6.,  10.,   6.],
        [  0.,   7.,  12.,   7.,   2.,   7., 286.,   7.,   2.,   6.],
        [  0.,   5.,   7.,  17.,  10., 225.,  12.,   7.,  12.,   3.],
        [  0.,   6.,  13.,  20.,  12.,  14.,   9.,  10.,  17., 264.],
        [  0., 140.,  25.,   6.,   0.,   3.,  10.,  17., 151.,   8.],
        [  0.,   7.,  13.,  15.,  26.,   8.,  10., 258.,  18.,  27.],
        [286.,   5.,   8.,   3.,   0.,   8.,   9.,   9.,   8.,   7.],
        [  2., 278.,   8.,   9.,   4.,   2.,  13.,  11.,   6.,   6.],
        [  9.,  22.,  12., 268.,   2.,   7.,  29.,   5.,   2.,   5.],
        [ 23.,   5.,   6.,   9.,   7.,   8., 283.,   2.,   3.,   6.],
        [  1., 269.,   8.,  12.,   6.,   2.,  13.,  15.,   6.,   6.],
        [  0.,   3.,   8.,   6.,  20.,  10., 276.,   3.,   2.,  12.],
        [  2.,   4.,   9.,   5.,   7.,   8.,  18.,  15.,   3., 254.],
        [  0.,  15.,   6., 249.,   8.,  13.,  13.,   5.,   9.,   8.],
        [ 14.,   4.,  51.,   0., 188.,   3.,  15.,   6.,   0.,   1.],
        [ 22.,   7.,   5.,   5.,   4.,   5., 290.,   1.,   4.,   5.],
        [  3., 278.,   7.,  10.,   5.,   4.,  22.,  11.,  10.,   6.],
        [  0.,  19., 283.,   3.,   3.,   9.,   9.,   5.,  15.,  10.],
        [  0.,   7.,  24., 268.,  13.,   9.,   4.,   4.,  11.,  15.],
        [260.,   7.,  10.,   3.,   3.,   8.,  15.,   5.,   5.,   5.],
        [  0.,  38.,   8.,  15.,   3.,   7.,   5.,  12., 255.,   6.],
        [  0.,  13.,   7.,  14.,   8.,   7.,  21.,  13.,  12., 245.],
        [  1.,  29.,   4.,  46.,   2.,  17.,   7.,  15.,  19., 140.],
        [  0.,   5.,   3.,  16.,  20.,   8.,   4.,  16., 264.,  10.],
        [  0.,  23.,  10.,  13., 203.,  12.,  11.,  21.,  10.,   5.],
        [  0.,   9.,   4.,   9., 233.,  16.,  10.,  12.,   6.,   3.],
        [  2., 275.,   5.,  16.,   5.,  10.,  15.,  13.,  15.,   9.],
        [  7.,   4.,  11.,   4., 270.,   8.,  33.,   8.,   5.,   2.],
        [  2., 273.,   6.,  14.,   5.,   2.,  21.,  18.,  12.,   9.],
        [  2., 278.,   6.,  11.,   6.,   2.,  13.,  14.,   8.,   8.],
        [  2., 277.,  12.,   9.,   3.,   6.,  24.,  13.,  11.,   5.],
        [  0.,  12.,  34.,   7.,  11.,  10., 264.,   8.,   6.,   9.],
        [ 14.,   7.,  17., 278.,   7.,  16.,   7.,   2.,  10.,   8.],
        [ 12.,  11.,   1.,  20.,   3.,   7., 281.,   2.,   7.,   8.],
        [ 19.,   6.,   2.,   8.,   6.,  10.,   6., 254.,  11.,  24.],
        [ 29.,  14.,   3.,   1.,   4., 244.,   4.,  14.,  23.,   5.],
        [ 21.,   2.,   2.,   4.,   3.,  12.,   1., 286.,   7.,   5.],
        [ 19.,   5.,  38.,   4.,   0.,   3.,  19.,   9.,   1., 147.],
        [  4.,  23.,   3., 257.,   6.,  11.,   9.,   8.,  19.,  10.],
        [  1., 276.,  20.,  12.,   4.,   1.,   8.,  10.,  10.,   4.],
        [  3.,   8.,   6.,   5.,  25.,   5.,   9.,   8.,  12., 266.],
        [  1., 272.,   8.,  12.,  10.,   2.,   9.,  23.,   5.,   5.],
        [  4.,   5., 260.,   1.,  12.,   6.,  41.,   4.,   4.,   4.],
        [  1., 246.,   1.,   5.,   1.,   4.,   5.,   6.,   2.,   2.],
        [ 15.,   1., 274.,   8.,   2.,  11.,  21.,  10.,   8.,   6.],
        [  6.,   5.,   3.,   9.,  21.,  10.,   8., 252.,   9.,  23.],
        [  0.,   5.,  20.,  66.,  12.,  17.,   6.,  35., 240.,   7.],
        [  0.,  20.,  47., 231.,   3.,   6.,  16.,   6.,   9.,   5.],
        [  1.,  12., 284.,   2.,   0.,  12.,   5.,   8.,  22.,   6.],
        [ 27.,  13.,   3.,   2.,   9., 268.,  12.,  12.,   8.,   5.],
        [  0.,   6.,  10.,  16.,   6.,  10.,   7., 252.,  13.,  17.]],
       device='cuda:0')
Epoch 7 | Batch 100
tensor([[  0.,  14.,   7.,   8.,  15.,  15., 266.,   6.,  19.,   6.],
        [  6., 276.,   9.,   6.,   9.,   2.,   8.,  13.,   6.,   8.],
        [  8.,  18.,   4., 158.,  13.,   8.,   1.,  11.,   5.,   9.],
        [  1.,   7.,   5.,  20., 276.,   5.,   1.,   9.,  10.,  40.],
        [ 72.,   5., 107.,  13., 156.,   3.,  21.,   0.,   0.,   0.],
        [  2.,   9.,   6.,  15.,  14.,  12.,   3.,  12.,   9., 252.],
        [  6.,  13.,   8.,   2.,  30.,   4.,   4.,  20., 239.,  19.],
        [  0.,  12.,  15.,  27.,  25.,   5.,   0.,  14.,   8., 252.],
        [  6.,   8., 261.,   5.,  28.,   4.,  19.,   1.,   3.,   1.],
        [ 23.,   2.,  29.,   2.,  12.,   0., 283.,   0.,   0.,   6.],
        [  1.,   9.,   5.,   4.,  33.,  13.,   3.,  10.,  15., 250.],
        [  7.,  11.,   4., 274.,  18.,   8.,   1.,   6.,   3.,  12.],
        [296.,   5.,  10.,   2.,   6.,   7.,   4.,  12.,   2.,   6.],
        [  3.,  19.,   8.,   6.,  14.,   3.,   4.,  16., 251.,   9.],
        [  3.,  17.,   6.,  11., 269.,   4.,  21.,  13.,   4.,   7.],
        [  1.,   8.,   4.,   3.,  12.,   7.,   4.,  26., 267.,  21.],
        [  1., 228.,   7.,   7.,  16.,  10.,  14.,  18.,   8.,  26.],
        [ 28.,   8.,   4.,   5.,  27.,  11.,   6., 250.,   5.,  20.],
        [ 22.,  17.,   6., 252.,   8.,  20.,   2.,   7.,   7.,   7.],
        [  8.,  11., 277.,   4.,   7.,  10.,   9.,  11.,   9.,   8.],
        [  2.,   6.,   9.,  13., 269.,   7.,  21.,   8.,   6.,  10.],
        [  1.,  14.,   5.,  11.,  13.,   7.,   9.,  12.,   6., 259.],
        [ 15.,   3.,  13.,   2.,  12.,   2., 276.,   3.,   2.,   4.],
        [  5.,  21.,   7., 261.,  25.,   6.,  10.,   6.,   6.,   8.],
        [  7.,  13.,   2., 277.,  14.,  12.,   1.,   4.,  12.,   4.],
        [  4.,   6.,  14.,  10.,  16.,   9.,   0.,   7., 276.,   4.],
        [  0.,  12.,  12.,   5.,  31.,   3.,   9., 268.,  13.,  13.],
        [  4.,  13.,   5., 277.,   6.,  12.,   6.,   2.,   5.,   4.],
        [  2.,   6.,   9.,  16.,  32.,   4.,   2., 275.,   7.,  21.],
        [  9.,   5.,   2.,  14.,   8., 271.,   0.,   3.,  47.,   8.],
        [  1.,  11.,   3.,  19., 269.,   9.,   5.,  12.,   9.,   7.],
        [  3.,   6.,  10.,   9., 269.,   5.,   6.,  12.,  14.,   8.],
        [  0.,  24., 280.,  11.,   7.,   9.,   4.,   1.,   8.,   2.],
        [275.,   5.,  10.,  31.,   8.,  10.,   7.,   5.,   8.,   2.],
        [  1.,   8.,   4.,   7.,  10.,   8.,  28.,  18., 248.,  46.],
        [ 34.,   6.,   2.,   3.,  46.,   7.,   3., 241.,   4.,  21.],
        [  0.,   5.,   5.,  28.,  22.,  13.,   4.,  20.,   7., 271.],
        [  4.,   7.,   7.,  17.,  28.,   5.,   3., 283.,   5.,  12.],
        [ 14.,   7.,  16.,   3.,  15.,   0., 221.,   4.,  11.,   2.],
        [ 39.,   5.,   1.,  10.,   9., 262.,   0.,  29.,  29.,   8.],
        [ 16.,   6., 278.,   7.,   3.,   2.,  65.,   0.,   1.,   2.],
        [  0.,  29.,   9.,   9.,  13.,   9.,  15., 237.,  10.,  14.],
        [  3.,   7.,   5.,  20.,  12.,   7.,   6.,  14.,   7., 266.],
        [ 12.,  54.,   9.,   4.,   8.,   3.,   3.,   9., 238.,   7.],
        [  1.,  31.,   3.,   8., 276.,  17.,   4.,   5.,  10.,   1.],
        [  8., 262.,  18.,   6.,  15.,   2.,   8.,   8.,  13.,   2.],
        [  5.,   6.,   7.,   9.,  14.,   5.,   5., 278.,   6.,  15.],
        [  0.,   6.,   5.,  22., 275.,   6.,   8.,   4.,  12.,  12.],
        [  6.,   7.,   4.,   7.,  51.,   5.,   7., 256.,   5.,  13.],
        [263.,   4.,  11.,  10.,  19.,   7.,   4.,   7.,   5.,  10.],
        [  4.,  10.,  12.,   8.,  24.,   4.,  13.,   8.,  17., 235.],
        [  0.,   8.,  11.,  11.,  15.,   8., 276.,   6.,   4.,  10.],
        [  1.,  16.,  14.,   7.,  20.,   4.,  15., 243.,  20.,  21.],
        [  6.,   6.,  12.,   5.,  26.,   2., 202.,   5.,   5.,   5.],
        [  1.,  13.,   5.,  10.,   8.,   8.,   7.,  14.,  14., 260.],
        [  3.,   4.,   4.,  14.,  12.,  12., 278.,   4.,   7.,   9.],
        [  0.,   9.,   8.,  13.,  13.,   8., 269.,   6.,  19.,  10.],
        [ 18.,  13.,   8., 264.,   6.,   8.,  29.,   0.,   1.,   2.],
        [  1.,   6.,   5.,  15., 289.,   5.,   0.,  12.,   6.,  18.],
        [  4.,   5.,   4.,  14.,  12.,   8., 277.,   3.,   6.,   8.],
        [ 11.,   6.,  14.,   4.,  18.,   3.,  11.,   5.,   8., 248.],
        [ 19.,   2.,  21.,   0.,  18.,   0., 295.,   0.,   3.,   5.],
        [  7.,   8.,   9.,   8.,  10.,   4.,   4.,  13., 265.,  20.],
        [282.,   6.,   6.,  17.,   5.,   3.,   1.,   3.,   9.,   0.]],
       device='cuda:0')
Epoch 7 | Batch 200
tensor([[ 37.,   6., 266.,   3.,   7.,  11.,  11.,   1.,  13.,   9.],
        [  7.,  15.,   5.,   5.,  18.,  13.,   6.,   9., 247.,  22.],
        [ 19.,   8., 270.,   0.,  14.,   8.,  20.,   0.,   8.,   9.],
        [289.,   5.,   7.,  15.,   3.,   9.,   0.,  10.,   6.,   6.],
        [286.,   7.,  11.,   0.,   6.,   8.,  13.,   0.,   7.,   4.],
        [297.,   6.,  13.,   0.,   3.,   4.,  11.,   0.,   4.,   2.],
        [  3.,   4., 250.,  42.,   6.,  14.,   0.,  14.,  12.,  11.],
        [ 15.,   5.,  11.,   1.,  16.,   3., 293.,   1.,   2.,  13.],
        [  6.,  10., 264.,   5.,   6.,  10.,  14.,   8.,   9.,  17.],
        [294.,   2.,  17.,   3.,   4.,  10.,   9.,   0.,   1.,   6.],
        [  0.,   5.,   1.,   8.,  12.,  22.,   4., 263.,  10.,  38.],
        [ 11.,   3.,   6.,   3., 250.,   6.,  15.,   3.,   7.,  22.],
        [  4.,   8.,   6.,   5.,   3.,   8.,   4., 271.,  12.,  33.],
        [  0.,   7.,  48.,  31.,  10.,   5.,  44., 194.,   8.,  11.],
        [276.,   3.,   8.,   5.,  15.,  16.,  11.,   3.,  10.,  16.],
        [  6.,  14.,   8.,  11.,  20.,  28.,  18.,  10.,  31., 164.],
        [ 22.,   3.,  13.,   1., 267.,  12.,  27.,   2.,  10.,  19.],
        [ 12.,  15.,   7.,   8.,   8., 260.,   1.,   7.,  29.,  15.],
        [  3.,   4.,   4.,   4.,  12., 195.,   7.,   3.,  10.,  26.],
        [291.,   2.,   3.,   2.,   6.,  10.,   8.,   0.,   5.,   6.],
        [  2.,   9.,   4.,   7.,  19.,  12.,   9.,   7.,  13., 281.],
        [  6., 273.,   4.,   6.,   5.,   4.,  10.,   4.,   5.,   7.],
        [ 23.,   5., 280.,   6.,   6.,   9.,  23.,   0.,  11.,   5.],
        [  2.,  15.,  17.,  24.,   3.,   8.,   5., 235.,  12.,  22.],
        [  7., 280.,   8.,   7.,   6.,   6.,  10.,   7.,   7.,  11.],
        [ 35.,   4.,   7.,   6.,   8.,  30., 262.,   2.,   7.,   7.],
        [209.,  13.,   3.,  32.,  11.,  13.,   8.,   3.,  13.,   6.],
        [  8., 280.,   8.,   8.,   7.,   6.,  14.,   6.,   8.,  11.],
        [  3.,   8.,   4.,  14.,   5.,  18.,   9.,  11.,  14., 275.],
        [  6., 272.,   3.,   7.,   4.,   4.,   7.,   5.,   6.,  12.],
        [  6.,  10.,   7.,  10.,  21.,  19.,  14.,   7.,  37., 242.],
        [  4.,  25.,   6.,   6.,   3.,  11., 270.,   5.,  20.,  10.],
        [  6., 283.,   7.,   8.,   6.,   5.,  20.,   5.,  11.,   9.],
        [ 48.,   2.,  24.,   0.,  39.,   9.,  17.,   0.,  13., 248.],
        [  7., 279.,   4.,   7.,   7.,   5.,  10.,   6.,   7.,  10.],
        [ 16.,  10.,  27.,   3.,  13.,  24.,  10.,   7., 268.,  13.],
        [  5.,   7.,   7.,  18.,   4.,  14.,   3.,   9.,  18., 273.],
        [  2.,   8.,   4.,   7.,  11.,  12.,   4.,   5.,  12., 281.],
        [  6.,  21.,  11.,   8.,  20.,  16.,   3.,  10., 191.,  32.],
        [  4., 268.,   3.,   4.,   3.,   4.,   7.,   2.,   4.,   8.],
        [294.,   1.,  22.,  39.,   1.,   3.,   7.,  25.,   1.,   8.],
        [ 10.,   8.,   5.,   2.,   4.,   8., 261.,   3.,   4.,   6.],
        [  8.,   7., 257.,  21.,   6.,  13.,   6.,   4.,  11.,   8.],
        [  6.,   9.,   6.,   6.,   8.,  17.,   7.,  10.,  13., 274.],
        [  9.,   9.,   3.,   6.,  13.,  19.,   5.,   5., 267.,  22.],
        [ 34.,  11., 276.,   2.,   7.,   9.,   8.,   1.,  10.,  10.],
        [ 21.,  27.,   9.,   1., 262.,   7.,  67.,   0.,   2.,   5.],
        [ 12.,  15.,   3.,  11.,   7.,  16.,   2.,   7., 264.,  17.],
        [  4.,   4.,   1.,   8., 267.,  23.,  10.,  10.,  10.,  44.],
        [  3.,  94.,   2.,  12., 187.,   9.,  11.,   5.,   9.,   6.],
        [  2.,   7.,   2.,  10., 238.,  31.,  12.,  12.,  19.,  48.],
        [ 14.,   9.,  12.,   2.,   9.,  10.,  11.,   6.,  13., 264.],
        [  7., 274.,  11.,   6.,   9.,   5.,  10.,   7.,   8.,  12.],
        [  7., 273.,   6.,   8.,   6.,   5.,  10.,   5.,  10.,   8.],
        [ 38.,   4.,   7.,   1.,   8.,   9., 273.,   1.,   3.,   9.],
        [  7.,  23.,   5.,  15.,  10.,  15.,  13.,   3., 155.,  11.],
        [304.,   1.,  16.,   0.,   4.,   1.,  26.,   3.,   2.,  14.],
        [302.,   1.,   9.,   0.,   3.,   5.,   7.,   0.,   5.,   3.],
        [ 16.,   4.,   6.,   7.,  17.,  17.,   8.,  13., 244.,  20.],
        [295.,   6.,  16.,   2.,   1.,   6.,   6.,   0.,   3.,   4.],
        [  3.,  13.,   6.,   8.,   5.,  11.,   9.,  16.,  13., 272.],
        [ 15.,   3.,  19.,   2., 267.,   6.,   4.,   6.,   1.,  27.],
        [ 18.,   3.,   5.,  12.,   9., 263.,   5.,   0.,  14.,  12.],
        [  3., 256.,   7.,  13.,   8.,  12.,  13.,   6.,   5.,  12.]],
       device='cuda:0')
Epoch 7 | Batch 300
tensor([[  0.,  40., 289.,  16.,   6.,  11.,   1.,   1.,   4.,   3.],
        [  3.,  40.,  15.,  10.,  13.,  15.,   5., 238.,  18.,  18.],
        [  1.,   8.,   9.,   9.,   7.,   6.,   0., 282.,   7.,  19.],
        [293.,   6.,  13.,   0.,   5.,   7.,   3.,  16.,   1.,  12.],
        [  5., 271.,   7.,   9.,  15.,   6.,   1.,  10.,   5.,   8.],
        [  4.,   4.,  11.,   4., 271.,   8.,   0.,  20.,   5.,  80.],
        [  6.,   6.,  16.,   1.,  37.,  15.,   0.,   8., 259.,  20.],
        [  2.,   8.,   9.,   5.,  18.,   9.,   1., 272.,   9.,  21.],
        [  2.,  17.,   3.,   6.,  18.,  19.,   0., 261.,  14.,  16.],
        [  5.,   9.,   8.,   3.,   9.,  17.,   4.,  10., 270.,  15.],
        [  5.,  16.,   9.,   2.,  15.,  13.,   5.,  12., 244.,  28.],
        [ 55.,   4.,  13.,   6.,  13., 266.,  16.,   1.,   4.,   5.],
        [  4.,  20.,   9.,  10.,   5.,  15.,   0., 280.,   8.,  16.],
        [279.,   6.,  11.,   3.,   8.,  12.,   4.,  10.,   2.,  15.],
        [  3.,   6.,   9.,  10.,  31., 253.,   4.,   5.,  20.,  11.],
        [ 14.,   5., 157.,  10.,  18.,   9.,   0.,  16.,   1.,   9.],
        [  7., 285.,  10.,  16.,  10.,   6.,   0.,   8.,   5.,  11.],
        [295.,   5.,   8.,   2.,  11.,  12.,   1.,   8.,   3.,   4.],
        [  0.,  22.,  45.,  21.,  26.,   7.,   6., 202.,  10.,   6.],
        [  9.,   4.,   7.,   1.,  16.,  35.,   0.,  11., 276.,  15.],
        [ 10.,  17.,   8., 267.,  11.,  17.,   0.,   6.,   6.,   5.],
        [ 10.,   8., 291.,   1.,  19.,  11.,  14.,   0.,   6.,   3.],
        [ 16.,   4., 254.,   6.,  32.,   9.,   9.,   0.,   0.,   6.],
        [  2.,  10.,  10.,   5., 276.,  10.,   1.,  35.,   9.,  18.],
        [ 19.,   4.,   3.,  18.,  14., 277.,   0.,   3.,  10.,  12.],
        [231.,   3.,  15.,   7.,  34.,  14.,   7.,   9.,  10.,  13.],
        [  4.,  28.,   9.,  15.,  12.,  16., 240.,   6.,  13.,   5.],
        [  1.,   3.,   7., 166.,  66.,  18.,   0.,   6.,   5.,  12.],
        [  2.,  13.,   5.,  13.,  15.,   9.,   1., 245.,   9.,   9.],
        [  4.,   8.,   5.,   4., 290.,  11.,   0.,   4.,  12.,  17.],
        [ 11.,  13.,   6.,  33.,  11.,  16., 238.,   4.,  11.,   5.],
        [  6.,  28.,   7.,  25.,   4.,   7.,   1.,  14., 256.,  11.],
        [ 15.,   6.,   5.,  15.,  11.,  12.,   9., 280.,   8.,   2.],
        [ 13.,   7.,   3.,   6.,  13.,  14.,   0., 271.,   6.,  34.],
        [  9.,   8.,   7.,   6.,  15.,   8.,   0.,  11., 282.,  13.],
        [ 13.,   4.,  11.,   4.,  18.,   7., 276.,   5.,   5.,  11.],
        [ 11.,   4.,  18.,   4.,  14.,  15., 272.,   5.,   9.,   7.],
        [  0.,   7.,  10.,   2.,   4., 245.,   0.,   3.,   1.,   1.],
        [  9.,   1.,   5.,   0., 280.,  13.,   1.,  10.,  20.,  11.],
        [  4., 137.,   3.,   7., 158.,  12.,   0.,   7.,  11.,   4.],
        [  5., 276.,  17.,  12.,  12.,   6.,   0.,   7.,  11.,   4.],
        [  7.,   5.,   6.,   5.,  49.,   7.,   0.,   7.,  13., 273.],
        [  5.,   9.,   7.,   5.,   7.,   7.,   0., 286.,   7.,  12.],
        [  2.,   7.,   6.,  13.,  16., 265.,   0.,   4.,  13.,  39.],
        [ 54.,   1.,  16.,   0.,  15.,  15., 276.,   3.,   5.,   9.],
        [300.,   2.,   3.,   6.,   6.,  33.,   0.,   6.,   3.,   4.],
        [296.,   2.,   8.,   6.,  11.,  21.,   3.,   7.,   3.,   5.],
        [291.,   6.,  21.,   0.,  14.,   4.,  24.,  20.,   2.,  11.],
        [  2.,  15.,  27.,   9.,  22., 247.,   1.,   7.,   8.,   7.],
        [  2.,  11.,   7.,   7., 265.,  11.,   0.,  16.,  15.,  32.],
        [ 16.,   1.,  20.,   2., 282.,   5.,   3.,   7.,   2.,   6.],
        [  1.,  23., 281.,  27.,   7.,  18.,   0.,   2.,  10.,   7.],
        [  4., 276.,   8.,  17.,   9.,   5.,   1.,   8.,   7.,   9.],
        [  7.,  13.,  62., 158.,   9.,   7.,   5.,   5.,   2.,   6.],
        [295.,   1.,  28.,   0.,  12.,  10.,   3.,   3.,   4.,   3.],
        [  8.,   4.,   7., 248.,  26.,   9.,   0.,   7.,  32.,  14.],
        [  6.,   8.,   1., 273.,  11.,  57.,   0.,  10.,   5.,  12.],
        [  2.,   6.,  11.,   4.,  13.,  11.,   0., 276.,   9.,  25.],
        [297.,   1.,  13.,   2.,  10.,  23.,   5.,   4.,   1.,   6.],
        [  0.,   9.,   3.,   7.,   7.,  10.,   0., 277.,   9.,  15.],
        [  7.,   9.,   6., 258.,  10.,  33.,   1.,   5.,   7.,   9.],
        [  5.,   9.,   6.,   8.,  33.,  12.,   0.,   6.,   9., 274.],
        [ 40.,   3.,   9.,   8.,  29., 263.,   3.,   1.,  10.,  13.],
        [  2.,  17.,  84., 266.,  19.,   5.,   0.,   6.,  15.,   6.]],
       device='cuda:0')
Epoch 7 | Batch 400
tensor([[305.,   0.,   7.,  10.,   3.,  16.,   5.,   4.,   0.,   1.],
        [  9.,  22.,   4.,   8.,  14.,  12.,   5., 244.,  12.,   5.],
        [ 16.,   1.,  15.,   4.,  20.,   3.,   8.,   7.,  14., 255.],
        [  8.,  10.,   6., 280.,   5.,  21.,   1.,   3.,  23.,   5.],
        [  4.,  14.,   6.,  12.,   5.,  25.,   3.,  30.,   9., 261.],
        [  0.,   3.,   3.,   4.,   9.,   6.,   1., 291.,  11.,  18.],
        [  2.,   7.,  14.,  11.,  12.,  14.,   3.,   8.,  24., 260.],
        [ 12., 258.,   5.,  19.,   6.,  20.,   6.,  18.,  11.,  14.],
        [  0.,   5.,   5.,   1.,   9., 290.,   0.,  12.,   4.,  17.],
        [  8.,   2.,   9.,   3., 252.,  12.,  16.,  26.,   8.,   8.],
        [ 20.,   3., 270.,   0.,   9.,   8.,  12.,   2.,   7.,   4.],
        [ 28.,   1.,  13.,   5.,   5., 252.,  32.,   2.,  22.,   6.],
        [ 45.,   0.,  33.,  11.,   7.,   9.,  28.,   4., 270.,   5.],
        [  9.,   8.,   4., 281.,   4.,  21.,   4.,   4.,  28.,   6.],
        [282.,   0.,  19.,   6.,   6.,   8.,  11.,   0.,   7.,   0.],
        [  6.,   5.,   8.,   4.,   5.,   7., 264.,   6.,   6.,   9.],
        [ 29.,   2.,   9.,   7.,   6.,   8., 271.,   6.,  19.,   7.],
        [ 12.,   7.,   8.,  10.,  10., 281.,   1.,  16.,   5.,   4.],
        [297.,   1.,  15.,   0.,   0.,   2.,  23.,  12.,   3.,   2.],
        [  3.,  21.,   7.,  15.,   6.,  12.,   8.,  25.,  18., 249.],
        [  4.,  18.,  27.,  11.,  20.,   5.,   7., 239.,  21.,   6.],
        [  7.,   2.,  12.,   5.,  10.,  13.,   2.,  10., 273.,  11.],
        [  1.,   8.,   6.,  15.,   3.,  36., 252.,  10.,  25.,  11.],
        [  1.,  21.,   7.,   8.,   6.,  14.,   7.,  10., 252.,   8.],
        [291.,   2.,   5.,  13.,   3.,   8.,  17.,   7.,   5.,   6.],
        [  0.,  17.,   3.,  24.,   4.,  34., 238.,  12.,  29.,  12.],
        [  6.,   6.,   8.,   5.,   2., 280.,   0.,  18.,  15.,  14.],
        [ 12.,   2., 269.,   2.,  15.,  10.,   6.,   4.,   5.,  10.],
        [  0.,   4.,   2.,  13., 257.,  14.,   4.,  14.,  18.,  12.],
        [  1.,   5.,   3.,   8., 243.,  25.,   7.,  27.,  14.,  14.],
        [  1.,   4.,  19.,  20.,   6.,  12.,   3., 280.,   7.,   8.],
        [ 10.,   6.,  14.,   4.,  14.,   4., 285.,   5.,   3.,   7.],
        [  3.,   5., 277.,  13.,   2.,   8.,   2.,   3.,  26.,   3.],
        [  0.,  24., 274.,  12.,   0.,  15.,   6.,   4.,  13.,   3.],
        [  5.,  12.,   4.,  11.,   7., 273.,   1.,  25.,   6.,  10.],
        [ 21.,   4.,  15.,  34.,   3., 281.,   1.,   4.,   9.,   5.],
        [  1.,   6.,   2.,  14., 243.,  17.,   5.,  44.,  12.,  11.],
        [  2.,   4.,   6.,  15., 261.,  10.,  10.,  13.,  15.,  18.],
        [  3.,   3.,  12.,   9.,  10., 258.,  36.,   3.,  34.,   5.],
        [  6., 274.,   5.,  12.,   3.,   7.,   7.,  10.,  11.,  11.],
        [  0.,  13., 288.,  14.,   0.,   9.,  16.,   2.,   4.,   3.],
        [  9.,   6.,  20.,  18.,   8.,   7.,   3., 254.,  11.,  11.],
        [ 12.,   8.,  11.,   7.,   7.,   9.,  37.,   6., 155.,   7.],
        [  1.,   2.,   5.,  11.,   4.,   5.,   3.,  11.,   4., 222.],
        [ 51.,   5.,  78., 213.,   7.,   4.,  61.,   3.,   3.,   2.],
        [  2.,   7.,  11.,  11., 253.,  15.,  11.,  21.,  15.,  13.],
        [  4., 278.,   7.,   8.,   6.,   8.,   8.,  12.,  11.,   6.],
        [  1.,   4.,  11.,   3.,   6.,  19.,   5.,  10., 286.,   5.],
        [  0.,  19.,   7.,   7.,   9.,  13.,   3., 275.,   9.,  11.],
        [ 12.,   3.,   8.,   4.,   8.,   3.,  11.,  11.,   4., 256.],
        [ 10.,   2.,  13., 263.,  24.,   5.,   2.,   2.,  16.,  10.],
        [  9., 275.,   6.,  14.,   5.,  10.,   8.,  12.,  18.,  16.],
        [  1.,  17.,   4.,  11., 186.,  29.,   9.,  22.,   9.,  33.],
        [229.,   2.,   7.,  13.,  13.,  12.,   3.,   6.,   6.,  12.],
        [264.,   0.,  17.,   1.,  11.,   3.,  21.,   3.,   0.,   4.],
        [  0.,   6.,   2.,  19., 246.,  18.,   3.,  12.,  13.,  48.],
        [156.,   6.,  39.,  11.,  28.,  21.,   2.,   5.,  10.,   7.],
        [  6.,   3.,  14.,  10.,  15.,   5.,   8.,  14.,  10., 251.],
        [  3.,  13.,   7.,  13.,   6.,  14.,   6.,  27.,  10., 264.],
        [  9.,   3.,   4.,   7.,   3.,   9.,   2., 284.,   8.,  14.],
        [  6., 266.,   5.,  17.,   7.,  19.,  10.,  14.,  14.,  11.],
        [  5.,  25.,   4.,  19.,   8.,  34.,   6.,   7.,  11., 257.],
        [286.,   3.,   5.,  10.,   5.,   6.,   0.,  14.,   3.,  11.],
        [  4., 265.,   4.,  15.,   8.,  25.,  13.,  13.,  16.,  12.]],
       device='cuda:0')
Epoch 7 | Batch 500
tensor([[  5.,   6.,   8.,  22.,   9.,  19.,  16.,  11., 239.,  17.],
        [ 10.,  71.,  41.,   0.,   7., 148.,   1.,  11.,   4.,   6.],
        [  1.,  23.,  10.,  11.,  10.,   6.,  10., 277.,  12.,  11.],
        [  1., 278.,  44.,   8.,   7.,   3.,   6.,   7.,   6.,   7.],
        [ 19.,  13.,  12.,   6.,   9.,  11., 255.,   8.,   6.,   7.],
        [ 12.,   5.,  16.,   0.,  11.,   4., 281.,   2.,   0.,  17.],
        [  1.,   8.,  93., 280.,   7.,   6.,   1.,   2.,   9.,   3.],
        [  2.,   9.,  10.,   5.,  13.,  14.,  18.,   8.,   5., 256.],
        [ 80.,   2.,  12.,  12.,   1.,  11.,   8.,   2.,  17., 153.],
        [  0.,  19.,  11.,   5., 271.,  25.,   4.,   7.,   8.,   3.],
        [  1.,  11.,   5.,  16.,   8., 280.,   1.,   7.,   6.,  12.],
        [  2., 286.,  18.,   9.,   6.,   3.,   4.,  12.,   6.,  11.],
        [  2.,   7.,   8.,  12.,   5.,  13.,   1.,  13.,  17., 263.],
        [  2., 275.,   9.,   8.,   7.,   9.,   7.,  11.,   6.,   7.],
        [  0., 262.,  33.,   8.,  17.,   4.,   9.,  10.,  10.,   4.],
        [  0.,  25., 288.,   9.,   2.,   5.,  17.,   2.,   5.,   4.],
        [  2.,  19.,   7.,   8.,   8.,   5.,   7., 271.,   8.,   8.],
        [  4.,   4.,   8.,   4., 241.,   2.,   4.,   4.,   2.,   7.],
        [  0.,  18., 244.,  15.,  13.,   7.,  16.,  11.,   5.,  12.],
        [  0.,  16.,  11.,  13.,  14.,  12.,   9., 273.,  10.,  12.],
        [  0.,  26.,  25.,   6.,   3.,   4., 255.,   6.,  13.,   9.],
        [  4.,  13., 289.,   3.,   3.,   5.,  10.,   5.,  40.,   8.],
        [  0.,   5.,  11.,   6., 269.,  11.,   3.,  15.,  10.,  33.],
        [299.,   2.,  30.,   0.,   1.,   0.,  19.,   2.,   1.,   1.],
        [  7.,  25., 288.,   6.,   6.,   5.,   5.,   4.,   5.,  15.],
        [291.,   5.,  16.,  12.,  11.,   2.,   6.,   7.,   1.,   2.],
        [  5., 267.,  22.,  12.,   8.,   5.,   9.,  10.,  15.,   9.],
        [  0.,  11.,  11.,   1.,   7., 278.,   3.,   8.,  11.,   8.],
        [307.,   3.,   4.,   4.,   5.,   2.,   3.,  15.,   1.,   6.],
        [  2., 285.,  26.,   8.,   7.,   3.,   6.,  12.,   3.,   8.],
        [  6.,  12.,  10.,   9.,  15.,  12.,  10.,   8.,   8., 234.],
        [ 14.,   9.,  12.,   7.,   9.,   8., 266.,   8.,   7.,   7.],
        [  3.,  10.,  10.,   7.,  11.,   6., 274.,   5.,   9.,  12.],
        [  0.,  11., 292.,   6.,   4.,   5.,  16.,   4.,  11.,   6.],
        [ 56.,   1.,  29.,   6., 198.,   2.,  30.,  12.,   2.,   0.],
        [  0.,  65., 198.,  28.,   4.,  10.,   0.,   6.,   5.,  12.],
        [  0.,  51., 268.,   6.,   4.,   5.,   5.,   4.,  15.,   4.],
        [  8.,   4.,  12.,   5.,   8.,   3.,   9.,  10., 280.,  10.],
        [  8.,  11.,   6.,  19.,   3., 279.,   1.,  11.,  16.,   8.],
        [  0.,  10.,   5.,  26.,  28.,  32.,   8.,   4.,  11., 260.],
        [ 22.,   6.,  11.,   5.,  19.,  10.,  10.,   6.,   9., 170.],
        [  4.,   7.,  18.,  27.,   5.,   7.,  17.,  10., 265.,   7.],
        [  0.,  70.,   5.,   7.,  11.,   8.,  14.,  10., 217.,  10.],
        [ 18.,  12.,   3.,  10.,  31.,   8.,   5., 256.,   7.,  28.],
        [  1.,  12.,  10.,   7., 266.,  14.,   9.,  13.,  10.,  15.],
        [  0.,   4.,   7., 288.,   5.,  14.,   4.,   4.,   6.,   9.],
        [  2., 267.,   6.,   5.,   5.,   3.,   4.,   8.,   5.,   4.],
        [  0.,  16.,  14.,  13.,  14.,   3.,   4., 276.,  14.,  14.],
        [ 11.,  11.,   9.,   4.,  16.,   4., 287.,   3.,   2.,   8.],
        [  0.,  11., 149.,  13.,  11.,  13.,   4.,  71.,   8.,  15.],
        [  1.,   8.,   8.,  17.,   5.,   9.,   5.,   8.,  17., 259.],
        [ 35.,   5.,   4.,   7.,   8., 277.,   6.,  10.,   4.,   7.],
        [  8.,  16.,  14.,   8.,   9., 267.,   1.,  61.,   2.,   6.],
        [  1.,  11.,  10., 156.,  15.,   3.,  12.,  15.,  20.,  22.],
        [297.,   8.,  14.,   4.,   1.,   1.,   3.,   4.,   4.,   2.],
        [  8.,   3.,  13.,   2.,  16.,   3., 276.,   9.,   8.,  13.],
        [302.,   4.,  21.,  41.,   2.,   1.,   5.,  11.,   1.,   5.],
        [ 49.,   6.,   4.,   8.,  26.,   8.,   5., 251.,   7.,  22.],
        [  2., 279.,  32.,  10.,  10.,   2.,   5.,  13.,   8.,   9.],
        [  1.,  11.,  11., 270.,   8.,   6.,   1.,   4.,  12.,   8.],
        [  0.,   8.,  14.,  35., 162.,  37.,   0.,   5.,   6.,   9.],
        [298.,   7.,   7.,  14.,   0.,   3.,   0.,   9.,   6.,   9.],
        [  0.,  31.,  16.,  10.,   4.,   8., 260.,  10.,  24.,   8.],
        [ 63.,   6.,   4.,   6.,   5., 267.,   4.,   5.,   2.,   9.]],
       device='cuda:0')
Epoch 7 | Batch 600
tensor([[  4.,  18.,   8.,   9.,   4., 272.,   1.,  14.,   9.,   5.],
        [ 11.,   6.,  19.,  17.,  16.,   6.,  12.,   3.,   8., 248.],
        [ 10.,   5.,  30.,  17., 245.,   3.,  16.,   2.,   1.,  28.],
        [ 16.,  16.,   9.,  11.,   4.,   6.,   3., 262.,  30.,   9.],
        [294.,   3.,  15.,   2.,   4.,  10.,  11.,   3.,   0.,   5.],
        [  1.,   9.,  20., 291.,   4.,   9.,   8.,   4.,   5.,   4.],
        [  0.,  27.,   5.,  16.,   6.,   5.,   7., 273.,   7.,  11.],
        [  0.,   8.,   1.,  13.,  14.,  76.,   7., 214.,  14.,  21.],
        [  2.,  11.,   5.,  11.,   8.,   7.,   7., 266.,  14.,  27.],
        [  0.,   9.,   5.,   6.,   1., 237.,  13.,   4.,   5.,   3.],
        [  0.,   7.,   7.,  10.,  44.,   9.,   4.,  14., 266.,  11.],
        [  0.,  13., 276.,  16.,   3.,   7.,  12.,  13.,   4.,   7.],
        [237.,   4.,  17.,  31.,   3.,   5.,   5.,   3.,   3.,   5.],
        [ 16.,   6., 279.,   1.,   2.,  10.,  10.,   5.,   6.,   8.],
        [  0.,  12.,   4.,   3.,  16.,   8.,  11.,  18., 258.,  10.],
        [  3., 270.,  26.,  11.,   5.,   5.,  10.,  15.,   4.,   7.],
        [  1.,  22.,   9.,  27.,   3.,  16.,  13.,  15., 260.,  10.],
        [  3., 230.,  33.,  16.,   4.,   4.,   2.,   7.,   6.,   4.],
        [  1.,  10.,   0., 290.,   3.,  12.,   6.,  13.,   7.,   6.],
        [  4.,  11.,   0., 282.,   6.,  10.,   5.,   7.,  16.,  17.],
        [ 55.,   4.,  12.,  36.,   6.,  23.,  27.,   4., 220.,  13.],
        [  0.,  14.,   3.,   6., 275.,  35.,  12.,   7.,  11.,  10.],
        [  9.,  12.,   9.,   3., 261.,   5.,  23.,  10.,   6.,  19.],
        [ 17.,   2., 292.,   1.,   3.,   5.,  18.,   2.,   0.,   5.],
        [277.,   5.,   6.,   3.,   6.,  11.,  28.,   3.,  15.,   6.],
        [  3.,  12., 291.,  16.,   1.,   6.,  40.,   0.,   1.,   4.],
        [  1.,  20.,   1.,  37.,   9.,  14.,   5.,  15.,  12., 264.],
        [  4.,  15.,   5.,   9.,   5.,   8.,  11.,  11.,   8., 274.],
        [  9.,   5.,  19.,   2.,  13.,   5.,  18.,   7.,  23., 250.],
        [  2.,   9.,   1.,  13.,  16.,   6.,   4., 261.,  10.,  33.],
        [  6.,   8.,  13.,   6.,   3.,   4., 285.,   3.,   3.,   9.],
        [  1.,  13., 262.,   7.,  15.,  12.,  18.,  13.,   2.,  15.],
        [  1.,  15.,   0.,   2.,   7.,   6.,   8.,  21., 253.,  23.],
        [286.,   3.,   7.,   2.,   3.,  18.,  11.,   2.,   0.,   5.],
        [  4., 281.,   8.,  17.,   5.,  50.,  25.,  12.,   9.,  12.],
        [  0.,  10.,  12.,  18.,   6.,   4., 275.,   6.,   6.,  13.],
        [ 28.,  10., 273.,   0.,   1.,  16.,  27.,   2.,  18.,   6.],
        [  8.,   8.,   0.,   6.,  14.,  12.,   6., 265.,  10.,  24.],
        [  2.,   8.,   1.,  24.,  19., 258.,   7.,  13.,   9.,  19.],
        [  2.,  12., 265.,  35.,   2.,   8.,   2.,  15.,  23.,   4.],
        [  0.,  13.,  12.,  25.,  29.,   5.,   6.,   9.,   9., 259.],
        [  4.,  18.,   3., 281.,   3.,  13.,   1.,   9.,  18.,   7.],
        [  2.,  33.,   5.,  12.,   4.,   4.,   8.,  19., 259.,   9.],
        [  4., 282.,   4.,  12.,   5.,  24.,  10.,  16.,   6.,   7.],
        [  1.,  10.,   9., 287.,   1.,   8.,   3.,   7.,   5.,   7.],
        [278.,   6.,   6.,  15.,   4.,   9.,   3.,   7.,   7.,   8.],
        [  3.,  24.,   4.,   8.,   3.,   6.,  10.,  20., 273.,   8.],
        [286.,   3.,  10.,   4.,   4.,  10.,  34.,   4.,   3.,   5.],
        [  3., 256.,  26.,  15.,   4.,   7.,   5.,   9.,   8.,   4.],
        [  1.,  21.,  12.,   5.,   2.,   6.,  14.,  26., 269.,  13.],
        [  1.,  21.,   1.,  14., 190.,   9.,   7.,  41.,  12.,  38.],
        [  3.,  14.,   5.,  13.,   6.,   7.,   7., 277.,  12.,  16.],
        [  4.,   9.,  14.,  15.,   2.,  10., 278.,   9.,   8.,  10.],
        [ 18.,   9.,   0., 285.,   4.,  34.,   0.,   9.,  16.,  10.],
        [  2.,  13.,   7.,  10.,  14., 248.,   9.,  13.,  70.,  12.],
        [  5.,  13.,   1.,   7.,   5.,   6.,   9., 264.,  10.,  21.],
        [ 13.,   7.,  15.,   2.,   2.,   4., 294.,   2.,   5.,  15.],
        [265.,   6.,  18.,   8.,   6.,   9.,  21.,   2.,   6.,   8.],
        [ 20.,   9.,   5.,  13.,  14., 257.,  21.,   3.,   9.,   8.],
        [ 13.,   6.,  15.,  15.,   3.,   7., 285.,   3.,  13.,   9.],
        [  0.,   5., 297.,  35.,   0.,   4.,  21.,   1.,   4.,   1.],
        [  3., 267.,  13.,   9.,   5.,   6.,   5.,  11.,   4.,   5.],
        [ 15.,   8.,   3.,  12.,   6.,   7.,   6., 274.,   6.,  11.],
        [  0.,   7.,   4., 292.,  10.,   8.,   0.,  10.,  19.,   7.]],
       device='cuda:0')
Epoch 7 | Batch 700
tensor([[ 10.,   6., 292.,   1.,   0.,   8.,  17.,   1.,   2.,   4.],
        [  2.,  10.,   8.,   8.,  41.,  13.,  12.,  28.,   8., 251.],
        [ 17.,   4., 280.,   1.,   5.,  12.,  18.,   4.,   3.,   6.],
        [  8.,   6.,   9., 285.,   1.,  21.,   1.,   7.,  15.,   6.],
        [ 39.,   6.,   8.,   4.,   5.,  13.,  11.,  30.,   3., 257.],
        [  6.,  17.,   8.,  10.,   8.,   8.,  17.,  27.,  23., 238.],
        [  3.,   5.,  23.,   4.,   2.,  14.,   8.,  21., 256.,  18.],
        [  3., 277.,   9.,  11.,   0.,  10.,  11.,  10.,   8.,   9.],
        [  1.,   7.,   6.,   2.,   6., 277.,   5.,   7.,  15.,  17.],
        [ 21.,   6., 269.,   0.,   4.,  12.,  14.,   3.,   4.,  20.],
        [  3.,  10.,  15.,   3.,   4., 254.,   7.,  15.,  12.,   9.],
        [ 11.,   1.,   9.,   1., 274.,  10.,  15.,  10.,   4.,  16.],
        [  1.,   9.,  11.,   1.,   3., 259.,   8.,  10.,  10.,   7.],
        [  4.,  18.,  14.,  12.,   3.,  13.,  10.,  11.,  13., 258.],
        [  0.,   6., 285.,   5.,   0.,   8.,   6.,   9.,   3.,   6.],
        [  2., 260.,  15.,  23.,   1.,   9.,  15.,  12.,  10.,  18.],
        [  2.,   4.,  20., 287.,   0.,  24.,   7.,   6.,   2.,   6.],
        [  0.,  15.,  23.,  31.,   4.,   7.,   4., 261.,   4.,  11.],
        [  0.,   4.,   1.,   8., 274.,  10.,   5.,  16.,   7.,  79.],
        [ 14.,   4.,  14.,   0.,  16., 244.,   6.,  10.,  10.,  37.],
        [286.,   4.,   6.,   4.,   0.,  12.,   8.,  10.,   4.,  11.],
        [  4.,   6.,  23.,   0.,  16., 249.,   9.,   4.,  14.,  25.],
        [  2.,   4.,  20., 280.,   1.,  11.,   0.,   8.,  28.,  19.],
        [253.,  14.,   4.,  10.,   4.,  17.,   5.,  12.,  15.,  10.],
        [  0.,   6.,   2.,   6., 273.,  14.,   4.,  19.,  11.,  27.],
        [  5.,   2.,  12.,  46.,   1.,  17.,   4.,   9., 249.,   7.],
        [  0.,   5.,   9.,   7.,   1.,  11.,   6., 293.,   6.,  32.],
        [  7.,   5.,  17.,   3.,  12.,   9.,  12.,  15.,   5., 275.],
        [  3.,   6.,   9.,   6.,  29.,  10.,   7.,  23.,   9., 277.],
        [  0.,   5.,  14.,  11.,   2.,  10.,  10., 277.,  10.,  15.],
        [  3., 272.,  18.,  13.,   0.,  10.,  22.,  11.,  12.,  12.],
        [  5.,   6.,   7., 236.,  48.,  11.,   9.,  11.,  26.,  56.],
        [  9.,  10., 288.,   3.,   0.,  13.,   7.,   7.,   2.,   8.],
        [ 28.,   9.,   5.,  12.,   5.,   8.,   9., 290.,   4.,   2.],
        [277.,   6.,  13.,   7.,   1.,  11.,  12.,   6.,   8.,  10.],
        [  6.,  13.,  13.,  10.,   1., 255.,  23.,  15.,  10.,   5.],
        [ 18.,  17.,  24.,   0.,   1.,   7., 266.,   3.,   4.,   9.],
        [  2., 268.,  18.,  12.,   5.,   4.,   6.,  14.,   7.,  12.],
        [  3.,   4.,  47., 283.,   0.,  18.,   2.,   7.,   5.,   7.],
        [  0.,   3.,   3.,   8.,  17.,  12.,  11.,   9.,   6., 280.],
        [  3.,   9.,   8.,   7.,  16.,  10.,   7.,  12.,  17., 277.],
        [ 11.,   8., 243.,   4.,  87.,  13.,   3.,   4.,   4.,  35.],
        [ 22.,   2.,  26.,   4., 256.,   9.,  48.,   7.,   6.,  12.],
        [  0.,   8.,  13.,  29.,  17.,  15., 251.,   9.,   7.,  15.],
        [278.,   2.,  34.,   5.,   0.,  12.,   8.,   1.,  16.,   3.],
        [  4.,   3.,   8.,   4.,   4.,  13.,   4., 286.,   4.,  13.],
        [  0.,   4.,  22.,  31.,   6.,  14.,   5.,  18., 241.,  25.],
        [  0.,  12.,  15., 284.,   4.,  13.,   0.,   4.,  27.,   5.],
        [  2.,   7.,  10.,   5.,   5.,  20.,   7.,  20., 260.,  10.],
        [  8.,   4.,  12.,   5.,  21.,   9.,   8.,  13.,   5., 278.],
        [  3.,   5.,   6.,   8.,  19.,  11.,  12., 272.,   9.,  16.],
        [  9.,   9.,   7.,   2., 285.,   6.,  11.,  13.,   1.,  14.],
        [  4.,   5., 265.,  13.,   0.,  13.,   9.,  22.,   4.,   8.],
        [272.,   5.,   6.,   3.,   1.,  31.,   1.,   6.,  12.,  18.],
        [  0.,   4.,  20.,  31.,   6., 265.,   0.,   9.,  12.,  19.],
        [  3., 246.,   4.,   4.,   0.,   3.,   3.,   4.,   3.,   4.],
        [  2.,   5.,  33.,   3.,  22.,   5., 267.,   5.,   2.,   7.],
        [  4.,  31.,   9.,  11.,   5.,  12.,  13.,  17.,  16., 237.],
        [ 14.,   5.,  29.,   1.,   4.,  13., 264.,   5.,   4.,  10.],
        [  2.,  15.,  14., 259.,   0.,  19.,  39.,   8.,   3.,   8.],
        [  0.,   5.,   4.,  36.,   1., 268.,   8.,  20.,   9.,  14.],
        [  0.,   6.,  10.,   8.,   5.,  10.,   5., 284.,   8.,  17.],
        [  0.,   7.,   7.,  11.,   2.,  11.,   6., 287.,   6.,  11.],
        [ 15.,   5., 272.,   1.,  14.,  15.,  37.,   4.,   5.,  12.]],
       device='cuda:0')
Epoch 7 | Batch 800
tensor([[  7.,  14.,   7.,   8.,  14.,   7., 266.,   9.,  15.,   8.],
        [  2., 256.,   2.,   8.,   6.,  40.,   4.,   7.,   6.,   6.],
        [  9.,   8.,  10.,   7., 275.,   6.,   2.,  25.,   5.,  25.],
        [ 24.,   5.,  18.,   1.,   3.,   3., 283.,   3.,  35.,  13.],
        [  5.,  10.,   5.,   4.,   5.,   7.,   2.,  32.,  16., 269.],
        [  6.,  19.,   5.,  14.,  11.,  13.,   4.,   7.,  14., 263.],
        [  8.,  44.,   9.,   3.,   2.,   5.,   7.,  15., 272.,  21.],
        [  7.,  13.,   4.,   3.,  13.,   6.,   2.,  10.,  22., 280.],
        [  1.,  15.,   1., 287.,   5.,  13.,   3.,   5.,  11.,   6.],
        [  3.,  43.,   4.,   2.,   3.,   9.,  22.,  10., 270.,   6.],
        [  6.,  12.,   8., 269.,   6.,  10.,   4.,  12.,  18.,  11.],
        [  9.,   6.,  15., 278.,   4.,   8.,   3.,   4.,  36.,   2.],
        [  4.,  34.,  37.,  35.,   4., 228.,   0.,  10.,  21.,   5.],
        [ 11.,   6.,   3.,  11.,   5.,  25.,   5.,   7., 265.,  20.],
        [  8.,  24., 275.,   8.,   0.,  16.,   6.,   5.,  22.,   9.],
        [  4.,  18.,   3.,   3.,  12.,  12.,   4., 261.,  12.,  16.],
        [ 10.,   7.,   5.,  49.,   1.,  28.,   7.,   7., 255.,  18.],
        [286.,   7.,  11.,   9.,   1.,  21.,   5.,   5.,   4.,  10.],
        [  2.,  10.,   6.,   6., 279.,  11.,   2.,  12.,  14.,  19.],
        [ 14.,   7.,   4., 284.,   6.,  16.,   8.,   6.,   8.,   4.],
        [  8., 260.,  16.,  14.,  10.,   4.,   4.,  26.,  13.,  12.],
        [  5.,  11.,  12.,   6.,   3.,  10.,   4., 272.,  14.,  17.],
        [ 61.,   6., 206.,  21.,   0.,  14.,   7.,  10.,  23.,   2.],
        [  3.,  14.,   2.,  31.,   8.,  18.,   1.,  20.,   9., 251.],
        [  9.,  25.,  43.,   0.,   4.,  18.,   4.,   9., 167.,  20.],
        [  5.,  10.,   4.,  33.,   5., 266.,   4.,   4.,  21.,  14.],
        [ 24.,  20.,  10.,   2., 271.,   4.,  24.,   5.,   8.,   2.],
        [  8.,   4.,  15.,   2.,   5.,   5., 286.,   3.,   9.,   9.],
        [  2.,  17.,   4.,  14.,  10.,  16.,   4.,   7.,  12., 259.],
        [  5.,  21.,  16., 223.,   8.,   7.,   7.,  19.,  69.,   2.],
        [252.,   6.,   8.,  13.,   4.,   9.,  24.,   7.,  27.,   5.],
        [  7., 277.,   9.,  11.,   7.,   3.,   5.,  12.,  18.,   9.],
        [  5.,  10.,   0.,  16.,   5.,  90.,   3.,  25., 245.,  14.],
        [  4.,  32.,  63., 154.,   6.,   1.,   3.,   3.,  28.,   3.],
        [ 44.,   8.,   1.,   3.,   6.,  14.,   6., 269.,  13.,  11.],
        [  2.,  13.,   3.,   0.,  10., 267.,   0.,  39.,   8.,  39.],
        [  0.,   8., 273.,   1.,  12.,   6.,   2.,   3.,   8.,   6.],
        [  6.,   5.,   9.,   5., 284.,  20.,   6.,  15.,  10.,   6.],
        [  7.,  26.,   3.,   6.,  25.,  14.,   7., 272.,  17.,   3.],
        [  3.,   8.,   6., 275.,  13.,   7.,   1.,   7.,  20.,  16.],
        [  2.,  25.,  10.,  19.,  11., 253.,   0.,  12.,  18.,   5.],
        [280.,  12.,  13.,   3.,   3.,  10.,   9.,   9.,   5.,  14.],
        [  5., 281.,   7.,   8.,   4.,   4.,   6.,  11.,  11.,   7.],
        [  0.,  13.,   9.,   8.,  55.,  14.,  22., 264.,  19.,   3.],
        [  4.,  12.,   1.,  44.,   3., 273.,   1.,   4.,  25.,  11.],
        [  1.,  14.,   0.,   3.,   8.,  10.,   0., 278.,   8.,   6.],
        [  5., 271.,   7.,   7.,   6.,   3.,   6.,  14.,   9.,   7.],
        [  0.,  20.,   7.,  11.,  14.,   7.,   2., 289.,  18.,  10.],
        [  4., 282.,   6.,   9.,   3.,   6.,   7.,  14.,   9.,   6.],
        [  5., 282.,  18.,  14.,   4.,   2.,   7.,  10.,  16.,   6.],
        [  7.,   9.,   7.,   2.,  25.,   8.,  13.,   1.,  14., 281.],
        [  0.,  13.,   3.,   9., 265.,   7.,   1.,  11.,  11.,   3.],
        [  1.,  14.,   1.,  11., 256.,   9.,   0.,  46.,   8.,   4.],
        [  2.,  31., 258.,   8.,   2.,   7.,   4.,   4.,  20.,   3.],
        [ 17.,   6., 272.,   2.,   1.,  10.,  10.,  13.,  26.,   4.],
        [  9.,  14.,  10.,  28.,   1., 251.,  10.,   5.,  22.,   5.],
        [  8.,  11.,   1.,   3.,  25.,  14.,   8., 274.,   9.,   4.],
        [ 14.,   4.,  14.,   0.,   5.,   4., 289.,   3.,   5.,   8.],
        [  3.,  29.,  10.,  18.,  11.,   7., 261.,  10.,  17.,   5.],
        [  3.,  11.,   7.,  39.,   7., 265.,   0.,   8.,  42.,  22.],
        [  8.,  16., 288.,   5.,   0.,   5.,  28.,   0.,   4.,   1.],
        [288.,   6.,  15.,   0.,   3.,  13.,   0.,  13.,   1.,  15.],
        [  1.,  19.,   3.,  23.,   5.,   9., 242.,   9.,  18.,  20.],
        [276.,   9.,   7.,  10.,   1.,  46.,   0.,   9.,  11.,   8.]],
       device='cuda:0')
Epoch 7 | Batch 900
Switching label layer to Inference Mode (LIF)...
Epoch 7 DONE | Test Acc: 79.88% | Time: 774.0s
Switching label layer back to Training Mode (Clamp)...
tensor([[  4.,   1.,  18.,   3.,   5.,   8.,   8.,  10., 290.,   8.],
        [  3.,   8.,  10.,   8.,   9.,   6.,   9.,  12.,  18., 274.],
        [  8.,   4.,   6.,   3., 281.,  17.,  13.,  10.,  14.,  12.],
        [  4.,   5.,  10.,   7.,  20.,   5.,  11.,   0.,   8., 260.],
        [  3.,  17.,   7.,   7.,   9.,   8.,  15.,   8.,  21., 234.],
        [  4.,   8.,  10.,   5.,  15.,  24.,  10., 244.,  16.,  22.],
        [  3., 268.,  10.,  13.,   4.,   3.,   9.,   6.,   8.,  14.],
        [  2.,  10.,  10.,   8.,   5.,   7.,  19.,  18.,  19., 269.],
        [289.,   0.,  22.,   4.,   5.,   6.,  16.,   5.,   9.,   6.],
        [ 25.,   0.,  56.,   0.,  31.,   3., 279.,   0.,   3.,   7.],
        [  7.,   7.,  18., 282.,   8.,  14.,   2.,   6.,   6.,   5.],
        [ 13.,  21., 275.,   3.,   4.,   5.,  26.,   1.,   8.,   7.],
        [  0.,  12.,  23.,   5.,   4.,   5.,  11.,  21., 277.,   6.],
        [  9.,  12.,  13.,   4.,  21.,  11.,   8.,  27.,  16., 253.],
        [ 57.,   5.,   6.,   1.,   9.,   9.,   8., 268.,  20.,  42.],
        [ 13.,  10.,  16.,   4., 266.,   6.,  33.,   7.,  10.,  10.],
        [ 16.,   8.,  21., 248.,  12.,   5.,  15.,   6.,  10.,  14.],
        [  0.,   6., 259.,  24.,   5.,   7.,   0.,  17.,  26.,   6.],
        [ 33.,   5.,  22., 268.,   2.,  12.,  12.,   3.,  22.,   4.],
        [  2.,  12.,  11.,   6., 283.,   7.,   8.,  16.,  15.,   8.],
        [ 23.,   7.,  17., 156.,  32.,   7.,  21.,   0.,  10.,   2.],
        [  2.,  29.,   6.,   2., 268.,  16.,   6.,   8.,  36.,   2.],
        [  7.,  10.,   7.,   0.,  11., 270.,   2.,  12.,  22.,  14.],
        [  0.,  13.,   8.,  14.,   6.,   8., 207.,  10.,  13.,  16.],
        [ 11.,  10.,  18.,   6.,   4.,   7.,  16.,   5., 264.,   3.],
        [  0.,   6.,  18.,   4.,   8.,   7.,  10., 265.,  26.,  23.],
        [  3., 283.,   9.,  10.,   2.,   4.,  11.,   6.,  19.,   7.],
        [  3., 281.,   8.,  15.,   5.,   4.,   9.,  10.,  10.,  12.],
        [  3.,   6.,   8.,   4.,  12.,   5.,  11.,   8.,  16., 279.],
        [  1.,  22.,  13.,  13.,   4., 175.,  13.,  13.,  13.,  10.],
        [ 20.,   1.,  32.,   0.,  23.,   4., 281.,   1.,   5.,   6.],
        [ 11.,   9.,   5.,   8.,  12.,  11.,  14., 269.,  24.,  11.],
        [ 17.,  10.,  14., 244.,   6.,  23.,  38.,   7.,   6.,  10.],
        [  2.,   4.,   4.,  20.,  20., 241.,   6.,  18.,  37.,  28.],
        [  1.,  20.,  24.,  13.,   9., 241.,   7.,  12.,  11.,   7.],
        [ 25.,   1.,  21.,   0.,  27.,   1., 269.,   7.,  16.,   5.],
        [ 17.,   3.,  17.,   2.,  10.,   5., 283.,   2.,  15.,  16.],
        [ 65.,   2.,   5.,   0.,  29.,  13.,   9., 264.,  12.,  22.],
        [  0.,  17.,  14.,  17.,   7.,   8., 264.,   6.,  17.,   4.],
        [  0.,   7.,  10.,  15.,  33.,   5.,   7., 274.,  15.,   7.],
        [297.,   2.,   9.,   0.,   8.,  10.,  13.,   4.,   6.,   4.],
        [  0.,   9.,  19.,   5.,  23., 174.,   7.,   2.,  15.,   8.],
        [  7.,   3.,   6.,   4.,  12.,  13.,  12., 240.,   8.,  48.],
        [  0.,  15., 246.,  16.,   3.,  10.,   0.,   9.,  34.,  15.],
        [ 12.,   7.,  16.,   9.,  16., 232.,  26.,   2.,  12.,   8.],
        [  4.,   8.,   9.,   2.,   7.,   5.,   5.,  11., 288.,   6.],
        [  1., 266.,  22.,  15.,  13.,   6.,  18.,   8.,  17.,  16.],
        [ 24.,   4.,   8.,   2.,  25.,   6.,  10.,   4.,  10., 284.],
        [  4.,  12.,  10.,   6.,  14.,   7.,  14.,  16.,  20., 267.],
        [  6.,  14., 279.,   7.,   0.,  12.,  11.,   6.,  20.,  12.],
        [  2., 136.,   5.,  14., 192.,  14.,  13.,  12.,  20.,   5.],
        [ 11.,  30.,  23., 266.,   4.,   9.,  10.,   6.,   8.,   3.],
        [298.,   4.,   6.,   0.,  17.,   6.,  18.,   3.,   7.,   2.],
        [  2., 249.,   2.,   3.,   1.,   0.,   2.,   1.,   2.,   2.],
        [  0.,   6.,   4.,   9., 264.,   5.,   5.,   8.,   7.,  18.],
        [  5.,   6.,   8.,   2.,  34.,   9.,  14., 246.,  17.,  26.],
        [ 16.,   1., 280.,  14.,  10.,   5.,  21.,   1.,   9.,   3.],
        [  8.,   5.,  11.,   5., 276.,   8.,  17.,   6.,  17.,  13.],
        [  2., 272.,  10.,   7.,  10.,   1.,   7.,   8.,  21.,   7.],
        [  5.,  14.,  13.,   5., 255.,   9.,  22.,  13.,  19.,   8.],
        [ 34.,   2.,  28.,   1.,   3.,   3.,  20.,   6.,   5., 257.],
        [  2.,   9.,   1., 157.,  11.,   5.,   4., 112.,  15.,  26.],
        [  0.,   9.,   4.,   1.,  14.,  10.,  11.,  18., 287.,   3.],
        [  0.,  82.,   5.,   2.,   4.,   1.,  10.,  10., 272.,   2.]],
       device='cuda:0')
Epoch 8 | Batch 0
tensor([[  5., 272.,   6.,  13.,   6.,   6.,   4.,   6.,  17.,   6.],
        [  5., 285.,  11.,   8.,   4.,   9.,  21.,   6.,  19.,  14.],
        [ 11.,  22.,   1.,   3.,   9.,  12.,  12.,  13., 277.,  10.],
        [ 10.,   4.,   4.,   9.,  28.,  14.,   6., 250.,  14.,  40.],
        [ 27.,  10., 279.,  13.,   3.,  10.,   6.,   1.,  16.,   4.],
        [  7.,   8.,   4.,   2.,  22., 259.,   4.,  16.,   7.,  47.],
        [  5., 286.,  15.,   9.,   5.,   6.,   7.,   9.,  10.,  10.],
        [  6., 287.,   5.,   7.,   4.,   5.,  17.,   5.,  18.,   7.],
        [  9.,  17.,   2.,   3.,  29.,   9.,   6.,  17., 252.,  12.],
        [  8.,  11.,   5.,  18.,  11., 259.,   3.,   5.,  25.,   9.],
        [ 10.,  18., 280.,   5.,   3.,   6.,   8.,   1.,  13.,   5.],
        [ 32.,   4.,  22.,   0.,   8.,   2., 275.,   8.,   1.,   3.],
        [  2.,   5.,   2.,   5.,   7.,  15.,   8.,  20., 274.,  32.],
        [298.,   6.,   8.,   4.,   1.,  11.,  11.,   3.,  14.,   3.],
        [  3.,  16.,   4.,   4.,   5.,   9.,  14.,  10., 278.,  11.],
        [  3.,  12., 278.,  29.,   2.,  15.,   0.,   5.,  21.,   2.],
        [  5.,  18.,  27., 272.,   4.,  10.,  14.,   4.,  12.,   5.],
        [  5.,  14.,   7.,   6.,  22.,   7.,  15.,  12.,  18., 268.],
        [  1.,  15.,   4.,   8.,   7., 265.,  36.,   9.,  12.,  11.],
        [ 23.,   8.,   3.,   4.,  17.,  11.,   3., 273.,   8.,  19.],
        [  3.,  27.,  48.,  26.,   4., 252.,  13.,  15.,   7.,   7.],
        [  4.,  11.,   9.,  17.,   8.,   8.,   6., 276.,  10.,  14.],
        [  4., 282.,  16.,   8.,   4.,   5.,   6.,   6.,   9.,   8.],
        [ 18.,   2.,  10.,   3., 268.,   3.,   8.,  11.,   1.,  11.],
        [  0.,  12.,   3.,   7.,  36.,   4.,   5.,   9.,  10., 263.],
        [ 29.,  11.,   7.,  11.,   3., 281.,   7.,   9.,   4.,   7.],
        [  3.,   8.,   2.,  17.,   7.,   8.,  10.,  16.,  16., 262.],
        [ 13.,  21., 260.,  15.,   2.,   9.,  18.,   3.,  19.,   4.],
        [  8.,  54.,  15.,  10.,   2., 264.,   0.,   8.,   9.,   6.],
        [ 17.,   9.,   8.,  93.,   1., 276.,  14.,   5.,   4.,   2.],
        [ 18.,   4., 283.,   2.,  71.,   4.,   8.,   2.,   0.,   4.],
        [  8.,  20.,  17.,   8.,   4.,   8.,  25.,  10., 275.,   6.],
        [286.,   9.,  11.,  14.,   0.,   7.,   3.,   4.,   6.,   5.],
        [248.,   7.,  13.,   7.,   6.,  11.,  28.,   9.,   9.,  11.],
        [ 14.,  11.,   4.,   5.,  49.,   6.,   4.,  12.,  10., 263.],
        [  1.,  34., 234.,  31.,   3.,  13.,   0.,   6.,  35.,   4.],
        [  1., 247.,  11.,  22.,  10.,  24.,  13.,   7.,  11.,  12.],
        [  4., 273.,   7.,  11.,   6.,   8.,  31.,   8.,  40.,  14.],
        [  5.,  12.,   2.,  11.,  25.,   8.,  10.,   7.,  19., 269.],
        [300.,   2.,  12.,   1.,   0.,   2.,   6.,   9.,   4.,   6.],
        [ 16.,   8.,   7.,   5.,   6.,   7.,   5., 280.,   8.,  14.],
        [  4., 284.,   4.,   9.,   3.,   3.,   7.,   8.,   6.,  12.],
        [  5., 282.,  17.,  10.,   4.,   7.,  15.,   6.,  18.,  11.],
        [  1.,  10.,  62.,  10.,   6.,   9.,  11., 213.,  13.,   8.],
        [ 13.,  10.,  10.,   4.,   5.,   5., 284.,   5.,   6.,  10.],
        [ 51.,   4.,   4.,   8.,   7., 261.,  13.,   7.,  30.,  10.],
        [  1.,   9.,   4.,   8.,  43.,   8.,   6.,  11.,  16., 274.],
        [ 13.,  10.,  29.,  11.,   2., 250., 118.,   5.,   2.,   3.],
        [  1.,   7.,  15.,   6.,  10.,  14., 285.,   7.,   6.,   9.],
        [ 53.,   5.,   3.,   6.,   5.,  28., 275.,   3.,  15.,   4.],
        [275.,   8.,   9.,  11.,   5.,  12.,  23.,  10.,   4.,  13.],
        [  6.,  13., 291.,  11.,   3.,   5.,   7.,   3.,   3.,   3.],
        [  1.,  15.,   6.,  10., 242.,  17.,  20.,   9.,   9.,   7.],
        [  4., 281.,   8.,  10.,   8.,   5.,   4.,  11.,  10.,   9.],
        [  5., 288.,  16.,   9.,   4.,   5.,  12.,   8.,   9.,  15.],
        [  9.,   7.,   9.,  20.,   7.,   8.,   4., 243.,   9.,  13.],
        [  6.,  15.,   1.,   8.,   9.,  10., 281.,   5.,   3.,   3.],
        [  3.,  13., 294.,  16.,   1.,   6.,  10.,   0.,   3.,   3.],
        [ 21.,  11.,  11.,   4.,   2.,   5., 116.,   5., 255.,   3.],
        [ 12.,   9.,   1.,  12.,   7., 101., 155.,   5.,  46.,  17.],
        [ 19.,   1.,   6.,   2., 261.,   2.,   8.,   0.,   0.,   7.],
        [  9.,  76.,   7.,   7., 253.,   8.,  20.,   6.,   9.,   6.],
        [  0.,  47.,   8.,   8.,   3.,   9., 276.,   8.,  17.,  10.],
        [  3.,   8.,   3.,   7.,  15.,   7.,   8.,  19., 272.,  16.]],
       device='cuda:0')
Epoch 8 | Batch 100
tensor([[  0.,  12.,  24.,   7.,   9.,   9.,  17.,  18., 271.,   7.],
        [  4.,   6.,   8.,   3.,  21.,   5.,   7.,  46.,  13., 252.],
        [  7.,   5.,  13.,   8.,   7.,   7.,  10.,  14., 283.,  11.],
        [  0.,   2.,   5.,   8., 283.,   9.,  27.,  16.,  11.,   9.],
        [ 50.,   3., 285.,   1.,   2.,   7.,  23.,   4.,   7.,   8.],
        [  3., 282.,  23.,   7.,   3.,   5.,   5.,  15.,   9.,  10.],
        [  1.,   5., 288.,   2.,   4.,   5.,   8.,  10.,   5.,   5.],
        [  7.,  11., 282.,  10.,   0.,  10.,  22.,   5.,  12.,   4.],
        [244.,   4.,  13.,  17.,   4.,   6.,   9.,  13.,  19.,  14.],
        [  1.,  13., 287.,   3.,   2.,   9.,  34.,   4.,  33.,   5.],
        [  2., 243.,  15.,  17.,  11.,   9.,  11.,  19.,  29.,  14.],
        [ 41.,   7.,  19.,   0.,   7., 168.,  12.,  17.,  14.,  12.],
        [ 17.,   8., 270.,   1.,   7.,  11.,   6.,  10.,   7.,  13.],
        [  5.,  26.,  34., 261.,   5.,   4.,   2.,  13.,  13.,   9.],
        [  0.,   6., 290.,  19.,   2.,   5.,  11.,  10.,   9.,   6.],
        [  8.,   3.,  10.,   4., 280.,   7.,  19.,  15.,  12.,   4.],
        [  3.,  11.,  31.,   5.,   4.,   4.,   6., 271.,  22.,  13.],
        [291.,   0.,  17.,   5.,   1.,  19.,   7.,   4.,   5.,   5.],
        [  2.,   4.,  13.,   4.,   8.,  19.,  13.,  18., 279.,  11.],
        [  0.,   8., 290.,   3.,   3.,   6.,   7.,   8.,  12.,   4.],
        [ 31.,   7.,   4., 233.,   6.,  14.,   5.,  37.,  43.,  10.],
        [  4.,   8.,  10.,   7.,   5.,  15.,   7.,  20.,  16., 240.],
        [ 17.,   1.,  16.,   2.,   3.,  38., 274.,   3.,   5.,   6.],
        [  4.,  19.,   9.,   3.,   9.,  13.,  12.,  17., 239.,  14.],
        [  6.,   8.,   5., 238.,   3.,   7.,   4.,  58.,   4.,  21.],
        [ 13.,   5.,  16.,   3.,  14.,   5.,  15.,  13.,  16., 262.],
        [ 14.,   2.,  14.,   9.,   1., 273.,  11.,  10.,   8.,   4.],
        [  0.,   8.,   9.,  10., 273.,   8.,   4.,  18.,  16.,   9.],
        [  3.,   7.,  25., 280.,   2.,  23.,  13.,   6.,  11.,   2.],
        [  3.,   6.,  13.,   4.,  37.,   7.,  14., 272.,   9.,  14.],
        [  3.,  10.,  21.,   9.,   4.,   6.,   6., 254.,  16.,   7.],
        [  1., 272.,  14.,  12.,   8.,  24.,   6.,  18.,  10.,   9.],
        [  5.,   6.,   7.,   3.,   8.,   6.,   5.,  59.,  17., 248.],
        [  5.,   4.,   3.,   8.,   4.,   5.,   3., 289.,  13.,   4.],
        [  0.,  13.,  13.,  13.,   4.,  10., 247.,  13.,  24.,   5.],
        [  0.,   4.,  13.,   2., 278.,  12.,  10.,  15.,  15.,   9.],
        [  0.,   3.,  26., 286.,   6.,   3.,   2.,  17.,  18.,   9.],
        [ 29.,   4.,  11.,   8.,   3., 262.,  12.,  11.,  16.,   3.],
        [  3.,  36.,  25.,   6., 268.,   4.,   8.,  20.,  10.,   1.],
        [  3.,   7.,   5.,  30.,  13.,  12.,  31.,  28., 222.,   7.],
        [  5.,  22.,   8.,  11.,   8.,   9.,  12.,  18.,  23., 242.],
        [  4., 284.,  17.,   8.,   4.,   5.,   3.,  14.,  10.,   9.],
        [  0.,  17.,  21.,   1.,  10., 259.,   7.,  32.,   9.,   4.],
        [290.,   3.,  18.,   0.,   1.,   7.,  18.,  33.,   5.,  13.],
        [283.,   6.,   9.,   4.,   2.,   9.,   5.,  18.,   7.,  13.],
        [  2.,   7.,  10.,  12.,   7., 263.,  11.,   9.,  28.,  13.],
        [  8.,   6.,   6.,   3.,  19.,   8.,   5., 270.,  15.,  12.],
        [  7.,   3., 287.,   7.,   0.,   4.,  18.,  14.,  11.,   3.],
        [  1.,   4.,  15.,  11.,   6.,   6.,   8., 285.,  14.,  10.],
        [  3., 266.,  20.,   6.,   7.,   3.,   7.,  18.,  19.,   9.],
        [ 16.,   3., 276.,  34.,   4.,   5.,  24.,   5.,  10.,   5.],
        [  2.,  11.,  15.,   6.,   6., 229.,  43.,   8.,   8.,  12.],
        [  4.,  23.,  10.,  10.,   3.,   8.,   7.,  11.,  13., 240.],
        [  7.,  11.,   9.,  27.,   2.,   6.,   6.,  43.,  12., 252.],
        [ 11.,   9.,  12.,   3.,   8.,  52., 263.,   8.,  14.,   5.],
        [  9.,   3.,  10.,   4.,   4.,   6.,   9., 281.,  13.,  32.],
        [ 14.,   3.,  16.,   2.,  12.,   5.,  27.,  14.,  13., 240.],
        [  2., 272.,  39.,   6.,   3.,   1.,   5.,  18.,  10.,   8.],
        [  2.,  13.,  14., 287.,   1.,  17.,   3.,   8.,  16.,   4.],
        [  2., 287.,  18.,   5.,   6.,   3.,   5.,  18.,   8.,   8.],
        [ 22.,   1., 289.,  46.,   3.,   5.,  20.,   2.,   4.,   3.],
        [  1.,   5.,  10.,  12., 267.,   9.,   4.,  19.,  15.,  16.],
        [ 11.,   5.,  12., 281.,   2.,  17.,   7.,  13.,   9.,   2.],
        [  6.,  10.,  10.,  12.,   9.,   8.,  10.,  32.,  17., 248.]],
       device='cuda:0')
Epoch 8 | Batch 200
tensor([[ 18.,   1.,  20.,   1.,  16.,   6., 289.,   5.,   2.,   7.],
        [  3., 289.,  12.,   5.,   5.,   5.,   8.,   7.,   5.,   8.],
        [ 22.,   3.,  20.,   0.,   4.,   4., 279.,   1.,   7.,   2.],
        [ 39.,   2.,   3.,   4.,  24.,  23.,   5., 270.,   5.,   9.],
        [ 15.,   3.,  12.,   4., 257.,  10.,  11.,   7.,   8.,   1.],
        [  0.,   4.,   5., 258.,  31.,   8.,   3.,  25.,   8.,  43.],
        [  2.,  39.,  10.,   9.,   7., 269.,   7.,   5.,   7.,   5.],
        [  4., 285.,   4.,   4.,   4.,   7.,   7.,   6.,   7.,   6.],
        [ 28.,   5.,  16.,   8.,   4.,   9., 282.,   6.,   6.,   4.],
        [  0.,   4.,   1.,  46., 270.,  10.,  11.,  16.,   5.,   6.],
        [  4.,  47.,   8.,   9.,   7.,  12.,  14.,  11.,  24., 240.],
        [  3., 272.,  11.,   9.,   9.,   6.,   6.,   7.,   7.,   5.],
        [  6.,   8., 270.,  90.,   2.,  12.,   0.,   1.,  59.,   1.],
        [  6.,  14.,   6.,   6.,  10.,  10.,   6., 268.,   7.,  16.],
        [ 14.,   6.,  13.,   4.,   4.,   7., 290.,   4.,   5.,   6.],
        [  3.,  22., 263.,  18.,   8.,   8.,   7.,   2.,  15.,   0.],
        [  1.,  11.,   5.,   7.,  25.,   8.,  15.,  13.,   8., 265.],
        [ 56.,   5.,  13., 271.,   6.,  16.,   8.,   3.,   1.,   0.],
        [  4.,   7.,   8.,  15.,  19.,   9.,   9.,   6.,  14., 264.],
        [ 42.,   6., 271.,   2.,   3.,  12.,   7.,   4.,  14.,   5.],
        [  0.,  12.,  16., 269.,  12.,  11.,  16.,   6.,   9.,   5.],
        [  1.,   7.,  14., 275.,  10.,  12.,   3.,  15.,   4.,  11.],
        [  0.,  13.,  22.,   3.,  22., 255.,  12.,   7.,  30.,  10.],
        [  1.,  17.,   9.,   8.,   8.,  10.,   7.,  10., 269.,  15.],
        [  3.,  14.,  12.,   7.,   9.,   9.,   4., 249.,  10.,  14.],
        [  2.,  18.,   8.,   1.,   8.,  31.,  20.,  11., 252.,   7.],
        [  6., 147.,   3.,   8.,  18.,  10.,   9.,  43.,  10.,  75.],
        [  2.,  11.,  11.,   4.,  11., 263.,   7.,   9.,   8.,   5.],
        [ 18.,   9.,  17.,   7.,  14.,   9.,  10.,   8.,  14., 230.],
        [  0.,  11.,   8.,   6.,  10.,  11.,   6.,   8., 234.,  10.],
        [  1.,  14.,   6.,   9., 266.,  10.,  10.,  12.,   9.,  16.],
        [ 18.,   2.,   0.,   5.,  35.,  15.,   1., 262.,   4.,  25.],
        [ 64.,   3.,  10.,   8.,   5., 252.,  15.,   5.,   3.,   2.],
        [  2.,   5.,   8., 265.,  46.,  13.,   1.,   5.,  30.,   7.],
        [  9.,   6.,   4.,   8.,  10.,  16.,   5., 273.,   7.,  40.],
        [ 10.,   4.,   4.,   9., 250.,  11.,   7.,  23.,   6.,  16.],
        [ 29.,   4., 151.,   8.,   7.,  21.,   4.,  20.,  12.,   6.],
        [  5.,  29.,   3.,   2.,   7.,   6.,  16.,  13., 266.,  21.],
        [ 20.,   4., 277.,   2.,   6.,   6.,  19.,   1.,   2.,   4.],
        [ 21.,   0.,  29.,   1.,  11.,   1., 234.,  37.,   0.,   0.],
        [  0.,   8.,   5.,  12., 269.,  11.,  14.,   8.,  21.,  14.],
        [ 12.,   6.,   1.,   5.,  10., 280.,   1.,  11.,  16.,  17.],
        [  3.,  10.,   5.,   6.,  28.,   8.,   7.,  14.,  10., 265.],
        [  4., 286.,   9.,   4.,   3.,   7.,   8.,  10.,   8.,   9.],
        [  0.,   9.,   5.,   9.,   3.,  10., 263.,   7.,  12.,   8.],
        [ 15.,   4.,  18.,   1.,   4.,   5., 291.,   3.,   3.,   6.],
        [  0.,   7.,   4.,  31., 275.,  13.,   8.,   5.,  13.,  28.],
        [ 14.,   4.,   9.,   9.,   7.,  14.,   3., 285.,   9.,   6.],
        [  3.,  45.,   4.,  10.,   4.,  14.,  14.,   7.,  17., 248.],
        [  0.,   4.,   4.,   3.,  45.,  17.,   2.,  15., 229.,  56.],
        [  1.,  23., 290.,  10.,   0.,  10.,  17.,   0.,   1.,   3.],
        [  2.,  20.,  10.,   3.,  13., 279.,  16.,   7.,  17.,   7.],
        [277.,   2.,   7.,  10.,   4.,  17.,   2.,  18.,   2.,  11.],
        [299.,   2.,   8.,   0.,   6.,  12.,  13.,  15.,   0.,   4.],
        [ 32.,   3., 244.,   5.,   9.,   8.,  67.,   1.,   1.,   0.],
        [  2.,   7., 153.,  18.,  23.,  17.,   0.,  23.,  14.,   4.],
        [  2.,   7.,   6.,   6.,  19.,   7.,  10.,  33.,   8., 268.],
        [ 10.,   4.,  10.,   0.,   5.,   3., 293.,   2.,   2.,   6.],
        [ 16.,   3.,  21.,  24.,  15., 146.,   7.,   3.,  17.,   7.],
        [ 21.,   9.,   1.,  83.,  15.,   4.,   3., 187.,   1.,  39.],
        [  4., 291.,   6.,   8.,   7.,   5.,   5.,   6.,   6.,   6.],
        [  0.,   3.,   8.,   4.,  36.,  16.,   1.,  25., 227.,  64.],
        [ 24.,   4.,  18.,   3., 266.,   4.,  10.,   8.,   2.,   4.],
        [  2., 286.,   7.,   9.,   9.,  10.,  10.,   6.,   9.,   6.]],
       device='cuda:0')
Epoch 8 | Batch 300
tensor([[ 11.,   4.,   6., 266.,   8.,  11.,  22.,   6.,  11.,   4.],
        [ 12.,   4.,  13., 277.,   2.,  10.,  18.,   4.,   3.,   3.],
        [ 15.,   6.,  20., 279.,   2.,   8.,   7.,   8.,   4.,   2.],
        [ 12.,   5.,  16., 278.,   7.,  16.,   2.,   5.,  34.,   4.],
        [  9.,   4.,   7.,   2.,  11.,  23.,   7.,  11., 264.,  14.],
        [  5.,  85.,  11.,   2.,   1.,   4.,  15.,  11., 260.,  11.],
        [  0.,  13.,   5.,   9.,   3.,   9., 269.,   8.,  16.,  15.],
        [283.,   3.,   8.,   8.,   8.,  14.,  10.,   6.,  20.,   4.],
        [  6.,  10.,   6.,   6.,   7.,  14.,   6.,  15., 272.,  11.],
        [  2., 175.,   6.,  25.,   9.,  15.,  15.,   4.,  13.,  11.],
        [  6., 271.,   7.,   7.,   4.,   3.,   4.,   6.,   3.,  12.],
        [282.,   1.,   9.,   6.,   7.,  13.,  20.,   6.,  18.,   5.],
        [  8.,  18., 252.,  21.,   0.,  17.,  15.,   6.,  36.,   4.],
        [  5.,   7.,   8.,   8.,   5.,   7.,  14.,  12.,  23., 269.],
        [ 10., 238.,  15.,  18.,   5.,   5.,   6.,  14.,   7.,  23.],
        [  4.,   4.,   9., 274.,  14.,   5.,   1.,   6.,  13.,   8.],
        [  5.,  43.,   4.,   3.,   5.,   7.,   9.,  12., 244.,  10.],
        [291.,   1.,  16.,   5.,   7.,   7.,  18.,   8.,   3.,   9.],
        [262.,   3.,   7.,   4.,   5.,  10.,  12.,   8.,  14.,   8.],
        [ 10.,   6.,   5.,  14.,   2.,  24.,   6.,  13., 272.,  12.],
        [  5.,   9., 243.,   2.,   4.,   7.,   3.,  11.,  18.,  20.],
        [ 16.,  11.,   3., 278.,   1.,  16.,   3.,  12.,   5.,   5.],
        [  9., 279.,   9.,   7.,   5.,   5.,   5.,   8.,   5.,  15.],
        [  8.,  12.,  11.,   5.,  23.,   8.,  10.,  16.,  17., 236.],
        [  4.,  13., 248.,   3.,   2.,   8.,  43.,  19.,  11.,   4.],
        [ 15.,   2.,   6.,  15.,   8., 239.,   4.,  11.,  30.,   9.],
        [ 18.,   2.,   7.,   0.,  10.,   2., 293.,   3.,   7.,  17.],
        [  6.,   2.,  11.,   5., 276.,   6.,  18.,   7.,  13.,  45.],
        [  5.,   7.,   4.,   2., 278.,   7.,   8.,   9.,  14.,  21.],
        [296.,   2.,   2.,   8.,   3.,  14.,   9.,   5.,  28.,   3.],
        [ 17.,   5.,  14.,   2.,  10.,   6.,  38.,   5.,  12., 254.],
        [ 16.,   2.,  14.,   0.,   7.,   4., 298.,   2.,   6.,   6.],
        [  6.,   2.,   1.,  28.,  11., 265.,   4.,  11.,  18.,  47.],
        [  8.,  19.,  10.,   8.,   3.,  10.,   6.,  15., 260.,  14.],
        [  8., 257.,   9.,  10.,  10.,   6.,   4.,   6.,  36.,   6.],
        [ 16.,   4.,   4., 272.,   7.,  22.,   1.,  13.,   9.,   8.],
        [ 23.,   0.,  13.,   0.,  12.,   3., 291.,   4.,   5.,   6.],
        [ 17., 115.,  27.,   2.,  16.,  98.,  77.,   8.,   8.,   9.],
        [  8.,   5.,  12.,  17.,   4.,   7.,   6., 283.,  10.,   9.],
        [ 13.,   8.,   4., 269.,   9.,   7.,   6.,   6.,   9.,   9.],
        [  9.,   4.,   8.,   5.,  13.,   7.,  14.,  13.,  14., 270.],
        [ 99.,   3.,   8.,   1.,   3.,   7.,  33.,  16.,  16., 156.],
        [  9.,   6.,   1.,   9.,  12., 265.,  14.,   4.,  16.,  15.],
        [  9.,   3.,   9.,   2., 279.,   5.,  27.,   7.,   8.,   8.],
        [  6.,   1.,   0.,  11.,  11.,  16.,   4., 254.,  12.,  15.],
        [  9., 288.,   7.,   8.,   2.,   5.,   9.,   6.,  11.,  10.],
        [143.,  26.,  17.,  18.,  16.,   7.,   5.,  13.,  18.,  11.],
        [ 13.,   3.,   6.,  27.,   4., 257.,   6.,   9.,  13.,  14.],
        [292.,   2.,  18.,  18.,   2.,   9.,   8.,   6.,  15.,   4.],
        [  7.,  12.,   4.,  13., 264.,   8.,  13.,   8.,  10.,  18.],
        [ 12.,   9.,   9.,   4.,   5.,  11.,   8.,   9., 281.,   9.],
        [  2.,   5.,   2.,  23.,  12.,  55.,  12.,   7.,  22., 252.],
        [  6.,   4.,   5., 277.,   5.,   9.,   0.,  17.,  21.,   5.],
        [ 44.,   1.,  13.,   2., 253.,   4.,  37.,   6.,   3.,   2.],
        [  5.,   1.,   5.,   1.,  55.,   3., 271.,  10.,   9.,  28.],
        [ 15.,   7.,   5., 268.,   6.,  11.,   2.,   9.,  22.,  12.],
        [  4.,   2.,  12.,   2.,  12.,   5., 280.,   3.,   9.,   7.],
        [  2.,   2.,   6.,   6.,  13.,   9., 281.,   4.,  17.,  19.],
        [  9.,   3.,   6.,   5.,   9.,   7.,  29.,   9.,  11., 218.],
        [  9., 282.,   6.,   6.,   1.,   5.,   8.,   5.,   7.,  11.],
        [  3.,   6.,   7.,   8.,   4.,  16.,  26.,  12., 264.,  18.],
        [  8.,   1.,   5.,   2.,   5.,  15.,   6.,  29., 273.,  35.],
        [  7.,   1.,   5.,   2., 270.,   6.,  34.,   5.,   7.,  12.],
        [ 33.,   0.,  10.,   1., 265.,  11.,  47.,   2.,  13.,   5.]],
       device='cuda:0')
Epoch 8 | Batch 400
tensor([[ 15.,  13.,   4., 247.,   6.,  14.,   9.,   2.,   2.,  10.],
        [  0.,   7.,  10.,   8.,  14.,  11.,  13., 275.,  14.,  11.],
        [ 69.,   2.,   3.,   3.,  19.,   7.,  10., 237.,   4.,   7.],
        [  1.,   7.,  15.,  12.,   9.,   9.,  17., 270.,   6.,  16.],
        [261.,   2.,  11.,   4.,  12.,  20.,  16.,   5.,  13.,  12.],
        [  0.,   6., 279.,   5.,   3.,   7.,   1.,   0.,  50.,  11.],
        [  4.,  26.,   4.,   3.,   6.,   8.,   7., 254.,  14.,  33.],
        [ 17.,   2.,  15.,   2., 264.,   6.,  17.,   5.,   8.,  16.],
        [  2.,   8.,  15.,   1.,  10.,   8., 278.,   2.,  10.,  17.],
        [  1.,  10.,   6.,   2., 252.,  12.,   9.,   4.,  15.,  39.],
        [  0.,   8.,  24.,   2.,  12.,   5., 265.,   5.,  10.,  25.],
        [  1., 272.,   5.,   8.,  13.,  15.,  10.,   6.,  13.,  21.],
        [  6.,   8.,  16.,   3., 276.,  10.,  20.,   4.,  13.,  11.],
        [  2., 268.,  10.,   5.,   6.,   4.,   7.,  10.,   9.,  11.],
        [ 47.,   0.,  12.,   0., 278.,  11.,  34.,   0.,  16.,   6.],
        [295.,   1.,  14.,   3.,   7.,  12.,  23.,   3.,   7.,   3.],
        [299.,   5.,   3.,  24.,   1.,   6.,   1.,   4.,   1.,   6.],
        [  3.,   6.,  14.,   2.,  13.,   6.,  11.,   9.,  11., 276.],
        [  0.,   5.,  23.,   1.,  14.,   9., 286.,   1.,   8.,  20.],
        [  3.,   4., 236.,   0.,   5.,   7.,  21.,   0.,   1.,   6.],
        [ 19.,   1.,  32.,   1., 258.,   6.,  38.,   1.,   4.,   6.],
        [  5.,  11.,   6.,   7.,   6., 270.,   2.,  14.,   3.,   7.],
        [  0.,  13.,  11.,   4.,   6.,  15., 249.,   4.,  17.,  10.],
        [293.,   2.,   7.,   3.,   8.,  14.,   7.,   2.,   2.,   3.],
        [ 13.,   1.,  27.,   0.,  16.,  10., 281.,   0.,   4.,  12.],
        [  3., 278.,   8.,   7.,   4.,   6.,   8.,   6.,  10.,  11.],
        [ 76.,   9.,  18., 155.,   2.,   8.,  26.,   2.,   1.,   7.],
        [  3.,   6.,  13.,   4.,   7.,  11., 283.,   2.,   8.,  13.],
        [ 10.,   8.,   5.,   3.,  28., 279.,   3.,   3.,  13.,  18.],
        [303.,   0.,  10.,   0.,  37.,  13.,  19.,   0.,  12.,   1.],
        [  0.,  12.,   0., 242.,  13.,  18.,   6.,   6.,  12.,  16.],
        [  4.,  10.,  26., 258.,   2.,   4.,   4.,   8.,   6.,  15.],
        [ 15.,   3.,  12.,   1., 272.,  19.,  13.,   2.,  20.,  23.],
        [  7.,   8.,  14.,   5.,   6.,   9., 279.,   2.,  13.,   9.],
        [  0.,  42.,   7.,   6.,   7.,  16., 257.,   4.,  52.,  15.],
        [  4.,   5.,   6.,   3.,  20.,   8.,   7.,   5.,  11., 284.],
        [  0.,  28., 264.,   1.,   8.,  11.,  17.,   8.,  10.,  13.],
        [  3.,   8.,   4.,   6.,  26., 266.,   2.,   3.,   9.,  36.],
        [ 37.,   3.,   5.,   0.,   9., 281.,  29.,   1.,   5.,   9.],
        [  1.,   5.,   5.,   0.,  69.,  11.,   8.,  15., 233., 128.],
        [  6.,   8.,   7.,   1., 275.,   8.,   8.,   8.,   6.,  22.],
        [  2.,  18., 268.,   6.,   5.,  15.,   7.,   1.,  25.,   4.],
        [ 10.,   2.,  14.,   9.,  24.,  27.,  11.,   2., 267.,  18.],
        [292.,   4.,  12.,   0.,   6.,   7.,  17.,   1.,   2.,   3.],
        [  3.,  13.,   5.,   5.,   7.,  10.,  17.,   2.,  17., 267.],
        [  2., 281.,   4.,   5.,   5.,   4.,   6.,   3.,   9.,  13.],
        [  2.,   6.,   5.,   4.,  17.,  10.,   9.,   2.,  12., 283.],
        [  8.,   9.,   6.,   1.,   9., 276.,   5.,   3.,  18.,   5.],
        [  0.,   7., 273.,   4.,   7.,   8.,   2.,   0.,   6.,   8.],
        [  0.,  13.,   5.,   3.,   9.,   8., 284.,   1.,   9.,  16.],
        [  2.,  21.,  17.,   6.,   3.,   9.,   5.,  11., 251.,  13.],
        [  1.,   6.,  17.,   1.,  13.,  11.,  15.,   6., 268.,  15.],
        [ 12.,   5.,  25.,   1.,   9.,  17., 276.,   1.,   6.,  11.],
        [ 11.,   5.,   9.,   2.,  23.,   5.,   5.,   4.,  13., 281.],
        [  9.,   8.,   5.,   6.,   9., 268.,   4.,   4.,  18.,  15.],
        [  8.,  25.,   7., 237.,   7.,   9.,   3.,   4.,  21.,   9.],
        [ 13.,   5.,  20.,   0.,   9.,   2., 281.,   3.,   4.,  13.],
        [  0.,   3.,  12.,   2.,  16.,  12.,   5.,   8., 271.,  41.],
        [ 40.,   3.,  17.,   0.,  17.,   4.,  13.,  16.,   5., 268.],
        [  4.,   3.,  11.,   1.,   6.,   8.,   7.,   4., 289.,  12.],
        [ 21.,   2.,  30.,   0.,  11.,   5., 281.,   0.,   9.,  12.],
        [ 14.,   1., 289.,   4.,   6.,   3.,  25.,   0.,   2.,   2.],
        [  2., 277.,   5.,   7.,   9.,  11.,  10.,   5.,  16.,  19.],
        [  0.,  24., 259.,   2.,   5.,  10.,  11.,  18.,   8.,  14.]],
       device='cuda:0')
Epoch 8 | Batch 500
tensor([[  0.,  17.,   2.,  13.,   9.,  20., 256.,  11.,  20.,  18.],
        [  1.,  23.,   6.,   9., 253.,  17.,  12.,  17.,  10.,   9.],
        [  6., 277.,  10.,   9.,  11.,   6.,   1.,  11.,  16.,   8.],
        [ 51.,   4.,  10.,   3.,  12.,   5.,  27.,   9.,   6., 232.],
        [284.,   4.,   3.,   3.,  11.,   6.,  17.,  17.,   3.,   8.],
        [  3.,   3.,   5.,   7.,  11.,  10.,   3., 282.,   7.,   8.],
        [ 14.,   5.,   4.,   6.,   9.,   7.,   2., 279.,   7.,  22.],
        [  3.,  10.,   8.,   8.,   7.,  11.,   3.,  16.,  16., 264.],
        [ 20.,   2.,   0.,   3.,  33.,   7.,   0., 286.,   4.,  15.],
        [ 14.,  19.,  18., 225.,  26.,   4.,  12.,   6.,  19.,   5.],
        [  3.,   6., 236.,  18.,   4.,  11.,   2.,   7.,  18.,   6.],
        [  1.,  20.,   2.,   5.,   8.,  11., 273.,   4.,  18.,   8.],
        [  0.,  10.,   0., 248.,  12.,  13.,   4.,  26.,  14.,  23.],
        [298.,   9.,   0.,   5.,   8.,   4.,   0.,  13.,   1.,   5.],
        [ 15.,   8.,  12.,   4.,   9.,   7.,   1., 267.,   9.,  22.],
        [ 67.,   4.,   1.,   5.,  12.,  10.,   3., 287.,   7.,   5.],
        [  2.,   9.,   2.,   4., 284.,   9.,   4.,  16.,   9.,   7.],
        [  6.,  10.,  10.,   6.,  10.,   5.,   3., 274.,   7.,  13.],
        [  6.,   5.,   4.,  26.,   7., 268.,   1.,   3.,  25.,  15.],
        [ 15.,  15.,  25., 242.,   5.,   8.,   9.,  11.,   8.,   4.],
        [  0.,   4.,   6.,  13.,  23., 152.,  11.,   3.,  16.,  12.],
        [  6.,   5.,   6.,  10.,   7.,  26., 281.,   4.,  20.,  10.],
        [  9.,   6.,  11.,  52.,   3.,  25.,   1.,   4.,  38., 211.],
        [ 28.,   5.,   3.,   5.,   5.,   8.,   1., 276.,   9.,  23.],
        [  3.,  14.,   6.,  13.,   8.,  15.,   1.,  12., 270.,  10.],
        [  3.,   7.,   2.,   8., 253.,  31.,  10.,  29.,   7.,  21.],
        [  0.,   4.,   1.,   7.,  14.,  10.,   1., 278.,   8.,   5.],
        [293.,   6.,   0.,   9.,   3.,  66.,   0.,   7.,   6.,   5.],
        [  4.,   8.,   8.,  12.,   6., 275.,   0.,   4.,  19.,   7.],
        [ 64.,   6.,   0., 257.,   4.,  16.,   7.,  11.,   1.,   7.],
        [  4., 286.,   5.,  12.,   6.,   6.,   2.,  11.,   7.,  10.],
        [  3.,   7.,   5.,   4., 281.,  10.,   6.,   8.,  13.,   6.],
        [  2.,   8.,   6.,  70.,   7.,  18.,   1.,   8., 254.,  15.],
        [ 39.,   5.,  10.,   0.,  20.,   4., 285.,   4.,   9.,  14.],
        [  7.,   5., 256.,  52.,   4.,   6.,   4.,   0.,   4.,   4.],
        [  2., 264.,   4.,   7.,   7.,  10.,   3.,   7.,   8.,   5.],
        [ 10.,  77.,   4.,  12.,  17.,   7.,   0.,   8., 187.,   8.],
        [  5.,  84.,   5.,  10.,   3.,  10.,   5.,  12., 258.,  10.],
        [ 18.,   9.,  17.,   9.,   6.,   6.,   1., 283.,  10.,  13.],
        [ 18.,   0.,   3.,   1., 273.,   4.,  25.,   2.,   4.,  19.],
        [  9.,   4.,   2.,   5., 278.,  14.,   0.,  12.,  11.,   5.],
        [ 18.,  12.,   6.,   5.,   9.,   3.,   0., 270.,  11.,  13.],
        [257.,   4.,   0.,   6.,   1.,   5.,   0.,   6.,   7.,   6.],
        [  2.,   8.,   3.,   3., 278.,   8.,   3.,  19.,  10.,   8.],
        [285.,   2.,   4.,   3.,  10.,   8.,   9.,   5.,   6.,   5.],
        [  5., 269.,   9.,   9.,  11.,   8.,   1.,   9.,  18.,   6.],
        [  3., 284.,   4.,   7.,   5.,   8.,   1.,   5.,   9.,   5.],
        [  1.,  11.,   6.,   9.,  15.,  14.,   9.,   7.,  15., 278.],
        [  0.,  16.,   2.,  18.,   7.,  21., 269.,   9.,  24.,  13.],
        [  5.,  17.,   9.,  12.,   8.,   7.,   3.,  45.,  14., 232.],
        [  3., 287.,   6.,  13.,   6.,   9.,   5.,  10.,  13.,   9.],
        [301.,   3.,   2.,   5.,   3.,   4.,   4.,   5.,   5.,   3.],
        [303.,   4.,  16.,  10.,   0.,   3.,   0.,   5.,  32.,   1.],
        [  5.,   9.,   1.,  10.,   9., 220.,   0.,  42.,   9.,  11.],
        [ 13.,   5.,   2.,  31.,   8., 254.,   0.,   8.,  39.,  26.],
        [  1.,   7.,   1.,   9., 287.,  11.,   3.,  13.,  12.,  18.],
        [  9., 279.,  10.,  16.,   5.,  14.,   3.,  11.,  26.,   8.],
        [  1.,  71.,   5.,  13.,  10.,  10.,   5., 156.,   9.,   9.],
        [  2.,  12.,   7., 273.,   3.,   8.,   9.,   4.,   7.,   3.],
        [  0.,  15.,   6., 204.,  14.,   6.,   0.,  13.,  12.,  13.],
        [  4.,  88.,   5.,  11., 148.,  10.,   0.,  13.,  18.,   0.],
        [  9.,  10.,   5.,   8.,  16.,   7.,   2.,  12.,  14., 275.],
        [290.,   6.,   1.,   4.,   6.,  80.,  12.,   4.,   5.,   3.],
        [ 30.,   5.,   8., 277.,   3.,  10.,   1.,   4.,  13.,   5.]],
       device='cuda:0')
Epoch 8 | Batch 600
tensor([[281.,   5.,  10.,   3.,  12.,   9.,  12.,  11.,   3.,   5.],
        [  2., 192.,  28.,  12.,  14.,   9.,   1.,   7.,  67.,   4.],
        [  3., 257.,  14.,   6.,   6.,   7.,   6.,  16.,   5.,   9.],
        [  3., 263.,  10.,   7.,   5.,   7.,   5.,  11.,   6.,   7.],
        [  1.,   8.,   5.,   2., 281.,  19.,   4.,  18.,   4.,  14.],
        [  5.,  18.,   9.,   6.,  12.,   7.,   5., 267.,  10.,  19.],
        [  1., 223.,  11.,  21.,  14.,   9.,  35.,  21.,   8.,  12.],
        [  2.,  13.,   7.,   5.,   6., 253.,   2.,  14.,  24.,  21.],
        [ 16.,   2.,  11.,   1., 293.,   5.,  14.,   7.,   3.,   7.],
        [ 12.,   5.,  11.,   2.,  68.,   4.,   1.,  17.,   6., 275.],
        [ 25.,  10.,  14., 259.,   4.,  15.,  12.,   7.,   9.,   5.],
        [ 19.,   4.,   4.,   0., 290.,   5.,  23.,  10.,   3.,   4.],
        [  3., 232.,  10.,  10.,  10.,   9.,  11.,  22.,   7.,  12.],
        [ 29.,  10.,  14., 267.,   4.,  16.,   4.,   6.,   3.,   4.],
        [  3.,  11.,  10.,  12.,   4., 274.,   1.,   6.,  10.,  11.],
        [  2.,   7.,   9., 277.,   5.,  13.,   0.,   6.,  39.,   1.],
        [  5.,  10.,  16.,   8.,  37.,   8.,   8., 262.,  12.,   9.],
        [  1.,  11.,   9.,   5.,  34.,   7.,   9.,  32.,   7., 258.],
        [  0.,  11., 278.,  54.,   0.,   7.,   4.,   1.,   4.,   1.],
        [  1.,  10.,  14.,  17.,   8.,   9.,   7.,  10., 273.,  13.],
        [  2., 254.,  11.,   6.,   5.,   6.,   5.,  15.,   4.,  10.],
        [  1.,   8.,  16.,  19.,  15.,  14.,   2.,  14., 160.,  18.],
        [  4., 266.,  23.,   7.,   4.,   8.,   6.,  12.,  15.,   9.],
        [  4.,   6.,   8.,   3.,   3.,  18.,   5.,   8., 282.,   6.],
        [  3.,  14.,   7.,   2.,   9.,   7.,   4.,   9., 278.,   7.],
        [ 15.,   4.,  20.,   1.,  12.,   5., 287.,   5.,   0.,   3.],
        [ 15.,   6., 295.,   1.,  10.,   4.,  17.,   1.,   0.,   1.],
        [  0.,   4.,  10.,   7., 289.,   9.,  10.,   9.,   4.,   7.],
        [  0.,  15.,  11.,  13.,  10.,  22., 228.,  10.,  21.,   7.],
        [  1.,   9.,   9., 286.,   9.,  13.,   0.,   8.,  18.,   1.],
        [  4., 266.,  10.,   8.,   7.,   7.,   5.,  12.,  11.,   8.],
        [  3.,   7.,   6.,   3., 277.,  18.,   5.,  13.,   8.,   9.],
        [  0.,  14.,  24., 272.,  10.,   2.,   2.,  13.,   7.,   7.],
        [  7.,   6.,   5.,   6.,   8.,   9.,   3., 282.,   8.,  26.],
        [  2.,  69.,   7.,   9., 260.,  17.,   3.,  12.,   8.,   0.],
        [  3., 262.,  16.,  10.,   7.,   7.,   5.,  23.,   3.,  10.],
        [  0.,   9.,   5.,  23.,   9., 261.,   5.,  11.,  13.,   4.],
        [  3.,  21.,  10.,  51.,   6., 245.,   4.,  12.,  11.,   7.],
        [ 29.,   5.,  33.,   2.,   9.,  11., 158.,   3.,  60.,   4.],
        [  4.,   9.,   6.,   3.,   9.,   6.,  10.,  10., 287.,  12.],
        [  6.,   7.,  22., 286.,   4.,  25.,   0.,   5.,   8.,   4.],
        [  1.,  10.,   6.,   5., 273.,  11.,   3.,  32.,  14.,  10.],
        [  0.,  12.,  12.,   5., 270.,  14.,   3.,  13.,   4.,  22.],
        [  0.,  13.,   9.,  15.,   5.,  14., 234.,   7.,  25.,  13.],
        [  3., 236.,   9.,   9.,  10.,  13.,  20.,  15.,  18.,   8.],
        [156.,   5.,   5.,  16.,  11.,  17.,   1.,  22.,   9.,  23.],
        [  2.,  10.,   9.,   3.,  27.,  10.,   5.,  24.,  18., 257.],
        [  3.,  12.,  10.,  50.,   4., 270.,   1.,   5.,  33.,   7.],
        [  5.,   7.,   5.,  16.,   7.,  13.,   5., 271.,   7.,  14.],
        [295.,   4.,   5.,  18.,   0.,  16.,   0.,  16.,  10.,   3.],
        [  2.,   8.,   2.,  10.,  15.,  12.,   3., 283.,   9.,   8.],
        [  7.,   8.,   3.,   7.,  10.,   9.,   2., 281.,   5.,  11.],
        [  1.,  12.,  13.,   9.,  25.,   9.,   8.,   7.,  14., 228.],
        [  2.,   8.,  10.,   7., 272.,  11.,   3.,  19.,  16.,  12.],
        [293.,   5.,   1.,   1.,   4.,  25.,   5.,   5.,   7.,   4.],
        [ 12.,  12.,   4.,   2.,  15.,  15.,   1., 272.,   7.,   6.],
        [  4.,  11.,   9.,   4.,  12., 264.,   4.,  13.,   3.,  20.],
        [  2.,  22.,  14.,   3.,   3.,   8.,   4.,   8., 278.,   8.],
        [  4., 267.,  17.,   8.,   5.,   8.,   9.,  12.,  11.,   7.],
        [ 19.,   6.,   2.,   7.,   7.,  11.,   4., 278.,   5.,  18.],
        [  4.,  19.,   7.,   4.,   8.,   5.,   3., 272.,  31.,   3.],
        [  7.,   7.,   4.,   3.,  17.,   9.,   3., 281.,   5.,  30.],
        [  1.,  12.,  13.,   1.,   9., 231.,   4.,  16.,   7.,   7.],
        [  3., 264.,  11.,   8.,   7.,  10.,   7.,  20.,  15.,  10.]],
       device='cuda:0')
Epoch 8 | Batch 700
tensor([[  0.,   6.,  11.,  49.,  11.,   6.,   4.,   4.,   9., 252.],
        [ 10.,   6., 287.,   1.,   3.,   7.,  29.,   0.,   9.,   9.],
        [  5.,  20.,   6.,   6.,   5.,   7.,  15.,   9., 275.,  18.],
        [ 46.,   1.,  15.,   4., 268.,   2.,  39.,   2.,   3.,   1.],
        [  8.,   6.,   4.,  11.,  11.,   8.,  10., 255.,   6.,  16.],
        [  0.,  10.,   8.,   3.,  24., 290.,  16.,   3.,   5.,   9.],
        [  4.,  27.,   6.,   7.,  11.,   5.,  13., 258.,  15.,  18.],
        [  0.,   9.,  23.,   9.,   6.,   6., 276.,   2.,  16.,  15.],
        [  0.,  15.,  18., 255.,  20.,   6.,   6.,   4.,  17.,  17.],
        [ 28.,   0.,  42.,  17.,   8.,   4.,  10.,   1., 251.,  11.],
        [  4.,  43.,   9.,   4.,  11.,   8.,  13.,   8., 193.,  13.],
        [  6.,  14.,   8.,  10.,   8.,   7.,  10., 281.,   6.,  26.],
        [  5., 273.,  13.,   6.,   5.,   5.,  11.,   6.,  15.,   5.],
        [ 21.,  11.,   9.,   3.,  12.,  73., 279.,   1.,   1.,   2.],
        [  1.,  26.,  23., 266.,   8.,   6.,   7.,   6.,  25.,  11.],
        [  6.,   9.,  10.,   6.,  15.,   4.,  27.,   3.,  15., 260.],
        [ 10.,  11., 279.,   4.,   1.,   7.,  67.,   0.,  16.,   2.],
        [  0.,  10.,  11.,   6.,   8.,   6., 294.,   2.,   7.,  11.],
        [  5.,  10.,  18., 283.,   4.,  14.,   5.,   6.,  27.,   5.],
        [  0.,  22.,   7.,  46., 233.,  10.,  12.,  13.,  15.,  21.],
        [  3.,  12., 269.,   7.,   2.,   8.,   9.,  26.,  14.,   4.],
        [  1.,  14.,   6.,  16.,   8.,  15.,  23.,  25.,  10., 241.],
        [  6.,  40.,   7.,   5.,   4.,   6.,  13.,   7., 270.,   9.],
        [286.,   2.,  15.,   2.,   4.,   5.,  23.,   4.,  17.,   3.],
        [  0.,  16., 277.,   6.,   6.,   7.,  19.,   1.,  10.,  15.],
        [  4.,  10.,  10.,  19., 254.,  10.,  13.,  13.,   8.,  18.],
        [  3., 280.,  15.,   7.,   8.,   6.,  11.,   6.,   9.,   9.],
        [  1.,  18.,   5.,   7.,   5.,   7.,  12., 269.,  10.,   9.],
        [  5.,  26.,  13.,  10., 237.,   9.,  22.,   8.,  12.,   5.],
        [  6.,   9.,   5., 224.,   8.,  10.,   6.,  42.,  76.,  10.],
        [  5., 272.,  17.,   6.,   3.,   5.,  16.,   6.,  21.,   5.],
        [  4., 268.,   8.,   5.,   3.,   4.,   9.,   3.,   8.,   5.],
        [  6., 263.,  24.,  13.,   9.,  14.,   9.,  10.,  16.,   5.],
        [  4., 248.,  32.,  16.,  10.,  31.,   6.,   8.,  17.,   6.],
        [  0.,  30.,  44., 253.,   6.,   6.,   7.,   6.,  59.,  18.],
        [  5., 265.,  39.,  14.,   7.,  29.,   8.,   7.,  14.,   4.],
        [ 21.,   8., 281.,  38.,   0.,   6.,  46.,   0.,   3.,   0.],
        [  4., 275.,  16.,   8.,   5.,   7.,  12.,   5.,  22.,   7.],
        [ 25.,  10.,   7.,  13.,   9.,   4.,   8., 283.,   5.,   5.],
        [ 10.,  10.,  19.,   6.,   7.,   4., 290.,   2.,   6.,   5.],
        [  4.,  12.,   7.,   3.,  10.,   7.,  12.,  14., 259.,  18.],
        [  7.,   8.,   7.,  16.,  12.,  11.,  12.,   8., 272.,  14.],
        [  2.,  14.,   9.,  21., 253.,   8.,  12.,  11.,  11.,  19.],
        [  1.,  21.,  40., 265.,   8.,   7.,   3.,   6.,  19.,   5.],
        [  0.,  19.,   6.,  15.,  12.,   5.,  15.,  11.,  19., 272.],
        [  2.,  10., 292.,   7.,   3.,   7.,  20.,   1.,   8.,   4.],
        [  5., 279.,  15.,   6.,   7.,   6.,  10.,   7.,  10.,  11.],
        [  7.,   8.,  12.,  27.,  21.,  12.,  14.,   4., 257.,  12.],
        [  6.,   9.,  21.,  14.,   2., 231.,  45.,   1.,  12.,   1.],
        [  2., 249.,  11.,   6.,   3.,   4.,   6.,   4.,   8.,   5.],
        [  2.,  11.,  19., 278.,   7.,   9.,   5.,   7.,  19.,  10.],
        [ 15.,   6.,  14.,   2.,  15.,   2., 300.,   0.,   2.,  10.],
        [  0.,  27., 281.,   3.,   3.,  12.,   5.,   2.,  13.,   8.],
        [  3., 262.,  16.,   6.,   5.,   5.,   7.,   5.,  11.,   7.],
        [  3.,   9.,   9.,  44.,   5.,  18.,   6.,   7., 270.,  12.],
        [  2.,  19.,  13.,  11., 156.,  59.,  16.,   6.,  48.,   6.],
        [  5.,   5.,   0.,  15.,  19.,   7.,  10., 136.,   6.,  14.],
        [  9.,  27.,   5.,   7.,   8.,   9.,   9.,   5., 267.,  19.],
        [  6., 267.,  19.,   7.,   5.,  16.,   7.,   9.,  11.,   6.],
        [ 11.,   6.,  13.,   3.,  14.,   2., 289.,   7.,   3.,  11.],
        [  3., 265.,  15.,   5.,   5.,   3.,   8.,   7.,  11.,   4.],
        [  4.,   9.,   9.,   3.,  27., 284.,   9.,   4.,   4.,  14.],
        [  3., 266.,   8.,   4.,   4.,   4.,   8.,   4.,   7.,   8.],
        [  3.,  13.,   3.,  10.,  22.,   7.,  17., 282.,  10.,  15.]],
       device='cuda:0')
Epoch 8 | Batch 800
tensor([[  9.,   6., 276.,   2.,   6.,   2.,  32.,   1.,  13.,  13.],
        [  4.,  35.,  20.,   7.,  12., 260.,   4.,   6.,  16.,   6.],
        [  7.,  28.,  12.,   7.,  16., 273.,   6.,   8.,   6.,   7.],
        [ 10.,  14.,  10.,   5.,  11., 247.,   3.,  10.,   4.,   7.],
        [  5.,   6.,   6.,   5.,  11.,   4.,  18.,   2.,  11., 272.],
        [ 15.,  10.,   5.,   6.,  10.,   6.,   5.,   7.,  21., 264.],
        [  4.,   5.,  14.,  14., 271.,   6.,  10.,   4.,  10.,  26.],
        [ 16.,  10.,   5., 275.,  12.,   5.,   3.,   5.,  10.,  17.],
        [  4., 272.,  17.,   7.,   4.,   2.,   5.,   3.,  14.,   5.],
        [  5.,  15.,   8.,  11.,   9.,   4.,   8.,   8.,  22., 248.],
        [  1.,  13.,   4.,   5.,  20.,   2.,   8.,  10., 241.,  64.],
        [  3., 269.,   5.,  13.,   9.,   4.,   6.,   6.,   7.,   8.],
        [ 37.,   6.,   1.,   5.,  29.,   6.,   4., 268.,   8.,  11.],
        [  5.,   9.,   3.,  11.,  10.,   3.,   6.,   1.,   6., 270.],
        [  5.,  12.,   3.,   4.,  12.,   3.,   8.,  10., 276.,  16.],
        [ 35.,   4.,   2.,  11.,   5.,   7.,   5., 267.,   7.,  17.],
        [  2.,   7.,   6.,   3.,  32.,   1., 274.,   1.,   4.,  13.],
        [  9.,   5.,   4.,   5.,  16.,   4.,   5.,   4.,  13., 276.],
        [  6., 166.,  15.,  17.,  28.,   1.,   4.,  78.,  17.,  10.],
        [282.,   6.,   6.,   9.,  13.,   1.,   2.,  12.,   5.,  10.],
        [  4., 276.,  17.,  10.,   9.,   2.,   3.,   5.,  13.,   9.],
        [  9.,   6.,   6.,  10., 273.,   2.,   6.,   9.,   7.,  16.],
        [  6., 268.,  22.,  10.,   8.,   2.,   3.,   5.,  22.,   9.],
        [  4.,   6.,   5.,  10., 274.,  25.,   6.,   4.,  12.,  33.],
        [  7.,   7.,   7.,   1.,  17.,   0., 291.,   0.,   5.,  14.],
        [ 13.,   8.,   4.,   5.,  13.,   3.,   4., 258.,   6.,  22.],
        [ 15.,   6.,   1., 278.,   5.,  12.,   6.,   6.,  10.,  18.],
        [ 38.,  11.,   9.,  10.,  10., 268.,   2.,   5.,   7.,   9.],
        [297.,   5.,   1.,   0.,   2.,   4.,   0.,   3.,   6.,   5.],
        [ 19.,   5.,  24.,   0.,  10., 270.,  47.,   1.,   7.,  14.],
        [ 11.,   4.,  13., 279.,   6.,   2.,   1.,   8.,  18.,  10.],
        [306.,   6.,   0.,   1.,   2.,   0.,   0.,  12.,   0.,  12.],
        [ 10.,   4.,  28.,   7.,  25.,   3.,  12.,   2., 196.,  15.],
        [  3.,  40.,  10.,   9., 264.,   5.,   7.,   4.,  11.,  21.],
        [308.,   2.,   0.,   8.,   2.,   3.,   0.,   6.,  47.,  15.],
        [ 29.,  11.,   5.,  15.,  11., 250.,   7.,   7.,  13.,  13.],
        [  6.,   6.,   3.,   7., 279.,  68.,   8.,   8.,  12.,  12.],
        [ 35.,   7.,   1.,   2., 249.,   0.,  13.,   3.,   3.,   7.],
        [ 42.,   3., 278.,   5.,  14.,   1.,  19.,   0.,   2.,   4.],
        [283.,   4.,   2.,   7.,   4.,   4.,   1.,   4.,   5.,  18.],
        [  0.,   6., 285.,   1.,  21.,   1.,  23.,   0.,  19.,   6.],
        [  0.,  10.,   4.,   9.,  16.,   4., 270.,   1.,  12.,  19.],
        [  3., 280.,  15.,  10.,   5.,   2.,   6.,   5.,  12.,   6.],
        [  5.,  13.,  14., 277.,   4.,   2.,   5.,   4.,  12.,   9.],
        [ 17.,  13.,   6., 281.,   3.,   3.,   2.,   4.,   8.,   9.],
        [  0.,  12.,   8.,  14.,  12.,  13., 266.,   2.,  11.,  11.],
        [  0.,   7., 289.,   7.,   6.,   3.,   2.,   4.,  22.,   4.],
        [  4.,   5., 284.,   2.,  15.,   2.,  36.,   0.,  13.,   4.],
        [  8.,  14.,   2.,   7.,  15.,   1.,   5.,   2.,   9., 275.],
        [ 63.,   3.,   0., 189.,  17.,   2.,   2.,   9.,  46.,  18.],
        [  0.,   7., 272.,  10.,   4.,   3.,  10.,   4.,   6.,  12.],
        [ 42.,   4.,   0.,   6.,  24.,   7.,   3., 257.,   5.,  29.],
        [  7.,  19.,   7.,  11., 254.,   7.,   9.,   7.,  15.,  12.],
        [  4.,  16.,   5., 239.,   9.,   2.,   6.,   5.,  19.,  22.],
        [  8.,   7.,   4.,  15.,   9., 267.,   5.,   3.,  12.,  15.],
        [ 19.,  21.,  10., 261.,  10.,   2.,   4.,   6.,   9.,  12.],
        [  2., 291.,   8.,  23.,   7.,   4.,   5.,   3.,  10.,  10.],
        [284.,   5.,   2.,   8.,   6.,   3.,  15.,   6.,   3.,   9.],
        [  5.,  16.,   3., 195.,  12.,   1.,   3.,   7.,  11.,  34.],
        [ 17.,   6.,  19., 267.,   7.,   4.,   4.,   5.,   9.,  18.],
        [  3.,   6.,  11.,   9., 277.,   8.,  15.,   5.,   9.,  23.],
        [  0.,  17.,   2., 257.,  12.,   3.,  13.,   3.,   8.,  30.],
        [  8.,   4.,   1.,   3., 269.,   8.,   7.,   8.,  16.,  30.],
        [  4.,   7.,   7.,   7.,   9.,   2., 286.,   1.,   6.,   9.]],
       device='cuda:0')
Epoch 8 | Batch 900
Switching label layer to Inference Mode (LIF)...
Epoch 8 DONE | Test Acc: 79.03% | Time: 773.8s
Switching label layer back to Training Mode (Clamp)...
tensor([[  3.,   8.,   4.,   4.,  25., 251.,  10.,  10.,  28.,   6.],
        [  0.,  10.,   8., 286.,   9.,   3.,   8.,   6.,   7.,   6.],
        [  5.,   5.,   2.,   8.,   7.,   4.,   6., 278.,   8.,  35.],
        [  5.,   4.,   5., 286.,   6.,  14.,   2.,   9.,   3.,  11.],
        [ 28.,   3.,   0.,  18.,  18.,   8.,   3., 264.,   9.,  45.],
        [  4.,   6.,   7.,  11.,  12.,   6.,   9.,   6.,  11., 276.],
        [  0.,   4.,   5., 236.,  10.,   5.,   4., 109.,   2.,  48.],
        [  0.,  10.,  17.,  18.,  19.,   4., 196.,   4.,   2.,   8.],
        [  1.,   7.,   8.,  12.,   7.,   3.,   8.,  10.,   5., 263.],
        [ 18.,   5.,   7., 274.,   4.,  13.,  16.,   6.,   0.,   2.],
        [  1.,   3.,   0.,  29.,  25.,   8.,  10., 146.,   4.,   8.],
        [  2., 275.,   5.,   8.,   2.,   4.,   3.,   3.,   2.,   5.],
        [ 16.,   3.,  10.,  10.,  12.,   7.,   3.,   2.,   8., 272.],
        [  4.,   5., 281.,  45.,   4.,   6.,  37.,   9.,   1.,   7.],
        [  1.,   9.,   8.,  14.,   2.,   6.,   6.,  13.,   5., 283.],
        [ 23.,  10.,   9.,  17.,   9.,   4.,   5., 266.,  25.,   6.],
        [  5.,  30.,  15.,  22.,   8.,   2.,   4., 148.,   6.,   6.],
        [  3.,   3.,   3.,  30.,   6.,   8.,   7.,   0.,   6., 269.],
        [  2.,   3., 257.,  43.,  14.,   3.,   8.,   6.,   8.,   8.],
        [249.,   2.,   3.,  13.,   8.,  17.,   0.,   7.,   7.,  28.],
        [  5., 271.,   9.,  22.,  12.,   1.,   5.,   5.,  20.,   4.],
        [  7.,   5.,  15.,  15.,  16.,  12., 270.,   1.,   9.,  18.],
        [  5.,   6.,   5.,  14.,   9.,   9.,   6.,   8., 251.,  85.],
        [  8.,   3.,   5.,   7.,  31., 272.,   4.,   7.,  10.,  15.],
        [ 13.,   9.,   2., 286.,   2.,  19.,   1.,   3.,   3.,   3.],
        [  6.,   4.,   3.,  11., 280.,   4.,   4.,  10.,   3.,  19.],
        [265.,   5.,   7.,  18.,  26.,  17.,   6.,  12.,  10.,   6.],
        [  3.,  65.,   4.,  11.,   9.,   4.,  13.,   5., 254.,   8.],
        [287.,   1.,   7.,  15.,  11.,  19.,   6.,   4.,   9.,   2.],
        [270.,   7.,   3.,  23.,   8.,   6.,   0.,   9.,   9.,   7.],
        [  5., 260.,  22.,  20.,   3.,   6., 107.,   3.,   5.,   6.],
        [  5.,   4.,   8.,  13.,   5.,  11.,   7.,   3.,  11., 281.],
        [  6.,  24.,   6.,  20.,   6.,   4.,   5., 251.,  27.,  15.],
        [  1.,   9.,   7., 278.,   8.,   8.,   7.,   5.,  10.,  13.],
        [  7.,   3.,   5.,  47.,   1., 285.,   0.,   3.,  15.,   7.],
        [  6.,  12.,   5.,  21.,  10.,   3., 276.,   2.,  14.,  16.],
        [  0.,   4.,   6.,  28.,  17., 269.,   6.,   3.,   7.,   6.],
        [ 21.,   5.,   2.,  14.,  22.,  11.,   5., 265.,  15.,  17.],
        [  0.,   5.,  11.,  20.,  17.,  12.,   5.,   6., 266.,  17.],
        [  7.,   1.,   4.,   8.,  13.,   4.,   2.,   5.,   4., 287.],
        [  7., 273.,  12.,  17.,   6.,   4.,  10.,   6.,  24.,   5.],
        [ 49.,   3.,  26., 281.,   5.,   6.,  42.,   5.,   0.,   3.],
        [229.,   9.,  19.,   8.,  13.,   3.,  33.,   5.,   6.,   5.],
        [  4., 288.,   7.,  13.,   3.,   7.,   5.,   5.,   4.,   7.],
        [  3.,  11.,  12.,  24.,  10.,  12., 270.,   4.,   9.,  12.],
        [  1.,   6.,  10.,  15., 259.,  14.,   5.,   4.,   5.,  98.],
        [  2.,   9.,   7.,  32.,   7.,  13.,  10.,   8., 257.,  17.],
        [  0.,  66.,  24., 248.,  10.,   2.,   2.,  12.,   6.,   2.],
        [ 22.,   2.,   1.,  44.,   4., 270.,   2.,   3.,  13.,   4.],
        [ 11.,  12.,  13.,  14., 265.,   8.,   9.,   6.,   5.,  12.],
        [  2.,   6.,   6.,  16.,  18.,   9., 230.,   5.,   8.,  17.],
        [ 15.,   2.,   5.,  43.,  16., 274.,   0.,   3.,   9.,   4.],
        [  0.,   4.,  11.,  41.,   6.,   4., 285.,   1.,   8.,  10.],
        [ 10.,   4.,   4., 282.,   6.,  10.,   2.,   5.,   5.,   9.],
        [  5.,  11.,   1.,   6.,  30.,  10.,  20.,  12., 232.,  14.],
        [  5.,   6.,   8.,  11.,  11.,  11.,  11.,   5., 269.,  18.],
        [ 19.,   2.,  25., 279.,  49.,  26.,   4.,   1.,   3.,   3.],
        [  5.,   3.,   8.,  19.,  12.,  12.,   3.,   3.,   7., 280.],
        [  8.,   3.,  13.,  23.,   7.,   6.,   5., 271.,  15.,  14.],
        [  8.,  10.,  12.,   8.,  12.,   4., 277.,   1.,  13.,  13.],
        [  5.,   6.,   7.,  17., 275.,   8.,   6.,   4.,   6.,  33.],
        [  1.,   7., 254.,  23.,  15.,   5.,  19.,   1.,  15.,   8.],
        [  3.,   9.,   9.,  12.,   8.,   5.,   6., 280.,   7.,  23.],
        [  2.,   9., 280.,  43.,   8.,   6.,   6.,   2.,   4.,  15.]],
       device='cuda:0')
Epoch 9 | Batch 0
tensor([[308.,   1.,   0.,   1.,   4.,   5.,   2.,   3.,   4.,   4.],
        [ 19.,   5.,  19., 215.,  11.,   2.,   0.,  12.,  14.,  25.],
        [ 14.,   8.,   9.,   2.,   9.,   3.,   2.,   7., 268.,  12.],
        [  5.,   3.,  10.,   5.,  10.,   9.,   8.,  13.,  15., 269.],
        [  7.,   3.,  30., 282.,  11.,   7.,   2.,   7.,   7.,   8.],
        [ 16.,   2.,  23.,   2.,  24.,   3., 272.,   4.,  14.,  22.],
        [  3., 260.,   4.,   2.,   2.,   0.,   0.,   1.,   1.,   2.],
        [ 18.,   3.,  22.,   2.,   7.,   2., 277.,   2.,   9.,  20.],
        [306.,   1.,   2.,   5.,   3.,   5.,   5.,   4.,   7.,   5.],
        [ 13.,   8.,  20.,   5.,  19., 189.,  11.,  11.,   7.,  22.],
        [312.,   0.,   2.,   0.,   2.,   6.,   2.,   3.,   4.,   7.],
        [310.,   1.,   0.,   6.,   4.,   4.,   0.,   6.,  18.,   8.],
        [  7.,   3.,  12.,   2.,  13.,   7.,  11.,   3.,  13., 261.],
        [ 19.,   1.,   3.,   3., 275.,   5.,   9.,  10.,   8.,  18.],
        [  3.,  31.,  17.,  11.,   6.,   7.,  12., 214.,  23.,  14.],
        [  0.,   7., 269.,   2.,  14.,  11.,   1.,  58.,   6.,  25.],
        [311.,   0.,   3.,   1.,   4.,   3.,   5.,   3.,   3.,   4.],
        [  0.,  69., 275.,   7.,   7.,  12.,   4.,  25.,   6.,  12.],
        [ 16.,   6.,  24.,   4.,   9., 260.,   3.,   5.,   4.,   7.],
        [309.,   0.,  14.,   2.,   0.,   5.,   1.,   4.,   1.,  10.],
        [ 25.,   3.,  18.,   1., 242.,   5.,  17.,  10.,  12.,  16.],
        [  3.,   2.,  12.,   6., 269.,  12.,  10.,   8.,  21.,  21.],
        [ 13.,   1.,  19.,   2.,  12.,   9.,   1.,   7., 275.,  14.],
        [  0.,   4.,  15.,   5.,  10.,   6., 277.,   4.,  15.,  19.],
        [ 10.,   4.,  28., 274.,  12.,   7.,   1.,   5.,  10.,   8.],
        [293.,   1.,   6.,   4.,   7.,  33.,   0.,   8.,  10.,  14.],
        [ 17.,  18.,  18., 242.,   8.,  12.,   6.,   5.,  11.,   8.],
        [  5.,   5.,  12.,   9.,   6.,   7.,   7.,  85.,   9., 200.],
        [ 26.,   3.,  22.,   3.,  12.,   3., 276.,   2.,   4.,  25.],
        [  4.,   2.,  18.,   3.,  10.,   7., 283.,   1.,  11.,  14.],
        [ 16.,   1.,  11.,  10.,   9.,  17.,   0.,   3., 282.,   7.],
        [  2.,  11., 271.,  10.,   5.,   6.,   4.,   2.,  15.,  18.],
        [ 30.,   3.,  12.,   1.,   9.,   5.,   4.,  17.,  13., 255.],
        [ 28.,   2.,   3.,   1., 266.,   7.,   4.,   6.,   6.,  31.],
        [ 20.,   1.,  15.,   2., 261.,   7.,  29.,   4.,   5.,  14.],
        [  8., 278.,  16.,   6.,   7.,   3.,   2.,   6.,   7.,   6.],
        [  4.,  12., 289.,   6.,   4.,   8.,   7.,   1.,   7.,  10.],
        [ 18.,   2.,   2.,   4.,  15.,   8.,   3.,  91.,   8., 242.],
        [ 19.,   1.,  15.,   3.,   4.,   5., 282.,   1.,   6.,   7.],
        [ 16.,   4.,  13.,   1.,  39.,   3.,   6., 256.,  10.,  16.],
        [313.,   0.,   1.,   0.,   1.,  11.,   5.,   2.,   3.,   2.],
        [ 26.,   3.,   9., 276.,   5.,  13.,   1.,   5.,   7.,  11.],
        [  4.,   3., 290.,  39.,   2.,   5.,  19.,   0.,   3.,   7.],
        [ 25.,   3.,   5.,  11.,   9., 275.,   8.,   4.,  14.,   9.],
        [307.,   0.,   1.,   4.,   3.,  23.,   0.,   3.,   9.,   6.],
        [288.,   2.,   8.,   0.,  14.,   2.,   3.,  13.,   8.,  50.],
        [ 21.,   4.,  16.,   4.,   7.,   8., 269.,   3.,  10.,   7.],
        [ 16.,   3., 276.,   3.,   6.,   7.,   7.,   3.,  12.,  12.],
        [  4.,  11.,  13.,   6.,  12.,   4.,   7., 267.,  14.,  13.],
        [ 59.,   3.,   5.,   1.,  10.,   4.,   5.,  12.,   8., 158.],
        [285.,  12.,   1.,   4.,   6.,   2.,   1.,   8.,   3.,   9.],
        [ 14., 245.,  33.,  10.,   5.,   2.,   8.,   3.,  59.,   7.],
        [ 40.,   2.,   3.,   7.,   6., 282.,   0.,   4.,  24.,   7.],
        [  6.,   6.,   9.,   2.,   8.,   2.,   3.,  23., 272.,  14.],
        [  5., 275.,  14.,  13.,  10.,   5.,   5.,   5.,  10.,   9.],
        [ 18.,   3.,   7.,  12.,   9., 278.,   2.,   3.,  10.,  14.],
        [303.,   2.,   1.,   4.,   5.,   2.,   0.,   4.,   3.,   7.],
        [  1.,   2.,   4.,   5.,  13.,   6.,   2., 248.,   7.,   8.],
        [  0.,   3.,  14.,  14., 274.,   4.,  13.,   7.,  13.,  18.],
        [  8.,   5.,  15.,   8.,   8.,   8., 268.,   3.,  24.,   8.],
        [  3.,   4.,  13.,   9., 258.,  11.,   8.,   6.,   9.,  16.],
        [  6., 283.,  15.,   5.,   6.,   5.,   3.,   5.,   9.,   9.],
        [ 11.,   4.,  48., 256.,   7.,   5.,   0.,  11.,  17.,  15.],
        [ 34.,   4.,   7.,   2.,  12., 272.,   6.,   6.,   4.,  24.]],
       device='cuda:0')
Epoch 9 | Batch 100
tensor([[ 46.,   3.,   2.,   0.,   8., 285.,   3.,  10.,   8.,   3.],
        [  0.,   9.,   3.,  15., 257.,  12.,   7.,  43.,   6.,   6.],
        [  5.,   6.,  10.,   3.,  10.,   7.,   7., 278.,   7.,  10.],
        [  0.,   4.,   9.,  12., 278.,  12.,  13.,  15.,   6.,   6.],
        [  0.,  23.,   9.,   4.,   9.,  13.,  17.,   9., 226.,  20.],
        [  4.,   8.,   8.,  10.,   8.,  15.,   7.,   7., 266.,  12.],
        [  0.,   6.,  27.,   5.,  37.,  17., 158.,  12.,   6.,  16.],
        [ 15.,   5.,  23.,   6.,  13.,  12., 273.,   8.,   5.,  14.],
        [  0.,  14.,  22.,  14.,  10.,  14., 265.,  10.,  18.,  10.],
        [293.,   6.,   5.,   4.,   2.,   7.,  12.,   5.,   0.,   4.],
        [  0.,  16.,  15.,   9.,   6.,   8.,  17., 277.,  12.,   9.],
        [  2.,  12., 261.,   2.,   8.,  15.,  10.,   9.,  16.,  13.],
        [  2.,   9.,  26.,   8.,   7.,   9., 287.,   6.,   8.,   9.],
        [  2.,  20., 280.,  10.,   1.,   9.,  21.,   4.,  10.,   8.],
        [ 18.,   4.,  21.,  57.,   1.,  25.,   2.,   8., 259.,   3.],
        [ 18.,   5.,   5.,   3.,   7.,   8.,   5., 283.,   6.,  14.],
        [ 15.,   6.,   3.,   2.,  14.,  10.,   7., 270.,   3.,  16.],
        [  1.,  10., 289.,   6.,   3.,   9.,  32.,   2.,   7.,   7.],
        [  2.,   4.,   9.,   4., 281.,  12.,  11.,   6.,  11.,   7.],
        [  9.,   5.,   2.,  19.,   6., 278.,   4.,   4.,  12.,   3.],
        [ 18.,   4.,   5.,   2.,  11., 281.,   3.,   7.,   3.,   4.],
        [  5., 266.,   7.,  14.,   7.,  13.,  15.,  12.,  17.,  10.],
        [  5., 234.,  11.,  23.,   8.,  14.,  19.,  13.,  28.,  20.],
        [  3.,   4.,  12.,   9.,  19.,   8., 175.,  10.,   1.,  11.],
        [ 14.,   3.,   2.,  17.,   8., 269.,   6.,   2.,  19.,   7.],
        [  3., 264.,  13.,  10.,   9.,   9.,  11.,  13.,   6.,   8.],
        [ 10.,  19.,  20.,   4.,   5.,   5., 281.,   7.,   6.,  16.],
        [  5., 265.,  22.,  12.,   5.,   9.,   7.,   7.,  10.,   3.],
        [  7., 240.,   7.,  22.,   6.,  10.,   8.,  16.,  42.,  12.],
        [  2., 247.,   3.,  10.,   3.,   5.,   6.,   4.,   4.,   4.],
        [148.,  19.,  71.,   0.,   4.,   7.,   5.,  10.,   2.,   2.],
        [  3.,   8.,   8., 249.,   5.,   8.,   5.,   5.,  11.,   7.],
        [ 25.,   9.,  10.,  11.,   5.,  12.,   4.,   9., 264.,   7.],
        [  3.,  15.,  12.,  11.,  13.,  12., 271.,  11.,   7.,  12.],
        [ 52.,   7.,   5.,   0.,   8.,  17.,  11.,  13., 252.,  50.],
        [  1.,  10.,  20.,   8.,   7.,  12.,  10.,   9., 271.,   4.],
        [ 24.,   5.,   1.,   7.,   3.,   9.,   1., 259.,   0.,   3.],
        [ 14.,   8.,   8.,   4.,   7.,   9.,   8., 268.,   6.,  14.],
        [ 10.,   7.,  11.,   3.,  23.,  13.,   8.,   9.,  12., 259.],
        [  0.,   7., 285.,  39.,   7.,  11.,   4.,  15.,   3.,   6.],
        [ 31.,   4., 253., 112.,   7.,  18.,   0.,   2.,   0.,   5.],
        [  2.,  13.,   8., 268.,   7.,  10.,   2.,   5.,  11.,   6.],
        [  2.,  11.,   4.,   9.,   8.,  25.,  12.,  13.,  19., 155.],
        [287.,   3.,   9.,   6.,   4.,  16.,  18.,   8.,   2.,   6.],
        [ 10.,   7.,   5.,   5.,   3.,  22.,   7.,   7.,   9., 255.],
        [  5.,  31.,   6.,   8.,  10.,  20.,   9.,   7., 231.,  14.],
        [  8.,   8.,   0., 264.,   5.,  16.,   9.,   7.,   5.,   6.],
        [  9.,  42.,   9.,   6., 280.,   5.,   8.,   5.,   2.,   0.],
        [  2.,   7., 284.,  10.,   5.,  10.,   7.,   7.,   4.,   2.],
        [ 14.,  10., 279.,  26.,   0.,  16.,  59.,   2.,   9.,   2.],
        [253.,   6.,   1.,   5.,   6.,  22.,   1.,  10.,   6.,   9.],
        [  3.,   8.,   6.,   8.,   5.,   7.,   8., 289.,  11.,  15.],
        [  2.,  15.,   2., 261.,   4.,   8.,   6.,   4.,   3.,   5.],
        [  2.,   7.,   8.,   7., 277.,  14.,   7.,  11.,   6.,   7.],
        [287.,   3.,   1.,   8.,   6.,  32.,   2.,  11.,   2.,  11.],
        [  1.,   5.,  12.,   4., 280.,  10.,   4.,  14.,   4.,  33.],
        [244.,   5.,   4.,  15.,   1.,  26.,   0.,  11.,   2.,  14.],
        [  3.,  22.,  13.,   9.,   4.,  11.,  16.,   8., 260.,   7.],
        [ 23.,   5.,  11.,  32.,   1.,  33.,   4.,   7.,  35., 122.],
        [  9.,   7.,  14.,   5.,  12.,   9., 259.,  15.,   9.,  18.],
        [  8.,  13.,   6.,   1.,   8., 270.,  23.,   7.,   4.,   5.],
        [  4., 274.,   7.,  11.,   4.,   9.,  13.,   8.,   8.,   6.],
        [ 63.,   6.,  13.,   0.,  33.,  12.,   4.,  11.,   4., 246.],
        [ 22.,   3.,   3.,   2.,  20.,  11.,   6., 267.,   1.,  34.]],
       device='cuda:0')
Epoch 9 | Batch 200
tensor([[  7.,  13.,  15.,  31.,   8.,  11.,   4.,   4., 260.,   6.],
        [  2.,   7.,  26.,  10.,   9.,   9.,   4., 235.,  16.,  14.],
        [  2.,  10.,  12.,   0.,  14., 255.,   7.,   5.,   1.,   3.],
        [ 35.,   5.,  19.,   1., 274.,   6.,  10.,  12.,  11.,   2.],
        [  5., 282.,  24.,   5.,   5.,   2.,   5.,   6.,   8.,   3.],
        [  9., 284.,  23.,   9.,   5.,   2.,  18.,   6.,  11.,   3.],
        [  0.,  10.,  10.,   6.,  17.,   6., 268.,   6.,  11.,   6.],
        [  4., 285.,  12.,   6.,   9.,   4.,   5.,  14.,   5.,  12.],
        [  5.,   6.,  17., 279.,   9.,  30.,   3.,   4.,  16.,   6.],
        [ 15.,   6.,  23.,   3.,  11.,   8.,   1.,   6., 268.,  13.],
        [  1.,   7.,  14.,   5., 274.,  12.,  10.,   5.,  12.,   2.],
        [  7.,   3.,  11.,   6.,  16.,  20.,   6.,   4., 245.,  18.],
        [  2.,  22.,   8.,  11.,   8.,  12.,  11.,   5., 178.,  22.],
        [  1.,   8.,  17.,   0.,  11., 151.,  17.,   2.,  11.,   4.],
        [  0.,   4.,   9.,   3., 267.,  11.,   8.,  10.,  18.,  16.],
        [  2., 262.,   6.,  13.,  11.,  22.,   8.,   5.,   9.,   6.],
        [  7.,   4.,   5.,  23.,   9., 268.,   7.,   2.,   9.,  13.],
        [278.,   5.,   1.,  17.,   2.,  15.,   0.,   8.,  13.,   1.],
        [  0.,  17.,  14.,   4., 256.,   6.,  10.,  12.,   9.,  44.],
        [  1.,  37.,   4.,  15.,  20.,  15.,   6., 153.,  12.,  11.],
        [  5.,  33., 269.,  20.,   3.,  13.,   0.,   2.,  26.,   2.],
        [  3.,  13.,   7.,   9.,  15.,  55., 246.,   6.,  31.,  12.],
        [  4., 284.,   9.,   6.,   5.,   5.,   7.,   8.,   7.,   8.],
        [  0.,  14.,  34., 152.,  19.,   2.,  12.,  32.,  10.,  41.],
        [  4.,   9.,  20.,   6.,   7., 269.,  15.,   5.,   7.,   7.],
        [  4.,  23.,  15.,   5.,   9.,   5.,   6.,  15., 263.,  14.],
        [  9.,   8.,  14.,  42.,   6.,  16.,   4.,   8., 260.,   6.],
        [  5., 288.,  18.,   7.,   8.,   6.,  16.,   6.,  10.,   4.],
        [ 17.,   5.,  19., 286.,   3.,  16.,   2.,   4.,  10.,   5.],
        [  6.,   7.,  27.,   4.,   6.,   6., 292.,   3.,   5.,   6.],
        [ 12.,  14.,  10.,  21.,   5., 256.,   7.,   5.,  10.,   3.],
        [  2.,   4.,   9.,   4.,  20.,   8.,  27.,   4.,  16., 282.],
        [  3.,  10.,   9.,  18.,   9.,  11., 274.,   2.,   5.,   9.],
        [  1.,   7.,   7.,  10.,  12.,  12.,   6.,  18., 254.,  51.],
        [296.,   6.,   3.,  10.,   8.,   6.,   6.,   9.,   6.,   4.],
        [  4.,  36.,  19.,   6.,  11.,   7.,  16.,  11., 255.,   6.],
        [  1.,  12.,  10.,  10.,   8.,  10.,   8.,  11.,  14., 273.],
        [282.,   6.,  11.,   4.,  11.,   9.,   5.,   7.,   8.,   5.],
        [  2.,  13.,   7.,  10.,   7.,  29.,   8.,   8.,  19., 271.],
        [ 19.,   3.,   8.,  14.,  18.,  17.,  16.,   4., 245.,   8.],
        [  4., 279.,  13.,  14.,  10.,   6.,   9.,   7.,  10.,   9.],
        [ 30.,   7.,  12.,   5.,  14.,   5.,   6.,  16.,   7., 271.],
        [  3.,   6., 262.,   0.,  22.,   6.,   5.,   8.,  13.,  28.],
        [  2.,  13.,  42., 271.,   5.,   3.,   2.,   5.,  44.,   7.],
        [  0.,  19., 268.,   5.,   8.,   6.,   8.,  48.,  10.,   7.],
        [  4., 288.,  12.,   6.,   7.,   4.,   4.,   7.,   6.,   8.],
        [267.,   6.,   6.,  23.,   2.,  12.,   0.,   7.,   2.,   4.],
        [  4.,  10.,  30.,   6.,  14.,  12.,   5.,   6., 262.,  15.],
        [  0.,   9.,  28.,   8., 248.,   9.,   8.,   5.,  10.,  10.],
        [263.,   6.,   3.,  14.,   4.,  14.,   0.,  10.,   3.,  11.],
        [  3.,  24.,  15.,   8.,  13.,  10.,  11.,   6., 255.,  12.],
        [  6., 287.,  14.,   5.,   6.,   5.,  10.,   8.,   9.,   4.],
        [  2.,   9.,  20.,   3., 257.,  10.,   8.,  14.,  14.,  18.],
        [ 61.,  10.,  42., 243.,   5.,   1.,  16.,   3.,   1.,   1.],
        [  2.,   0.,  13.,  50.,   9., 251.,   1.,   2.,  22.,  13.],
        [  1.,  10., 290.,   2.,   3.,   6.,   7.,  11.,   9.,   4.],
        [  1.,   9.,  17.,   8.,   9.,   9., 286.,   5.,   9.,   8.],
        [ 24.,   9.,  76., 249.,   2.,   7.,  53.,   1.,   2.,   2.],
        [283.,   4.,   1.,  13.,   6.,  18.,   4.,  12.,  73.,   8.],
        [  3.,  19., 276.,  21.,   4.,   9.,   1.,   3.,  32.,   2.],
        [ 33.,   4.,   6.,   3.,  12.,  10.,   3., 261.,  27.,  11.],
        [ 10.,  12.,  11.,  19.,   7., 254.,  10.,   4.,  10.,   6.],
        [ 11.,   8.,  15.,   2.,  11.,   7.,   5.,  10., 280.,  11.],
        [  0.,  22., 194.,   0.,  18.,   6.,  26.,   6.,  10.,   8.]],
       device='cuda:0')
Epoch 9 | Batch 300
tensor([[ 23.,   6.,   3.,   4.,   5.,   2.,   2., 276.,   4.,  28.],
        [  9.,   7.,   2.,   4., 284.,   3.,   0.,  15.,   2.,  21.],
        [  3.,  19.,   8.,  10.,   9.,   6., 196.,  12.,  17.,  13.],
        [273.,  11.,   1.,  12.,   5.,   4.,   0.,  19.,   5.,   9.],
        [ 25.,   6.,   6.,   4.,  14.,   3.,   2.,  12., 272.,  10.],
        [ 11.,   5.,   4.,   3., 262.,   8.,   2.,  14.,  12.,   7.],
        [  6.,   7.,   2., 258.,  39.,   3.,   3.,  14.,   4.,  53.],
        [  6., 281.,   7.,  15.,  12.,   2.,   2.,  15.,   6.,  15.],
        [ 11.,   9.,   1., 160.,  21.,  10.,   6.,  10.,   5.,  15.],
        [ 15.,   8.,  15.,  15.,   4.,   5.,   3., 266.,   4.,  26.],
        [257.,  11.,  20.,   2.,  18.,  23.,   0.,  11.,   1.,   3.],
        [299.,   3.,   0.,   5.,   2.,   3.,   0.,  39.,   0.,   4.],
        [  5., 280.,   6.,  20.,  13.,   3.,   4.,  15.,   7.,  13.],
        [192.,   6.,   4.,  30.,   2.,   9.,   0.,  12.,   7., 205.],
        [303.,   9.,   0.,   0.,   9.,   3.,   0.,  33.,   3.,   5.],
        [  5., 277.,   3.,  14.,  10.,   3.,   2.,  15.,   5.,  12.],
        [  3.,  34.,   4.,  17.,  12.,   8., 240.,  12.,  15.,   9.],
        [ 32.,   6.,   5.,   6.,   5.,   8.,   1.,  17., 275.,  10.],
        [305.,   3.,   6.,   3.,   9.,   2.,   0.,  16.,   1.,   8.],
        [ 14.,  12.,   1., 276.,   9.,   5.,   1.,  11.,  12.,  10.],
        [310.,   2.,   0.,   6.,   5.,   5.,   0.,  12.,   3.,   6.],
        [ 25.,   5., 277.,   2.,   9.,   2.,  12.,   6.,   2.,   4.],
        [ 23.,   6.,   2.,   3.,   8.,   3.,   1., 264.,   8.,  25.],
        [  7.,  16.,   8.,  10.,  10.,   5., 243.,  15.,  13.,  21.],
        [293.,   5.,   1.,   8.,   8.,   4.,   0.,  19.,   5.,   8.],
        [297.,   8.,  17.,   3.,   3.,   3.,   0.,  22.,   0.,   7.],
        [  9.,  10.,   9.,   4.,   6.,   1.,   2.,  17., 270.,  24.],
        [298.,   5.,   0.,   9.,   3.,   4.,   0.,  21.,   6.,  11.],
        [ 12.,  12.,   6.,  12.,  11.,   3.,   4.,  18., 246.,  26.],
        [ 56.,   8.,   2.,   1.,   8., 247.,   0.,  49.,  11.,  28.],
        [  2.,  16.,   6., 157.,  14.,   6.,  13.,  20.,   5.,  11.],
        [  4.,   3.,   4.,  31.,  11.,   3.,   2., 287.,   1.,   8.],
        [  7., 268.,   7.,  11.,   8.,   1.,   4.,  10.,   4.,   9.],
        [ 26.,  19.,  12.,  12.,   5.,   7., 248.,  14.,   8.,   9.],
        [ 18.,   6.,   4.,  10.,   6.,   4.,   2., 286.,   5.,  13.],
        [  4., 267.,   2.,   4.,   4.,   0.,   1.,   6.,   1.,   2.],
        [  7.,  15.,   5., 260.,  14.,  22.,   0.,  15.,  18.,  18.],
        [ 28.,   8.,  11., 274.,   2.,   4.,   0.,  23.,  10.,   6.],
        [  1.,  11.,  17.,  28.,  19.,   4.,   4., 244.,   9.,  21.],
        [  2.,  35.,   4.,  16.,   8.,   4.,   3.,  19.,  11., 213.],
        [ 15.,   7.,   1., 247.,   6.,   9.,   3.,  38.,  10.,  23.],
        [265.,   4.,  25.,  14.,   2.,   7.,   0.,  18.,   0.,   6.],
        [121.,   8.,   1.,  18.,   3.,   8., 148.,  15.,   1.,   8.],
        [ 46.,   4.,   3.,   8.,  12., 260.,   1.,  14.,   6.,  11.],
        [  5.,  10., 273.,  16.,  10.,  11.,   0.,  25.,   8.,   8.],
        [  5.,  14.,   2.,   9., 274.,   4.,   1.,  14.,   8.,   8.],
        [312.,   3.,   0.,   6.,   5.,  78.,   0.,  11.,   5.,   4.],
        [ 15.,   7.,   7.,   0.,  14., 264.,   4.,   9.,   4.,   6.],
        [  3.,  11., 278.,  10.,   6.,   5.,   0.,  18.,  14.,  11.],
        [  5.,  11., 275.,  23.,   3.,   4.,   0.,  10.,  10.,   6.],
        [  7.,  12., 278.,   9.,  10.,   3.,   3.,   9.,   5.,   8.],
        [  5.,  12.,   6.,  14.,  14.,   3.,   7.,  18.,  18., 270.],
        [305.,   8.,   0.,  15.,   6.,   3.,   0.,  25.,   6.,   8.],
        [306.,   4.,   0.,   5.,   4.,   8.,   0.,  11.,   7.,   4.],
        [  5.,   7.,  55.,   5.,  12.,   2., 274.,  11.,   8.,  11.],
        [  9.,   4.,   4.,   5.,  22.,   3.,   3.,  17.,  10., 277.],
        [ 34.,   4.,   1.,   3.,  10.,   3.,   2., 268.,   4.,  27.],
        [ 11.,  11.,  12., 272.,   5.,   2.,   2.,   9.,  11.,   5.],
        [  5., 272.,   2.,   8.,  10.,   1.,   3.,  10.,   7.,   8.],
        [ 87.,  13.,  25.,  36.,   5., 135.,   4.,  14.,   2.,   5.],
        [  6.,   7.,  19.,   2.,  19.,   1., 260.,  16.,  12.,  11.],
        [312.,   3.,  11.,   6.,   4.,   3.,   0.,  12.,   0.,   3.],
        [  4.,  32.,   9.,  16.,   8.,   2.,   4., 179.,  31.,   9.],
        [  3.,   8.,   6.,   6.,  23.,   4.,   3.,  14.,  13., 278.]],
       device='cuda:0')
Epoch 9 | Batch 400
tensor([[ 18.,   8.,   5.,   3.,   8.,   8., 275.,   6.,   8.,  10.],
        [  0.,  27.,  10.,   3.,   5.,   9.,  14.,  14., 273.,   9.],
        [  0.,  14.,  10.,   6.,   4.,   6.,   9., 287.,  13.,   7.],
        [  0.,   3.,  19.,  17.,  12., 179.,  41.,   8.,   7.,   5.],
        [  0.,  11.,  26.,  17.,  11.,   7.,  16., 264.,  13.,  15.],
        [  0.,  10.,  14.,   3.,  16.,   6.,  11.,  15.,  28., 271.],
        [279.,   2.,   3.,   4.,   5.,  11., 126.,  13.,   4.,  41.],
        [  0., 143.,   5.,   2.,   5.,   6.,  11.,  18., 222.,   7.],
        [264.,  13.,   2.,   5.,   6.,   7.,   3.,  13.,  29.,   7.],
        [  0.,   7.,  12.,   1., 266.,   7.,  14.,  23.,   9.,  49.],
        [  4.,   4.,   6.,   0.,  16.,   1., 277.,  72.,   6.,   7.],
        [  9.,  13.,   5., 272.,   4.,  11.,   4.,   5.,  10.,   3.],
        [ 12.,  11.,  23.,   1.,   6., 106.,   4.,   8., 252.,  10.],
        [291.,   2.,   4.,   1.,   4.,   9.,   7.,  11.,   9.,   9.],
        [185.,   5.,   1.,   6.,   2.,   9.,   0.,   8.,   8.,   9.],
        [  7.,   3.,   6.,   0.,   6.,   7.,   5., 284.,  16.,  27.],
        [ 14.,  10.,   1., 281.,   3.,  10.,   6.,   9.,  18.,   5.],
        [290.,   1.,   0.,   0.,   3.,  13.,   2.,  12.,  24.,   3.],
        [  1., 283.,   7.,   3.,   6.,   8.,   7.,  10.,  10.,   4.],
        [ 16.,   5., 279.,   0.,  10.,   4.,  26.,   5.,   9.,   6.],
        [  4., 275.,  10.,   9.,   9.,   4.,   8.,  21.,  34.,  10.],
        [  1.,   1.,   9.,   5.,   2.,   6.,   6., 290.,   6.,  11.],
        [  1., 289.,   6.,   8.,   4.,   6.,   8.,  17.,  17.,   8.],
        [  0.,   2.,  12.,   4.,   2.,   7.,   4., 296.,  12.,  12.],
        [  1., 288.,   6.,   5.,   7.,   4.,  10.,  14.,  11.,   4.],
        [  0.,  13.,  11.,   1.,   7.,  11.,  34.,  10., 267.,  11.],
        [  0.,   5.,  19.,   7., 257.,  10.,  13.,  23.,  19.,  15.],
        [  2.,  15.,  11.,  11.,  10.,  12., 271.,   8.,  14.,   9.],
        [  0.,  15.,   5.,   8.,  15.,  18.,  16.,   8., 202.,  36.],
        [ 63.,   3.,  15.,   1.,   8.,   7., 278.,  11.,   4.,   8.],
        [  6.,   3.,  23.,   5., 262.,  11.,   8.,  10.,   4.,  15.],
        [  0.,  12.,   6.,  11.,  10.,   9.,  10.,  14.,  15., 247.],
        [  0.,  65.,  10.,   7., 152.,  47.,   7.,  11.,  10.,   3.],
        [  0.,   8., 273.,   9.,  13.,   7.,  37.,  12.,   9.,  12.],
        [ 21.,   5.,   8.,   0., 250.,  13.,  12.,  16.,   6.,  11.],
        [  0.,   7.,  22.,   3., 230.,  11.,  62.,  11.,  17.,   8.],
        [  2.,   9.,   7.,   4.,   8.,  15., 273.,  11.,  14.,   7.],
        [  0.,   6.,   7.,   2., 253.,  12.,  10.,  12.,  15.,  35.],
        [ 13.,   8.,   4.,  22.,   3., 263.,  10.,   3.,  27.,   1.],
        [  0.,  10.,  18.,   2.,  16.,   7.,  17.,  11.,  14., 278.],
        [  0.,  17.,  11.,  10.,  25.,  13., 233.,  12.,  16.,   8.],
        [  1.,  12.,   7.,   3.,  10.,   8.,   9.,  38.,  27., 269.],
        [  0., 284.,   5.,   6.,   7.,   4.,   6.,  22.,  12.,  11.],
        [ 22.,   6., 254.,   0.,  22.,   6.,  26.,   7.,   7.,  15.],
        [  0., 281.,   9.,  11.,   6.,   9.,  14.,  10.,  18.,   8.],
        [  2., 271.,  22.,   4.,   6.,  24.,   7.,   7.,  20.,   7.],
        [  1.,   7., 280.,   0.,  28.,   6.,  18.,   4.,  10.,   8.],
        [  2.,   3.,   4.,   9.,   8., 241.,   9.,   7.,  10.,  89.],
        [  1., 288.,   8.,   4.,   7.,   6.,  10.,  10.,  13.,   5.],
        [  0.,  12.,  10.,   4.,  10.,  10.,  13.,  34.,  17., 265.],
        [  0.,  20.,   6.,   3.,   5.,   7.,  12.,  28., 266.,  23.],
        [  7.,   3.,   4., 284.,   1.,  17.,   1.,  16.,  30.,   6.],
        [ 14.,   5.,   5.,  20.,   3., 251.,  20.,  18.,  14.,   9.],
        [  3.,   9., 255.,   2.,  17.,  12.,   5.,  10.,   9.,  13.],
        [  4.,   2.,   5.,   0.,   6.,   8.,   6., 287.,  16.,  23.],
        [  0.,   6., 284.,  32.,   3.,   7.,  10.,   2.,  13.,   3.],
        [  0.,  11.,   8.,   3., 263.,  10.,  12.,  22.,  12.,  24.],
        [  0., 154.,   7.,  12.,  21.,  67.,  32.,   8.,  17.,  32.],
        [  0.,   6.,   9.,   2.,   3.,   6.,   6., 296.,  14.,  14.],
        [211.,   4.,  15.,   5.,   6.,   8.,  40.,  11.,   4.,  14.],
        [ 27.,   5.,   7.,   1.,   6.,   7.,   3., 280.,  15.,  12.],
        [ 77.,   7.,   6.,   0.,   6.,  10.,  23.,  28.,  18., 184.],
        [  3.,   5.,   2., 284.,   2.,   9.,   4.,   8.,  11.,   8.],
        [  0.,   9.,   6.,   1.,  14.,   6.,  12.,  20.,  19., 277.]],
       device='cuda:0')
Epoch 9 | Batch 500
tensor([[  0.,  16., 273.,   4.,   6.,   6.,  19.,   8.,  12.,  14.],
        [  0.,   8.,  21.,   1.,  24.,   3.,   8., 266.,  11.,  24.],
        [ 10.,   2.,   6.,   9.,   2., 279.,   4.,   1.,  21.,  13.],
        [  3.,  58.,  11.,   2.,   6.,   5.,   8.,   5., 255.,  12.],
        [  0.,   2.,  30.,   4.,  48.,   2., 291.,   3.,  11.,   7.],
        [  2.,   8.,  18.,   0., 269.,   4.,  11.,   8.,   7.,  18.],
        [  0.,   3.,  16.,  16.,  32.,   3., 280.,   4.,  14.,   9.],
        [  4., 269.,  10.,   6.,   9.,   1.,   5.,   8.,  14.,  10.],
        [ 49.,   5., 267.,   0.,  22.,   2.,   1.,   4.,   7.,  28.],
        [  0., 278.,  12.,   8.,   7.,   1.,   4.,   6.,   9.,  13.],
        [  9.,   8.,  62., 246.,   6.,   8.,  15.,   3.,  41.,   7.],
        [302.,   2.,   0.,   1.,   6.,   3.,   0.,  11.,  11.,   9.],
        [  4., 274.,  10.,   7.,   7.,   1.,   8.,   5.,  16.,   8.],
        [  0.,  43.,  19., 154.,  27.,   0.,   8.,  12.,  19.,  18.],
        [ 12.,   3., 234.,  48.,  11.,  11.,   5.,   2.,  12.,   7.],
        [  0.,  12., 271.,   5.,  10.,   5.,  40.,   7.,  11.,  14.],
        [  0.,   6.,  33.,  97.,  42.,   3.,  13., 123.,  13.,  23.],
        [  6., 277.,  16.,   9.,   7.,   1.,   6.,   8.,  18.,   8.],
        [  2., 277.,   5.,   7.,   8.,   1.,   3.,   6.,   7.,  11.],
        [ 18.,   4.,   9.,  35.,   3.,  10.,  92.,   2., 244.,  10.],
        [  3., 256.,   7.,   5.,   9.,   1.,   3.,   7.,   6.,   6.],
        [  0.,   6.,  15.,   4.,  31.,   2., 289.,   3.,  16.,   8.],
        [ 18.,   8.,   1., 242.,   5.,  10.,  14.,   3.,  13.,  64.],
        [  2., 284.,   8.,   8.,   5.,   1.,   6.,   3.,   9.,  11.],
        [  0.,   5.,   9.,   4., 259.,   4.,   9.,   9.,  13.,  29.],
        [  0.,  21., 288.,   9.,   1.,   4.,  16.,   1.,  12.,   6.],
        [ 26.,  18.,  12., 210.,   4.,   3.,  11.,   1.,  12.,  10.],
        [  1.,  33.,   9.,  12.,   5.,   3.,   7.,   7.,  15., 254.],
        [  0.,   5.,  19.,  25.,   8.,   4.,  10., 272.,  12.,  14.],
        [  0.,  16.,  10.,   1.,  10.,   4.,   6.,   5., 268.,  21.],
        [295.,   6.,   6.,   0.,  10.,   3.,   0.,   3.,   0.,   9.],
        [  2.,  40.,  28.,   2.,   3.,   1.,  10.,   4., 274.,   8.],
        [298.,   1., 113.,   3.,   2.,   3.,  21.,   0.,   1.,  13.],
        [  0.,   3.,  11.,  10.,  17.,   3., 287.,   2.,  13.,   7.],
        [290.,   3.,   0.,   6.,   8.,   3.,   0.,   4.,   7.,  14.],
        [  8.,  30.,   4.,   4.,   6.,   1.,   6.,   8., 276.,  17.],
        [  0.,   5.,  31.,  13., 250.,   7.,  23.,   1.,  28.,  14.],
        [  1.,   4.,  21.,   4.,   8.,   5., 285.,   2.,  14.,   7.],
        [ 13.,   7.,   6.,   1.,   6.,   0.,   0., 279.,   6.,  13.],
        [  6., 279.,  15.,   6.,   8.,   2.,   5.,   6.,  19.,   8.],
        [  4., 270.,   6.,   8.,   4.,   1.,   6.,   3.,  13.,   7.],
        [  0.,  33., 273.,   4.,   2.,   5.,  18.,   2.,  17.,   8.],
        [  0.,  21.,   8.,  10.,   7.,   5., 267.,   4.,  30.,   6.],
        [  0.,  30., 261.,  12.,  15.,   5.,   7.,   2.,  14.,  17.],
        [  3.,   3., 286.,  15.,   2.,   7.,   0.,   3.,  23.,   8.],
        [300.,   3.,  29.,  17.,   2.,   4.,   0.,   1.,   5.,  10.],
        [  0.,  13.,  15., 235.,   7.,   3.,   6.,   9.,  11.,  24.],
        [  9.,  11.,  15.,   1.,  20.,   0.,   5.,   6.,  15., 275.],
        [  0.,   6.,   9.,  15.,  13.,   5., 282.,   5.,  15.,   9.],
        [  0.,   8.,  29.,  13.,   6.,   5.,   6.,   5., 255.,  24.],
        [  2.,   4.,   7.,  11.,   8.,   4., 280.,   4.,  12.,   8.],
        [  0.,   9.,  12.,  12., 264.,  10.,  21.,   2.,  19.,  11.],
        [  0.,  24.,   9.,   4.,  10.,   2.,   5., 269.,  12.,  14.],
        [  0.,  27.,  17.,   2.,   6.,   0.,   5.,   6., 271.,  15.],
        [  0.,   7.,  16.,   8., 261.,   4.,  24.,   4.,  27.,  40.],
        [  0.,  29.,   9.,  11.,   4.,   3.,   5.,   2.,  18., 262.],
        [  0.,  15.,  19.,   1.,  10., 278.,   7.,   3.,   9.,  12.],
        [  3.,  11.,  13.,  12.,   8.,   5.,   6.,   8.,  22., 271.],
        [296.,   1.,   5.,   0.,   7.,   2.,   0.,   3.,   8.,  19.],
        [295.,   3.,  26.,   3.,   2.,   2.,  47.,   3.,   1.,  20.],
        [  1.,  15.,  11.,  12.,  10.,   4.,   7.,   7.,  29., 266.],
        [269.,   3.,   4.,   3.,  11.,   4.,  13.,   5.,  12.,  21.],
        [  0.,  13.,   3., 249.,   4.,   5.,   3.,   6.,  15.,  34.],
        [  0.,  23.,  15.,   5.,   8.,   4.,  22.,   5., 265.,   8.]],
       device='cuda:0')
Epoch 9 | Batch 600
tensor([[  7.,   5.,   8.,   3.,  10.,  13.,   6.,  34.,  14., 267.],
        [218.,   5.,   9.,   1.,   8.,   4.,  12.,  19.,   3.,   5.],
        [  3.,   3.,   3.,  19.,   4., 275.,   7.,   1.,   8.,  95.],
        [  7.,   1.,   1., 295.,   4.,  16.,   0.,   1.,  21.,   1.],
        [ 22.,   8.,   9., 214.,   7.,  15.,   7.,   7.,  12.,  10.],
        [ 16.,   5.,  12.,   0., 286.,   6.,  20.,  16.,   3.,   6.],
        [ 15.,   1.,   0., 299.,   0.,  22.,   0.,   2.,  13.,   1.],
        [  4.,  18.,   5.,   7.,   5.,  10.,  11.,   5., 273.,  11.],
        [ 22.,  14.,   6.,   2.,  19.,   6., 271.,   9.,  10.,  15.],
        [ 21.,   4.,   3.,  36.,   3., 272.,  14.,   4.,   9.,  10.],
        [ 15.,   4.,   1.,  10., 273.,  11.,   9.,  12.,   2.,   7.],
        [  6.,   8.,   4.,   2.,  10.,  12.,   6., 285.,  12.,  14.],
        [ 63.,   3., 261.,  13.,  11.,   8.,  30.,   4.,   0.,   4.],
        [  7.,   5.,   5.,   7.,  11.,   8.,   9.,   5., 279.,   8.],
        [  2.,  14., 263.,  22.,   8.,   9.,  13.,   4.,  10.,   8.],
        [289.,   6.,   2.,   3.,   2.,  29.,   3.,  12.,   4.,   7.],
        [ 57.,   7.,   1.,   0.,  28.,  29.,   5., 264.,   4.,  11.],
        [ 15.,   3.,   4.,  36.,   3., 249.,  16.,   2.,   3.,   1.],
        [ 15.,   5.,  13.,   1.,  22.,  12.,  21.,  15.,   5., 263.],
        [  3.,   2.,   2., 280.,   7.,  29.,   1.,   5.,  16.,   9.],
        [ 17.,   4.,   2.,   3.,  15., 278.,  10.,   3.,   2.,  20.],
        [  9.,   3.,   0.,  13.,   4.,  13.,  11., 235.,   5.,   5.],
        [  0.,   9., 269.,  19.,  18.,  13.,   8.,   4.,  11.,  12.],
        [ 24.,   3.,   4.,   1.,   7., 285.,   7.,   8.,   1.,  13.],
        [  4.,   7.,   4.,   2.,   6.,  16., 286.,   3.,   2.,  12.],
        [  1.,  28.,  10.,   5.,  10.,  19., 268.,   8.,  15.,   5.],
        [  5.,   5.,   4.,  12., 265.,  16.,  15.,   6.,   4., 118.],
        [298.,   2.,   0.,  16.,  10.,  16.,   4.,   6.,   0.,   4.],
        [  2., 252.,   1.,   3.,   3.,   6.,   4.,   9.,   1.,   8.],
        [  6., 262.,   7.,   4.,   5.,  16.,  43.,   7.,   8.,   6.],
        [  3., 275.,   4.,   3.,   2.,   7.,   7.,   5.,   5.,   5.],
        [ 14.,   3.,   0.,  23.,   2., 282.,   5.,   3.,   4.,  11.],
        [  1.,  12.,  53.,  25.,   4.,  12.,   9., 262.,  11.,   8.],
        [  2.,  57.,   2., 251.,   5.,  11.,   5.,   7.,  13.,  18.],
        [292.,   1.,   0.,  17.,   3.,  23.,   0.,   4.,  12.,   6.],
        [ 35.,   4.,   3.,   1.,  33.,   9.,   2.,  54.,   3., 260.],
        [  3., 251.,   5.,   1.,   2.,   5.,   4.,   7.,   2.,   7.],
        [ 40.,   3.,   4.,   0., 268.,  16.,  18.,  19.,  16.,   6.],
        [ 43.,   1.,   6.,   3., 288.,  12.,   2.,   4.,   3.,   5.],
        [ 12.,   6.,   4.,   1.,  26.,  10.,   6., 278.,   6.,  16.],
        [  0.,   6.,  15.,   2.,  13.,  23., 281.,   7.,   8.,  23.],
        [265.,   2.,  23.,  22.,   5.,  26.,   0.,   4.,   5.,   6.],
        [  6., 267.,   8.,   4.,  17.,   7.,  16.,   8.,  11.,  12.],
        [ 10.,   2.,   2.,  21.,  17., 266.,  13.,   0.,  16.,   2.],
        [  3.,   6.,   2.,   9.,   9., 290.,   9.,   2.,   2.,  19.],
        [  9.,   7.,   4.,  12.,   4., 267.,   9.,   3.,   8.,   6.],
        [ 12.,   7.,   3.,   1., 277.,  12.,  13.,  11.,   8.,  18.],
        [295.,   2.,   0.,  41.,   1.,  15.,   0.,   7.,   5.,   4.],
        [  9.,   2.,   4.,  42.,   8.,  26.,   2.,   2., 276.,  15.],
        [ 14.,   9.,   0., 273.,   1.,  20.,  13.,  14.,   2.,   6.],
        [ 17.,   3.,   5., 207.,   8.,  42.,   2.,   1.,  14.,   3.],
        [ 28.,   5.,   6.,   6.,  28., 224.,   0.,   2.,   1.,  17.],
        [  0.,   6.,   4.,   2.,   7.,   6.,  16.,  73., 266.,  15.],
        [296.,   2.,   0.,  17.,  11.,  12.,   3.,   5.,   0.,   5.],
        [  4., 262.,   3.,   2.,   2.,   8.,   6.,   5.,   5.,   4.],
        [298.,   2.,   0.,  28.,   3.,  15.,   1.,   7.,   2.,   7.],
        [  0.,  25.,   6.,   4., 160.,  17.,  10.,   7.,  13.,  23.],
        [  5., 275.,  10.,   4.,   5.,  10.,   9.,  11.,  10.,  13.],
        [  4.,   5.,   5.,   5., 282.,  14.,   7.,   8.,   8.,  12.],
        [  0.,   7.,  10.,   3.,   8.,  14., 281.,  13.,  10.,  12.],
        [  4., 266.,   5.,   7.,   7.,  16.,  13.,   6.,   9.,  12.],
        [ 11.,  21.,   6.,   5.,  19.,   3., 243.,  11.,   7.,   4.],
        [280.,   7.,   1.,  16.,   5.,  14.,   3.,  12.,  11.,  12.],
        [ 15.,   0.,   2., 114.,  60.,  30.,   1.,   1., 257.,   5.]],
       device='cuda:0')
Epoch 9 | Batch 700
tensor([[  3.,   3., 274.,  14.,  10.,   6.,  27.,   6.,  12.,  14.],
        [301.,   1.,  47.,   2.,   3.,   6.,   3.,   4.,   5.,   2.],
        [ 17.,   3.,   7.,   1., 273.,   5.,  12.,  10.,   7.,  17.],
        [  8.,  10.,  36.,  14.,   8.,   7.,  11., 242.,  15.,  10.],
        [300.,   2.,   0.,   3.,   5.,   6.,  17.,   4.,   7.,   3.],
        [ 12., 284.,   9.,   4.,   3.,   5.,   8.,   8.,  15.,   3.],
        [  0.,  12., 170.,   0.,  21.,  10.,  43.,  26.,  20.,  18.],
        [ 27.,   7.,   2.,  29.,   0., 276.,   6.,   1.,  20.,   1.],
        [ 13.,   6.,   2.,  13.,   6.,  11.,  11.,   6., 278.,  17.],
        [  7., 280.,   7.,   7.,   5.,   4.,   6.,  10.,  11.,   4.],
        [ 20.,   3.,  11., 257.,  11.,  13.,   4.,   1.,  36.,   5.],
        [  0.,  10.,  12.,   5.,  13., 269.,  14.,  13.,  21.,   3.],
        [ 21.,   8.,   4.,   0.,   8., 276.,   2.,   7.,  25.,   2.],
        [  5., 269.,   7.,   5.,   3.,   5.,   4.,   5.,  10.,   3.],
        [  0.,   4.,  13.,  11.,  11.,   5.,   7., 287.,  17.,  15.],
        [  2.,  14.,  36.,   5.,   6.,   2.,   5.,  10., 270.,   4.],
        [249.,   4.,   4.,   7.,  11.,   7.,  39.,  10.,  13.,   8.],
        [  0.,   8.,   5.,   4., 260.,   8.,  61.,   8.,  10.,  64.],
        [289.,   3.,  75.,   7.,   2.,   9.,  21.,   4.,   6.,   5.],
        [  0.,   5.,   6.,   5.,  14.,   8.,  10., 279.,  19.,  15.],
        [ 16.,   3.,   4.,  15.,   6.,  14., 268.,   5.,  14.,   9.],
        [  9.,   4.,  14.,  10.,  12., 245.,   5.,   6.,  25.,   7.],
        [  2.,   4.,  14.,   3.,  10.,   6., 284.,   5.,  18.,  20.],
        [ 12.,   5.,   6.,   1., 285.,   3.,  10.,  10.,   8.,  14.],
        [  3.,  17.,   5.,   1.,  13.,   9.,  37.,   9., 240.,  18.],
        [  7.,   5., 280.,   0.,  14.,   5.,  20.,   3.,  15.,   8.],
        [  6.,   3.,   7.,   6.,  12.,  13., 264.,   3.,  26.,  18.],
        [ 15.,   9.,   2., 253.,   5.,  18.,  15.,   4.,  16.,   5.],
        [ 48.,   6.,   2.,   1.,  25.,   9.,   6., 258.,  20.,  17.],
        [  5.,   3.,   4.,  15.,  23.,  14.,  25.,   1.,  22., 247.],
        [ 11.,   8.,   3.,   2., 277.,   4.,  11.,   9.,  10.,  13.],
        [  1.,   5.,   2.,   7.,  31.,  10.,  10.,  31.,  14., 272.],
        [  2.,   6.,   4.,  15.,  20.,  15., 256.,   7.,  20.,   9.],
        [  1.,  13.,   3.,   6.,  15.,  12.,   9.,  45.,  22., 259.],
        [ 10.,   7.,   7.,   1.,  46.,   6.,  10.,  22.,  19., 254.],
        [269.,   1.,  61.,   5.,   3.,   8.,   2.,  12.,   9.,   8.],
        [ 15.,   5.,   4.,   3.,   7., 281.,   9.,  19.,  18.,   6.],
        [  9., 285.,   5.,   6.,   5.,   6.,  12.,   6.,  14.,   2.],
        [  7., 276.,  11.,   6.,   8.,   3.,   6.,  11.,  11.,   4.],
        [301.,   1.,   1.,  14.,   6.,   8.,   1.,   7.,   3.,   7.],
        [291.,   1.,   0.,   8.,   3.,  10.,   8.,   7.,  71.,   8.],
        [  0.,  10.,   8., 227.,  12.,  14.,   5.,  30.,  30.,   9.],
        [  1.,  10., 283.,  10.,   2.,   9.,  64.,   3.,   9.,   4.],
        [  6.,   2.,   8.,   0., 279.,   3.,  14.,  10.,  10.,  16.],
        [  3.,   8.,   8.,   8.,  29.,   8.,   8.,   6.,  35., 244.],
        [  6.,   4.,   2.,   3., 272.,   8.,  10.,  19.,  31.,  19.],
        [  0.,   5.,  19.,   3.,  33.,   3., 284.,   4.,  10.,  13.],
        [  4.,   6., 288.,   4.,   8.,   7.,   1.,   2.,  15.,   9.],
        [  7.,   4.,   3.,   0.,  29.,   1.,   3.,  30.,   9., 277.],
        [  0.,  11.,  11.,   9.,   9.,   7., 276.,  10.,  16.,  10.],
        [  2.,   2.,   4.,  11.,  24.,   9.,  16.,   3.,  16., 273.],
        [273.,   3.,   3.,   5.,   6.,  86.,   1.,   9.,  28.,   4.],
        [  5.,   5.,   5.,   2., 284.,   5.,  16.,   8.,  12.,  21.],
        [  2.,   9.,   8.,   1.,   9.,   5.,   9.,   9., 288.,  10.],
        [  0.,   9.,  21., 155.,  15.,   2.,   7.,  11.,  40.,  14.],
        [  3.,  22.,   5.,  16.,   8.,   9., 255.,   7.,  20.,   5.],
        [ 27.,   6.,   3., 268.,   5.,  13.,   6.,   6.,  23.,   8.],
        [  1.,   8.,   7.,   5.,   8.,   4.,   5., 281.,  26.,  16.],
        [  0.,   5.,  15.,   5.,  24.,   6., 272.,   6.,  18.,  27.],
        [ 42.,   3.,  12.,   7.,   5.,   8., 281.,   3.,  10.,   9.],
        [  3.,  16.,   7.,   0.,  13., 247.,  16.,  13.,  39.,   3.],
        [279.,   4.,  12.,   5.,   5.,   4.,   8.,   8.,  16.,   4.],
        [ 49.,   6., 248.,   0.,  14.,   6.,   5.,   9.,  11.,  15.],
        [  2.,   2.,   2.,  12., 275.,  10.,  10.,   3.,  23.,  33.]],
       device='cuda:0')
Epoch 9 | Batch 800
tensor([[ 18.,  14.,   3., 292.,   3.,  16.,   5.,   2.,   0.,   3.],
        [  0.,   7.,   3.,  13., 277.,   5.,   6.,  14.,   6.,   5.],
        [  7.,  11.,   4.,   8., 274.,  10.,  13.,   7.,   4.,   6.],
        [  0.,   8.,  20.,   3.,  21., 154.,   6.,   6.,   2.,  48.],
        [ 11.,  10.,   8.,   0.,  20., 242.,  12.,  14.,  12.,   5.],
        [  2.,   6., 263.,  19.,   9.,  17.,   1.,   4.,  11.,   5.],
        [ 20.,   7.,   3.,   6.,   4.,   3.,   2., 285.,   5.,   8.],
        [  1.,  10.,   2.,   7.,  10.,   4.,   6.,  14., 273.,   9.],
        [  0.,  10.,   1., 239.,  10.,  19.,   4.,   7.,   7.,  11.],
        [ 21.,   4.,   2., 289.,   3.,  14.,   4.,   2.,   2.,   6.],
        [  9.,  14., 246.,   7.,  12.,   9.,   1.,  13.,  13.,  25.],
        [ 19.,  16.,   3., 274.,   4.,  14.,   6.,   4.,   5.,  17.],
        [  0.,  13.,   4.,  12.,  10.,  11.,   8., 276.,  13.,  13.],
        [ 18.,  11.,   0., 217.,   4.,  20.,  13.,   3.,  10.,  10.],
        [  1.,   9.,   7.,  10.,  11.,   7., 286.,  11.,   5.,   6.],
        [  1.,  14.,   3.,  17.,  20.,  13.,   6.,  10., 256.,  10.],
        [  1.,  10.,   4.,  23.,   7., 261.,   4.,  28.,  14.,  16.],
        [  2.,   9.,   0.,  14., 267.,   7.,   8.,  16.,   6.,  24.],
        [  0.,  22.,   2.,  23.,  11.,  13.,  11.,  11.,  10., 264.],
        [  5.,  37.,   1.,   9.,   4.,  20.,   9.,  12., 264.,   5.],
        [  0.,  15.,   8.,  14.,  27., 151.,  11.,  17.,   8.,   9.],
        [  9.,   7.,  11., 274.,   7.,  23.,   5.,  15.,   9.,   5.],
        [  0.,  12.,   1.,  18.,  12.,  10.,   6., 282.,  11.,  74.],
        [  1.,  11.,   2.,  11., 279.,   9.,   8.,   7.,   8.,   7.],
        [ 10.,  11.,   4., 276.,   2.,  22.,   4.,  48.,   4.,   8.],
        [  0.,   9.,   3.,   9., 276.,  11.,   7.,  45.,   6.,   5.],
        [  7.,  11.,   3., 266.,   6.,  44.,   4.,   5.,   4.,   4.],
        [  0.,   8.,   2.,   8., 283.,  14.,   8.,   7.,  11.,   7.],
        [  4.,  12.,   2.,   9.,  23.,  10.,   8., 268.,   6.,  10.],
        [  0.,  17.,   0.,   7., 277.,  10.,   8.,  16.,  12.,  14.],
        [  0.,  11.,   0.,  10.,   3.,  22.,   5.,  40., 260.,  16.],
        [  9.,   9.,   3.,   5.,  10.,   8.,   4., 278.,   3.,  11.],
        [  2.,   6.,  13.,  73.,  15.,  11.,   3.,   7., 207.,  10.],
        [ 13.,  12.,   5.,   7.,  14.,   9., 260.,  12.,   3.,   9.],
        [  0.,  28.,   3.,  28.,  10.,  10., 257.,   9.,  12.,  14.],
        [  3., 237.,   2.,   8.,  16.,  18.,  10.,   6.,   6.,   3.],
        [ 21.,  11.,   2.,  10.,   8.,   8., 284.,   7.,   0.,   7.],
        [  0.,  19.,   8.,  11.,  16.,   7.,  15.,   8., 265.,   5.],
        [  2.,  39.,   3.,  20.,   6.,   9.,   7., 264.,  10.,  13.],
        [  6.,   7.,   2.,  15.,  10.,   8.,   7.,  11., 271.,  12.],
        [  3.,  12., 264.,  19.,   8.,  14.,   1.,   4.,  18.,   5.],
        [  4.,  21.,   1.,   8.,  10.,   5.,  10.,  17., 264.,  12.],
        [ 14.,   6.,   7., 288.,   6.,  11.,   3.,   3.,   1.,   5.],
        [  2.,   6.,   5.,  21.,   6.,  10.,   5., 287.,   4.,  24.],
        [  2.,   7., 284.,  30.,   4.,  16.,   1.,   4.,  14.,   4.],
        [  3.,   9.,   4.,  13.,   7.,  10.,   6., 288.,   4.,   6.],
        [  9.,   1.,   0.,   4.,   2.,   2.,   3., 216.,   0.,   5.],
        [303.,   3.,   0.,  28.,   2.,   6.,   1.,   9.,   0.,   6.],
        [  0.,   9.,   3.,  13.,  10.,  15., 276.,   7.,  12.,   8.],
        [ 13.,   8.,   1.,   4.,   6., 276.,  10.,  10.,   5.,   9.],
        [ 12.,   7.,   9.,  19.,   5., 193.,  14.,  11.,   2.,   3.],
        [  8.,   7.,   6.,  56.,   8.,  17.,   4.,   7., 264.,   2.],
        [  2.,  10.,   3.,  12., 270.,   7.,   6.,  10.,   5.,  12.],
        [ 33.,   7.,   0.,   5., 271.,   4.,  33.,   3.,   4.,  23.],
        [ 16.,  12.,   3.,  44.,   3., 247.,  16.,   4.,   3.,   9.],
        [301.,   7.,   0.,  22.,  10.,   6.,   0.,  10.,   0.,  12.],
        [  1.,   7., 268.,  11.,   7.,  12.,   3.,  16.,  12.,  12.],
        [  3.,  10.,   1.,  14.,  13.,  15.,  20., 260.,   9.,  44.],
        [  1.,  13., 260.,  14.,  16.,   8.,   1.,   5.,  28.,  11.],
        [  3., 209.,   2.,  16.,  16.,   8.,   4.,   7.,  27.,   6.],
        [  4.,  12., 275.,  23.,   3.,  13.,   5.,   4.,   6.,   7.],
        [  2.,  18.,   4.,  15.,  12., 255.,  12.,  24.,  13.,   9.],
        [  0.,  21.,   2.,  11.,   2.,   7.,   5.,   2.,   8., 223.],
        [  0.,  19.,   9.,  11., 267.,  13.,  20.,   9.,   6.,   6.]],
       device='cuda:0')
Epoch 9 | Batch 900
Switching label layer to Inference Mode (LIF)...
Epoch 9 DONE | Test Acc: 79.26% | Time: 774.2s
Switching label layer back to Training Mode (Clamp)...
