DO Python file

=== Running bPC-SNN on MNIST ===
Results will be saved to: ./results/SpNCN_Comparison/log_make_interval_MNIST_20260122_015543.csv
Epoch 0 | Batch 0
--- spikes (training) ---
tensor([[ 4.,  3.,  0., 25.,  2., 87.,  0.,  2., 17., 13.],
        [ 0., 10., 44., 44., 13., 28.,  0., 14., 34., 38.],
        [21., 27., 28., 27.,  7., 19.,  0., 29., 38.,  1.],
        [39., 10., 10., 34.,  0., 74.,  3., 29.,  9., 18.],
        [ 2., 26., 47., 16.,  5., 22.,  0., 24., 24., 10.],
        [ 9., 42., 16., 33., 24., 35.,  3., 49., 28., 19.],
        [13., 29., 36., 31., 22., 43.,  0., 15., 39., 51.],
        [ 0., 14.,  1., 41.,  8., 66.,  0., 37., 33., 14.],
        [33.,  5., 16., 22.,  7., 26.,  0.,  4., 35., 10.],
        [31.,  2., 31., 39.,  8., 71.,  0., 26., 13., 11.],
        [ 2., 16., 34., 21.,  3., 51., 29., 43., 17., 10.],
        [ 0., 27.,  9., 46., 20., 50.,  6., 29., 53., 25.],
        [ 0., 28., 19., 81.,  4., 46.,  0., 13., 21.,  6.],
        [30.,  4., 25., 28., 11., 17.,  0., 12., 36., 36.],
        [ 0., 39., 22., 24.,  0., 78., 36., 37., 44.,  1.],
        [ 9., 25., 32., 31.,  1., 39.,  0., 20., 39.,  4.],
        [ 0., 19., 39., 45.,  0., 56., 38.,  1., 32.,  1.],
        [ 3., 53., 34., 56.,  0., 59., 28.,  6., 83., 34.],
        [ 1., 23., 21., 77.,  0., 33., 10., 21., 38., 22.],
        [ 0., 44., 40., 30., 27., 49.,  9., 27., 65., 27.],
        [ 0., 10., 41., 52.,  0., 64., 35., 44., 27.,  6.],
        [ 6., 44., 58., 36.,  0., 30., 37., 54., 45.,  1.],
        [21., 19., 38., 21.,  0., 23., 14.,  2., 35., 38.],
        [ 2., 28., 31., 69.,  0., 69., 33., 24., 24., 10.],
        [14.,  1., 24., 48.,  0., 38., 32., 31., 15.,  2.],
        [23., 45., 54., 41.,  0., 37.,  0., 16., 37., 32.],
        [ 0., 76., 55., 45.,  0., 22., 33., 18., 74., 18.],
        [33.,  7., 28., 27.,  8., 66., 11., 39., 13.,  0.],
        [ 0., 48., 28., 48.,  0., 29., 14., 14., 27.,  4.],
        [12., 47., 43., 12.,  0., 35., 24.,  6., 32., 22.],
        [ 0., 36., 41., 68.,  3., 74., 30.,  9., 35.,  6.],
        [ 0., 48.,  9., 45.,  0., 31.,  0., 27., 21., 17.],
        [33., 21., 10., 39.,  5., 58.,  0., 24., 19.,  6.],
        [ 0., 30., 20., 28.,  6., 21.,  0.,  9., 23.,  5.],
        [ 0., 37., 54., 43.,  8., 44.,  0.,  1., 63., 24.],
        [ 0., 29.,  2., 37.,  0., 68.,  0., 26., 35., 35.],
        [ 0., 53., 35., 46.,  0., 31., 17., 17., 34.,  0.],
        [ 0., 22., 72., 44.,  0., 44.,  0.,  2., 23., 28.],
        [11., 36., 41., 65., 38., 66.,  0., 46., 80., 32.],
        [32.,  2., 35., 17.,  0., 51.,  1., 41.,  9., 19.],
        [ 0., 28.,  8., 23.,  0., 39., 16.,  9., 44., 16.],
        [28.,  2., 11.,  8.,  0., 49.,  0.,  7.,  8., 18.],
        [ 9., 30., 39., 25., 10., 33.,  0., 17., 49., 19.],
        [ 0., 60., 42., 60.,  0., 38.,  2., 54., 43., 21.],
        [ 0., 21.,  7., 58., 16., 63.,  6., 30., 28., 29.],
        [ 1.,  2., 17., 49.,  0., 63., 22.,  5., 20.,  8.],
        [ 0., 58., 44., 50.,  4., 17., 23., 26., 25.,  0.],
        [ 9., 47., 73., 44., 28., 22.,  0.,  4., 62., 14.],
        [10., 18., 14., 23., 16., 17., 14., 22., 18., 11.],
        [ 0., 27., 27., 61., 15., 47.,  0.,  2., 78., 36.],
        [ 0., 31., 38., 27.,  0., 30.,  1.,  0., 47., 20.],
        [ 0., 11., 36., 40., 38., 28., 19., 29., 42., 25.],
        [27., 27., 30., 18.,  0., 32., 22., 17., 43.,  0.],
        [ 0., 11., 14., 13.,  0., 64.,  0., 22., 31.,  7.],
        [ 0., 41., 13., 32.,  1., 27.,  0., 35., 40., 25.],
        [13.,  7.,  0., 46., 29., 75.,  0., 13., 51., 15.],
        [ 0., 13., 21., 37.,  4., 46., 47., 11.,  7.,  2.],
        [11., 27., 14., 31.,  1., 22.,  0., 12., 23., 11.],
        [ 7.,  9., 33., 69.,  0., 52.,  6., 17., 18.,  7.],
        [ 0., 29., 17., 29., 26., 23.,  2., 37., 23.,  0.],
        [ 0., 55., 47., 47.,  0., 70., 54., 36., 37.,  3.],
        [ 0., 22., 29., 26.,  8., 38., 12.,  9., 81.,  9.],
        [ 0., 29., 37., 43.,  9., 28.,  0., 31., 35., 33.],
        [ 8., 31., 35., 43.,  0., 54., 21., 39., 15.,  3.]], device='cuda:0')
--- spikes (finish interval) ---
tensor([[0., 0., 0., 0., 0., 0., 0., 0., 0., 0.],
        [0., 0., 1., 0., 0., 0., 0., 0., 0., 0.],
        [0., 0., 0., 0., 0., 0., 0., 0., 0., 0.],
        [0., 0., 0., 0., 0., 0., 0., 0., 0., 0.],
        [0., 0., 0., 0., 0., 0., 0., 0., 1., 0.],
        [0., 1., 0., 0., 0., 0., 0., 1., 0., 0.],
        [0., 0., 1., 0., 1., 0., 0., 0., 0., 1.],
        [0., 0., 0., 1., 0., 0., 0., 0., 0., 0.],
        [0., 0., 0., 0., 0., 0., 0., 0., 0., 0.],
        [0., 0., 0., 0., 0., 0., 0., 0., 0., 0.],
        [0., 0., 0., 0., 0., 0., 0., 0., 0., 0.],
        [0., 0., 1., 0., 0., 0., 0., 0., 1., 0.],
        [0., 0., 0., 0., 0., 0., 0., 0., 0., 0.],
        [0., 0., 0., 0., 0., 0., 0., 0., 0., 0.],
        [0., 0., 0., 0., 0., 0., 0., 0., 0., 0.],
        [0., 0., 0., 0., 0., 0., 0., 0., 0., 0.],
        [0., 0., 1., 0., 0., 0., 0., 0., 0., 0.],
        [0., 0., 0., 0., 0., 0., 0., 0., 0., 0.],
        [0., 0., 0., 0., 0., 0., 0., 0., 0., 0.],
        [0., 0., 0., 0., 1., 0., 0., 0., 0., 0.],
        [0., 0., 0., 0., 0., 0., 0., 0., 0., 0.],
        [0., 0., 1., 0., 1., 0., 0., 0., 0., 0.],
        [0., 0., 0., 0., 0., 0., 0., 0., 0., 0.],
        [0., 0., 0., 0., 0., 0., 0., 0., 0., 0.],
        [0., 0., 0., 0., 0., 0., 0., 0., 0., 0.],
        [1., 0., 0., 0., 0., 0., 0., 0., 0., 0.],
        [0., 1., 0., 0., 0., 0., 0., 0., 0., 0.],
        [0., 0., 0., 0., 0., 1., 1., 0., 0., 0.],
        [0., 0., 0., 0., 0., 0., 0., 0., 0., 0.],
        [1., 0., 0., 0., 0., 0., 0., 0., 0., 1.],
        [0., 0., 0., 0., 0., 0., 0., 0., 0., 0.],
        [0., 0., 0., 0., 0., 0., 0., 1., 0., 0.],
        [0., 0., 0., 0., 0., 0., 0., 0., 0., 0.],
        [0., 0., 0., 0., 0., 0., 0., 0., 0., 0.],
        [0., 0., 0., 0., 0., 0., 0., 0., 0., 0.],
        [0., 0., 0., 1., 0., 0., 0., 0., 0., 0.],
        [0., 0., 0., 0., 0., 0., 0., 0., 0., 0.],
        [0., 0., 1., 0., 0., 0., 0., 0., 0., 0.],
        [0., 0., 0., 0., 0., 0., 0., 0., 0., 0.],
        [1., 0., 0., 0., 0., 0., 0., 0., 0., 0.],
        [0., 0., 0., 0., 0., 0., 0., 0., 0., 0.],
        [0., 0., 0., 0., 0., 0., 0., 0., 0., 0.],
        [0., 0., 1., 0., 0., 0., 0., 0., 0., 0.],
        [0., 0., 0., 0., 0., 0., 0., 0., 0., 0.],
        [0., 0., 0., 0., 0., 0., 0., 0., 0., 0.],
        [0., 0., 0., 0., 0., 0., 0., 0., 0., 0.],
        [0., 0., 0., 0., 0., 0., 0., 0., 0., 0.],
        [0., 0., 1., 1., 0., 0., 0., 0., 0., 0.],
        [0., 0., 0., 0., 0., 0., 0., 0., 0., 0.],
        [0., 0., 0., 0., 0., 0., 0., 0., 1., 0.],
        [0., 0., 0., 0., 0., 0., 0., 0., 0., 0.],
        [0., 0., 0., 0., 1., 0., 0., 0., 1., 0.],
        [0., 0., 0., 0., 0., 0., 0., 0., 0., 0.],
        [0., 0., 0., 0., 0., 0., 0., 0., 0., 0.],
        [0., 1., 0., 0., 0., 0., 0., 0., 0., 0.],
        [0., 0., 0., 0., 0., 0., 0., 0., 0., 0.],
        [0., 0., 0., 0., 0., 0., 0., 0., 0., 0.],
        [0., 0., 0., 0., 0., 0., 0., 0., 0., 0.],
        [0., 0., 0., 0., 0., 0., 0., 0., 0., 0.],
        [0., 0., 0., 0., 0., 0., 0., 0., 0., 0.],
        [0., 0., 1., 0., 0., 0., 0., 0., 0., 0.],
        [0., 0., 0., 0., 0., 0., 0., 0., 0., 0.],
        [0., 1., 0., 0., 0., 0., 0., 0., 0., 0.],
        [0., 0., 1., 0., 0., 0., 0., 0., 0., 0.]], device='cuda:0')
Epoch 0 | Batch 100
--- spikes (training) ---
tensor([[ 17.,  87.,  71.,  11.,   1.,   4.,   1.,   9.,   8.,   0.],
        [ 28.,   3.,   8., 244.,   1.,  15.,   0.,   6.,   2.,   0.],
        [  0., 264.,   1.,   6.,   1.,   4.,   2.,   4.,   4.,   0.],
        [  8.,  11.,   8.,  37.,   2.,   6.,   5.,   7., 186.,   0.],
        [ 10.,   0., 286.,   5.,  20.,   0.,   9.,   1.,  51.,   0.],
        [301.,   0.,   1.,   9.,   0.,  45.,   0.,   3.,  56.,   0.],
        [  2.,   5., 223.,   2.,  10.,   0.,   4.,   2.,   3.,   0.],
        [  5.,   3.,   0.,  14.,  61.,  54.,   0.,  44.,  13., 265.],
        [  4.,   2.,   0.,   6.,  13.,   8.,   0., 256.,   6.,   6.],
        [ 38.,   0., 288.,  26.,   9.,   0.,   2.,   4.,  13.,   0.],
        [  1., 271.,   2.,  10.,   3.,   4.,   3.,  14.,   2.,   0.],
        [ 11.,   0., 284.,   7.,  21.,   2.,  14.,   1.,   9.,   0.],
        [  4.,   5.,   0.,  11.,  18.,   3.,   0.,  57.,  19., 242.],
        [ 29.,   0.,   7.,  14.,  14.,   6., 257.,   1.,   3.,   0.],
        [ 11., 269.,  14.,  12.,   1.,   4.,  19.,   6.,  15.,   0.],
        [  8.,  19.,   1.,   7.,   4., 139.,   2.,   9.,   9.,   0.],
        [ 12.,   0., 284.,   4.,  92.,   1.,   8.,   2.,   2.,   0.],
        [  6.,   4.,   4.,  10.,   2.,   7., 270.,   2.,  12.,   0.],
        [  2.,   4.,   2.,  24.,  14.,   1.,   1.,  10.,   7., 202.],
        [  5.,  20.,   2.,   5.,  10.,   1.,   1., 267.,   4.,  10.],
        [ 89.,   0.,   7., 286.,   2.,   8.,   0.,   4.,   1.,   0.],
        [  4.,   1.,   4.,   9., 279.,   6.,   6.,   6.,   8.,  17.],
        [  1., 269.,   1.,   9.,   1.,  21.,   4.,   6.,  11.,   0.],
        [  7.,   3.,   8.,   4.,  20.,   1., 272.,   3.,  17.,   1.],
        [ 13.,   9.,  19.,   2.,  39.,   0., 172.,   6.,   6.,   0.],
        [  6.,   4.,   0.,   7.,  41.,   4.,   1.,  45., 104., 277.],
        [ 16.,   1.,   3., 286.,   5.,  20.,   0.,   7.,  12.,   0.],
        [  2.,   0.,   3.,   5., 259.,   1.,   2.,   5.,  39.,   0.],
        [  9.,   6.,   3., 251.,   3.,  32.,   0.,   6.,   2.,   0.],
        [ 10.,   3.,   1.,  15.,   4., 212.,   3.,   9.,   2.,   0.],
        [303.,   0.,   2.,   9.,   2.,  46.,   1.,   4.,   9.,   0.],
        [ 12.,   7.,   3.,   3.,   6.,  30.,   3.,  16., 264.,   1.],
        [  5.,   2.,   0.,   7.,  14.,   8.,   2.,  44.,   8., 242.],
        [261.,   0.,   3.,   1.,   7.,   0.,  58.,  12.,   4.,   0.],
        [  5.,  11.,  11.,   8.,   7.,   2., 274.,   4.,  21.,   0.],
        [  8.,   0.,   4.,   5., 157.,   1.,   8.,   5.,  12.,   3.],
        [ 45.,   1.,   0.,  16.,   7., 288.,  62.,   4.,   4.,   0.],
        [  7.,   4.,   0.,   3.,  43.,   5.,   0., 276.,   4.,   5.],
        [ 10.,   9.,   3., 249.,   0.,  44.,   0.,   7.,   5.,   0.],
        [  8.,   6.,   2.,   4.,  87.,   5.,   1.,  64.,  15., 240.],
        [  7.,  11.,  63.,   9.,   1.,   4.,  13.,   3., 234.,   0.],
        [  3.,   1.,   0.,   2., 281.,  16.,   0.,  17.,  12.,  45.],
        [ 16.,   0.,   0.,   0.,   6., 240.,   1.,  12.,  18.,   3.],
        [ 27.,   2.,   0.,   6.,   4., 287.,   0.,  31.,  11.,   2.],
        [ 33.,   2.,   3., 270.,   2.,  10.,   0.,   3.,   3.,   0.],
        [ 12.,   2.,   4.,   3.,  13.,   5., 294.,   2.,  15.,   1.],
        [  4.,   3.,   0.,   9.,  26.,   6.,   0.,  33.,  12., 279.],
        [  4.,   5.,  13., 270.,  12.,   2.,   0.,  13.,  11.,   0.],
        [  5.,   9.,   5.,  43., 253.,   6.,   4.,   6.,  14.,   1.],
        [ 11.,   1.,   0.,  15.,   3., 269.,   0.,  11.,  46.,   0.],
        [ 15.,   0.,   1.,   3.,  42.,   1.,   3.,  13.,  70., 226.],
        [  1.,   1.,   1.,   9., 226.,   6.,   2.,   6.,   7.,  11.],
        [  7.,   1.,   0.,   8.,   4., 206.,   4.,   1.,  22.,   0.],
        [  4.,   2.,   0.,   6.,   3., 179.,   0.,   3.,   7.,   0.],
        [  1., 270.,   1.,  11.,   4.,  23.,   2.,   9.,   5.,   1.],
        [  2.,   3.,   2.,   6.,   7.,   0.,   0., 276.,   3.,  37.],
        [  2., 281.,   2.,  11.,   3.,   6.,   6.,  10.,  10.,   1.],
        [ 53.,   1.,   9.,   2.,  23., 177., 260.,   6.,  20.,   0.],
        [  2.,   4.,   1.,   3., 154.,   8.,   3.,   8.,   7., 107.],
        [  3.,   2.,   4.,   7.,   8.,   0.,   0., 272.,   2.,  85.],
        [  8.,  24.,   1.,   9.,   7.,   2.,   0., 246.,  11.,   0.],
        [  9., 273.,   3.,   9.,   0.,  48.,   1.,   5.,  33.,   3.],
        [ 57.,   5.,   9.,   2.,  25.,   0., 231.,   4.,   6.,   0.],
        [  1.,   0.,   0.,   2., 257.,   4.,   0.,  12.,   5.,   6.]],
       device='cuda:0')
--- spikes (finish interval) ---
tensor([[0., 0., 0., 0., 0., 0., 0., 0., 0., 0.],
        [0., 0., 0., 0., 0., 0., 0., 0., 0., 0.],
        [0., 0., 0., 0., 0., 0., 0., 0., 0., 0.],
        [0., 0., 0., 0., 0., 0., 0., 0., 1., 0.],
        [0., 0., 0., 0., 0., 0., 0., 0., 0., 0.],
        [0., 0., 0., 0., 0., 0., 0., 0., 0., 0.],
        [0., 0., 1., 0., 0., 0., 0., 0., 0., 0.],
        [0., 0., 0., 0., 0., 0., 0., 0., 0., 0.],
        [0., 0., 0., 0., 0., 0., 0., 0., 0., 0.],
        [0., 0., 1., 0., 0., 0., 0., 0., 0., 0.],
        [0., 0., 0., 0., 0., 0., 0., 0., 0., 0.],
        [0., 0., 1., 0., 0., 0., 0., 0., 0., 0.],
        [0., 0., 0., 0., 0., 0., 0., 0., 0., 1.],
        [0., 0., 0., 0., 0., 0., 0., 0., 0., 0.],
        [0., 1., 0., 0., 0., 0., 0., 0., 0., 0.],
        [0., 0., 0., 0., 0., 0., 0., 0., 0., 0.],
        [0., 0., 1., 0., 0., 0., 0., 0., 0., 0.],
        [0., 0., 0., 0., 0., 0., 1., 0., 0., 0.],
        [0., 0., 0., 0., 0., 0., 0., 0., 0., 0.],
        [0., 0., 0., 0., 0., 0., 0., 1., 0., 0.],
        [0., 0., 0., 1., 0., 0., 0., 0., 0., 0.],
        [0., 0., 0., 0., 0., 0., 0., 0., 0., 0.],
        [0., 0., 0., 0., 0., 0., 0., 0., 0., 0.],
        [0., 0., 0., 0., 0., 0., 0., 0., 0., 0.],
        [0., 0., 0., 0., 0., 0., 0., 0., 0., 0.],
        [0., 0., 0., 0., 0., 0., 0., 0., 0., 1.],
        [0., 0., 0., 0., 0., 0., 0., 0., 0., 0.],
        [0., 0., 0., 0., 0., 0., 0., 0., 0., 0.],
        [0., 0., 0., 1., 0., 0., 0., 0., 0., 0.],
        [0., 0., 0., 0., 0., 0., 0., 0., 0., 0.],
        [1., 0., 0., 0., 0., 0., 0., 0., 0., 0.],
        [0., 0., 0., 0., 0., 0., 0., 0., 1., 0.],
        [0., 0., 0., 0., 0., 0., 0., 0., 0., 0.],
        [1., 0., 0., 0., 0., 0., 0., 0., 0., 0.],
        [0., 0., 0., 0., 0., 0., 0., 0., 0., 0.],
        [0., 0., 0., 0., 1., 0., 0., 0., 0., 0.],
        [0., 0., 0., 0., 0., 0., 0., 0., 0., 0.],
        [0., 0., 0., 0., 0., 0., 0., 1., 0., 0.],
        [0., 0., 0., 1., 0., 0., 0., 0., 0., 0.],
        [0., 0., 0., 0., 0., 0., 0., 0., 0., 0.],
        [0., 0., 0., 0., 0., 0., 0., 0., 0., 0.],
        [0., 0., 0., 0., 0., 0., 0., 0., 0., 0.],
        [0., 0., 0., 0., 0., 1., 0., 0., 0., 0.],
        [0., 0., 0., 0., 0., 0., 0., 0., 0., 0.],
        [0., 0., 0., 1., 0., 0., 0., 0., 0., 0.],
        [0., 0., 0., 0., 0., 0., 1., 0., 0., 0.],
        [0., 0., 0., 0., 0., 0., 0., 0., 0., 0.],
        [0., 0., 0., 1., 0., 0., 0., 0., 0., 0.],
        [0., 0., 0., 0., 1., 0., 0., 0., 0., 0.],
        [0., 0., 0., 0., 0., 1., 0., 0., 0., 0.],
        [0., 0., 0., 0., 0., 0., 0., 0., 0., 0.],
        [0., 0., 0., 0., 0., 0., 0., 0., 0., 0.],
        [0., 0., 0., 0., 0., 0., 0., 0., 0., 0.],
        [0., 0., 0., 0., 0., 0., 0., 0., 0., 0.],
        [0., 1., 0., 0., 0., 0., 0., 0., 0., 0.],
        [0., 0., 0., 0., 0., 0., 0., 0., 0., 0.],
        [0., 1., 0., 0., 0., 0., 0., 0., 0., 0.],
        [0., 0., 0., 0., 0., 1., 1., 0., 0., 0.],
        [0., 0., 0., 0., 0., 0., 0., 0., 0., 1.],
        [0., 0., 0., 0., 0., 0., 0., 0., 0., 1.],
        [0., 0., 0., 0., 0., 0., 0., 1., 0., 0.],
        [0., 1., 0., 0., 0., 0., 0., 0., 0., 0.],
        [0., 0., 0., 0., 0., 0., 1., 0., 0., 0.],
        [0., 0., 0., 0., 1., 0., 0., 0., 0., 0.]], device='cuda:0')
Epoch 0 | Batch 200
--- spikes (training) ---
tensor([[  1.,   5.,  19.,  14.,  13.,   0., 290.,   3.,   0.,   2.],
        [  4.,   2., 286.,  10.,  10.,   0.,  12.,   4.,   0.,   4.],
        [  1.,   0.,   6.,  10.,  46.,   5.,   0.,  29.,   1., 247.],
        [  7.,  16.,  22., 298.,   6.,  16.,   2.,   5.,   1.,   3.],
        [  9.,   9.,  45.,  37.,   9.,  33.,   6.,  10., 284.,   3.],
        [  0., 285.,  17.,   9.,   6.,   2.,  14.,  27.,   0.,   3.],
        [ 12.,   4.,   8.,  43.,  16., 281.,   4.,   5.,   1.,  10.],
        [  0., 272.,   3.,  11.,   7.,   4.,  12.,  10.,   1.,   5.],
        [  3.,   0.,  26.,   8.,   5.,   0., 289.,   3.,   0.,   2.],
        [  6.,   5.,  12.,  16.,   8.,   2., 295.,   3.,   0.,   2.],
        [  9.,   0.,  82., 305.,   7.,  32.,   0.,   5.,   0.,  15.],
        [  1., 293.,   9.,  14.,  10.,   4.,  10.,  41.,   2.,   7.],
        [  1.,  31.,   7., 283.,   4.,   7.,   0.,   5.,   2.,   2.],
        [ 35.,  31.,   5.,  43.,   7., 254.,  40.,   3.,   1.,   2.],
        [  7.,  40.,  75.,  23.,   5.,   0., 249.,  10.,   0.,   3.],
        [  0.,   1.,   5.,  22., 250.,   8.,  13.,  12.,   2.,  11.],
        [  5.,   0.,   3.,   5.,   4.,   2.,   0., 290.,   0.,   7.],
        [  5.,   0.,   3.,  97.,  11., 255.,   0.,   5.,   2.,   4.],
        [  0., 265.,   7.,   5.,   2.,   1.,   4.,  15.,   0.,   2.],
        [  2.,   0.,  30.,   7.,  77.,   1., 289.,   5.,   0.,   0.],
        [  6.,  10.,  48., 252.,   3.,   3.,   0.,   6.,   0.,   1.],
        [  1., 261.,  32.,  30.,  10.,  14.,   6.,   6.,  19.,   1.],
        [  0.,   0.,   2.,   8.,   9.,   5.,   0.,  16.,   0., 242.],
        [ 17.,  18., 281.,  43.,   2.,  21.,  10.,   5.,  36.,   1.],
        [  1.,   7.,   3., 297.,  11.,  25.,   0.,  19.,   1.,  90.],
        [  1.,   0., 104.,   3.,  12.,   0., 294.,   5.,   0.,   0.],
        [195.,   0.,  14.,  18.,  10.,  15.,   2.,  16.,   0.,   4.],
        [ 63.,   0.,  11.,  18.,   2.,   0., 269.,   5.,   0.,   0.],
        [ 10.,  14.,  35.,  11.,   4.,   5., 268.,   9.,   0.,   9.],
        [  2.,   1., 292.,  10.,   3.,   0.,  13.,   7.,   2.,  10.],
        [  2.,   0.,  36.,  10.,  34.,   1., 286.,   5.,   0.,   0.],
        [280.,   0.,  15.,  22.,   1.,   2.,   5.,   9.,   0.,   1.],
        [ 34.,   3.,  11., 269.,   3.,   9.,   2.,   5.,   1.,   1.],
        [  0.,   1.,  13.,  12.,   2.,   0.,   0., 273.,   0.,   9.],
        [  0.,   0.,   6.,   3., 231.,   2.,   5.,   8.,   0.,  16.],
        [  5.,   4.,   7.,  17.,  16., 265.,   3.,   6.,   9.,   2.],
        [  0.,  11., 271.,   5.,   3.,   1.,   6.,   3.,   0.,   1.],
        [  3.,  21.,  16.,  46.,  11.,  18.,   6.,   3., 283.,  11.],
        [  1., 284.,  17.,  11.,   2.,   4.,  15.,  11.,   0.,   2.],
        [ 24.,   0.,  30.,  32.,   2., 104.,  47.,   4.,   0.,   0.],
        [  4.,  47.,  13.,  52.,  17.,  42.,   8.,   5., 278.,   7.],
        [ 10.,  34.,   6.,  61.,   9., 253.,   7.,   5.,   1.,   3.],
        [  9.,   7.,  11., 300.,  32.,  44.,   1.,   7.,  14.,  50.],
        [280.,   0.,   5.,  16.,   1.,   5.,   1.,   7.,   0.,   3.],
        [  2.,   8.,  73.,  14.,   2.,   1.,   1., 221.,   0.,  12.],
        [  0.,   0.,  30., 182.,   7.,   1.,   0.,  88.,   0.,   3.],
        [  3.,   7.,  21., 297.,   7.,  38.,   6.,   6.,   6.,   4.],
        [  2.,   0., 166.,  16.,   6.,   0.,  11.,   3.,   0.,   6.],
        [  1., 284.,  14.,  10.,   4.,   2.,  11.,  18.,   0.,   4.],
        [  0., 275.,  14.,  18.,   4.,   5.,  10.,   5.,   4.,   2.],
        [  0.,   0.,  10.,   9., 196.,   1.,   1.,   8.,   0.,  12.],
        [  0., 265.,   4.,   7.,   2.,   3.,   8.,   8.,   0.,   1.],
        [  1.,   5.,   5.,  21.,   6.,  20.,   0.,  29.,   3., 234.],
        [  0.,   4., 195.,  19.,  13.,   7., 145.,   6.,   0.,   1.],
        [  0.,   0.,  12.,   0., 142.,   0.,   0.,   6.,   0.,   4.],
        [  2.,   3.,   4.,  16.,  63., 239.,   1.,   3.,   1.,   2.],
        [  4.,   0.,   8.,   5.,   2.,   0.,   0., 300.,   0.,   7.],
        [ 72.,   0.,  21.,   5.,   6.,   1., 161.,   4.,   0.,   4.],
        [275.,   0.,   7.,   4.,   4., 119.,   8.,   6.,   0.,   2.],
        [  0.,   8., 294.,  21.,   3.,   2.,  21.,  29.,   0.,   1.],
        [  8.,   6., 136., 310.,   3.,  15.,   1.,   8.,   0.,   1.],
        [  0.,   0.,   6.,   3., 220.,   2.,   1.,   5.,   0.,  12.],
        [298.,   0.,   3.,   5.,   4.,  47.,   4.,   4.,   4.,   0.],
        [  4.,   4.,  12., 306.,   8.,  44.,   0.,  11.,   0.,   6.]],
       device='cuda:0')
--- spikes (finish interval) ---
tensor([[0., 0., 0., 0., 0., 0., 0., 0., 0., 0.],
        [0., 0., 1., 0., 0., 0., 0., 0., 0., 0.],
        [0., 0., 0., 0., 0., 0., 0., 0., 0., 0.],
        [0., 0., 0., 0., 0., 0., 0., 0., 0., 0.],
        [0., 0., 0., 0., 0., 0., 0., 0., 1., 0.],
        [0., 0., 0., 0., 0., 0., 0., 0., 0., 0.],
        [0., 0., 0., 0., 0., 1., 0., 0., 0., 0.],
        [0., 0., 0., 0., 0., 0., 0., 0., 0., 0.],
        [0., 0., 0., 0., 0., 0., 1., 0., 0., 0.],
        [0., 0., 0., 0., 0., 0., 0., 0., 0., 0.],
        [0., 0., 0., 0., 0., 0., 0., 0., 0., 0.],
        [0., 0., 0., 0., 0., 0., 0., 0., 0., 0.],
        [0., 0., 0., 1., 0., 0., 0., 0., 0., 0.],
        [0., 1., 0., 0., 0., 1., 0., 0., 0., 0.],
        [0., 0., 0., 0., 0., 0., 0., 0., 0., 0.],
        [0., 0., 0., 0., 0., 0., 0., 0., 0., 0.],
        [0., 0., 0., 0., 0., 0., 0., 0., 0., 0.],
        [0., 0., 0., 0., 0., 1., 0., 0., 0., 0.],
        [0., 0., 0., 0., 0., 0., 0., 0., 0., 0.],
        [0., 0., 0., 0., 0., 0., 0., 0., 0., 0.],
        [0., 0., 0., 1., 0., 0., 0., 0., 0., 0.],
        [0., 0., 0., 0., 0., 0., 0., 0., 0., 0.],
        [0., 0., 0., 0., 0., 0., 0., 0., 0., 1.],
        [0., 0., 1., 0., 0., 0., 0., 0., 0., 0.],
        [0., 0., 0., 0., 0., 0., 0., 0., 0., 0.],
        [0., 0., 0., 0., 0., 0., 0., 0., 0., 0.],
        [0., 0., 0., 0., 0., 0., 0., 0., 0., 0.],
        [1., 0., 0., 0., 0., 0., 1., 0., 0., 0.],
        [0., 0., 0., 0., 0., 0., 0., 0., 0., 0.],
        [0., 0., 0., 0., 0., 0., 0., 0., 0., 0.],
        [0., 0., 0., 0., 0., 0., 1., 0., 0., 0.],
        [0., 0., 0., 0., 0., 0., 0., 0., 0., 0.],
        [0., 0., 0., 1., 0., 0., 0., 0., 0., 0.],
        [0., 0., 0., 0., 0., 0., 0., 1., 0., 0.],
        [0., 0., 0., 0., 0., 0., 0., 0., 0., 0.],
        [0., 0., 0., 0., 0., 0., 0., 0., 0., 0.],
        [0., 0., 0., 0., 0., 0., 0., 0., 0., 0.],
        [0., 0., 0., 0., 0., 0., 0., 0., 0., 0.],
        [0., 0., 0., 0., 0., 0., 0., 0., 0., 0.],
        [0., 0., 0., 0., 0., 0., 0., 0., 0., 0.],
        [0., 0., 0., 0., 0., 0., 0., 0., 1., 0.],
        [0., 0., 0., 0., 0., 1., 0., 0., 0., 0.],
        [0., 0., 0., 1., 0., 0., 0., 0., 0., 0.],
        [1., 0., 0., 0., 0., 0., 0., 0., 0., 0.],
        [0., 0., 0., 0., 0., 0., 0., 0., 0., 0.],
        [0., 0., 0., 1., 0., 0., 0., 0., 0., 0.],
        [0., 0., 0., 1., 0., 0., 0., 0., 0., 0.],
        [0., 0., 0., 0., 0., 0., 0., 0., 0., 0.],
        [0., 0., 0., 0., 0., 0., 0., 0., 0., 0.],
        [0., 1., 0., 0., 0., 0., 0., 0., 0., 0.],
        [0., 0., 0., 0., 0., 0., 0., 0., 0., 0.],
        [0., 1., 0., 0., 0., 0., 0., 0., 0., 0.],
        [0., 0., 0., 0., 0., 0., 0., 0., 0., 0.],
        [0., 0., 0., 0., 0., 0., 0., 0., 0., 0.],
        [0., 0., 0., 0., 0., 0., 0., 0., 0., 0.],
        [0., 0., 0., 0., 0., 0., 0., 0., 0., 0.],
        [0., 0., 0., 0., 0., 0., 0., 1., 0., 0.],
        [0., 0., 0., 0., 0., 0., 1., 0., 0., 0.],
        [0., 0., 0., 0., 0., 1., 0., 0., 0., 0.],
        [0., 0., 0., 0., 0., 0., 0., 0., 0., 0.],
        [0., 0., 0., 1., 0., 0., 0., 0., 0., 0.],
        [0., 0., 0., 0., 1., 0., 0., 0., 0., 0.],
        [1., 0., 0., 0., 0., 0., 0., 0., 0., 0.],
        [0., 0., 0., 0., 0., 0., 0., 0., 0., 0.]], device='cuda:0')
Epoch 0 | Batch 300
--- spikes (training) ---
tensor([[  1., 279.,   2.,  14.,   0.,   5.,  12.,   7.,   9.,  13.],
        [  2.,  16.,   0.,   9.,  15.,   6.,   4., 119.,   7., 296.],
        [  4.,  78.,   8.,   5.,   0., 213.,  18.,   1.,  11.,   2.],
        [  2.,   3.,   7., 210.,   0.,  12.,   0.,   2.,  58.,   0.],
        [  1.,   3.,  11.,  54., 199.,   1.,   3.,   8.,   8.,   7.],
        [  3.,  67.,   0.,  23.,   0.,  15.,   5., 142.,  10., 163.],
        [ 13.,   3.,   4.,   4.,   2., 130., 300.,   0., 102.,   8.],
        [ 51.,   2., 270.,  15.,   0.,   1.,  24.,   2.,  12.,  11.],
        [  3.,  70.,   8.,  10.,   1.,  22., 252.,   1.,  22.,   8.],
        [  3.,  14., 222.,  16.,   0.,   4.,   6.,   2.,   7.,   5.],
        [291.,   0., 110.,  26.,   1.,   6.,  10.,   1.,   8.,   0.],
        [  2.,   7.,   8., 304.,   3.,   2.,   3.,   4.,  27.,  12.],
        [  0.,   4.,  14.,  31.,   6.,  18.,   6.,   3., 249.,   4.],
        [  2.,   0.,   5.,  18., 155.,   0.,   3.,   1.,   2.,   3.],
        [  1., 215., 100.,   8.,   1.,   3.,   7.,   1.,  37.,   4.],
        [  8.,  16.,   5.,  17.,   0.,  96.,  16.,   8., 263.,  25.],
        [  1., 276.,   2.,  11.,   0.,   9.,  37.,   4.,   8.,   7.],
        [  3.,  33.,   6., 271.,   0.,   8.,   3.,   4.,   4.,   2.],
        [ 53.,   1., 266., 100.,   0.,   0.,   2.,   5.,   4.,   0.],
        [  5.,   0.,  18.,  25.,  25.,   0., 249.,   3.,   8.,   0.],
        [  7.,   1.,   0.,  14.,  10.,   2.,   1., 247.,   4.,   5.],
        [  1.,  14.,   1.,  12.,   3.,   4.,   3.,  11.,   9., 275.],
        [293.,   0.,   4.,  12.,   0.,   2.,   5.,   1.,   2.,   1.],
        [  0.,  51.,   1.,   7.,   0.,  13.,   1., 288.,   4.,  29.],
        [  0., 256.,   1.,   9.,   0.,   6.,  11.,   6.,   3.,   7.],
        [  2., 277.,   5.,  12.,   3.,  10.,  15.,   4.,  22.,   8.],
        [  8.,   6.,   7.,  14.,   3.,  37.,   6.,  13., 286.,  38.],
        [ 10.,   4.,   4.,  11., 226.,   3.,   8.,   9.,   9.,  16.],
        [  2., 276.,   3.,  10.,   0.,  14.,  53.,   3.,  13.,   6.],
        [  0., 253.,   1.,   9.,   0.,  51.,  29.,   3.,   8.,   5.],
        [  1., 268.,   2.,  10.,   0.,  11.,  23.,   4.,   6.,   7.],
        [ 23.,  16.,   0.,  21.,   0., 214.,   4.,   9.,   9.,   6.],
        [ 75.,   0.,  65.,  14.,   0.,   0.,   8.,   5.,   5.,   1.],
        [  8.,   9.,   1.,   6., 105.,   7.,   6.,  11.,   4., 268.],
        [  2.,   8.,   3.,   8.,   0.,  43., 253.,   0.,  68.,   7.],
        [  3.,   4.,   4.,  12.,   3.,   0.,   3., 144.,   4., 270.],
        [  4.,   3.,   3.,   6., 198.,   1.,  12.,  26.,  10.,  49.],
        [  1., 197.,  39.,  17.,   1.,   3.,   3.,   3.,  11.,   3.],
        [  1., 269.,   3.,   9.,   0.,  16.,  26.,   6.,   6.,  11.],
        [  9.,  11.,   7.,  31.,   1.,   3.,   6.,   2., 270.,  17.],
        [  2.,  46.,   0., 104.,   5.,  13.,   4.,   7.,   6., 295.],
        [  3.,  25.,   4.,  13.,   1.,   7.,   5.,   2., 250.,  12.],
        [  1.,  10.,   2.,  17., 268.,   1.,  16.,   4.,   8.,  33.],
        [302.,   0.,   3.,  51.,   0.,   2.,   1.,   3.,  10.,   1.],
        [  8.,   2.,  31.,   7.,  13.,   5., 292.,   0.,  11.,  24.],
        [  1., 276.,   2.,  11.,   0.,   5.,  29.,   3.,   7.,   6.],
        [115.,   0., 291.,  13.,   1.,   0.,   6.,   0.,   6.,   3.],
        [  1., 259.,   2.,  13.,   0.,  48.,  25.,   6.,   9.,  11.],
        [ 43.,   1.,  19., 294.,   0.,   4.,   1.,   1.,  26.,   0.],
        [  1.,  11.,   9., 288.,   5.,   1.,   3.,   2.,  14.,  28.],
        [  7.,   5.,   0.,   5.,  29.,   7.,   1., 277.,   3.,  80.],
        [  1.,  18.,  37.,  31.,   6.,  89.,  18.,   7., 226.,   5.],
        [149.,  10.,   0.,   6.,   1., 180.,   6.,   5.,   5.,  70.],
        [  1.,   6.,   3.,  12.,   0.,   2.,   0., 283.,   5.,  26.],
        [309.,   0.,   3.,  21.,   0.,   2.,   2.,   3.,   2.,   3.],
        [  3.,  40.,   7.,  13.,   5.,   6.,   8., 239.,  19.,   7.],
        [  0.,   1.,   1.,  32.,   1.,   1.,   1.,   2.,   3., 144.],
        [  7.,  18.,   6.,  20.,   3.,   9.,   7.,   2., 262.,  39.],
        [  1.,   6.,   3.,  15.,  15.,   2.,   2.,  21.,   7., 288.],
        [ 20.,   0.,   4., 142.,   0., 210.,   0.,   2.,  23.,   0.],
        [ 46.,  10.,   4.,   6.,   0.,   8.,   5.,  43., 265.,  47.],
        [ 10.,   6.,   1.,  19.,   5.,   5.,   3.,  13.,   3., 290.],
        [  3.,  10., 267.,  17.,   0.,   3.,   6.,   1.,  23.,   1.],
        [  7.,  17.,   1.,   8.,   0., 233.,   6.,   3.,   3.,   6.]],
       device='cuda:0')
--- spikes (finish interval) ---
tensor([[0., 0., 0., 0., 0., 0., 0., 0., 0., 0.],
        [0., 0., 0., 0., 0., 0., 0., 0., 0., 0.],
        [0., 0., 0., 0., 0., 1., 0., 0., 0., 0.],
        [0., 0., 0., 0., 0., 0., 0., 0., 0., 0.],
        [0., 0., 0., 0., 1., 0., 0., 0., 0., 0.],
        [0., 0., 0., 0., 0., 0., 0., 0., 0., 0.],
        [0., 0., 0., 0., 0., 1., 1., 0., 0., 0.],
        [0., 0., 0., 0., 0., 0., 0., 0., 0., 0.],
        [0., 0., 0., 0., 0., 0., 0., 0., 0., 0.],
        [0., 0., 0., 0., 0., 0., 0., 0., 0., 0.],
        [1., 0., 0., 0., 0., 0., 0., 0., 0., 0.],
        [0., 0., 0., 1., 0., 0., 0., 0., 0., 0.],
        [0., 0., 0., 0., 0., 0., 0., 0., 1., 0.],
        [0., 0., 0., 0., 0., 0., 0., 0., 0., 0.],
        [0., 0., 0., 0., 0., 0., 0., 0., 0., 0.],
        [0., 0., 0., 0., 0., 0., 0., 0., 1., 0.],
        [0., 0., 0., 0., 0., 0., 0., 0., 0., 0.],
        [0., 0., 0., 1., 0., 0., 0., 0., 0., 0.],
        [0., 0., 1., 0., 0., 0., 0., 0., 0., 0.],
        [0., 0., 0., 0., 0., 0., 0., 0., 0., 0.],
        [0., 0., 0., 0., 0., 0., 0., 1., 0., 0.],
        [0., 0., 0., 0., 0., 0., 0., 0., 0., 0.],
        [1., 0., 0., 0., 0., 0., 0., 0., 0., 0.],
        [0., 0., 0., 0., 0., 0., 0., 1., 0., 0.],
        [0., 0., 0., 0., 0., 0., 0., 0., 0., 0.],
        [0., 0., 0., 0., 0., 0., 0., 0., 0., 0.],
        [0., 0., 0., 0., 0., 0., 0., 0., 0., 0.],
        [0., 0., 0., 0., 1., 0., 0., 0., 0., 0.],
        [0., 1., 0., 0., 0., 0., 0., 0., 0., 0.],
        [0., 0., 0., 0., 0., 0., 0., 0., 0., 0.],
        [0., 0., 0., 0., 0., 0., 0., 0., 0., 0.],
        [0., 0., 0., 0., 0., 1., 0., 0., 0., 0.],
        [0., 0., 0., 0., 0., 0., 0., 0., 0., 0.],
        [0., 0., 0., 0., 0., 0., 0., 0., 0., 0.],
        [0., 0., 0., 0., 0., 0., 1., 0., 0., 0.],
        [0., 0., 0., 0., 0., 0., 0., 1., 0., 1.],
        [0., 0., 0., 0., 1., 0., 0., 0., 0., 0.],
        [0., 0., 0., 0., 0., 0., 0., 0., 0., 0.],
        [0., 0., 0., 0., 0., 0., 0., 0., 0., 0.],
        [0., 0., 0., 0., 0., 0., 0., 0., 1., 0.],
        [0., 0., 0., 0., 0., 0., 0., 0., 0., 1.],
        [0., 0., 0., 0., 0., 0., 0., 0., 0., 0.],
        [0., 0., 0., 0., 0., 0., 0., 0., 0., 0.],
        [1., 0., 0., 0., 0., 0., 0., 0., 0., 0.],
        [0., 0., 0., 0., 0., 0., 0., 0., 0., 0.],
        [0., 1., 0., 0., 0., 0., 0., 0., 0., 0.],
        [0., 0., 0., 0., 0., 0., 0., 0., 0., 0.],
        [0., 0., 0., 0., 0., 0., 0., 0., 0., 0.],
        [0., 0., 0., 0., 0., 0., 0., 0., 0., 0.],
        [0., 0., 0., 0., 0., 0., 0., 0., 0., 0.],
        [0., 0., 0., 0., 0., 0., 0., 0., 0., 0.],
        [0., 0., 0., 0., 0., 0., 0., 0., 0., 0.],
        [0., 0., 0., 0., 0., 0., 0., 0., 0., 0.],
        [0., 0., 0., 0., 0., 0., 0., 0., 0., 0.],
        [0., 0., 0., 0., 0., 0., 0., 0., 0., 0.],
        [0., 0., 0., 0., 0., 0., 0., 0., 0., 0.],
        [0., 0., 0., 0., 0., 0., 0., 0., 0., 0.],
        [0., 0., 0., 0., 0., 0., 0., 0., 1., 0.],
        [0., 0., 0., 0., 0., 0., 0., 0., 0., 0.],
        [0., 0., 0., 0., 0., 1., 0., 0., 0., 0.],
        [0., 0., 0., 0., 0., 0., 0., 0., 0., 0.],
        [0., 0., 0., 0., 0., 0., 0., 0., 0., 0.],
        [0., 0., 0., 0., 0., 0., 0., 0., 0., 0.],
        [0., 0., 0., 0., 0., 1., 0., 0., 0., 0.]], device='cuda:0')
Epoch 0 | Batch 400
--- spikes (training) ---
tensor([[ 89.,   0., 100.,  36.,   0.,   3.,   0.,  24.,   0.,   8.],
        [  1.,   0.,   2.,   1., 221.,   3.,   0.,  10.,   0.,  22.],
        [  1., 282.,   5.,  11.,   0.,   3.,   0.,   4.,   1.,   3.],
        [  1., 280.,   4.,   6.,   0.,   5.,   0.,   5.,   0.,   5.],
        [  3., 288.,   9.,  19.,   0.,   4.,   0.,  10.,   1.,   7.],
        [  6.,   0.,   5.,  13.,  95.,  31.,   0.,  17., 239.,   8.],
        [284.,   0.,   6.,   5.,   0.,   6.,  49.,   7.,   0.,  29.],
        [  3.,   0.,   1.,   3.,   6.,  15.,   0.,  42.,   1., 243.],
        [232.,   0.,   2.,   0.,   0.,   1.,   1.,   9.,   0.,   7.],
        [  5.,   0., 243., 122.,   0.,   2.,   1.,  16.,   1.,   4.],
        [ 66.,   0.,   0.,   0.,  60., 287.,   0.,  34.,   6.,  12.],
        [  1.,   0.,   9.,   0.,   0.,   2., 249.,   1.,   0.,   5.],
        [  5.,   4.,   5., 295.,   0.,  33.,   0.,   3.,  44.,   7.],
        [ 13.,   0.,   5.,   0., 152.,  10.,   0.,  45.,   3., 233.],
        [ 16.,   0.,   0.,  55.,   0., 299.,   0.,   3.,   3.,   5.],
        [  2.,   0.,   3.,   0., 236.,   3.,   7.,   5.,   0.,  28.],
        [  1.,   0.,   2.,   0.,   0.,   1.,   0., 262.,   0.,  17.],
        [  1.,   0.,   3.,   0.,   0.,   1.,   0., 293.,   0.,   9.],
        [ 23.,   0.,   2.,   0.,   0.,   0.,   0., 246.,   0.,  28.],
        [ 19.,   0.,  11.,  25.,   1.,  28.,   0.,   6., 276.,   7.],
        [  0., 274.,   3.,   8.,   0.,   2.,   0.,  11.,   2.,   4.],
        [  2., 278.,   3.,   8.,   0.,  10.,   1.,   9.,   1.,   8.],
        [ 22.,   0.,   5., 280.,   0.,  72.,   0.,  10., 102.,  11.],
        [ 11.,   0.,  21.,   7.,   3.,  10.,   0.,   5., 258.,  26.],
        [ 16.,   0.,   0.,   4.,   0., 257.,   0.,  20.,   0.,   5.],
        [307.,   0.,   0.,   2.,   0.,  32.,   0.,   6.,   0.,   4.],
        [  6.,   0.,   8.,   0.,   0.,  13., 283.,   0.,   0.,   8.],
        [270.,   0.,   2.,  12.,   0.,  30.,   0.,   4.,   0.,   1.],
        [  1.,   0.,  38.,   0.,   2.,   7., 296.,   0.,   0.,  37.],
        [  1.,   0.,   1.,   5.,   0.,   1.,   0., 214.,   0.,   6.],
        [  8.,   0.,  14.,   1.,   0.,   3.,   0., 308.,   1.,  12.],
        [  1.,   0.,   6.,   8.,   0.,   1.,   0., 302.,   0.,  25.],
        [  1.,   0.,  20.,   2.,   3.,   9., 285.,   1.,   0.,   6.],
        [  4.,   0.,   7.,   0.,   0.,   5., 282.,   0.,   0.,   7.],
        [294.,   0.,   3.,   2.,   0.,  17.,   0.,   3.,   0.,   3.],
        [  2.,   0.,  14.,   8.,   6.,  16., 281.,   0.,   0.,   8.],
        [  0.,   0.,  22.,   3., 256.,   3.,   0.,   9.,   0.,  28.],
        [  6.,   0.,  52.,   4.,   0.,   4.,   0., 292.,   3.,  13.],
        [  1.,   0.,   7.,   1., 262.,   0.,   0.,  31.,   0.,  31.],
        [  5.,   0.,   8., 165.,  10.,  64.,   0.,   1.,  85.,  10.],
        [  0.,   0.,  20.,   2., 236.,   2.,   0.,   3.,   0.,  47.],
        [  2.,  33., 199.,  11.,   0.,   0.,   4.,   5.,   0.,  10.],
        [  7.,   0.,   0.,   2.,   0., 217.,   0.,   2.,   0.,   0.],
        [  0.,   0.,   7.,   7.,   0.,   0.,   0., 280.,   0.,  17.],
        [  0., 203., 227.,   6.,   0.,   3.,   3.,   2.,   0.,   2.],
        [  8.,  49.,  14.,   6.,   0.,   8.,   0.,   9., 245.,   9.],
        [  5.,   0., 303.,  23.,   4.,   1.,   0.,   2.,   0.,   9.],
        [  1., 281.,   4.,  11.,   0.,   3.,   1.,   6.,   0.,   5.],
        [  1., 278.,   4.,  10.,   0.,   2.,   0.,   2.,   0.,   4.],
        [ 16.,   2.,   2., 270.,   0.,  21.,   0.,   2.,   0.,   3.],
        [ 28.,   0.,   2., 300.,   0.,  75.,   0.,   4.,   0.,   9.],
        [ 11.,   0.,   0.,  22.,   1., 284.,   1.,   3.,   0.,   6.],
        [  1.,   0.,  17.,   7.,   6.,  12., 276.,   0.,   0.,   7.],
        [  7.,   0.,  30.,   3.,   8.,   1., 128.,   4.,   0.,   3.],
        [  4.,   0.,  22.,   0.,  13.,   4., 194.,   2.,   0.,  30.],
        [  5.,   0.,   6.,  21.,   0.,  19.,   0.,   5., 215.,  10.],
        [ 46.,   0.,   2.,   1.,  41., 285.,   0.,  20.,   3.,  12.],
        [ 12.,   0., 286.,   1.,  68.,   6.,   0.,   1.,  32.,   9.],
        [  2.,   0.,   2.,   0.,   0.,   2.,   0., 266.,   0.,   9.],
        [  4.,   0.,   1.,   1.,   1., 251.,   0.,   5.,   2.,  14.],
        [  3.,   0.,   1.,   1.,  11.,   1.,   3.,  15.,   0., 258.],
        [  5.,   0.,   3.,   0.,   0.,   4.,   0., 292.,   0.,  55.],
        [  7., 108.,  13.,  64.,   0.,  13.,   2.,   7., 230.,  11.],
        [  3.,   0.,  11., 286.,   1.,  37.,   0.,   2.,   3.,  11.]],
       device='cuda:0')
--- spikes (finish interval) ---
tensor([[0., 0., 0., 0., 0., 0., 0., 0., 0., 0.],
        [0., 0., 0., 0., 1., 0., 0., 0., 0., 0.],
        [0., 1., 0., 0., 0., 0., 0., 0., 0., 0.],
        [0., 1., 0., 0., 0., 0., 0., 0., 0., 0.],
        [0., 0., 0., 0., 0., 0., 0., 0., 0., 0.],
        [0., 0., 0., 0., 0., 0., 0., 0., 0., 0.],
        [0., 0., 0., 0., 0., 0., 0., 0., 0., 0.],
        [0., 0., 0., 0., 0., 0., 0., 0., 0., 0.],
        [0., 0., 0., 0., 0., 0., 0., 0., 0., 0.],
        [0., 0., 1., 0., 0., 0., 0., 0., 0., 0.],
        [0., 0., 0., 0., 0., 1., 0., 0., 0., 0.],
        [0., 0., 0., 0., 0., 0., 1., 0., 0., 0.],
        [0., 0., 0., 1., 0., 0., 0., 0., 0., 0.],
        [0., 0., 0., 0., 0., 0., 0., 0., 0., 0.],
        [0., 0., 0., 0., 0., 1., 0., 0., 0., 0.],
        [0., 0., 0., 0., 1., 0., 0., 0., 0., 0.],
        [0., 0., 0., 0., 0., 0., 0., 0., 0., 0.],
        [0., 0., 0., 0., 0., 0., 0., 0., 0., 0.],
        [0., 0., 0., 0., 0., 0., 0., 0., 0., 0.],
        [0., 0., 0., 0., 0., 0., 0., 0., 1., 0.],
        [0., 0., 0., 0., 0., 0., 0., 0., 0., 0.],
        [0., 1., 0., 0., 0., 0., 0., 0., 0., 0.],
        [0., 0., 0., 1., 0., 0., 0., 0., 0., 0.],
        [0., 0., 0., 0., 0., 0., 0., 0., 0., 0.],
        [0., 0., 0., 0., 0., 0., 0., 0., 0., 0.],
        [1., 0., 0., 0., 0., 0., 0., 0., 0., 0.],
        [0., 0., 0., 0., 0., 0., 1., 0., 0., 0.],
        [0., 0., 0., 0., 0., 0., 0., 0., 0., 0.],
        [0., 0., 0., 0., 0., 0., 1., 0., 0., 0.],
        [0., 0., 0., 0., 0., 0., 0., 0., 0., 0.],
        [0., 0., 0., 0., 0., 0., 0., 0., 0., 0.],
        [0., 0., 0., 0., 0., 0., 0., 1., 0., 0.],
        [0., 0., 0., 0., 0., 0., 1., 0., 0., 0.],
        [0., 0., 0., 0., 0., 0., 1., 0., 0., 0.],
        [0., 0., 0., 0., 0., 0., 0., 0., 0., 0.],
        [0., 0., 0., 0., 0., 0., 0., 0., 0., 0.],
        [0., 0., 0., 0., 0., 0., 0., 0., 0., 0.],
        [0., 0., 0., 0., 0., 0., 0., 0., 0., 0.],
        [0., 0., 0., 0., 0., 0., 0., 0., 0., 0.],
        [0., 0., 0., 0., 0., 0., 0., 0., 1., 0.],
        [0., 0., 0., 0., 0., 0., 0., 0., 0., 0.],
        [0., 0., 0., 0., 0., 0., 0., 0., 0., 0.],
        [0., 0., 0., 0., 0., 0., 0., 0., 0., 0.],
        [0., 0., 0., 0., 0., 0., 0., 0., 0., 0.],
        [0., 0., 0., 0., 0., 0., 0., 0., 0., 0.],
        [0., 0., 0., 0., 0., 0., 0., 0., 0., 0.],
        [0., 0., 0., 0., 0., 0., 0., 0., 0., 0.],
        [0., 0., 0., 0., 0., 0., 0., 0., 0., 0.],
        [0., 1., 0., 0., 0., 0., 0., 0., 0., 0.],
        [0., 0., 0., 0., 0., 0., 0., 0., 0., 0.],
        [0., 0., 0., 1., 0., 0., 0., 0., 0., 0.],
        [0., 0., 0., 0., 0., 0., 0., 0., 0., 0.],
        [0., 0., 0., 0., 0., 0., 1., 0., 0., 0.],
        [0., 0., 0., 0., 0., 0., 0., 0., 0., 0.],
        [0., 0., 0., 0., 0., 0., 0., 0., 0., 0.],
        [0., 0., 0., 0., 0., 0., 0., 0., 1., 0.],
        [0., 0., 0., 0., 1., 1., 0., 0., 0., 0.],
        [0., 0., 1., 0., 0., 0., 0., 0., 0., 0.],
        [0., 0., 0., 0., 0., 0., 0., 0., 0., 0.],
        [0., 0., 0., 0., 0., 0., 0., 0., 0., 0.],
        [0., 0., 0., 0., 0., 0., 0., 0., 0., 1.],
        [0., 0., 0., 0., 0., 0., 0., 1., 0., 0.],
        [0., 0., 0., 0., 0., 0., 0., 0., 0., 0.],
        [0., 0., 0., 1., 0., 0., 0., 0., 0., 0.]], device='cuda:0')
Epoch 0 | Batch 500
--- spikes (training) ---
tensor([[  3.,  13.,   2.,   5.,   5.,   5.,   0.,  75.,   0., 145.],
        [  4.,   0.,   5., 203.,   5.,  32.,   0.,   8.,   0.,   2.],
        [  0.,   0., 285.,   8.,   1.,   0.,   0.,  13.,   1.,   0.],
        [  0., 261.,   1.,   9.,   2.,   7.,   0.,   7.,   1.,  11.],
        [  5.,   0.,   4., 272.,   1.,  33.,   0.,  12.,   0.,   1.],
        [  7.,   0., 118.,   2.,   8.,   2.,  15.,   4.,   1.,   0.],
        [  6.,  87.,  16.,  55.,   6.,  12.,   1.,   7., 227.,  10.],
        [  4.,   0.,  29., 287.,  46.,  29.,   0.,   3.,   0.,   0.],
        [  0., 279.,   1.,   5.,   3.,  28.,   0.,  10.,   2.,   6.],
        [ 12.,   0.,   1.,   0., 192.,   2., 113.,   1.,   0.,   1.],
        [301.,   0.,   2.,  25.,   1.,  58.,   0.,   2.,   0.,   0.],
        [  2.,   0.,   1.,   1.,  83.,   9.,   0.,  24.,   5., 277.],
        [  3.,  29.,  12., 242.,   4.,   9.,   0.,   6.,  75.,  20.],
        [  1.,   0.,   4.,   1.,  16.,   4.,   0., 233.,   0.,   7.],
        [ 18.,   0.,   0.,   3.,   4., 219.,   0.,   6.,   3.,  65.],
        [  3., 271.,  12.,  32.,   4.,   8.,  50.,   7.,   8.,  52.],
        [287.,   0.,   9.,  47.,   1.,   6.,   0.,   3.,   0.,   1.],
        [ 31.,   0.,   0.,   3.,   2., 265.,   0.,   3.,  22.,   0.],
        [  3.,   3.,   0.,  55.,  47.,  58.,   0.,  18.,   1., 155.],
        [  0.,  21.,   2.,   5.,   5.,   5.,   0., 246.,   0.,  24.],
        [ 23.,   0.,   9., 276.,   7.,  94.,   0.,   4.,   5.,   2.],
        [  2.,   7.,   0.,   0.,  10.,  11.,   0., 226.,   0.,  94.],
        [  3.,   0.,   1.,   1.,   7.,  19.,   0.,  40.,   1., 242.],
        [ 17.,   0.,   2.,   6.,  24.,  35.,   9.,   5., 274.,  46.],
        [295.,   0.,  97.,   0.,   0.,   2.,   0.,   7.,  58.,   0.],
        [  0.,   0.,   3.,   0.,  46.,  19., 273.,   2.,   0.,   0.],
        [  7.,   0.,   8.,   0.,  13.,   5., 279.,   0.,   0.,   3.],
        [  3.,   0.,   0.,   0., 273.,  20.,   0.,   7.,   3.,  12.],
        [ 17.,   0.,  14., 291.,   1.,  44.,   0.,   5.,   1.,   1.],
        [273.,   0.,   1.,  10.,  15.,  50.,   0.,  10.,   0.,   0.],
        [  0., 267.,   2.,   2.,   1.,  21.,   0.,   5.,   0.,   3.],
        [287.,   0.,   4.,   1.,   1.,  42.,  58.,   6.,   0.,   0.],
        [ 17.,   0.,   2.,  12.,  38.,  91.,   0.,   4., 203.,  20.],
        [ 11.,   0.,   2., 104.,   4., 215.,   0.,   2.,  22.,   0.],
        [ 98.,   0.,   1.,   0.,   2., 256.,   0.,  12.,  12.,   2.],
        [  0., 233.,  11.,  17.,   2.,   4.,   0.,   2.,  59.,   0.],
        [  2.,  21., 139., 143.,   9.,   0.,   0.,   6.,   2.,   2.],
        [  0., 280.,   2.,   5.,   3.,  11.,   0.,   8.,   2.,   4.],
        [300.,   0.,  32.,   6.,   0.,   4.,   0.,   2.,   3.,   1.],
        [  5., 142.,   8.,  17.,   3.,   6.,   1.,  10., 177.,   7.],
        [  4.,  80.,   5.,   4.,   7.,   6.,   3.,  14., 107.,   5.],
        [288.,   0.,   5.,  22.,   1.,   6.,   0.,   9.,  19.,   3.],
        [  8.,   0.,   3.,   0.,   3.,   3.,   0., 297.,   0.,  43.],
        [  1.,   0.,   0.,   1.,  32.,  75., 276.,   1.,   0.,   1.],
        [  1.,   4.,   0.,  43.,  19.,   4.,   0.,  16.,   6., 251.],
        [  6.,   0.,   7.,   0.,   8.,   3., 278.,   2.,   0.,   0.],
        [  2.,   0.,   0.,   2., 282.,  28.,   0.,  10.,  17.,   7.],
        [ 10.,  53.,  37.,  93.,   0.,  28.,   0.,   4., 232.,   2.],
        [  2.,   8.,   1.,   2.,  15.,  10.,   1.,  14.,   3., 250.],
        [  0.,   0.,   0.,   3., 253.,  13.,   0.,  11.,   1.,  66.],
        [  0., 263.,   0.,   2.,   3.,   6.,   0.,   6.,   1.,   7.],
        [  8.,   0., 265.,   7.,   3.,   0.,   0.,   6.,   0.,   0.],
        [  8.,  13.,   3.,  62.,   4., 141.,   0.,  34.,   3.,   1.],
        [  0.,   0., 282.,  27.,   8.,   2.,   0.,   3.,  11.,   1.],
        [  2.,   0., 284.,  33.,   0.,   1.,   0.,  19.,   0.,   1.],
        [ 13.,   0., 143., 285.,   2.,  11.,   0.,   7.,   0.,   0.],
        [ 22.,   1.,   0.,   0.,  12.,  76.,   0.,  91., 214.,  41.],
        [  0., 266.,   1.,   2.,   1.,   5.,   0.,   5.,   0.,   3.],
        [296.,   0.,   1.,   4.,   2., 108.,   2.,   1.,   0.,   0.],
        [  0.,   0., 273.,  10.,   4.,   1.,   0., 139.,   0.,   0.],
        [  4.,   0., 289.,  48.,   1.,   0.,   0.,  17.,   0.,   0.],
        [ 10.,   0.,   6.,   6.,  12.,   9.,   2.,   4., 244.,  10.],
        [  3.,   0.,   3.,   0.,  29.,   9.,   0.,  22.,   1., 261.],
        [284.,   0.,   5.,   2.,   9.,  17.,   1.,   5.,  88.,  94.]],
       device='cuda:0')
--- spikes (finish interval) ---
tensor([[0., 0., 0., 0., 0., 0., 0., 0., 0., 0.],
        [0., 0., 0., 0., 0., 0., 0., 0., 0., 0.],
        [0., 0., 1., 0., 0., 0., 0., 0., 0., 0.],
        [0., 0., 0., 0., 0., 0., 0., 0., 0., 0.],
        [0., 0., 0., 1., 0., 0., 0., 0., 0., 0.],
        [0., 0., 0., 0., 0., 0., 0., 0., 0., 0.],
        [0., 0., 0., 0., 0., 0., 0., 0., 0., 0.],
        [0., 0., 0., 0., 0., 0., 0., 0., 0., 0.],
        [0., 1., 0., 0., 0., 0., 0., 0., 0., 0.],
        [0., 0., 0., 0., 1., 0., 0., 0., 0., 0.],
        [1., 0., 0., 0., 0., 0., 0., 0., 0., 0.],
        [0., 0., 0., 0., 0., 0., 0., 0., 0., 0.],
        [0., 0., 0., 0., 0., 0., 0., 0., 1., 0.],
        [0., 0., 0., 0., 0., 0., 0., 0., 0., 0.],
        [0., 0., 0., 0., 0., 1., 0., 0., 0., 0.],
        [0., 0., 0., 0., 0., 0., 0., 0., 0., 0.],
        [1., 0., 0., 0., 0., 0., 0., 0., 0., 0.],
        [0., 0., 0., 0., 0., 1., 0., 0., 0., 0.],
        [0., 0., 0., 0., 0., 0., 0., 0., 0., 0.],
        [0., 0., 0., 0., 0., 0., 0., 1., 0., 0.],
        [0., 0., 0., 1., 0., 0., 0., 0., 0., 0.],
        [0., 0., 0., 0., 0., 0., 0., 0., 0., 0.],
        [0., 0., 0., 0., 0., 0., 0., 0., 0., 1.],
        [0., 0., 0., 0., 0., 0., 0., 0., 1., 0.],
        [0., 0., 0., 0., 0., 0., 0., 0., 0., 0.],
        [0., 0., 0., 0., 0., 0., 0., 0., 0., 0.],
        [0., 0., 0., 0., 0., 0., 1., 0., 0., 0.],
        [0., 0., 0., 0., 1., 0., 0., 0., 0., 0.],
        [0., 0., 0., 0., 0., 0., 0., 0., 0., 0.],
        [1., 0., 0., 0., 0., 0., 0., 0., 0., 0.],
        [0., 1., 0., 0., 0., 0., 0., 0., 0., 0.],
        [0., 0., 0., 0., 0., 0., 0., 0., 0., 0.],
        [0., 0., 0., 0., 0., 0., 0., 0., 1., 0.],
        [0., 0., 0., 0., 0., 1., 0., 0., 1., 0.],
        [0., 0., 0., 0., 0., 0., 0., 0., 0., 0.],
        [0., 0., 0., 0., 0., 0., 0., 0., 0., 0.],
        [0., 0., 0., 1., 0., 0., 0., 0., 0., 0.],
        [0., 0., 0., 0., 0., 0., 0., 0., 0., 0.],
        [1., 0., 0., 0., 0., 0., 0., 0., 0., 0.],
        [0., 1., 0., 0., 0., 0., 0., 0., 1., 0.],
        [0., 0., 0., 0., 0., 0., 0., 0., 0., 0.],
        [1., 0., 0., 0., 0., 0., 0., 0., 0., 0.],
        [0., 0., 0., 0., 0., 0., 0., 0., 0., 0.],
        [0., 0., 0., 0., 0., 0., 1., 0., 0., 0.],
        [0., 0., 0., 0., 0., 0., 0., 0., 0., 0.],
        [0., 0., 0., 0., 0., 0., 0., 0., 0., 0.],
        [0., 0., 0., 0., 1., 0., 0., 0., 0., 0.],
        [0., 0., 0., 0., 0., 0., 0., 0., 1., 0.],
        [0., 0., 0., 0., 0., 0., 0., 0., 0., 0.],
        [0., 0., 0., 0., 1., 0., 0., 0., 0., 0.],
        [0., 0., 0., 0., 0., 0., 0., 0., 0., 0.],
        [0., 0., 1., 0., 0., 0., 0., 0., 0., 0.],
        [0., 0., 0., 0., 0., 0., 0., 0., 0., 0.],
        [0., 0., 0., 0., 0., 0., 0., 0., 0., 0.],
        [0., 0., 0., 0., 0., 0., 0., 0., 0., 0.],
        [0., 0., 0., 1., 0., 0., 0., 0., 0., 0.],
        [0., 0., 0., 0., 0., 0., 0., 0., 0., 0.],
        [0., 1., 0., 0., 0., 0., 0., 0., 0., 0.],
        [0., 0., 0., 0., 0., 0., 0., 0., 0., 0.],
        [0., 0., 0., 0., 0., 0., 0., 0., 0., 0.],
        [0., 0., 0., 0., 0., 0., 0., 0., 0., 0.],
        [0., 0., 0., 0., 0., 0., 0., 0., 0., 0.],
        [0., 0., 0., 0., 0., 0., 0., 0., 0., 0.],
        [0., 0., 0., 0., 0., 0., 0., 0., 1., 0.]], device='cuda:0')
Epoch 0 | Batch 600
--- spikes (training) ---
tensor([[ 42.,   0.,  12., 247.,   0.,  51.,   0.,   3.,   6.,   2.],
        [  4.,   8.,   2.,   0., 150.,  19.,   5.,   7.,  59.,  55.],
        [  5.,   2.,  14.,   0., 243.,   0.,   4.,  14.,   5.,  18.],
        [  4.,   0.,  11.,   0.,   8.,   1., 276.,   6.,   0.,   4.],
        [ 19.,   2.,   2.,   0.,   0.,  11., 279.,   2.,  25.,   3.],
        [311.,   0.,   1.,   0.,   0.,  58.,  18.,   2.,   2.,   5.],
        [  5.,   1.,   5.,   0.,   1.,   1.,   0., 286.,   0.,   9.],
        [  5.,   1.,   3.,   0.,   0.,   0.,   0., 288.,   0.,   5.],
        [250.,   0.,   1.,   0.,   0.,  32.,   5.,   3.,   0.,   2.],
        [  5.,   6.,   9.,   0.,   0.,   0.,   0., 303.,   0.,  15.],
        [  5., 118.,   5.,   3.,   1.,  27.,   3.,  20.,  10., 200.],
        [  3., 287.,   6.,   2.,   0.,   7.,   8.,  11.,   9.,   6.],
        [  9.,   3.,  10.,   0.,   5.,  37.,  27.,   4., 188.,  14.],
        [ 29.,   0.,   0.,   2.,   0., 247.,   0.,  18.,   4.,   6.],
        [278.,   0.,   1.,   0.,   0.,   4.,   1.,   5.,   2.,   5.],
        [  5.,  15.,  35.,   0.,   0.,   0.,   1., 163.,   5.,  17.],
        [  4.,   0.,   0.,   0.,   0.,   6.,   1., 267.,   0.,   3.],
        [  7.,   4.,  96.,   0.,   1.,   0.,   2., 293.,   1.,  14.],
        [ 11.,   0., 254.,   0.,   0.,   0.,   2.,  65.,   0.,   6.],
        [ 10.,   1.,  14.,   0.,   4.,   3.,   0.,  19.,   2., 249.],
        [  6.,   0.,   3.,   0.,  10.,   3.,   0., 294.,   0.,   8.],
        [ 30.,   2., 101.,   4.,   0.,   2.,  15.,   5.,   2.,   4.],
        [ 41.,   0.,   0., 203.,   0.,  40.,   0.,   8.,   6.,   6.],
        [  8.,   3.,   3.,   8.,   0.,  15., 297.,   3.,   0.,   8.],
        [ 10.,   0.,   0.,   0.,   8.,   1.,   0., 284.,   0.,   7.],
        [  5.,   9.,  22.,   0.,   1.,   0.,   1., 238.,   2.,  13.],
        [ 18.,   2.,   0.,  22.,   0., 262.,   2.,   8.,   2.,   7.],
        [ 17.,   3.,   5., 264.,   1.,   3.,  50.,  13.,   0.,   7.],
        [  9.,   4.,  12.,  25.,   0., 259.,  21.,   3.,   0.,   3.],
        [ 39.,   1., 257.,   0.,   0.,   0.,   8.,   6.,   1.,   8.],
        [314.,   0.,   0.,   0.,   0.,   3.,   0.,   2.,   1.,   5.],
        [ 16.,  16.,  13.,   0.,  38.,  34.,  10.,   6., 156.,  31.],
        [ 11.,   3.,  15.,   3.,   2.,  18.,   4.,  15., 251.,   6.],
        [  5., 244.,   9.,   2.,   0.,  16.,   6.,   3.,  10.,   3.],
        [ 10.,   6.,   1.,   2.,   1.,  39., 281.,   2.,   4.,   6.],
        [314.,   0.,  16.,   0.,   0.,   0.,   0.,   6.,   1.,   3.],
        [321.,   0.,  80.,   0.,   0.,   0.,   0.,   6.,   0.,   2.],
        [  6.,   2.,   5.,   0., 278.,   1.,   6.,  12.,   4.,  18.],
        [ 23.,  48.,   5.,   2.,   0.,  95.,   7.,   6., 249.,  21.],
        [  6.,   0.,   2.,   0.,   2.,   1.,   0., 297.,   0.,   8.],
        [  8.,   0.,   1.,   0., 262.,   4.,   9.,  10.,   2.,  36.],
        [  5.,   0.,   8.,   0., 224.,  32.,   5.,  20.,   7.,  12.],
        [  6.,   4.,  54.,   0.,   4.,   1.,   1.,  31.,   5., 235.],
        [  4.,   2.,   9.,   0.,   1.,   0.,   1.,  20.,   1., 240.],
        [  6.,   3.,   9.,   0.,   2.,   1.,   1.,  20.,   1., 256.],
        [  8.,   4.,   5.,   0.,   1.,   1.,   0., 272.,   2.,  47.],
        [206.,   0.,   7.,   9.,   0.,   1.,  20.,   8.,   4.,   5.],
        [  5., 271.,   9.,   2.,   0.,  32.,   5.,   7.,  25.,   5.],
        [ 19.,   1.,   0.,   2.,   0.,   2.,   1., 117.,   0., 203.],
        [  6.,   3.,  23.,   0., 263.,   1.,   4.,   7.,   7.,  11.],
        [  8.,   0.,   0.,   0.,   2.,   1.,   1., 261.,   0.,   2.],
        [  4.,   0.,   6.,   0., 272.,   0.,   5.,   4.,   0.,   3.],
        [  8.,  31.,  11.,   0.,   1., 225.,   8.,   6.,   5.,   3.],
        [  4.,  29.,   9.,  11.,   1.,  12., 262.,   6.,  17.,   3.],
        [  5.,  18.,   3.,   0.,   4.,  14.,   2.,  26.,   6., 251.],
        [ 16.,   2.,   8.,   0.,   2.,   2., 290.,   2.,   1.,  14.],
        [ 23.,   0.,   0.,  63.,   0., 166.,   0.,  93.,   1.,   2.],
        [  6.,   4.,  11.,   3.,  31.,   1., 276.,  10.,   2.,   3.],
        [  4.,   4.,   6.,   0.,   4.,   1.,   5.,  10.,   4., 246.],
        [310.,   0.,   7.,   0.,   0.,   3.,   1.,   4.,   0.,   3.],
        [  5.,  14.,   8.,   0.,   5.,  11.,   3.,  12., 101., 243.],
        [  5.,   1.,  12.,   0., 258.,   1.,   3.,   6.,   4.,  13.],
        [ 23.,   0.,  12.,   0.,   6.,   1., 282.,   7.,   0.,   7.],
        [ 60.,   0., 277.,   0.,   0.,   0.,   4.,   5.,   6.,   3.]],
       device='cuda:0')
--- spikes (finish interval) ---
tensor([[0., 0., 0., 1., 0., 0., 0., 0., 0., 0.],
        [0., 0., 0., 0., 0., 0., 0., 0., 0., 0.],
        [0., 0., 0., 0., 1., 0., 0., 0., 0., 0.],
        [0., 0., 0., 0., 0., 0., 0., 0., 0., 0.],
        [0., 0., 0., 0., 0., 0., 1., 0., 1., 0.],
        [1., 0., 0., 0., 0., 0., 0., 0., 0., 0.],
        [0., 0., 0., 0., 0., 0., 0., 1., 0., 0.],
        [0., 0., 0., 0., 0., 0., 0., 1., 0., 0.],
        [0., 0., 0., 0., 0., 0., 0., 0., 0., 0.],
        [0., 0., 0., 0., 0., 0., 0., 1., 0., 0.],
        [0., 0., 0., 0., 0., 0., 0., 0., 0., 0.],
        [0., 0., 0., 0., 0., 0., 0., 0., 0., 0.],
        [0., 0., 0., 0., 0., 0., 0., 0., 0., 0.],
        [0., 0., 0., 0., 0., 0., 0., 0., 0., 0.],
        [0., 0., 0., 0., 0., 0., 0., 0., 0., 0.],
        [0., 0., 0., 0., 0., 0., 0., 0., 0., 0.],
        [0., 0., 0., 0., 0., 0., 0., 0., 0., 0.],
        [0., 0., 0., 0., 0., 0., 0., 1., 0., 0.],
        [0., 0., 0., 0., 0., 0., 0., 0., 0., 0.],
        [0., 0., 0., 0., 0., 0., 0., 0., 0., 1.],
        [0., 0., 0., 0., 0., 0., 0., 1., 0., 0.],
        [0., 0., 0., 0., 0., 0., 0., 0., 0., 0.],
        [0., 0., 0., 0., 0., 0., 0., 0., 0., 0.],
        [0., 0., 0., 0., 0., 0., 0., 0., 0., 0.],
        [0., 0., 0., 0., 0., 0., 0., 0., 0., 0.],
        [0., 0., 0., 0., 0., 0., 0., 0., 0., 0.],
        [0., 0., 0., 0., 0., 1., 0., 0., 0., 0.],
        [0., 0., 0., 1., 0., 0., 0., 0., 0., 0.],
        [0., 0., 0., 0., 0., 0., 0., 0., 0., 0.],
        [0., 0., 0., 0., 0., 0., 0., 0., 0., 0.],
        [0., 0., 0., 0., 0., 0., 0., 0., 0., 0.],
        [0., 0., 0., 0., 0., 0., 0., 0., 0., 0.],
        [0., 0., 0., 0., 0., 0., 0., 0., 1., 0.],
        [0., 0., 0., 0., 0., 0., 0., 0., 0., 0.],
        [0., 0., 0., 0., 0., 0., 0., 0., 0., 0.],
        [1., 0., 0., 0., 0., 0., 0., 0., 0., 0.],
        [1., 0., 0., 0., 0., 0., 0., 0., 0., 0.],
        [0., 0., 0., 0., 0., 0., 0., 0., 0., 0.],
        [0., 0., 0., 0., 0., 0., 0., 0., 0., 0.],
        [0., 0., 0., 0., 0., 0., 0., 1., 0., 0.],
        [0., 0., 0., 0., 1., 0., 0., 0., 0., 0.],
        [0., 0., 0., 0., 0., 0., 0., 0., 0., 0.],
        [0., 0., 0., 0., 0., 0., 0., 0., 0., 0.],
        [0., 0., 0., 0., 0., 0., 0., 0., 0., 0.],
        [0., 0., 0., 0., 0., 0., 0., 0., 0., 1.],
        [0., 0., 0., 0., 0., 0., 0., 1., 0., 0.],
        [1., 0., 0., 0., 0., 0., 0., 0., 0., 0.],
        [0., 0., 0., 0., 0., 0., 0., 0., 0., 0.],
        [0., 0., 0., 0., 0., 0., 0., 0., 0., 0.],
        [0., 0., 0., 0., 0., 0., 0., 0., 0., 0.],
        [0., 0., 0., 0., 0., 0., 0., 0., 0., 0.],
        [0., 0., 0., 0., 0., 0., 0., 0., 0., 0.],
        [0., 0., 0., 0., 0., 1., 0., 0., 0., 0.],
        [0., 0., 0., 0., 0., 0., 0., 0., 0., 0.],
        [0., 0., 0., 0., 0., 0., 0., 0., 0., 1.],
        [0., 0., 0., 0., 0., 0., 0., 0., 0., 0.],
        [0., 0., 0., 0., 0., 0., 0., 0., 0., 0.],
        [0., 0., 0., 0., 0., 0., 0., 0., 0., 0.],
        [0., 0., 0., 0., 0., 0., 0., 0., 0., 0.],
        [0., 0., 0., 0., 0., 0., 0., 0., 0., 0.],
        [0., 0., 0., 0., 0., 0., 0., 0., 1., 0.],
        [0., 0., 0., 0., 0., 0., 0., 0., 0., 0.],
        [0., 0., 0., 0., 0., 0., 1., 0., 0., 0.],
        [0., 0., 1., 0., 0., 0., 0., 0., 0., 0.]], device='cuda:0')
Epoch 0 | Batch 700
--- spikes (training) ---
tensor([[ 16.,  14.,   4.,   3.,   2., 216.,   4.,   7.,   3.,   1.],
        [  4.,   8.,   5.,   3., 240.,  39.,   4.,  11.,   0.,  87.],
        [  9.,   5.,   1.,  10.,  13.,  12.,   5.,  15.,   1., 272.],
        [ 49.,   9.,   7.,   4.,   2.,  12.,   5.,   8., 226.,   6.],
        [ 10.,   2.,   3.,  16.,   2.,   5.,   0., 287.,   1.,  30.],
        [ 66.,  10.,   5.,   4.,   1.,   5., 287.,   2.,   5.,   2.],
        [ 12.,   2.,  19.,   0.,  16.,   2., 248.,   7.,   2.,  56.],
        [  9.,   2.,   0.,   2.,   9.,   6.,   4., 200.,   1.,  20.],
        [  6.,   3.,   6.,   3.,  18.,   7., 100.,  65.,   3.,  63.],
        [  8.,  53., 192.,  12.,   2.,   3.,   1.,   6.,  35.,   3.],
        [ 14.,  10., 234.,   2.,   2.,   4.,   6.,   5.,   6.,   9.],
        [138.,   6.,   0.,   7.,   2., 280.,   7.,   4.,   3.,   2.],
        [ 19.,   8.,   1.,  14.,   0., 113.,  67.,   4.,   2.,   1.],
        [  8.,   9.,   6.,   1.,   2.,   5., 291.,   2.,   2.,   4.],
        [ 14.,  47.,   3.,   2.,   3., 211.,   7.,   6.,   6.,   1.],
        [ 17.,   2.,   7., 269.,   1.,  38.,   0.,   7.,   5.,  26.],
        [309.,   0.,   3.,   8.,   1.,  32.,   4.,  10.,   1.,   0.],
        [294.,   0.,   8.,   0.,   0.,  14.,   5.,  13.,   3.,   2.],
        [ 12.,   4., 300.,   5.,   3.,   6.,  26.,   4.,   2.,   5.],
        [  8.,   1.,   3.,   9.,   1.,   6.,   0., 292.,   1.,  32.],
        [  7., 293.,   5.,   5.,   0.,   7.,   2.,   4.,   4.,   6.],
        [ 16.,   5.,   2., 260.,   7.,   9.,   0.,  10.,  15.,  13.],
        [  7.,  13., 300.,   8.,   1.,   2.,  15.,   3.,   5.,  12.],
        [ 14.,   3.,  10.,   0., 264.,   8.,  10.,  15.,   1.,  71.],
        [ 53.,   1.,  38.,   0., 196.,   8.,  16.,  10.,   5.,   2.],
        [  6.,   5.,   6.,   3.,   5.,   8., 271.,   2.,   3.,   5.],
        [ 15.,   3.,   0.,   0.,   8.,   8.,   0., 298.,   1.,  46.],
        [  3., 285.,   3.,   2.,   0.,   6.,   5.,   3.,   1.,   6.],
        [  6.,   4.,   4.,   1., 271.,  11.,   3.,  14.,   3., 117.],
        [ 11.,   4.,   2.,   2.,  10.,  10.,   3.,  17.,   1., 265.],
        [313.,   1.,  14.,   0.,   2.,   4.,  20.,   7.,   6.,   1.],
        [144.,   1.,   6.,   5.,   0.,  20.,  12.,  27.,   4.,  13.],
        [305.,   1.,   0.,   9.,   0.,   7.,   6.,  14.,   5.,   2.],
        [ 11.,  11.,   5.,   0., 246.,  10.,   9.,  12.,   2.,  16.],
        [ 77.,   9.,  30.,   0.,   4.,   7., 298.,   5.,   1.,  14.],
        [  2., 274.,   1.,   1.,   0.,  12.,   7.,   3.,   2.,   4.],
        [ 11.,   9.,   0.,   2.,   4.,   8.,   1., 281.,   0.,  24.],
        [  4., 292.,   5.,   6.,   3.,  10.,  17.,   7.,   5.,   8.],
        [  4., 164.,  17.,   4.,   8.,   6.,   0.,   5.,  87.,   2.],
        [ 25.,   4.,   0., 272.,   0.,  10.,   3.,  14.,   3.,   3.],
        [ 23.,   8.,   0.,   1.,   9.,  26.,   1., 292.,   0.,  20.],
        [  3.,  31.,  37., 219.,   6.,   4.,   3.,   8.,   6.,  38.],
        [  8.,   2.,   4.,   4.,  70.,   7.,   2.,  30.,   0., 288.],
        [ 42.,  12.,   7.,   0.,   4.,   9., 303.,   3.,   1.,   5.],
        [155.,  10.,   0.,   0.,   4., 283.,   6.,   8.,   6.,   2.],
        [  6.,   5.,   6.,   8.,  37.,   6.,   1.,  16.,   2., 293.],
        [  7.,   4.,   1.,   5.,   2.,   5.,   0., 251.,   2.,  53.],
        [  8.,  12.,   2.,   1., 255.,  12.,   8.,   5.,   1.,  53.],
        [ 18.,   4.,   3., 283.,   0.,   8.,   0.,  20.,   4.,   4.],
        [ 28.,   3., 274.,  22.,   0.,  46.,   1.,   7.,  83.,   1.],
        [  7.,   7.,   8., 241.,   4.,   7.,   0., 119.,  17.,  62.],
        [ 15.,  23.,   1., 234.,   0.,   8.,   1.,   6.,   7.,   7.],
        [  9.,  11.,   0.,   2.,   5.,   8.,   1., 258.,   2.,  35.],
        [  6.,   4., 124.,   5.,   3.,   1.,   2.,  89.,   2.,  32.],
        [ 57.,   1.,  14., 253.,   0.,  42.,   2.,   6.,   5.,   2.],
        [  9.,   5.,   6.,   2.,   7.,   3.,   7.,  11.,   1., 266.],
        [  2., 276.,   1.,   1.,   0.,   6.,   8.,   3.,   1.,   7.],
        [  9.,   9.,   1.,  14.,  11.,   8.,   2.,  18.,   5., 271.],
        [  7.,   2., 287.,  12.,   2.,   2.,   6.,   8.,   1.,  14.],
        [ 17.,   6.,   0., 274.,   0.,  12.,   0.,  11.,   3.,   4.],
        [  4., 284.,   2.,   2.,   0.,   9.,   4.,   3.,   2.,   6.],
        [  5., 258.,  11.,   4.,   6.,   4.,   0.,   5.,  21.,   5.],
        [  4., 278.,   5.,   2.,   0.,   4.,   0.,   2.,   4.,   3.],
        [ 13.,  12.,   9.,   8.,   4.,   9.,   1.,   6., 240.,  10.]],
       device='cuda:0')
--- spikes (finish interval) ---
tensor([[0., 0., 0., 0., 0., 0., 0., 0., 0., 0.],
        [0., 0., 0., 0., 1., 0., 0., 0., 0., 0.],
        [0., 0., 0., 0., 0., 0., 0., 0., 0., 0.],
        [0., 0., 0., 0., 0., 0., 0., 0., 0., 0.],
        [0., 0., 0., 0., 0., 0., 0., 0., 0., 0.],
        [0., 0., 0., 0., 0., 0., 1., 0., 0., 0.],
        [0., 0., 0., 0., 0., 0., 1., 0., 0., 0.],
        [0., 0., 0., 0., 0., 0., 0., 0., 0., 0.],
        [0., 0., 0., 0., 0., 0., 0., 0., 0., 0.],
        [0., 0., 0., 0., 0., 0., 0., 0., 0., 0.],
        [0., 0., 1., 0., 0., 0., 0., 0., 0., 0.],
        [0., 0., 0., 0., 0., 0., 0., 0., 0., 0.],
        [0., 0., 0., 0., 0., 0., 0., 0., 0., 0.],
        [0., 0., 0., 0., 0., 0., 1., 0., 0., 0.],
        [0., 0., 0., 0., 0., 0., 0., 0., 0., 0.],
        [0., 0., 0., 1., 0., 0., 0., 0., 0., 0.],
        [0., 0., 0., 0., 0., 0., 0., 0., 0., 0.],
        [0., 0., 0., 0., 0., 0., 0., 0., 0., 0.],
        [0., 0., 1., 0., 0., 0., 0., 0., 0., 0.],
        [0., 0., 0., 0., 0., 0., 0., 1., 0., 0.],
        [0., 1., 0., 0., 0., 0., 0., 0., 0., 0.],
        [0., 0., 0., 1., 0., 0., 0., 0., 0., 0.],
        [0., 0., 1., 0., 0., 0., 0., 0., 0., 0.],
        [0., 0., 0., 0., 1., 0., 0., 0., 0., 0.],
        [0., 0., 0., 0., 0., 0., 0., 0., 0., 0.],
        [0., 0., 0., 0., 0., 0., 0., 0., 0., 0.],
        [0., 0., 0., 0., 0., 0., 0., 0., 0., 0.],
        [0., 0., 0., 0., 0., 0., 0., 0., 0., 0.],
        [0., 0., 0., 0., 0., 0., 0., 0., 0., 1.],
        [0., 0., 0., 0., 0., 0., 0., 0., 0., 1.],
        [1., 0., 0., 0., 0., 0., 0., 0., 0., 0.],
        [0., 0., 0., 0., 0., 0., 0., 0., 0., 0.],
        [1., 0., 0., 0., 0., 0., 0., 0., 0., 0.],
        [0., 0., 0., 0., 1., 0., 0., 0., 0., 0.],
        [0., 0., 0., 0., 0., 0., 1., 0., 0., 0.],
        [0., 1., 0., 0., 0., 0., 0., 0., 0., 0.],
        [0., 0., 0., 0., 0., 0., 0., 1., 0., 0.],
        [0., 0., 0., 0., 0., 0., 0., 0., 0., 0.],
        [0., 1., 0., 0., 0., 0., 0., 0., 0., 0.],
        [0., 0., 0., 0., 0., 0., 0., 0., 0., 0.],
        [0., 0., 0., 0., 0., 0., 0., 1., 0., 0.],
        [0., 0., 0., 0., 0., 0., 0., 0., 0., 0.],
        [0., 0., 0., 0., 0., 0., 0., 0., 0., 0.],
        [0., 0., 0., 0., 0., 0., 1., 0., 0., 0.],
        [0., 0., 0., 0., 0., 1., 0., 0., 0., 0.],
        [0., 0., 0., 0., 0., 0., 0., 0., 0., 1.],
        [0., 0., 0., 0., 0., 0., 0., 1., 0., 0.],
        [0., 0., 0., 0., 0., 0., 0., 0., 0., 0.],
        [0., 0., 0., 0., 0., 0., 0., 0., 0., 0.],
        [0., 0., 1., 0., 0., 0., 0., 0., 0., 0.],
        [0., 0., 0., 1., 0., 0., 0., 0., 0., 0.],
        [0., 0., 0., 1., 0., 0., 0., 0., 0., 0.],
        [0., 0., 0., 0., 0., 0., 0., 1., 0., 0.],
        [0., 0., 0., 0., 0., 0., 0., 0., 0., 0.],
        [0., 0., 0., 0., 0., 0., 0., 0., 0., 0.],
        [0., 0., 0., 0., 0., 0., 0., 0., 0., 0.],
        [0., 0., 0., 0., 0., 0., 0., 0., 0., 0.],
        [0., 0., 0., 0., 0., 0., 0., 0., 0., 1.],
        [0., 0., 0., 0., 0., 0., 0., 0., 0., 0.],
        [0., 0., 0., 0., 0., 0., 0., 0., 0., 0.],
        [0., 1., 0., 0., 0., 0., 0., 0., 0., 0.],
        [0., 0., 0., 0., 0., 0., 0., 0., 0., 0.],
        [0., 1., 0., 0., 0., 0., 0., 0., 0., 0.],
        [0., 0., 0., 0., 0., 0., 0., 0., 1., 0.]], device='cuda:0')
Epoch 0 | Batch 800
--- spikes (training) ---
tensor([[291.,   0.,   5.,   0.,   0.,   5.,  12.,   8.,   2.,  31.],
        [120.,   0.,   6.,   9.,   1., 224.,   1.,   5.,   4.,   2.],
        [  3.,   0.,  20., 304.,   0.,   1.,   0.,  14.,   3.,   5.],
        [  3.,   2.,  10.,  12.,   8.,   1.,   7.,   7., 169.,   5.],
        [  0.,   2.,   3.,   8.,  33.,   2.,   3.,   5.,  24., 271.],
        [  0.,   2.,   1.,   2.,  55.,  59.,   3., 270.,   3.,   6.],
        [  8.,   5.,   8.,  44.,   3.,  12.,   3.,   4., 175.,   3.],
        [319.,   0.,   0.,   0.,   0.,  33.,   4.,   3.,   1.,   2.],
        [ 13.,   1.,   9.,   3., 121., 121.,   6.,   4.,   8.,   6.],
        [  8.,   6.,   9., 298.,   1.,   4.,   2.,   2.,  12.,   2.],
        [ 13.,   1.,   3.,  23.,   1., 249.,  12.,  10.,   6.,   4.],
        [  0.,  20.,  13.,  89.,  17.,   0.,   6., 242.,   8.,  13.],
        [  2.,   5.,   6.,   8.,   3.,   1.,   2., 160.,  14.,  17.],
        [293.,   0.,   2.,  15.,   1.,  12.,   7.,  16.,   6.,   2.],
        [  0.,   3.,   4.,   5., 258.,   0.,   4.,   5.,   5.,  66.],
        [  0.,   1.,   3.,   4., 263.,   0.,   5.,   7.,   9.,  53.],
        [ 12.,   1.,   0.,  32.,   6., 227.,   3.,   4.,  10.,   1.],
        [  0.,   6., 268.,   8.,   2.,   0.,  85.,   4.,   6.,   4.],
        [  7.,   0.,  25.,   0.,   1.,   5., 296.,   3.,   5.,   9.],
        [  3.,   2.,   9.,   0.,   3.,   1., 286.,   1.,   5.,   3.],
        [  1.,   9.,  10.,   4.,   0.,   2., 286.,   4.,  14.,   1.],
        [ 17.,   2.,   1.,   7.,  10., 256.,   3.,   2.,  21.,   2.],
        [  3.,  51.,   8.,  11.,   8.,   5.,   4.,   9., 258.,   3.],
        [  0.,   3.,   6.,  15.,  36.,   0.,   3.,   9.,   9., 255.],
        [  0.,  11.,   4.,  57.,  10.,   0.,   3., 290.,  10.,  13.],
        [  0.,   7.,   3.,   8.,   4.,   0.,   4., 281.,   5.,   9.],
        [252.,   0.,   5.,   8.,   2.,   3.,  25.,  12.,  12.,   1.],
        [ 47.,   1.,  13., 288.,   0.,   1.,   2.,   9.,   7.,   4.],
        [  0.,   0.,   8.,  15.,  36.,   0.,   3.,  13.,   4., 262.],
        [299.,   0.,   6.,   3.,   1.,   1., 151.,  77.,   3.,   4.],
        [  2.,   1., 160.,  17.,   0.,   0.,  53.,   1.,   5.,   3.],
        [  1.,   4., 273.,  15.,   0.,   0.,  71.,   2.,   4.,   1.],
        [  5.,   4.,   2.,   5.,   3.,  16., 279.,   2.,  18.,   2.],
        [  4.,   3.,   5.,   1.,   1.,   0., 290.,   4.,   5.,   2.],
        [  0.,   0.,   1.,  30., 265.,   1.,   5.,   3.,   3., 226.],
        [  0., 250.,   0.,   1.,   2.,   0.,  11.,   2.,  57.,   3.],
        [  1.,  71.,   5.,  49.,   5.,   7.,  10.,  11., 117.,   5.],
        [ 57.,   0.,   3.,  27.,   3., 184.,   3.,  14.,   8.,   1.],
        [  5.,   0.,   6., 310.,   1.,   2.,   1.,   2.,   5.,   2.],
        [  1.,  25.,   3.,   2.,   0.,   1., 267.,   2.,  18.,   2.],
        [  0., 268.,   1.,   4.,   3.,   0.,  10.,   3.,  19.,   6.],
        [  2.,   4.,   6.,   1.,  34.,   5., 105.,   3.,  74.,  15.],
        [  0.,   1.,   1.,   3.,  20.,  46.,   3., 306.,   5.,  15.],
        [ 29.,   0.,  11., 299.,   1.,   3.,   0.,  12.,   7.,   3.],
        [  9.,  21.,   5., 283.,   1.,   5.,   1.,   6.,  14.,   5.],
        [  2.,   1., 251.,   2.,   0.,   0.,   5.,   3.,   7.,   1.],
        [  6.,   1.,   1.,   0.,  26.,   7.,   3., 290.,  33.,  13.],
        [  0.,   3.,   2.,  22.,   6.,  24., 231.,   3.,  99.,   3.],
        [  0.,  20.,   1.,   4., 218.,   2.,  67.,   2.,  26.,  16.],
        [ 30.,   0.,   1.,  36.,   8., 232.,   3.,   2.,  60.,   3.],
        [  0.,   7.,   2.,   6., 251.,   1.,   6.,  13.,   7.,  37.],
        [310.,   0.,   7.,   0.,   0.,   9.,   3.,   7.,   1.,   8.],
        [  1.,  26.,   4.,   4.,  15.,  77.,   5.,  26., 250.,   3.],
        [  3.,  64.,  26.,  11.,   9.,   1.,   3.,   8., 260.,   2.],
        [ 61.,   0.,  12.,   4., 109.,  65.,   7.,  10.,   3.,   8.],
        [  0.,   5.,   3.,   7.,  21.,   1.,   3.,  41.,   8., 220.],
        [ 16.,   1.,   1.,  55.,   0., 257.,   4.,   2.,  35.,   2.],
        [  0., 218.,   2.,   5.,   2.,   0.,   2.,   2.,  26.,   2.],
        [311.,   0.,   1.,   8.,   4.,  13.,   2.,  11.,   3.,   2.],
        [  2.,   1.,   4.,   2.,  36.,   2.,  10.,   4.,  35., 192.],
        [ 14.,   0.,   5., 132.,   4.,  29.,   0.,   2.,   3.,  85.],
        [  0., 251.,   2.,   7.,   3.,   0.,   4.,   3.,  15.,   4.],
        [  4.,   1.,   2.,  10.,   1.,  33.,  19., 278.,   5.,   2.],
        [  0., 252.,   4.,   6.,   1.,   1.,   7.,   2.,  17.,   3.]],
       device='cuda:0')
--- spikes (finish interval) ---
tensor([[1., 0., 0., 0., 0., 0., 0., 0., 0., 0.],
        [0., 0., 0., 0., 0., 0., 0., 0., 0., 0.],
        [0., 0., 0., 1., 0., 0., 0., 0., 0., 0.],
        [0., 0., 0., 0., 0., 0., 0., 0., 1., 0.],
        [0., 0., 0., 0., 0., 0., 0., 0., 0., 0.],
        [0., 0., 0., 0., 1., 0., 0., 0., 0., 0.],
        [0., 0., 0., 0., 0., 0., 0., 0., 0., 0.],
        [1., 0., 0., 0., 0., 0., 0., 0., 0., 0.],
        [0., 0., 0., 0., 0., 0., 0., 0., 0., 0.],
        [0., 0., 0., 1., 0., 0., 0., 0., 0., 0.],
        [0., 0., 0., 0., 0., 0., 0., 0., 0., 0.],
        [0., 0., 0., 0., 0., 0., 0., 1., 0., 0.],
        [0., 0., 0., 0., 0., 0., 0., 0., 0., 0.],
        [1., 0., 0., 0., 0., 0., 0., 0., 0., 0.],
        [0., 0., 0., 0., 1., 0., 0., 0., 0., 0.],
        [0., 0., 0., 0., 0., 0., 0., 0., 0., 0.],
        [0., 0., 0., 0., 0., 0., 0., 0., 0., 0.],
        [0., 0., 1., 0., 0., 0., 0., 0., 0., 0.],
        [0., 0., 0., 0., 0., 0., 1., 0., 0., 0.],
        [0., 0., 0., 0., 0., 0., 0., 0., 0., 0.],
        [0., 0., 0., 0., 0., 0., 1., 0., 0., 0.],
        [0., 0., 0., 0., 0., 1., 0., 0., 0., 0.],
        [0., 0., 0., 0., 0., 0., 0., 0., 0., 0.],
        [0., 0., 0., 0., 0., 0., 0., 0., 0., 1.],
        [0., 0., 0., 0., 0., 0., 0., 0., 0., 0.],
        [0., 0., 0., 0., 0., 0., 0., 1., 0., 0.],
        [1., 0., 0., 0., 0., 0., 0., 0., 0., 0.],
        [0., 0., 0., 0., 0., 0., 0., 0., 0., 0.],
        [0., 0., 0., 0., 0., 0., 0., 0., 0., 0.],
        [1., 0., 0., 0., 0., 0., 0., 0., 0., 0.],
        [0., 0., 0., 0., 0., 0., 0., 0., 0., 0.],
        [0., 0., 1., 0., 0., 0., 0., 0., 0., 0.],
        [0., 0., 0., 0., 0., 0., 0., 0., 0., 0.],
        [0., 0., 0., 0., 0., 0., 1., 0., 0., 0.],
        [0., 0., 0., 0., 1., 0., 0., 0., 0., 0.],
        [0., 1., 0., 0., 0., 0., 0., 0., 1., 0.],
        [0., 0., 0., 0., 0., 0., 0., 0., 0., 0.],
        [0., 0., 0., 0., 0., 0., 0., 0., 0., 0.],
        [0., 0., 0., 1., 0., 0., 0., 0., 0., 0.],
        [0., 0., 0., 0., 0., 0., 0., 0., 0., 0.],
        [0., 0., 0., 0., 0., 0., 0., 0., 0., 0.],
        [0., 0., 0., 0., 0., 0., 0., 0., 0., 0.],
        [0., 0., 0., 0., 0., 1., 0., 1., 0., 0.],
        [0., 0., 0., 0., 0., 0., 0., 0., 0., 0.],
        [0., 0., 0., 1., 0., 0., 0., 0., 0., 0.],
        [0., 0., 0., 0., 0., 0., 0., 0., 0., 0.],
        [0., 0., 0., 0., 0., 0., 0., 0., 0., 0.],
        [0., 0., 0., 0., 0., 0., 0., 0., 1., 0.],
        [0., 0., 0., 0., 0., 0., 0., 0., 0., 0.],
        [0., 0., 0., 0., 0., 1., 0., 0., 0., 0.],
        [0., 0., 0., 0., 0., 0., 0., 0., 0., 0.],
        [1., 0., 0., 0., 0., 0., 0., 0., 0., 0.],
        [0., 0., 0., 0., 0., 0., 0., 0., 1., 0.],
        [0., 0., 0., 0., 0., 0., 0., 0., 0., 0.],
        [0., 0., 0., 0., 0., 0., 0., 0., 0., 0.],
        [0., 0., 0., 0., 0., 0., 0., 0., 0., 1.],
        [0., 0., 0., 0., 0., 1., 0., 0., 0., 0.],
        [0., 1., 0., 0., 0., 0., 0., 0., 0., 0.],
        [1., 0., 0., 0., 0., 0., 0., 0., 0., 0.],
        [0., 0., 0., 0., 0., 0., 0., 0., 0., 0.],
        [0., 0., 0., 0., 0., 0., 0., 0., 0., 0.],
        [0., 0., 0., 0., 0., 0., 0., 0., 0., 0.],
        [0., 0., 0., 0., 0., 0., 0., 1., 0., 0.],
        [0., 0., 0., 0., 0., 0., 0., 0., 0., 0.]], device='cuda:0')
Epoch 0 | Batch 900
--- spikes (training) ---
tensor([[  0.,   5.,   2.,   2., 300.,   7.,   3.,   1.,   0.,  49.],
        [  2.,   7.,   4.,   4.,   4.,   3.,   0., 125.,   3.,   2.],
        [  2.,   8.,   5.,   0.,  52.,   5., 265.,   2.,   0.,   1.],
        [  0.,   4., 300.,  24.,  49.,   0.,   3.,   6.,   4.,   0.],
        [  5.,   5.,   0.,   6.,   8.,   7.,   0., 274.,  60.,  13.],
        [  0.,   7.,   0.,  24.,  17.,  81.,   1.,   5.,   1., 226.],
        [277.,   2.,   6.,  59.,   0.,   9.,  11.,   5.,   0.,   0.],
        [301.,   1.,   1.,   5.,   3.,   8.,  34.,   5.,   0.,   0.],
        [ 31.,   3.,   7.,   0.,  18.,   1., 281.,   4.,   0.,   3.],
        [303.,   0.,   0.,  34.,   0.,   8.,   0.,   7.,   0.,   1.],
        [  0., 234.,   0.,   3.,   1.,  21.,  10.,   1.,   0.,   0.],
        [ 13.,   6.,   0.,   5.,   4., 236.,   1.,  93.,   2.,   4.],
        [  8.,  15.,  71., 284.,   3.,  13.,   0.,   1.,  17.,   0.],
        [ 14.,   7.,   0.,  24.,   5., 278.,   0.,   7.,   7.,   5.],
        [  0.,   1.,   0., 241.,   0.,  15.,   0.,   0.,   1.,   0.],
        [  2.,  24.,   3.,   6.,   4.,   6.,   5., 147.,   2.,  24.],
        [  7.,  37.,   0.,  23.,   3., 133., 174.,   2.,  73.,   0.],
        [ 14.,   3.,   0.,  19.,   2., 244.,   6.,   0.,  49.,   0.],
        [  0., 275.,  26.,  10.,   1.,   7.,   0.,   3.,  87.,   0.],
        [  5.,  11.,   1., 291.,   1.,  28.,   0.,   0.,   7.,   0.],
        [  0.,   2.,   0.,  30., 161.,   8.,   1.,   1.,   1.,  86.],
        [  4.,   6.,   0.,   9.,  10.,  44.,   1.,   1., 272.,   0.],
        [  8.,   3.,   0.,  10.,  15., 267.,   2.,   6.,   2.,  33.],
        [  3.,   9.,   0.,   8.,   4.,  22.,   3., 255.,   0.,   6.],
        [  1.,  33.,   0.,  50.,   2.,   9.,   0.,  17.,  25., 193.],
        [  0., 266.,   0.,   4.,   1.,  30.,  13.,   2.,   3.,   0.],
        [ 12.,   5.,   0.,  13.,   0., 173.,  22.,   0.,   0.,   1.],
        [  0., 241.,   0.,   3.,   0.,  15.,   5.,   3.,   1.,   0.],
        [ 19.,   6.,   6.,   0.,   4.,   9., 301.,   2.,   0.,   0.],
        [  1., 278.,   0.,  13.,   1.,  10.,   8.,  12.,   2.,   0.],
        [ 13.,   1.,   0.,  25.,   7., 292.,   0.,   0.,   2.,  37.],
        [  2.,   6.,   9.,  16.,  11.,   1.,   0., 277.,   4.,   4.],
        [  4.,  51., 253.,   4.,   3.,   6.,  10.,   3., 115.,   0.],
        [312.,   0.,   0.,   7.,   0.,   8.,   0.,   3.,   0.,   0.],
        [  6.,   4.,   0.,   4.,   9.,   4.,   0., 291.,   0.,  10.],
        [  2.,  30.,   5.,  11.,   5., 190.,   7.,   1.,  21.,   0.],
        [  0.,   6.,   0.,   4., 229.,  29.,   3.,   4.,   3.,   1.],
        [307.,   1.,   0.,   7.,   0.,  11.,   0.,   3.,   0.,   0.],
        [  5.,  64.,  14.,  17.,   2.,   8.,   6.,   2., 258.,   0.],
        [  0.,  23.,   0.,   7.,   8.,  43.,   3.,  13.,   1., 179.],
        [ 57.,   2., 245.,   8.,   3.,   0.,  21.,  33.,   0.,   0.],
        [  0.,   4.,   2.,   2., 277.,  11.,   5.,  12.,   1.,  61.],
        [  0.,   7.,   0.,  16., 263.,  43.,   2.,   2.,   1.,  56.],
        [  2.,   8.,   0.,  12.,  14.,  66.,  12.,  15., 193.,   1.],
        [  4.,   3.,   0., 295.,   3.,  33.,   0.,   0.,  42.,   2.],
        [  0., 282.,   3.,  11.,   3.,  10.,   1.,   4.,  69.,   0.],
        [ 21.,   5.,   1.,   0.,  10.,  18., 276.,   0.,   0.,   0.],
        [  4.,   2.,   1., 251.,   2.,  14.,   0.,  10.,   5.,   2.],
        [ 72.,   1.,   4.,  13.,   0., 151.,   0.,   2.,   2.,   0.],
        [302.,   0.,   1.,   2.,   7.,   4.,   2.,   5.,   0.,   0.],
        [261.,   0.,   0.,   2.,   2.,   5.,   4.,  20.,   0.,   0.],
        [311.,   0.,   0.,   2.,   0.,   7.,   0.,  13.,   0.,   1.],
        [  4.,   4.,   0.,   6.,   2., 238.,   2.,   0.,   2.,   0.],
        [  2.,   6.,   0.,   3.,  36.,  10.,   0.,  23.,   0., 270.],
        [132.,   0.,   0.,   3.,   3.,   4.,  52.,  12.,   0.,   2.],
        [  0.,   9.,   0.,  14.,  10., 137.,   2.,   4.,   3., 205.],
        [310.,   0.,   0.,  26.,   0.,  10.,   0.,   2.,   0.,   0.],
        [ 15.,  14.,   2.,   8.,   3., 147.,   5.,   8.,   7.,   0.],
        [ 24.,   2.,   0.,  24.,   0., 221.,   1.,   1.,   0.,   0.],
        [ 12.,   3.,   5., 280.,   0.,  11.,   0.,   1.,   0.,   0.],
        [  0.,   2.,   0., 256.,   2.,  91.,   0.,   0.,   5.,   1.],
        [  2.,   7.,   2.,   4.,   1.,  28., 276.,   0.,   4.,   0.],
        [  4.,   5.,   2.,   6.,   3.,  40., 291.,   0.,   0.,   0.],
        [295.,   1.,   2.,   6.,   4.,   4.,  21.,   9.,   0.,   0.]],
       device='cuda:0')
--- spikes (finish interval) ---
tensor([[0., 0., 0., 0., 1., 0., 0., 0., 0., 0.],
        [0., 0., 0., 0., 0., 0., 0., 1., 0., 0.],
        [0., 0., 0., 0., 0., 0., 1., 0., 0., 0.],
        [0., 0., 0., 0., 0., 0., 0., 0., 0., 0.],
        [0., 0., 0., 0., 0., 0., 0., 1., 0., 0.],
        [0., 0., 0., 0., 0., 0., 0., 0., 0., 0.],
        [0., 0., 0., 0., 0., 0., 0., 0., 0., 0.],
        [1., 0., 0., 0., 0., 0., 0., 0., 0., 0.],
        [0., 0., 0., 0., 0., 0., 0., 0., 0., 0.],
        [0., 0., 0., 0., 0., 0., 0., 0., 0., 0.],
        [0., 1., 0., 0., 0., 0., 0., 0., 0., 0.],
        [0., 0., 0., 0., 0., 1., 0., 0., 0., 0.],
        [0., 0., 0., 1., 0., 0., 0., 0., 0., 0.],
        [0., 0., 0., 0., 0., 0., 0., 0., 0., 0.],
        [0., 0., 0., 0., 0., 0., 0., 0., 0., 0.],
        [0., 0., 0., 0., 0., 0., 0., 0., 0., 0.],
        [0., 0., 0., 0., 0., 0., 0., 0., 0., 0.],
        [0., 0., 0., 0., 0., 1., 0., 0., 0., 0.],
        [0., 1., 0., 0., 0., 0., 0., 0., 0., 0.],
        [0., 0., 0., 1., 0., 0., 0., 0., 0., 0.],
        [0., 0., 0., 0., 1., 0., 0., 0., 0., 0.],
        [0., 0., 0., 0., 0., 0., 0., 0., 1., 0.],
        [0., 0., 0., 0., 0., 0., 0., 0., 0., 0.],
        [0., 0., 0., 0., 0., 0., 0., 1., 0., 0.],
        [0., 0., 0., 1., 0., 0., 0., 0., 0., 1.],
        [0., 1., 0., 0., 0., 0., 0., 0., 0., 0.],
        [0., 0., 0., 0., 0., 1., 0., 0., 0., 0.],
        [0., 0., 0., 0., 0., 0., 0., 0., 0., 0.],
        [0., 0., 0., 0., 0., 0., 0., 0., 0., 0.],
        [0., 1., 0., 0., 0., 0., 0., 0., 0., 0.],
        [0., 0., 0., 0., 0., 1., 0., 0., 0., 0.],
        [0., 0., 0., 0., 0., 0., 0., 1., 0., 0.],
        [0., 0., 1., 0., 0., 0., 0., 0., 0., 0.],
        [0., 0., 0., 0., 0., 0., 0., 0., 0., 0.],
        [0., 0., 0., 0., 0., 0., 0., 0., 0., 0.],
        [0., 0., 0., 0., 0., 0., 0., 0., 0., 0.],
        [0., 0., 0., 0., 0., 0., 0., 0., 0., 0.],
        [1., 0., 0., 0., 0., 0., 0., 0., 0., 0.],
        [0., 0., 0., 0., 0., 0., 0., 0., 0., 0.],
        [0., 0., 0., 0., 0., 0., 0., 0., 0., 1.],
        [0., 0., 0., 0., 0., 0., 0., 0., 0., 0.],
        [0., 0., 0., 0., 0., 0., 0., 0., 0., 0.],
        [0., 0., 0., 0., 0., 0., 0., 0., 0., 0.],
        [0., 0., 0., 0., 0., 0., 0., 0., 0., 0.],
        [0., 0., 0., 0., 0., 0., 0., 0., 0., 0.],
        [0., 0., 0., 0., 0., 0., 0., 0., 0., 0.],
        [0., 0., 0., 0., 0., 0., 0., 0., 0., 0.],
        [0., 0., 0., 1., 0., 0., 0., 0., 0., 0.],
        [0., 0., 0., 0., 0., 1., 0., 0., 0., 0.],
        [1., 0., 0., 0., 0., 0., 0., 0., 0., 0.],
        [0., 0., 0., 0., 0., 0., 0., 0., 0., 0.],
        [0., 0., 0., 0., 0., 0., 0., 0., 0., 0.],
        [0., 0., 0., 0., 0., 0., 0., 0., 0., 0.],
        [0., 0., 0., 0., 0., 0., 0., 0., 0., 0.],
        [0., 0., 0., 0., 0., 0., 0., 0., 0., 0.],
        [0., 0., 0., 0., 0., 0., 0., 0., 0., 0.],
        [0., 0., 0., 0., 0., 0., 0., 0., 0., 0.],
        [0., 0., 0., 0., 0., 0., 0., 0., 0., 0.],
        [0., 0., 0., 0., 0., 0., 0., 0., 0., 0.],
        [0., 0., 0., 0., 0., 0., 0., 0., 0., 0.],
        [0., 0., 0., 0., 0., 0., 0., 0., 0., 0.],
        [0., 0., 0., 0., 0., 0., 0., 0., 0., 0.],
        [0., 0., 0., 0., 0., 0., 0., 0., 0., 0.],
        [0., 0., 0., 0., 0., 0., 0., 0., 0., 0.]], device='cuda:0')
Switching label layer to Inference Mode (LIF)...
Epoch 0 DONE | Test Acc: 78.41% | Time: 1077.3s
Switching label layer back to Training Mode (Clamp)...
Epoch 1 | Batch 0
--- spikes (training) ---
tensor([[  3.,   0.,   1.,  53.,   1., 262.,  20.,   0.,   1.,   0.],
        [  7.,   0.,   1.,   1.,   2., 265.,   2.,   0.,   3.,   1.],
        [  0.,   0.,   8.,   0.,   5.,   5., 285.,   0.,   1.,   0.],
        [  0., 289.,   4.,   8.,   0.,   1.,   2.,   3.,   0.,  62.],
        [  6.,   0.,  17., 282.,   3.,  94.,   2.,   0.,   1.,   0.],
        [  0.,   0.,   8.,   0., 291.,   5.,   3.,   8.,  77.,   5.],
        [  3.,   0.,   2.,  24.,  17., 189.,   9.,   3., 183.,  55.],
        [  0., 289.,   7.,   5.,   1.,   1.,   3.,   0.,   2.,   0.],
        [  0.,   3.,   3.,   0.,  26.,   4.,   3.,  11.,  14., 255.],
        [  0.,   0.,   2.,   0., 302.,   5.,   6.,   9.,   4.,  12.],
        [ 16.,   0.,   1.,   1.,   1., 272.,   1.,   0.,   4.,  62.],
        [  0.,   2.,   2.,   0.,  23.,   4.,   1.,  39.,   1., 275.],
        [  4.,   2., 237.,   0.,   1.,   1.,   5.,   3.,   3.,   0.],
        [161.,   0.,  12.,   7.,   0.,  16.,  33.,   6.,  27.,   1.],
        [  1.,   0.,   3., 268.,  11.,  25.,   1.,  21.,   8.,  48.],
        [  2.,   0.,   3., 272.,   2.,  28.,   0.,   6.,  19.,  22.],
        [ 12.,   4.,   5.,   1.,   2., 245.,   2.,   3.,   1.,   0.],
        [303.,   0.,   3.,   0.,   0.,  40.,   7.,   7.,   0.,   0.],
        [  2.,   1.,   1.,   0.,  18.,  73.,   1.,  37.,   7., 266.],
        [  8.,  15.,   1.,   0.,   3., 243.,   2.,   4.,   8.,  10.],
        [  0.,   1.,   2.,   0.,  38.,   8.,   1.,  33.,   0., 244.],
        [  0.,   1.,   4.,   0.,  26.,   1.,   3.,  16.,   5., 208.],
        [  0.,   0.,   9.,   1.,   5.,   9., 291.,   0.,   4.,   1.],
        [  0.,   0.,   1.,   0.,   2.,   2.,   0., 264.,   3.,   9.],
        [  0.,   0.,   7.,   0.,  90.,   2.,   8.,  31.,   0., 251.],
        [  0., 287.,  10.,   7.,   2.,   0.,   2.,   2.,   1.,   3.],
        [  0., 275.,   1.,   3.,   0.,   0.,   1.,   0.,   0.,   1.],
        [  4.,   0.,  11., 280.,   0., 119.,   2.,   3.,   3.,   0.],
        [  0.,   6.,   2.,  47.,   1.,   0.,   0., 209.,   2.,   3.],
        [  2.,   1.,   9., 271.,   0.,  24.,   5.,   1.,   1.,   0.],
        [ 23.,   0., 253.,  23.,  25.,  10.,  29.,   4.,   0.,   2.],
        [  0.,   0.,  17.,   1.,  56.,   3.,  11.,  18.,   0., 230.],
        [  0.,   0., 271.,   4.,  33.,   2.,  18.,   0.,   1.,   9.],
        [  0.,  18.,   5.,  12.,   3.,   3.,   1., 212.,   1.,  24.],
        [  4.,   1.,   2.,   1.,   2., 273.,   8.,   0.,   0.,   1.],
        [ 14.,   1.,  27.,   0.,   1.,   6.,   1.,  11., 233.,   0.],
        [273.,   0.,   6.,   0.,   0.,  18.,  13.,   7.,   0.,   0.],
        [290.,   0.,   1.,   0.,   0.,  82.,  13.,   5.,   0.,   0.],
        [  1.,   0.,   8.,   0.,   5.,   2., 259.,   1.,   0.,   1.],
        [ 12.,   2.,   5.,   1.,   0.,   8.,   5.,   3., 258.,  63.],
        [  2.,   0., 280.,   4.,   3.,   1.,   0.,   1.,  58.,   0.],
        [  1.,   2.,   5.,   1.,  39.,  26.,  33.,   6.,  54., 228.],
        [  9.,   0., 225.,  30.,   0.,   5.,   2.,  12.,   2.,   0.],
        [  6.,   1.,  12.,   9.,   2.,  46., 268.,   0.,   1.,   0.],
        [  0.,   0.,   8.,   7., 241.,   1.,  18.,   5.,   1.,  17.],
        [  1.,   0.,   3.,   0.,  24.,   2.,   2.,  23.,   5., 260.],
        [  1.,   0.,   4.,   7.,  10.,  16., 295.,   0.,   0.,   0.],
        [  0.,   0.,   1.,   0.,  11.,   1.,   1., 247.,   2.,  21.],
        [  3.,   0., 296.,   2.,   3.,   1.,  19.,   1.,   2.,   0.],
        [  0.,   0.,   1.,   0., 278.,   4.,   6.,   9.,  36.,  16.],
        [  0.,   0.,   1.,   3.,   5.,   1.,   0., 261.,   3.,  14.],
        [304.,   0.,   5.,   0.,   1.,  20.,  14.,  10.,   0.,   0.],
        [  0.,   1.,   5.,   0.,  20.,   6.,   1.,  11.,   2., 268.],
        [  0.,   9., 235.,  83.,  10.,   6.,  21.,   2.,   0.,   0.],
        [  0., 294.,   9.,   6.,   1.,   1.,   5.,   0.,   2.,   0.],
        [306.,   0.,   3.,   0.,   0.,  21.,   8.,  21.,   0.,   0.],
        [  0., 292.,   3.,   9.,   0.,   0.,   5.,   1.,   0.,   3.],
        [  0.,   0.,   8.,  10., 294.,   3.,   8.,   4.,   0.,  17.],
        [  0., 281.,   2.,   3.,   0.,   1.,   2.,   0.,   1.,   0.],
        [  4.,  41.,  29.,   2.,   2.,   5.,   2.,   3., 229.,   2.],
        [  2.,   0.,   9.,   1.,  12.,   0.,   4.,  77.,  11.,  63.],
        [273.,   0.,   7.,   0.,   1.,   5.,   2.,   6.,  47.,   0.],
        [  0.,   1.,   3., 271.,   2.,  25.,   3.,   2.,   0.,   5.],
        [  0.,   5.,   4.,   0., 279.,   4.,   4.,   0.,  23.,   0.]],
       device='cuda:0')
--- spikes (finish interval) ---
tensor([[0., 0., 0., 0., 0., 1., 0., 0., 0., 0.],
        [0., 0., 0., 0., 0., 1., 0., 0., 0., 0.],
        [0., 0., 0., 0., 0., 0., 1., 0., 0., 0.],
        [0., 1., 0., 0., 0., 0., 0., 0., 0., 0.],
        [0., 0., 0., 0., 0., 0., 0., 0., 0., 0.],
        [0., 0., 0., 0., 1., 0., 0., 0., 0., 0.],
        [0., 0., 0., 0., 0., 0., 0., 0., 1., 0.],
        [0., 1., 0., 0., 0., 0., 0., 0., 0., 0.],
        [0., 0., 0., 0., 0., 0., 0., 0., 0., 0.],
        [0., 0., 0., 0., 1., 0., 0., 0., 0., 0.],
        [0., 0., 0., 0., 0., 1., 0., 0., 0., 0.],
        [0., 0., 0., 0., 0., 0., 0., 0., 0., 1.],
        [0., 0., 0., 0., 0., 0., 0., 0., 0., 0.],
        [0., 0., 0., 0., 0., 0., 0., 0., 0., 0.],
        [0., 0., 0., 0., 0., 0., 0., 0., 0., 0.],
        [0., 0., 0., 1., 0., 0., 0., 0., 0., 0.],
        [0., 0., 0., 0., 0., 0., 0., 0., 0., 0.],
        [1., 0., 0., 0., 0., 0., 0., 0., 0., 0.],
        [0., 0., 0., 0., 0., 0., 0., 0., 0., 0.],
        [0., 0., 0., 0., 0., 0., 0., 0., 0., 0.],
        [0., 0., 0., 0., 0., 0., 0., 0., 0., 1.],
        [0., 0., 0., 0., 0., 0., 0., 0., 0., 0.],
        [0., 0., 0., 0., 0., 0., 1., 0., 0., 0.],
        [0., 0., 0., 0., 0., 0., 0., 1., 0., 0.],
        [0., 0., 0., 0., 0., 0., 0., 0., 0., 1.],
        [0., 0., 0., 0., 0., 0., 0., 0., 0., 0.],
        [0., 0., 0., 0., 0., 0., 0., 0., 0., 0.],
        [0., 0., 0., 0., 0., 0., 0., 0., 0., 0.],
        [0., 0., 0., 1., 0., 0., 0., 0., 0., 0.],
        [0., 0., 0., 0., 0., 0., 0., 0., 0., 0.],
        [0., 0., 1., 0., 0., 0., 0., 0., 0., 0.],
        [0., 0., 0., 0., 0., 0., 0., 0., 0., 1.],
        [0., 0., 1., 0., 0., 0., 0., 0., 0., 0.],
        [0., 0., 0., 0., 0., 0., 0., 0., 0., 0.],
        [0., 0., 0., 0., 0., 1., 0., 0., 0., 0.],
        [0., 0., 0., 0., 0., 0., 0., 0., 1., 0.],
        [1., 0., 0., 0., 0., 0., 0., 0., 0., 0.],
        [1., 0., 0., 0., 0., 0., 0., 0., 0., 0.],
        [0., 0., 0., 0., 0., 0., 1., 0., 0., 0.],
        [0., 0., 0., 0., 0., 0., 0., 0., 1., 1.],
        [0., 0., 0., 0., 0., 0., 0., 0., 0., 0.],
        [0., 0., 0., 0., 0., 0., 0., 0., 0., 1.],
        [0., 0., 1., 0., 0., 0., 0., 0., 0., 0.],
        [0., 0., 0., 0., 0., 0., 0., 0., 0., 0.],
        [0., 0., 0., 0., 0., 0., 0., 0., 0., 0.],
        [0., 0., 0., 0., 0., 0., 0., 0., 0., 0.],
        [0., 0., 0., 0., 0., 0., 1., 0., 0., 0.],
        [0., 0., 0., 0., 0., 0., 0., 1., 0., 0.],
        [0., 0., 0., 0., 0., 0., 0., 0., 0., 0.],
        [0., 0., 0., 0., 0., 0., 0., 0., 1., 0.],
        [0., 0., 0., 0., 0., 0., 0., 0., 0., 0.],
        [0., 0., 0., 0., 0., 0., 0., 0., 0., 0.],
        [0., 0., 0., 0., 0., 0., 0., 0., 0., 1.],
        [0., 0., 0., 0., 0., 0., 0., 0., 0., 0.],
        [0., 1., 0., 0., 0., 0., 0., 0., 0., 0.],
        [0., 0., 0., 0., 0., 0., 0., 0., 0., 0.],
        [0., 1., 0., 0., 0., 0., 0., 0., 0., 0.],
        [0., 0., 0., 0., 1., 0., 0., 0., 0., 0.],
        [0., 0., 0., 0., 0., 0., 0., 0., 0., 0.],
        [0., 0., 0., 0., 0., 0., 0., 0., 0., 0.],
        [0., 0., 0., 0., 0., 0., 0., 0., 0., 0.],
        [1., 0., 0., 0., 0., 0., 0., 0., 0., 0.],
        [0., 0., 0., 0., 0., 0., 0., 0., 0., 0.],
        [0., 0., 0., 0., 0., 0., 0., 0., 0., 0.]], device='cuda:0')
Epoch 1 | Batch 100
--- spikes (training) ---
tensor([[  1.,   5.,   0.,  12.,  60.,   3.,   2.,   8.,   3., 275.],
        [  0., 254.,   1.,   4.,   2.,   3.,   0.,   1.,  90.,   3.],
        [ 18.,   2.,   0.,   2.,  16., 283.,  83.,   2.,  11.,   3.],
        [ 51.,  18.,   2.,  15.,   5.,   3.,   5.,   8., 275.,   9.],
        [  3., 289.,   1.,  10.,   3.,   4.,   3.,   3.,   7.,   4.],
        [  0.,   4.,   0.,  19., 269.,   4.,   7.,  28.,   3.,  22.],
        [  1.,   3.,   0.,   6., 286.,   4.,   2.,  32.,   4.,  38.],
        [  1., 270.,   0.,  13.,   1.,   1.,   0.,   2.,   2.,   3.],
        [  1., 298.,   2.,   9.,   2.,   4.,   1.,   4.,   8.,   5.],
        [  4.,   5.,   0.,  14.,  11.,  11., 301.,   4.,   6.,   7.],
        [  6.,   3.,  12.,  36.,  10.,  28.,   1.,   7., 270.,   4.],
        [  0.,   4.,   3.,   8.,  55.,   2.,  10., 164.,   2.,   9.],
        [  7.,  20.,   0.,  69.,  12.,   5.,  18.,  34.,  88., 107.],
        [  6.,   6.,   1.,   6., 276.,   1.,  20.,  21.,   5.,  22.],
        [  0., 293.,   5.,   8.,   2.,   3.,   0.,   7.,  30.,   7.],
        [ 12.,   3.,   1.,   4.,  14., 253.,  15.,   1.,  13.,  66.],
        [  9.,   5.,   5.,  10.,  11.,   0., 259.,  12.,   1.,   4.],
        [  0.,   3.,   0.,   5.,  16.,   3.,   4.,   2.,   2., 242.],
        [  1.,  11.,   0.,  30., 160.,  12.,  11.,   6.,   7.,  97.],
        [  1.,   2.,   0.,   8.,  89.,   2.,   1.,  41.,   1., 274.],
        [  5.,   1.,   1.,   4., 270.,   2.,   9.,  18.,   3.,  16.],
        [  6.,   4.,   0.,   5.,   9.,   6.,   0., 288.,   1.,  28.],
        [  0.,  16.,   0., 288.,   8.,   9.,   0.,   4.,   5.,   4.],
        [ 15.,   5., 279.,  11.,   4.,   0.,   6.,   5.,   9.,   3.],
        [ 10.,   5.,   4., 218.,   2.,   5.,   0.,   5.,  11.,   3.],
        [  3., 298.,   2.,  14.,   3.,   5.,   3.,   4.,   8.,   4.],
        [  2.,   9.,   0.,  10., 287.,  10.,   5.,  29.,   8.,  13.],
        [ 31.,   5.,   0.,   3.,  12., 260.,  15.,   1.,   4.,   8.],
        [  3.,  87., 239.,  85.,   2.,   2.,  27.,   5.,   4.,   1.],
        [  1., 293.,   1.,  10.,   1.,   2.,   0.,   4.,   5.,   5.],
        [  4.,   7., 189.,   7.,   1.,   1.,   0.,  21.,   6.,  20.],
        [276.,   2.,   1.,  23.,   2.,   7.,  10.,   3.,   0.,   2.],
        [  2., 285.,   0.,  15.,   2.,   1.,   1.,   3.,   4.,   3.],
        [  1., 288.,   6.,   8.,   2.,   5.,   1.,   3.,  54.,   3.],
        [ 11.,  15.,  14., 161.,   9.,  13.,  12.,   3.,   4.,   4.],
        [  6.,   3.,   1.,   9., 226.,   1.,   6.,  29.,   2.,  42.],
        [  0.,   6.,   0.,  11.,  23.,   6.,   3.,  28.,   2., 221.],
        [  3.,   1.,   0.,   5.,  10., 236.,   2.,   0., 113.,  39.],
        [  1., 278.,   0.,  28.,   6.,   3.,   8.,   5.,   5.,   4.],
        [  2.,   8.,   0.,   4., 217.,   6.,   2.,  25.,  27., 139.],
        [ 34.,   8.,   1.,   4.,  17.,  22.,   4.,   2., 269.,  57.],
        [  2.,   8.,   0., 289.,  14.,  16.,   0.,   2.,   7.,   2.],
        [  3.,   2.,   5.,   5., 268.,   0.,  27.,   8.,   3.,   4.],
        [300.,   0.,   1.,   8.,   0.,   8.,   2.,   5.,   0.,   3.],
        [  1.,   3.,   0.,  13.,  64.,   5.,   1.,  11.,   1., 279.],
        [  9.,   9.,   2.,   3.,   6., 282.,  40.,   1.,  14.,   7.],
        [  0., 277.,   2.,   4.,   1.,   3.,   0.,   3.,  35.,   2.],
        [  4.,   3.,   0.,  12.,  28.,   7.,   1.,  21.,   6., 271.],
        [  7.,   4.,   1.,   8.,   7.,   8.,   2.,   3., 247.,  24.],
        [  1.,   1.,   5.,  24., 295.,   0.,   7.,  77.,   1.,  11.],
        [  0., 294.,  13.,   8.,   3.,   5.,   2.,   3.,  36.,   3.],
        [ 11.,   6.,  64., 269.,   1.,   6.,   0.,   6.,   3.,   2.],
        [  0., 294.,   1.,   7.,   1.,   2.,   1.,   4.,   7.,   5.],
        [ 28.,   3.,   4.,   9.,   0.,  20., 117.,   3.,   4.,   1.],
        [  4.,  39.,   0.,  24., 195.,   3.,  18.,   6.,  14.,   8.],
        [  2., 296.,   0.,  13.,   3.,   4.,   1.,   5.,   5.,   5.],
        [271.,   0.,   1.,   7.,   2.,   3.,  13.,   4.,   3.,   4.],
        [  7.,   2.,   0.,   6.,  12.,  24.,   0., 256.,   1.,  97.],
        [  1.,   6.,   0.,   8.,   8.,   6.,   1.,  13.,  13., 277.],
        [292.,   1.,   3.,   5.,   2.,  11.,  85.,   5.,   1.,   2.],
        [  1.,  12.,   0.,  29.,  30.,   5.,   2.,   8.,   4., 269.],
        [154.,   6.,   1.,  17.,   2.,   3.,   5.,   9.,  41.,   9.],
        [  7., 102.,   9.,  12.,   5.,   3.,   3.,   9., 192.,   7.],
        [  2.,  15.,   3.,   7., 259.,   6.,  10.,   9.,   5.,   2.]],
       device='cuda:0')
--- spikes (finish interval) ---
tensor([[0., 0., 0., 0., 0., 0., 0., 0., 0., 1.],
        [0., 1., 0., 0., 0., 0., 0., 0., 0., 0.],
        [0., 0., 0., 0., 0., 1., 0., 0., 0., 0.],
        [1., 0., 0., 0., 0., 0., 0., 0., 0., 0.],
        [0., 0., 0., 0., 0., 0., 0., 0., 0., 0.],
        [0., 0., 0., 0., 1., 0., 0., 0., 0., 0.],
        [0., 0., 0., 0., 0., 0., 0., 0., 0., 0.],
        [0., 1., 0., 0., 0., 0., 0., 0., 0., 0.],
        [0., 0., 0., 0., 0., 0., 0., 0., 0., 0.],
        [0., 0., 0., 0., 0., 0., 0., 0., 0., 0.],
        [0., 0., 0., 0., 0., 0., 0., 0., 1., 0.],
        [0., 0., 0., 0., 0., 0., 0., 1., 0., 0.],
        [0., 0., 0., 1., 0., 0., 0., 0., 0., 0.],
        [0., 0., 0., 0., 1., 0., 0., 0., 0., 0.],
        [0., 0., 0., 0., 0., 0., 0., 0., 0., 0.],
        [0., 0., 0., 0., 0., 1., 0., 0., 0., 0.],
        [0., 0., 0., 0., 0., 0., 1., 0., 0., 0.],
        [0., 0., 0., 0., 0., 0., 0., 0., 0., 1.],
        [0., 0., 0., 0., 0., 0., 0., 0., 0., 0.],
        [0., 0., 0., 0., 0., 0., 0., 0., 0., 0.],
        [0., 0., 0., 0., 1., 0., 0., 0., 0., 0.],
        [0., 0., 0., 0., 0., 0., 0., 1., 0., 0.],
        [0., 0., 0., 1., 0., 0., 0., 0., 0., 0.],
        [0., 0., 1., 0., 0., 0., 0., 0., 0., 0.],
        [0., 0., 0., 0., 0., 0., 0., 0., 0., 0.],
        [0., 0., 0., 0., 0., 0., 0., 0., 0., 0.],
        [0., 0., 0., 0., 0., 0., 0., 0., 0., 0.],
        [0., 0., 0., 0., 0., 0., 0., 0., 0., 0.],
        [0., 0., 1., 0., 0., 0., 0., 0., 0., 0.],
        [0., 0., 0., 0., 0., 0., 0., 0., 0., 0.],
        [0., 0., 0., 0., 0., 0., 0., 0., 0., 0.],
        [0., 0., 0., 0., 0., 0., 0., 0., 0., 0.],
        [0., 1., 0., 0., 0., 0., 0., 0., 0., 0.],
        [0., 0., 0., 0., 0., 0., 0., 0., 0., 0.],
        [0., 0., 0., 0., 0., 0., 0., 0., 0., 0.],
        [0., 0., 0., 0., 0., 0., 0., 0., 0., 0.],
        [0., 0., 0., 0., 0., 0., 0., 0., 0., 1.],
        [0., 0., 0., 0., 0., 1., 0., 0., 0., 0.],
        [0., 1., 0., 0., 0., 0., 0., 0., 0., 0.],
        [0., 0., 0., 0., 0., 0., 0., 0., 0., 1.],
        [0., 0., 0., 0., 0., 0., 0., 0., 1., 0.],
        [0., 0., 0., 0., 0., 0., 0., 0., 0., 0.],
        [0., 0., 0., 0., 0., 0., 0., 0., 0., 0.],
        [1., 0., 0., 0., 0., 0., 0., 0., 0., 0.],
        [0., 0., 0., 0., 0., 0., 0., 0., 0., 1.],
        [0., 0., 0., 0., 0., 1., 0., 0., 0., 0.],
        [0., 0., 0., 0., 0., 0., 0., 0., 0., 0.],
        [0., 0., 0., 0., 0., 0., 0., 0., 0., 0.],
        [0., 0., 0., 0., 0., 0., 0., 0., 0., 0.],
        [0., 0., 0., 0., 0., 0., 0., 0., 0., 0.],
        [0., 0., 0., 0., 0., 0., 0., 0., 0., 0.],
        [0., 0., 0., 0., 0., 0., 0., 0., 0., 0.],
        [0., 1., 0., 0., 0., 0., 0., 0., 0., 0.],
        [0., 0., 0., 0., 0., 0., 0., 0., 0., 0.],
        [0., 0., 0., 0., 1., 0., 0., 0., 0., 0.],
        [0., 0., 0., 0., 0., 0., 0., 0., 0., 0.],
        [1., 0., 0., 0., 0., 0., 0., 0., 0., 0.],
        [0., 0., 0., 0., 0., 0., 0., 0., 0., 0.],
        [0., 0., 0., 0., 0., 0., 0., 0., 0., 0.],
        [1., 0., 0., 0., 0., 0., 1., 0., 0., 0.],
        [0., 0., 0., 0., 0., 0., 0., 0., 0., 1.],
        [1., 0., 0., 0., 0., 0., 0., 0., 0., 0.],
        [0., 0., 0., 0., 0., 0., 0., 0., 0., 0.],
        [0., 0., 0., 0., 1., 0., 0., 0., 0., 0.]], device='cuda:0')
Epoch 1 | Batch 200
--- spikes (training) ---
tensor([[  6.,   0.,   1.,  39.,   0., 282.,  21.,  11.,   0.,   0.],
        [  0.,   1.,  19.,   1., 282.,   7.,  18.,  11.,   2.,   3.],
        [  2.,   2.,   1.,   4.,  17.,   5.,   7., 297.,   1.,   4.],
        [  2.,   4.,  39., 242.,   1.,  19.,   6.,  19.,  49.,   0.],
        [  2.,   1.,  11., 296.,   0.,  17.,   3.,   8.,   6.,   0.],
        [ 44.,   2.,  21.,   0.,   1.,  41., 305.,   2.,   1.,   0.],
        [ 54.,   1.,  19.,   0.,   0.,  16., 313.,   2.,   0.,   0.],
        [  1.,  18.,   9.,  19.,   1.,  65.,   8.,  12., 261.,   1.],
        [  0., 288.,  11.,   8.,   1.,  10.,  12.,   6.,  20.,   0.],
        [  7.,   1., 298.,  32.,  21.,   3.,  20.,   3.,   0.,   0.],
        [  0., 297.,  10.,  15.,   1.,   7.,  12.,  17.,  10.,   0.],
        [  0.,  10.,   3., 265.,   0.,  81.,   7.,  16.,  20.,   1.],
        [  0., 291.,   2.,   9.,   0.,   9.,  16.,  11.,  10.,   1.],
        [260.,   0.,  12.,  12.,   0.,  12.,  67.,   5.,   6.,   0.],
        [  4.,   4.,   4.,   5.,   1., 284.,  17.,   9.,   4.,   0.],
        [  1.,  18.,  10.,   3.,   2.,  70.,  19.,  40., 215.,   0.],
        [  0.,   9.,   3.,   4., 268.,  10.,  11.,  38.,   7.,   9.],
        [ 26.,   2.,   4., 183.,   4.,  38.,  92.,   7., 169.,  76.],
        [  0.,  34.,  20.,   2.,   1.,   9., 100.,   4.,   5.,   0.],
        [  0., 280.,   3.,   6.,   0.,  12.,  15.,  40.,   8.,   1.],
        [  0.,  10.,   0.,   7.,   5.,   8.,  10., 106.,   9., 251.],
        [  1.,   2.,   4.,  26.,   2.,   4.,   7., 286.,   6.,   2.],
        [  0.,   7.,  80.,   1.,  29.,   2.,  20.,   4.,   2.,  50.],
        [  1.,   0.,  35.,   1.,  35.,  12., 306.,   3.,   0.,   0.],
        [  0.,   3.,   2.,  18.,   0.,   5.,   7., 313.,   1.,   6.],
        [  1.,  13.,   9.,   4.,  14.,  11.,  16.,  19., 260.,   1.],
        [  1.,  49.,  13.,  11.,   2.,  10.,  10.,  20., 255.,   4.],
        [  1.,  18.,  38.,  15.,   2.,  15.,  13.,  26., 261.,   1.],
        [  0.,   9.,   1.,   0., 262., 138.,  15.,  41.,  23.,   4.],
        [  2.,   6.,   4.,   3., 267.,   5.,  13.,  79.,   8.,  59.],
        [  8.,   1.,   5., 296.,   0.,  32.,   3.,   5.,   6.,   3.],
        [  0.,   2.,   6.,   2.,   4.,   6.,   5., 293.,   3.,   7.],
        [  0.,   6.,   2.,   7.,  13.,   5.,   6., 268.,   3.,   1.],
        [  0.,   6.,   2.,   1., 248.,  94.,  13.,  44.,  57.,   7.],
        [  0., 274.,  37.,   4.,   3.,   7.,   4.,  25.,   9.,   0.],
        [  0.,  27.,  19.,  24.,  10.,   9.,  16.,  15., 261.,   0.],
        [  2.,   2.,  70.,   0.,  65.,   5., 305.,   5.,   0.,   0.],
        [  0.,   3.,  11., 265.,   0.,  62.,   6.,   5.,  13.,   0.],
        [  8.,   5.,   2.,   1.,   5., 214.,   6.,  74.,   3.,   3.],
        [  0., 292.,  92.,  11.,   1.,   8.,   7.,  13.,  20.,   0.],
        [267.,   0.,   3.,  21.,   0.,  14.,  52.,  14.,   2.,   0.],
        [  1.,   3.,   0.,   6.,  10.,  13.,   9.,  58.,   4., 225.],
        [ 10.,   3.,   7.,   0.,   0.,  10., 268.,   3.,   1.,   0.],
        [  2.,   8.,   5.,   0.,  25.,  31.,  33.,   4.,   1.,   0.],
        [  1.,   8.,  11.,   1.,  14.,  26.,   7.,  27.,  12., 104.],
        [  0.,  13.,   5., 281.,   1.,  13.,   2.,  15.,  14.,   0.],
        [  0.,  40.,  20.,   4.,  38.,  10.,  10.,  13., 241.,   0.],
        [ 14.,   1.,   1.,  72.,  14.,  14.,   9.,  83.,   1.,   0.],
        [  0.,   2.,   1.,  64.,   3.,   3.,   7., 283.,   2.,   0.],
        [266.,   0.,   5.,   7.,   0.,  11.,   9.,   6.,   2.,   0.],
        [  1.,   0., 308.,   4.,   0.,   3.,  29.,   4.,   1.,   0.],
        [  3.,   2.,  88.,   0.,  11.,   5.,  11.,  25.,   0., 208.],
        [  0.,   5.,   1.,  10., 151.,   4.,   4.,  10.,   4.,  35.],
        [  0.,  48.,   4., 279.,   1.,   9.,   4.,  22.,  12.,   0.],
        [  2.,  14., 265.,  12.,   0.,  15.,   9.,   8.,  14.,   0.],
        [  2.,   3.,   6., 298.,   1.,  23.,  40.,   7.,  34.,   0.],
        [  0.,   3.,   1.,   5.,   3.,   9.,   9., 286.,   3.,   3.],
        [  0.,   8.,  23.,   0.,   1.,  11., 291.,   4.,   7.,   0.],
        [  8.,   6.,   7.,  12.,   0., 290.,  15.,  36.,  20.,   0.],
        [  0.,  19.,   3.,   2.,   7.,  15.,   6.,  33.,   3., 231.],
        [  0., 297.,  41.,  10.,   1.,   8.,   6.,  11.,  24.,   0.],
        [  0.,   3.,  19.,   2., 290.,   8.,  29.,  21.,   5.,  13.],
        [  0.,   4.,   2.,   3., 150.,   5.,  15.,  21.,   6.,   5.],
        [  1.,   1.,   4.,   7., 271.,   9.,   8.,   8.,   5.,  98.]],
       device='cuda:0')
--- spikes (finish interval) ---
tensor([[0., 0., 0., 0., 0., 1., 0., 0., 0., 0.],
        [0., 0., 0., 0., 0., 0., 0., 0., 0., 0.],
        [0., 0., 0., 0., 0., 0., 0., 0., 0., 0.],
        [0., 0., 0., 0., 0., 0., 0., 0., 0., 0.],
        [0., 0., 0., 1., 0., 0., 0., 0., 0., 0.],
        [0., 0., 0., 0., 0., 0., 1., 0., 0., 0.],
        [0., 0., 0., 0., 0., 0., 1., 0., 0., 0.],
        [0., 0., 0., 0., 0., 0., 0., 0., 1., 0.],
        [0., 0., 0., 0., 0., 0., 0., 0., 0., 0.],
        [0., 0., 1., 0., 0., 0., 0., 0., 0., 0.],
        [0., 1., 0., 0., 0., 0., 0., 0., 0., 0.],
        [0., 0., 0., 0., 0., 0., 0., 0., 0., 0.],
        [0., 1., 0., 0., 0., 0., 0., 0., 0., 0.],
        [1., 0., 0., 0., 0., 0., 0., 0., 0., 0.],
        [0., 0., 0., 0., 0., 1., 0., 0., 0., 0.],
        [0., 0., 0., 0., 0., 0., 0., 0., 0., 0.],
        [0., 0., 0., 0., 0., 0., 0., 0., 0., 0.],
        [0., 0., 0., 1., 0., 0., 0., 0., 0., 0.],
        [0., 0., 0., 0., 0., 0., 0., 0., 0., 0.],
        [0., 1., 0., 0., 0., 0., 0., 0., 0., 0.],
        [0., 0., 0., 0., 0., 0., 0., 0., 0., 1.],
        [0., 0., 0., 0., 0., 0., 0., 0., 0., 0.],
        [0., 0., 0., 0., 0., 0., 0., 0., 0., 0.],
        [0., 0., 0., 0., 0., 0., 0., 0., 0., 0.],
        [0., 0., 0., 0., 0., 0., 0., 1., 0., 0.],
        [0., 0., 0., 0., 0., 0., 0., 0., 0., 0.],
        [0., 0., 0., 0., 0., 0., 0., 0., 1., 0.],
        [0., 0., 0., 0., 0., 0., 0., 0., 1., 0.],
        [0., 0., 0., 0., 0., 0., 0., 0., 0., 0.],
        [0., 0., 0., 0., 0., 0., 0., 0., 0., 0.],
        [0., 0., 0., 1., 0., 0., 0., 0., 0., 0.],
        [0., 0., 0., 0., 0., 0., 0., 1., 0., 0.],
        [0., 0., 0., 0., 0., 0., 0., 0., 0., 0.],
        [0., 0., 0., 0., 0., 0., 0., 0., 0., 0.],
        [0., 0., 0., 0., 0., 0., 0., 0., 0., 0.],
        [0., 0., 0., 0., 0., 0., 0., 0., 0., 0.],
        [0., 0., 0., 0., 0., 0., 1., 0., 0., 0.],
        [0., 0., 0., 0., 0., 0., 0., 0., 0., 0.],
        [0., 0., 0., 0., 0., 0., 0., 0., 0., 0.],
        [0., 0., 0., 0., 0., 0., 0., 0., 0., 0.],
        [1., 0., 0., 0., 0., 0., 0., 0., 0., 0.],
        [0., 0., 0., 0., 0., 0., 0., 0., 0., 1.],
        [0., 0., 0., 0., 0., 0., 0., 0., 0., 0.],
        [0., 0., 0., 0., 0., 0., 0., 0., 0., 0.],
        [0., 0., 0., 0., 0., 0., 0., 0., 0., 1.],
        [0., 0., 0., 0., 0., 0., 0., 0., 0., 0.],
        [0., 0., 0., 0., 0., 0., 0., 0., 0., 0.],
        [0., 0., 0., 0., 0., 0., 0., 0., 0., 0.],
        [0., 0., 0., 0., 0., 0., 0., 1., 0., 0.],
        [1., 0., 0., 0., 0., 0., 0., 0., 0., 0.],
        [0., 0., 1., 0., 0., 0., 0., 0., 0., 0.],
        [0., 0., 0., 0., 0., 0., 0., 0., 0., 0.],
        [0., 0., 0., 0., 0., 0., 0., 0., 0., 0.],
        [0., 0., 0., 1., 0., 0., 0., 0., 0., 0.],
        [0., 0., 1., 0., 0., 0., 0., 0., 0., 0.],
        [0., 0., 0., 1., 0., 0., 0., 0., 0., 0.],
        [0., 0., 0., 0., 0., 0., 0., 0., 0., 0.],
        [0., 0., 0., 0., 0., 0., 0., 0., 0., 0.],
        [0., 0., 0., 0., 0., 1., 0., 0., 0., 0.],
        [0., 0., 0., 0., 0., 0., 0., 0., 0., 0.],
        [0., 0., 0., 0., 0., 0., 0., 0., 0., 0.],
        [0., 0., 0., 0., 1., 0., 0., 0., 0., 0.],
        [0., 0., 0., 0., 0., 0., 0., 0., 0., 0.],
        [0., 0., 0., 0., 0., 0., 0., 0., 0., 1.]], device='cuda:0')
Epoch 1 | Batch 300
--- spikes (training) ---
tensor([[286.,   1.,  16.,   1.,   5.,   8.,   1.,   7.,   0.,   3.],
        [  0.,  15.,   7.,   6.,   9.,  11.,   3., 107.,   7.,  27.],
        [  1.,   6.,   3., 242.,  19.,  29.,   2.,   9.,   5.,  25.],
        [  2.,   6., 307.,   0.,   6.,   0.,   5.,   9.,   4.,  15.],
        [  7.,   8., 310.,   3.,   3.,   0.,   9.,  11.,   1.,   7.],
        [306.,   1.,   2.,   0.,  13.,  23.,   0.,  10.,   0.,   1.],
        [  0.,   7.,   6.,   1.,  88.,   7.,   6.,  15.,   2., 281.],
        [  0.,   2.,   3.,   0., 287.,   6.,   6.,   4.,   1.,  30.],
        [  2.,  21.,   2.,  39.,   7.,  63.,  10.,  36.,   9., 207.],
        [  3.,   8., 296.,   7.,  15.,   0.,   5.,  12.,   1.,   4.],
        [  0., 292.,  15.,   6.,  12.,   2.,  17.,  11.,  13.,   7.],
        [  0.,  25., 302.,   2.,   8.,   0.,   9.,  22.,   1.,   1.],
        [  6.,   3.,   0., 107.,   7., 174.,   2.,  10.,   2.,  12.],
        [  0., 296.,   9.,  20.,   9.,   3.,  19.,  18.,  66.,  12.],
        [  0.,  22.,   5., 131.,  81.,   8.,   4.,  19.,   2.,  31.],
        [  0.,   4.,   3.,   3.,  27.,  26.,   6.,  39.,   3., 275.],
        [  2.,   6., 304.,   0.,  11.,   0.,  13.,  10.,   0.,   1.],
        [  0.,   3.,   3.,   3.,  70.,  10.,   6.,  17.,   1., 277.],
        [  0.,   8.,   5.,   0., 272.,  13.,  10.,   7.,   2.,  14.],
        [  1.,   1.,   6.,   3.,  10.,   9.,   1., 298.,   1.,  27.],
        [  0.,   5.,   1.,   2.,  28.,  19.,   9.,  23.,   2., 284.],
        [  0.,   5.,   2.,   3., 283.,  57.,   8.,  18.,   2., 127.],
        [  0.,  14.,   1., 275.,  15.,  42.,   3.,   9.,   3.,   7.],
        [  0.,   8.,   7.,   0.,  25.,  28., 245.,  12.,   2.,  10.],
        [  0., 273.,   5.,   8.,  12.,   2.,   4.,   6.,   6.,   5.],
        [  0.,   3.,   5.,   0., 273.,   5.,   6.,  10.,   2.,  38.],
        [  0.,   3.,   3.,   0.,  16.,  22.,   1., 303.,   0., 130.],
        [  0., 298.,   7.,  13.,   7.,   4.,  19.,  16.,  99.,  11.],
        [  6.,   2.,   1.,  10.,  13.,  28.,   6., 256.,   2.,  21.],
        [  4.,   6.,  16.,   0.,   9.,  16., 290.,   8.,   2.,   8.],
        [  1.,  76.,   7.,   7.,   5.,   8., 131.,  12., 240.,  12.],
        [ 30.,   6.,  13.,   1.,   6.,  17., 291.,   8.,   0.,   1.],
        [  0., 296.,   5.,  11.,   9.,   4.,  11.,  25.,  13.,  16.],
        [  0.,   6.,   6.,   4.,  18.,  12.,   2., 304.,   2.,  21.],
        [  3.,   4.,   0.,  75.,  19., 263.,   2.,   4.,   2.,  16.],
        [  0., 282.,   7.,   5.,   6.,   2.,   9.,  17.,   4.,   9.],
        [  0.,   7.,   2.,   6.,  30.,  30.,   4.,  26.,   1., 292.],
        [ 10.,   4.,  16.,   4.,  10., 206.,   3.,   5.,   1.,   4.],
        [ 10.,   6.,   4.,  88.,  13., 179.,   2.,   4.,   1.,   6.],
        [  0., 287.,   3.,   6.,   8.,   5.,   8.,  17.,  10.,  12.],
        [  2.,   9.,   7.,   4.,  14., 221.,  22.,  17.,  26.,   8.],
        [  0.,   2.,  14.,  33.,  55.,  18.,   2., 197.,   2.,  92.],
        [314.,   1.,  11.,   0.,   6.,   9.,   3.,  10.,   0.,   2.],
        [  1.,   7., 279.,   2.,   6.,   1.,   6.,  16.,   4.,   9.],
        [  0.,  11.,   8.,   4.,  38.,   4.,   9.,  11.,   4., 277.],
        [  5.,   5.,   4.,   1.,   7., 274.,  28.,   4.,   0.,  11.],
        [  2.,  38., 258.,  20.,   8.,   1.,   1.,  11.,  53.,   8.],
        [  0.,   4.,   6.,   1.,  64.,   9.,   4.,  26.,   2., 255.],
        [  0., 197.,   9.,  15.,  14.,   4.,   5.,   8.,  17.,   5.],
        [  0.,  23.,   2.,   9.,   6.,  23.,   4.,  16.,   2., 247.],
        [ 11.,   8.,  11., 260.,   7.,  23.,   3.,   9.,   2.,   2.],
        [  2.,   4.,   6.,   0., 271.,   9.,   9.,  29.,   1.,  31.],
        [  0., 287.,   8.,   9.,   8.,   2.,  12.,   9.,  13.,   6.],
        [  3.,   4.,   2.,   0.,  38.,  11.,   5.,  48.,   1., 273.],
        [ 11.,   4., 312.,  16.,   4.,   0.,   2.,  12.,   0.,   2.],
        [  5.,   7., 299.,   0.,  12.,   1.,   5.,  15.,   1.,   4.],
        [  0.,   5.,   5.,   3.,  10.,   6.,   2., 268.,   1.,  36.],
        [  0.,  11.,   6.,   3.,   6.,   5., 274.,   8.,   3.,   4.],
        [  0.,   3.,   1.,   0., 245.,  31.,  12.,  19.,   5.,  27.],
        [  0., 262.,   3.,   6.,  10.,   7.,   6.,  27.,   5.,  15.],
        [  0.,  95., 265.,  31.,   6.,   2.,   7.,  65.,   7.,   5.],
        [  1.,   7.,  33.,   0.,   7.,   9., 288.,   8.,   4.,   3.],
        [  0., 249.,   1.,   3.,   3.,   2.,   3.,   8.,   8.,   5.],
        [  0.,   8., 200.,   0.,  18.,   4.,   6.,   9.,   1.,  22.]],
       device='cuda:0')
--- spikes (finish interval) ---
tensor([[1., 0., 0., 0., 0., 0., 0., 0., 0., 0.],
        [0., 0., 0., 0., 0., 0., 0., 0., 0., 0.],
        [0., 0., 0., 0., 0., 0., 0., 0., 0., 0.],
        [0., 0., 1., 0., 0., 0., 0., 0., 0., 0.],
        [0., 0., 1., 0., 0., 0., 0., 0., 0., 0.],
        [0., 0., 0., 0., 0., 0., 0., 0., 0., 0.],
        [0., 0., 0., 0., 0., 0., 0., 0., 0., 0.],
        [0., 0., 0., 0., 0., 0., 0., 0., 0., 0.],
        [0., 0., 0., 0., 0., 0., 0., 0., 0., 0.],
        [0., 0., 0., 0., 0., 0., 0., 0., 0., 0.],
        [0., 0., 0., 0., 0., 0., 0., 0., 0., 0.],
        [0., 0., 1., 0., 0., 0., 0., 0., 0., 0.],
        [0., 0., 0., 0., 0., 1., 0., 0., 0., 0.],
        [0., 1., 0., 0., 0., 0., 0., 0., 0., 0.],
        [0., 0., 0., 1., 0., 0., 0., 0., 0., 0.],
        [0., 0., 0., 0., 0., 0., 0., 0., 0., 0.],
        [0., 0., 0., 0., 0., 0., 0., 0., 0., 0.],
        [0., 0., 0., 0., 0., 0., 0., 0., 0., 0.],
        [0., 0., 0., 0., 0., 0., 0., 0., 0., 0.],
        [0., 0., 0., 0., 0., 0., 0., 0., 0., 0.],
        [0., 0., 0., 0., 0., 0., 0., 0., 0., 0.],
        [0., 0., 0., 0., 1., 0., 0., 0., 0., 0.],
        [0., 0., 0., 0., 0., 0., 0., 0., 0., 0.],
        [0., 0., 0., 0., 0., 0., 0., 0., 0., 0.],
        [0., 1., 0., 0., 0., 0., 0., 0., 0., 0.],
        [0., 0., 0., 0., 0., 0., 0., 0., 0., 0.],
        [0., 0., 0., 0., 0., 0., 0., 0., 0., 0.],
        [0., 0., 0., 0., 0., 0., 0., 0., 1., 0.],
        [0., 0., 0., 0., 0., 0., 0., 0., 0., 0.],
        [0., 0., 0., 0., 0., 0., 1., 0., 0., 0.],
        [0., 0., 0., 0., 0., 0., 0., 0., 0., 0.],
        [0., 0., 0., 0., 0., 0., 1., 0., 0., 0.],
        [0., 0., 0., 0., 0., 0., 0., 0., 0., 0.],
        [0., 0., 0., 0., 0., 0., 0., 0., 0., 0.],
        [0., 0., 0., 0., 0., 1., 0., 0., 0., 0.],
        [0., 0., 0., 0., 0., 0., 0., 0., 0., 0.],
        [0., 0., 0., 0., 0., 0., 0., 0., 0., 1.],
        [0., 0., 0., 0., 0., 1., 0., 0., 0., 0.],
        [0., 0., 0., 0., 0., 0., 0., 0., 0., 0.],
        [0., 0., 0., 0., 0., 0., 0., 0., 0., 0.],
        [0., 0., 0., 0., 0., 0., 0., 0., 0., 0.],
        [0., 0., 0., 0., 0., 0., 0., 0., 0., 0.],
        [1., 0., 0., 0., 0., 0., 0., 0., 0., 0.],
        [0., 0., 0., 0., 0., 0., 0., 0., 0., 0.],
        [0., 0., 0., 0., 0., 0., 0., 0., 0., 1.],
        [0., 0., 0., 0., 0., 1., 0., 0., 0., 0.],
        [0., 0., 0., 0., 0., 0., 0., 0., 0., 0.],
        [0., 0., 0., 0., 0., 0., 0., 0., 0., 0.],
        [0., 0., 0., 0., 0., 0., 0., 0., 0., 0.],
        [0., 0., 0., 0., 0., 0., 0., 0., 0., 0.],
        [0., 0., 0., 0., 0., 0., 0., 0., 0., 0.],
        [0., 0., 0., 0., 0., 0., 0., 0., 0., 0.],
        [0., 0., 0., 0., 0., 0., 0., 0., 0., 0.],
        [0., 0., 0., 0., 0., 0., 0., 0., 0., 1.],
        [0., 0., 0., 0., 0., 0., 0., 0., 0., 0.],
        [0., 0., 1., 0., 0., 0., 0., 0., 0., 0.],
        [0., 0., 0., 0., 0., 0., 0., 0., 0., 0.],
        [0., 0., 0., 0., 0., 0., 0., 0., 0., 0.],
        [0., 0., 0., 0., 1., 0., 0., 0., 0., 0.],
        [0., 0., 0., 0., 0., 0., 0., 0., 0., 0.],
        [0., 0., 1., 0., 0., 0., 0., 0., 0., 0.],
        [0., 0., 0., 0., 0., 0., 0., 0., 0., 0.],
        [0., 1., 0., 0., 0., 0., 0., 0., 0., 0.],
        [0., 0., 1., 0., 0., 0., 0., 0., 0., 0.]], device='cuda:0')
Epoch 1 | Batch 400
--- spikes (training) ---
tensor([[301.,   0.,   0.,   0.,  20.,  46.,  37.,   2.,   0.,   3.],
        [  3.,   0.,  13.,  97.,   4.,   1.,   2., 299.,   2.,   7.],
        [ 29.,   0.,   0.,  28.,  10., 284.,   1.,   3.,  32.,   6.],
        [ 31.,   0.,   0.,   5.,  13.,   9.,   4., 277.,   0.,  39.],
        [  1.,   0.,   0.,  13.,   4.,   6.,   3., 279.,   2.,   7.],
        [ 11.,   1.,   1.,   2.,  16.,   5.,   3.,   6.,   2., 259.],
        [  4.,   1.,   0.,   2.,  33.,   5.,   5.,  17.,   5., 285.],
        [  7.,   0.,   0.,  81.,  12., 270.,   4.,   0.,   1.,   2.],
        [ 30.,   0.,   2., 286.,   2.,  23.,   0.,  12.,   1.,   2.],
        [  1.,   1.,   1., 251.,   4.,  13.,   1.,  31.,   8.,  12.],
        [  3., 147.,   0.,  48.,  15.,  19.,   5.,  98.,   5.,  26.],
        [  5.,   1.,   0.,   0., 287.,   5.,  32.,   2.,   3.,  12.],
        [  1.,   0.,   1.,  20.,   7.,   2.,   4., 283.,   1.,  22.],
        [ 10.,   4.,   0.,   2.,   9.,   8.,   5.,  16., 212.,  11.],
        [  2.,   1.,   4.,  18.,   2.,   5.,   9., 273.,   4.,   9.],
        [  1.,  37., 288.,   9.,   1.,   5.,   6.,   3.,   4.,   1.],
        [  2.,   1.,   0.,   1., 273.,   3.,   6.,  12.,  54.,  36.],
        [  1.,   1.,   0.,   2.,  26.,   7.,  14.,   4.,   3., 277.],
        [  1., 188.,   2.,   5.,   2.,   2.,   1.,   2.,  27.,   1.],
        [ 11.,   0.,   5., 193.,   1.,  62.,   7.,   5.,   0.,   1.],
        [ 29.,   1.,   0.,   0., 306.,   5.,  16.,   4.,   1.,  65.],
        [  8.,   2.,   0.,  69.,  23.,  10.,  11.,  54.,   0., 293.],
        [  8.,   0.,   0.,   0., 297.,   4.,  12.,   7.,   1.,  28.],
        [  0., 230.,   0.,  13.,   1.,   2.,   1.,   3.,  35.,   2.],
        [ 16.,   0.,  81.,  16.,  24.,  20.,  13.,   1., 170.,   4.],
        [  6.,   0.,   3.,   7.,   5.,   9., 256.,   0.,  25.,   4.],
        [  1., 134.,   2.,  68.,   5.,  17.,   3.,  10., 199.,   6.],
        [  9.,   3.,   2.,   7.,   5., 149.,   8.,   0.,  96.,   4.],
        [  1.,   4., 295.,  42.,   1.,   7.,   3.,   2.,   2.,   0.],
        [  5.,   0.,   0.,  18.,   3., 232.,  44.,   0.,   0.,   5.],
        [ 10.,   1.,   0.,   3.,  49.,   8.,  12.,  13.,  21., 271.],
        [  4.,   0.,   0., 277.,   4.,  19.,   5.,   7.,   1.,   8.],
        [ 42.,   0.,   1.,   1.,   7.,  13., 164.,   0.,   2.,   3.],
        [  9.,   0.,   0., 296.,   4.,  27.,   2.,   6.,   1.,   1.],
        [ 20.,   2.,   0.,   2.,  27., 156.,  17.,   2.,   0., 122.],
        [ 18.,   0., 283.,   4.,   2.,   8.,   1.,   3., 201.,   0.],
        [310.,   0.,   0.,   0.,   3.,  10.,  12.,   1.,   0.,   2.],
        [ 11.,   0.,   0., 292.,   1.,  24.,   0.,   3.,   3.,   2.],
        [  2.,   1., 270.,   7.,   4.,   1.,  32.,   1.,   1.,  35.],
        [ 21.,   1.,   0.,   1.,  40.,   8.,   7.,  12.,   1., 286.],
        [  9.,   2.,  22.,   1.,  31.,   2., 148.,   0.,   3.,   5.],
        [ 15.,   0.,   0.,   1., 293.,   4.,  24.,   7.,   0.,  42.],
        [  4.,   0.,   0.,   6.,  15.,  10.,   3., 288.,   2.,  30.],
        [  1.,   1.,   0.,  67.,  11.,  11.,   3.,  15.,   4., 153.],
        [ 36.,   0.,   0.,  29.,  14., 285.,   0.,   0.,   4.,  10.],
        [  8.,   2.,   1.,   9.,   7.,  11.,   2.,  10., 238.,  65.],
        [  1., 214.,   2.,   5.,   2.,   5.,   1.,   5.,   6.,   1.],
        [  4.,   1., 299.,  40.,   0.,   4.,   6.,   2.,  21.,   0.],
        [ 45.,   0., 287.,   2.,  14.,   0.,  10.,   1.,   0.,   0.],
        [ 28.,   0.,   6.,   0.,  83.,   7., 292.,   0.,  64.,   5.],
        [303.,   0.,  26.,   0.,   1.,  14.,   0.,   3.,   1.,   0.],
        [ 10.,   0.,   0.,   0., 292.,   3.,  12.,   3.,   0.,  57.],
        [ 14.,   5.,   0., 157.,   4.,  53.,   7.,   4.,   1.,   7.],
        [  5.,   0., 206.,   3.,  14.,   3.,   4.,  57.,   0.,  67.],
        [  8.,   0.,  28.,   0.,  47.,   6., 299.,   0.,   2.,  11.],
        [  1.,   1.,   0., 256.,   6.,  14.,   0.,  14.,   9.,   6.],
        [240.,   0.,   0.,   4.,   5.,   7.,  31.,   5.,   2.,  14.],
        [307.,   0.,   0.,   0.,  13.,  28.,  19.,   1.,   0.,   1.],
        [ 14.,   0.,   0., 304.,   5.,  13.,   0.,   4.,   1.,   5.],
        [  5.,   0.,   0.,   1., 291.,   5.,  46.,  20.,   3.,  19.],
        [285.,   0.,   0.,   4.,   3.,   9.,   6.,   3.,   0.,   3.],
        [  2., 152.,   1.,  20.,   3.,   4.,   1.,   3.,  99.,   1.],
        [  6.,   0.,   0., 296.,  12.,   6.,   1.,   2.,  10.,   4.],
        [  3.,   5.,   0.,   5.,   8.,   6.,   7.,  71.,   5., 284.]],
       device='cuda:0')
--- spikes (finish interval) ---
tensor([[0., 0., 0., 0., 0., 0., 0., 0., 0., 0.],
        [0., 0., 0., 0., 0., 0., 0., 0., 0., 0.],
        [0., 0., 0., 0., 0., 1., 0., 0., 0., 0.],
        [0., 0., 0., 0., 0., 0., 0., 0., 0., 0.],
        [0., 0., 0., 0., 0., 0., 0., 0., 0., 0.],
        [0., 0., 0., 0., 0., 0., 0., 0., 0., 1.],
        [0., 0., 0., 0., 0., 0., 0., 0., 0., 0.],
        [0., 0., 0., 0., 0., 1., 0., 0., 0., 0.],
        [0., 0., 0., 1., 0., 0., 0., 0., 0., 0.],
        [0., 0., 0., 0., 0., 0., 0., 0., 0., 0.],
        [0., 0., 0., 0., 0., 0., 0., 0., 0., 0.],
        [0., 0., 0., 0., 1., 0., 0., 0., 0., 0.],
        [0., 0., 0., 0., 0., 0., 0., 1., 0., 0.],
        [0., 0., 0., 0., 0., 0., 0., 0., 1., 0.],
        [0., 0., 0., 0., 0., 0., 0., 1., 0., 0.],
        [0., 0., 0., 0., 0., 0., 0., 0., 0., 0.],
        [0., 0., 0., 0., 1., 0., 0., 0., 0., 0.],
        [0., 0., 0., 0., 0., 0., 0., 0., 0., 0.],
        [0., 1., 0., 0., 0., 0., 0., 0., 0., 0.],
        [0., 0., 0., 0., 0., 0., 0., 0., 0., 0.],
        [0., 0., 0., 0., 0., 0., 0., 0., 0., 0.],
        [0., 0., 0., 0., 0., 0., 0., 0., 0., 1.],
        [0., 0., 0., 0., 0., 0., 0., 0., 0., 0.],
        [0., 0., 0., 0., 0., 0., 0., 0., 0., 0.],
        [0., 0., 0., 0., 0., 0., 0., 0., 1., 0.],
        [0., 0., 0., 0., 0., 0., 0., 0., 0., 0.],
        [0., 0., 0., 0., 0., 0., 0., 0., 0., 0.],
        [0., 0., 0., 0., 0., 0., 0., 0., 0., 0.],
        [0., 0., 1., 0., 0., 0., 0., 0., 0., 0.],
        [0., 0., 0., 0., 0., 0., 0., 0., 0., 0.],
        [0., 0., 0., 0., 0., 0., 0., 0., 0., 0.],
        [0., 0., 0., 1., 0., 0., 0., 0., 0., 0.],
        [0., 0., 0., 0., 0., 0., 1., 0., 0., 0.],
        [0., 0., 0., 0., 0., 0., 0., 0., 0., 0.],
        [0., 0., 0., 0., 0., 0., 0., 0., 0., 0.],
        [0., 0., 0., 0., 0., 0., 0., 0., 0., 0.],
        [0., 0., 0., 0., 0., 0., 0., 0., 0., 0.],
        [0., 0., 0., 0., 0., 0., 0., 0., 0., 0.],
        [0., 0., 0., 0., 0., 0., 0., 0., 0., 0.],
        [0., 0., 0., 0., 0., 0., 0., 0., 0., 0.],
        [0., 0., 0., 0., 0., 0., 0., 0., 0., 0.],
        [0., 0., 0., 0., 1., 0., 0., 0., 0., 0.],
        [0., 0., 0., 0., 0., 0., 0., 0., 0., 0.],
        [0., 0., 0., 0., 0., 0., 0., 0., 0., 0.],
        [0., 0., 0., 0., 0., 0., 0., 0., 0., 0.],
        [0., 0., 0., 0., 0., 0., 0., 0., 1., 0.],
        [0., 0., 0., 0., 0., 0., 0., 0., 0., 0.],
        [0., 0., 1., 0., 0., 0., 0., 0., 0., 0.],
        [0., 0., 1., 0., 0., 0., 0., 0., 0., 0.],
        [0., 0., 0., 0., 0., 0., 0., 0., 0., 0.],
        [0., 0., 0., 0., 0., 0., 0., 0., 0., 0.],
        [0., 0., 0., 0., 0., 0., 0., 0., 0., 0.],
        [0., 0., 0., 0., 0., 0., 0., 0., 0., 0.],
        [0., 0., 0., 0., 0., 0., 0., 0., 0., 0.],
        [0., 0., 0., 0., 0., 0., 1., 0., 0., 0.],
        [0., 0., 0., 1., 0., 0., 0., 0., 0., 0.],
        [0., 0., 0., 0., 0., 0., 0., 0., 0., 0.],
        [1., 0., 0., 0., 0., 0., 0., 0., 0., 0.],
        [0., 0., 0., 1., 0., 0., 0., 0., 0., 0.],
        [0., 0., 0., 0., 1., 0., 0., 0., 0., 0.],
        [1., 0., 0., 0., 0., 0., 0., 0., 0., 0.],
        [0., 0., 0., 0., 0., 0., 0., 0., 0., 0.],
        [0., 0., 0., 1., 0., 0., 0., 0., 0., 0.],
        [0., 0., 0., 0., 0., 0., 0., 0., 0., 0.]], device='cuda:0')
Epoch 1 | Batch 500
--- spikes (training) ---
tensor([[  0., 161.,   3.,   7.,   3.,   2.,   5.,  11.,  31.,   6.],
        [  0.,   1.,   0.,  32.,   0.,   0.,   0., 258.,   2.,   3.],
        [307.,   9.,   6.,   7.,   0.,   0.,  16.,  29.,  12.,  16.],
        [130.,  20.,  37.,   9.,  17.,   0., 144.,  12.,  86.,   8.],
        [  8.,   8.,  10.,   4.,   3.,   0.,   1., 295.,  14.,  18.],
        [314.,  14.,   9.,  30.,   1.,   0.,   5.,  23.,   7.,   9.],
        [  3.,  11.,   4.,   3.,  45.,   5.,   8.,  52.,  20., 282.],
        [  1.,  23., 128.,   3.,   3.,   0.,  54.,   8.,   5.,   9.],
        [  1., 146.,  10.,   8.,   2.,  82.,  10.,   6.,  11.,   6.],
        [ 13.,  10., 285., 250.,   2.,   1.,   0.,   4.,   9.,   7.],
        [  2.,   6.,  30.,   8.,  23.,   7.,  10.,  11.,   7., 184.],
        [  7.,  19.,   4.,   2.,  14., 167.,  16.,   6.,  29.,   9.],
        [  1.,  15.,   4.,   3., 284.,   1.,  14.,  20.,  12.,  41.],
        [ 83.,  10.,  15.,  61.,   1., 192.,   0.,   7.,  21.,   1.],
        [  2.,  13.,  14.,   3.,  22.,   1., 302.,   5.,   8.,  14.],
        [  0., 290.,   7.,   5.,   3.,   4.,   4.,  10.,   6.,   2.],
        [  0., 164.,   6.,   5.,   1.,   0.,   2.,   3.,  58.,   2.],
        [  2.,   4.,  10.,   4., 175.,   0.,   8.,   6.,   9.,  31.],
        [  5.,   9.,  10., 295.,   1.,   5.,   0.,  15.,  13.,   1.],
        [  3.,  12.,   3.,   3.,  79.,   3.,   9.,  45.,  15., 237.],
        [  4.,  12.,   6., 292.,   2.,  78.,   1.,  11.,   7.,   3.],
        [ 35.,   8., 223.,  43.,   0.,  26.,   2.,   2.,  11.,   3.],
        [ 29.,   7.,   3.,   5.,  17.,   1.,   5., 237.,  21.,  37.],
        [  1.,  16.,   2.,   4.,  25.,   1.,   9.,  37.,  16., 258.],
        [  4.,  19., 118.,  13.,   0.,   3.,   1.,   3.,  11.,   1.],
        [ 94.,  42.,  22., 145.,   0.,   0.,   3.,  32.,  14.,   3.],
        [  0.,  15.,   1.,   8.,   5., 109.,  15.,  11.,  11., 173.],
        [  2.,  48.,   6.,  10.,  10.,   0.,   9., 278.,  12.,   6.],
        [ 14.,  12.,  17., 289.,   0.,  34.,   1.,   5.,  10.,   1.],
        [  2.,   8., 223.,   5.,   1.,   0.,  18.,  37.,   7.,  52.],
        [  2.,  14.,   5.,   3.,  90.,   6.,  13.,  39.,  20., 203.],
        [301.,   9.,   5.,  16.,   1.,   0.,   1.,  34.,   8.,  14.],
        [  7.,   7.,   6.,   2.,  20.,   1.,  55.,  38.,  20., 155.],
        [  0., 280.,   9.,   5.,   1.,   0.,   1.,   4.,  33.,   3.],
        [  1.,   8.,   9.,  13.,   5.,  21.,  10.,   5., 232.,   8.],
        [ 48.,  10., 257.,  39.,   0.,   0.,   4.,   5.,   7.,   6.],
        [  4.,   7., 218.,   3.,   0.,   0.,   4.,   8.,  26.,   4.],
        [  0.,  17.,   2.,   4., 286.,   4.,  10.,  14.,  36.,   9.],
        [  5.,   8.,  16.,   4.,   2.,   3., 297.,  10.,   5.,   6.],
        [ 26.,  14.,  24.,   4.,  11.,   0., 142.,   9.,  13.,   8.],
        [160.,   4.,  13.,  10.,   2.,   2.,  11.,  17.,  47.,   8.],
        [  2.,   9.,   4.,   3., 289.,   2.,  13.,  10.,  15., 204.],
        [295.,   8.,   9.,   6.,   0.,   0.,  25.,  58.,  10.,  11.],
        [  6.,  21.,   5.,   1.,   4.,  81.,   4.,   3., 132.,   4.],
        [ 12.,   9.,  13.,  23.,   4.,   5.,   7.,   5., 265.,   9.],
        [  1.,  12.,   2.,   4.,  10.,   2.,   8.,  63., 108., 240.],
        [ 78.,  14.,  60., 242.,   0.,   0.,   3.,  10.,  15.,   2.],
        [  2.,  65.,   3.,   7.,  47.,   5.,  12.,  13., 262.,  16.],
        [ 11.,   3., 294.,  15.,   2.,   0.,   7.,  12.,  14.,   1.],
        [  3.,   6.,   9.,   3., 258.,   1.,  24.,   7.,  24.,  32.],
        [  0., 292.,   6.,   6.,   1.,   4.,   5.,   9.,   6.,   2.],
        [  6.,   9.,   4.,   2.,  61.,   1.,  25.,  20.,  19., 158.],
        [  5.,   6.,   3.,  26.,   1., 272.,   3.,   1.,  15.,   3.],
        [  1.,   8.,  11.,   2.,   8.,   1., 302.,   9.,   9.,   9.],
        [ 22.,  11.,  15.,   3.,   8.,   0., 300.,   4.,   5.,  15.],
        [  0.,   6.,  31.,   1.,   3.,   5., 297.,   1.,   4.,   9.],
        [  6.,  10., 300.,   9.,   1.,   0.,   8.,   5.,  11.,  10.],
        [  2.,  12.,  25., 220.,  19.,   0.,   1.,   7.,  28.,   9.],
        [  4.,  15., 295.,  26.,   0.,   0.,   5.,  53.,   9.,   5.],
        [  5.,   6.,  96.,   1.,  69.,   0., 291.,   7.,   3.,   4.],
        [  0.,  14.,   3.,   3.,   1.,   2., 271.,   4.,   6.,   7.],
        [  3.,  12.,   6.,   3., 285.,   1.,  14.,   3.,  11.,  77.],
        [  4.,   6.,   3.,  34.,   0.,   0.,   2., 310.,   7.,  20.],
        [ 11.,  14.,  19., 274.,   2.,   0.,   0.,  11.,  71.,   1.]],
       device='cuda:0')
--- spikes (finish interval) ---
tensor([[0., 0., 0., 0., 0., 0., 0., 0., 0., 0.],
        [0., 0., 0., 0., 0., 0., 0., 1., 0., 0.],
        [1., 0., 0., 0., 0., 0., 0., 0., 0., 1.],
        [0., 0., 0., 0., 0., 0., 1., 0., 0., 0.],
        [0., 0., 0., 0., 0., 0., 0., 0., 0., 0.],
        [1., 0., 0., 0., 0., 0., 0., 0., 0., 0.],
        [0., 0., 0., 0., 0., 0., 0., 0., 0., 1.],
        [0., 0., 0., 0., 0., 0., 0., 0., 0., 0.],
        [0., 0., 0., 0., 0., 0., 0., 0., 0., 0.],
        [0., 0., 0., 0., 0., 0., 0., 0., 0., 0.],
        [0., 0., 0., 0., 0., 1., 0., 0., 0., 1.],
        [0., 0., 0., 0., 0., 0., 0., 0., 0., 0.],
        [0., 0., 0., 0., 1., 0., 0., 0., 0., 0.],
        [0., 0., 0., 0., 0., 0., 0., 0., 0., 0.],
        [0., 0., 0., 0., 0., 0., 0., 0., 0., 0.],
        [0., 1., 0., 0., 0., 0., 0., 0., 0., 0.],
        [0., 0., 0., 0., 0., 0., 0., 0., 0., 0.],
        [0., 0., 0., 0., 1., 0., 0., 0., 0., 0.],
        [0., 0., 0., 0., 0., 0., 0., 0., 0., 0.],
        [0., 0., 0., 0., 0., 0., 0., 0., 0., 0.],
        [0., 0., 0., 0., 0., 0., 0., 0., 0., 0.],
        [0., 0., 0., 0., 0., 0., 0., 0., 0., 0.],
        [0., 0., 0., 0., 0., 0., 0., 0., 0., 0.],
        [0., 0., 0., 0., 0., 0., 0., 0., 0., 1.],
        [0., 0., 0., 0., 0., 0., 0., 0., 0., 0.],
        [0., 0., 0., 0., 0., 0., 0., 0., 0., 0.],
        [0., 0., 0., 0., 0., 0., 0., 0., 0., 1.],
        [0., 0., 0., 0., 0., 0., 0., 1., 0., 0.],
        [0., 0., 0., 1., 0., 0., 0., 0., 0., 0.],
        [0., 0., 0., 0., 0., 0., 0., 0., 0., 0.],
        [0., 0., 0., 0., 0., 0., 0., 0., 0., 1.],
        [0., 0., 0., 0., 0., 0., 0., 0., 0., 0.],
        [0., 0., 0., 0., 0., 0., 0., 0., 0., 1.],
        [0., 0., 0., 0., 0., 0., 0., 0., 0., 0.],
        [0., 0., 0., 0., 0., 0., 0., 0., 1., 0.],
        [0., 0., 1., 0., 0., 0., 0., 0., 0., 0.],
        [0., 0., 0., 0., 0., 0., 0., 0., 0., 0.],
        [0., 0., 0., 0., 1., 0., 0., 0., 1., 0.],
        [0., 0., 0., 0., 0., 0., 1., 0., 0., 0.],
        [0., 0., 0., 0., 0., 0., 0., 0., 0., 0.],
        [0., 0., 0., 0., 0., 0., 0., 0., 0., 0.],
        [0., 0., 0., 0., 1., 0., 0., 0., 0., 0.],
        [0., 0., 0., 0., 0., 0., 0., 0., 0., 0.],
        [0., 0., 0., 0., 0., 0., 0., 0., 0., 0.],
        [0., 0., 0., 0., 0., 0., 0., 0., 1., 0.],
        [0., 0., 0., 0., 0., 0., 0., 0., 1., 0.],
        [0., 0., 0., 0., 0., 0., 0., 0., 0., 0.],
        [0., 0., 0., 0., 0., 0., 0., 0., 1., 0.],
        [0., 0., 1., 0., 0., 0., 0., 0., 0., 0.],
        [0., 0., 0., 0., 0., 0., 0., 0., 0., 0.],
        [0., 0., 0., 0., 0., 0., 0., 0., 0., 0.],
        [0., 0., 0., 0., 0., 0., 0., 0., 0., 0.],
        [0., 0., 0., 0., 0., 1., 0., 0., 0., 0.],
        [0., 0., 0., 0., 0., 0., 0., 0., 0., 0.],
        [0., 0., 0., 0., 0., 0., 0., 0., 0., 0.],
        [0., 0., 0., 0., 0., 0., 0., 0., 0., 0.],
        [0., 0., 0., 0., 0., 0., 0., 0., 0., 0.],
        [0., 0., 0., 0., 0., 0., 0., 0., 0., 0.],
        [0., 0., 1., 0., 0., 0., 0., 0., 0., 0.],
        [0., 0., 0., 0., 0., 0., 0., 0., 0., 0.],
        [0., 0., 0., 0., 0., 0., 1., 0., 0., 0.],
        [0., 0., 0., 0., 1., 0., 0., 0., 0., 0.],
        [0., 0., 0., 0., 0., 0., 0., 1., 0., 0.],
        [0., 0., 0., 0., 0., 0., 0., 0., 0., 0.]], device='cuda:0')
Epoch 1 | Batch 600
--- spikes (training) ---
tensor([[  6.,   0.,   0.,   0., 257.,   3.,   3.,   4.,   8.,  64.],
        [ 72.,   0.,   0.,  32.,   0., 252.,   1.,   0.,   3.,   7.],
        [  4.,   0.,   0.,   0., 227.,   2.,   6.,   0.,   1.,  93.],
        [ 17.,   0.,   0.,  11.,   0., 236.,   0.,   0.,  68.,  13.],
        [  8.,   0.,  27.,   0.,   7.,   0., 270.,   0.,   2.,   0.],
        [  7.,   9.,   2.,   0., 268.,  17.,   7.,   0.,   7.,  25.],
        [  4.,  56.,   1.,   4.,   3.,  46.,   2.,  10., 219.,  13.],
        [294.,   3.,  72.,  83.,  42.,   1.,   3.,   0.,   2.,   0.],
        [  9.,   0.,  27.,   2.,   2.,  77.,   1.,   0., 267.,  14.],
        [  9.,   9., 268.,   0.,   1.,   6.,   1.,   0.,  12.,   4.],
        [  6.,   0.,   0.,   4.,   2.,  16.,   3.,   0., 278.,  23.],
        [  1.,   1.,   0.,  41.,   1.,  29.,   0.,   3.,   9., 292.],
        [ 23.,   0.,   0.,  59.,   0., 293.,   0.,   0.,  13.,   4.],
        [  3.,   7.,  13.,  10.,   2.,   6.,   1., 275.,  14.,  16.],
        [  8.,   0.,   0.,   2.,   5.,   5.,   1., 277.,  33.,  10.],
        [ 10.,   0.,   0.,   2.,   4.,   2.,   0., 215.,   1.,   1.],
        [ 12.,   1.,   2., 243.,   2.,   9.,   2.,   0.,   5.,   2.],
        [ 58.,   0.,   0.,   7.,   3.,   6.,   0., 141.,   2.,   7.],
        [ 21.,  10.,  24.,   0.,   1., 257.,   0.,   0.,   7.,   6.],
        [ 24.,   0.,   0., 249.,   1.,  10.,   2.,   0., 121.,  11.],
        [ 24.,   0.,   1.,   0., 280.,   0.,   3.,   0.,   5.,   3.],
        [  5., 258.,  35.,  23.,   5.,   3.,   2.,   0.,  79.,   8.],
        [ 43.,   2.,   6., 244.,   1.,  20.,  12.,   0.,  16.,   7.],
        [  1.,   0.,   1.,  24.,   3.,   6.,   2., 268.,  19.,  13.],
        [  5.,   1., 259.,   1.,   8.,   3.,   9.,   0.,   8.,   7.],
        [  0., 266.,   0.,   1.,   0.,   1.,   1.,   1.,   4.,   4.],
        [ 52.,   0.,   0.,   0.,   1., 142.,  15.,   0.,  60.,   6.],
        [  2.,  86.,  64., 209.,   1.,   4.,   1.,   0.,   8.,   9.],
        [  0.,   0.,   0.,   4., 207., 125.,   0.,   0.,   3.,  53.],
        [ 16.,   1., 145.,  15.,   8.,   4.,   4.,   0.,   5.,   7.],
        [ 21.,   0.,   0.,   2.,  15.,   4.,   2.,  22.,  10., 197.],
        [ 46.,   1.,   0.,   2.,   1.,   7.,   1., 289.,  11.,   6.],
        [ 29.,   1., 270.,   0.,  20.,   3.,   7.,   0.,   4.,   1.],
        [ 13.,   0.,  28., 280.,   0.,   9.,   0.,   0.,   8.,   3.],
        [  9.,   3.,   1.,   0.,   2., 278.,   5.,   0.,   7.,   6.],
        [  1.,  44.,  27., 192.,   6.,   2.,  93.,   0.,   6.,  12.],
        [ 11.,  10.,   2.,   0.,   1., 265.,   8.,   1.,   4.,   5.],
        [  4.,   0.,  14.,   0., 255.,   0.,   2.,   0.,   1.,   2.],
        [  2., 289.,   1.,   7.,   4.,   5.,   1.,   2.,  11.,   6.],
        [319.,   0.,   0.,   2.,   0.,  12.,   3.,   1.,   2.,   2.],
        [  6.,   0.,   0.,   6.,   1.,   4.,   0., 282.,   5.,  21.],
        [  1.,   1.,   0.,   3.,   5.,   9.,   0.,   1.,   3., 298.],
        [  4.,   2.,   0.,   4.,   4.,  10.,   1.,  19.,   9., 281.],
        [  4.,   0.,   0.,  46.,  12.,   9.,   0.,   0.,   2., 256.],
        [  1.,  14.,   0.,   0.,   2.,   7., 276.,   0.,   8.,   3.],
        [ 13.,   0.,  72.,   1., 268.,   1.,  19.,   0.,   1.,   2.],
        [  3.,   2.,   0.,  11.,   2.,  11.,   1., 291.,  52.,  12.],
        [  2.,   1.,   0.,   0.,  17.,   2.,   2.,  49.,   6., 251.],
        [ 35.,   3., 239.,  81.,   3.,  12.,  64.,   0.,   1.,   4.],
        [ 26.,   0.,   0.,  34.,   0., 287.,   0.,   0.,   5.,   9.],
        [ 10.,   0.,   1.,   0.,   3.,  11., 315.,   0.,   1.,   2.],
        [  5.,   0.,   0.,   0.,   0.,  13., 308.,   0.,  12.,   4.],
        [  2., 297.,   4.,   5.,   1.,   5.,   6.,   3.,  12.,   8.],
        [  7.,   0.,   1.,   1.,   8.,  11.,   2.,   0., 245.,  53.],
        [  2.,   0.,   0., 268.,   4.,  22.,   0.,   1.,  19.,  17.],
        [ 66.,   0.,   0.,   0.,   0., 274.,   0.,   0., 105.,  20.],
        [  7.,   3.,   0.,   4.,   3.,  41.,   7., 253.,  10.,  23.],
        [  7.,  11.,   0.,   3.,   2., 228.,   4.,   0.,   5.,   4.],
        [  9.,   5.,   2.,   2.,   0.,   3.,   1., 275.,   8.,  11.],
        [  3.,   0.,   0.,   7.,   0., 261.,  13.,   0.,  28.,   8.],
        [ 19.,   0.,   0.,  17.,   4.,  15.,   0.,   0., 233.,  15.],
        [  9.,   0.,   4.,   0.,  31.,   0.,   1.,   0.,   1., 233.],
        [262.,   0.,   0.,   1.,   0.,  11.,  13.,   0., 104.,   8.],
        [281.,   0.,   0.,   0.,   0.,   1.,   3.,  63.,   1.,   1.]],
       device='cuda:0')
--- spikes (finish interval) ---
tensor([[0., 0., 0., 0., 1., 0., 0., 0., 0., 0.],
        [0., 0., 0., 0., 0., 1., 0., 0., 0., 0.],
        [0., 0., 0., 0., 1., 0., 0., 0., 0., 0.],
        [0., 0., 0., 0., 0., 0., 0., 0., 0., 0.],
        [0., 0., 0., 0., 0., 0., 0., 0., 0., 0.],
        [0., 0., 0., 0., 1., 0., 0., 0., 0., 0.],
        [0., 0., 0., 0., 0., 1., 0., 0., 0., 0.],
        [0., 0., 0., 0., 0., 0., 0., 0., 0., 0.],
        [0., 0., 0., 0., 0., 0., 0., 0., 0., 0.],
        [0., 0., 0., 0., 0., 0., 0., 0., 0., 0.],
        [0., 0., 0., 0., 0., 0., 0., 0., 0., 0.],
        [0., 0., 0., 0., 0., 0., 0., 0., 0., 0.],
        [0., 0., 0., 0., 0., 1., 0., 0., 0., 0.],
        [0., 0., 0., 0., 0., 0., 0., 0., 0., 0.],
        [0., 0., 0., 0., 0., 0., 0., 1., 0., 0.],
        [0., 0., 0., 0., 0., 0., 0., 1., 0., 0.],
        [0., 0., 0., 0., 0., 0., 0., 0., 0., 0.],
        [0., 0., 0., 0., 0., 0., 0., 0., 0., 0.],
        [0., 0., 0., 0., 0., 0., 0., 0., 0., 0.],
        [0., 0., 0., 0., 0., 0., 0., 0., 0., 0.],
        [0., 0., 0., 0., 0., 0., 0., 0., 0., 0.],
        [0., 1., 0., 0., 0., 0., 0., 0., 0., 0.],
        [0., 0., 0., 0., 0., 0., 0., 0., 0., 0.],
        [0., 0., 0., 0., 0., 0., 0., 0., 0., 0.],
        [0., 0., 0., 0., 0., 0., 0., 0., 0., 0.],
        [0., 0., 0., 0., 0., 0., 0., 0., 0., 0.],
        [0., 0., 0., 0., 0., 0., 0., 0., 0., 0.],
        [0., 0., 0., 1., 0., 0., 0., 0., 0., 0.],
        [0., 0., 0., 0., 0., 1., 0., 0., 0., 0.],
        [0., 0., 0., 0., 0., 0., 0., 0., 0., 0.],
        [0., 0., 0., 0., 0., 0., 0., 0., 0., 1.],
        [0., 0., 0., 0., 0., 0., 0., 0., 0., 0.],
        [0., 0., 0., 0., 0., 0., 0., 0., 0., 0.],
        [0., 0., 0., 0., 0., 0., 0., 0., 0., 0.],
        [0., 0., 0., 0., 0., 1., 0., 0., 0., 0.],
        [0., 0., 0., 0., 0., 0., 0., 0., 0., 0.],
        [0., 0., 0., 0., 0., 0., 0., 0., 0., 0.],
        [0., 0., 0., 0., 1., 0., 0., 0., 0., 0.],
        [0., 1., 0., 0., 0., 0., 0., 0., 0., 0.],
        [1., 0., 0., 0., 0., 0., 0., 0., 0., 0.],
        [0., 0., 0., 0., 0., 0., 0., 0., 0., 0.],
        [0., 0., 0., 0., 0., 0., 0., 0., 0., 1.],
        [0., 0., 0., 0., 0., 0., 0., 0., 0., 1.],
        [0., 0., 0., 0., 0., 0., 0., 0., 0., 1.],
        [0., 0., 0., 0., 0., 0., 1., 0., 0., 0.],
        [0., 0., 0., 0., 0., 0., 0., 0., 0., 0.],
        [0., 0., 0., 0., 0., 0., 0., 0., 0., 0.],
        [0., 0., 0., 0., 0., 0., 0., 0., 0., 0.],
        [0., 0., 0., 0., 0., 0., 0., 0., 0., 0.],
        [0., 0., 0., 0., 0., 1., 0., 0., 0., 0.],
        [0., 0., 0., 0., 0., 0., 1., 0., 0., 0.],
        [0., 0., 0., 0., 0., 0., 1., 0., 0., 0.],
        [0., 0., 0., 0., 0., 0., 0., 0., 0., 0.],
        [0., 0., 0., 0., 0., 0., 0., 0., 0., 0.],
        [0., 0., 0., 0., 0., 0., 0., 0., 0., 0.],
        [0., 0., 0., 0., 0., 1., 0., 0., 0., 0.],
        [0., 0., 0., 0., 0., 0., 0., 0., 0., 0.],
        [0., 0., 0., 0., 0., 1., 0., 0., 0., 0.],
        [0., 0., 0., 0., 0., 0., 0., 0., 0., 0.],
        [0., 0., 0., 0., 0., 0., 0., 0., 0., 0.],
        [0., 0., 0., 0., 0., 0., 0., 0., 0., 0.],
        [0., 0., 0., 0., 0., 0., 0., 0., 0., 1.],
        [0., 0., 0., 0., 0., 0., 0., 0., 0., 0.],
        [0., 0., 0., 0., 0., 0., 0., 0., 0., 0.]], device='cuda:0')
Epoch 1 | Batch 700
--- spikes (training) ---
tensor([[  0.,   3.,   6.,   0., 297.,   1.,  10.,   7., 123.,  31.],
        [  9.,   3.,   5.,  36.,   0.,   1.,  17.,   2., 268.,   7.],
        [  0.,  18.,   3.,  34.,  17.,   9.,   8.,   4.,  22., 268.],
        [143.,   4.,   4.,  31.,   1., 216.,   3.,   7.,  75.,   5.],
        [ 16.,   1.,  11.,   0.,   2.,  20., 308.,   1.,   3.,   5.],
        [  1.,  14.,   7.,   6.,  11.,   7.,  14.,   9., 192.,  46.],
        [  0.,   2.,   4., 249.,   0.,   1.,   0.,   0.,   3.,   1.],
        [310.,   0.,   6.,   6.,   0.,  14.,   4.,  10.,   6.,   6.],
        [  3.,  10., 155.,   2.,   1.,   5.,   4.,  12., 127.,  16.],
        [  0., 303.,   4.,   4.,   1.,   3.,  23.,   1.,  13.,   3.],
        [288.,   2.,  24.,   1.,   0.,   3.,   6.,  10.,   3.,   3.],
        [  0.,   4.,  12.,   9.,  15.,   1.,   5.,   8.,   8., 178.],
        [  0., 301.,   4.,   3.,   3.,   2.,   8.,   8.,  10.,   4.],
        [  0., 303.,   7.,   4.,   1.,   3.,   9.,   6.,  11.,   7.],
        [  0., 280.,   3.,   3.,   1.,   1.,   6.,   2.,  10.,   4.],
        [  0.,   2.,   2.,   2.,   7.,   4., 303.,   0.,   8.,  10.],
        [  0.,  64.,   7.,  11.,   8.,  20.,   6.,   8., 260.,  88.],
        [  0., 279.,   3.,   2.,   1.,   2.,  10.,   1.,  10.,   3.],
        [  0., 294.,   4.,   5.,   3.,   3.,   8.,   3.,  18.,   9.],
        [  0.,   2.,   1.,   4.,  52.,   1.,   8.,  14.,  27., 282.],
        [  8.,   3.,   2.,   5.,   7., 143.,   5.,   7.,  14.,  99.],
        [  4.,   3.,  13.,   1.,   3.,   1.,   4., 301.,   6.,   8.],
        [  0.,  14., 287.,   7.,   0.,   1.,   5.,   1.,   3.,   0.],
        [  0.,   6.,  31.,  46.,   2.,  53.,   9.,   3., 123.,  78.],
        [  0.,  20.,  11., 256.,   1.,   1.,   3.,   0.,  15.,   5.],
        [  0.,   6.,   6.,   2., 272.,   1.,   6.,   0.,   8.,  23.],
        [  0.,   2.,   2.,   1., 281.,   0.,  12.,   3., 135.,  62.],
        [  7.,   4.,   6.,  20.,   3.,   4.,   9.,   6., 287.,  12.],
        [  6.,   4.,  11.,  15.,   3.,   3.,   6.,  10., 286.,  31.],
        [ 38.,   0.,  34.,   0.,   3.,  36., 304.,   1.,   0.,   4.],
        [308.,   1.,  13.,   1.,   1.,   4.,   9.,   4.,   1.,   2.],
        [  0.,   4.,   0.,   4.,  19.,   2.,   6.,  51.,  10., 266.],
        [  1.,   2.,  10.,   0.,   5.,   1., 307.,   1.,   7.,   6.],
        [  0.,   3.,   4.,   6.,   6.,   6., 136.,   0.,   6.,   2.],
        [  0.,   1.,   6.,  28., 258.,   3.,  10.,   3.,   4.,  11.],
        [  0., 264.,   3.,   4.,   2.,   3.,  10.,   3.,  15.,   5.],
        [  0.,  11.,   2.,   1.,   7.,   1.,   3., 286.,   6.,  13.],
        [  4.,   2.,  12.,  14.,   0.,   3.,  23.,   1., 283.,   7.],
        [  0.,   1.,   8., 291.,   0.,  27.,   0.,   2.,  57.,   1.],
        [  2.,   9.,   7.,   1.,   8., 255.,   5.,   2.,   4.,   7.],
        [  0.,   2., 300.,   0.,   2.,   1.,  14.,   0.,   4.,   8.],
        [  0.,  91.,  37.,   0.,   3., 197.,   5.,   1.,   4.,   3.],
        [  0.,   9.,   5., 263.,   3.,   1.,   1.,   4.,   8.,   3.],
        [ 99.,   1.,   5.,  13.,   0., 220.,  29.,   4.,   2.,   2.],
        [  1.,   2.,   5.,   3., 283.,   5.,  15.,   0.,   6.,  28.],
        [  0., 288.,   2.,   2.,   1.,   1.,   8.,   1.,   7.,   2.],
        [  0., 285.,   2.,   1.,   1.,   0.,   7.,   1.,   5.,   1.],
        [ 13.,   1.,   7.,   0.,   3.,   7., 309.,   0.,   6.,   5.],
        [  0.,   8.,   4., 205.,   1.,   5.,   4.,   0.,  12.,   3.],
        [  3.,   7.,   7.,   2.,  50.,   1.,   8.,  31.,  52., 276.],
        [  0.,   3., 219.,   1.,   1.,   0.,   3.,   0.,   3.,  10.],
        [  0., 301.,   4.,   3.,   3.,   2.,  11.,   8.,  10.,   4.],
        [  2.,   6.,   9.,  14.,   8.,  12.,   5.,   4., 284., 109.],
        [180.,   1.,   9.,  17.,   0.,  17.,   1.,  12.,   5.,   1.],
        [  6.,   0., 303.,   0.,   1.,   0.,   5.,   0.,   1.,   0.],
        [  3.,   5.,   3.,  28.,   4.,  42.,   6.,   3., 282.,  14.],
        [  0.,   3.,   4.,   1., 290.,   3.,  18.,   3.,   7.,  67.],
        [309.,   1.,  10.,   0.,   2.,   1.,  23.,   7.,   3.,   5.],
        [  0.,   5.,   3.,   4.,  71.,   3.,  14.,   3.,  23., 286.],
        [  0.,   2.,   6.,   2.,   5.,   2., 282.,   0.,  13.,   8.],
        [  0.,  13., 150.,  15.,   0.,   3.,   2.,   0.,   9.,   0.],
        [  0., 303.,   3.,   3.,   3.,   2.,   7.,   7.,   9.,   4.],
        [  0.,   4.,   4.,   1.,   4.,   1., 283.,   0.,   7.,   4.],
        [  0.,   2.,  11.,   2., 273.,   1.,  14.,   0.,  10.,  15.]],
       device='cuda:0')
--- spikes (finish interval) ---
tensor([[0., 0., 0., 0., 0., 0., 0., 0., 0., 0.],
        [0., 0., 0., 0., 0., 0., 0., 0., 1., 0.],
        [0., 0., 0., 0., 0., 0., 0., 0., 0., 0.],
        [0., 0., 0., 0., 0., 1., 0., 0., 0., 0.],
        [0., 0., 0., 0., 0., 0., 1., 0., 0., 0.],
        [0., 0., 0., 0., 0., 0., 0., 0., 0., 0.],
        [0., 0., 0., 1., 0., 0., 0., 0., 0., 0.],
        [0., 0., 0., 0., 0., 0., 0., 0., 0., 0.],
        [0., 0., 0., 0., 0., 0., 0., 0., 0., 0.],
        [0., 1., 0., 0., 0., 0., 0., 0., 0., 0.],
        [0., 0., 0., 0., 0., 0., 0., 0., 0., 0.],
        [0., 0., 0., 0., 0., 0., 0., 0., 0., 0.],
        [0., 1., 0., 0., 0., 0., 0., 0., 0., 0.],
        [0., 1., 0., 0., 0., 0., 0., 0., 0., 0.],
        [0., 1., 0., 0., 0., 0., 0., 0., 0., 0.],
        [0., 0., 0., 0., 0., 0., 0., 0., 0., 0.],
        [0., 0., 0., 0., 0., 0., 0., 0., 1., 0.],
        [0., 0., 0., 0., 0., 0., 0., 0., 0., 0.],
        [0., 0., 0., 0., 0., 0., 0., 0., 0., 0.],
        [0., 0., 0., 0., 0., 0., 0., 0., 0., 1.],
        [0., 0., 0., 0., 0., 0., 0., 0., 0., 0.],
        [0., 0., 0., 0., 0., 0., 0., 1., 0., 0.],
        [0., 0., 1., 0., 0., 0., 0., 0., 0., 0.],
        [0., 0., 0., 1., 0., 0., 0., 0., 0., 0.],
        [0., 0., 0., 0., 0., 0., 0., 0., 0., 0.],
        [0., 0., 0., 0., 0., 0., 0., 0., 0., 0.],
        [0., 0., 0., 0., 1., 0., 0., 0., 0., 0.],
        [0., 0., 0., 0., 0., 0., 0., 0., 1., 0.],
        [0., 0., 0., 0., 0., 0., 0., 0., 0., 0.],
        [0., 0., 0., 0., 0., 0., 1., 0., 0., 0.],
        [0., 0., 0., 0., 0., 0., 0., 0., 0., 0.],
        [0., 0., 0., 0., 0., 0., 0., 0., 0., 1.],
        [0., 0., 0., 0., 0., 0., 1., 0., 0., 0.],
        [0., 0., 0., 0., 0., 0., 0., 0., 0., 0.],
        [0., 0., 0., 0., 0., 0., 0., 0., 0., 0.],
        [0., 0., 0., 0., 0., 0., 0., 0., 0., 0.],
        [0., 0., 0., 0., 0., 0., 0., 1., 0., 0.],
        [0., 0., 0., 0., 0., 0., 0., 0., 0., 0.],
        [0., 0., 0., 1., 0., 0., 0., 0., 0., 0.],
        [0., 0., 0., 0., 0., 1., 0., 0., 0., 0.],
        [0., 0., 0., 0., 0., 0., 0., 0., 0., 0.],
        [0., 0., 0., 0., 0., 0., 0., 0., 0., 0.],
        [0., 0., 0., 0., 0., 0., 0., 0., 0., 0.],
        [0., 0., 0., 0., 0., 0., 0., 0., 0., 0.],
        [0., 0., 0., 0., 1., 0., 0., 0., 0., 0.],
        [0., 1., 0., 0., 0., 0., 0., 0., 0., 0.],
        [0., 1., 0., 0., 0., 0., 0., 0., 0., 0.],
        [0., 0., 0., 0., 0., 0., 0., 0., 0., 0.],
        [0., 0., 0., 0., 0., 0., 0., 0., 0., 0.],
        [0., 0., 0., 0., 0., 0., 0., 0., 0., 1.],
        [0., 0., 0., 0., 0., 0., 0., 0., 0., 0.],
        [0., 1., 0., 0., 0., 0., 0., 0., 0., 0.],
        [0., 0., 0., 0., 0., 0., 0., 0., 1., 0.],
        [1., 0., 0., 0., 0., 0., 0., 0., 0., 0.],
        [0., 0., 1., 0., 0., 0., 0., 0., 0., 0.],
        [0., 0., 0., 0., 0., 0., 0., 0., 1., 0.],
        [0., 0., 0., 0., 0., 0., 0., 0., 0., 0.],
        [0., 0., 0., 0., 0., 0., 0., 0., 0., 0.],
        [0., 0., 0., 0., 0., 0., 0., 0., 0., 0.],
        [0., 0., 0., 0., 0., 0., 0., 0., 0., 0.],
        [0., 0., 0., 0., 0., 0., 0., 0., 0., 0.],
        [0., 1., 0., 0., 0., 0., 0., 0., 0., 0.],
        [0., 0., 0., 0., 0., 0., 1., 0., 0., 0.],
        [0., 0., 0., 0., 0., 0., 0., 0., 0., 0.]], device='cuda:0')
Epoch 1 | Batch 800
--- spikes (training) ---
tensor([[ 31.,   4.,   1.,   8.,   4.,  67., 202.,   9.,  10.,   4.],
        [ 11.,   3.,   3.,   1.,   4.,   0.,   3., 302.,  12.,  23.],
        [ 22.,   4.,  20.,   1.,  20.,   1., 293.,   8.,   9.,   5.],
        [290.,   0.,   6.,  43.,   1.,   0.,   0.,   5.,   5.,   1.],
        [  2.,  17.,   1.,   3.,   2., 246.,   2.,   2.,   7.,   6.],
        [  1., 289.,   6.,   5.,   2.,   2.,  11.,   8.,  11.,   5.],
        [  1., 279.,   3.,   5.,   2.,   2.,   5.,   8.,   8.,   5.],
        [  1.,   5., 214.,   7.,  55.,   3.,  10.,   3.,  13., 244.],
        [311.,   1.,  20.,  10.,   0.,   0.,   1.,  17.,   7.,   4.],
        [  4.,  51.,   3.,   2.,   5.,  41.,  11.,   5., 122.,   4.],
        [  4.,   9.,   0.,   5.,  38.,  36.,  12.,  28.,  10., 247.],
        [  4.,   2.,   7.,   3.,   2.,   0.,   4., 291.,  11.,  11.],
        [  3.,  34.,   1.,   3.,   6.,   1.,   3., 295.,   8.,  17.],
        [312.,   0.,   5.,  18.,   0.,   1.,   0.,  10.,  13.,   2.],
        [ 10.,   2.,   4.,   0., 284.,   0.,   5.,  12.,   5.,   5.],
        [  3.,   7.,   5.,   0.,   3.,   1., 296.,   5.,  27.,   4.],
        [298.,   0.,   8.,   3.,   5.,   1.,  62.,  10.,   8.,   3.],
        [ 17.,   3.,  14.,   1.,  41.,   1.,   5.,   5., 283.,   2.],
        [  2.,   7.,   0.,   7.,  22.,   6.,   4.,  25.,   6., 220.],
        [  1., 288.,   4.,   5.,   1.,   2.,  10.,   6.,   9.,   5.],
        [ 10.,   2.,  24.,   0.,  11.,   0., 310.,   9.,  22.,   2.],
        [ 11.,  26.,   8.,   1.,  14., 100.,  11.,  10., 272.,   5.],
        [ 23.,   2.,   1., 156.,   0.,   0.,   2.,  13.,   7.,   1.],
        [311.,   3.,   9.,   1.,   5.,   1.,   6.,  27.,   5.,   4.],
        [  1.,  50.,   4.,  45.,   7.,   2.,   8.,   6., 256.,   4.],
        [  5.,   4.,  17.,   3.,   2.,   0.,   5., 280.,  11.,  10.],
        [309.,   1.,  12.,   6.,   9.,   1.,  12.,  10.,  22.,   3.],
        [269.,   2.,  19.,  15.,  15.,   1.,  16.,   6.,   6.,   1.],
        [  9.,   6.,   0.,   4.,  77.,   0.,   5.,  19.,   6., 280.],
        [  1., 215.,  35.,   6.,   8.,   2.,  23.,  42.,  31.,  19.],
        [  9.,   2.,   7.,   4.,  19.,   0.,   4.,  11.,   8., 269.],
        [  7.,  29.,   1.,   3.,   6.,  28.,   6., 163.,  10.,  15.],
        [  6.,   2.,   5.,   0.,   2.,   1., 290.,   5.,   8.,   2.],
        [  2.,   1.,   0.,   5., 269.,   6.,   5.,   6.,   6.,   9.],
        [  2.,   0.,   1.,   3.,   2.,   0.,   2., 267.,   1.,   5.],
        [  9.,  68.,  87.,  41.,   1.,   0.,  13.,   6.,  21.,   0.],
        [  1., 283.,   4.,   7.,   2.,   3.,   7.,  13.,   7.,   6.],
        [  4.,   1.,   2., 288.,   2.,  23.,  12.,   2.,   3.,   4.],
        [  1.,   1.,   3.,  35.,  80.,   0.,   6.,  26.,   7.,  23.],
        [ 17.,   1.,  10.,   0., 198.,   1.,  21.,  18.,  53.,   3.],
        [ 47.,   2.,  16.,  23.,   4.,   5.,   3.,   4., 238.,   3.],
        [  5.,   1.,   4.,   3., 280.,   1.,   9.,   7.,   5.,  35.],
        [ 23.,   1.,   6.,   0., 231.,   1.,  66.,  12., 126.,  10.],
        [  1.,   8., 281.,   4.,   5.,   1.,  40.,   4.,  16.,   1.],
        [ 29.,   6., 295.,   6.,   7.,   0.,  27.,   5.,  77.,  17.],
        [ 10.,   4.,   4.,   0., 272.,   0.,   8.,  28.,   8.,  21.],
        [ 27.,   8.,   6.,   2.,  23.,  79.,  11.,   6., 269.,   8.],
        [ 15.,   6., 302.,   8.,   1.,   0.,  27.,   4.,  26.,   0.],
        [  0., 260.,   4.,   2.,   1.,   1.,   5.,   2.,   8.,   3.],
        [  8.,   2., 303.,  22.,   0.,   1.,  21.,   8.,  10.,   1.],
        [ 19.,   9., 299.,   4.,   2.,   0.,  25.,   8., 110.,   2.],
        [  3., 121., 258.,   3.,   0.,  33.,  28.,   3.,   6.,   3.],
        [  5.,   6.,   1.,   6.,  14.,   2.,   2., 292.,   5.,  19.],
        [  1.,   5.,   0.,  50.,  13.,  56.,   3.,  14.,  60.,  99.],
        [ 23.,   0.,   0.,   8.,   4., 284.,   6.,   4.,   7.,  10.],
        [ 11.,   1., 276., 149.,   5.,   3.,  14.,   2.,   3.,   3.],
        [ 14.,   2.,   1.,   3.,   5.,   0.,   2., 166.,   5.,  37.],
        [310.,   1.,   1.,   8.,   1.,   6.,   8.,  38.,  13.,   4.],
        [ 18.,   7.,  13.,   2., 257.,   0.,  35.,  15.,   9.,  24.],
        [  1.,  46., 211.,  22.,   1.,   3.,   7.,   6.,   7.,   1.],
        [  9.,   3., 199.,   2.,  42.,   1.,  10.,  10.,   3.,   7.],
        [  8.,   1.,   7.,   1.,   6.,   4., 302.,   8.,  10.,   2.],
        [  3.,  12., 285.,   3.,   2.,   1.,  32.,   5.,  14.,   5.],
        [ 13.,   1.,   1.,   3.,  12.,   0.,   5., 296.,  10.,  18.]],
       device='cuda:0')
--- spikes (finish interval) ---
tensor([[0., 0., 0., 0., 0., 0., 0., 0., 0., 0.],
        [0., 0., 0., 0., 0., 0., 0., 1., 0., 0.],
        [0., 0., 0., 0., 0., 0., 0., 0., 0., 0.],
        [0., 0., 0., 0., 0., 0., 0., 0., 0., 0.],
        [0., 0., 0., 0., 0., 1., 0., 0., 0., 0.],
        [0., 1., 0., 0., 0., 0., 0., 0., 0., 0.],
        [0., 1., 0., 0., 0., 0., 0., 0., 0., 0.],
        [0., 0., 1., 0., 0., 0., 0., 0., 0., 0.],
        [1., 0., 0., 0., 0., 0., 0., 0., 0., 0.],
        [0., 0., 0., 0., 0., 0., 0., 0., 0., 0.],
        [0., 0., 0., 0., 0., 0., 0., 0., 0., 0.],
        [0., 0., 0., 0., 0., 0., 0., 1., 0., 0.],
        [0., 0., 0., 0., 0., 0., 0., 1., 0., 0.],
        [1., 0., 0., 0., 0., 0., 0., 0., 0., 0.],
        [0., 0., 0., 0., 0., 0., 0., 0., 0., 0.],
        [0., 0., 0., 0., 0., 0., 1., 0., 0., 0.],
        [0., 0., 0., 0., 0., 0., 0., 0., 0., 0.],
        [0., 0., 0., 0., 0., 0., 0., 0., 0., 0.],
        [0., 0., 0., 0., 0., 0., 0., 0., 0., 0.],
        [0., 0., 0., 0., 0., 0., 0., 0., 0., 0.],
        [0., 0., 0., 0., 0., 0., 1., 0., 0., 0.],
        [0., 0., 0., 0., 0., 0., 0., 0., 1., 0.],
        [0., 0., 0., 0., 0., 0., 0., 0., 0., 0.],
        [0., 0., 0., 0., 0., 0., 0., 0., 0., 0.],
        [0., 0., 0., 0., 0., 0., 0., 0., 1., 0.],
        [0., 0., 0., 0., 0., 0., 0., 1., 0., 0.],
        [1., 0., 0., 0., 0., 0., 0., 0., 0., 0.],
        [0., 0., 0., 0., 0., 0., 0., 0., 0., 0.],
        [0., 0., 0., 0., 0., 0., 0., 0., 0., 0.],
        [0., 1., 0., 0., 0., 0., 0., 0., 0., 0.],
        [0., 0., 0., 0., 0., 0., 0., 0., 0., 0.],
        [0., 0., 0., 0., 0., 0., 0., 0., 0., 0.],
        [0., 0., 0., 0., 0., 0., 1., 0., 0., 0.],
        [0., 0., 0., 0., 0., 0., 0., 0., 0., 0.],
        [0., 0., 0., 0., 0., 0., 0., 0., 0., 0.],
        [0., 0., 0., 0., 0., 0., 0., 0., 0., 0.],
        [0., 0., 0., 0., 0., 0., 0., 0., 0., 0.],
        [0., 0., 0., 1., 0., 0., 0., 0., 0., 0.],
        [0., 0., 0., 0., 0., 0., 0., 0., 0., 0.],
        [0., 0., 0., 0., 0., 0., 0., 0., 0., 0.],
        [0., 0., 0., 0., 0., 0., 0., 0., 1., 0.],
        [0., 0., 0., 0., 0., 0., 0., 0., 0., 0.],
        [0., 0., 0., 0., 0., 0., 0., 0., 1., 0.],
        [0., 0., 1., 0., 0., 0., 0., 0., 0., 0.],
        [0., 0., 1., 0., 0., 0., 0., 0., 0., 0.],
        [0., 0., 0., 0., 0., 0., 0., 0., 0., 0.],
        [0., 0., 0., 0., 0., 0., 0., 0., 1., 0.],
        [0., 0., 0., 0., 0., 0., 0., 0., 0., 0.],
        [0., 1., 0., 0., 0., 0., 0., 0., 0., 0.],
        [0., 0., 1., 0., 0., 0., 0., 0., 0., 0.],
        [0., 0., 0., 0., 0., 0., 0., 0., 0., 0.],
        [0., 0., 1., 0., 0., 0., 0., 0., 0., 0.],
        [0., 0., 0., 0., 0., 0., 0., 0., 0., 0.],
        [0., 0., 0., 0., 0., 0., 0., 0., 0., 0.],
        [0., 0., 0., 0., 0., 1., 0., 0., 0., 0.],
        [0., 0., 1., 0., 0., 0., 0., 0., 0., 0.],
        [0., 0., 0., 0., 0., 0., 0., 0., 0., 0.],
        [0., 0., 0., 0., 0., 0., 0., 0., 0., 0.],
        [0., 0., 0., 0., 0., 0., 0., 0., 0., 0.],
        [0., 0., 1., 0., 0., 0., 0., 0., 0., 0.],
        [0., 0., 0., 0., 0., 0., 0., 0., 0., 0.],
        [0., 0., 0., 0., 0., 0., 1., 0., 0., 0.],
        [0., 0., 0., 0., 0., 0., 0., 0., 0., 0.],
        [0., 0., 0., 0., 0., 0., 0., 1., 0., 0.]], device='cuda:0')
Epoch 1 | Batch 900
--- spikes (training) ---
tensor([[ 10.,   2.,   3., 249.,   5., 135.,   1.,   9.,  14.,   2.],
        [  4.,  80.,  11.,   8.,   5.,  11.,  13.,   1., 238.,   3.],
        [  0., 111.,   7.,   9.,  29.,  14.,   0.,   0., 132.,   0.],
        [  1.,  27.,   6., 275.,   5.,  11.,   0.,   3.,  45.,   1.],
        [  1.,   6.,  10.,   0., 254.,  18.,   4.,   8.,   4.,  40.],
        [ 28.,   4., 173.,   3.,   2.,  14., 104.,   1.,   5.,   0.],
        [  0., 272.,   5.,   5.,   5.,   7.,   2.,   3.,   6.,   1.],
        [313.,   0.,  10.,   0.,   7.,  13.,   0.,   4.,   1.,   0.],
        [  4.,   4.,  19.,   0., 288.,  12.,   6.,   8.,   5.,   7.],
        [  6.,  20.,  15.,   8.,   8.,  10.,   4.,   4., 255.,   1.],
        [ 11.,   0., 296.,   1.,  19.,   7.,   3.,   1.,   1.,   5.],
        [  7.,   1.,   6.,   3.,  10.,  35.,   0.,  27.,   9., 265.],
        [ 12.,   1.,   4.,   3.,   2., 225.,   4.,   3.,   2.,   1.],
        [  5.,   4.,  12.,   0.,  11.,  17., 284.,   1.,  89.,  11.],
        [  0., 239.,  12.,   9.,  27.,  12.,   3.,   1.,  96.,   0.],
        [  6.,  23.,  12.,   1.,  13.,  12., 275.,   1.,  14.,   3.],
        [289.,   0.,  38.,   3.,   2.,   6.,   0.,   0.,   0.,   0.],
        [ 18.,   0.,   4.,   4.,  15., 290.,   1.,   6.,   8.,  95.],
        [  0., 287.,   9.,  17.,   1.,   6.,  10.,  10.,   7.,   1.],
        [ 17.,   6.,   3.,   3.,  14.,  31., 222.,   0.,  60.,   5.],
        [304.,   0.,  48.,   1.,   0.,  19.,   0.,   2.,   0.,   0.],
        [ 11.,   9.,  24., 287.,   9.,  12.,   2.,   3.,   4.,   0.],
        [ 11.,   2.,   6.,  33.,   5., 285.,  12.,   0.,   4.,   2.],
        [  2.,   1.,   9.,   0.,   7.,   8., 268.,   0.,   2.,   3.],
        [  9.,   7., 132.,   3.,   9.,  13.,   0., 282.,   8.,  33.],
        [ 11.,   0.,   5.,  19.,   2., 163.,   0.,   2.,  76.,   0.],
        [308.,   0.,  12.,   1.,   3.,   7.,   3.,   4.,   2.,   1.],
        [  1.,   1.,   8.,   0., 250.,  15.,   1.,   2.,   3.,   7.],
        [ 10.,  15.,  19., 285.,   9.,  17.,   1.,   4.,   3.,   1.],
        [  7.,   3.,   5.,   3.,   8.,  51.,   0.,  37.,   5., 276.],
        [  0., 283.,   4.,   4.,   2.,   9.,  12.,   2.,  11.,   2.],
        [  4.,  20.,   5.,   4.,  10., 276.,   3.,   0.,   5.,   3.],
        [ 74.,   1.,   6.,   1.,  48.,   5.,   0., 136.,   0.,   3.],
        [  5.,   1.,   8.,   0., 308.,   5.,   3.,   6.,   4.,   4.],
        [  5.,   1., 297., 145.,   5.,   7.,   3.,   2.,   3.,   0.],
        [  5.,   3.,  27.,   2.,  35.,  25.,   1.,   4.,   3., 238.],
        [  6.,   3., 261.,   4.,  10.,   8.,   6.,   1.,   6.,   2.],
        [ 38.,  71.,   5.,   0.,  14., 255.,   1.,   3.,   3.,   1.],
        [  2.,   4.,   4.,   2.,   3.,  13., 267.,   0.,  75.,   3.],
        [306.,   0.,  20.,   1.,   2.,   9.,  24.,   3.,   1.,   0.],
        [  5.,   5.,   6.,   4.,  12.,  18.,   1.,  85.,   5., 284.],
        [ 70.,   0.,  26.,   0.,  17.,   8., 273.,   1.,   1.,   1.],
        [ 49.,   0.,  21.,   0., 249.,   3.,  19.,   0.,   0.,   0.],
        [  8.,   0.,   7., 272.,   9.,  85.,   1.,   1.,  12.,   0.],
        [  9.,   1.,   4.,   2.,   7., 290.,   9.,   1.,  14.,  34.],
        [  7.,   3.,   5.,   4.,  11.,   9.,   1., 265.,   2.,  57.],
        [ 12.,  75.,  27., 279.,   5.,  16.,   1.,   4.,   3.,   1.],
        [  9.,   5.,   9.,  16.,   4.,  33.,   0.,   1., 223.,   7.],
        [  3.,  20., 236.,   7.,   2.,   9.,  19.,   1.,   4.,   0.],
        [ 25.,   2.,  15.,   0.,   6.,  10., 294.,   1.,   1.,   2.],
        [284.,   0.,  17.,   5.,   4.,  11.,   3.,   5.,  24.,  23.],
        [ 14.,   1.,   7., 252.,   4.,  88.,   0.,   4.,  13.,   1.],
        [ 60.,   1.,   5.,   3.,   1.,  11.,   0., 272.,   1.,   5.],
        [ 16.,   2.,   4.,   1.,   7., 279.,   2.,   1.,  44.,   5.],
        [  6.,   4., 107.,   7.,  10.,  12.,   0., 261.,   4.,  13.],
        [ 18.,   0., 219.,   8.,  19.,   8.,   4.,   0.,   1.,   0.],
        [  3.,  40.,   6., 267.,   3.,  11.,   1.,   4.,   6.,   1.],
        [  5.,  16.,   9.,   2., 150.,   9.,  10.,   3.,   7.,   3.],
        [  0.,  11., 234.,   8.,   1.,   6.,  16.,   1.,   1.,   0.],
        [  2.,  35.,  17.,  27.,   7.,   7.,   0., 280.,   5.,  13.],
        [  0., 270.,   5.,   4.,   6.,  10.,   1.,   1.,  14.,   0.],
        [  4.,   2.,  10.,   0., 259.,  32.,   4.,   9.,   6.,  90.],
        [  7.,   2.,  33., 285.,   9.,  29.,   0.,   0.,   3.,   1.],
        [  9.,   6.,   8.,   1.,  14.,   9.,  14.,   7., 191.,  30.]],
       device='cuda:0')
--- spikes (finish interval) ---
tensor([[0., 0., 0., 1., 0., 0., 0., 0., 0., 0.],
        [0., 0., 0., 0., 0., 0., 0., 0., 0., 0.],
        [0., 0., 0., 0., 0., 0., 0., 0., 1., 0.],
        [0., 0., 0., 1., 0., 0., 0., 0., 0., 0.],
        [0., 0., 0., 0., 0., 0., 0., 0., 0., 0.],
        [0., 0., 0., 0., 0., 0., 0., 0., 0., 0.],
        [0., 0., 0., 0., 0., 0., 0., 0., 0., 0.],
        [1., 0., 0., 0., 0., 0., 0., 0., 0., 0.],
        [0., 0., 0., 0., 1., 0., 0., 0., 0., 0.],
        [0., 0., 0., 0., 0., 0., 0., 0., 0., 0.],
        [0., 0., 0., 0., 0., 0., 0., 0., 0., 0.],
        [0., 0., 0., 0., 0., 0., 0., 0., 0., 0.],
        [0., 0., 0., 0., 0., 1., 0., 0., 0., 0.],
        [0., 0., 0., 0., 0., 0., 1., 0., 0., 0.],
        [0., 0., 0., 0., 0., 0., 0., 0., 0., 0.],
        [0., 0., 0., 0., 0., 0., 0., 0., 0., 0.],
        [0., 0., 0., 0., 0., 0., 0., 0., 0., 0.],
        [0., 0., 0., 0., 0., 0., 0., 0., 0., 0.],
        [0., 1., 0., 0., 0., 0., 0., 0., 0., 0.],
        [0., 0., 0., 0., 0., 0., 0., 0., 0., 0.],
        [1., 0., 0., 0., 0., 0., 0., 0., 0., 0.],
        [0., 0., 0., 0., 0., 0., 0., 0., 0., 0.],
        [0., 0., 0., 0., 0., 1., 0., 0., 0., 0.],
        [0., 0., 0., 0., 0., 0., 1., 0., 0., 0.],
        [0., 0., 0., 0., 0., 0., 0., 1., 0., 0.],
        [0., 0., 0., 0., 0., 1., 0., 0., 0., 0.],
        [0., 0., 0., 0., 0., 0., 0., 0., 0., 0.],
        [0., 0., 0., 0., 1., 0., 0., 0., 0., 0.],
        [0., 0., 0., 1., 0., 0., 0., 0., 0., 0.],
        [0., 0., 0., 0., 0., 0., 0., 0., 0., 0.],
        [0., 0., 0., 0., 0., 0., 0., 0., 0., 0.],
        [0., 0., 0., 0., 0., 1., 0., 0., 0., 0.],
        [0., 0., 0., 0., 0., 0., 0., 0., 0., 0.],
        [0., 0., 0., 0., 1., 0., 0., 0., 0., 0.],
        [0., 0., 1., 1., 0., 0., 0., 0., 0., 0.],
        [0., 0., 0., 0., 0., 0., 0., 0., 0., 0.],
        [0., 0., 1., 0., 0., 0., 0., 0., 0., 0.],
        [0., 0., 0., 0., 0., 0., 0., 0., 0., 0.],
        [0., 0., 0., 0., 0., 0., 0., 0., 0., 0.],
        [0., 0., 0., 0., 0., 0., 0., 0., 0., 0.],
        [0., 0., 0., 0., 0., 0., 0., 0., 0., 0.],
        [0., 0., 0., 0., 0., 0., 0., 0., 0., 0.],
        [0., 0., 0., 0., 0., 0., 0., 0., 0., 0.],
        [0., 0., 0., 1., 0., 0., 0., 0., 0., 0.],
        [0., 0., 0., 0., 0., 1., 0., 0., 0., 0.],
        [0., 0., 0., 0., 0., 0., 0., 1., 0., 0.],
        [0., 0., 0., 1., 0., 0., 0., 0., 0., 0.],
        [0., 0., 0., 0., 0., 0., 0., 0., 0., 0.],
        [0., 0., 0., 0., 0., 0., 0., 0., 0., 0.],
        [0., 0., 0., 0., 0., 0., 0., 0., 0., 0.],
        [0., 0., 0., 0., 0., 0., 0., 0., 0., 0.],
        [0., 0., 0., 0., 0., 0., 0., 0., 0., 0.],
        [0., 0., 0., 0., 0., 0., 0., 0., 0., 0.],
        [0., 0., 0., 0., 0., 0., 0., 0., 0., 0.],
        [0., 0., 0., 0., 0., 0., 0., 1., 0., 0.],
        [0., 0., 0., 0., 0., 0., 0., 0., 0., 0.],
        [0., 0., 0., 0., 0., 0., 0., 0., 0., 0.],
        [0., 0., 0., 0., 0., 0., 0., 0., 0., 0.],
        [0., 0., 0., 0., 0., 0., 0., 0., 0., 0.],
        [0., 0., 0., 0., 0., 0., 0., 1., 0., 0.],
        [0., 0., 0., 0., 0., 0., 0., 0., 0., 0.],
        [0., 0., 0., 0., 0., 0., 0., 0., 0., 0.],
        [0., 0., 0., 0., 0., 0., 0., 0., 0., 0.],
        [0., 0., 0., 0., 0., 0., 0., 0., 1., 0.]], device='cuda:0')
Switching label layer to Inference Mode (LIF)...
Epoch 1 DONE | Test Acc: 76.53% | Time: 1075.8s
Switching label layer back to Training Mode (Clamp)...
Epoch 2 | Batch 0
--- spikes (training) ---
tensor([[  5.,   8., 108.,   5.,   0.,   4.,  20.,  10., 152.,   2.],
        [  6.,   0.,   3.,   6.,   0., 279.,   2.,   4.,  17.,  85.],
        [  1.,   4.,   6.,   4.,   3.,   3.,   4.,  29.,  21., 264.],
        [  0.,   3.,  11.,   2.,   0.,   1.,   2., 288.,   8.,  21.],
        [  9.,   6.,  12.,   3., 246.,   1.,  14.,   9.,  68.,   7.],
        [ 34.,   0.,  32., 286.,   0.,  11.,   2.,   6.,   9.,   0.],
        [  1.,   8.,   6.,   2.,   1.,  29.,   6.,  46.,  17., 273.],
        [ 16.,   1., 304.,  10.,   5.,   4.,   2.,   2.,  15.,   0.],
        [ 10.,   0.,  12.,  18.,   0., 279.,   2.,   4.,  21.,  11.],
        [  0., 286.,  11.,   5.,   0.,   7.,  15.,  13.,  17.,   7.],
        [ 42.,   2.,  15.,  14.,   0., 244.,   7.,   4.,   8.,   2.],
        [  8.,   2., 299.,  12.,   3.,   3.,   1.,   4., 103.,   1.],
        [  0., 275.,  13.,   5.,   0.,   4.,   9.,  15.,   6.,   3.],
        [  1., 293.,  17.,   7.,   0.,   5.,   7.,  14.,  11.,   4.],
        [ 11.,  29.,  19.,  13.,   0.,   8.,  10.,   7., 278.,   5.],
        [ 12.,  81.,  32.,   1.,   2.,  46., 284.,   3.,  19.,   7.],
        [  0., 281.,  12.,   5.,   0.,   4.,   8.,  12.,   8.,   3.],
        [126.,   0.,  66., 292.,   0.,   9.,   2.,   4.,   6.,   1.],
        [  7.,   7.,   8.,   2.,   2.,  50.,   6.,  20.,  19., 265.],
        [  7.,   2.,  19.,   0.,  46.,   0., 272.,   6.,  13.,   1.],
        [  0.,  11.,   5.,   6.,   0.,   7.,   2., 104.,  10., 155.],
        [  8.,  16.,  18.,   5.,   0.,  10.,   5.,  10., 253.,  12.],
        [ 13.,   1.,   5.,  16.,   0., 270.,   3.,   4.,  12.,   4.],
        [ 17.,   4.,  16.,   5.,   0., 271.,   3.,   3.,  18.,   3.],
        [122.,   0.,   7.,  11.,   0., 221.,   9.,   4.,  12.,   3.],
        [ 35.,   1.,  11.,  15.,   0.,  68.,   2.,   5., 231.,   5.],
        [ 68.,   7.,  31., 264.,   0.,   9.,   4.,   8.,  20.,   3.],
        [  0., 257.,  39.,   6.,   0.,   1.,   2.,   8.,  90.,   1.],
        [  6.,  14.,  10.,  10.,   0., 248.,   3.,   5.,  14., 100.],
        [ 33.,   4., 191.,  22.,   4.,   8.,   1.,   4.,  13.,   1.],
        [ 24.,   1.,  42.,  25.,   1.,   7.,   8.,  37., 277.,   4.],
        [159.,   0.,  50.,  11.,   0.,   0.,   4.,  10.,   8.,   0.],
        [ 46.,   2., 295.,  14.,   1.,   4.,   4.,   1.,  10.,   1.],
        [ 14.,   5.,  12.,   3.,   1.,  13., 267.,   2.,  17.,   6.],
        [  1.,   4.,   4.,   8., 208.,   3.,   2.,  10.,  21., 117.],
        [  0., 276.,   8.,   5.,   0.,   3.,   8.,   6.,   6.,   2.],
        [  5.,   0.,  21.,  41.,   0., 146.,   2.,   3.,  14.,   0.],
        [309.,   1.,   9.,   5.,   3.,   5.,   9.,  16.,   9.,   2.],
        [ 13.,   0.,   2.,  19.,   2., 198.,  10.,  11.,  17.,   9.],
        [  2.,  18., 277.,   3.,   6.,   1.,  42.,   7.,  24.,   8.],
        [ 12.,  27.,  23.,   3.,   3.,  38., 167.,   2.,  32.,   6.],
        [  0., 270.,   6.,   4.,   0.,   2.,   5.,   6.,   5.,   2.],
        [ 13.,   3., 294.,  13.,   3.,   4.,   6.,   1.,  13.,   1.],
        [293.,   1.,   3.,   5.,   0.,  33.,   8.,   6.,  18.,   2.],
        [289.,   1.,   8.,  16.,   0.,  14.,   7.,   7.,  17.,   6.],
        [  3.,   1.,  11.,  32.,  18.,   3.,  10.,  42., 253.,  10.],
        [  3.,   5.,   6., 287.,   0.,   6.,   5.,   7.,  16.,   3.],
        [  2.,   0.,  52., 264.,   7.,   3.,   0.,   8., 121.,  10.],
        [  6.,   3.,   3.,   7.,  24.,   6.,   4.,   8.,  31., 274.],
        [ 13.,  13.,  18.,   3.,   2.,  18., 264.,   6.,  17.,   6.],
        [  3.,   3.,   4.,   5., 216.,   3.,   4.,  15.,  85.,  38.],
        [  1.,   1.,   3.,  11.,   3.,   1.,   5., 289.,   7.,   8.],
        [ 26.,   2.,  16.,  19.,   1.,  13.,   6.,   5., 270.,   2.],
        [ 10.,   6.,   6.,   1.,   2.,  24.,   7.,  14.,  17., 265.],
        [  1.,   0.,   6.,  10.,   0.,   2.,   0., 267.,   7.,   8.],
        [  0., 277.,   9.,   6.,   0.,   8.,  11.,  11.,  12.,   6.],
        [  5.,   5.,  20.,   1.,  18.,   0., 273.,  13.,   6.,   6.],
        [  0.,   5.,  95.,   4.,  45.,  14.,   5.,  23.,  24.,   1.],
        [  0.,   0.,   4.,  53.,   0.,   1.,   0., 258.,   4.,   3.],
        [310.,   0.,   8.,  24.,   0.,   7.,   3.,  18.,  10.,   3.],
        [  1.,   1.,  10.,  12., 244.,   0.,   6.,  12.,   7.,  36.],
        [  7.,  50.,  26.,   2.,   2.,  32., 290.,   3.,  19.,   6.],
        [  0.,   0.,  16.,  18., 286.,   0.,   2.,   4.,  23.,   3.],
        [ 11.,  22.,  28.,   6.,   2.,  17., 156.,   2.,  18.,   6.]],
       device='cuda:0')
--- spikes (finish interval) ---
tensor([[0., 0., 0., 0., 0., 0., 0., 0., 0., 0.],
        [0., 0., 0., 0., 0., 1., 0., 0., 0., 0.],
        [0., 0., 0., 0., 0., 0., 0., 0., 0., 0.],
        [0., 0., 0., 0., 0., 0., 0., 0., 0., 0.],
        [0., 0., 0., 0., 0., 0., 0., 0., 0., 0.],
        [0., 0., 0., 1., 0., 0., 0., 0., 0., 0.],
        [0., 0., 0., 0., 0., 0., 0., 0., 0., 1.],
        [0., 0., 0., 0., 0., 0., 0., 0., 0., 0.],
        [0., 0., 0., 0., 0., 0., 0., 0., 0., 0.],
        [0., 0., 0., 0., 0., 0., 0., 0., 0., 0.],
        [0., 0., 0., 0., 0., 0., 0., 0., 0., 0.],
        [0., 0., 0., 0., 0., 0., 0., 0., 0., 0.],
        [0., 1., 0., 0., 0., 0., 0., 0., 0., 0.],
        [0., 1., 0., 0., 0., 0., 0., 0., 0., 0.],
        [0., 0., 0., 0., 0., 0., 0., 0., 0., 0.],
        [0., 1., 0., 0., 0., 0., 1., 0., 0., 0.],
        [0., 0., 0., 0., 0., 0., 0., 0., 0., 0.],
        [0., 0., 0., 1., 0., 0., 0., 0., 0., 0.],
        [0., 0., 0., 0., 0., 1., 0., 0., 0., 1.],
        [0., 0., 0., 0., 0., 0., 1., 0., 0., 0.],
        [0., 0., 0., 0., 0., 0., 0., 0., 0., 0.],
        [0., 0., 0., 0., 0., 0., 0., 0., 0., 0.],
        [0., 0., 0., 0., 0., 1., 0., 0., 0., 0.],
        [0., 0., 0., 0., 0., 0., 0., 0., 0., 0.],
        [0., 0., 0., 0., 0., 0., 0., 0., 0., 0.],
        [0., 0., 0., 0., 0., 0., 0., 0., 0., 0.],
        [0., 0., 0., 0., 0., 0., 0., 0., 0., 0.],
        [0., 1., 0., 0., 0., 0., 0., 0., 0., 0.],
        [0., 0., 0., 0., 0., 0., 0., 0., 0., 0.],
        [0., 0., 0., 0., 0., 0., 0., 0., 0., 0.],
        [0., 0., 0., 0., 0., 0., 0., 0., 0., 0.],
        [0., 0., 0., 0., 0., 0., 0., 0., 0., 0.],
        [0., 0., 0., 0., 0., 0., 0., 0., 0., 0.],
        [0., 0., 0., 0., 0., 0., 1., 0., 0., 0.],
        [0., 0., 0., 0., 0., 0., 0., 0., 0., 0.],
        [0., 0., 0., 0., 0., 0., 0., 0., 0., 0.],
        [0., 0., 0., 0., 0., 0., 0., 0., 0., 0.],
        [1., 0., 0., 0., 0., 0., 0., 0., 0., 0.],
        [0., 0., 0., 0., 0., 0., 0., 0., 0., 0.],
        [0., 0., 1., 0., 0., 0., 0., 0., 0., 0.],
        [0., 0., 0., 0., 0., 0., 0., 0., 0., 0.],
        [0., 1., 0., 0., 0., 0., 0., 0., 0., 0.],
        [0., 0., 0., 0., 0., 0., 0., 0., 0., 0.],
        [1., 0., 0., 0., 0., 0., 0., 0., 0., 0.],
        [0., 0., 0., 0., 0., 0., 0., 0., 0., 0.],
        [0., 0., 0., 0., 0., 0., 0., 0., 1., 0.],
        [0., 0., 0., 1., 0., 0., 0., 0., 0., 0.],
        [0., 0., 0., 0., 0., 0., 0., 0., 0., 0.],
        [0., 0., 0., 0., 0., 0., 0., 0., 0., 0.],
        [0., 0., 0., 0., 0., 0., 0., 0., 0., 0.],
        [0., 0., 0., 0., 0., 0., 0., 0., 0., 0.],
        [0., 0., 0., 0., 0., 0., 0., 1., 0., 0.],
        [0., 0., 0., 0., 0., 0., 0., 0., 0., 0.],
        [0., 0., 0., 0., 0., 0., 0., 0., 0., 0.],
        [0., 0., 0., 0., 0., 0., 0., 0., 0., 0.],
        [0., 0., 0., 0., 0., 0., 0., 0., 0., 0.],
        [0., 0., 0., 0., 0., 0., 1., 0., 0., 0.],
        [0., 0., 0., 0., 0., 0., 0., 0., 0., 0.],
        [0., 0., 0., 0., 0., 0., 0., 0., 0., 0.],
        [0., 0., 0., 0., 0., 0., 0., 0., 0., 0.],
        [0., 0., 0., 0., 0., 0., 0., 0., 0., 0.],
        [0., 0., 0., 0., 0., 0., 0., 0., 0., 0.],
        [0., 0., 0., 0., 1., 0., 0., 0., 0., 0.],
        [0., 0., 0., 0., 0., 0., 0., 0., 0., 0.]], device='cuda:0')
Epoch 2 | Batch 100
--- spikes (training) ---
tensor([[  1.,   1.,   7.,   2., 200.,   6.,   6.,   1.,   4.,  16.],
        [309.,   2.,   7.,  11.,   0.,   5.,   5.,   3.,   5.,   5.],
        [  1.,   7.,   9.,   1., 269.,  11.,  17.,   4.,  24.,  62.],
        [  2.,   2.,  12.,   2., 260.,   8.,   3.,   1.,   3.,  50.],
        [  3.,  25.,  15.,   8.,   8.,   5.,  13.,   9., 284.,   6.],
        [ 30.,  14.,  20.,   6.,   3.,   8.,  13.,  38.,  20.,  11.],
        [  0., 296.,  13.,  16.,   3.,  11.,  24.,   1.,  17.,  12.],
        [  9.,   1., 318.,   6.,   1.,   7.,  14.,   0.,   1.,   1.],
        [  0.,   1.,   6.,  15.,   5.,   2.,   1.,  83.,   2.,   8.],
        [ 41.,   0.,   6.,  18.,   8., 142.,   0.,   1.,   3., 135.],
        [ 23.,  19.,  14.,   8.,   5., 223.,   6.,   4.,  37.,   6.],
        [  0., 291.,  11.,   9.,   0.,   4.,  10.,   1.,  13.,   7.],
        [278.,   3.,   3.,  11.,   3.,   1.,   0.,   4.,   4.,   3.],
        [ 10.,  10.,   9.,   3.,  23.,   4.,  11.,  26., 154.,  36.],
        [  0.,   2.,   4.,   3., 150.,  30.,  20.,   0.,   7.,  61.],
        [  4.,   3.,  28.,   3.,   1.,  21.,  19.,   0., 281.,   3.],
        [ 11.,   2.,  49.,  15.,   3., 149.,  44.,   0.,   1.,   2.],
        [ 10.,   3.,  36.,   8.,  13.,  27.,   6.,   1., 221.,   5.],
        [  3.,   6.,  47.,   3.,   4.,  35., 291.,   1.,   7.,  20.],
        [  0., 244.,  24.,   6.,   1.,   3.,   6.,   2.,  78.,   3.],
        [230.,   0.,   9.,  10.,   1.,   4.,   5.,   1.,  57.,   9.],
        [  2.,   2.,  14.,   2.,   6.,  11., 265.,   0.,   3.,   2.],
        [  4.,  20.,  28.,   8.,   7.,  10.,   9.,  10., 281.,   6.],
        [288.,   0., 105.,  12.,   3.,  10.,  15.,   2.,   2.,   4.],
        [  2.,   5.,   3.,  17., 245.,  26.,   5.,   4.,   9.,  20.],
        [  2.,   3.,  11.,   2.,  23.,   4.,   3.,   2.,   1., 257.],
        [  7.,   1., 313.,  68.,   3.,   6.,  10.,   2.,   1.,   1.],
        [  8.,   1.,  41.,  25.,  12.,  41.,   1.,   0., 119.,  23.],
        [  0., 293.,   8.,  22.,   6.,   9.,  17.,   2.,  10.,  14.],
        [  0., 286.,  20.,   6.,   2.,   6.,   6.,   2.,  15.,   5.],
        [  1.,  27.,   8., 243.,   1.,   5.,   1.,   0.,   1.,   3.],
        [  4.,   3.,  11., 289.,   1.,  27.,  12.,   0.,   1.,   0.],
        [ 27.,   4.,  55.,   0.,  27.,  28., 302.,   0.,   2.,  11.],
        [  2.,   7.,  10.,   1., 225.,  10.,  28.,   1.,  12.,  56.],
        [  3.,  11., 305.,   6.,   0.,   4.,   7.,   0.,   3.,   1.],
        [ 39.,   1.,   4.,   0.,   3., 174.,   3.,  33.,  74.,   2.],
        [  1.,   2., 312.,   4.,   8.,   6.,   7.,   0.,   2.,   2.],
        [289.,   2.,  61.,   3.,  54.,   6.,  26.,   5.,   4.,   7.],
        [  0.,   2.,  10., 165.,   5.,   7.,   0.,  54.,   3.,  51.],
        [  5.,   1.,   3.,   3., 274.,  25.,   5.,   0.,   1.,  32.],
        [276.,   3.,  38.,  11.,   1.,  11.,   7.,   2.,  11.,   8.],
        [  0.,   3.,  10.,  15.,   1.,   4.,   1., 228.,   1.,  25.],
        [291.,   1.,  13.,  13.,   1.,   5.,   7.,   3.,  16.,  10.],
        [  5.,   2.,  16., 286.,   9.,  17.,   1.,   0.,   6.,   2.],
        [  1., 295.,  16.,  10.,   2.,   5.,   5.,   4.,  11.,   5.],
        [  5.,   6.,  56.,   3.,   9.,  53.,  25.,   3., 243.,   3.],
        [  1., 276.,   4.,  11.,   3.,  34.,  19.,   0.,   8.,   9.],
        [  9.,   2.,  10.,   3.,  36.,   4.,   2.,  14.,  14., 284.],
        [  0.,  25., 137.,   6.,   6.,  11., 210.,   2.,  12.,   7.],
        [ 37.,   2.,  10.,   7.,   4., 249.,   5.,   1.,   7.,  13.],
        [237.,   0.,  12.,  18.,   1.,   7.,   8.,   2., 134.,  10.],
        [  0., 291.,  10.,  10.,   1.,   6.,  16.,   0.,  12.,  10.],
        [  1., 298.,  14.,  11.,   2.,  10.,  23.,   1.,  18.,   8.],
        [  8.,   9.,  23., 282.,   3.,  10.,   2.,   0.,   4.,   0.],
        [230.,   0.,  44.,   3.,   0.,  32.,   0.,   0.,   3.,   1.],
        [ 26.,   2.,  44.,   1.,  21.,  10., 191.,   0.,   0.,   6.],
        [  3.,   2., 305.,   6.,   1.,  11.,  12.,   1.,   3.,   7.],
        [304.,   0.,   5.,   6.,   0.,   4.,   1.,   1.,  13.,   4.],
        [ 17.,   3.,   8.,   1.,  19., 215.,   5.,   2.,   5.,  53.],
        [  3.,   3.,   8.,   7.,  14.,  10.,   7., 108.,  15., 244.],
        [ 20.,   1.,  16.,  23.,   4.,  23.,   3.,   0., 212.,   1.],
        [304.,   0.,  16.,  21.,   0.,   7.,   6.,   3.,   8.,   6.],
        [  5.,   1.,   9., 299.,   2.,  10.,   0.,   0.,   4.,   0.],
        [  0.,   2.,  28.,   1.,  11., 223.,  93.,   0.,   5.,   3.]],
       device='cuda:0')
--- spikes (finish interval) ---
tensor([[0., 0., 0., 0., 0., 0., 0., 0., 0., 0.],
        [0., 0., 0., 0., 0., 0., 0., 0., 0., 0.],
        [0., 0., 0., 0., 0., 0., 0., 0., 0., 0.],
        [0., 0., 0., 0., 1., 0., 0., 0., 0., 0.],
        [0., 0., 0., 0., 0., 0., 0., 0., 1., 0.],
        [0., 0., 0., 0., 0., 0., 0., 0., 0., 0.],
        [0., 0., 0., 0., 0., 0., 0., 0., 0., 0.],
        [0., 0., 1., 0., 0., 0., 0., 0., 0., 0.],
        [0., 0., 0., 0., 0., 0., 0., 0., 0., 0.],
        [0., 0., 0., 0., 0., 0., 0., 0., 0., 0.],
        [0., 0., 0., 0., 0., 1., 0., 0., 0., 0.],
        [0., 0., 0., 0., 0., 0., 0., 0., 0., 0.],
        [1., 0., 0., 0., 0., 0., 0., 0., 0., 0.],
        [0., 0., 0., 0., 0., 0., 0., 0., 1., 0.],
        [0., 0., 0., 0., 0., 0., 0., 0., 0., 0.],
        [0., 0., 0., 0., 0., 0., 0., 0., 1., 0.],
        [0., 0., 0., 0., 0., 0., 0., 0., 0., 0.],
        [0., 0., 0., 0., 0., 0., 0., 0., 0., 0.],
        [0., 0., 0., 0., 0., 0., 1., 0., 0., 0.],
        [0., 0., 0., 0., 0., 0., 0., 0., 0., 0.],
        [0., 0., 0., 0., 0., 0., 0., 0., 0., 0.],
        [0., 0., 0., 0., 0., 0., 0., 0., 0., 0.],
        [0., 0., 0., 0., 0., 0., 0., 0., 1., 0.],
        [1., 0., 0., 0., 0., 0., 0., 0., 0., 0.],
        [0., 0., 0., 0., 0., 0., 0., 0., 0., 0.],
        [0., 0., 0., 0., 0., 0., 0., 0., 0., 0.],
        [0., 0., 1., 0., 0., 0., 0., 0., 0., 0.],
        [0., 0., 0., 0., 0., 0., 0., 0., 0., 0.],
        [0., 1., 0., 0., 0., 0., 0., 0., 0., 0.],
        [0., 0., 0., 0., 0., 0., 0., 0., 0., 0.],
        [0., 0., 0., 1., 0., 0., 0., 0., 0., 0.],
        [0., 0., 0., 0., 0., 0., 0., 0., 0., 0.],
        [0., 0., 0., 0., 0., 0., 1., 0., 0., 0.],
        [0., 0., 0., 0., 1., 0., 0., 0., 0., 0.],
        [0., 0., 0., 0., 0., 0., 0., 0., 0., 0.],
        [0., 0., 0., 0., 0., 0., 0., 0., 0., 0.],
        [0., 0., 1., 0., 0., 0., 0., 0., 0., 0.],
        [0., 0., 0., 0., 0., 0., 0., 0., 0., 0.],
        [0., 0., 0., 0., 0., 0., 0., 0., 0., 0.],
        [0., 0., 0., 0., 0., 0., 0., 0., 0., 0.],
        [1., 0., 0., 0., 0., 0., 0., 0., 0., 0.],
        [0., 0., 0., 0., 0., 0., 0., 1., 0., 0.],
        [1., 0., 0., 0., 0., 0., 0., 0., 0., 0.],
        [0., 0., 0., 0., 0., 0., 0., 0., 0., 0.],
        [0., 0., 0., 0., 0., 0., 0., 0., 0., 0.],
        [0., 0., 0., 0., 0., 0., 0., 0., 1., 0.],
        [0., 1., 0., 0., 0., 0., 0., 0., 0., 0.],
        [0., 0., 0., 0., 0., 0., 0., 0., 0., 1.],
        [0., 0., 0., 0., 0., 0., 1., 0., 0., 0.],
        [0., 0., 0., 0., 0., 1., 0., 0., 0., 0.],
        [0., 0., 0., 0., 0., 0., 0., 0., 0., 0.],
        [0., 0., 0., 0., 0., 0., 0., 0., 0., 0.],
        [0., 0., 0., 0., 0., 0., 0., 0., 0., 0.],
        [0., 0., 0., 0., 0., 0., 0., 0., 0., 0.],
        [0., 0., 0., 0., 0., 0., 0., 0., 0., 0.],
        [0., 0., 0., 0., 0., 0., 0., 0., 0., 0.],
        [0., 0., 1., 0., 0., 0., 0., 0., 0., 0.],
        [0., 0., 0., 0., 0., 0., 0., 0., 0., 0.],
        [0., 0., 0., 0., 0., 0., 0., 0., 0., 0.],
        [0., 0., 0., 0., 0., 0., 0., 0., 0., 1.],
        [0., 0., 0., 0., 0., 0., 0., 0., 1., 0.],
        [0., 0., 0., 0., 0., 0., 0., 0., 0., 0.],
        [0., 0., 0., 0., 0., 0., 0., 0., 0., 0.],
        [0., 0., 0., 0., 0., 0., 0., 0., 0., 0.]], device='cuda:0')
Epoch 2 | Batch 200
--- spikes (training) ---
tensor([[311.,   0.,   0.,  12.,   0.,  39.,   0.,   4.,   0.,   0.],
        [293.,   2.,   0.,  14.,   1.,  79.,   2.,   2.,   0.,   0.],
        [  5.,   0.,   2.,  51.,   5., 255.,   2.,   2.,   7.,   0.],
        [  1.,  26.,   6.,  10.,  11.,  16., 278.,   0.,  12.,   2.],
        [  1.,   1.,   5.,   8., 260.,   6.,  13.,   5.,   2.,   4.],
        [  1.,  10.,   5.,  11., 263.,   5.,  14.,   4.,   6.,   0.],
        [300.,   0.,  33.,  13.,   4.,  25.,   5.,   6.,   1.,   0.],
        [  0., 154., 269.,  24.,   4.,   5.,   9.,   4.,   5.,   0.],
        [  0.,  21., 287.,  19.,   6.,   5.,  41.,   6.,   2.,   0.],
        [  0.,  39.,  10.,  10.,  13.,   8.,   5.,   5., 279.,   3.],
        [ 20.,  17.,   3.,   5.,  12., 127.,   3.,   5.,   6.,   1.],
        [  0.,  48.,   2.,   9.,  49.,   7.,  15., 115.,   3., 128.],
        [  1.,   5.,  11.,   7.,  39.,   9., 289.,   1.,   5.,   7.],
        [  0., 301.,   3.,  14.,   1.,   6.,   2.,   2.,   3.,   1.],
        [  2.,   5.,  18.,   3.,  30.,  26., 306.,   1.,   2.,   1.],
        [  0.,   5.,   5.,   4., 277.,   3.,   8.,   4.,   7.,   0.],
        [  2.,   6., 122.,  26.,   4.,   4.,   0.,   1.,  41.,   0.],
        [  3.,   1.,   0., 307.,   2.,  12.,   0.,  65.,   2.,   0.],
        [  0.,   3.,   1.,  13.,  14.,  15.,   0.,  31.,   4., 213.],
        [  0.,  42., 251.,  10.,   7.,   3.,  11.,   7.,   6.,   1.],
        [  1.,   2.,   0.,  20.,   7., 264.,   1.,   3.,  31.,   0.],
        [  0., 294.,   3.,  13.,   1.,   7.,   1.,   3.,   2.,   1.],
        [  1.,   2.,   1.,   7.,  44.,   6.,   7.,   7.,   3., 270.],
        [  0., 267.,  17.,  13.,   5.,   2.,   0.,   3., 121.,   0.],
        [  2.,   7.,  66.,  27.,   6., 275.,   6.,   1.,   0.,   0.],
        [  0.,  11.,   3.,   6., 272.,   5.,   1.,   4.,   5.,   1.],
        [ 11.,   2.,   2., 295.,   2.,  76.,  51.,  10.,   0.,   0.],
        [  1.,  11.,   6.,   7.,  17.,  10., 289.,   1.,   3.,   3.],
        [  8.,   2.,  35.,   7.,  19.,   8., 272.,   1.,   1.,   0.],
        [  0., 299.,   2.,  16.,   2.,  14.,   3.,   3.,   2.,   3.],
        [ 56.,  28.,   0., 165.,   4.,  22.,  53.,   3.,   2.,   0.],
        [  0., 282.,   1.,  10.,   0.,  10.,   1.,   2.,   0.,   2.],
        [  3.,   7.,   2.,   4.,  53., 275.,   2.,   1.,   7.,   6.],
        [  0.,   2.,   2.,  87.,  20.,  15.,   0.,  15.,  61.,  66.],
        [  1.,   3.,   4.,   3.,  37.,   4., 258.,   2.,   2.,   2.],
        [  0.,   2.,   6.,  15.,  10.,   2.,   0., 299.,   7.,   7.],
        [  0.,  14.,  33.,  10.,  10.,   1.,   0., 274.,  23.,   3.],
        [283.,   0.,   4.,   6.,  10.,  12.,  10.,   3.,   6.,   0.],
        [  0.,   1.,   1.,  13.,  18.,   3.,   0., 304.,   4.,   8.],
        [  0., 294.,   2.,  12.,   1.,  11.,   0.,   1.,   1.,   2.],
        [292.,   0.,   0.,   7.,   1.,  24.,   1.,   3.,   2.,   0.],
        [  2.,   0.,   5.,   5., 275.,   2.,   9.,  15.,   1.,   0.],
        [  0.,  12.,   9.,  10.,   8.,   6., 107.,   2., 207.,   1.],
        [ 59.,   0.,  54.,  11.,  24.,   3.,   6.,  52.,   2., 111.],
        [ 12.,   6.,   3.,  17.,   9.,  61., 288.,   1.,   2.,   2.],
        [  0., 302.,   2.,  18.,   1.,   8.,   1.,   2.,   3.,   3.],
        [ 10.,   0.,   2.,  20.,  89., 149.,   1.,   3.,   4.,   0.],
        [  0.,  10.,  15.,  13.,  14.,   0.,   0., 252.,   3.,   1.],
        [  0., 289.,   1.,  15.,   5.,  13.,   1.,   2.,   4.,   2.],
        [  0.,   8.,  41.,  17.,  12.,   0.,   0., 299.,  89.,   1.],
        [302.,   0.,   1.,   9.,   0.,  25.,   0.,   3.,   0.,   0.],
        [  5.,   2.,  11.,   2.,  54.,   4., 275.,   7.,   3.,   0.],
        [  7.,   0.,   1., 117.,   5., 286.,   2.,   2.,   9.,   0.],
        [ 15.,   1.,   7.,   4.,  75.,  11.,  22.,   6.,  10., 228.],
        [  0.,   2.,   2.,   3., 268.,   3.,   6.,   2.,   1.,   1.],
        [252.,   0.,  19.,  10.,  22.,   6.,   9.,   8.,   5.,   0.],
        [  6.,  23.,   3.,  12.,  11.,  92., 230.,   0.,  26.,  27.],
        [  2.,   3.,   2., 304.,   3.,  24.,   0.,   2.,  13.,   0.],
        [  0.,   1.,   2.,   5., 279.,   9.,   2.,  13.,   6.,  18.],
        [ 11.,  15.,   1.,   8.,   6., 237.,   1.,   3.,   5.,   2.],
        [  4.,   4.,   7.,   3.,  10.,  13., 277.,   1.,   2.,   0.],
        [ 67.,   0., 254.,   8.,   9.,   8.,  15.,   3.,   0.,   0.],
        [  0.,   6.,   1.,   9.,   9.,   4.,   0., 236.,   2.,  75.],
        [  2.,   5.,   2.,  24.,   8.,   7.,   3.,   3., 276.,   0.]],
       device='cuda:0')
--- spikes (finish interval) ---
tensor([[1., 0., 0., 0., 0., 0., 0., 0., 0., 0.],
        [0., 0., 0., 0., 0., 0., 0., 0., 0., 0.],
        [0., 0., 0., 0., 0., 1., 0., 0., 0., 0.],
        [0., 0., 0., 0., 0., 0., 0., 0., 0., 0.],
        [0., 0., 0., 0., 0., 0., 0., 0., 0., 0.],
        [0., 0., 0., 0., 0., 0., 0., 0., 0., 0.],
        [1., 0., 0., 0., 0., 0., 0., 0., 0., 0.],
        [0., 1., 1., 0., 0., 0., 0., 0., 0., 0.],
        [0., 0., 0., 0., 0., 0., 0., 0., 0., 0.],
        [0., 0., 0., 0., 0., 0., 0., 0., 0., 0.],
        [0., 0., 0., 0., 0., 0., 0., 0., 0., 0.],
        [0., 0., 0., 0., 0., 0., 0., 1., 0., 0.],
        [0., 0., 0., 0., 0., 0., 1., 0., 0., 0.],
        [0., 0., 0., 0., 0., 0., 0., 0., 0., 0.],
        [0., 0., 0., 0., 0., 0., 1., 0., 0., 0.],
        [0., 0., 0., 0., 0., 0., 0., 0., 0., 0.],
        [0., 0., 0., 0., 0., 0., 0., 0., 0., 0.],
        [0., 0., 0., 0., 0., 0., 0., 0., 0., 0.],
        [0., 0., 0., 0., 0., 0., 0., 0., 0., 0.],
        [0., 0., 1., 0., 0., 0., 0., 0., 0., 0.],
        [0., 0., 0., 0., 0., 1., 0., 0., 0., 0.],
        [0., 1., 0., 0., 0., 0., 0., 0., 0., 0.],
        [0., 0., 0., 0., 0., 0., 0., 0., 0., 1.],
        [0., 0., 0., 0., 0., 0., 0., 0., 0., 0.],
        [0., 0., 0., 0., 0., 1., 0., 0., 0., 0.],
        [0., 0., 0., 0., 0., 0., 0., 0., 0., 0.],
        [0., 0., 0., 0., 0., 0., 0., 0., 0., 0.],
        [0., 0., 0., 0., 0., 0., 0., 0., 0., 0.],
        [0., 0., 0., 0., 0., 0., 0., 0., 0., 0.],
        [0., 0., 0., 0., 0., 0., 0., 0., 0., 0.],
        [0., 0., 0., 0., 0., 0., 0., 0., 0., 0.],
        [0., 1., 0., 0., 0., 0., 0., 0., 0., 0.],
        [0., 0., 0., 0., 0., 1., 0., 0., 0., 0.],
        [0., 0., 0., 0., 0., 0., 0., 0., 0., 0.],
        [0., 0., 0., 0., 0., 0., 0., 0., 0., 0.],
        [0., 0., 0., 0., 0., 0., 0., 0., 0., 0.],
        [0., 0., 0., 0., 0., 0., 0., 0., 0., 0.],
        [1., 0., 0., 0., 0., 0., 0., 0., 0., 0.],
        [0., 0., 0., 0., 0., 0., 0., 0., 0., 0.],
        [0., 0., 0., 0., 0., 0., 0., 0., 0., 0.],
        [0., 0., 0., 0., 0., 0., 0., 0., 0., 0.],
        [0., 0., 0., 0., 0., 0., 0., 0., 0., 0.],
        [0., 0., 0., 0., 0., 0., 0., 0., 1., 0.],
        [0., 0., 0., 0., 0., 0., 0., 0., 0., 0.],
        [0., 0., 0., 0., 0., 0., 0., 0., 0., 0.],
        [0., 0., 0., 0., 0., 0., 0., 0., 0., 0.],
        [0., 0., 0., 0., 0., 0., 0., 0., 0., 0.],
        [0., 0., 0., 0., 0., 0., 0., 0., 0., 0.],
        [0., 1., 0., 0., 0., 0., 0., 0., 0., 0.],
        [0., 0., 0., 0., 0., 0., 0., 0., 0., 0.],
        [1., 0., 0., 0., 0., 0., 0., 0., 0., 0.],
        [0., 0., 0., 0., 0., 0., 1., 0., 0., 0.],
        [0., 0., 0., 0., 0., 1., 0., 0., 0., 0.],
        [0., 0., 0., 0., 0., 0., 0., 0., 0., 0.],
        [0., 0., 0., 0., 1., 0., 0., 0., 0., 0.],
        [0., 0., 0., 0., 0., 0., 0., 0., 0., 0.],
        [0., 0., 0., 0., 0., 0., 1., 0., 0., 0.],
        [0., 0., 0., 0., 0., 0., 0., 0., 0., 0.],
        [0., 0., 0., 0., 1., 0., 0., 0., 0., 0.],
        [0., 0., 0., 0., 0., 0., 0., 0., 0., 0.],
        [0., 0., 0., 0., 0., 0., 1., 0., 0., 0.],
        [0., 0., 0., 0., 0., 0., 0., 0., 0., 0.],
        [0., 0., 0., 0., 0., 0., 0., 0., 0., 0.],
        [0., 0., 0., 0., 0., 0., 0., 0., 1., 0.]], device='cuda:0')
Epoch 2 | Batch 300
--- spikes (training) ---
tensor([[310.,   0.,   1.,   0.,   2.,   2.,  67.,   2.,   2.,   0.],
        [297.,   0.,   1.,  20.,   0.,   3.,   1.,   5.,  10.,   0.],
        [  2.,   0.,   0., 102.,   1., 272.,   1.,   0.,  28.,   2.],
        [  1.,  12.,   1.,   0., 102.,   1.,   8.,   0.,   9.,   1.],
        [294.,   0.,   0.,  30.,   0.,  15.,   8., 133.,   8.,   0.],
        [  0.,   3.,   5.,   4.,  12.,   3.,   3.,  19.,   8., 276.],
        [  1.,   3.,   0.,   0., 291.,   2.,  15.,  25.,   4.,  20.],
        [ 13.,   1., 249.,   3.,  10.,   6.,  27.,   1.,   8.,   2.],
        [  6.,   3.,   5., 257.,   2.,  45.,   2.,   4.,   6.,   0.],
        [  2.,   1.,   5.,  61.,   4.,  10.,   3.,   1., 277.,   5.],
        [  2.,   4.,   0.,   1., 286.,   3.,  10.,   5.,   5.,   7.],
        [ 10.,   0.,  11., 288.,   5.,  65.,   1.,   2.,  36.,   0.],
        [  1.,   8., 161.,   1.,   2.,   0.,  19.,   3.,   2.,   9.],
        [  4.,   7.,   0.,   8.,   4.,   8.,   5., 307.,   6.,  71.],
        [297.,   0.,  34.,   2.,   0.,   0.,   8.,   2.,   5.,   0.],
        [  5.,   1.,   3.,  11.,   7.,   6.,   8.,   4., 186.,  35.],
        [  2.,   3.,   0.,   4.,  10.,  53.,   3., 294.,   9.,   5.],
        [  1.,   7.,   1.,   2.,   2.,   3.,   3., 292.,   3.,  39.],
        [311.,   0.,   0.,   2.,   0.,   8.,   4.,   1.,   3.,   0.],
        [  3.,   6.,   0.,   1.,  85.,   6.,  10.,  14.,   5., 276.],
        [  0.,   6., 280.,   8.,   2.,   1.,  10.,   1.,  13.,   0.],
        [  8.,   3.,   0.,   5.,   4.,   8.,   8.,   4., 249.,  98.],
        [315.,   0.,   0.,   1.,   0.,   1.,  12.,   3.,   1.,   0.],
        [  9.,   1.,   0.,   1.,   2., 222.,   2.,   3.,  12.,   4.],
        [  1.,   4.,   1.,   6.,   9.,   3.,   6., 305.,   6.,  30.],
        [ 15.,   1.,   0.,   4.,   5.,   9., 211.,   1.,  26.,   0.],
        [  2.,   0.,   0.,   0., 263.,   0.,  86.,   0.,   1.,   0.],
        [  3.,   6.,   1.,   2.,   4.,   4.,  10.,   2., 260.,  14.],
        [  6.,   1.,   0.,  29.,   1., 200.,  11.,   0.,  39.,   0.],
        [  1.,   1.,   4., 273.,   1.,  44.,   1.,   2.,   9.,   0.],
        [  3.,  12.,   2.,   1.,   1.,   2.,   6.,   4.,  74., 209.],
        [  3.,   7.,   5., 172.,   0.,  14.,   4.,   3.,   7.,   0.],
        [ 15.,   1.,   0.,   1.,  31.,  13.,   6., 294.,   3.,   5.],
        [  2.,  10.,   2.,   1.,  34.,   5.,   7.,  31.,  12., 209.],
        [282.,   0.,   0.,   3.,   5.,   6.,   7.,   3.,   5.,   1.],
        [  1.,   2.,   0.,   8.,  26.,   8.,   2., 287.,   6.,   6.],
        [  0.,   1.,   2., 136.,   4.,   2.,   2.,   2.,   4.,  42.],
        [  7.,   0.,   0.,  46.,   1., 234.,   3.,   1.,  14.,   0.],
        [  2.,   4.,   0.,   0.,   9.,   2.,   5., 278.,   3.,  22.],
        [  2.,   4.,   0.,   2.,  16.,   7.,   6.,  80.,  12., 292.],
        [  0.,   2.,   0.,  45.,   0., 228.,   1.,   0.,  27.,   0.],
        [  6.,   0., 307.,  30.,   1.,   0.,  19.,   1.,   0.,   0.],
        [  1.,   1.,  13.,  10.,   1.,   1., 215.,   6., 111.,   3.],
        [  1.,   6.,   0.,   8.,  20.,  18.,   4.,  20.,  11., 281.],
        [ 21.,   1.,   5., 268.,   1.,   9.,   2.,  10.,   9.,   2.],
        [  6.,   2.,   0.,   1.,  78.,  11.,   9., 301.,   6.,  26.],
        [  5.,  11.,   8.,   6.,   0.,   1.,  21.,   1., 283.,   3.],
        [313.,   0.,   0.,   7.,   0.,   6.,   6.,   2.,   5.,   0.],
        [  0.,   0.,   2.,  16.,   3., 195.,   1.,   4.,   8.,  15.],
        [  1.,   2.,   4., 200.,   0.,   5.,   1.,   2.,  28.,  62.],
        [ 17.,   7.,   0.,   2.,  56.,  12., 243.,   0.,   4.,   0.],
        [  3.,   6.,   3.,   0.,   3., 121.,   2.,   0.,   2.,   1.],
        [  0.,   1., 266.,  26.,   1.,   0.,   6.,  17.,   5.,   2.],
        [140.,   0.,   0.,   3.,   5.,   8.,  22.,   4.,  24.,   8.],
        [  7.,   2.,   0.,  27.,   5.,  15.,   6.,   3., 226.,   4.],
        [  3.,   8.,   4.,   2., 247.,   3.,   7.,  26.,  11.,  34.],
        [  1.,   8.,  14.,   1.,   8.,   4.,   4.,   8.,   7., 280.],
        [307.,   0.,   0.,  14.,   1.,  13.,   3.,   2.,  11.,   0.],
        [  5.,   2.,  87., 273.,   3.,  11.,   1.,   0.,  11.,   0.],
        [  7.,   5.,   3., 235.,   0.,   6.,   1.,   1., 108.,   7.],
        [  2.,   0.,  19.,  34.,   2.,   1.,   7.,  11., 132.,   3.],
        [  0.,   8.,   6.,   2., 276.,   3.,   6.,   4.,   7.,  34.],
        [  2.,   1.,   4.,  80.,   1.,   6.,   3.,  33., 239.,  46.],
        [  3.,   2., 297.,  18.,   0.,   1.,   9.,   1.,   7.,   3.]],
       device='cuda:0')
--- spikes (finish interval) ---
tensor([[1., 0., 0., 0., 0., 0., 0., 0., 0., 0.],
        [1., 0., 0., 0., 0., 0., 0., 0., 0., 0.],
        [0., 0., 0., 0., 0., 1., 0., 0., 0., 0.],
        [0., 0., 0., 0., 0., 0., 0., 0., 0., 0.],
        [0., 0., 0., 0., 0., 0., 0., 0., 0., 0.],
        [0., 0., 0., 0., 0., 0., 0., 0., 0., 1.],
        [0., 0., 0., 0., 0., 0., 0., 0., 0., 0.],
        [0., 0., 0., 0., 0., 0., 0., 0., 0., 0.],
        [0., 0., 0., 0., 0., 0., 0., 0., 0., 0.],
        [0., 0., 0., 0., 0., 0., 0., 0., 1., 0.],
        [0., 0., 0., 0., 0., 0., 0., 0., 0., 0.],
        [0., 0., 0., 1., 0., 0., 0., 0., 0., 0.],
        [0., 0., 0., 0., 0., 0., 0., 0., 0., 0.],
        [0., 0., 0., 0., 0., 0., 0., 1., 0., 0.],
        [0., 0., 0., 0., 0., 0., 0., 0., 0., 0.],
        [0., 0., 0., 0., 0., 0., 0., 0., 1., 0.],
        [0., 0., 0., 0., 0., 0., 0., 0., 0., 0.],
        [0., 0., 0., 0., 0., 0., 0., 1., 0., 0.],
        [0., 0., 0., 0., 0., 0., 0., 0., 0., 0.],
        [0., 0., 0., 0., 0., 0., 0., 0., 0., 1.],
        [0., 0., 0., 0., 0., 0., 0., 0., 0., 0.],
        [0., 0., 0., 0., 0., 0., 0., 0., 0., 0.],
        [0., 0., 0., 0., 0., 0., 0., 0., 0., 0.],
        [0., 0., 0., 0., 0., 0., 0., 0., 0., 0.],
        [0., 0., 0., 0., 0., 0., 0., 1., 0., 0.],
        [0., 0., 0., 0., 0., 0., 0., 0., 0., 0.],
        [0., 0., 0., 0., 1., 0., 0., 0., 0., 0.],
        [0., 0., 0., 0., 0., 0., 0., 0., 1., 0.],
        [0., 0., 0., 0., 0., 1., 0., 0., 0., 0.],
        [0., 0., 0., 1., 0., 0., 0., 0., 0., 0.],
        [0., 0., 0., 0., 0., 0., 0., 0., 0., 1.],
        [0., 0., 0., 0., 0., 0., 0., 0., 0., 0.],
        [0., 0., 0., 0., 0., 0., 0., 1., 0., 0.],
        [0., 0., 0., 0., 0., 0., 0., 0., 0., 1.],
        [0., 0., 0., 0., 0., 0., 0., 0., 0., 0.],
        [0., 0., 0., 0., 0., 0., 0., 1., 0., 0.],
        [0., 0., 0., 1., 0., 0., 0., 0., 0., 0.],
        [0., 0., 0., 0., 0., 0., 0., 0., 0., 0.],
        [0., 0., 0., 0., 0., 0., 0., 0., 0., 0.],
        [0., 0., 0., 0., 0., 0., 0., 0., 0., 1.],
        [0., 0., 0., 0., 0., 1., 0., 0., 0., 0.],
        [0., 0., 1., 0., 0., 0., 0., 0., 0., 0.],
        [0., 0., 0., 0., 0., 0., 0., 0., 0., 0.],
        [0., 0., 0., 0., 0., 0., 0., 0., 0., 1.],
        [0., 0., 0., 0., 0., 0., 0., 0., 0., 0.],
        [0., 0., 0., 0., 0., 0., 0., 0., 0., 0.],
        [0., 0., 0., 0., 0., 0., 0., 0., 0., 0.],
        [0., 0., 0., 0., 0., 0., 0., 0., 0., 0.],
        [0., 0., 0., 0., 0., 0., 0., 0., 0., 0.],
        [0., 0., 0., 1., 0., 0., 0., 0., 0., 0.],
        [0., 0., 0., 0., 0., 0., 0., 0., 0., 0.],
        [0., 0., 0., 0., 0., 1., 0., 0., 0., 0.],
        [0., 0., 1., 0., 0., 0., 0., 0., 0., 0.],
        [0., 0., 0., 0., 0., 0., 0., 0., 0., 0.],
        [0., 0., 0., 0., 0., 0., 0., 0., 0., 0.],
        [0., 0., 0., 0., 0., 0., 0., 0., 0., 0.],
        [0., 0., 0., 0., 0., 0., 0., 0., 0., 0.],
        [0., 0., 0., 0., 0., 0., 0., 0., 0., 0.],
        [0., 0., 0., 1., 0., 0., 0., 0., 0., 0.],
        [0., 0., 0., 1., 0., 0., 0., 0., 0., 0.],
        [0., 0., 0., 0., 0., 0., 0., 0., 0., 0.],
        [0., 0., 0., 0., 1., 0., 0., 0., 0., 0.],
        [0., 0., 0., 0., 0., 0., 0., 0., 0., 0.],
        [0., 0., 0., 0., 0., 0., 0., 0., 0., 0.]], device='cuda:0')
Epoch 2 | Batch 400
--- spikes (training) ---
tensor([[ 14.,   6.,   3.,   8., 251.,   2.,  40.,   4.,   1.,  10.],
        [  1., 292.,   4.,  10.,   3.,   2.,   5.,   3.,   2.,   9.],
        [  5.,   1.,   5., 232., 109.,   6.,   2.,   6.,  78.,  19.],
        [  5.,  17., 133., 272.,   4.,   0.,   1.,   6.,  25.,   7.],
        [  4.,   5.,   1.,  11.,  16.,   6.,   0.,  78.,   6., 293.],
        [  5.,   5.,   7.,  27.,   7.,   3.,   2.,   6., 268.,  10.],
        [  3., 100., 262.,  25.,   5.,   3.,  24.,   8.,   2.,   3.],
        [  3.,   1.,   5.,   2.,  23.,   0., 305.,   2.,   4.,   8.],
        [  1.,  38.,   1.,  12.,  13.,   6.,   0.,   5.,   8., 212.],
        [316.,   0.,   0.,  19.,   1.,  21.,   0.,   3.,   4.,   0.],
        [ 13.,   0.,  12.,   0.,  15.,   2., 303.,   2.,   2.,  15.],
        [  3.,   0.,   0.,   6., 294.,   0.,   6.,  22.,   4.,  37.],
        [ 16.,   1.,   9., 109.,   2.,  24.,   2.,  51., 160.,   2.],
        [  8.,   0.,   2.,   1., 290.,   1.,  32.,   7.,   5.,  27.],
        [  2.,   1.,   0.,  10.,  23.,   3.,   0., 285.,   4.,  53.],
        [  1.,   0.,   1.,   4.,  21.,   3.,   0.,   1.,   3., 275.],
        [  1.,   3.,   1.,   7.,   8.,   9.,   1.,   1.,   8., 277.],
        [321.,   0.,   1.,   5.,   0.,  37.,   6.,   1.,   1.,   0.],
        [ 12.,   8.,   1.,   5.,   4.,  96.,   2.,   1.,   6.,   6.],
        [  1.,   6.,   0., 242.,  15.,  12.,   0.,   3.,  14.,  47.],
        [  6.,   7.,  15., 299.,   5.,  14.,   9.,   5.,   4.,   2.],
        [  5.,   2.,   0.,  14.,  20.,   5.,   0., 288.,   4., 152.],
        [  3.,  18.,   2.,  12.,   8.,   2.,   1., 199.,   7.,  34.],
        [  2.,   6.,   2.,   6.,  26.,   4.,   0.,  17.,   7., 290.],
        [ 41.,   0., 277.,   7.,   3.,   9.,   9.,   3.,   1.,   2.],
        [  7.,   4.,   0., 223.,   4.,  28.,  58.,  18.,   4.,   6.],
        [  9.,   0.,   5.,   2.,  12.,   3.,  20.,   5.,   3., 225.],
        [  2., 300.,   9.,  15.,   6.,   5.,   9.,   4.,   9.,  10.],
        [ 13.,   5.,   6.,  13.,   3., 221.,   2.,   9.,   5.,   4.],
        [  2., 282.,   4.,  13.,   3.,   7.,   9.,   2.,   6.,  19.],
        [307.,   0.,   0.,   6.,   0.,   6.,   5.,   3.,  11.,   7.],
        [  3.,   4.,   9.,   2.,  19.,   0., 296.,   2.,   3.,  10.],
        [305.,   0.,   1.,  13.,   1.,   9.,   9.,   4., 118.,  14.],
        [  2.,   0.,   5.,   1.,  10.,   1., 300.,   0.,   1.,   3.],
        [  1.,  14.,   7.,   5.,   9.,   2., 287.,   1.,   5.,   9.],
        [  7.,  10.,  38., 297.,   4.,   8.,   6.,   2.,   2.,   3.],
        [315.,   0.,   0.,   9.,   0.,   9.,   0.,   1.,  12.,   2.],
        [ 23.,   2.,   4.,   7.,   6.,  15., 117.,   1.,  40.,  33.],
        [  4.,   0.,   2.,  15.,  11.,   2.,   0., 305.,  10.,  15.],
        [  2.,  15.,   3.,  10.,   7.,   7.,   2.,  26.,   9., 162.],
        [  2.,   5.,   1.,  18.,  16.,   3.,   0., 303.,   4.,  29.],
        [ 10.,  11.,  15.,   7.,  10.,   5., 265.,   3.,   6.,   8.],
        [ 15.,   9.,  10.,   5.,   5., 207.,  10.,   2., 115.,  17.],
        [ 23.,   2.,   9.,  22.,   8., 106.,   2.,  12., 289.,   4.],
        [ 13.,   2.,   4.,   0.,   4.,   1., 285.,   0.,   1.,   4.],
        [  5.,   5.,   6.,   9.,   7.,   8.,   2.,   5., 219.,   8.],
        [  4.,   2.,   4.,  19.,   8., 242.,   1.,   1.,  36.,  13.],
        [  2.,   2.,   2.,   9., 264.,   6.,   4.,   8.,   6.,  95.],
        [  6.,   1.,   6.,  39.,   7.,   7.,   4.,   5., 266.,   6.],
        [ 11.,   4.,   2.,  17., 274.,   6.,   6.,  24.,   7.,  40.],
        [323.,   0.,   0.,  10.,   0.,  25.,   0.,   1.,   5.,   0.],
        [  4.,   1.,   1.,   1.,   3.,   1., 268.,   0.,   2.,   3.],
        [314.,   0.,   2.,  10.,   1.,  47.,   5.,   2.,   2.,   0.],
        [  6.,   7.,  11.,   7.,   8.,   4.,   7.,  21., 272.,  25.],
        [297.,   0.,   0.,  12.,   3.,   7.,  37.,   5.,  38.,  25.],
        [  2., 283.,   3.,  10.,   4.,   6.,   2.,   8.,   4.,  12.],
        [ 10.,   8.,  11., 255.,   3.,   5.,   0.,  20.,   9.,   1.],
        [  7.,   1.,   4.,  31.,  69.,   6.,   2.,   4., 241.,  47.],
        [  1., 263.,   5.,   7.,   6.,   9.,   2.,   9.,   4.,   6.],
        [  6.,   6.,   1.,   5.,  19.,   9.,   3., 303.,   5.,  22.],
        [  9.,   2.,   8.,  16.,   7.,   6.,   4.,   3., 249.,  28.],
        [  9.,   9.,   3.,   4.,   3., 248.,   1.,   3.,   2.,   4.],
        [ 15.,   0.,   2.,  29.,   4.,  80.,   1.,   3., 189.,  39.],
        [  2.,   0.,   1.,  11.,  14.,   4.,   0., 110.,  10., 275.]],
       device='cuda:0')
--- spikes (finish interval) ---
tensor([[0., 0., 0., 0., 0., 0., 0., 0., 0., 0.],
        [0., 1., 0., 0., 0., 0., 0., 0., 0., 0.],
        [0., 0., 0., 1., 0., 0., 0., 0., 0., 0.],
        [0., 0., 0., 1., 0., 0., 0., 0., 0., 0.],
        [0., 0., 0., 0., 0., 0., 0., 0., 0., 0.],
        [0., 0., 0., 0., 0., 0., 0., 0., 0., 0.],
        [0., 0., 0., 0., 0., 0., 0., 0., 0., 0.],
        [0., 0., 0., 0., 0., 0., 0., 0., 0., 0.],
        [0., 0., 0., 0., 0., 0., 0., 0., 0., 1.],
        [1., 0., 0., 0., 0., 0., 0., 0., 0., 0.],
        [0., 0., 0., 0., 0., 0., 0., 0., 0., 0.],
        [0., 0., 0., 0., 1., 0., 0., 0., 0., 0.],
        [0., 0., 0., 0., 0., 0., 0., 0., 0., 0.],
        [0., 0., 0., 0., 0., 0., 0., 0., 0., 0.],
        [0., 0., 0., 0., 0., 0., 0., 0., 0., 0.],
        [0., 0., 0., 0., 0., 0., 0., 0., 0., 0.],
        [0., 0., 0., 0., 0., 0., 0., 0., 0., 0.],
        [1., 0., 0., 0., 0., 0., 0., 0., 0., 0.],
        [0., 0., 0., 0., 0., 0., 0., 0., 0., 0.],
        [0., 0., 0., 0., 0., 0., 0., 0., 0., 0.],
        [0., 0., 0., 0., 0., 0., 0., 0., 0., 0.],
        [0., 0., 0., 0., 0., 0., 0., 1., 0., 0.],
        [0., 0., 0., 0., 0., 0., 0., 0., 0., 0.],
        [0., 0., 0., 0., 0., 0., 0., 0., 0., 1.],
        [0., 0., 0., 0., 0., 0., 0., 0., 0., 0.],
        [0., 0., 0., 1., 0., 0., 0., 0., 0., 0.],
        [0., 0., 0., 0., 0., 0., 0., 0., 0., 1.],
        [0., 1., 0., 0., 0., 0., 0., 0., 0., 0.],
        [0., 0., 0., 0., 0., 0., 0., 0., 0., 0.],
        [0., 1., 0., 0., 0., 0., 0., 0., 0., 0.],
        [1., 0., 0., 0., 0., 0., 0., 0., 0., 0.],
        [0., 0., 0., 0., 0., 0., 0., 0., 0., 0.],
        [1., 0., 0., 0., 0., 0., 0., 0., 0., 0.],
        [0., 0., 0., 0., 0., 0., 0., 0., 0., 0.],
        [0., 0., 0., 0., 0., 0., 0., 0., 0., 0.],
        [0., 0., 0., 1., 0., 0., 0., 0., 0., 0.],
        [0., 0., 0., 0., 0., 0., 0., 0., 0., 0.],
        [0., 0., 0., 0., 0., 0., 0., 0., 0., 0.],
        [0., 0., 0., 0., 0., 0., 0., 0., 0., 0.],
        [0., 0., 0., 0., 0., 0., 0., 0., 0., 1.],
        [0., 0., 0., 0., 0., 0., 0., 0., 0., 0.],
        [0., 0., 0., 0., 0., 0., 0., 0., 0., 0.],
        [0., 0., 0., 0., 0., 0., 0., 0., 0., 0.],
        [0., 0., 0., 0., 0., 0., 0., 0., 1., 0.],
        [0., 0., 0., 0., 0., 0., 0., 0., 0., 0.],
        [0., 0., 0., 0., 0., 0., 0., 0., 0., 0.],
        [0., 0., 0., 0., 0., 0., 0., 0., 0., 0.],
        [0., 0., 0., 0., 0., 0., 0., 0., 0., 0.],
        [0., 0., 0., 0., 0., 0., 0., 0., 1., 0.],
        [0., 0., 0., 0., 1., 0., 0., 0., 0., 0.],
        [0., 0., 0., 0., 0., 0., 0., 0., 0., 0.],
        [0., 0., 0., 0., 0., 0., 0., 0., 0., 0.],
        [0., 0., 0., 0., 0., 0., 0., 0., 0., 0.],
        [0., 0., 0., 0., 0., 0., 0., 0., 1., 0.],
        [0., 0., 0., 0., 0., 0., 0., 0., 0., 0.],
        [0., 0., 0., 0., 0., 0., 0., 0., 0., 0.],
        [0., 0., 0., 1., 0., 0., 0., 0., 0., 0.],
        [0., 0., 0., 0., 0., 0., 0., 0., 0., 0.],
        [0., 0., 0., 0., 0., 0., 0., 0., 0., 0.],
        [0., 0., 0., 0., 0., 0., 0., 0., 0., 0.],
        [0., 0., 0., 0., 0., 0., 0., 0., 0., 0.],
        [0., 0., 0., 0., 0., 0., 0., 0., 0., 0.],
        [0., 0., 0., 0., 0., 0., 0., 0., 0., 0.],
        [0., 0., 0., 0., 0., 0., 0., 0., 0., 0.]], device='cuda:0')
Epoch 2 | Batch 500
--- spikes (training) ---
tensor([[  0.,   4.,  14.,  27.,   8., 221.,   7.,   3., 116.,   6.],
        [  0.,   3.,  17.,  26.,   5.,   4.,   0.,  67., 171.,  19.],
        [  3.,   7.,  19., 279.,  12.,   2.,   0.,   6., 120.,   5.],
        [298.,   0.,  10.,   0.,   3.,  29.,  18.,   8.,   1.,   2.],
        [  0.,   3., 199.,  15.,   6.,   2.,  50.,  91.,   1.,   1.],
        [  1.,   5.,   6.,   5.,   5., 237., 120.,   2.,  14.,   5.],
        [ 62.,   0., 261.,  11.,   5., 116.,   0.,   2.,   0.,   1.],
        [  5.,   2.,  74.,  12.,  12.,   6.,   2.,   7., 137.,   4.],
        [  0., 286.,  21.,   8.,   1.,   3.,   1.,  12.,   8.,   4.],
        [  1.,   2.,   2.,   0.,  11.,   5.,   0., 300.,   6.,  13.],
        [294.,   0.,   7.,   3.,   4.,  18.,   0.,   4.,   2.,   2.],
        [  5.,   4.,   6.,   6.,   8.,  27., 258.,   2.,   5.,   3.],
        [  0.,   0.,  19.,   2.,  16.,   0., 272.,   4.,   5.,   3.],
        [  0.,  10.,   6.,   2., 270.,   1.,   0.,  14.,   3.,  11.],
        [  0.,   5.,   4.,   3.,  27.,   5.,   0.,  43.,   4., 255.],
        [  5.,   0., 310.,   6.,   3.,   2.,   6.,  22.,   0.,   1.],
        [  0.,   3.,  73., 124.,   2.,   0.,   1., 289.,   3.,  10.],
        [  0., 294.,  12.,   9.,   1.,   8.,   2.,   9.,   5.,   4.],
        [ 11.,   1.,  48.,  17.,  21.,  26.,   0.,   9., 274.,   6.],
        [  0.,   5.,   7.,  11.,   5.,   0.,   0., 302.,   3.,  50.],
        [ 36.,   2.,   8., 253.,   5.,   2.,   0.,   6.,   3.,   0.],
        [  7.,  15.,  13.,  19.,   9.,   5.,   5.,  10., 264.,   9.],
        [ 20.,   0., 302.,   9.,   2.,   0.,   4.,  13.,   8.,  11.],
        [ 11.,   2.,   1.,   0.,  16.,  35.,   0., 215.,   3.,  10.],
        [  0.,   7.,   6., 156.,  14.,   0.,   0.,  13., 105.,   6.],
        [  0.,   7.,   4.,   6., 259.,   0.,   1.,  28.,   3.,   5.],
        [  0.,   6.,   7.,   1.,  54.,   4.,  11.,  28.,   2., 254.],
        [  2.,   0.,  15.,  38.,   5., 233.,   0.,   7.,   4.,   0.],
        [  0.,   0.,  12.,   5., 251.,   0.,   1.,  16.,   1.,   4.],
        [  3.,  13.,   4.,   0.,   8., 222.,   0.,  10.,   3.,   2.],
        [  0.,   2.,   3.,   3.,  26.,   3.,   0.,  35.,   7., 262.],
        [  0.,   2.,   5.,   1.,   3.,   2., 291.,   3.,  11.,   5.],
        [  0.,   0., 299.,  19., 104.,  60.,   0.,   1.,   0.,   0.],
        [  0.,  14.,  15.,  33.,   6.,   0.,   0., 289.,  13.,  46.],
        [  0.,   2.,   6.,  13.,   8.,   0.,   0., 304.,   5.,   7.],
        [  0.,  90., 281.,  36.,   3.,   1.,  53.,   9.,   1.,   3.],
        [  0.,   1.,   2.,   3.,  25.,   4.,   0.,  20.,  31., 267.],
        [  0.,   1.,  19.,   2.,  13.,   0., 296.,   3.,   4.,   6.],
        [  0.,   4.,   5.,   2.,  11.,   2.,   1.,  21.,   4., 205.],
        [  0., 260.,   7.,   8.,   6.,   5.,   4.,   5.,   3.,   5.],
        [  0.,   3.,   8., 293.,  10.,   1.,   0.,   9.,   9.,   3.],
        [  2.,   7.,   7., 297.,   5.,   2.,   0.,   6.,   9.,   0.],
        [  0.,   0.,   4.,  15.,  68.,   1.,   0.,  31.,   5., 233.],
        [  1.,   2.,   3.,   6.,   4.,   0.,   0., 301.,   1.,   2.],
        [  0.,  16.,   1.,   0.,  17.,   7.,   0., 278.,   2.,   9.],
        [273.,   0.,   0.,   7.,   1.,  23.,   0.,  15.,   4.,   7.],
        [ 12.,   8.,   8., 269.,   2.,  35.,   0.,   7.,   2.,   1.],
        [  0.,   7.,  11.,   2., 149.,   1.,   3.,   9.,   9.,  11.],
        [  0.,   6.,   7.,   9.,   7.,   0.,   0., 304.,   7.,  15.],
        [253.,   0.,   5.,  15.,   1.,  20.,   5.,   8.,  59.,   6.],
        [  0.,  25.,   9.,   0.,   9., 267.,   0.,  24.,   5.,   7.],
        [  0., 289.,   9.,   8.,   1.,   5.,   3.,  10.,   3.,   3.],
        [  0.,   2.,   6.,   3.,  24.,   2.,   0.,  39.,  13., 268.],
        [  2.,   2.,  17.,   2.,  15.,   0., 289.,   4.,   1.,   4.],
        [  6.,   0., 219.,   6.,   1.,   2.,   1.,  36.,   2.,   2.],
        [  0.,   3.,   4.,   5.,   4.,   0.,   0., 284.,   2.,  18.],
        [  0.,   1.,   4.,   3., 276.,   5.,   0.,  22.,   6.,   7.],
        [  0.,   0.,  10.,   2.,   9.,   0., 291.,   5.,   2.,   7.],
        [  1.,   2.,   4.,   3.,  18.,   5.,  20.,  19.,   8., 267.],
        [  1.,  44.,  18.,  17.,  13.,   4.,  13.,  10., 222.,   4.],
        [  2.,   2.,  19.,  11.,  36.,   4.,   1.,  15., 256.,  26.],
        [  0., 299.,  12.,   9.,   2.,   9.,   4.,   9.,   3.,   7.],
        [ 12.,  13.,   6., 290.,   4.,   0.,   0.,  15.,   5.,   3.],
        [  0.,   2.,  10.,   1., 270.,   0.,   7.,  23.,   5.,   6.]],
       device='cuda:0')
--- spikes (finish interval) ---
tensor([[0., 0., 0., 0., 0., 1., 0., 0., 0., 0.],
        [0., 0., 0., 0., 0., 0., 0., 0., 0., 1.],
        [0., 0., 0., 1., 0., 0., 0., 0., 0., 0.],
        [1., 0., 0., 0., 0., 0., 0., 0., 0., 0.],
        [0., 0., 0., 0., 0., 0., 0., 0., 0., 0.],
        [0., 0., 0., 0., 0., 0., 0., 0., 0., 0.],
        [0., 0., 1., 0., 0., 0., 0., 0., 0., 0.],
        [0., 0., 0., 0., 0., 0., 0., 0., 0., 0.],
        [0., 1., 0., 0., 0., 0., 0., 0., 0., 0.],
        [0., 0., 0., 0., 0., 0., 0., 1., 0., 0.],
        [1., 0., 0., 0., 0., 0., 0., 0., 0., 0.],
        [0., 0., 0., 0., 0., 0., 1., 0., 0., 0.],
        [0., 0., 0., 0., 0., 0., 0., 0., 0., 0.],
        [0., 0., 0., 0., 1., 0., 0., 0., 0., 0.],
        [0., 0., 0., 0., 0., 0., 0., 0., 0., 1.],
        [0., 0., 1., 0., 0., 0., 0., 0., 0., 0.],
        [0., 0., 0., 0., 0., 0., 0., 0., 0., 0.],
        [0., 1., 0., 0., 0., 0., 0., 0., 0., 0.],
        [0., 0., 0., 0., 0., 0., 0., 0., 0., 0.],
        [0., 0., 0., 0., 0., 0., 0., 1., 0., 0.],
        [0., 0., 0., 0., 0., 0., 0., 0., 0., 0.],
        [0., 0., 0., 0., 0., 0., 0., 0., 0., 0.],
        [0., 0., 1., 0., 0., 0., 0., 0., 0., 0.],
        [0., 0., 0., 0., 0., 0., 0., 0., 0., 0.],
        [0., 0., 0., 1., 0., 0., 0., 0., 0., 0.],
        [0., 0., 0., 0., 0., 0., 0., 0., 0., 0.],
        [0., 0., 0., 0., 0., 0., 0., 0., 0., 1.],
        [0., 0., 0., 0., 0., 1., 0., 0., 0., 0.],
        [0., 0., 0., 0., 1., 0., 0., 0., 0., 0.],
        [0., 0., 0., 0., 0., 1., 0., 0., 0., 0.],
        [0., 0., 0., 0., 0., 0., 0., 0., 0., 1.],
        [0., 0., 0., 0., 0., 0., 1., 0., 0., 0.],
        [0., 0., 0., 0., 0., 0., 0., 0., 0., 0.],
        [0., 0., 0., 0., 0., 0., 0., 0., 0., 0.],
        [0., 0., 0., 0., 0., 0., 0., 1., 0., 0.],
        [0., 0., 0., 0., 0., 0., 0., 0., 0., 0.],
        [0., 0., 0., 0., 0., 0., 0., 0., 0., 0.],
        [0., 0., 0., 0., 0., 0., 1., 0., 0., 0.],
        [0., 0., 0., 0., 0., 0., 0., 0., 0., 0.],
        [0., 0., 0., 0., 0., 0., 0., 0., 0., 0.],
        [0., 0., 0., 1., 0., 0., 0., 0., 0., 0.],
        [0., 0., 0., 1., 0., 0., 0., 0., 0., 0.],
        [0., 0., 0., 0., 0., 0., 0., 0., 0., 1.],
        [0., 0., 0., 0., 0., 0., 0., 0., 0., 0.],
        [0., 0., 0., 0., 0., 0., 0., 1., 0., 0.],
        [1., 0., 0., 0., 0., 0., 0., 0., 0., 0.],
        [0., 0., 0., 0., 0., 0., 0., 0., 0., 0.],
        [0., 0., 0., 0., 0., 0., 0., 0., 0., 0.],
        [0., 0., 0., 0., 0., 0., 0., 1., 0., 0.],
        [1., 0., 0., 0., 0., 0., 0., 0., 0., 0.],
        [0., 0., 0., 0., 0., 0., 0., 0., 0., 0.],
        [0., 0., 0., 0., 0., 0., 0., 0., 0., 0.],
        [0., 0., 0., 0., 0., 0., 0., 0., 0., 1.],
        [0., 0., 0., 0., 0., 0., 0., 0., 0., 0.],
        [0., 0., 0., 0., 0., 0., 0., 0., 0., 0.],
        [0., 0., 0., 0., 0., 0., 0., 1., 0., 0.],
        [0., 0., 0., 0., 1., 0., 0., 0., 0., 0.],
        [0., 0., 0., 0., 0., 0., 0., 0., 0., 0.],
        [0., 0., 0., 0., 0., 0., 0., 0., 0., 1.],
        [0., 0., 0., 0., 0., 0., 0., 0., 0., 0.],
        [0., 0., 0., 0., 0., 0., 0., 0., 1., 0.],
        [0., 1., 0., 0., 0., 0., 0., 0., 0., 0.],
        [0., 0., 0., 1., 0., 0., 0., 0., 0., 0.],
        [0., 0., 0., 0., 0., 0., 0., 0., 0., 0.]], device='cuda:0')
Epoch 2 | Batch 600
--- spikes (training) ---
tensor([[  4.,   1.,   5.,   0., 284.,   3.,   7.,   9.,   0.,  12.],
        [ 36.,   0.,   0.,   0.,  13.,   0.,   0., 302.,   1.,  24.],
        [  0.,  10.,   3.,   5.,  12.,   6.,   7.,  11., 217.,   3.],
        [  0.,   0.,   4.,   1.,   3.,   1.,   0., 302.,   5.,  12.],
        [316.,   0.,   4.,   2.,   0.,   0.,   1.,   2.,   1.,   2.],
        [  0.,   0.,   3.,   0., 242.,  56.,   9.,   3.,   4.,   6.],
        [  0.,  13.,   2.,   6.,   2.,   5.,  10.,  16.,   8., 205.],
        [  8.,   3.,   2., 295.,   8.,   8.,   1.,   3.,  76.,   3.],
        [  6.,  17.,  79., 295.,   0.,   5.,   2.,   2.,   8.,   0.],
        [  4.,   0.,  15.,   3.,  18.,   1., 270.,   0.,  13.,   4.],
        [  0.,  33.,   3.,   1.,  25.,   3.,   5.,  18.,  15., 192.],
        [ 59.,   1.,  25.,   0.,  14.,   3., 294.,   0.,   0.,   6.],
        [  7.,   0.,   2.,   4.,  10., 259.,   5.,  31.,   3.,   1.],
        [  8.,   2.,   4.,  23.,  23., 218.,  26.,   1.,   9.,   3.],
        [  0., 293.,   5.,   4.,   3.,   4.,   2.,  10.,   4.,   2.],
        [  3.,   9.,   4., 105.,  19.,  10.,  31.,   4., 189.,   6.],
        [ 21.,   5.,  28.,   1.,  20.,  14., 223.,   1.,   1.,   2.],
        [ 12.,   0.,  19.,   0., 252.,   1.,   8.,   7.,   0.,   1.],
        [ 24.,   0., 294.,   0.,   2.,   1.,  10.,   2.,   0.,   0.],
        [  0., 289.,  14.,   3.,  26.,   5.,   1.,  13.,  42.,   1.],
        [ 20.,   0.,  19.,   0.,  61.,   0., 230.,   1.,   1.,   3.],
        [  0.,   1.,   3.,   0., 253.,   5.,   6.,  19.,   9., 139.],
        [301.,   0.,   1.,   3.,   1.,  38.,   2.,   4.,  46.,   6.],
        [  0.,   7.,   9.,   0., 233.,  22.,  12.,   9., 117.,  17.],
        [  0.,   7.,   1.,   1., 233.,   3.,   6.,   9.,   4.,   8.],
        [  0., 300.,  10.,   2.,   3.,   7.,   6.,   9.,   7.,   1.],
        [ 15.,   2.,  18.,   0.,  16.,   0., 281.,   1.,   4.,   8.],
        [  1.,   1.,   5.,   0.,  12.,   5., 291.,   0.,   4.,   4.],
        [  0.,   7.,   4.,   0., 250.,   5.,  16.,  15.,   6.,   6.],
        [  3., 110.,  15.,   2.,   7.,  35.,   1.,  13., 133.,   0.],
        [  0., 272.,  13.,   1.,  29.,   2.,   0.,   6.,  25.,   0.],
        [  0.,   1.,   1.,   2.,   0.,   0.,   1., 259.,   3.,   6.],
        [  1.,  10.,   1.,   4.,   2.,   2.,   3., 154., 138.,   3.],
        [254.,   0.,   5.,   0.,  12.,   0.,  25.,  16.,   0.,  10.],
        [  0., 280.,   1.,   8.,   2.,   2.,   5.,   5.,   2.,   1.],
        [ 23.,   0., 293.,   0.,   3.,   3.,   3.,   2.,   0.,   1.],
        [  3.,  11.,   3.,   3.,  18.,   9.,  15.,  66., 112.,  14.],
        [ 10.,   0.,   5., 280.,   0.,  12.,   1.,   3.,  35.,   1.],
        [ 32.,   1.,   3.,   5.,  18., 264.,   2.,   2.,  30.,  13.],
        [  0.,   2.,   2.,   0., 218.,   3.,   4.,  16.,  10.,  31.],
        [273.,   1.,   3.,   3.,   1.,   1.,   0.,   3.,  21.,   3.],
        [  0., 295.,  75.,   2.,  10.,   5.,   1.,   8.,  24.,   1.],
        [  0., 275.,   1.,   8.,   1.,   3.,  13.,   4.,   3.,   1.],
        [  2.,   3.,  10.,   5.,  20.,   1., 272.,   1.,   4.,  46.],
        [  0.,   0.,   3.,   0.,  27.,   2.,   4.,  50.,   5., 243.],
        [  8.,   7.,   8.,   8.,  43.,   3.,   6.,   6., 282.,   5.],
        [  1.,   1.,   4.,   2.,  30.,   5.,   2.,  55., 192., 142.],
        [  0.,   2.,   2.,   2.,  10.,   6., 275.,   1.,   5.,   6.],
        [  5.,   1.,   2.,   1.,   3.,   1.,   7., 158.,   3.,  24.],
        [  0.,   2.,   2.,  28.,  70.,   3.,   6., 105.,  75.,   2.],
        [  2.,   2.,   2.,   1.,   5.,   5.,   5.,  23.,   9., 267.],
        [ 11.,   4.,  11.,   4.,  55.,   7.,   2.,   7., 283.,  23.],
        [  1.,   1.,   2.,   0., 149.,   3.,  57.,   7.,   5.,  87.],
        [  5.,   8.,   2.,  36.,  25.,   5.,   4.,   8., 244.,   5.],
        [  6., 127.,  20.,   1.,   0.,   6., 134.,   9.,   3.,   4.],
        [  1.,   2.,   7.,   0.,  60.,   1.,   5.,  36.,  28., 288.],
        [  1.,  20.,   3.,  22., 189.,   5.,   8.,  52.,  42.,   8.],
        [  0.,   3.,   3.,   2.,   1.,   2.,   1., 295.,   7.,  13.],
        [  8.,   3.,   9., 291.,   3.,   4.,   1.,   2.,  78.,   1.],
        [ 83.,   0.,  19.,   0.,   6.,   2., 243.,   0.,   1.,   5.],
        [  1.,   1.,   2.,   0., 250.,   3.,   3.,   9.,  12.,  27.],
        [  0.,   0.,   1.,   1.,   9.,   5.,   2., 291.,   2.,  25.],
        [  1.,   7., 271.,   0.,  17.,   5.,   4.,   4.,  32.,   4.],
        [297.,   0.,   2.,   0.,   0.,   2.,   1.,   6.,  57.,   8.]],
       device='cuda:0')
--- spikes (finish interval) ---
tensor([[0., 0., 0., 0., 0., 0., 0., 0., 0., 0.],
        [0., 0., 0., 0., 0., 0., 0., 0., 0., 0.],
        [0., 0., 0., 0., 0., 0., 0., 0., 0., 0.],
        [0., 0., 0., 0., 0., 0., 0., 0., 0., 0.],
        [0., 0., 0., 0., 0., 0., 0., 0., 0., 0.],
        [0., 0., 0., 0., 1., 0., 0., 0., 0., 0.],
        [0., 0., 0., 0., 0., 0., 0., 0., 0., 1.],
        [0., 0., 0., 0., 0., 0., 0., 0., 0., 0.],
        [0., 0., 0., 0., 0., 0., 0., 0., 0., 0.],
        [0., 0., 0., 0., 0., 0., 1., 0., 0., 0.],
        [0., 0., 0., 0., 0., 0., 0., 0., 0., 0.],
        [0., 0., 0., 0., 0., 0., 1., 0., 0., 0.],
        [0., 0., 0., 0., 0., 0., 0., 0., 0., 0.],
        [0., 0., 0., 0., 0., 1., 0., 0., 0., 0.],
        [0., 0., 0., 0., 0., 0., 0., 0., 0., 0.],
        [0., 0., 0., 0., 0., 0., 0., 0., 1., 0.],
        [0., 0., 0., 0., 0., 0., 0., 0., 0., 0.],
        [0., 0., 0., 0., 0., 0., 0., 0., 0., 0.],
        [0., 0., 0., 0., 0., 0., 0., 0., 0., 0.],
        [0., 1., 0., 0., 0., 0., 0., 0., 0., 0.],
        [0., 0., 0., 0., 0., 0., 0., 0., 0., 0.],
        [0., 0., 0., 0., 1., 0., 0., 0., 0., 0.],
        [1., 0., 0., 0., 0., 0., 0., 0., 0., 0.],
        [0., 0., 0., 0., 1., 0., 0., 0., 0., 0.],
        [0., 0., 0., 0., 0., 0., 0., 0., 0., 0.],
        [0., 1., 0., 0., 0., 0., 0., 0., 0., 0.],
        [0., 0., 0., 0., 0., 0., 0., 0., 0., 0.],
        [0., 0., 0., 0., 0., 0., 1., 0., 0., 0.],
        [0., 0., 0., 0., 1., 0., 0., 0., 0., 0.],
        [0., 0., 0., 0., 0., 0., 0., 0., 0., 0.],
        [0., 0., 0., 0., 0., 0., 0., 0., 0., 0.],
        [0., 0., 0., 0., 0., 0., 0., 0., 0., 0.],
        [0., 0., 0., 0., 0., 0., 0., 0., 0., 0.],
        [0., 0., 0., 0., 0., 0., 0., 0., 0., 0.],
        [0., 1., 0., 0., 0., 0., 0., 0., 0., 0.],
        [0., 0., 0., 0., 0., 0., 0., 0., 0., 0.],
        [0., 0., 0., 0., 0., 0., 0., 0., 0., 0.],
        [0., 0., 0., 1., 0., 0., 0., 0., 0., 0.],
        [0., 0., 0., 0., 0., 1., 0., 0., 0., 0.],
        [0., 0., 0., 0., 1., 0., 0., 0., 0., 0.],
        [1., 0., 0., 0., 0., 0., 0., 0., 0., 0.],
        [0., 0., 0., 0., 0., 0., 0., 0., 0., 0.],
        [0., 0., 0., 0., 0., 0., 0., 0., 0., 0.],
        [0., 0., 0., 0., 0., 0., 1., 0., 0., 0.],
        [0., 0., 0., 0., 0., 0., 0., 0., 0., 1.],
        [0., 0., 0., 0., 0., 0., 0., 0., 0., 0.],
        [0., 0., 0., 0., 0., 0., 0., 0., 0., 0.],
        [0., 0., 0., 0., 0., 0., 0., 0., 0., 0.],
        [0., 0., 0., 0., 0., 0., 0., 0., 0., 0.],
        [0., 0., 0., 0., 0., 0., 0., 0., 0., 0.],
        [0., 0., 0., 0., 0., 0., 0., 0., 0., 1.],
        [0., 0., 0., 0., 0., 0., 0., 0., 0., 0.],
        [0., 0., 0., 0., 0., 0., 0., 0., 0., 0.],
        [0., 0., 0., 0., 0., 0., 0., 0., 1., 0.],
        [0., 1., 0., 0., 0., 0., 0., 0., 0., 0.],
        [0., 0., 0., 0., 0., 0., 0., 0., 0., 0.],
        [0., 0., 0., 0., 0., 0., 0., 0., 0., 0.],
        [0., 0., 0., 0., 0., 0., 0., 0., 0., 0.],
        [0., 0., 0., 0., 0., 0., 0., 0., 0., 0.],
        [0., 0., 0., 0., 0., 0., 0., 0., 0., 0.],
        [0., 0., 0., 0., 0., 0., 0., 0., 0., 0.],
        [0., 0., 0., 0., 0., 0., 0., 0., 0., 0.],
        [0., 0., 1., 0., 0., 0., 0., 0., 0., 0.],
        [0., 0., 0., 0., 0., 0., 0., 0., 0., 0.]], device='cuda:0')
Epoch 2 | Batch 700
--- spikes (training) ---
tensor([[  0.,   9.,  12.,   6.,   2.,   0.,   6.,   5., 269.,   7.],
        [312.,   1.,   0.,   1.,   0., 108.,   4.,   2.,  55.,  27.],
        [  4.,   3.,  24., 306.,   1.,  12.,   0.,   3.,  10.,   1.],
        [  2.,   6.,   0.,  12.,   1., 280.,   1.,   5.,   8.,  55.],
        [  2.,   2., 288.,  35.,   0.,   1.,   3.,   6.,   5.,   2.],
        [  0., 259.,   3.,  11.,   0.,   1.,   1.,   4.,  17.,   5.],
        [  6.,   8.,   4.,   3.,   2.,  24.,   5.,   4., 283.,   8.],
        [  0.,   2., 281.,  11.,   0.,   0.,  33.,   6.,   3.,   2.],
        [ 17.,   5.,   0.,   6.,   2., 291.,   6.,   0.,  13.,   4.],
        [ 13.,   5.,   1.,   0.,   0., 268.,   2.,  39.,  23.,  35.],
        [ 11.,   7.,  56.,   0.,  16.,   0., 304.,   0.,  27.,   4.],
        [301.,   3.,   0.,   5.,   0.,  33.,   5.,   6.,  76.,   1.],
        [  7.,   2.,   2.,   1.,   7.,   1.,   1.,  18.,  13., 257.],
        [  0., 158.,  59.,   1.,   3.,   2.,   1.,   2.,  14.,   2.],
        [ 27.,   1.,   2.,   5.,   5.,   0.,   0., 308.,  30.,  13.],
        [287.,   2.,   0.,  84.,   0.,  17.,   7.,   7., 101.,   4.],
        [  4.,   3.,   6.,  35.,   1., 228.,   5.,   2.,  17.,   0.],
        [  0.,   7.,  13.,   0.,  96.,   0., 269.,   1.,  30.,   7.],
        [  0.,   7.,  22.,  18.,   5.,   0.,   5., 152.,   5.,   9.],
        [  5.,   5.,   1.,   0.,   8.,   0.,   2., 276.,  11.,   8.],
        [  0.,   4.,   2.,   3., 279.,   5.,   1.,  13.,   7.,   9.],
        [  2.,   5.,  20.,   0.,   7.,   0., 306.,   0.,   9.,   2.],
        [ 12.,   5.,  20.,   0.,   6.,   0., 306.,   0.,   9.,   2.],
        [282.,   3.,  11.,   2.,   0.,   4.,  13.,   8.,  10.,   1.],
        [  6.,   8.,   4.,   1.,   5., 156.,   4.,  20.,   8.,   6.],
        [  3.,  10.,   8., 294.,   2.,   8.,   4.,   2.,  20.,   2.],
        [  1.,   6.,  47., 306.,   0.,   0.,   0.,   3.,   4.,   0.],
        [  0.,   3.,   2.,   1., 226.,   0.,  12.,   4.,   7.,   8.],
        [  0., 264.,   5.,  11.,   1.,   0.,   2.,  10.,  10.,   7.],
        [  0.,   6.,   3.,  14., 149.,   3.,   4.,   5.,  15.,  83.],
        [  0., 272.,   4.,   5.,   1.,   1.,   4.,   5.,  13.,   4.],
        [  2.,   2.,   1.,   1.,   1.,   0.,   1., 292.,   7.,   8.],
        [  0.,   1.,   2.,   5.,   0.,   0.,   0., 297.,   6.,   9.],
        [304.,   0.,   2.,   1.,   0.,  29.,   9.,   1.,  37.,  20.],
        [  0., 287.,  13.,  10.,   1.,   0.,   3.,  10.,  13.,   8.],
        [  1.,   6.,  18.,   1.,   4.,   0., 295.,   1.,   6.,   4.],
        [  0.,  39.,   6.,   0., 255.,   0.,   9.,   3.,  11.,   8.],
        [  0.,   4.,   4., 142.,   5.,   0.,   0.,   8.,   7.,  57.],
        [  0.,   1., 309., 126.,   0.,   0.,   8.,  14.,   1.,   0.],
        [  1.,   3.,   3.,   2.,   1.,   0.,   1., 293.,  10.,   4.],
        [  0.,   4.,   2.,  25.,  14.,   1.,   0.,  16.,   7., 252.],
        [  1.,   3.,   2.,   2.,  90.,   0.,  11.,  11.,  14., 227.],
        [301.,   1.,   3.,   2.,   0.,   8.,   2.,   3.,  10.,   1.],
        [  1.,   3., 213.,   0.,   9.,   2.,   5.,   3.,   3.,  21.],
        [  0.,  48., 266.,   5.,   0.,   0.,  11.,   1.,   6.,   1.],
        [  0.,  13.,  20.,   1.,   1.,   2.,  17.,   6., 263.,   8.],
        [  5.,   7.,  10.,   0.,  13.,   0., 308.,   0.,  12.,   4.],
        [  3.,   2.,  10.,  50.,   4.,   3.,   7.,   4.,  18.,  86.],
        [  2.,   8.,  10.,   1.,   2.,  10.,  17.,   7., 240.,   7.],
        [  6.,   1.,   1.,   8.,   2.,   0.,   0., 298.,   8.,  15.],
        [  1.,   1.,  23.,  34.,   0., 226.,   1.,   0.,   3.,   0.],
        [  4.,  20.,   5.,   1.,   0.,  78., 112.,   3.,  29.,   3.],
        [ 55.,   4.,   0.,   5.,  11.,   0.,   3.,  82.,   4.,   3.],
        [  0., 286.,  20.,   3.,   2.,   0.,   2.,   4.,  15.,   3.],
        [  0.,   4.,   2.,   4.,  63.,   0.,   2., 284.,  87.,   5.],
        [  0.,   3.,   2.,   0.,   9.,   0.,   3.,  63.,  12., 238.],
        [132.,   3.,   7.,  33.,   1.,  10.,   1.,  12., 275.,   7.],
        [  3.,   6.,  12., 276.,   1.,   0.,  17.,  11.,  17.,   5.],
        [  0.,   6.,  10.,   3.,   5.,   1.,   7.,   5., 284.,   7.],
        [  5.,   1.,   3.,   3.,   4.,   0.,   0., 307.,  13.,   7.],
        [  1.,  75.,  10.,  24.,   1.,   0.,   5.,   7., 259.,  12.],
        [ 26.,   8.,  75.,   0.,   6.,   0.,  16.,  15.,  15.,   6.],
        [  3.,   6.,   2.,   2.,   2., 270.,   5.,   3.,  47.,  12.],
        [  0.,   4.,   6.,   2.,   5.,   0.,   3.,  10.,   9., 258.]],
       device='cuda:0')
--- spikes (finish interval) ---
tensor([[0., 0., 0., 0., 0., 0., 0., 0., 0., 0.],
        [1., 0., 0., 0., 0., 0., 0., 0., 0., 0.],
        [0., 0., 0., 1., 0., 0., 0., 0., 0., 0.],
        [0., 0., 0., 0., 0., 1., 0., 0., 0., 0.],
        [0., 0., 0., 0., 0., 0., 0., 0., 0., 0.],
        [0., 1., 0., 0., 0., 0., 0., 0., 0., 0.],
        [0., 0., 0., 0., 0., 0., 0., 0., 0., 0.],
        [0., 0., 0., 0., 0., 0., 0., 0., 0., 0.],
        [0., 0., 0., 0., 0., 1., 0., 0., 0., 0.],
        [0., 0., 0., 0., 0., 0., 0., 0., 0., 0.],
        [0., 0., 0., 0., 0., 0., 0., 0., 0., 0.],
        [1., 0., 0., 0., 0., 0., 0., 0., 0., 0.],
        [0., 0., 0., 0., 0., 0., 0., 0., 0., 1.],
        [0., 0., 0., 0., 0., 0., 0., 0., 0., 0.],
        [0., 0., 0., 0., 0., 0., 0., 1., 0., 0.],
        [0., 0., 0., 0., 0., 0., 0., 0., 1., 0.],
        [0., 0., 0., 0., 0., 0., 0., 0., 0., 0.],
        [0., 0., 0., 0., 0., 0., 0., 0., 0., 0.],
        [0., 0., 0., 0., 0., 0., 0., 0., 0., 0.],
        [0., 0., 0., 0., 0., 0., 0., 0., 0., 0.],
        [0., 0., 0., 0., 1., 0., 0., 0., 0., 0.],
        [0., 0., 0., 0., 0., 0., 0., 0., 0., 0.],
        [0., 0., 0., 0., 0., 0., 1., 0., 0., 0.],
        [0., 0., 0., 0., 0., 0., 0., 0., 0., 0.],
        [0., 0., 0., 0., 0., 0., 0., 0., 0., 0.],
        [0., 0., 0., 1., 0., 0., 0., 0., 0., 0.],
        [0., 0., 0., 0., 0., 0., 0., 0., 0., 0.],
        [0., 0., 0., 0., 1., 0., 0., 0., 0., 0.],
        [0., 0., 0., 0., 0., 0., 0., 0., 0., 0.],
        [0., 0., 0., 0., 0., 0., 0., 0., 0., 0.],
        [0., 1., 0., 0., 0., 0., 0., 0., 0., 0.],
        [0., 0., 0., 0., 0., 0., 0., 1., 0., 0.],
        [0., 0., 0., 0., 0., 0., 0., 0., 0., 0.],
        [0., 0., 0., 0., 0., 0., 0., 0., 0., 0.],
        [0., 0., 0., 0., 0., 0., 0., 0., 0., 0.],
        [0., 0., 0., 0., 0., 0., 0., 0., 0., 0.],
        [0., 0., 0., 0., 0., 0., 0., 0., 0., 0.],
        [0., 0., 0., 0., 0., 0., 0., 0., 0., 0.],
        [0., 0., 1., 0., 0., 0., 0., 0., 0., 0.],
        [0., 0., 0., 0., 0., 0., 0., 1., 0., 0.],
        [0., 0., 0., 0., 0., 0., 0., 0., 0., 0.],
        [0., 0., 0., 0., 0., 0., 0., 0., 0., 0.],
        [1., 0., 0., 0., 0., 0., 0., 0., 0., 0.],
        [0., 0., 1., 0., 0., 0., 0., 0., 0., 0.],
        [0., 0., 0., 0., 0., 0., 0., 0., 0., 0.],
        [0., 0., 0., 0., 0., 0., 0., 0., 1., 0.],
        [0., 0., 0., 0., 0., 0., 1., 0., 0., 0.],
        [0., 0., 0., 0., 0., 0., 0., 0., 0., 1.],
        [0., 0., 0., 0., 0., 0., 0., 0., 1., 0.],
        [0., 0., 0., 0., 0., 0., 0., 0., 0., 0.],
        [0., 0., 0., 0., 0., 0., 0., 0., 0., 0.],
        [0., 0., 0., 0., 0., 0., 0., 0., 0., 0.],
        [0., 0., 0., 0., 0., 0., 0., 0., 0., 0.],
        [0., 0., 0., 0., 0., 0., 0., 0., 0., 0.],
        [0., 0., 0., 0., 0., 0., 0., 0., 0., 0.],
        [0., 0., 0., 0., 0., 0., 0., 0., 0., 1.],
        [0., 0., 0., 0., 0., 0., 0., 0., 1., 0.],
        [0., 0., 0., 1., 0., 0., 0., 0., 0., 0.],
        [0., 0., 0., 0., 0., 0., 0., 0., 1., 0.],
        [0., 0., 0., 0., 0., 0., 0., 0., 0., 0.],
        [0., 0., 0., 0., 0., 0., 0., 0., 0., 0.],
        [0., 0., 0., 0., 0., 0., 0., 0., 0., 0.],
        [0., 0., 0., 0., 0., 0., 0., 0., 0., 0.],
        [0., 0., 0., 0., 0., 0., 0., 0., 0., 1.]], device='cuda:0')
Epoch 2 | Batch 800
--- spikes (training) ---
tensor([[  8.,   3., 303.,   6.,   0.,   0.,   5.,   4.,   0.,   1.],
        [  9., 236.,   3.,   6.,   0.,   0.,   3.,   4.,   7.,   2.],
        [306.,   2.,   0.,   5.,   1.,   0.,   5.,   3.,   0.,   0.],
        [  8.,   3., 282.,   7.,   2.,   0.,   1.,   3.,   5.,   1.],
        [ 87.,   0.,  59.,   0., 214.,   0.,  33.,   2.,  27.,   0.],
        [  5.,   2.,   1.,   3.,   3.,   1.,   0., 223.,   0.,  88.],
        [  8.,   1.,   0.,   0.,  72.,   6.,   1.,  12.,  10., 288.],
        [  8.,   7.,   0., 268.,   0.,   1.,   5.,   5.,   3.,   7.],
        [275.,   1.,   1.,   9.,   0.,   0.,   1.,   3.,   0.,   0.],
        [  4.,  12., 235.,   3.,   0.,   0.,   0.,   6.,   0.,   2.],
        [  7.,   4.,   1.,   0.,   3.,   8., 284.,   1.,   2.,   7.],
        [ 31.,   1.,   0.,   1.,   0.,   0.,   1., 211.,  32.,   0.],
        [  8.,   4.,   0.,   5.,   1.,   1.,   0., 286.,   0.,  35.],
        [266.,   3.,   3.,   4.,   0.,   3.,   4.,   5.,   0.,   6.],
        [  7.,   2.,   1.,   0.,   0.,   1.,   1.,   7.,   2., 249.],
        [ 10.,  24.,   3.,   3.,   2.,   0.,  14.,   5., 235.,   8.],
        [  6.,   4., 293.,  64.,   0.,   1.,  11.,   2.,   2.,   1.],
        [ 15.,   3.,   0.,  68.,   0., 231.,  10.,   1.,   2.,   0.],
        [  4.,  10.,   0.,   0.,  40.,   4., 282.,   2.,   8.,   9.],
        [ 17.,  19.,   6.,   6.,   3.,   4.,  11.,   3., 246.,   2.],
        [  9.,  13., 201.,   7.,   1.,   0.,   0.,  13.,   3.,   3.],
        [300.,   0.,   0.,  47.,   0.,  17.,   0.,   4.,   1.,   2.],
        [ 15.,   0.,   0.,   1.,   4.,  12.,   0., 297.,   0.,  78.],
        [ 14.,   1.,   0.,   2.,   0.,   2.,   0., 296.,   0.,  27.],
        [150.,   4.,  16.,   0.,   0., 114., 259.,   0.,   1.,   1.],
        [ 12.,   8.,   0.,   1., 245.,  18.,  63.,   4.,   7.,   7.],
        [  7., 239.,   2.,   4.,   1.,   4.,   1.,  39.,   0.,  23.],
        [ 16.,   2.,   0., 285.,   0.,  10.,   2.,   3.,   3.,   0.],
        [ 15.,   6.,   2.,   2.,   1.,   7.,   3.,   1., 234.,   6.],
        [ 17.,   4.,  29., 277.,   0.,   5.,   1.,   3.,   4.,   0.],
        [ 76.,   4.,   5.,   0.,  30.,   7., 250.,   0.,   2.,   2.],
        [  7.,   1.,   0.,   0.,  11.,  52.,   1.,  61.,   1., 280.],
        [  5., 268.,   5.,  10.,   2.,   1.,   3.,  15.,   0.,   6.],
        [ 12.,   2.,   2., 270.,   0.,   7.,   1.,  26.,  22.,   4.],
        [ 12.,   6.,  45., 292.,   1.,   0.,   0.,   2.,   3.,   0.],
        [ 23.,   2.,   0.,   6.,   2., 234.,   0.,   1.,   0.,   3.],
        [  5.,   6.,   0.,   0.,   2.,  10., 287.,   1.,   6.,   6.],
        [ 10.,   8.,   0.,   1.,  61.,   5.,  23.,  15., 220.,  12.],
        [109.,   6.,  27.,   1.,   8.,  94.,  93.,   3.,   0.,   2.],
        [ 13.,   3.,   0.,   0.,  12.,  10.,   0.,   7.,   3., 280.],
        [316.,   1.,   1.,   1.,   2.,   0.,  16.,   1.,   0.,   0.],
        [ 11.,   5.,   0.,   1.,   0.,   6., 292.,   0.,   3.,   4.],
        [ 10.,   5.,   5.,   0., 265.,   1.,   2.,  12.,   4.,  31.],
        [ 36.,   7.,   0.,  11.,   0.,   3.,   3.,   3., 271.,   8.],
        [  7., 181.,   2.,   3.,   2.,   0.,   2.,   1.,  37.,   0.],
        [ 18.,   4.,   3.,   0.,   9.,   0., 285.,   0.,   1.,   5.],
        [ 17.,   4.,   6.,   0.,   1.,   9., 284.,   1.,   1.,   3.],
        [  4.,   1.,   0.,   1.,   1.,  24.,   2.,  40.,   1., 211.],
        [ 14.,  18.,  15.,   3.,   2.,   1.,   7.,   6., 198.,   9.],
        [  7., 262.,   4.,   7.,   0.,   0.,   3.,   3.,   2.,   2.],
        [  4., 198.,   4.,   4.,   1.,   0.,   1.,   8.,   0.,   2.],
        [ 10.,  14.,   5.,   0.,   1., 225.,   2.,   2.,   2.,   1.],
        [  4., 255.,   3.,  13.,   7.,   1.,   3.,  16.,   0.,   4.],
        [ 20.,  10., 178.,   5.,   0.,   4.,   0.,  11.,   4.,   8.],
        [ 14.,   2.,   0.,   2.,   0.,   4.,   0., 302.,   0.,  22.],
        [ 16.,   5.,   9., 278.,   0.,   2.,   0.,   9.,  67.,   2.],
        [ 21.,   4., 285.,  11.,   0.,   0.,   0.,  34.,   0.,   4.],
        [  6., 245.,   2.,   6.,   0.,   0.,   1.,   5.,   0.,   3.],
        [ 20.,  53.,   2.,   0.,   4.,   0., 271.,   6.,   2.,   3.],
        [ 15.,   5.,   1.,   0., 270.,   3.,  28.,  16.,   4.,   7.],
        [  9.,  68.,   3.,   4.,   0.,   2.,   0., 282.,   0.,  21.],
        [ 22.,   4., 286.,  25.,  32.,   0.,  21.,   3.,   0.,  39.],
        [ 10.,   2.,   0.,   1.,   5.,   2.,   2.,   1.,   0., 263.],
        [ 13.,   3.,   4., 265.,   0.,   2.,   6.,  12.,   1.,   1.]],
       device='cuda:0')
--- spikes (finish interval) ---
tensor([[0., 0., 1., 0., 0., 0., 0., 0., 0., 0.],
        [0., 0., 0., 0., 0., 0., 0., 0., 0., 0.],
        [0., 0., 0., 0., 0., 0., 0., 0., 0., 0.],
        [0., 0., 0., 0., 0., 0., 0., 0., 0., 0.],
        [0., 0., 0., 0., 0., 0., 0., 0., 0., 0.],
        [0., 0., 0., 0., 0., 0., 0., 0., 0., 0.],
        [0., 0., 0., 0., 0., 0., 0., 0., 0., 0.],
        [0., 0., 0., 0., 0., 0., 0., 0., 0., 0.],
        [0., 0., 0., 0., 0., 0., 0., 0., 0., 0.],
        [0., 0., 1., 0., 0., 0., 0., 0., 0., 0.],
        [0., 0., 0., 0., 0., 0., 1., 0., 0., 0.],
        [0., 0., 0., 0., 0., 0., 0., 0., 0., 0.],
        [0., 0., 0., 0., 0., 0., 0., 0., 0., 0.],
        [1., 0., 0., 0., 0., 0., 0., 0., 0., 0.],
        [0., 0., 0., 0., 0., 0., 0., 0., 0., 0.],
        [0., 0., 0., 0., 0., 0., 0., 0., 0., 0.],
        [0., 0., 1., 0., 0., 0., 0., 0., 0., 0.],
        [0., 0., 0., 0., 0., 0., 0., 0., 0., 0.],
        [0., 0., 0., 0., 0., 0., 0., 0., 0., 0.],
        [0., 0., 0., 0., 0., 0., 0., 0., 1., 0.],
        [0., 0., 0., 0., 0., 0., 0., 0., 0., 0.],
        [1., 0., 0., 0., 0., 0., 0., 0., 0., 0.],
        [0., 0., 0., 0., 0., 0., 0., 0., 0., 0.],
        [0., 0., 0., 0., 0., 0., 0., 1., 0., 0.],
        [0., 0., 0., 0., 0., 0., 0., 0., 0., 0.],
        [0., 0., 0., 0., 1., 0., 0., 0., 0., 0.],
        [0., 0., 0., 0., 0., 0., 0., 0., 0., 0.],
        [0., 0., 0., 0., 0., 0., 0., 0., 0., 0.],
        [0., 0., 0., 0., 0., 0., 0., 0., 0., 0.],
        [0., 0., 0., 0., 0., 0., 0., 0., 0., 0.],
        [0., 0., 0., 0., 0., 0., 0., 0., 0., 0.],
        [0., 0., 0., 0., 0., 0., 0., 0., 0., 0.],
        [0., 1., 0., 0., 0., 0., 0., 0., 0., 0.],
        [0., 0., 0., 1., 0., 0., 0., 0., 0., 0.],
        [0., 0., 0., 0., 0., 0., 0., 0., 0., 0.],
        [0., 0., 0., 0., 0., 0., 0., 0., 0., 0.],
        [0., 0., 0., 0., 0., 0., 1., 0., 0., 0.],
        [0., 0., 0., 0., 0., 0., 0., 0., 1., 0.],
        [0., 0., 0., 0., 0., 0., 0., 0., 0., 0.],
        [0., 0., 0., 0., 0., 0., 0., 0., 0., 1.],
        [1., 0., 0., 0., 0., 0., 0., 0., 0., 0.],
        [0., 0., 0., 0., 0., 0., 1., 0., 0., 0.],
        [0., 0., 0., 0., 1., 0., 0., 0., 0., 0.],
        [0., 0., 0., 0., 0., 0., 0., 0., 1., 0.],
        [0., 0., 0., 0., 0., 0., 0., 0., 0., 0.],
        [0., 0., 0., 0., 0., 0., 1., 0., 0., 0.],
        [0., 0., 0., 0., 0., 0., 1., 0., 0., 0.],
        [0., 0., 0., 0., 0., 0., 0., 0., 0., 0.],
        [0., 0., 0., 0., 0., 0., 0., 0., 0., 0.],
        [0., 1., 0., 0., 0., 0., 0., 0., 0., 0.],
        [0., 0., 0., 0., 0., 0., 0., 0., 0., 0.],
        [0., 0., 0., 0., 0., 1., 0., 0., 0., 0.],
        [0., 1., 0., 0., 0., 0., 0., 0., 0., 0.],
        [0., 0., 0., 0., 0., 0., 0., 0., 0., 0.],
        [0., 0., 0., 0., 0., 0., 0., 0., 0., 0.],
        [0., 0., 0., 1., 0., 0., 0., 0., 0., 0.],
        [0., 0., 1., 0., 0., 0., 0., 0., 0., 0.],
        [0., 1., 0., 0., 0., 0., 0., 0., 0., 0.],
        [0., 1., 0., 0., 0., 0., 0., 0., 0., 0.],
        [0., 0., 0., 0., 1., 0., 0., 0., 0., 0.],
        [0., 0., 0., 0., 0., 0., 0., 0., 0., 0.],
        [0., 0., 0., 0., 0., 0., 0., 0., 0., 0.],
        [0., 0., 0., 0., 0., 0., 0., 0., 0., 0.],
        [0., 0., 0., 0., 0., 0., 0., 0., 0., 0.]], device='cuda:0')
Epoch 2 | Batch 900
--- spikes (training) ---
tensor([[  4.,   0.,  14., 297.,   5.,   0.,   0.,   5.,  16.,   0.],
        [  0., 249.,   3.,   3.,   3.,   0.,   1.,   2.,   5.,   0.],
        [  3.,   0.,   0.,   0.,   7., 257.,   0.,   0.,   3.,   0.],
        [ 16.,   0., 131.,   6.,   2.,   0.,   0.,  29.,  22.,   0.],
        [  2.,   0.,   0.,  35.,  14., 283.,   0.,   1., 109.,   1.],
        [  0.,   3.,   0.,   5.,  19.,   3.,   0.,  25.,  13., 257.],
        [  0.,   4.,   4.,   0.,  10.,   0., 304.,   0.,   4.,   5.],
        [  1.,   1., 279.,   4.,  10.,  67.,   1.,   1.,   1.,   0.],
        [  0.,   1.,   0.,   4.,  90.,   1.,   0.,  53.,   7., 261.],
        [  0.,   1.,   3.,   0.,  13.,   0., 304.,   0.,   7.,   7.],
        [  0.,   1.,   2.,   8.,  12.,   0.,   0., 295.,   6.,  13.],
        [  0.,   2.,   0.,   3., 254.,   1.,   2.,  29.,   6.,   5.],
        [  2.,   0.,   0.,   4.,   7., 262.,   0.,   1.,  66.,  17.],
        [  0.,   0.,   1.,   3., 302.,   0.,   0.,  18.,  18.,  35.],
        [  2.,   1.,   0.,   0.,  24., 243.,   0.,   5.,  14.,   4.],
        [  2.,   0.,   7.,   0.,  17., 205.,   0.,   1.,  37.,  11.],
        [  0., 173.,   8.,   4.,   3.,   0.,  41.,   2.,   6.,   0.],
        [  1.,   0.,  29.,   5.,  19.,  86.,  17.,   7., 267.,   0.],
        [  1.,   2.,   1., 247.,   3.,  10.,   0.,  13.,  11.,   2.],
        [  0.,  16.,   2.,   1., 274.,   4.,   4.,  11.,  36.,   3.],
        [  0.,   0.,   1.,  11.,  30.,   2.,   0.,  63.,  26., 171.],
        [296.,   0.,   3.,   3.,   9.,   0.,   9.,   5.,   6.,   0.],
        [  0.,   6., 294.,   6.,   3.,   0.,   1.,   2.,   4.,   0.],
        [  2.,   5.,   3., 159.,   9.,   6.,   0.,  10.,  23.,   1.],
        [  1.,   1.,  17.,  14.,   7.,   9.,   2.,   3., 170.,   0.],
        [  0.,   5.,   5.,  16.,   7.,   0.,   0., 287.,   7.,  10.],
        [  0.,  27., 216.,   3.,   3.,   0.,   8.,  19.,   5.,   0.],
        [  6.,   0.,   0.,   5.,  62.,   1.,   0., 287.,   7.,   3.],
        [264.,   0.,   1.,  11.,   5.,   0.,   0.,   7.,  11.,   1.],
        [  2.,   0.,  13.,   4.,  12.,   0.,   0.,   4., 293.,   0.],
        [  0.,   1.,   0.,   4.,  47.,   0.,   3.,  38.,  12., 235.],
        [ 29.,   6.,   4.,   0.,  33.,   0., 286.,   2.,   4.,  61.],
        [  0.,  45.,   2.,   1.,   4.,   0., 250.,   0.,  14.,   0.],
        [  0.,   1.,   7.,   3.,  11.,   0., 279.,   1.,   5.,   5.],
        [  0., 234.,  11.,  19.,  10.,   0.,   0.,  10.,  43.,   0.],
        [156.,   0.,   1.,   4.,   5.,   3.,  35.,   9.,  11.,  11.],
        [  0.,   1., 214.,  47.,   4.,   0.,   0.,  12.,  41.,   0.],
        [  0.,   2.,   4., 295.,   9.,   0.,   0.,   4.,   2.,   0.],
        [ 12.,   1.,   6.,  66.,   4., 169.,   3.,   1.,   5.,   0.],
        [  0., 231.,   3.,   6.,   3.,   0.,   2.,   2.,   5.,   0.],
        [  0.,   1.,   0.,   4.,  56.,   0.,   0., 181.,  10., 158.],
        [  0.,   1., 290.,  64.,   1.,   0.,   1.,   6.,   1.,   0.],
        [  0.,   1.,   1.,   4., 273.,   4.,   0.,   4.,  12.,   9.],
        [  0., 243.,  21.,   7.,   7.,   0.,   0.,   6.,  32.,   0.],
        [  0.,   0., 205., 266.,   4.,   0.,  30.,   1.,   2.,   0.],
        [  0.,   2.,   0.,   3., 297.,   0.,   7.,  16.,   8.,  19.],
        [  1.,   1.,   3.,   0.,   7., 116.,   3.,  29., 281.,   1.],
        [  0.,   4.,   9., 277.,   6.,   5.,   0.,   4.,  10.,   0.],
        [  2.,   1.,   1.,   0.,   9., 183.,   0.,   0.,  32.,   0.],
        [  0.,   2.,   3.,   5.,  15.,   0.,   0., 293.,   6.,  15.],
        [  0.,   4.,   9.,   3.,  12.,   0.,   4.,   9., 271.,   2.],
        [204.,   0.,  10.,  24.,   9.,   4.,   0.,   6., 206.,   0.],
        [  0.,   0.,  86., 299.,   6.,   0.,   0.,   2.,   5.,   0.],
        [  0., 255.,   8.,   8.,   4.,   0.,   5.,   5.,  11.,   1.],
        [  0.,   2.,  59.,   4., 180.,   0.,   2.,  15.,   3.,   2.],
        [  0.,   3.,  13.,   8.,  23.,   0.,   2.,  37.,   8., 229.],
        [  0.,   0.,  35., 187.,   9.,   0.,   0.,   2.,  83.,   0.],
        [  0.,   0.,  23.,   0., 212.,   0., 277.,  24.,   1.,   0.],
        [  9.,   0.,  11.,   6.,  13., 153.,   9.,  16.,   4.,   0.],
        [  1.,   0.,   1.,   6.,  36.,   0.,   0., 284.,   6.,   7.],
        [292.,   0.,   0.,   9.,   3.,   0.,  24.,   7.,   2.,   0.],
        [  0.,  27., 288.,   8.,   1.,   0.,   6.,   2.,   6.,   0.],
        [250.,   0.,   7.,   4.,   4.,  43.,   0.,   6.,   9.,   0.],
        [  0.,   1., 285.,   9.,   3.,   0.,   1.,   3.,   3.,   0.]],
       device='cuda:0')
--- spikes (finish interval) ---
tensor([[0., 0., 0., 0., 0., 0., 0., 0., 0., 0.],
        [0., 1., 0., 0., 0., 0., 0., 0., 0., 0.],
        [0., 0., 0., 0., 0., 0., 0., 0., 0., 0.],
        [0., 0., 0., 0., 0., 0., 0., 0., 0., 0.],
        [0., 0., 0., 0., 0., 0., 0., 0., 0., 0.],
        [0., 0., 0., 0., 0., 0., 0., 0., 0., 0.],
        [0., 0., 0., 0., 0., 0., 1., 0., 0., 0.],
        [0., 0., 1., 0., 0., 0., 0., 0., 0., 0.],
        [0., 0., 0., 0., 0., 0., 0., 0., 0., 0.],
        [0., 0., 0., 0., 0., 0., 0., 0., 0., 0.],
        [0., 0., 0., 0., 0., 0., 0., 1., 0., 0.],
        [0., 0., 0., 0., 0., 0., 0., 0., 0., 0.],
        [0., 0., 0., 0., 0., 1., 0., 0., 0., 0.],
        [0., 0., 0., 0., 0., 0., 0., 0., 0., 0.],
        [0., 0., 0., 0., 0., 1., 0., 0., 0., 0.],
        [0., 0., 0., 0., 0., 1., 0., 0., 0., 0.],
        [0., 0., 0., 0., 0., 0., 0., 0., 0., 0.],
        [0., 0., 0., 0., 0., 0., 0., 0., 1., 0.],
        [0., 0., 0., 1., 0., 0., 0., 0., 0., 0.],
        [0., 0., 0., 0., 0., 0., 0., 0., 0., 0.],
        [0., 0., 0., 0., 0., 0., 0., 0., 0., 1.],
        [0., 0., 0., 0., 0., 0., 0., 0., 0., 0.],
        [0., 0., 1., 0., 0., 0., 0., 0., 0., 0.],
        [0., 0., 0., 0., 0., 0., 0., 0., 0., 0.],
        [0., 0., 0., 0., 0., 0., 0., 0., 0., 0.],
        [0., 0., 0., 0., 0., 0., 0., 0., 0., 0.],
        [0., 0., 0., 0., 0., 0., 0., 0., 0., 0.],
        [0., 0., 0., 0., 0., 0., 0., 0., 0., 0.],
        [1., 0., 0., 0., 0., 0., 0., 0., 0., 0.],
        [0., 0., 0., 0., 0., 0., 0., 0., 1., 0.],
        [0., 0., 0., 0., 0., 0., 0., 0., 0., 0.],
        [0., 0., 0., 0., 0., 0., 0., 0., 0., 0.],
        [0., 0., 0., 0., 0., 0., 0., 0., 0., 0.],
        [0., 0., 0., 0., 0., 0., 0., 0., 0., 0.],
        [0., 1., 0., 0., 0., 0., 0., 0., 0., 0.],
        [0., 0., 0., 0., 0., 0., 0., 0., 0., 0.],
        [0., 0., 0., 0., 0., 0., 0., 0., 0., 0.],
        [0., 0., 0., 0., 0., 0., 0., 0., 0., 0.],
        [0., 0., 0., 0., 0., 1., 0., 0., 0., 0.],
        [0., 1., 0., 0., 0., 0., 0., 0., 0., 0.],
        [0., 0., 0., 0., 0., 0., 0., 0., 0., 0.],
        [0., 0., 1., 0., 0., 0., 0., 0., 0., 0.],
        [0., 0., 0., 0., 0., 0., 0., 0., 0., 0.],
        [0., 0., 0., 0., 0., 0., 0., 0., 0., 0.],
        [0., 0., 0., 1., 0., 0., 0., 0., 0., 0.],
        [0., 0., 0., 0., 1., 0., 0., 0., 0., 0.],
        [0., 0., 0., 0., 0., 0., 0., 0., 1., 0.],
        [0., 0., 0., 0., 0., 0., 0., 0., 0., 0.],
        [0., 0., 0., 0., 0., 0., 0., 0., 0., 0.],
        [0., 0., 0., 0., 0., 0., 0., 0., 0., 0.],
        [0., 0., 0., 0., 0., 0., 0., 0., 1., 0.],
        [0., 0., 0., 0., 0., 0., 0., 0., 0., 0.],
        [0., 0., 0., 0., 0., 0., 0., 0., 0., 0.],
        [0., 0., 0., 0., 0., 0., 0., 0., 0., 0.],
        [0., 0., 0., 0., 0., 0., 0., 0., 0., 0.],
        [0., 0., 0., 0., 0., 0., 0., 0., 0., 1.],
        [0., 0., 0., 0., 0., 0., 0., 0., 0., 0.],
        [0., 0., 0., 0., 1., 0., 0., 0., 0., 0.],
        [0., 0., 0., 0., 0., 0., 0., 0., 0., 0.],
        [0., 0., 0., 0., 0., 0., 0., 0., 0., 0.],
        [0., 0., 0., 0., 0., 0., 0., 0., 0., 0.],
        [0., 0., 0., 0., 0., 0., 0., 0., 0., 0.],
        [0., 0., 0., 0., 0., 0., 0., 0., 0., 0.],
        [0., 0., 0., 0., 0., 0., 0., 0., 0., 0.]], device='cuda:0')
Switching label layer to Inference Mode (LIF)...
Epoch 2 DONE | Test Acc: 74.17% | Time: 1074.9s
Switching label layer back to Training Mode (Clamp)...
Epoch 3 | Batch 0
--- spikes (training) ---
tensor([[  4.,   1.,   0.,   7.,  50.,   0.,   0.,   2.,   0., 288.],
        [  2.,   0.,   0., 237.,  13.,   2.,   0.,  23.,   0.,   7.],
        [  3.,   4.,   3.,  34.,  15., 233.,   1.,   1.,  27.,   6.],
        [ 13.,   4.,   5.,   1.,   7., 248.,   0.,   1.,   1.,   1.],
        [ 47.,   2.,   4.,   5.,  17.,   0., 268.,   1.,  30.,   0.],
        [  1.,   1.,   0.,  63.,   9.,   0.,   0.,  30.,   2., 255.],
        [  0., 280.,   1.,  12.,   5.,   0.,   6.,  28.,   4.,   6.],
        [  8.,   0.,   5.,  29.,  19.,   0.,   0.,   2., 270.,  10.],
        [  2.,   2., 287.,   8.,   6.,   0.,  10.,   4.,   2.,   1.],
        [  0., 279.,   3.,  14.,   4.,   0.,   5.,   5.,   4.,   3.],
        [ 37.,   1.,   2.,   2.,  15.,   0., 287.,   0.,  31.,   0.],
        [ 22.,   0.,   6.,   2.,   6.,   0., 297.,   0.,   0.,   0.],
        [  2.,  32.,  19.,  27.,   6.,   0.,   0.,  10., 217.,   5.],
        [  8.,   2.,   0.,   6.,  47.,   0.,   0., 226.,   0.,  83.],
        [  2.,  18.,   5.,   3.,  37.,   0.,   0.,   6.,  49., 129.],
        [  6.,   0.,   1.,   5.,  26.,   0.,   0.,   2.,   1., 275.],
        [  1.,   0.,   1., 252.,   7.,   0.,   0.,   3.,   0.,   1.],
        [295.,   0.,   6.,   6.,   7.,   4.,   0.,   6.,   0.,   2.],
        [308.,   0.,   0.,   6.,   7.,  32.,   0.,   5.,   2.,   0.],
        [  2.,   2., 279.,  71.,   1.,   0.,   1.,   1.,  16.,   1.],
        [  0., 282.,  22.,  10.,  10.,   0.,   0.,   3.,  25.,   4.],
        [  1.,   1.,   0.,   5., 268.,   3.,   0.,   0.,   0.,  66.],
        [  2.,   0.,   0.,   5.,  17.,   0.,   0., 146.,   0.,  43.],
        [  5.,   1., 301.,  43.,   1.,   0.,  10.,   1.,   5.,   0.],
        [  2.,   0.,   1.,   4.,  28.,   0., 282.,   0.,   1.,   2.],
        [ 19.,   1.,   8.,   5.,   4.,   0., 290.,   1.,   2.,   1.],
        [  1.,   1.,   0.,   7.,  14.,   0.,   1.,  33.,   1., 257.],
        [  3.,   3., 292.,   6.,  31.,   0.,   3.,   0.,  19.,   0.],
        [  1.,   1.,   0.,   4.,  16.,   0.,   0., 254.,   0.,  83.],
        [  2.,   0.,   1.,   6.,  22.,   0., 292.,   0.,  20.,   1.],
        [  1.,   1.,   0.,   6., 292.,   0.,   2.,   1.,   1., 119.],
        [  2.,   3.,   1.,   4., 257.,  37.,   8.,   3.,   2.,  14.],
        [  3.,   0.,   0.,   3.,  11.,   0.,   0., 228.,   0.,  39.],
        [  3.,   4.,   4.,   5.,  16.,   0.,   3.,   7., 271.,   8.],
        [  0., 267.,   1.,  12.,   6.,   0.,   6.,   4.,   2.,   2.],
        [  0.,  32.,   1.,   7., 174.,   0.,   7.,  10.,   1.,  22.],
        [  0., 267.,   1.,   6.,   2.,   0.,   2.,   2.,   1.,   2.],
        [284.,   0.,   2.,  12.,   5.,   0.,   7.,   7.,   0.,   4.],
        [  0., 285.,  45.,  15.,   7.,   0.,   0.,   3.,  34.,   2.],
        [  0., 133.,   6., 218.,   4.,   0.,   0.,   4.,   1.,   6.],
        [  5.,   0.,   2.,   3.,  78.,   0.,   0.,   3.,   1., 286.],
        [ 19.,   0., 200.,   2.,   5.,   0.,   0.,   8.,   2.,   3.],
        [  3.,   0.,   3.,  42.,  17.,   0.,   0.,  11., 216., 108.],
        [  1.,   1.,   1.,   4.,  43.,   0.,   0.,   4.,   6., 288.],
        [ 56.,   4.,   7.,   5.,   9., 243.,   0.,   2.,  12.,   7.],
        [ 47.,   0.,  32.,   0.,  22.,   0., 270.,   0.,   1.,   0.],
        [ 18.,   0.,  10.,   1., 101., 260.,   0.,   0., 181.,   7.],
        [  5.,   1., 257.,   6.,   6.,   0.,   1.,   8.,   0.,   7.],
        [  4.,  32.,   5.,   5.,  21.,   0.,   0.,  10., 228.,   7.],
        [  1.,  13.,   1.,   9.,   8.,   0.,   0., 267.,   0.,  14.],
        [  1.,  12.,   1.,  12.,   4.,   0., 251.,   1.,   5.,   2.],
        [  4.,   0.,  11.,  30.,  17.,   1.,   0.,   6., 249.,   3.],
        [ 10.,   1.,  36., 279.,   5.,   0.,   0.,   3.,   0.,   0.],
        [  4.,   5.,   2.,   4., 220.,   0.,   8.,   9.,   1.,  12.],
        [  1.,  81.,  21., 261.,   4.,   0.,   0.,   3.,   2.,   3.],
        [298.,   0.,   6.,  13.,   9.,   2.,   0.,   2.,  33.,   0.],
        [  3.,   9.,  64.,   3.,   5., 194.,   2.,   3.,   1.,   0.],
        [  1.,   9.,   2., 159.,  12.,  42.,   0.,   2.,   3.,   9.],
        [  6.,   2.,   4., 293.,   4.,   0.,   0.,   2.,   3.,   1.],
        [  1.,   1.,   1.,   7.,   7.,   0.,   0., 281.,   0.,  47.],
        [  2.,   0.,   2.,   7.,  33.,   0.,   0.,  16.,   0., 263.],
        [  1.,   4.,   4.,   6.,  10.,   0.,   0., 268.,   0.,   7.],
        [  1.,  20.,   6.,  12.,   9.,   0.,  48.,   7., 239.,   9.],
        [  1.,   5.,  67.,  41.,   9.,   0.,   0., 151.,   0.,  13.]],
       device='cuda:0')
--- spikes (finish interval) ---
tensor([[0., 0., 0., 0., 0., 0., 0., 0., 0., 1.],
        [0., 0., 0., 0., 0., 0., 0., 0., 0., 0.],
        [0., 0., 0., 0., 0., 0., 0., 0., 0., 0.],
        [0., 0., 0., 0., 0., 1., 0., 0., 0., 0.],
        [0., 0., 0., 0., 0., 0., 1., 0., 0., 0.],
        [0., 0., 0., 0., 0., 0., 0., 0., 0., 0.],
        [0., 1., 0., 0., 0., 0., 0., 0., 0., 0.],
        [0., 0., 0., 0., 0., 0., 0., 0., 1., 0.],
        [0., 0., 1., 0., 0., 0., 0., 0., 0., 0.],
        [0., 1., 0., 0., 0., 0., 0., 0., 0., 0.],
        [0., 0., 0., 0., 0., 0., 0., 0., 0., 0.],
        [0., 0., 0., 0., 0., 0., 0., 0., 0., 0.],
        [0., 0., 0., 0., 0., 0., 0., 0., 1., 0.],
        [0., 0., 0., 0., 0., 0., 0., 1., 0., 0.],
        [0., 0., 0., 0., 0., 0., 0., 0., 0., 0.],
        [0., 0., 0., 0., 0., 0., 0., 0., 0., 0.],
        [0., 0., 0., 0., 0., 0., 0., 0., 0., 0.],
        [0., 0., 0., 0., 0., 0., 0., 0., 0., 0.],
        [1., 0., 0., 0., 0., 0., 0., 0., 0., 0.],
        [0., 0., 1., 0., 0., 0., 0., 0., 0., 0.],
        [0., 0., 0., 0., 0., 0., 0., 0., 0., 0.],
        [0., 0., 0., 0., 0., 0., 0., 0., 0., 0.],
        [0., 0., 0., 0., 0., 0., 0., 1., 0., 0.],
        [0., 0., 0., 0., 0., 0., 0., 0., 0., 0.],
        [0., 0., 0., 0., 0., 0., 1., 0., 0., 0.],
        [0., 0., 0., 0., 0., 0., 1., 0., 0., 0.],
        [0., 0., 0., 0., 0., 0., 0., 0., 0., 0.],
        [0., 0., 0., 0., 0., 0., 0., 0., 0., 0.],
        [0., 0., 0., 0., 0., 0., 0., 1., 0., 0.],
        [0., 0., 0., 0., 0., 0., 1., 0., 0., 0.],
        [0., 0., 0., 0., 1., 0., 0., 0., 0., 0.],
        [0., 0., 0., 0., 0., 0., 0., 0., 0., 0.],
        [0., 0., 0., 0., 0., 0., 0., 0., 0., 0.],
        [0., 0., 0., 0., 0., 0., 0., 0., 0., 0.],
        [0., 1., 0., 0., 0., 0., 0., 0., 0., 0.],
        [0., 0., 0., 0., 0., 0., 0., 0., 0., 0.],
        [0., 0., 0., 0., 0., 0., 0., 0., 0., 0.],
        [1., 0., 0., 0., 0., 0., 0., 0., 0., 0.],
        [0., 1., 0., 0., 0., 0., 0., 0., 0., 0.],
        [0., 0., 0., 0., 0., 0., 0., 0., 0., 0.],
        [0., 0., 0., 0., 0., 0., 0., 0., 0., 0.],
        [0., 0., 1., 0., 0., 0., 0., 0., 0., 0.],
        [0., 0., 0., 0., 0., 0., 0., 0., 0., 0.],
        [0., 0., 0., 0., 0., 0., 0., 0., 0., 0.],
        [0., 0., 0., 0., 0., 0., 0., 0., 0., 0.],
        [0., 0., 0., 0., 0., 0., 0., 0., 0., 0.],
        [0., 0., 0., 0., 0., 0., 0., 0., 0., 0.],
        [0., 0., 1., 0., 0., 0., 0., 0., 0., 0.],
        [0., 0., 0., 0., 0., 0., 0., 0., 0., 0.],
        [0., 0., 0., 0., 0., 0., 0., 0., 0., 0.],
        [0., 0., 0., 0., 0., 0., 0., 0., 0., 0.],
        [0., 0., 0., 0., 0., 0., 0., 0., 0., 0.],
        [0., 0., 0., 1., 0., 0., 0., 0., 0., 0.],
        [0., 0., 0., 0., 0., 0., 0., 0., 0., 0.],
        [0., 0., 0., 0., 0., 0., 0., 0., 0., 0.],
        [1., 0., 0., 0., 0., 0., 0., 0., 0., 0.],
        [0., 0., 0., 0., 0., 0., 0., 0., 0., 0.],
        [0., 0., 0., 1., 0., 0., 0., 0., 0., 0.],
        [0., 0., 0., 0., 0., 0., 0., 0., 0., 0.],
        [0., 0., 0., 0., 0., 0., 0., 0., 0., 0.],
        [0., 0., 0., 0., 0., 0., 0., 0., 0., 0.],
        [0., 0., 0., 0., 0., 0., 0., 0., 0., 0.],
        [0., 0., 0., 0., 0., 0., 0., 0., 0., 0.],
        [0., 0., 0., 0., 0., 0., 0., 1., 0., 0.]], device='cuda:0')
Epoch 3 | Batch 100
--- spikes (training) ---
tensor([[  0.,  10.,   4.,   1., 197.,  16., 149.,   0.,  44.,   9.],
        [  5.,  21.,   4.,   1.,   9.,   5.,  79.,   0., 220.,   3.],
        [295.,   3.,   0.,  29.,   3.,   4.,   0.,   1.,   8.,   1.],
        [294.,   5.,   5.,   0.,  17.,   5.,   4.,   1.,   0.,   0.],
        [  6.,   4.,   0.,   0., 304.,   8.,   2.,   0.,   5.,   0.],
        [ 27.,   6., 225.,   2.,  19.,   5.,   0.,   0.,   4.,   0.],
        [  1.,  11.,   1.,   4.,  16.,  11.,   0.,   0.,  10., 156.],
        [ 12.,   4.,   7.,   0., 110.,   2., 300.,   0., 198.,   2.],
        [ 16.,   7.,   1.,   1.,  43.,   9.,   0., 132., 256.,  16.],
        [  2.,  14.,   3., 291.,  10.,  13.,   0.,   0.,   4.,   1.],
        [  3.,   7.,   3.,   1.,   6.,   4.,   0., 300.,  20.,  14.],
        [  0., 283.,   6.,   7.,   5.,   3.,   0.,   0.,   7.,   3.],
        [  1.,  15.,   4., 284.,  11.,   7.,   0.,   0.,  12.,   5.],
        [  1.,   9.,   3.,   1.,   6.,  10.,   0., 268.,  10.,  67.],
        [  3.,  60.,  81.,   2.,  12.,  52.,   0.,   1., 106.,   4.],
        [  4.,   4.,   0.,   0.,  11.,  12.,   0., 284.,   7.,  10.],
        [  0.,  11.,   7.,   2.,  16.,  14., 291.,   0.,  12.,   5.],
        [  1.,  16., 280.,   1.,  20.,   5.,   0.,   0.,   2.,   4.],
        [299.,   7.,  59.,   0.,  22.,  12.,   4.,   0.,   0.,   0.],
        [ 11.,  13.,  14.,   1.,  14.,  73.,   0.,   4., 230.,  83.],
        [  1.,   8.,   1.,   1.,  20.,  91.,   1.,   7.,   5., 269.],
        [  5.,  89.,  20.,   2.,  16.,  43.,   0.,   5., 275.,   1.],
        [  0.,  20.,   2.,   1.,  11.,  32.,   0.,   3.,   4., 251.],
        [  0.,  79., 268.,   4.,   6.,   5.,   0.,   0.,   5.,   7.],
        [  0., 291.,   5.,  12.,   6.,   4.,   0.,   0.,   4.,   2.],
        [  1., 130.,  13.,   6.,  19.,  15.,   0.,   1., 231.,   5.],
        [  0., 276.,   3.,  10.,   4.,   2.,   0.,   0.,   5.,   3.],
        [  2.,   6.,   2.,   0., 289.,  17.,  10.,   1.,   3.,  13.],
        [  4.,   5.,   1.,   1., 141.,  17.,  79.,  17.,  56.,  72.],
        [  1.,   3.,   0.,   1.,   3.,   2.,   0., 285.,   1.,   3.],
        [  5.,  29.,   7.,   1.,  11.,  22.,   0.,   5., 239., 103.],
        [ 43.,   5., 259.,   6.,  21.,   9.,   0.,   0.,   2.,   0.],
        [  1.,   2.,   0.,   9., 158.,   4.,   1.,   0.,   5.,   7.],
        [  1.,  31.,   3.,   2.,   9.,  19.,   0.,   9.,  14., 230.],
        [  1.,  56.,  34.,  77.,   5.,   4.,   0.,   1.,   5.,   8.],
        [ 22.,  12.,  51.,   8.,  20.,  45.,   0.,   1., 212.,   1.],
        [  8.,   1.,   7.,   2., 268.,   0.,   0.,   0.,   2.,   6.],
        [  6.,   8.,   3.,   0.,  34.,   5.,   0.,   0.,  11., 234.],
        [  0.,  10.,   3.,   1.,  14.,  23.,   0.,   2.,   3., 256.],
        [  0.,  33.,  86.,   1.,  10.,   5.,   0., 128.,  12.,  17.],
        [  0.,   6., 280.,   0.,  13.,   3.,   0., 137.,   3.,   5.],
        [  0.,  12.,   4.,   0., 237.,  39.,   3.,   1.,   6.,   9.],
        [ 12.,   8.,   1., 294.,  11.,  46.,   0.,   0.,   1.,   0.],
        [  0.,   5., 234.,   0.,  26.,   8.,   1.,   0.,   2.,  25.],
        [  7.,   3.,   2.,   0., 303.,   2.,   2.,   0.,   5.,   9.],
        [  0., 286.,  12.,   7.,   4.,   7.,   0.,   0.,   5.,   4.],
        [297.,   2.,   0.,   3.,  15.,   4.,   8.,   0.,  13.,   0.],
        [  6.,  17., 280.,  20.,   4.,  12.,   4.,   0.,   1.,   0.],
        [  0., 257.,   4.,   3.,   5.,   2.,   0.,   0.,   4.,   3.],
        [ 11.,  11.,   1., 279.,   8.,  17.,   0.,   0.,   3.,   2.],
        [  0.,   2., 310.,   0.,  20.,   6.,   0.,   0.,   4.,   0.],
        [  0., 303.,  13.,  13.,   5.,   7.,   0.,   1.,   6.,  10.],
        [  1.,  23.,  66.,   0.,  13., 229.,   0.,   0.,   1.,   0.],
        [279.,   4.,   0.,  34.,   4.,   9.,   0.,   1.,   9.,   1.],
        [  1.,  16.,  12.,  40.,  22.,  12.,   0.,   2., 169.,   1.],
        [  4.,   5.,   1.,  36.,  33., 277.,   0.,   0.,  44.,   0.],
        [  3.,  35.,   5.,   0.,  18., 207.,   0.,   0.,  87.,   3.],
        [  1.,   4., 137.,   0.,  24.,   4.,  15.,   6.,   3.,   0.],
        [ 52.,   5., 295.,   1.,  47.,   3.,   7.,   0.,   0.,   0.],
        [  1.,   6.,   2.,   1.,  18.,  18.,   0.,   4.,   6., 275.],
        [ 12.,   3.,  16.,   0., 294.,   3.,   3.,   0.,  17.,   4.],
        [  8.,  22.,   2., 278.,  11.,  52.,   0.,   0.,   4.,   0.],
        [  6.,  10.,   5.,   2.,  21.,  11.,   0.,  42., 245., 132.],
        [147.,  14.,   5.,   1.,  21.,  13.,   0.,  34., 265.,   4.]],
       device='cuda:0')
--- spikes (finish interval) ---
tensor([[0., 0., 0., 0., 1., 0., 0., 0., 0., 0.],
        [0., 0., 0., 0., 0., 0., 0., 0., 1., 0.],
        [1., 0., 0., 0., 0., 0., 0., 0., 0., 0.],
        [0., 0., 0., 0., 0., 0., 0., 0., 0., 0.],
        [0., 0., 0., 0., 1., 0., 0., 0., 0., 0.],
        [0., 0., 0., 0., 0., 0., 0., 0., 0., 0.],
        [0., 0., 0., 0., 0., 0., 0., 0., 0., 0.],
        [0., 0., 0., 0., 0., 0., 0., 0., 0., 0.],
        [0., 0., 0., 0., 0., 0., 0., 0., 1., 0.],
        [0., 0., 0., 0., 0., 0., 0., 0., 0., 0.],
        [0., 0., 0., 0., 0., 0., 0., 1., 0., 0.],
        [0., 0., 0., 0., 0., 0., 0., 0., 0., 0.],
        [0., 0., 0., 1., 0., 0., 0., 0., 0., 0.],
        [0., 0., 0., 0., 0., 0., 0., 1., 0., 0.],
        [0., 0., 0., 0., 0., 0., 0., 0., 1., 0.],
        [0., 0., 0., 0., 0., 0., 0., 1., 0., 0.],
        [0., 0., 0., 0., 0., 0., 0., 0., 0., 0.],
        [0., 0., 1., 0., 0., 0., 0., 0., 0., 0.],
        [1., 0., 0., 0., 0., 0., 0., 0., 0., 0.],
        [0., 0., 0., 0., 0., 0., 0., 0., 0., 0.],
        [0., 0., 0., 0., 0., 0., 0., 0., 0., 1.],
        [0., 0., 0., 0., 0., 0., 0., 0., 0., 0.],
        [0., 0., 0., 0., 0., 0., 0., 0., 0., 0.],
        [0., 0., 0., 0., 0., 0., 0., 0., 0., 0.],
        [0., 1., 0., 0., 0., 0., 0., 0., 0., 0.],
        [0., 0., 0., 0., 0., 0., 0., 0., 0., 0.],
        [0., 1., 0., 0., 0., 0., 0., 0., 0., 0.],
        [0., 0., 0., 0., 1., 0., 0., 0., 0., 0.],
        [0., 0., 0., 0., 0., 0., 0., 0., 0., 0.],
        [0., 0., 0., 0., 0., 0., 0., 1., 0., 0.],
        [0., 0., 0., 0., 0., 0., 0., 0., 0., 0.],
        [0., 0., 0., 0., 0., 0., 0., 0., 0., 0.],
        [0., 0., 0., 0., 0., 0., 0., 0., 0., 0.],
        [0., 0., 0., 0., 0., 0., 0., 0., 0., 0.],
        [0., 0., 0., 0., 0., 0., 0., 0., 0., 0.],
        [0., 0., 0., 0., 0., 0., 0., 0., 0., 0.],
        [0., 0., 0., 0., 1., 0., 0., 0., 0., 0.],
        [0., 0., 0., 0., 0., 0., 0., 0., 0., 1.],
        [0., 0., 0., 0., 0., 0., 0., 0., 0., 0.],
        [0., 0., 0., 0., 0., 0., 0., 0., 0., 0.],
        [0., 0., 0., 0., 0., 0., 0., 0., 0., 0.],
        [0., 0., 0., 0., 0., 0., 0., 0., 0., 0.],
        [0., 0., 0., 0., 0., 0., 0., 0., 0., 0.],
        [0., 0., 0., 0., 0., 0., 0., 0., 0., 0.],
        [0., 0., 0., 0., 0., 0., 0., 0., 0., 0.],
        [0., 0., 0., 0., 0., 0., 0., 0., 0., 0.],
        [0., 0., 0., 0., 0., 0., 0., 0., 0., 0.],
        [0., 0., 1., 0., 0., 0., 0., 0., 0., 0.],
        [0., 1., 0., 0., 0., 0., 0., 0., 0., 0.],
        [0., 0., 0., 1., 0., 0., 0., 0., 0., 0.],
        [0., 0., 1., 0., 0., 0., 0., 0., 0., 0.],
        [0., 0., 0., 0., 0., 0., 0., 0., 0., 0.],
        [0., 0., 0., 0., 0., 0., 0., 0., 0., 0.],
        [1., 0., 0., 0., 0., 0., 0., 0., 0., 0.],
        [0., 0., 0., 0., 0., 0., 0., 0., 0., 0.],
        [0., 0., 0., 0., 0., 0., 0., 0., 0., 0.],
        [0., 0., 0., 0., 0., 1., 0., 0., 0., 0.],
        [0., 0., 0., 0., 0., 0., 0., 0., 0., 0.],
        [0., 0., 1., 0., 0., 0., 0., 0., 0., 0.],
        [0., 0., 0., 0., 0., 0., 0., 0., 0., 0.],
        [0., 0., 0., 0., 1., 0., 0., 0., 0., 0.],
        [0., 0., 0., 1., 0., 0., 0., 0., 0., 0.],
        [0., 0., 0., 0., 0., 0., 0., 0., 0., 0.],
        [0., 0., 0., 0., 0., 0., 0., 0., 0., 0.]], device='cuda:0')
Epoch 3 | Batch 200
--- spikes (training) ---
tensor([[ 15.,   1.,   9., 223.,   1.,   7.,  18.,   5.,   9.,   6.],
        [  3.,   1.,   2.,   1.,  14.,  11.,   6.,   4.,  15., 269.],
        [  0.,   0.,   1.,   0., 204.,  17.,   6.,   3.,   9.,  11.],
        [  3.,   4., 274.,   2.,   3.,   7.,   6.,   0.,  39.,   0.],
        [  5.,   0.,   1.,   2.,  14.,   8.,   2.,  25.,   9., 276.],
        [  7.,   0.,   8.,   0.,  11.,   5.,   3.,   1.,   6., 106.],
        [185.,   3.,  12.,   4.,   6.,  11.,  53.,   4.,   7.,   8.],
        [  0.,   0.,   6.,   4., 116.,  13.,  12.,   0.,  17., 265.],
        [  2.,   0.,   2.,   0., 224.,  10.,  11.,  44.,   6.,   2.],
        [  2.,   0.,   7.,   0., 299.,   7.,   6.,   0.,   9.,  18.],
        [  5.,   0., 133., 295.,   1.,  13.,   0.,   0.,  23.,   0.],
        [ 17.,   0.,   1.,   6.,   9., 226.,   2., 109.,  11.,   9.],
        [  6.,  51.,   1.,   3.,   8., 113.,   3.,  84.,  11.,   8.],
        [  2.,   0.,   5.,   3.,  54.,   6.,   5., 273.,  13.,  19.],
        [  3.,   0.,   3.,   0.,  13.,   6., 293.,   0.,  11.,   5.],
        [  3.,  73.,   8.,   4.,   9.,  14.,   7., 231.,   8.,   9.],
        [  0.,  13., 283.,   1.,   7.,   7.,  39.,   0.,   3.,   4.],
        [  0.,  33., 225.,   0.,   9.,   8.,  32.,   0.,   5.,   5.],
        [  5.,   0.,   1., 291.,   2.,  23.,   0.,   0.,  32.,   0.],
        [  1.,   0.,   0.,   1., 293., 109.,  18.,   0.,   6.,  26.],
        [ 22.,   1.,   0.,   3.,  12.,   4.,   6., 270.,   5.,  18.],
        [298.,   0.,   2.,   2.,   0.,  24.,   3.,   5.,   9.,   0.],
        [  3.,   0., 287.,  12.,   7.,   6.,  12.,   1.,   2.,   2.],
        [ 12.,   3.,   1.,   0.,  14., 240.,   2.,   1.,   7.,  11.],
        [  2.,   0.,   0.,   0., 294.,  15.,   6.,  12.,   8.,  42.],
        [  4.,   0.,   0.,   8.,  17., 287.,   3.,   0.,  11.,   2.],
        [ 16.,   0.,   1.,   5.,  17.,  10.,   5.,  10.,   3., 274.],
        [  1., 274.,   8.,   3.,   2.,   7.,   7.,   2.,  13.,   2.],
        [  2., 280.,   8.,   5.,   3.,  11.,  15.,   3.,  27.,   2.],
        [  3.,   8.,   8.,   0.,   9., 204.,  15.,   1.,  10.,   3.],
        [  7.,   0.,   0., 300.,   2.,  29.,   0.,   0.,  27.,   0.],
        [  3.,  11.,  30., 268.,   1.,  12.,   3.,   1.,   7.,   0.],
        [  9.,   0.,   0.,  13.,   6., 260.,   2.,   0.,  20.,   4.],
        [  9.,   0.,   1.,   0.,  15.,  18.,   8.,  21.,   9., 203.],
        [298.,   0.,   5.,   0.,   0.,  28.,  12.,   5.,   2.,   0.],
        [271.,   0.,   7.,   1.,   4.,  12.,  44.,   5.,   7.,   1.],
        [ 10.,   0.,  14., 253.,   3.,  20.,   1.,   0.,  12.,   0.],
        [ 15.,   0.,  27., 184.,   0.,  16.,   2.,   1.,  10.,   0.],
        [ 12.,   0.,  12.,   0.,   3.,  15., 252.,   1.,   4.,   0.],
        [  3.,  78.,  22., 157.,  22.,  15.,   5.,   1.,   8.,   0.],
        [ 13.,   8.,   5., 272.,   3.,  16.,   1.,   7.,   6.,   1.],
        [  3., 275.,   5.,   3.,   4.,  60.,  53.,   4.,  67.,   2.],
        [  0., 251.,  20.,   3.,  11.,   8.,   5.,   1.,  17.,   3.],
        [  4.,  39.,   2., 201.,   5.,   7.,   1., 116.,   8.,  12.],
        [  3.,   2.,   3.,   1.,  10.,   6.,   4., 254.,  10.,  19.],
        [  4.,   0.,   3.,   2.,  18.,   5.,   3.,  20.,  14., 279.],
        [  5., 145.,   9.,   4.,   5.,  12.,  62.,   6., 195.,   5.],
        [  2., 280.,   9.,   4.,   3.,   9.,  14.,   5.,  12.,   2.],
        [  5.,   0.,  11., 294.,   2.,  14.,   0.,   1.,   9.,   0.],
        [  2.,   0.,  17.,   0.,   7.,   6., 253.,   0.,  13.,   1.],
        [  5.,   0.,   1., 293.,   2.,  44.,   0.,   0.,  36.,   0.],
        [  0.,   1., 236.,   0.,  22.,  15.,  26.,   0.,   5.,   0.],
        [  0., 178.,  28.,   0.,  24.,  14.,   3.,   1.,  59.,   5.],
        [  1.,   0.,   3.,   3.,  35.,   7.,   6.,   5.,   8., 267.],
        [  1.,   0.,   0.,   0., 272.,  18.,   6.,   0.,  12.,  23.],
        [ 10.,   6., 280.,  11.,   0.,  14.,  11.,   0.,  10.,   0.],
        [  4.,   0.,   5.,   1.,   8.,  23., 300.,   0.,  14.,   2.],
        [  1.,   2.,  16.,   0.,   9.,  24., 294.,   0.,  10.,   2.],
        [  7.,   1.,   7., 250.,   9.,  27.,   4.,   1.,   8.,   1.],
        [ 16.,   0.,   9., 300.,   0.,  28.,   0.,   0., 113.,   0.],
        [  9.,   0.,   0.,  21.,   0., 280.,   4.,   0.,  15.,   0.],
        [  4.,   9.,   6.,   4.,   7.,  10.,   7.,   5., 258.,   7.],
        [  3.,   0.,   0.,   3., 281.,  20.,  10.,  26.,   9.,  97.],
        [  0.,   0.,   0.,   1., 262.,  98.,   9.,   6.,   9.,  74.]],
       device='cuda:0')
--- spikes (finish interval) ---
tensor([[0., 0., 0., 1., 0., 0., 0., 0., 0., 0.],
        [0., 0., 0., 0., 0., 0., 0., 0., 0., 1.],
        [0., 0., 0., 0., 0., 0., 0., 0., 0., 0.],
        [0., 0., 0., 0., 0., 0., 0., 0., 0., 0.],
        [0., 0., 0., 0., 0., 0., 0., 0., 0., 0.],
        [0., 0., 0., 0., 0., 0., 0., 0., 0., 0.],
        [0., 0., 0., 0., 0., 0., 0., 0., 0., 0.],
        [0., 0., 0., 0., 0., 0., 0., 0., 0., 0.],
        [0., 0., 0., 0., 0., 0., 0., 0., 0., 0.],
        [0., 0., 0., 0., 1., 0., 0., 0., 0., 0.],
        [0., 0., 0., 0., 0., 0., 0., 0., 0., 0.],
        [0., 0., 0., 0., 0., 1., 0., 0., 0., 0.],
        [0., 0., 0., 0., 0., 0., 0., 0., 0., 0.],
        [0., 0., 0., 0., 0., 0., 0., 0., 0., 0.],
        [0., 0., 0., 0., 0., 0., 1., 0., 0., 0.],
        [0., 0., 0., 0., 0., 0., 0., 0., 0., 0.],
        [0., 0., 1., 0., 0., 0., 0., 0., 0., 0.],
        [0., 0., 0., 0., 0., 0., 0., 0., 0., 0.],
        [0., 0., 0., 0., 0., 0., 0., 0., 0., 0.],
        [0., 0., 0., 0., 1., 0., 0., 0., 0., 0.],
        [0., 0., 0., 0., 0., 0., 0., 0., 0., 0.],
        [0., 0., 0., 0., 0., 0., 0., 0., 0., 0.],
        [0., 0., 0., 0., 0., 0., 0., 0., 0., 0.],
        [0., 0., 0., 0., 0., 0., 0., 0., 0., 0.],
        [0., 0., 0., 0., 1., 0., 0., 0., 0., 0.],
        [0., 0., 0., 0., 0., 0., 0., 0., 0., 0.],
        [0., 0., 0., 0., 0., 0., 0., 0., 0., 1.],
        [0., 0., 0., 0., 0., 0., 0., 0., 0., 0.],
        [0., 0., 0., 0., 0., 0., 0., 0., 0., 0.],
        [0., 0., 0., 0., 0., 0., 0., 0., 0., 0.],
        [0., 0., 0., 1., 0., 0., 0., 0., 0., 0.],
        [0., 0., 0., 0., 0., 0., 0., 0., 0., 0.],
        [0., 0., 0., 0., 0., 1., 0., 0., 0., 0.],
        [0., 0., 0., 0., 0., 0., 0., 0., 0., 0.],
        [0., 0., 0., 0., 0., 0., 0., 0., 0., 0.],
        [1., 0., 0., 0., 0., 0., 0., 0., 0., 0.],
        [0., 0., 0., 0., 0., 0., 0., 0., 0., 0.],
        [0., 0., 0., 0., 0., 0., 0., 0., 0., 0.],
        [0., 0., 0., 0., 0., 0., 0., 0., 0., 0.],
        [0., 0., 0., 0., 1., 0., 0., 0., 0., 0.],
        [0., 0., 0., 0., 0., 0., 0., 0., 0., 0.],
        [0., 0., 0., 0., 0., 0., 0., 0., 0., 0.],
        [0., 0., 0., 0., 0., 0., 0., 0., 0., 0.],
        [0., 0., 0., 1., 0., 0., 0., 1., 0., 0.],
        [0., 0., 0., 0., 0., 0., 0., 0., 0., 0.],
        [0., 0., 0., 0., 0., 0., 0., 0., 0., 1.],
        [0., 0., 0., 0., 0., 0., 0., 0., 1., 0.],
        [0., 1., 0., 0., 0., 0., 0., 0., 0., 0.],
        [0., 0., 0., 1., 0., 0., 0., 0., 0., 0.],
        [0., 0., 0., 0., 0., 0., 0., 0., 0., 0.],
        [0., 0., 0., 1., 0., 0., 0., 0., 0., 0.],
        [0., 0., 1., 0., 0., 0., 0., 0., 0., 0.],
        [0., 0., 0., 0., 0., 0., 0., 0., 0., 0.],
        [0., 0., 0., 0., 0., 0., 0., 0., 0., 1.],
        [0., 0., 0., 0., 1., 0., 0., 0., 0., 0.],
        [0., 0., 0., 0., 0., 0., 0., 0., 0., 0.],
        [0., 0., 0., 0., 0., 0., 1., 0., 0., 0.],
        [0., 0., 0., 0., 0., 0., 0., 0., 0., 0.],
        [0., 0., 0., 0., 0., 0., 0., 0., 0., 0.],
        [0., 0., 0., 0., 0., 0., 0., 0., 0., 0.],
        [0., 0., 0., 0., 0., 1., 0., 0., 0., 0.],
        [0., 0., 0., 0., 0., 0., 0., 0., 1., 0.],
        [0., 0., 0., 0., 1., 0., 0., 0., 0., 0.],
        [0., 0., 0., 0., 0., 0., 0., 0., 0., 0.]], device='cuda:0')
Epoch 3 | Batch 300
--- spikes (training) ---
tensor([[  0., 292.,   4.,   8.,   2.,   1.,   3.,   4.,   4.,   8.],
        [  0., 277.,   3.,   3.,   1.,   2.,  31.,   1.,   3.,   3.],
        [  7.,  13., 294.,   6.,  13.,   0.,   5.,   2.,   2.,  15.],
        [  0.,  17., 302.,   3.,   3.,   2., 129.,   1.,   5.,   6.],
        [  0.,   2.,   1.,   0., 283.,   6.,   3.,  22.,   1.,  42.],
        [  0.,   6.,   5.,   3.,  11.,   3.,   3., 233.,   3.,  39.],
        [  0.,   8.,  21.,   0.,  93.,   0., 268.,   1.,   2.,  17.],
        [  0.,   3.,   3.,   6., 235.,   3.,   6.,   4.,   2.,  33.],
        [ 13.,   0.,  13.,  30.,   3., 271.,   0.,   4.,  76.,   1.],
        [  0.,  91.,   2.,  10., 137.,  52.,  16.,   4.,   7.,  12.],
        [ 99.,   9.,   2.,   3.,  19., 254.,   1.,  14.,  12.,   7.],
        [  0.,  32.,  40.,   1.,   7.,   4., 260.,   3.,  30.,   4.],
        [  0.,   7.,   6.,   3., 265.,   6.,  27.,   4.,   2.,  26.],
        [  2.,  24., 311.,   4.,  25.,   0.,   6.,   2.,   2.,  61.],
        [  1.,  33.,  10.,   4.,   5.,   8., 304.,   1.,  13.,   9.],
        [ 10.,   4.,  27.,  37.,  12.,  13.,   5.,  17., 270.,   6.],
        [  1.,   4.,  13.,   1.,  80.,  69.,   8.,  39., 258.,   6.],
        [  2.,   8.,   8.,   1.,   5.,   2., 312.,   2.,   3.,  13.],
        [  0.,   4.,   5.,   1., 277.,   5.,   6.,   8.,   3.,  53.],
        [  0., 293.,   3.,   5.,   1.,   1.,   4.,   2.,   4.,   5.],
        [  0.,   3.,  10.,   0., 242.,   4.,  52.,   5.,   3.,   3.],
        [ 10.,  10.,  99., 199.,   9.,  71.,   3.,   3.,   5.,   3.],
        [  1.,   2.,   8.,   1.,  11.,   6.,   2.,  73.,   3., 271.],
        [  5.,   3.,   5.,   1.,  14., 152.,   1.,  30.,   4.,  44.],
        [  3.,   4., 245.,   6.,   1.,   2.,   4.,   4.,   0.,   3.],
        [  0.,   5.,   3.,  12.,  12.,   8.,   3.,  58.,   7., 147.],
        [  1.,   3.,  28.,   1.,   6.,   5., 306.,   2.,   1.,   7.],
        [  0., 231.,  17.,   3.,   6.,   3.,   3.,   4.,  19.,   1.],
        [ 29.,   4.,  11., 259.,   1.,   7.,   1.,   2.,   2.,   0.],
        [  0.,   2.,   1.,   3.,  43.,   3.,   1., 291.,   0.,  17.],
        [ 12.,   3., 309.,  21.,   4.,   0.,  10.,   2.,   0.,   4.],
        [253.,   7.,  10.,   0.,   0.,  29.,   5.,   2.,   1.,   5.],
        [  0.,   0.,   1.,   3., 245.,   1.,   1.,   9.,   1.,  17.],
        [  1.,   3.,   5.,  72.,  31.,   1.,   5.,   5.,   2., 257.],
        [  0.,   8.,  12.,   5.,  13.,   6., 308.,   3.,   6.,   9.],
        [  0.,   3.,   8.,   0., 255.,   2.,   6.,  12.,  33.,   7.],
        [  0.,   7.,   5.,   6., 271.,   1.,   5.,   3.,   1.,  23.],
        [  0.,   1.,   4.,   0., 270.,   4.,   3.,   7.,   1.,  24.],
        [  5.,   5.,  23.,   8.,   4., 279.,   4.,  10.,   7.,   3.],
        [  0.,   0.,   6.,   6., 259.,   2.,   6.,  13.,   5.,  15.],
        [  8.,   3.,  10., 277.,  13.,  14.,   0.,   7.,  13.,  10.],
        [  2.,   7., 260.,  11.,  21.,   3.,   9.,   1.,   2.,  13.],
        [  0., 302.,   6.,   9.,   2.,   3.,  13.,   4.,   6.,  10.],
        [  0., 226.,  25.,   7.,  29.,   4.,   1.,   4.,  46.,   3.],
        [  3.,   5., 280.,   4.,   0.,   3.,   1.,   3.,  26.,   2.],
        [ 31.,   1.,  12.,  57.,   1., 220.,   1.,   5.,   5.,   0.],
        [  0.,   4.,   3.,   2.,   4.,   1.,   0., 286.,   1.,  19.],
        [  1.,   8.,   8.,   5.,  11.,   1., 298.,   4.,   6.,  14.],
        [  0.,   1.,   8.,   2., 271.,   3.,   7.,   9.,   7.,  23.],
        [  0., 277.,   1.,   3.,   1.,   1.,   7.,   1.,   3.,   2.],
        [  2.,   1.,  42.,   2.,   7.,   0.,   7.,  30.,   1., 227.],
        [  0.,   5.,   2.,   5.,  33.,   3.,   2., 254.,   5.,   7.],
        [  4.,   8.,  11., 300.,   4.,   7.,   5.,   7.,  11.,   3.],
        [  1.,   8.,  23.,   1.,  10.,   1., 313.,   2.,   2.,  15.],
        [  6.,   6.,  14.,   2.,  15.,  12.,   5.,  18., 282.,   7.],
        [  0.,   7.,  15.,   4., 234.,  22.,  14.,   8.,  21.,  69.],
        [  1.,   8.,   6.,   1.,  16.,   5.,   6.,   8.,   7., 118.],
        [  2.,   5.,  11.,   4.,  21.,  11.,   6.,  16., 246.,   6.],
        [  0.,   3.,  57.,   2., 159.,   3.,  12.,   5.,   4.,  28.],
        [  5.,   4.,  11.,   3.,  16.,  11.,   3.,  92., 275.,  17.],
        [  0., 256.,  37.,   4.,  14.,   2.,   2.,   4.,  95.,   1.],
        [  0., 296.,   6.,   9.,   3.,   3.,   4.,   5.,   5.,   8.],
        [  4.,   6.,  16.,   2.,  11.,  12.,   4.,  15., 286.,  10.],
        [  9.,   1.,   4.,  13.,   6., 263.,   2.,   5.,  13.,   9.]],
       device='cuda:0')
--- spikes (finish interval) ---
tensor([[0., 0., 0., 0., 0., 0., 0., 0., 0., 0.],
        [0., 1., 0., 0., 0., 0., 0., 0., 0., 0.],
        [0., 0., 0., 0., 0., 0., 0., 0., 0., 0.],
        [0., 0., 1., 0., 0., 0., 0., 0., 0., 0.],
        [0., 0., 0., 0., 1., 0., 0., 0., 0., 0.],
        [0., 0., 0., 0., 0., 0., 0., 1., 0., 0.],
        [0., 0., 0., 0., 0., 0., 0., 0., 0., 0.],
        [0., 0., 0., 0., 0., 0., 0., 0., 0., 0.],
        [0., 0., 0., 0., 0., 1., 0., 0., 0., 0.],
        [0., 0., 0., 0., 0., 0., 0., 0., 0., 0.],
        [0., 0., 0., 0., 0., 1., 0., 0., 0., 0.],
        [0., 0., 0., 0., 0., 0., 0., 0., 0., 0.],
        [0., 0., 0., 0., 1., 0., 0., 0., 0., 0.],
        [0., 0., 1., 0., 0., 0., 0., 0., 0., 0.],
        [0., 0., 0., 0., 0., 0., 1., 0., 0., 0.],
        [0., 0., 0., 0., 0., 0., 0., 0., 1., 0.],
        [0., 0., 0., 0., 1., 0., 0., 0., 1., 0.],
        [0., 0., 0., 0., 0., 0., 1., 0., 0., 0.],
        [0., 0., 0., 0., 0., 0., 0., 0., 0., 0.],
        [0., 0., 0., 0., 0., 0., 0., 0., 0., 0.],
        [0., 0., 0., 0., 0., 0., 0., 0., 0., 0.],
        [0., 0., 0., 0., 0., 0., 0., 0., 0., 0.],
        [0., 0., 0., 0., 0., 0., 0., 0., 0., 0.],
        [0., 0., 0., 0., 0., 1., 0., 0., 0., 0.],
        [0., 0., 0., 0., 0., 0., 0., 0., 0., 0.],
        [0., 0., 0., 0., 0., 0., 0., 0., 0., 0.],
        [0., 0., 0., 0., 0., 0., 1., 0., 0., 0.],
        [0., 0., 0., 0., 0., 0., 0., 0., 0., 0.],
        [0., 0., 0., 1., 0., 0., 0., 0., 0., 0.],
        [0., 0., 0., 0., 0., 0., 0., 0., 0., 0.],
        [0., 0., 0., 0., 0., 0., 0., 0., 0., 0.],
        [1., 0., 0., 0., 0., 0., 0., 0., 0., 0.],
        [0., 0., 0., 0., 0., 0., 0., 0., 0., 0.],
        [0., 0., 0., 1., 0., 0., 0., 0., 0., 1.],
        [0., 0., 0., 0., 0., 0., 1., 0., 0., 0.],
        [0., 0., 0., 0., 0., 0., 0., 0., 0., 0.],
        [0., 0., 0., 0., 1., 0., 0., 0., 0., 0.],
        [0., 0., 0., 0., 1., 0., 0., 0., 0., 0.],
        [0., 0., 0., 0., 0., 0., 0., 0., 0., 0.],
        [0., 0., 0., 0., 0., 0., 0., 0., 0., 0.],
        [0., 0., 0., 1., 0., 0., 0., 0., 0., 0.],
        [0., 0., 1., 0., 0., 0., 0., 0., 0., 0.],
        [0., 1., 0., 0., 0., 0., 0., 0., 0., 0.],
        [0., 1., 0., 0., 0., 0., 0., 0., 0., 0.],
        [0., 0., 0., 0., 0., 0., 0., 0., 0., 0.],
        [0., 0., 0., 0., 0., 0., 0., 0., 0., 0.],
        [0., 0., 0., 0., 0., 0., 0., 0., 0., 0.],
        [0., 0., 0., 0., 0., 0., 0., 0., 0., 0.],
        [0., 0., 0., 0., 0., 0., 0., 0., 0., 0.],
        [0., 1., 0., 0., 0., 0., 0., 0., 0., 0.],
        [0., 0., 0., 0., 0., 0., 0., 0., 0., 1.],
        [0., 0., 0., 0., 0., 0., 0., 0., 0., 0.],
        [0., 0., 0., 1., 0., 0., 0., 0., 0., 0.],
        [0., 0., 0., 0., 0., 0., 1., 0., 0., 0.],
        [0., 0., 0., 0., 0., 0., 0., 0., 0., 0.],
        [0., 0., 0., 0., 0., 0., 0., 0., 0., 0.],
        [0., 0., 0., 0., 0., 0., 0., 0., 0., 0.],
        [0., 0., 0., 0., 0., 0., 0., 0., 0., 0.],
        [0., 0., 0., 0., 0., 0., 0., 0., 0., 0.],
        [0., 0., 0., 0., 0., 0., 0., 0., 1., 0.],
        [0., 0., 0., 0., 0., 0., 0., 0., 0., 0.],
        [0., 0., 0., 0., 0., 0., 0., 0., 0., 0.],
        [0., 0., 0., 0., 0., 0., 0., 0., 1., 0.],
        [0., 0., 0., 0., 0., 0., 0., 0., 0., 0.]], device='cuda:0')
Epoch 3 | Batch 400
--- spikes (training) ---
tensor([[306.,   4.,   1.,  10.,   0.,  46.,  17.,   0.,   3.,   2.],
        [  0.,  34.,   1.,  14.,   7.,  15.,   9.,  15.,   6., 260.],
        [  7.,   9.,   3.,   4.,   2., 280.,   8.,   0.,   4.,   6.],
        [  2.,   2.,  13.,   6., 273.,   1.,  12.,   0.,  33.,  78.],
        [  6.,  23.,  15.,  39.,   2.,   2.,   9.,   2., 241.,  12.],
        [106.,   2.,   0., 112.,   0., 282.,   2.,   0.,   2.,   2.],
        [  0.,  10.,  25.,   5.,   2.,   1., 300.,   0.,   2.,   5.],
        [  4.,  90.,  23.,   6.,   3.,   1.,  11.,   0., 237.,   4.],
        [  0.,   7.,  11.,   2.,   4.,   4., 300.,   0.,   3.,   2.],
        [  0., 297.,   3.,  10.,   0.,   1.,   4.,   0.,  55.,   3.],
        [  0., 288.,   2.,  10.,   0.,   0.,   4.,   0.,   5.,   3.],
        [311.,   0.,   3.,   5.,   0.,   0.,   3.,   0.,   1.,   7.],
        [  9.,   4.,   0.,   7.,   9.,   4.,   4., 280.,   0.,  93.],
        [  0.,  13.,  12.,   4.,   4.,   9., 301.,   0.,   4.,   2.],
        [ 95.,   2.,   0.,   9.,   4.,   0.,   5., 300.,   0.,   8.],
        [ 16.,   2.,   1.,  14.,   0., 260.,  19.,   0.,   1.,   4.],
        [ 43.,   0., 296.,  20.,   0.,   0.,  20.,   0.,  52.,   0.],
        [305.,   1.,   0.,   6.,   0.,  19.,   7.,   0.,  18.,   2.],
        [  2.,   1.,   2.,   1., 240.,   0.,   5.,   0.,   0.,   1.],
        [ 11.,   1.,   0.,  14.,   2.,   1.,   2., 269.,   0.,   5.],
        [  0., 286.,  17.,   9.,   0.,   0.,   2.,   0.,  56.,   0.],
        [ 16.,   1.,   0.,  52.,   1., 280.,   4.,   0.,   4.,   2.],
        [288.,   0.,  65.,   1.,   1.,   0.,  20.,   0.,   0.,   0.],
        [ 11.,   3.,   1.,   9.,   2., 288.,   3.,   0.,   5.,   4.],
        [299.,   3.,   3.,   2.,   3.,   1.,  22.,  21.,   0.,   6.],
        [  1.,   5.,  12.,  43.,  19.,   4.,   8.,   0., 233.,  10.],
        [ 11.,   2.,  10.,  16.,   3.,   4.,  13.,   0., 154.,   1.],
        [  5.,   4.,  16.,   7.,  91.,   3.,  13., 249.,   1.,   4.],
        [  1.,   9.,   0.,   8.,   5.,   4.,   7., 107.,   2., 264.],
        [ 12.,   1.,   0.,  23.,   2., 252.,   4.,   0.,   4.,   2.],
        [  0.,   7.,   0.,   8.,   3.,  27.,   5.,  27.,   2., 263.],
        [138.,   0., 292.,   1.,  17.,   0.,  17.,   0.,   1.,   1.],
        [  4.,   7.,   1.,   3., 256.,   2.,  20.,  15.,   5.,  73.],
        [  5.,   4.,  21.,   2.,   8.,   0., 300.,   0.,   0.,   2.],
        [ 11.,   2.,   3., 306.,   1.,  19.,   1.,   0.,   6.,   0.],
        [  8.,   0.,   0.,  32.,   0., 269.,   6.,   0.,   2.,   1.],
        [  2.,  19.,  15., 272.,   0.,   1.,  11.,   0.,   2.,   2.],
        [  0., 273.,   9.,   8.,   4.,   1.,   2.,   1.,  82.,   2.],
        [  2.,  52.,   4.,   8.,   9.,   5.,   2., 265.,   1.,  14.],
        [ 15.,   2.,   2.,   4., 280.,   0.,   5.,   0.,   2.,  13.],
        [  3.,   5.,  22.,   2.,  24.,   0., 301.,   0.,   1.,   1.],
        [  1.,   4.,  35., 263.,   1.,   9.,   9.,   0.,   1.,   1.],
        [  1., 119.,  23.,  26., 133.,   4.,  13.,   1.,   7.,   4.],
        [ 27.,   4.,   0.,  68.,   2.,  10.,   5.,   0., 150.,   8.],
        [  1.,  43.,   5.,   9.,   6.,   8.,  25.,   0., 118.,  27.],
        [298.,   1.,   0.,  11.,   0.,  32.,  16.,   0.,   4.,   4.],
        [  0.,   4.,  10.,   4.,  63.,   0., 276.,   0.,   5.,   1.],
        [  8.,  18.,  64., 232.,   0.,   2.,  11.,   0.,   0.,   2.],
        [  9.,   0.,   0.,  30.,   1., 287.,   3.,   0.,   5.,   0.],
        [281.,   0.,   3.,   7.,   6.,   3.,  14.,   0.,   5.,   3.],
        [  3.,   7.,   1.,   3., 250.,   2.,  23.,  17.,   2.,  38.],
        [  6.,   2.,  16.,  10., 102.,   3.,   9.,   1., 188.,  35.],
        [  0., 298.,   3.,  11.,   0.,   1.,   7.,   0.,   6.,   4.],
        [  3.,   1., 296.,   8.,   3.,   0.,  11.,   0.,  48.,   3.],
        [ 11.,   9., 241.,   5.,  10.,   0.,  27.,   0.,   4.,   8.],
        [ 24.,   2.,   0.,  14.,   1., 278.,   1.,   3.,   6.,   6.],
        [  7.,   3.,  20.,   3.,   5.,   6., 294.,   0.,   0.,   1.],
        [  0.,  31., 298.,   6.,   0.,   0.,  18.,   0.,   1.,   0.],
        [  0.,   9.,   1.,  14.,   6.,   8.,   6.,  45.,   5., 283.],
        [  4.,   9.,   0.,   6.,  78.,  12.,  25.,  81.,   6., 278.],
        [  9.,   2.,   3., 285.,   0.,  35.,   5.,   0.,   3.,   0.],
        [127.,   6.,   0.,   1.,   6., 234.,   4.,  48.,   1.,   7.],
        [ 16.,   1.,   0., 304.,   0.,   9.,   3.,   0.,  86.,   2.],
        [  1.,  20.,   0.,   7., 120.,  40.,   9.,  46.,   2., 258.]],
       device='cuda:0')
--- spikes (finish interval) ---
tensor([[0., 0., 0., 0., 0., 0., 0., 0., 0., 0.],
        [0., 0., 0., 0., 0., 0., 0., 0., 0., 1.],
        [0., 0., 0., 0., 0., 0., 0., 0., 0., 0.],
        [0., 0., 0., 0., 1., 0., 0., 0., 0., 0.],
        [0., 0., 0., 0., 0., 0., 0., 0., 0., 0.],
        [0., 0., 0., 0., 0., 0., 0., 0., 0., 0.],
        [0., 0., 0., 0., 0., 0., 0., 0., 0., 0.],
        [0., 0., 0., 0., 0., 0., 0., 0., 0., 0.],
        [0., 0., 0., 0., 0., 0., 0., 0., 0., 0.],
        [0., 1., 0., 0., 0., 0., 0., 0., 0., 0.],
        [0., 1., 0., 0., 0., 0., 0., 0., 0., 0.],
        [1., 0., 0., 0., 0., 0., 0., 0., 0., 0.],
        [0., 0., 0., 0., 0., 0., 0., 0., 0., 0.],
        [0., 0., 0., 0., 0., 0., 1., 0., 0., 0.],
        [0., 0., 0., 0., 0., 0., 0., 1., 0., 0.],
        [0., 0., 0., 0., 0., 0., 0., 0., 0., 0.],
        [0., 0., 1., 0., 0., 0., 0., 0., 0., 0.],
        [0., 0., 0., 0., 0., 0., 0., 0., 1., 0.],
        [0., 0., 0., 0., 0., 0., 0., 0., 0., 0.],
        [0., 0., 0., 0., 0., 0., 0., 0., 0., 0.],
        [0., 1., 0., 0., 0., 0., 0., 0., 0., 0.],
        [0., 0., 0., 0., 0., 1., 0., 0., 0., 0.],
        [0., 0., 0., 0., 0., 0., 0., 0., 0., 0.],
        [0., 0., 0., 0., 0., 1., 0., 0., 0., 0.],
        [0., 0., 0., 0., 0., 0., 0., 0., 0., 0.],
        [0., 0., 0., 0., 0., 0., 0., 0., 0., 0.],
        [0., 0., 0., 0., 0., 0., 0., 0., 0., 0.],
        [0., 0., 0., 0., 0., 0., 0., 0., 0., 0.],
        [0., 0., 0., 0., 0., 0., 0., 0., 0., 1.],
        [0., 0., 0., 0., 0., 1., 0., 0., 0., 0.],
        [0., 0., 0., 0., 0., 0., 0., 0., 0., 0.],
        [0., 0., 0., 0., 0., 0., 0., 0., 0., 0.],
        [0., 0., 0., 0., 1., 0., 0., 0., 0., 0.],
        [0., 0., 0., 0., 0., 0., 1., 0., 0., 0.],
        [0., 0., 0., 0., 0., 0., 0., 0., 0., 0.],
        [0., 0., 0., 0., 0., 0., 0., 0., 0., 0.],
        [0., 0., 0., 0., 0., 0., 0., 0., 0., 0.],
        [0., 1., 0., 0., 0., 0., 0., 0., 0., 0.],
        [0., 0., 0., 0., 0., 0., 0., 0., 0., 0.],
        [0., 0., 0., 0., 1., 0., 0., 0., 0., 0.],
        [0., 0., 0., 0., 0., 0., 1., 0., 0., 0.],
        [0., 0., 0., 1., 0., 0., 0., 0., 0., 0.],
        [0., 0., 0., 0., 0., 0., 0., 0., 0., 0.],
        [0., 0., 0., 0., 0., 0., 0., 0., 0., 0.],
        [0., 0., 0., 0., 0., 0., 0., 0., 0., 0.],
        [1., 0., 0., 0., 0., 0., 0., 0., 0., 0.],
        [0., 0., 0., 0., 0., 0., 0., 0., 0., 0.],
        [0., 0., 0., 0., 0., 0., 0., 0., 0., 0.],
        [0., 0., 0., 0., 0., 1., 0., 0., 0., 0.],
        [1., 0., 0., 0., 0., 0., 0., 0., 0., 0.],
        [0., 0., 0., 0., 1., 0., 0., 0., 0., 0.],
        [0., 0., 0., 0., 0., 0., 0., 0., 0., 0.],
        [0., 0., 0., 0., 0., 0., 0., 0., 0., 0.],
        [0., 0., 1., 0., 0., 0., 0., 0., 0., 0.],
        [0., 0., 0., 0., 0., 0., 0., 0., 0., 0.],
        [0., 0., 0., 0., 0., 0., 0., 0., 0., 0.],
        [0., 0., 0., 0., 0., 0., 0., 0., 0., 0.],
        [0., 0., 1., 0., 0., 0., 0., 0., 0., 0.],
        [0., 0., 0., 0., 0., 0., 0., 0., 0., 1.],
        [0., 0., 0., 0., 0., 0., 0., 0., 0., 1.],
        [0., 0., 0., 1., 0., 0., 0., 0., 0., 0.],
        [0., 0., 0., 0., 0., 0., 0., 0., 0., 0.],
        [0., 0., 0., 0., 0., 0., 0., 0., 0., 0.],
        [0., 0., 0., 0., 0., 1., 0., 0., 0., 0.]], device='cuda:0')
Epoch 3 | Batch 500
--- spikes (training) ---
tensor([[  0., 283.,   5.,  11.,   0.,   2.,  13.,  24.,   5.,   6.],
        [  5.,   0.,  27.,   3.,   3., 168.,  38.,   0.,   3.,   1.],
        [  1.,   2.,   9.,   3.,  68.,   0., 288.,   3.,   1.,   8.],
        [  4.,   0.,   7., 303.,   2.,  17.,   3.,   0.,   3.,   1.],
        [  2.,   5.,   1.,  13.,   8.,  13.,   7., 289.,   4.,  38.],
        [  8.,   1., 236.,   2.,   3.,   2.,  16.,   3.,  23.,   0.],
        [282.,   0.,   9.,  28.,  35.,  40.,  11.,   3.,   2.,   9.],
        [  8.,   0.,   4.,   4.,   9., 240.,   3.,  24.,  31.,  13.],
        [318.,   0.,   1.,  10.,   0.,   2.,   2.,   2.,   0.,   0.],
        [  3.,   0.,   9.,   2.,  16.,   0., 307.,   0.,   2.,   0.],
        [ 30.,   1.,  46., 235.,   0.,  17.,   6.,  17.,   3.,   2.],
        [  2.,   0., 290.,   8.,  31.,   4.,  43.,   0.,   1.,   0.],
        [ 26.,   1.,  22., 298.,   0.,  26.,   3.,   2.,  34.,   1.],
        [  3.,   1.,   9.,   4.,   4.,   2., 301.,   0.,   5.,   2.],
        [ 19.,   1., 272.,   8.,   2.,   5.,   7.,   4.,   8.,   1.],
        [  6.,   2., 271.,   4.,   0.,  11.,  21.,   0.,   5.,   0.],
        [294.,   0.,  49.,  12.,   1.,  11.,  12.,   1.,   5.,  41.],
        [  5.,   9.,  39.,   9.,   2.,  67.,  11.,   2., 277.,   1.],
        [ 15.,   3.,   9.,  48.,   7., 248.,  12.,   0.,   1.,   6.],
        [  6.,   1.,   0.,  36., 237.,  19.,   5.,  12.,   1.,  77.],
        [  4.,   0., 302.,  22.,   0.,  48.,  16.,   0.,   0.,   0.],
        [  2.,   4.,  11.,   9.,   0.,   7., 304.,   2.,  38.,   6.],
        [  0.,  91.,   4.,  15.,   1.,   5.,   7., 277.,   4.,   4.],
        [ 10.,   2.,   7.,  34.,   2., 257.,  14.,   1.,   1.,   1.],
        [  0., 287.,   9.,  14.,   0.,   1.,  13.,  29.,   7.,  10.],
        [  8.,   1.,  34.,   5.,   1.,   1.,   2., 234.,   2.,  16.],
        [  3.,   2.,  11.,  20.,   6.,  61.,  11.,   5., 283.,   1.],
        [  1.,   4.,   7.,   9., 274.,  13.,  19.,  30.,   5.,  21.],
        [305.,   1.,   3.,   5.,   0.,   1.,   3.,   2.,   0.,   0.],
        [  2., 257.,  30.,   8.,   4.,   5.,   6.,   1.,  29.,   1.],
        [284.,   0.,  47.,   2.,   0.,   3.,   8.,   8.,   0.,   0.],
        [  2.,   3.,  14.,   4.,   0.,   1., 295.,   0.,   3.,   3.],
        [230.,   0.,   8.,   2.,   0.,   2.,   6.,   0.,   0.,   0.],
        [  1.,   2., 174.,   5.,  39.,   2.,  37.,   2.,   1.,   5.],
        [  0.,   4.,   9.,   5.,   2.,   2., 272.,   6.,   2.,  39.],
        [ 15.,   4.,  14.,   8.,  90.,  59.,  17.,   3., 269.,  14.],
        [  2.,   0.,   1.,   5., 207.,   3.,  17.,   5.,   2.,  16.],
        [117.,   1.,   0.,   6.,   5.,   4.,  13., 230.,   0.,  44.],
        [311.,   0.,   5.,   5.,   0.,   7.,   0.,   0.,   0.,   0.],
        [  3.,   1., 291.,   4.,   0.,   2.,  15.,   3.,   7.,   2.],
        [  3.,  49.,  21.,   6.,   2.,   6.,   8.,   4., 226.,   4.],
        [  1.,   0.,   3.,  17., 246.,  15.,   4.,  30.,   3., 132.],
        [  0.,   1.,   1.,  20.,  11.,  24.,   9.,  53.,   8., 271.],
        [  7.,   1.,   9.,  70.,   1., 229.,  23.,   1.,   3.,   0.],
        [  0., 279.,   8.,   7.,   0.,   1.,   7.,   4.,   6.,   3.],
        [  1.,   7.,   5.,   7., 234.,   3.,  13.,  17.,  10.,  20.],
        [  6.,   2., 126.,  12.,   1.,   2.,   7.,  16.,   3.,   3.],
        [  1.,   4.,   5., 294.,   0.,  19.,  14.,   2.,   1.,   1.],
        [313.,   0.,   0.,   5.,   0.,  16.,   0.,   1.,   0.,   0.],
        [  4.,   2.,  23.,   4.,   0.,   4., 302.,   0.,   5.,   9.],
        [  0., 263.,   4.,   7.,   0.,   0.,   7.,   2.,   4.,   2.],
        [ 18.,   0., 302.,   2.,   0.,   2.,   9.,   0.,   3.,   1.],
        [318.,   0.,   0.,   2.,   0.,   5.,  10.,   2.,   0.,   0.],
        [  1.,   4., 250.,  26.,   0.,   1.,  58.,   1.,   0.,   1.],
        [ 10.,   0., 260.,   9.,   2.,   5.,   5.,   5.,   2.,   1.],
        [ 31.,   0.,   2.,  48.,   0., 254.,  10.,   0.,   0.,   0.],
        [  3.,  38.,   2.,   9.,   5.,   9.,   7., 247.,   3.,  11.],
        [ 10.,   1.,   3., 134.,   0., 269.,  10.,   5.,   2.,   0.],
        [  0., 244.,  19.,   6.,   5.,   1.,   3.,   2.,  48.,   2.],
        [ 10.,   2., 275.,   2.,   1.,   4.,  22.,   2.,  87.,   2.],
        [  0., 167.,  35.,   7.,   5.,   8.,   3.,   1., 106.,   0.],
        [ 11.,   1.,  10.,   3.,   3.,   0., 310.,   0.,   2.,   4.],
        [ 21.,   1.,   6., 250.,   1.,  50.,   3., 122.,  47.,   1.],
        [ 29.,   2.,   1.,   6.,   1.,   2.,   5., 248.,   2.,  99.]],
       device='cuda:0')
--- spikes (finish interval) ---
tensor([[0., 0., 0., 0., 0., 0., 0., 0., 0., 0.],
        [0., 0., 0., 0., 0., 0., 0., 0., 0., 0.],
        [0., 0., 0., 0., 0., 0., 0., 0., 0., 0.],
        [0., 0., 0., 1., 0., 0., 0., 0., 0., 0.],
        [0., 0., 0., 0., 0., 0., 0., 1., 0., 0.],
        [0., 0., 0., 0., 0., 0., 0., 0., 0., 0.],
        [1., 0., 0., 0., 0., 0., 0., 0., 0., 0.],
        [0., 0., 0., 0., 0., 0., 0., 0., 0., 0.],
        [0., 0., 0., 0., 0., 0., 0., 0., 0., 0.],
        [0., 0., 0., 0., 0., 0., 0., 0., 0., 0.],
        [0., 0., 0., 0., 0., 0., 0., 0., 0., 0.],
        [0., 0., 1., 0., 0., 0., 0., 0., 0., 0.],
        [0., 0., 0., 1., 0., 0., 0., 0., 0., 0.],
        [0., 0., 0., 0., 0., 0., 1., 0., 0., 0.],
        [0., 0., 1., 0., 0., 0., 0., 0., 0., 0.],
        [0., 0., 1., 0., 0., 0., 0., 0., 0., 0.],
        [1., 0., 1., 0., 0., 0., 0., 0., 0., 0.],
        [0., 0., 0., 0., 0., 0., 0., 0., 1., 0.],
        [0., 0., 0., 0., 0., 0., 0., 0., 0., 0.],
        [0., 0., 0., 0., 0., 0., 0., 0., 0., 0.],
        [0., 0., 1., 0., 0., 0., 0., 0., 0., 0.],
        [0., 0., 0., 0., 0., 0., 1., 0., 0., 0.],
        [0., 0., 0., 0., 0., 0., 0., 0., 0., 0.],
        [0., 0., 0., 0., 0., 0., 0., 0., 0., 0.],
        [0., 0., 0., 0., 0., 0., 0., 0., 0., 0.],
        [0., 0., 0., 0., 0., 0., 0., 0., 0., 0.],
        [0., 0., 0., 0., 0., 0., 0., 0., 1., 0.],
        [0., 0., 0., 0., 0., 0., 0., 0., 0., 0.],
        [0., 0., 0., 0., 0., 0., 0., 0., 0., 0.],
        [0., 0., 0., 0., 0., 0., 0., 0., 0., 0.],
        [0., 0., 0., 0., 0., 0., 0., 0., 0., 0.],
        [0., 0., 0., 0., 0., 0., 0., 0., 0., 0.],
        [0., 0., 0., 0., 0., 0., 0., 0., 0., 0.],
        [0., 0., 1., 0., 0., 0., 0., 0., 0., 0.],
        [0., 0., 0., 0., 0., 0., 1., 0., 0., 0.],
        [0., 0., 0., 0., 0., 0., 0., 0., 0., 0.],
        [0., 0., 0., 0., 0., 0., 0., 0., 0., 0.],
        [0., 0., 0., 0., 0., 0., 0., 0., 0., 0.],
        [1., 0., 0., 0., 0., 0., 0., 0., 0., 0.],
        [0., 0., 1., 0., 0., 0., 0., 0., 0., 0.],
        [0., 0., 0., 0., 0., 0., 0., 0., 0., 0.],
        [0., 0., 0., 0., 1., 0., 0., 0., 0., 0.],
        [0., 0., 0., 0., 0., 0., 0., 0., 0., 0.],
        [0., 0., 0., 0., 0., 0., 0., 0., 0., 0.],
        [0., 1., 0., 0., 0., 0., 0., 0., 0., 0.],
        [0., 0., 0., 0., 1., 0., 0., 0., 0., 0.],
        [0., 0., 0., 0., 0., 0., 0., 0., 0., 0.],
        [0., 0., 0., 1., 0., 0., 0., 0., 0., 0.],
        [0., 0., 0., 0., 0., 0., 0., 0., 0., 0.],
        [0., 0., 0., 0., 0., 0., 0., 0., 0., 0.],
        [0., 1., 0., 0., 0., 0., 0., 0., 0., 0.],
        [0., 0., 0., 0., 0., 0., 0., 0., 0., 0.],
        [1., 0., 0., 0., 0., 0., 0., 0., 0., 0.],
        [0., 0., 1., 0., 0., 0., 0., 0., 0., 0.],
        [0., 0., 0., 0., 0., 0., 0., 0., 0., 0.],
        [0., 0., 0., 0., 0., 1., 0., 0., 0., 0.],
        [0., 0., 0., 0., 0., 0., 0., 0., 0., 0.],
        [0., 0., 0., 0., 0., 1., 0., 0., 0., 0.],
        [0., 0., 0., 0., 0., 0., 0., 0., 0., 0.],
        [0., 0., 0., 0., 0., 0., 0., 0., 0., 0.],
        [0., 0., 0., 0., 0., 0., 0., 0., 0., 0.],
        [0., 0., 0., 0., 0., 0., 0., 0., 0., 0.],
        [0., 0., 0., 0., 0., 0., 0., 0., 0., 0.],
        [0., 0., 0., 0., 0., 0., 0., 0., 0., 0.]], device='cuda:0')
Epoch 3 | Batch 600
--- spikes (training) ---
tensor([[  2.,   2.,   7.,   3.,   0.,   9., 293.,   4.,  40.,  12.],
        [ 32.,   1.,   2.,  15.,   2., 235.,   7.,  18.,   3.,   6.],
        [  2.,   1.,   1.,   3., 233.,   0.,   3.,  15.,   1.,   7.],
        [318.,   0.,   1.,   4.,   0.,   2.,   5.,  11.,   0.,   0.],
        [  1., 281.,   5.,   4.,   2.,   4.,   7.,  18.,  46.,   7.],
        [  0., 286.,   3.,   6.,   1.,   0.,   4.,  17.,   7.,   5.],
        [ 14.,   3.,  36.,   0.,   2.,   0., 295.,   6.,   3.,  17.],
        [  7.,   1.,   1.,   3.,   3.,   0.,   1., 308.,   3.,  22.],
        [  3.,  33.,  13.,   5.,  15.,   0.,   4.,   8., 232.,   6.],
        [  2.,   0.,   2.,   5.,   4.,   0.,   0., 158.,   4.,  24.],
        [ 21.,   3.,   8.,   2., 223.,   8.,  71.,  27.,   2.,   5.],
        [  7.,   2.,   3.,   3., 244.,   1.,  44.,  15.,   4., 138.],
        [  3.,   2., 212.,  10.,   3.,   1.,  28.,  12.,   5.,   5.],
        [ 18.,   5.,   8.,   2.,   3.,   1.,  20.,  27.,  95.,  12.],
        [  8.,   2., 279.,   8.,   2.,   0.,   4.,  16.,  39.,   2.],
        [  5.,  11., 270.,   5.,   1.,   0.,   4.,   4.,  11.,   2.],
        [  3.,  97., 192.,   7.,   0.,   1.,   6.,   7., 101.,   4.],
        [  3.,   1.,   2.,   3.,  22.,   0.,   6.,  10.,   7., 264.],
        [ 69.,   0.,   6., 279.,   0.,   0.,   0.,   6.,   6.,   3.],
        [  1.,   4.,   2.,   3.,   8.,   1.,   4.,  27.,   4., 158.],
        [  5.,   0.,   1.,   2.,  18.,   0.,   3.,  30.,   2., 246.],
        [ 19.,   4.,   1.,   1.,  29., 262.,   4.,   8.,  74.,  19.],
        [  5.,   9.,  15., 125.,  14.,   8.,   4.,   9., 221.,  13.],
        [280.,   0.,   3.,   2.,  18.,   1.,  53.,  10.,   0.,   1.],
        [  4.,  32.,   6.,   4.,   9.,   1.,   1.,  30., 229.,   8.],
        [306.,   0.,  28.,   1.,   2.,   0.,  25.,   6.,  15.,   1.],
        [321.,   0.,   0.,   5.,   0.,   6.,   1.,   9.,   6.,   0.],
        [  4.,   2.,   1.,   3.,   4.,   1.,   0., 300.,   3.,   9.],
        [  3.,   2.,   3.,   6., 146.,   2.,  12.,  20.,   4.,  78.],
        [ 18.,   1.,  72.,   1.,   2.,   0., 296.,   7.,   4.,  13.],
        [  8.,   2.,   1.,   2., 122.,   2.,  13.,  28.,   5.,  63.],
        [  3.,   0.,   1.,   1.,   2.,   0.,   1., 248.,   2.,  19.],
        [  3.,   4.,  12.,   5.,   0.,   5., 290.,   4.,  42., 148.],
        [  8.,   1.,   1.,   4.,  99.,   0.,   5.,  76.,   5., 231.],
        [  0., 279.,   2.,   3.,   0.,   0.,   8.,  11.,  14.,   3.],
        [  7.,  11.,   4.,   1.,   3., 246.,   4.,  10.,   3.,   3.],
        [  0., 267.,   2.,   2.,   0.,   0.,   3.,  12.,  17.,   4.],
        [ 14.,   0.,   0.,   3.,  62.,   0.,   6.,  53.,   4., 243.],
        [  5.,   3.,  12.,   1.,   2.,   7., 295.,   4.,   9.,  10.],
        [ 25.,   0.,  31., 284.,   1.,   1.,   1.,   5.,  26.,   0.],
        [  0., 284.,   6.,   7.,   1.,   0.,   2.,  26.,   7.,   9.],
        [ 15.,   1.,   8.,   3.,  22.,   0.,  11.,  17.,   3., 179.],
        [  3.,   0.,   5., 157., 142.,   9.,   6.,   3.,   6.,  10.],
        [  0., 258.,   3.,   4.,   1.,   0.,   0.,   7.,   3.,   3.],
        [  2.,   7.,   1.,   2.,   6.,   4.,   4.,  47.,  45., 253.],
        [  6.,   1.,   2.,   2.,   7.,   1.,   1., 290.,   4.,  20.],
        [ 12.,   5.,   2.,   1.,   6., 108., 238.,   4.,   3.,   6.],
        [  0., 275.,   4.,   3.,   0.,   2.,   6.,  20.,  17.,   6.],
        [321.,   0.,   3.,   0.,   3.,   0.,   1.,   9.,  12.,   0.],
        [  0., 262.,   3.,   3.,   2.,   4.,   6.,  20.,  12.,   5.],
        [ 15.,   1.,   3.,   1.,  48., 190.,  11.,  13.,   8.,  23.],
        [ 50.,   1.,  26.,   0.,   2.,   1., 295.,   5.,   1.,   4.],
        [319.,   0.,  11.,   2.,   3.,   0.,   3.,   8.,  73.,   0.],
        [  3.,   1.,   0.,   7.,  23.,   0.,   0., 156.,   0.,  86.],
        [  7.,   9.,  10.,  15.,   4.,   0.,   7.,  11., 254.,   6.],
        [280.,   0.,   7.,   2.,  15.,   0.,   0.,  18.,  43.,   0.],
        [  2.,   1.,   2.,  12.,   2.,   1.,   3., 298.,   5.,  16.],
        [272.,   0.,   1.,   0.,   0.,   0.,   8.,  17.,   0.,   0.],
        [  3.,   1.,   0.,   2.,   6.,   4.,   2., 278.,   0.,  34.],
        [ 11.,  29.,   6.,   3.,   6.,   2.,   2.,  33., 256.,  11.],
        [  5.,   1.,   1.,   2.,   4., 239., 159.,   4.,   2.,  16.],
        [  0., 269.,   2.,   2.,   0.,   0.,   3.,  11.,  43.,   3.],
        [  0., 276.,   3.,   4.,   0.,   0.,   4.,  27.,   7.,   9.],
        [  0., 232.,   2.,   2.,   4.,   2.,   3.,   6.,  11.,   3.]],
       device='cuda:0')
--- spikes (finish interval) ---
tensor([[0., 0., 0., 0., 0., 0., 0., 0., 0., 0.],
        [0., 0., 0., 0., 0., 0., 0., 0., 0., 0.],
        [0., 0., 0., 0., 1., 0., 0., 0., 0., 0.],
        [1., 0., 0., 0., 0., 0., 0., 0., 0., 0.],
        [0., 1., 0., 0., 0., 0., 0., 0., 0., 0.],
        [0., 1., 0., 0., 0., 0., 0., 0., 0., 0.],
        [0., 0., 0., 0., 0., 0., 0., 0., 0., 0.],
        [0., 0., 0., 0., 0., 0., 0., 1., 0., 0.],
        [0., 0., 0., 0., 0., 0., 0., 0., 0., 0.],
        [0., 0., 0., 0., 0., 0., 0., 0., 0., 0.],
        [0., 0., 0., 0., 1., 0., 0., 0., 0., 0.],
        [0., 0., 0., 0., 0., 0., 0., 0., 0., 0.],
        [0., 0., 0., 0., 0., 0., 0., 0., 0., 0.],
        [0., 0., 0., 0., 0., 0., 0., 0., 0., 0.],
        [0., 0., 1., 0., 0., 0., 0., 0., 0., 0.],
        [0., 0., 1., 0., 0., 0., 0., 0., 0., 0.],
        [0., 0., 1., 0., 0., 0., 0., 0., 0., 0.],
        [0., 0., 0., 0., 0., 0., 0., 0., 0., 1.],
        [0., 0., 0., 1., 0., 0., 0., 0., 0., 0.],
        [0., 0., 0., 0., 0., 0., 0., 0., 0., 0.],
        [0., 0., 0., 0., 0., 0., 0., 0., 0., 0.],
        [0., 0., 0., 0., 0., 1., 0., 0., 0., 0.],
        [0., 0., 0., 0., 0., 0., 0., 0., 0., 0.],
        [1., 0., 0., 0., 0., 0., 0., 0., 0., 0.],
        [0., 0., 0., 0., 0., 0., 0., 0., 0., 0.],
        [0., 0., 0., 0., 0., 0., 0., 0., 0., 0.],
        [0., 0., 0., 0., 0., 0., 0., 0., 0., 0.],
        [0., 0., 0., 0., 0., 0., 0., 0., 0., 0.],
        [0., 0., 0., 0., 0., 0., 0., 0., 0., 0.],
        [0., 0., 0., 0., 0., 0., 0., 0., 0., 0.],
        [0., 0., 0., 0., 0., 0., 0., 0., 0., 0.],
        [0., 0., 0., 0., 0., 0., 0., 0., 0., 0.],
        [0., 0., 0., 0., 0., 0., 0., 0., 0., 0.],
        [0., 0., 0., 0., 0., 0., 0., 0., 0., 0.],
        [0., 0., 0., 0., 0., 0., 0., 0., 0., 0.],
        [0., 0., 0., 0., 0., 0., 0., 0., 0., 0.],
        [0., 0., 0., 0., 0., 0., 0., 0., 0., 0.],
        [0., 0., 0., 0., 0., 0., 0., 0., 0., 1.],
        [0., 0., 0., 0., 0., 0., 0., 0., 0., 0.],
        [0., 0., 0., 1., 0., 0., 0., 0., 0., 0.],
        [0., 1., 0., 0., 0., 0., 0., 0., 0., 0.],
        [0., 0., 0., 0., 0., 0., 0., 0., 0., 0.],
        [0., 0., 0., 0., 0., 0., 0., 0., 0., 0.],
        [0., 1., 0., 0., 0., 0., 0., 0., 0., 0.],
        [0., 0., 0., 0., 0., 0., 0., 0., 0., 1.],
        [0., 0., 0., 0., 0., 0., 0., 1., 0., 0.],
        [0., 0., 0., 0., 0., 0., 0., 0., 0., 0.],
        [0., 1., 0., 0., 0., 0., 0., 0., 0., 0.],
        [1., 0., 0., 0., 0., 0., 0., 0., 0., 0.],
        [0., 0., 0., 0., 0., 0., 0., 0., 0., 0.],
        [0., 0., 0., 0., 0., 0., 0., 0., 0., 0.],
        [0., 0., 0., 0., 0., 0., 0., 0., 0., 0.],
        [1., 0., 0., 0., 0., 0., 0., 0., 0., 0.],
        [0., 0., 0., 0., 0., 0., 0., 0., 0., 0.],
        [0., 0., 0., 0., 0., 0., 0., 0., 1., 0.],
        [0., 0., 0., 0., 0., 0., 0., 0., 0., 0.],
        [0., 0., 0., 0., 0., 0., 0., 1., 0., 0.],
        [0., 0., 0., 0., 0., 0., 0., 0., 0., 0.],
        [0., 0., 0., 0., 0., 0., 0., 0., 0., 0.],
        [0., 0., 0., 0., 0., 0., 0., 0., 0., 0.],
        [0., 0., 0., 0., 0., 0., 0., 0., 0., 0.],
        [0., 1., 0., 0., 0., 0., 0., 0., 0., 0.],
        [0., 0., 0., 0., 0., 0., 0., 0., 0., 0.],
        [0., 0., 0., 0., 0., 0., 0., 0., 0., 0.]], device='cuda:0')
Epoch 3 | Batch 700
--- spikes (training) ---
tensor([[ 17.,   1., 141., 296.,   0.,   1.,   0.,   1.,  96.,   1.],
        [  3.,   4.,   2.,  13.,   4.,   0.,   0., 288.,   1.,   8.],
        [  4.,  12.,   2.,  11., 285.,   1.,  44.,   5.,   0.,   2.],
        [  6.,   1.,   1.,   3., 265.,   1.,   3.,   5.,   1.,  12.],
        [  6.,  13.,   1.,   6.,  10., 273.,   1.,   4.,  26.,   1.],
        [ 12.,   2.,  20.,  11.,   8.,   0., 297.,   0.,   0.,   8.],
        [ 22.,   0.,   0.,   6., 136.,   0.,  19.,   0.,   1.,  19.],
        [ 16.,   0., 284.,  14.,   4.,   0.,  18.,   0.,  32.,   1.],
        [  5.,   1.,   0.,  10.,   4.,  14.,   6., 210.,   2.,  13.],
        [  4.,   8.,   1., 303.,   0.,   2.,   0.,   5.,  51.,   7.],
        [ 19.,   0.,  20.,   4.,   0.,   0., 302.,   0.,   0.,   3.],
        [ 35.,   1.,  24.,   9.,   0.,  79., 130.,   0.,   0.,   1.],
        [  2.,  10.,  14.,   8.,   0.,   1., 300.,   0.,   1.,   5.],
        [  2., 298.,   1.,  18.,   2.,   3.,   7.,  10.,   2.,   4.],
        [  2.,  11.,   0.,  23., 194.,   6.,   3.,  18.,   6.,   5.],
        [  1.,   2.,   0.,  91., 228.,   8.,   0.,  19.,  19.,  11.],
        [  1.,   1.,   3., 309.,   0.,  17.,   0.,   6.,   3.,   7.],
        [  7.,   2.,   5.,   5.,   0.,   1., 297.,   0.,   0.,   3.],
        [  1.,  61.,  49.,   3.,  23.,  92.,   4.,   1.,   3.,   0.],
        [  5.,   2.,   1.,  10.,  34.,   1.,   1.,  21.,   9., 273.],
        [  1., 305.,   6.,   9.,   3.,   0.,   5.,   7.,   0.,   0.],
        [ 46.,   0.,   1.,   7.,   0.,   0.,   0., 275.,   0.,  11.],
        [320.,   0.,   0.,  14.,   0., 164.,   0.,   6.,   0.,   0.],
        [ 14.,   2.,   2.,  18.,   0., 283.,   0.,   1.,   1.,   3.],
        [  1., 297.,   2.,   9.,   7.,   0.,   2.,   8.,   1.,   1.],
        [  3.,  19.,   2.,   6., 160.,   2.,   8.,   9.,   3.,   7.],
        [  1.,   2.,  71.,  23.,  94.,   0., 278.,   0.,   0.,   1.],
        [ 12.,   2.,  23.,   9.,   6.,  21.,   0.,   3., 244.,   4.],
        [  1., 304.,   2.,  14.,   4.,   1.,   3.,  13.,   1.,   3.],
        [  1., 305.,   5.,  12.,   2.,   0.,   3.,   8.,   4.,   0.],
        [ 38.,   0., 280.,  23.,   1.,   0.,  11.,   1.,   0.,   0.],
        [  1., 303.,   3.,  11.,   3.,   0.,   2.,   6.,   6.,   0.],
        [ 14.,   0., 291.,  11.,   4.,   0.,  19.,   0.,   0.,   0.],
        [  2.,   4.,  14.,  17.,   5.,   0., 276.,   0.,   0.,   7.],
        [  2.,   1.,  72., 304.,   0.,  10.,   0.,  28.,   3.,   3.],
        [314.,   0.,   3.,  30.,   1.,   5.,   2.,   0.,   0.,   0.],
        [ 16.,   1., 284.,  36.,   3.,   0.,  22.,   2.,   0.,   1.],
        [ 12.,  32.,   5., 154.,   2.,   1.,   5.,   6.,   1.,   3.],
        [  1., 306.,   4.,  11.,   5.,   0.,   7.,   7.,   2.,   1.],
        [  5.,   1.,   1.,   9.,   6.,   0.,   4.,  26.,   2., 277.],
        [  6.,   0.,  18., 309.,   0.,  39.,   0.,  47.,  36.,   1.],
        [315.,   0.,   0.,  36.,   0.,  73.,   0.,   2.,   3.,   0.],
        [ 15.,   3.,  18., 277.,   0.,   2.,   0.,   3., 132.,   2.],
        [  5.,  11.,   3.,  20.,   8.,   0.,  26.,   7., 262.,  17.],
        [  7.,  18.,   1.,   5.,   3., 253.,   0.,   9.,   2.,   7.],
        [  4.,   9.,   1.,  12.,  70.,   1.,   4.,  40.,   2., 273.],
        [  1.,   8.,   7.,   9.,   3.,   0., 291.,   2.,   1.,   6.],
        [ 11.,   4., 281.,  13.,  49.,   0.,  10.,   0.,  84.,   0.],
        [  3.,   4.,   0., 237.,   0.,   6.,   3.,   1.,  15.,   5.],
        [ 19.,   0.,   0.,   7.,   3.,   4.,   0., 227.,   0., 140.],
        [  4.,   8.,   3.,   9.,   9.,   1.,   4.,  49.,   4., 145.],
        [314.,   2.,   0.,  27.,   1.,  68.,   1.,  19.,   0.,   0.],
        [  5.,  13., 295.,  13.,   0.,   0.,  42.,   0.,   0.,   2.],
        [ 15.,   2.,   1.,   5.,  52.,   1.,   1.,  22.,   1., 287.],
        [  2.,   0.,   0.,  18.,   0.,   3.,   3.,   8.,   2., 219.],
        [  1., 304.,   3.,  10.,   0.,   0.,   4.,   5.,   2.,   1.],
        [149.,   0.,   0., 113.,   3.,   4.,   0.,   7.,   3.,   2.],
        [  8.,   0.,   1.,  12.,   0.,   0.,   0., 284.,   0.,  24.],
        [  4.,   1.,   3.,   8.,   3.,   0.,   0., 276.,   1.,   8.],
        [ 12.,   1.,   5.,   6., 259.,   2.,   6.,   3.,   1.,   0.],
        [  1., 303.,   1.,  12.,   3.,   2.,   1.,   8.,  23.,   0.],
        [ 37.,   0.,   0.,  10.,   0.,   1.,   0., 256.,   0.,  10.],
        [314.,   0.,   1.,  52.,   1.,   6.,   0.,   3.,   0.,   0.],
        [  9.,   0.,   0.,   6.,  10.,   0.,   0., 277.,   0.,  75.]],
       device='cuda:0')
--- spikes (finish interval) ---
tensor([[0., 0., 0., 0., 0., 0., 0., 0., 0., 0.],
        [0., 0., 0., 0., 0., 0., 0., 1., 0., 0.],
        [0., 0., 0., 0., 1., 0., 0., 0., 0., 0.],
        [0., 0., 0., 0., 0., 0., 0., 0., 0., 0.],
        [0., 0., 0., 0., 0., 1., 0., 0., 0., 0.],
        [0., 0., 0., 0., 0., 0., 1., 0., 0., 0.],
        [0., 0., 0., 0., 0., 0., 0., 0., 0., 0.],
        [0., 0., 0., 0., 0., 0., 0., 0., 0., 0.],
        [0., 0., 0., 0., 0., 0., 0., 0., 0., 0.],
        [0., 0., 0., 1., 0., 0., 0., 0., 0., 0.],
        [0., 0., 0., 0., 0., 0., 1., 0., 0., 0.],
        [0., 0., 0., 0., 0., 0., 0., 0., 0., 0.],
        [0., 0., 0., 0., 0., 0., 1., 0., 0., 0.],
        [0., 0., 0., 0., 0., 0., 0., 0., 0., 0.],
        [0., 0., 0., 0., 0., 0., 0., 0., 0., 0.],
        [0., 0., 0., 0., 1., 0., 0., 0., 0., 0.],
        [0., 0., 0., 0., 0., 0., 0., 0., 0., 0.],
        [0., 0., 0., 0., 0., 0., 0., 0., 0., 0.],
        [0., 0., 0., 0., 0., 0., 0., 0., 0., 0.],
        [0., 0., 0., 0., 0., 0., 0., 0., 0., 0.],
        [0., 1., 0., 0., 0., 0., 0., 0., 0., 0.],
        [0., 0., 0., 0., 0., 0., 0., 0., 0., 0.],
        [0., 0., 0., 0., 0., 0., 0., 0., 0., 0.],
        [0., 0., 0., 0., 0., 1., 0., 0., 0., 0.],
        [0., 0., 0., 0., 0., 0., 0., 0., 0., 0.],
        [0., 0., 0., 0., 0., 0., 0., 0., 0., 0.],
        [0., 0., 0., 0., 0., 0., 0., 0., 0., 0.],
        [0., 0., 0., 0., 0., 0., 0., 0., 0., 0.],
        [0., 1., 0., 0., 0., 0., 0., 0., 0., 0.],
        [0., 0., 0., 0., 0., 0., 0., 0., 0., 0.],
        [0., 0., 1., 0., 0., 0., 0., 0., 0., 0.],
        [0., 0., 0., 0., 0., 0., 0., 0., 0., 0.],
        [0., 0., 1., 0., 0., 0., 0., 0., 0., 0.],
        [0., 0., 0., 0., 0., 0., 0., 0., 0., 0.],
        [0., 0., 0., 1., 0., 0., 0., 0., 0., 0.],
        [0., 0., 0., 0., 0., 0., 0., 0., 0., 0.],
        [0., 0., 1., 0., 0., 0., 0., 0., 0., 0.],
        [0., 0., 0., 0., 0., 0., 0., 0., 0., 0.],
        [0., 1., 0., 0., 0., 0., 0., 0., 0., 0.],
        [0., 0., 0., 0., 0., 0., 0., 0., 0., 1.],
        [0., 0., 0., 0., 0., 1., 0., 1., 0., 0.],
        [0., 0., 0., 0., 0., 0., 0., 0., 0., 0.],
        [0., 0., 0., 0., 0., 0., 0., 0., 0., 0.],
        [0., 0., 0., 0., 0., 0., 0., 0., 1., 0.],
        [0., 0., 0., 0., 0., 1., 0., 0., 0., 0.],
        [0., 0., 0., 0., 0., 0., 0., 0., 0., 1.],
        [0., 0., 0., 0., 0., 0., 0., 0., 0., 0.],
        [0., 0., 0., 0., 0., 0., 0., 0., 0., 0.],
        [0., 0., 0., 1., 0., 0., 0., 0., 0., 0.],
        [0., 0., 0., 0., 0., 0., 0., 0., 0., 0.],
        [0., 0., 0., 0., 0., 0., 0., 0., 0., 0.],
        [0., 0., 0., 0., 0., 0., 0., 0., 0., 0.],
        [0., 0., 0., 0., 0., 0., 0., 0., 0., 0.],
        [0., 0., 0., 0., 0., 0., 0., 0., 0., 1.],
        [0., 0., 0., 0., 0., 0., 0., 0., 0., 0.],
        [0., 0., 0., 0., 0., 0., 0., 0., 0., 0.],
        [1., 0., 0., 0., 0., 0., 0., 0., 0., 0.],
        [0., 0., 0., 0., 0., 0., 0., 0., 0., 0.],
        [0., 0., 0., 0., 0., 0., 0., 1., 0., 0.],
        [0., 0., 0., 0., 1., 0., 0., 0., 0., 0.],
        [0., 0., 0., 0., 0., 0., 0., 0., 0., 0.],
        [0., 0., 0., 0., 0., 0., 0., 0., 0., 0.],
        [0., 0., 0., 0., 0., 0., 0., 0., 0., 0.],
        [0., 0., 0., 0., 0., 0., 0., 1., 0., 0.]], device='cuda:0')
Epoch 3 | Batch 800
--- spikes (training) ---
tensor([[  4.,   3.,  11.,   2.,   0.,   4., 242.,   0.,   9.,   1.],
        [  0.,  75.,  20.,   2.,  10.,  10.,   4., 281., 114.,   2.],
        [323.,   0.,   7.,   5.,   0.,   6.,  14.,   2.,   4.,   0.],
        [  2.,   1.,  24.,   4.,  21.,   3., 273.,   2.,  11.,   1.],
        [  0., 293.,  12.,  21.,   0.,   4.,   1.,   1.,   8.,   2.],
        [  1.,   1.,   1.,   2.,   0.,   8., 137.,   0.,   9.,   1.],
        [  0., 283.,  25.,   8.,   1.,   2.,   1.,   1.,  78.,   2.],
        [  9.,   3.,  29.,   1.,   5.,  13., 290.,   0.,  10.,   2.],
        [  1.,   0.,   9.,   7., 258.,   8.,   0.,   4.,  11.,  44.],
        [  2.,   0.,  44.,  20.,  38.,   3.,   1.,  11.,  10., 239.],
        [  7.,  12.,  17.,   3.,   8.,  82.,   2.,   9.,  30., 157.],
        [  0.,   1.,  10.,  24.,   2.,  15.,   0.,  14.,  24., 244.],
        [  1.,   0.,  24., 151.,   3.,  10.,   3.,   2., 248.,   0.],
        [  0.,   6.,   8.,  12., 161.,  10.,   2.,   6.,  12.,  21.],
        [ 28.,   0.,  15.,  29.,   5.,   7.,   6.,   4., 241.,   1.],
        [ 31.,   3., 245.,   3.,   2.,   7.,  15.,   3.,  10.,   2.],
        [ 26.,   1.,  45.,   1.,  21.,  42., 298.,   0.,  10.,   1.],
        [ 21.,   2.,  30.,   1.,   5.,  10., 298.,   0.,   9.,   2.],
        [  8.,   0., 308.,  79.,   0.,   1.,   0.,   3.,  17.,   0.],
        [ 20.,   4.,   7.,   2.,  19.,   5.,   0., 269.,   6.,  22.],
        [  0.,   3.,  15., 303.,   0.,  12.,   0.,   1.,  14.,   0.],
        [ 27.,   0., 175.,   2., 106.,   3.,  85.,   0.,   4.,   0.],
        [ 17.,   1.,  34.,   0.,   6.,  12., 299.,   0.,   7.,  11.],
        [  1.,  11.,  10.,  19.,   1.,  14.,   1.,  52.,  16., 230.],
        [  9.,  98.,  39.,  22.,   2.,   7.,   2.,   4., 257.,   1.],
        [  0.,  17.,  12.,  74.,   0.,  27.,   1.,   5.,  13.,   3.],
        [316.,   0.,  13.,   6.,   0.,   4.,   0.,   2.,  81.,  11.],
        [  0.,   2.,   6., 294.,   1.,  15.,   0.,   0.,  15.,   3.],
        [ 22.,   0.,   6.,   2., 270.,   3.,  26.,   1.,   5.,   1.],
        [  5.,   0.,   8.,  40.,   2., 270.,   0.,   0.,  22.,   1.],
        [ 15.,   0.,   6.,   6.,   1., 180.,  14.,   1.,   6.,   1.],
        [328.,   0.,   7.,   5.,   0.,   2.,  10.,   4.,   3.,   1.],
        [  7.,  13.,  14.,   7.,   7.,   7.,   0.,   4., 271.,   8.],
        [  0.,   0.,  17., 283.,   7.,   5.,   0.,   0.,  17.,   4.],
        [  9.,   2., 269.,   8.,   7.,   7.,  34.,   1.,   5.,   0.],
        [ 11.,   3.,  10.,   0.,   1., 220.,   4.,   2.,   4.,   3.],
        [309.,   0.,   6.,   8.,   1.,   8.,   1.,   8.,  12.,   0.],
        [  3.,  41.,  63.,  20.,   3.,   2.,   1.,   2., 231.,   8.],
        [  1.,  19.,  13.,   9.,  11.,   9.,   5.,   2., 284.,   2.],
        [  7.,   2.,  13.,   9.,   0.,  10., 275.,   0.,  17.,   2.],
        [  8.,   0., 302.,   2.,  36.,   1.,  13.,   1.,   9.,   0.],
        [  0.,   1.,  46.,   3., 281.,   3.,   2.,  15.,  14.,  24.],
        [  3.,   0., 310.,   8.,   5.,   0.,  15.,   0.,   6.,   0.],
        [329.,   0.,   6.,  18.,   0.,   1.,  10.,   6.,  18.,   0.],
        [  1.,   1.,  21.,   5.,  73.,   6.,   0.,  16.,  13., 257.],
        [ 34.,   2.,  27.,   2.,   6.,  25., 282.,   1.,  10.,   1.],
        [  1.,   3.,  36., 285.,   0.,   5.,   0.,   0.,   7.,   0.],
        [ 48.,   4.,   6.,   2.,  24.,   5.,   0., 276.,   5.,  30.],
        [ 20.,   1.,  12.,   3., 215.,   1.,  26.,   7.,  12.,   5.],
        [  0.,   6.,  27., 142.,   7.,   0.,   0.,   1.,  52.,  43.],
        [  1., 297.,  24.,  14.,   1.,   4.,   1.,   3.,  42.,   3.],
        [ 79.,   1.,  33.,   1.,   7.,   2., 286.,   1.,   5.,   1.],
        [  2.,  17.,  16.,   8.,   8.,   4.,   1.,   5., 194., 135.],
        [298.,   0.,  99.,   4.,   0.,   3.,  12.,   4.,   5.,   1.],
        [  4.,   3.,  19.,   4.,  11.,   5.,   0., 296.,  43.,  12.],
        [  1.,   1.,   4., 278.,   0.,   7.,   0.,   4.,  12.,   1.],
        [  6.,   1.,   1.,   0.,   0., 185.,   1.,   1.,   1.,   0.],
        [  9.,   5., 292.,   6.,   0.,   2.,  30.,   0.,   4.,   0.],
        [326.,   0.,   5.,   4.,   0.,   3.,  17.,   6.,   4.,   0.],
        [167.,   2.,  18.,  12.,   2.,   1.,   6.,   3.,  11.,   0.],
        [  0., 294.,  17.,  16.,   2.,   2.,   1.,   2.,  24.,   4.],
        [  6.,   1.,  28.,  18.,   2.,   7.,   1.,  15., 226.,   8.],
        [  5.,  13., 294.,  24.,   1.,   3.,   0.,   2.,  56.,   0.],
        [  7.,   0.,   9.,  33.,   0., 267.,   0.,   2.,  61.,   6.]],
       device='cuda:0')
--- spikes (finish interval) ---
tensor([[0., 0., 0., 0., 0., 0., 1., 0., 0., 0.],
        [0., 1., 0., 0., 0., 0., 0., 1., 0., 0.],
        [1., 0., 0., 0., 0., 0., 0., 0., 0., 0.],
        [0., 0., 0., 0., 0., 0., 1., 0., 0., 0.],
        [0., 0., 0., 0., 0., 0., 0., 0., 0., 0.],
        [0., 0., 0., 0., 0., 0., 0., 0., 0., 0.],
        [0., 0., 0., 0., 0., 0., 0., 0., 0., 0.],
        [0., 0., 0., 0., 0., 0., 0., 0., 0., 0.],
        [0., 0., 0., 0., 0., 0., 0., 0., 0., 0.],
        [0., 0., 0., 0., 0., 0., 0., 0., 0., 0.],
        [0., 0., 0., 0., 0., 1., 0., 0., 0., 0.],
        [0., 0., 0., 0., 0., 0., 0., 0., 0., 0.],
        [0., 0., 0., 1., 0., 0., 0., 0., 0., 0.],
        [0., 0., 0., 0., 0., 0., 0., 0., 0., 0.],
        [0., 0., 0., 0., 0., 0., 0., 0., 0., 0.],
        [0., 0., 1., 0., 0., 0., 0., 0., 0., 0.],
        [0., 0., 0., 0., 0., 0., 1., 0., 0., 0.],
        [0., 0., 0., 0., 0., 0., 1., 0., 0., 0.],
        [0., 0., 0., 0., 0., 0., 0., 0., 0., 0.],
        [0., 0., 0., 0., 0., 0., 0., 1., 0., 0.],
        [0., 0., 0., 0., 0., 0., 0., 0., 0., 0.],
        [0., 0., 0., 0., 0., 0., 0., 0., 0., 0.],
        [0., 0., 0., 0., 0., 0., 1., 0., 0., 0.],
        [0., 0., 0., 0., 0., 0., 0., 0., 0., 0.],
        [0., 1., 0., 0., 0., 0., 0., 0., 0., 0.],
        [0., 0., 0., 0., 0., 0., 0., 0., 0., 0.],
        [0., 0., 0., 0., 0., 0., 0., 0., 0., 0.],
        [0., 0., 0., 1., 0., 0., 0., 0., 0., 0.],
        [0., 0., 0., 0., 1., 0., 0., 0., 0., 0.],
        [0., 0., 0., 0., 0., 1., 0., 0., 0., 0.],
        [0., 0., 0., 0., 0., 0., 0., 0., 0., 0.],
        [0., 0., 0., 0., 0., 0., 0., 0., 0., 0.],
        [0., 0., 0., 0., 0., 0., 0., 0., 1., 0.],
        [0., 0., 0., 0., 0., 0., 0., 0., 0., 0.],
        [0., 0., 0., 0., 0., 0., 0., 0., 0., 0.],
        [0., 0., 0., 0., 0., 0., 0., 0., 0., 0.],
        [1., 0., 0., 0., 0., 0., 0., 0., 0., 0.],
        [0., 0., 0., 0., 0., 0., 0., 0., 1., 0.],
        [0., 0., 0., 0., 0., 0., 0., 0., 0., 0.],
        [0., 0., 0., 0., 0., 0., 1., 0., 0., 0.],
        [0., 0., 1., 0., 0., 0., 0., 0., 0., 0.],
        [0., 0., 0., 0., 0., 0., 0., 0., 0., 0.],
        [0., 0., 1., 0., 0., 0., 0., 0., 0., 0.],
        [1., 0., 0., 0., 0., 0., 0., 0., 0., 0.],
        [0., 0., 0., 0., 0., 0., 0., 0., 0., 0.],
        [0., 0., 0., 0., 0., 0., 0., 0., 0., 0.],
        [0., 0., 0., 0., 0., 0., 0., 0., 0., 0.],
        [0., 0., 0., 0., 0., 0., 0., 1., 0., 0.],
        [0., 0., 0., 0., 1., 0., 0., 0., 0., 0.],
        [0., 0., 0., 0., 0., 0., 0., 0., 0., 0.],
        [0., 0., 0., 0., 0., 0., 0., 0., 0., 0.],
        [0., 0., 0., 0., 0., 0., 0., 0., 0., 0.],
        [0., 0., 0., 0., 0., 0., 0., 0., 0., 0.],
        [0., 0., 0., 0., 0., 0., 0., 0., 0., 0.],
        [0., 0., 0., 0., 0., 0., 0., 1., 0., 0.],
        [0., 0., 0., 1., 0., 0., 0., 0., 0., 0.],
        [0., 0., 0., 0., 0., 1., 0., 0., 0., 0.],
        [0., 0., 1., 0., 0., 0., 0., 0., 0., 0.],
        [1., 0., 0., 0., 0., 0., 0., 0., 0., 0.],
        [0., 0., 0., 0., 0., 0., 0., 0., 0., 0.],
        [0., 1., 0., 0., 0., 0., 0., 0., 0., 0.],
        [0., 0., 0., 0., 0., 0., 0., 0., 0., 0.],
        [0., 0., 1., 0., 0., 0., 0., 0., 0., 0.],
        [0., 0., 0., 0., 0., 0., 0., 0., 0., 0.]], device='cuda:0')
Epoch 3 | Batch 900
--- spikes (training) ---
tensor([[  0.,   4.,  11.,   6.,   6.,   1.,   1., 268.,   7.,  20.],
        [  0.,   1.,   2.,  33.,  45.,   7.,   0.,  41.,   3., 276.],
        [ 51.,   1.,  36.,   0.,  17.,  13., 276.,   1.,   5.,   2.],
        [  0.,  14.,   5.,  27., 260.,   9.,   1.,  25.,  15.,  53.],
        [  0.,   2.,   4.,   2., 268.,   3.,   6.,  30.,  29.,  18.],
        [  0.,   1.,  12.,   3., 263.,   5.,   7.,  40.,  10.,  15.],
        [  0.,   1.,   5.,   3., 138.,   4.,   0.,  18.,  11., 278.],
        [289.,   1.,   9.,   5.,   3.,  17.,   0.,   3.,   6.,   4.],
        [  0.,  31.,  11.,   1.,   5.,   2.,   2., 276.,   6.,  10.],
        [  0.,   3.,   3.,   2.,  20.,   1.,   0., 299.,   4.,  66.],
        [  0.,   2.,   2.,   9.,  28., 229.,   4.,   2.,  21.,   3.],
        [  0.,  12.,  14.,   2.,   2.,   1.,   1., 258.,  15.,  11.],
        [  0., 302.,  10.,   6.,   5.,   2.,   2.,   8.,   3.,   6.],
        [  0.,   2.,   3.,   0.,   4.,   1.,   0., 290.,   2.,  16.],
        [  0.,   7.,   4.,   0.,   7., 243.,   1.,  33.,   4.,  33.],
        [  3.,   0.,  22.,   0.,  20.,   2., 305.,   4.,   1.,  44.],
        [  3.,   2.,   7.,   3.,  11.,   6., 289.,   1.,  16.,   3.],
        [  0., 274.,   5.,   3.,   3.,   4.,   2.,   7.,   2.,   6.],
        [  0., 135.,   5.,   5.,  26.,   2.,   1.,  14.,   2., 176.],
        [  0.,   8.,  10.,   0.,   2.,   1.,   0., 297.,  12.,  12.],
        [  0.,   1.,   2.,   7., 261.,   3.,   4.,  24.,   8.,  53.],
        [  0.,   1.,   3., 110.,  64.,  10.,   0.,   9.,   8., 163.],
        [  0.,   1.,  13.,   3.,   5.,  23.,   0.,  34., 271.,   9.],
        [274.,   1.,  11.,   4.,   0.,  13.,  14.,   4.,   7.,   2.],
        [  0.,   1.,   4.,  29., 215.,  11.,   0.,   9.,  18.,  30.],
        [  0.,   1.,   3.,   5.,   5.,   0.,   0., 294.,   4.,  42.],
        [  0.,  19.,   7.,   6.,  28.,   4.,   1.,  14.,   8., 239.],
        [  6.,   0., 292.,   9.,   0.,   4.,   5.,   4.,   1.,   2.],
        [  0.,   3.,  35.,   1.,   9.,   3.,   5., 211.,  11.,   5.],
        [  0.,   7.,   7.,   0.,   8.,   2.,   1., 288.,   7.,  22.],
        [  0.,   2.,   1.,   8., 255.,   7.,   1.,  13.,   7., 141.],
        [ 32.,   2.,   8.,   0.,   3.,  11., 301.,   2.,   3.,   4.],
        [  0.,   1.,   5.,   2., 117.,  10.,   0.,  41.,  16., 280.],
        [ 58.,   0., 103.,   1.,   3.,   3.,   5.,  12.,   5.,  73.],
        [  8.,   5.,  11.,   2.,   7.,   0.,  42.,  30., 191., 121.],
        [  0.,  45., 282.,   7.,   0.,   5.,   0.,   2.,  13.,   2.],
        [  0.,   6.,   6.,   6.,   8.,   2.,   0., 182.,   3.,  46.],
        [ 11.,   0.,   3., 138.,   1.,  53.,   0.,   5.,  16.,  75.],
        [  1.,   3.,  38.,  16.,  43.,  20.,   0.,   4., 273.,   3.],
        [  0.,   4.,  13.,   1.,  11.,   5., 303.,   2.,  14.,   6.],
        [  0.,  34.,   6.,  12.,   3.,   7.,   7.,   8., 141.,   4.],
        [  0.,  10.,  46.,   3.,  10.,  60., 122.,   1.,  20.,   4.],
        [  3.,   0.,  12.,  14.,  11.,  60.,   1.,   4., 285.,   6.],
        [  0.,  14.,  17.,   0.,   4.,   2.,   0., 293.,  16.,  14.],
        [  2.,   3.,  21.,   2.,   8.,  15.,   1.,   4., 287.,   7.],
        [  0.,   1.,   3.,  10.,  30.,   5.,   0.,   6.,  10., 257.],
        [  0., 300.,  10.,   5.,   6.,   4.,   2.,  13.,   5.,  10.],
        [  2.,   0.,   8.,   4.,   9.,   0.,   0.,  41.,   8., 272.],
        [  0., 299.,   8.,   7.,   6.,   4.,   1.,  10.,   4.,   8.],
        [  0.,   1., 298.,   5.,  65.,   5., 125.,   1.,   1.,   1.],
        [  0.,   2.,  11.,   0.,  25.,   3., 289.,   8.,   7.,  14.],
        [ 32.,   1.,   3.,  31.,   1., 261.,   1.,   4.,  49.,   2.],
        [  0.,   1., 299.,   1.,   1.,  10.,   8.,   3.,  16.,   6.],
        [  0.,   6.,  47.,   4.,  17.,  13.,   1.,   5., 276.,   9.],
        [  6.,   1.,   7.,  30.,  28.,  58.,   0.,   4., 255.,   1.],
        [  0.,   4., 299.,   1.,   0.,   7.,   3.,   4.,  65.,   3.],
        [  0.,   2.,   8.,   3.,  19.,   8.,   5.,  11., 280.,  13.],
        [  0.,   1.,   2.,  12.,  31.,   7.,   0.,  45.,   2., 276.],
        [  0., 291.,  69.,   3.,   2.,   2.,   4.,   5.,  38.,   2.],
        [293.,   2.,   3.,  55.,   4., 133.,   1.,  10.,   3.,   3.],
        [  0.,   2.,   9.,   0.,   5.,   3.,   0., 310.,   3.,  24.],
        [  0.,   8.,  31.,   2.,  16.,  10.,   9.,   9., 284.,   3.],
        [  3.,   1.,   4.,   0.,   4.,   0.,   3.,  23.,   1., 109.],
        [  0., 158.,  68.,   1.,   3.,  10.,   0.,   4.,  27.,   0.]],
       device='cuda:0')
--- spikes (finish interval) ---
tensor([[0., 0., 0., 0., 0., 0., 0., 0., 0., 0.],
        [0., 0., 0., 0., 0., 0., 0., 0., 0., 0.],
        [0., 0., 0., 0., 0., 0., 0., 0., 0., 0.],
        [0., 0., 0., 0., 1., 0., 0., 0., 0., 0.],
        [0., 0., 0., 0., 0., 0., 0., 0., 0., 0.],
        [0., 0., 0., 0., 1., 0., 0., 0., 0., 0.],
        [0., 0., 0., 0., 0., 0., 0., 0., 0., 1.],
        [0., 0., 0., 0., 0., 0., 0., 0., 0., 0.],
        [0., 0., 0., 0., 0., 0., 0., 0., 0., 0.],
        [0., 0., 0., 0., 0., 0., 0., 0., 0., 0.],
        [0., 0., 0., 0., 0., 1., 0., 0., 0., 0.],
        [0., 0., 0., 0., 0., 0., 0., 1., 0., 0.],
        [0., 1., 0., 0., 0., 0., 0., 0., 0., 0.],
        [0., 0., 0., 0., 0., 0., 0., 1., 0., 0.],
        [0., 0., 0., 0., 0., 1., 0., 0., 0., 0.],
        [0., 0., 0., 0., 0., 0., 0., 0., 0., 1.],
        [0., 0., 0., 0., 0., 0., 1., 0., 0., 0.],
        [0., 0., 0., 0., 0., 0., 0., 0., 0., 0.],
        [0., 1., 0., 0., 0., 0., 0., 0., 0., 1.],
        [0., 0., 0., 0., 0., 0., 0., 1., 0., 0.],
        [0., 0., 0., 0., 0., 0., 0., 0., 0., 0.],
        [0., 0., 0., 1., 0., 0., 0., 0., 0., 0.],
        [0., 0., 0., 0., 0., 0., 0., 0., 1., 0.],
        [0., 0., 0., 0., 0., 0., 0., 0., 0., 0.],
        [0., 0., 0., 0., 0., 0., 0., 0., 0., 0.],
        [0., 0., 0., 0., 0., 0., 0., 0., 0., 0.],
        [0., 0., 0., 0., 0., 0., 0., 0., 0., 0.],
        [0., 0., 0., 0., 0., 0., 0., 0., 0., 0.],
        [0., 0., 0., 0., 0., 0., 0., 1., 0., 0.],
        [0., 0., 0., 0., 0., 0., 0., 0., 0., 0.],
        [0., 0., 0., 0., 0., 0., 0., 0., 0., 0.],
        [0., 0., 0., 0., 0., 0., 1., 0., 0., 0.],
        [0., 0., 0., 0., 0., 0., 0., 0., 0., 1.],
        [0., 0., 0., 0., 0., 0., 0., 0., 0., 0.],
        [0., 0., 0., 0., 0., 0., 0., 0., 1., 0.],
        [0., 0., 1., 0., 0., 0., 0., 0., 0., 0.],
        [0., 0., 0., 0., 0., 0., 0., 0., 0., 0.],
        [0., 0., 0., 0., 0., 0., 0., 0., 0., 0.],
        [0., 0., 0., 0., 0., 0., 0., 0., 0., 0.],
        [0., 0., 0., 0., 0., 0., 0., 0., 0., 0.],
        [0., 0., 0., 0., 0., 0., 0., 0., 0., 0.],
        [0., 0., 0., 0., 0., 0., 0., 0., 0., 0.],
        [0., 0., 0., 0., 0., 0., 0., 0., 1., 0.],
        [0., 0., 0., 0., 0., 0., 0., 0., 0., 0.],
        [0., 0., 0., 0., 0., 0., 0., 0., 1., 0.],
        [0., 0., 0., 0., 0., 0., 0., 0., 0., 0.],
        [0., 0., 0., 0., 0., 0., 0., 0., 0., 0.],
        [0., 0., 0., 0., 0., 0., 0., 0., 0., 0.],
        [0., 1., 0., 0., 0., 0., 0., 0., 0., 0.],
        [0., 0., 0., 0., 0., 0., 0., 0., 0., 0.],
        [0., 0., 0., 0., 0., 0., 0., 0., 0., 0.],
        [0., 0., 0., 0., 0., 0., 0., 0., 0., 0.],
        [0., 0., 1., 0., 0., 0., 0., 0., 0., 0.],
        [0., 0., 0., 0., 0., 0., 0., 0., 0., 0.],
        [0., 0., 0., 0., 0., 0., 0., 0., 1., 0.],
        [0., 0., 1., 0., 0., 0., 0., 0., 0., 0.],
        [0., 0., 0., 0., 0., 0., 0., 0., 1., 0.],
        [0., 0., 0., 0., 0., 0., 0., 0., 0., 0.],
        [0., 0., 0., 0., 0., 0., 0., 0., 0., 0.],
        [1., 0., 0., 0., 0., 0., 0., 0., 0., 0.],
        [0., 0., 0., 0., 0., 0., 0., 1., 0., 0.],
        [0., 0., 0., 0., 0., 0., 0., 0., 0., 0.],
        [0., 0., 0., 0., 0., 0., 0., 0., 0., 0.],
        [0., 0., 0., 0., 0., 0., 0., 0., 0., 0.]], device='cuda:0')
Switching label layer to Inference Mode (LIF)...
Epoch 3 DONE | Test Acc: 78.18% | Time: 1075.8s
Switching label layer back to Training Mode (Clamp)...
Epoch 4 | Batch 0
--- spikes (training) ---
tensor([[  1.,   4.,   0.,   0.,   0., 163.,   5.,   9.,   4.,   4.],
        [  0.,   1.,   0.,   4.,  49.,   0.,   4.,  13.,  15., 270.],
        [  0., 283., 130.,   8.,   0.,   1.,   5.,   7., 126.,   4.],
        [  4.,   4.,   2., 216.,   0.,  87.,   0.,   2.,   1.,   3.],
        [  3.,   0.,   1., 139.,   0.,   1.,   3.,   5., 252.,   2.],
        [  0.,   4.,   2.,   5.,   0.,   0.,   0., 289.,   8.,  37.],
        [256.,   0.,   0.,   8.,   0.,   6.,   7.,   5.,   4.,   5.],
        [  0.,   1.,   0.,   2., 271.,  10.,   3.,   4.,   6.,  55.],
        [  0.,   4.,   5.,   1.,   0.,   0.,  29.,   9., 170.,  15.],
        [  0.,   0.,   0.,  14.,   0.,   0.,   1., 283.,   0.,   4.],
        [  0.,   7.,   2.,   4.,   0., 272.,   0.,   0.,  13.,   3.],
        [312.,   0.,   0.,   2.,   0.,   0.,   0.,   6.,   3.,   2.],
        [  0.,   0.,   0.,  91.,   1.,   0.,   1., 161.,   2.,   5.],
        [  0., 111., 118.,  27.,   0.,   0.,   2., 139.,   5.,   7.],
        [  0., 270.,   3.,  18.,   0.,   0.,   6.,  20.,   8.,   9.],
        [  0.,   0.,   3., 293.,   0.,   0.,   0.,   1.,  15.,   2.],
        [ 21.,   0.,   0.,   2.,  20.,   0.,   0.,   9.,  89., 266.],
        [  0.,  91.,   2.,  15.,   0.,   0.,   0., 288.,   1.,  16.],
        [  5.,   3.,  29.,   1.,   0.,   0.,  96.,   6.,   2.,   2.],
        [  0.,   1.,   1.,   8.,   0.,   0.,   0., 300.,   1.,  34.],
        [ 34.,   0.,   0.,   2.,   0.,   0.,   0., 277.,   2.,  85.],
        [  0.,   3.,   0.,   6.,   0.,   0.,   1., 302.,   3.,  68.],
        [323.,   0.,   0.,   5.,   0.,   0.,   0.,   0.,   0.,   0.],
        [  0.,   1.,   0.,   1., 244.,   0.,   2.,  11.,  19.,  68.],
        [  2.,   0.,   0.,   4.,   0., 193.,   1.,   3.,   0., 115.],
        [ 26.,   1.,   2.,  11.,   0., 121.,  64.,   2.,   1.,   1.],
        [  0.,   9.,   1.,   4.,   0.,  26., 172.,   0.,   5.,   6.],
        [ 40.,   1.,   7.,   0.,   8.,   0., 285.,   1.,   0.,   1.],
        [  0.,  18., 257.,  30.,   0.,   0.,   6.,   1.,   6.,   4.],
        [  0.,   8.,   1.,   8.,   0., 278.,   2.,   2.,   1.,   2.],
        [ 35.,   0.,   0.,   0.,   1.,   0.,   0.,  97.,   0.,   1.],
        [  0.,   4.,   0.,   3., 242.,   7.,   3.,  19.,  10.,  32.],
        [  0.,  81.,   2., 260.,   0.,   0.,   1.,   7.,  48.,  11.],
        [  4.,   1.,   0.,  15.,   0., 238.,   1.,   5.,   7.,  22.],
        [  1.,   0.,   1., 288.,   0.,   1.,   0.,   2.,   7.,   3.],
        [  0., 285.,  32.,   8.,   0.,   0.,   7.,  14.,  32.,   6.],
        [  0.,  13.,   0.,   3.,   0.,   0.,   1., 274.,   1.,  12.],
        [324.,   0.,   0.,   2.,   0.,   0.,   0.,   3.,   0.,   1.],
        [  0.,   3.,   0.,   3.,   7.,   0.,   3.,  34.,   5., 288.],
        [  0., 289., 136.,   4.,   0.,   1.,   6.,   6.,  79.,   3.],
        [  0.,  98.,   3., 265.,   0.,   0.,   0.,  22.,  16.,  13.],
        [  3.,   2.,   0.,   8.,   0., 270.,   4.,   1.,   1.,   3.],
        [  0.,   1.,   0.,  13.,  11.,   3.,   6.,  18.,   5., 278.],
        [  0.,   5.,   1.,   0.,   3., 264.,   8.,   4.,  63.,   5.],
        [ 18.,   1.,   0.,  21.,   0., 150.,   6.,   1.,   2.,   1.],
        [  0., 118.,   9.,  30.,   0.,   0.,  11.,   4., 255.,   6.],
        [  0.,   2.,  72.,   2.,  69.,   1.,  13.,  16.,   5., 205.],
        [ 30.,   0.,  55., 288.,   0.,   0.,   0.,   0.,   1.,   0.],
        [316.,   0.,   0.,   6.,   0.,   0.,   0.,   0.,   0.,   2.],
        [  0.,  31., 282.,  12.,   0.,   2.,   4.,   2.,  53.,   3.],
        [  0., 235.,   1.,  19.,   0.,   0.,   4.,  90.,  18.,  29.],
        [ 72.,   1.,   0.,  40.,   0., 234.,   2.,   0.,   0.,   2.],
        [  0.,   1.,   8.,   8.,   0.,   2., 296.,   1.,   8.,   5.],
        [  5.,   0.,   6.,   4.,   0.,   4., 280.,   1.,   0.,   3.],
        [  0., 262.,  13.,   3.,   0.,   0.,   1.,  14.,  30.,   4.],
        [  0.,   7.,   1.,   3.,   9.,   3.,   3.,  14.,   4., 274.],
        [  0.,   4., 265.,   2.,   3.,   0.,   8.,   5.,   3.,   5.],
        [ 22.,   2., 282.,   5.,  45.,   0.,   4.,   1.,   0.,   1.],
        [ 33.,  31.,   7., 160.,   0.,   6.,   4.,   6.,   8.,   3.],
        [  0.,   0.,   0.,   3., 271.,   2.,   0.,  13.,  13.,  60.],
        [  1.,   5.,   2.,   5.,   0.,   6.,   3.,  17., 244.,  11.],
        [  0.,  11.,   2.,   5.,   0.,  13.,   3.,   9.,  32., 154.],
        [  0.,   1.,   0.,   0.,  30., 207.,   7.,   2.,   1.,  10.],
        [  0.,   5.,   0.,  20.,   0.,   1.,   5.,  20., 229.,   9.]],
       device='cuda:0')
--- spikes (finish interval) ---
tensor([[0., 0., 0., 0., 0., 0., 0., 0., 0., 0.],
        [0., 0., 0., 0., 0., 0., 0., 0., 0., 1.],
        [0., 1., 1., 0., 0., 0., 0., 0., 0., 0.],
        [0., 0., 0., 0., 0., 0., 0., 0., 0., 0.],
        [0., 0., 0., 0., 0., 0., 0., 0., 1., 0.],
        [0., 0., 0., 0., 0., 0., 0., 1., 0., 0.],
        [0., 0., 0., 0., 0., 0., 0., 0., 0., 0.],
        [0., 0., 0., 0., 1., 0., 0., 0., 0., 0.],
        [0., 0., 0., 0., 0., 0., 0., 0., 0., 0.],
        [0., 0., 0., 0., 0., 0., 0., 0., 0., 0.],
        [0., 0., 0., 0., 0., 0., 0., 0., 0., 0.],
        [1., 0., 0., 0., 0., 0., 0., 0., 0., 0.],
        [0., 0., 0., 0., 0., 0., 0., 0., 0., 0.],
        [0., 0., 0., 0., 0., 0., 0., 0., 0., 0.],
        [0., 0., 0., 0., 0., 0., 0., 0., 0., 0.],
        [0., 0., 0., 1., 0., 0., 0., 0., 0., 0.],
        [0., 0., 0., 0., 0., 0., 0., 0., 0., 1.],
        [0., 0., 0., 0., 0., 0., 0., 0., 0., 0.],
        [0., 0., 0., 0., 0., 0., 1., 0., 0., 0.],
        [0., 0., 0., 0., 0., 0., 0., 1., 0., 0.],
        [0., 0., 0., 0., 0., 0., 0., 0., 0., 0.],
        [0., 0., 0., 0., 0., 0., 0., 0., 0., 0.],
        [1., 0., 0., 0., 0., 0., 0., 0., 0., 0.],
        [0., 0., 0., 0., 1., 0., 0., 0., 0., 0.],
        [0., 0., 0., 0., 0., 0., 0., 0., 0., 0.],
        [0., 0., 0., 0., 0., 0., 0., 0., 0., 0.],
        [0., 0., 0., 0., 0., 0., 0., 0., 0., 0.],
        [0., 0., 0., 0., 0., 0., 1., 0., 0., 0.],
        [0., 0., 0., 0., 0., 0., 0., 0., 0., 0.],
        [0., 0., 0., 0., 0., 1., 0., 0., 0., 0.],
        [0., 0., 0., 0., 0., 0., 0., 0., 0., 0.],
        [0., 0., 0., 0., 0., 0., 0., 0., 0., 0.],
        [0., 0., 0., 0., 0., 0., 0., 0., 0., 0.],
        [0., 0., 0., 0., 0., 1., 0., 0., 0., 0.],
        [0., 0., 0., 0., 0., 0., 0., 0., 0., 0.],
        [0., 0., 0., 0., 0., 0., 0., 0., 0., 0.],
        [0., 0., 0., 0., 0., 0., 0., 0., 0., 0.],
        [1., 0., 0., 0., 0., 0., 0., 0., 0., 0.],
        [0., 0., 0., 0., 0., 0., 0., 0., 0., 1.],
        [0., 0., 1., 0., 0., 0., 0., 0., 0., 0.],
        [0., 0., 0., 0., 0., 0., 0., 0., 0., 0.],
        [0., 0., 0., 0., 0., 0., 0., 0., 0., 0.],
        [0., 0., 0., 0., 0., 0., 0., 0., 0., 1.],
        [0., 0., 0., 0., 0., 0., 0., 0., 0., 0.],
        [0., 0., 0., 0., 0., 0., 0., 0., 0., 0.],
        [0., 0., 0., 0., 0., 0., 0., 0., 0., 0.],
        [0., 0., 1., 0., 0., 0., 0., 0., 0., 0.],
        [0., 0., 0., 0., 0., 0., 0., 0., 0., 0.],
        [1., 0., 0., 0., 0., 0., 0., 0., 0., 0.],
        [0., 0., 0., 0., 0., 0., 0., 0., 0., 0.],
        [0., 0., 0., 0., 0., 0., 0., 0., 0., 0.],
        [0., 0., 0., 0., 0., 1., 0., 0., 0., 0.],
        [0., 0., 0., 0., 0., 0., 0., 0., 0., 0.],
        [0., 0., 0., 0., 0., 0., 0., 0., 0., 0.],
        [0., 1., 0., 0., 0., 0., 0., 0., 0., 0.],
        [0., 0., 0., 0., 0., 0., 0., 0., 0., 1.],
        [0., 0., 0., 0., 0., 0., 0., 0., 0., 0.],
        [0., 0., 0., 0., 0., 0., 0., 0., 0., 0.],
        [0., 0., 0., 0., 0., 0., 0., 0., 0., 0.],
        [0., 0., 0., 0., 1., 0., 0., 0., 0., 0.],
        [0., 0., 0., 0., 0., 0., 0., 0., 0., 0.],
        [0., 0., 0., 0., 0., 0., 0., 0., 0., 0.],
        [0., 0., 0., 0., 0., 0., 0., 0., 0., 0.],
        [0., 0., 0., 0., 0., 0., 0., 0., 0., 0.]], device='cuda:0')
Epoch 4 | Batch 100
--- spikes (training) ---
tensor([[  1.,   5.,   0.,   1.,   1.,   9., 267.,   0.,   8.,   1.],
        [141.,   3.,   0.,   4.,  14., 272.,   1.,   6., 195.,   1.],
        [  2.,  21., 292.,   5.,   0.,   5.,   3.,   2.,  11.,   1.],
        [  0., 296.,   2.,   6.,   6.,   5.,   0.,   3.,  32.,   0.],
        [  0.,  96., 263.,   6.,   0.,   5.,   2.,   2.,   8.,   1.],
        [  0.,   3.,   0.,   8.,  12.,   1.,   0.,  31.,  21., 258.],
        [  0.,   1.,   0.,   2.,   1.,   0.,   0., 269.,   3.,   6.],
        [  0.,  35.,   1.,   0., 284.,  68.,   9.,   2.,  11.,   1.],
        [  2.,  90.,   0.,  29.,   8.,  12.,  56.,   1.,  15.,   2.],
        [ 11.,   8.,  19., 119.,  18.,  60.,  31.,   1.,   6.,   0.],
        [  0., 300.,   2.,   8.,   6.,   8.,   0.,   2.,  56.,   0.],
        [ 13.,   0.,   0.,   3.,  15.,   0.,   0., 296.,   5.,  32.],
        [  9.,   2.,   0., 293.,   1.,  30.,   0.,   5.,   8.,   0.],
        [  0.,   4.,   1.,   1., 291.,   1.,   1.,   2.,   6.,  57.],
        [ 11.,   5.,  11.,  76.,   7.,  11.,   1.,   4., 199.,   0.],
        [ 14.,   5.,   1.,   0.,  28.,   1., 267.,   4.,  10.,   3.],
        [  2.,   6.,  10.,   0.,   3.,  11., 300.,   0.,   6.,   2.],
        [  3.,   3.,   0.,   4.,  14.,   1.,   0.,  85.,   4., 253.],
        [  3.,   3.,   0.,   0.,   0.,   7., 279.,   0.,   3.,   0.],
        [  0.,   5.,   0.,   4.,   7.,   4.,   2.,  62.,   5., 229.],
        [  5.,   1.,   0.,  16.,  56., 282.,   0.,   1.,  11.,  17.],
        [  1.,   4.,   2.,   2.,  54.,   1.,   4.,  25.,   5., 268.],
        [255.,   1.,   0.,   2.,   3.,  13.,  16.,   3.,   5.,   0.],
        [  4.,   2.,   0.,   3., 287.,   0.,   4.,   2.,   8.,  26.],
        [ 16.,   6.,  13.,   0.,   5.,   9., 299.,   1.,   7.,   0.],
        [  9.,   3.,   0.,   6.,  20.,   3.,   8.,  14.,   6., 238.],
        [  1., 300.,   2.,  23.,   4.,   4.,   1.,   7.,  31.,   5.],
        [  1.,   3.,   0.,   3.,   5.,   3.,   0., 307.,  10.,  15.],
        [  4.,   5.,   0., 262.,  17.,   1.,   0.,  20.,  12.,  47.],
        [  1.,   2.,   0.,  12., 267.,   5.,   0.,   8.,  14.,  16.],
        [  1.,   5.,   0.,   6.,   8.,   6.,   6.,  20.,   9., 233.],
        [  0.,   9.,   3.,   3.,   4.,   0.,   4., 283.,  13.,   3.],
        [ 20.,   0.,   0., 135.,   5., 290.,   0.,   1.,  13.,   0.],
        [ 15.,   1.,   0.,   3.,  56., 216.,   0.,   5.,   3.,   3.],
        [ 12.,   7.,   0.,   0., 138., 279.,   0.,   0.,   5.,   0.],
        [ 12.,   4.,   1.,  48.,  18.,  12.,   0.,   9., 282.,   0.],
        [  1.,   6.,   2.,   0.,   4.,  78., 286.,   0.,  13.,   2.],
        [  0.,   2.,   0.,   1.,  58.,   1.,   2.,  13.,  11., 261.],
        [300.,   6.,   2.,   1.,  47.,   7.,   0.,   9.,   5.,   2.],
        [  0., 300.,   4.,  10.,   4.,   2.,   1.,   5.,  19.,   4.],
        [  7.,   6.,   6.,   6.,  33.,  33.,   1.,   5., 276.,  54.],
        [  9.,   1.,   0.,   0.,   8.,   1.,   0., 311.,   4.,  12.],
        [  3.,  40.,   9.,   9.,   4.,   3.,   4.,  12., 238.,   0.],
        [  0., 142.,  18.,   0.,  10.,  13.,   0.,   0.,  35.,   0.],
        [305.,   6.,   0.,   1.,  28.,   4.,  23.,  12.,   4.,   0.],
        [  3.,   3.,   0.,   2.,   6.,   2.,   0., 298.,   8.,  16.],
        [  0.,   4.,   1.,   2., 283.,   2.,   5.,   7.,   6.,  51.],
        [310.,   2.,   0.,   1.,   6.,  43.,   0.,  12.,  16.,   0.],
        [ 23.,   4.,   3.,   0.,  45.,   8.,  54.,   2., 249.,   0.],
        [  0., 276.,   1.,   7.,   1.,   3.,   1.,   9.,   5.,   3.],
        [ 16.,   2.,   0.,  10.,   5., 211.,   0.,   4.,   6.,   0.],
        [ 13.,   5.,   4.,   8.,   2.,  28., 123.,   4., 147.,   0.],
        [  1.,   7.,   0.,   4.,   6.,   9.,   0.,  27.,  24., 216.],
        [  0., 299.,   5.,   7.,   4.,   2.,   0.,   3.,  29.,   1.],
        [  0.,   1.,   0.,   2.,   2.,   1.,   0., 307.,   6.,  12.],
        [293.,   2.,   3.,   1.,   5.,   5.,   1.,   8.,  45.,   0.],
        [  5.,  14.,   0., 277.,  10.,   3.,   0.,   1.,  21.,   4.],
        [303.,   2.,   2.,   0.,   4.,   8.,  10.,   6.,  12.,   0.],
        [  5.,  90.,   1.,  24.,   5.,  10.,   4.,   6., 222.,   0.],
        [  9.,   3.,   0.,   1., 258.,   9.,  30.,   4.,   5.,   0.],
        [  0.,   8.,   0.,   7., 223.,   3.,   0.,  36.,  29.,  30.],
        [  0., 293.,   2.,  10.,   5.,   4.,   2.,   5.,   9.,   4.],
        [  4.,  45.,   0., 294.,   4.,   2.,   0.,   7.,  14.,   0.],
        [  0., 287.,   2.,   6.,   2.,   0.,   0.,   3.,  39.,   1.]],
       device='cuda:0')
--- spikes (finish interval) ---
tensor([[0., 0., 0., 0., 0., 0., 1., 0., 0., 0.],
        [0., 0., 0., 0., 0., 1., 0., 0., 0., 0.],
        [0., 0., 0., 0., 0., 0., 0., 0., 0., 0.],
        [0., 1., 0., 0., 0., 0., 0., 0., 0., 0.],
        [0., 0., 1., 0., 0., 0., 0., 0., 0., 0.],
        [0., 0., 0., 0., 0., 0., 0., 0., 0., 0.],
        [0., 0., 0., 0., 0., 0., 0., 1., 0., 0.],
        [0., 0., 0., 0., 1., 0., 0., 0., 0., 0.],
        [0., 0., 0., 0., 0., 0., 0., 0., 0., 0.],
        [0., 0., 0., 0., 0., 0., 0., 0., 0., 0.],
        [0., 0., 0., 0., 0., 0., 0., 0., 0., 0.],
        [0., 0., 0., 0., 0., 0., 0., 0., 0., 0.],
        [0., 0., 0., 1., 0., 0., 0., 0., 0., 0.],
        [0., 0., 0., 0., 1., 0., 0., 0., 0., 0.],
        [0., 0., 0., 0., 0., 0., 0., 0., 0., 0.],
        [0., 0., 0., 0., 0., 0., 0., 0., 0., 0.],
        [0., 0., 0., 0., 0., 0., 1., 0., 0., 0.],
        [0., 0., 0., 0., 0., 0., 0., 0., 0., 0.],
        [0., 0., 0., 0., 0., 0., 1., 0., 0., 0.],
        [0., 0., 0., 0., 0., 0., 0., 0., 0., 0.],
        [0., 0., 0., 0., 0., 1., 0., 0., 0., 0.],
        [0., 0., 0., 0., 0., 0., 0., 0., 0., 0.],
        [0., 0., 0., 0., 0., 0., 0., 0., 0., 0.],
        [0., 0., 0., 0., 0., 0., 0., 0., 0., 0.],
        [0., 0., 0., 0., 0., 0., 0., 0., 0., 0.],
        [0., 0., 0., 0., 0., 0., 0., 0., 0., 0.],
        [0., 0., 0., 0., 0., 0., 0., 0., 0., 0.],
        [0., 0., 0., 0., 0., 0., 0., 0., 0., 0.],
        [0., 0., 0., 0., 0., 0., 0., 0., 0., 0.],
        [0., 0., 0., 0., 0., 0., 0., 0., 0., 0.],
        [0., 0., 0., 0., 0., 0., 0., 0., 0., 0.],
        [0., 0., 0., 0., 0., 0., 0., 1., 0., 0.],
        [0., 0., 0., 0., 0., 0., 0., 0., 0., 0.],
        [0., 0., 0., 0., 0., 0., 0., 0., 0., 0.],
        [0., 0., 0., 0., 0., 0., 0., 0., 0., 0.],
        [0., 0., 0., 0., 0., 0., 0., 0., 0., 0.],
        [0., 0., 0., 0., 0., 0., 1., 0., 0., 0.],
        [0., 0., 0., 0., 0., 0., 0., 0., 0., 1.],
        [1., 0., 0., 0., 0., 0., 0., 0., 0., 0.],
        [0., 0., 0., 0., 0., 0., 0., 0., 0., 0.],
        [0., 0., 0., 0., 0., 0., 0., 0., 0., 0.],
        [0., 0., 0., 0., 0., 0., 0., 0., 0., 0.],
        [0., 0., 0., 0., 0., 0., 0., 0., 0., 0.],
        [0., 0., 0., 0., 0., 0., 0., 0., 0., 0.],
        [0., 0., 0., 0., 0., 0., 0., 0., 0., 0.],
        [0., 0., 0., 0., 0., 0., 0., 1., 0., 0.],
        [0., 0., 0., 0., 1., 0., 0., 0., 0., 0.],
        [0., 0., 0., 0., 0., 0., 0., 0., 0., 0.],
        [0., 0., 0., 0., 0., 0., 0., 0., 0., 0.],
        [0., 0., 0., 0., 0., 0., 0., 0., 0., 0.],
        [0., 0., 0., 0., 0., 1., 0., 0., 0., 0.],
        [0., 0., 0., 0., 0., 0., 0., 0., 0., 0.],
        [0., 0., 0., 0., 0., 0., 0., 0., 0., 1.],
        [0., 1., 0., 0., 0., 0., 0., 0., 0., 0.],
        [0., 0., 0., 0., 0., 0., 0., 0., 0., 0.],
        [0., 0., 0., 0., 0., 0., 0., 0., 0., 0.],
        [0., 0., 0., 0., 0., 0., 0., 0., 0., 0.],
        [0., 0., 0., 0., 0., 0., 0., 0., 0., 0.],
        [0., 0., 0., 0., 0., 0., 0., 0., 1., 0.],
        [0., 0., 0., 0., 0., 0., 0., 0., 0., 0.],
        [0., 0., 0., 0., 1., 0., 0., 0., 0., 0.],
        [0., 1., 0., 0., 0., 0., 0., 0., 0., 0.],
        [0., 0., 0., 0., 0., 0., 0., 0., 0., 0.],
        [0., 0., 0., 0., 0., 0., 0., 0., 0., 0.]], device='cuda:0')
Epoch 4 | Batch 200
--- spikes (training) ---
tensor([[  2., 277.,   1.,  13.,   0.,   0.,   6.,  42.,   7.,   2.],
        [ 42.,   0.,   0.,  27.,   0., 276.,   8.,   3.,   1.,   0.],
        [  5.,   0.,   0., 303.,   0.,  56.,   1.,   0.,   2.,   0.],
        [  4.,   1.,   0.,  10., 290.,   0.,  15.,   2.,  11.,  20.],
        [  4.,   1.,   0.,  17.,  16.,   0.,  16., 100.,   3., 257.],
        [ 15.,   0.,   1.,   7.,   2.,   0.,   1., 299.,   3.,  13.],
        [  8.,   4.,   0.,   9.,   1., 252.,   6.,   2.,   6.,   0.],
        [  5.,   0.,   8.,  11.,   3.,   0.,   1., 307.,   4.,  10.],
        [309.,   0.,   0.,  10.,   0.,   0.,   4.,  24.,   1.,   0.],
        [ 12.,   0.,   0., 308.,   0.,   0.,   0.,   0.,  87.,   0.],
        [  3.,   0.,   1.,   6.,  10.,   0., 285.,   0.,   3.,   0.],
        [ 10.,   0.,   0., 316.,   0.,   0.,   0.,   0.,  18.,   0.],
        [316.,   0.,   0.,   8.,   0.,   0.,   5.,   5.,   1.,   0.],
        [  4., 293.,   0.,  14.,   0.,   0.,   8.,   4.,  30.,   0.],
        [ 12.,   0.,   0., 307.,   0.,   1.,   2.,   0.,   2.,   0.],
        [ 28.,   0., 279.,  13.,   0.,   0.,  16.,   9.,   9.,   0.],
        [  3., 286.,   1.,  10.,   0.,   0.,   2.,   9.,  33.,   1.],
        [  3.,   0.,  35.,   5.,  71.,   0., 296.,   0.,   1.,   0.],
        [  3., 286.,   0.,  15.,   0.,   0.,  26.,   5.,  64.,   1.],
        [  2., 248.,   0.,  10.,   2.,   0.,   5.,   1.,  35.,   0.],
        [ 17.,   9.,   5.,   8.,   4.,   0.,   7.,   4., 123.,   2.],
        [  9.,   1., 149.,  19.,  16.,   0.,  10.,   1., 121.,   7.],
        [ 14.,   1.,   0.,   0.,  59., 255.,   5.,   1.,   1.,   0.],
        [  8.,  37.,   1.,  42.,  16.,   0.,   9.,  89., 250.,   0.],
        [  4.,   0.,  23.,   2.,   6.,   0., 174.,   0.,   1.,   1.],
        [  2.,   1.,   0.,  11.,  56.,   0.,   7.,  24.,  11., 236.],
        [  8.,   2.,   0.,  26.,   3., 169.,  14.,   0., 100.,   0.],
        [  7.,   0.,  58.,   4.,   1.,   0., 158.,   0.,   2.,   0.],
        [  5.,  10.,   3.,   6.,   2.,   0., 275.,   0.,  30.,   0.],
        [  3., 245.,   0.,  12.,   1.,   0.,   4.,   0.,  59.,   0.],
        [  4.,   0.,   0., 302.,   2.,   0.,   0.,   0.,   7.,   0.],
        [ 17.,   0.,   0.,  15.,   1.,   0., 279.,   0.,   7.,   0.],
        [  7.,  31.,   0.,  71.,   5.,   0.,   3.,   6., 126.,   0.],
        [  9.,   0.,   0.,   7.,   3.,   0., 296.,   0.,   3.,   0.],
        [316.,   0.,   0.,  10.,   0.,   0.,   3.,   1.,   1.,   0.],
        [  2.,   2.,   0.,  13.,  20.,   0.,  10.,  17.,   9., 243.],
        [  5.,   0.,   0.,  87.,  50.,   0.,   5.,  21.,   9., 100.],
        [303.,   0.,   0.,   8.,   0.,   0.,   5.,   3.,   7.,   0.],
        [  6.,  15., 259.,  18.,   0.,   0.,  19.,   7.,  35.,   1.],
        [  3., 289.,   0.,  11.,   0.,   0.,   6.,  11.,   9.,   0.],
        [ 10.,   7.,   1.,  11.,   6.,   0.,  21.,  33., 266.,   7.],
        [  6.,   0.,   0.,   7.,   4.,   0.,   1., 305.,   4.,  29.],
        [263.,   0.,   0.,   6.,   0.,   0.,   5.,   1.,   2.,   0.],
        [  3.,   0.,   0.,  13.,  10.,   0.,   1., 293.,   6.,  18.],
        [ 32.,   0.,  94.,   3.,   8.,   8., 298.,   0.,   1.,   0.],
        [  2.,   6.,   0.,  18., 159.,   0.,  21.,  45.,  14.,   4.],
        [  3.,   0.,   0.,  13.,  42.,   0.,   5.,  92.,   5., 260.],
        [141.,   0.,   0., 302.,   0.,   0.,   0.,   0.,  46.,   0.],
        [  2.,   1.,   0.,   9.,  52.,   0.,   3., 292.,   4.,   6.],
        [  5.,   1.,   0.,  20.,  30.,   0.,   6.,  25.,   7., 268.],
        [ 16.,   0., 270.,  11.,  73.,   0.,   5.,   1.,   6.,   4.],
        [ 20.,   1.,   0.,   5.,   5., 271.,   6.,  18.,   3.,   0.],
        [  3.,   0.,  57., 110.,   4.,   0.,   1., 290.,   1.,   5.],
        [ 56.,   0.,  57.,   2.,   4.,   0., 301.,   0.,   1.,   0.],
        [  4.,   0.,   4., 301.,   0.,   0.,   8.,   0.,   3.,   0.],
        [  7.,   0.,   0.,   4.,   6.,   1.,   1., 301.,   5.,  15.],
        [  7.,   0.,   0.,   6.,   5.,   0., 153.,   0.,   5.,   0.],
        [  6.,   3.,   0.,   6.,   0., 237.,   1.,   1.,   2.,   0.],
        [  3., 274.,   0.,  12.,   0.,   0.,   6.,   1.,  28.,   0.],
        [ 20.,   3.,   0.,  22.,   3.,   0.,  13.,   0., 267.,   0.],
        [ 10., 155.,   3.,  14.,   0.,   0.,  60.,  52.,   7.,   1.],
        [ 21.,   0.,   0.,  55.,   3., 205.,  10.,   0.,   8.,   0.],
        [  1.,   1.,   3.,  11.,  56.,   0.,   8., 288.,   7., 103.],
        [  1.,   4.,   0.,  19.,  69.,   0.,   4., 286.,   8.,  16.]],
       device='cuda:0')
--- spikes (finish interval) ---
tensor([[0., 0., 0., 0., 0., 0., 0., 0., 0., 0.],
        [0., 0., 0., 0., 0., 1., 0., 0., 0., 0.],
        [0., 0., 0., 0., 0., 0., 0., 0., 0., 0.],
        [0., 0., 0., 0., 1., 0., 0., 0., 0., 0.],
        [0., 0., 0., 0., 0., 0., 0., 0., 0., 0.],
        [0., 0., 0., 0., 0., 0., 0., 1., 0., 0.],
        [0., 0., 0., 0., 0., 1., 0., 0., 0., 0.],
        [0., 0., 0., 0., 0., 0., 0., 1., 0., 0.],
        [0., 0., 0., 0., 0., 0., 0., 0., 0., 0.],
        [0., 0., 0., 0., 0., 0., 0., 0., 0., 0.],
        [0., 0., 0., 0., 0., 0., 0., 0., 0., 0.],
        [0., 0., 0., 1., 0., 0., 0., 0., 0., 0.],
        [1., 0., 0., 0., 0., 0., 0., 0., 0., 0.],
        [0., 1., 0., 0., 0., 0., 0., 0., 0., 0.],
        [0., 0., 0., 1., 0., 0., 0., 0., 0., 0.],
        [0., 0., 0., 0., 0., 0., 0., 0., 0., 0.],
        [0., 1., 0., 0., 0., 0., 0., 0., 0., 0.],
        [0., 0., 0., 0., 0., 0., 1., 0., 0., 0.],
        [0., 0., 0., 0., 0., 0., 0., 0., 0., 0.],
        [0., 0., 0., 0., 0., 0., 0., 0., 0., 0.],
        [0., 0., 0., 0., 0., 0., 0., 0., 1., 0.],
        [0., 0., 0., 0., 0., 0., 0., 0., 0., 0.],
        [0., 0., 0., 0., 0., 0., 0., 0., 0., 0.],
        [0., 0., 0., 0., 0., 0., 0., 0., 1., 0.],
        [0., 0., 0., 0., 0., 0., 1., 0., 0., 0.],
        [0., 0., 0., 0., 0., 0., 0., 0., 0., 0.],
        [0., 0., 0., 0., 0., 1., 0., 0., 0., 0.],
        [0., 0., 0., 0., 0., 0., 1., 0., 0., 0.],
        [0., 0., 0., 0., 0., 0., 0., 0., 0., 0.],
        [0., 0., 0., 0., 0., 0., 0., 0., 0., 0.],
        [0., 0., 0., 0., 0., 0., 0., 0., 0., 0.],
        [0., 0., 0., 0., 0., 0., 1., 0., 0., 0.],
        [0., 0., 0., 0., 0., 0., 0., 0., 1., 0.],
        [0., 0., 0., 0., 0., 0., 1., 0., 0., 0.],
        [0., 0., 0., 0., 0., 0., 0., 0., 0., 0.],
        [0., 0., 0., 0., 0., 0., 0., 0., 0., 0.],
        [0., 0., 0., 0., 0., 0., 0., 0., 0., 0.],
        [0., 0., 0., 0., 0., 0., 0., 0., 0., 0.],
        [0., 0., 1., 0., 0., 0., 0., 0., 0., 0.],
        [0., 1., 0., 0., 0., 0., 0., 0., 0., 0.],
        [0., 0., 0., 0., 0., 0., 0., 0., 1., 0.],
        [0., 0., 0., 0., 0., 0., 0., 1., 0., 0.],
        [1., 0., 0., 0., 0., 0., 0., 0., 0., 0.],
        [0., 0., 0., 0., 0., 0., 0., 1., 0., 0.],
        [0., 0., 0., 0., 0., 0., 0., 0., 0., 0.],
        [0., 0., 0., 0., 1., 0., 0., 0., 0., 0.],
        [0., 0., 0., 0., 0., 0., 0., 0., 0., 1.],
        [0., 0., 0., 1., 0., 0., 0., 0., 0., 0.],
        [0., 0., 0., 0., 0., 0., 0., 0., 0., 0.],
        [0., 0., 0., 0., 0., 0., 0., 0., 0., 1.],
        [0., 0., 1., 0., 0., 0., 0., 0., 0., 0.],
        [0., 0., 0., 0., 0., 1., 0., 0., 0., 0.],
        [0., 0., 0., 1., 0., 0., 0., 0., 0., 0.],
        [0., 0., 0., 0., 0., 0., 1., 0., 0., 0.],
        [0., 0., 0., 0., 0., 0., 0., 0., 0., 0.],
        [0., 0., 0., 0., 0., 0., 0., 1., 0., 0.],
        [0., 0., 0., 0., 0., 0., 1., 0., 0., 0.],
        [0., 0., 0., 0., 0., 0., 0., 0., 0., 0.],
        [0., 0., 0., 0., 0., 0., 0., 0., 0., 0.],
        [0., 0., 0., 0., 0., 0., 0., 0., 1., 0.],
        [0., 0., 0., 0., 0., 0., 0., 0., 0., 0.],
        [0., 0., 0., 0., 0., 0., 0., 0., 0., 0.],
        [0., 0., 0., 0., 0., 0., 0., 1., 0., 0.],
        [0., 0., 0., 0., 0., 0., 0., 1., 0., 0.]], device='cuda:0')
Epoch 4 | Batch 300
--- spikes (training) ---
tensor([[ 23.,   3.,  18.,   1.,   5., 292.,   3.,   1.,   6.,   6.],
        [  1., 279.,   7.,  11.,   2.,   0.,   4.,  13.,   7.,  12.],
        [ 25.,   3.,  35.,  10.,   5.,   1.,   1.,   8., 298.,   4.],
        [  0., 261.,  34.,   8.,   4.,   0.,   2.,   9.,  46.,   6.],
        [  0., 212.,   1.,   3.,   1.,   0.,   1.,   3.,  10.,   2.],
        [  3.,   1.,   1., 307.,   4.,   3.,   0.,   3.,  21.,   1.],
        [  0.,   2.,   0.,  75.,  20.,   1.,   0., 269.,   2.,   4.],
        [ 19.,   1.,  10.,  33.,  36.,  11.,   4.,   4., 207.,   2.],
        [  5.,  97.,   2., 116.,   3.,   3.,   2.,  24.,  29.,  17.],
        [  2.,  67., 153.,   5.,  15.,  14.,   0.,   6., 195.,   1.],
        [ 15.,   4.,  33.,   3., 109.,   0.,   3.,  29.,  13., 203.],
        [  9.,   0., 162.,  20.,   0.,   3.,   0.,  24.,   3.,   4.],
        [  5.,  42.,  25.,  11.,   6.,   0.,   6.,   9., 246.,   9.],
        [  1., 278.,   4.,   7.,   1.,   0.,   4.,   7.,  10.,   9.],
        [ 18.,   2., 294.,   6.,   0.,   0.,   7.,  12.,  16.,   8.],
        [ 46.,   1.,   7.,   7.,   1.,   0.,   0., 300.,   3.,  11.],
        [  1., 285.,   8.,  13.,   2.,   0.,   3.,  19.,   7.,  40.],
        [  5., 165.,  57.,   7.,  40.,  71.,   7.,   4.,  79.,   5.],
        [  2.,   6.,   6.,   9.,  28.,   0.,   5.,  16.,   7., 261.],
        [  1.,   7.,   9.,   5., 242.,   2.,   6.,  16.,  13.,   9.],
        [ 11.,   1.,  18.,   1.,   4.,   0., 300.,   4.,   2.,  11.],
        [  4.,   5.,   1., 239.,  66.,   0.,   5.,   8.,  15.,  53.],
        [  8.,   2.,   1.,   8.,   5.,   0.,   0., 307.,   2.,  15.],
        [  5.,   6.,  37., 265.,   9.,   7.,   1.,   3.,  15.,   4.],
        [  1.,  82.,   6.,  13., 209.,   8.,   6.,  15.,  20.,  19.],
        [  3.,  19.,   3.,  10.,  10.,   0.,   2.,  77.,   4., 257.],
        [305.,   0.,   7.,  10.,   2.,   3.,   5.,   5.,  22.,   1.],
        [  3.,  12.,   4.,   8.,   5.,   0.,   0., 304.,   2.,  45.],
        [  8.,   8.,  15.,  69.,   3.,   5.,   4.,   4., 157.,  13.],
        [266.,   0.,   0.,   6.,   0.,   1.,   0.,   3.,   8.,   0.],
        [  8.,   8.,   7.,  10.,  12.,   0.,  29.,   6., 281.,  58.],
        [  7.,   2.,   5.,   3.,  14.,   0.,   0., 166.,   8.,  36.],
        [  1., 278.,   5.,   7.,   1.,   0.,   5.,   6.,   9.,   8.],
        [  0., 285.,   9.,   9.,   2.,   0.,   2.,  13.,  11.,  17.],
        [ 10.,  17.,   6.,   6.,   5., 255.,   1.,   2.,  29.,   6.],
        [ 29.,   1.,  15.,   2.,   6.,   0., 293.,   5.,   4.,   5.],
        [312.,   0.,   2.,  17.,   2.,   4.,   1.,   6.,  24.,   1.],
        [  7.,  24., 137.,  14.,   7.,   6.,   1.,   8., 280.,   3.],
        [  5.,   0.,  46.,  15., 276.,   0.,   3.,  29.,   1.,   4.],
        [ 10.,   3.,  13., 294.,   3.,   4.,   1.,   2.,   7.,   3.],
        [309.,   0.,  23.,   7.,   0.,   2.,   5.,  10.,   9.,   6.],
        [  0.,   1.,   1.,  12.,  61.,   0.,   0., 144.,   4.,   2.],
        [285.,   0.,  33.,   8.,   5.,   0.,   4.,  15.,   4.,   6.],
        [  0.,   2.,  18., 107.,  89.,   0.,  21.,   5., 235.,   2.],
        [ 22.,   2.,   0.,   4.,  23.,   0.,   0., 308.,   2.,   8.],
        [  6.,   0., 239.,  62.,   1.,  21.,   0.,   3.,  55.,   2.],
        [ 12.,   0., 302.,  30.,   0.,   0.,   0.,   7.,  15.,   1.],
        [  1., 287.,  10.,   9.,   2.,   0.,   8.,   6.,  21.,  16.],
        [  1., 278.,   8.,   7.,   1.,   0.,   5.,   6.,  12.,  11.],
        [  0., 275.,  13.,   8.,   3.,   0.,   2.,   9.,  48.,   8.],
        [ 12.,  29.,  12., 237.,   2.,   0.,   5.,   8.,  83.,  32.],
        [  4.,   3.,   9., 287.,   9.,   1.,   0.,   3.,  72.,   1.],
        [ 13.,   0., 311.,   4.,   4.,   0.,   9.,  10.,   1.,   0.],
        [  1.,   5.,   2.,  14.,  48.,  27.,   2.,  18.,   7., 261.],
        [  3.,   9.,   8.,   6.,  24.,   0.,   4.,  19.,   7., 261.],
        [  4.,   3.,   1.,  14.,  21.,   0.,   0.,  88.,   5., 268.],
        [  0.,   1.,   2.,  56., 281.,   0.,   3.,   7.,  11.,  85.],
        [  1.,  10.,   3.,   8., 235.,   0.,   3.,  19.,   7., 103.],
        [ 30.,   0.,  11.,   5., 258.,   0.,   2.,  22.,   8.,  69.],
        [  1.,   6.,   6.,   5., 272.,   9.,   6.,  17.,  10.,  14.],
        [  4.,   3.,  18.,   3.,   5.,   0., 299.,   3.,   4.,   5.],
        [304.,   0.,   1.,   8.,   1.,   2.,   0.,   4., 102.,   1.],
        [290.,   0.,  11.,  14.,   1.,  13.,   5.,   7.,   9.,   9.],
        [ 11.,  23., 184.,  17.,   0.,   2.,   1., 100., 100.,   2.]],
       device='cuda:0')
--- spikes (finish interval) ---
tensor([[0., 0., 0., 0., 0., 0., 0., 0., 0., 0.],
        [0., 0., 0., 0., 0., 0., 0., 0., 0., 0.],
        [0., 0., 0., 0., 0., 0., 0., 0., 1., 0.],
        [0., 0., 0., 0., 0., 0., 0., 0., 0., 0.],
        [0., 1., 0., 0., 0., 0., 0., 0., 0., 0.],
        [0., 0., 0., 1., 0., 0., 0., 0., 0., 0.],
        [0., 0., 0., 0., 0., 0., 0., 1., 0., 0.],
        [0., 0., 0., 0., 0., 0., 0., 0., 0., 0.],
        [0., 0., 0., 0., 0., 0., 0., 0., 0., 0.],
        [0., 0., 1., 0., 0., 0., 0., 0., 0., 0.],
        [0., 0., 0., 0., 0., 0., 0., 0., 0., 0.],
        [0., 0., 0., 0., 0., 0., 0., 0., 0., 0.],
        [0., 0., 0., 0., 0., 0., 0., 0., 0., 0.],
        [0., 0., 0., 0., 0., 0., 0., 0., 0., 0.],
        [0., 0., 0., 0., 0., 0., 0., 0., 0., 0.],
        [0., 0., 0., 0., 0., 0., 0., 1., 0., 0.],
        [0., 0., 0., 0., 0., 0., 0., 0., 0., 0.],
        [0., 0., 0., 0., 0., 0., 0., 0., 0., 0.],
        [0., 0., 0., 0., 0., 0., 0., 0., 0., 1.],
        [0., 0., 0., 0., 1., 0., 0., 0., 0., 0.],
        [0., 0., 0., 0., 0., 0., 1., 0., 0., 0.],
        [0., 0., 0., 0., 0., 0., 0., 0., 0., 0.],
        [0., 0., 0., 0., 0., 0., 0., 0., 0., 0.],
        [0., 0., 0., 1., 0., 0., 0., 0., 0., 0.],
        [0., 0., 0., 0., 0., 0., 0., 0., 0., 0.],
        [0., 0., 0., 0., 0., 0., 0., 0., 0., 0.],
        [0., 0., 0., 0., 0., 0., 0., 0., 0., 0.],
        [0., 0., 0., 0., 0., 0., 0., 0., 0., 0.],
        [0., 0., 0., 0., 0., 0., 0., 0., 0., 0.],
        [0., 0., 0., 0., 0., 0., 0., 0., 0., 0.],
        [0., 0., 0., 0., 0., 0., 0., 0., 1., 0.],
        [0., 0., 0., 0., 0., 0., 0., 0., 0., 0.],
        [0., 1., 0., 0., 0., 0., 0., 0., 0., 0.],
        [0., 0., 0., 0., 0., 0., 0., 0., 0., 0.],
        [0., 0., 0., 0., 0., 1., 0., 0., 0., 0.],
        [0., 0., 0., 0., 0., 0., 1., 0., 0., 0.],
        [1., 0., 0., 0., 0., 0., 0., 0., 0., 0.],
        [0., 0., 0., 0., 0., 0., 0., 0., 1., 0.],
        [0., 0., 0., 0., 1., 0., 0., 0., 0., 0.],
        [0., 0., 0., 0., 0., 0., 0., 0., 0., 0.],
        [1., 0., 0., 0., 0., 0., 0., 0., 0., 0.],
        [0., 0., 0., 0., 0., 0., 0., 0., 0., 0.],
        [1., 0., 0., 0., 0., 0., 0., 0., 0., 0.],
        [0., 0., 0., 0., 1., 0., 0., 0., 0., 0.],
        [0., 0., 0., 0., 0., 0., 0., 1., 0., 0.],
        [0., 0., 0., 0., 0., 0., 0., 0., 0., 0.],
        [0., 0., 0., 0., 0., 0., 0., 0., 0., 0.],
        [0., 1., 0., 0., 0., 0., 0., 0., 0., 0.],
        [0., 1., 0., 0., 0., 0., 0., 0., 0., 0.],
        [0., 1., 0., 0., 0., 0., 0., 0., 0., 0.],
        [0., 0., 0., 0., 0., 0., 0., 0., 0., 0.],
        [0., 0., 0., 1., 0., 0., 0., 0., 0., 0.],
        [0., 0., 1., 0., 0., 0., 0., 0., 0., 0.],
        [0., 0., 0., 0., 0., 0., 0., 0., 0., 1.],
        [0., 0., 0., 0., 0., 0., 0., 0., 0., 1.],
        [0., 0., 0., 0., 0., 0., 0., 0., 0., 1.],
        [0., 0., 0., 0., 1., 0., 0., 0., 0., 0.],
        [0., 0., 0., 0., 1., 0., 0., 0., 0., 0.],
        [0., 0., 0., 0., 0., 0., 0., 0., 0., 0.],
        [0., 0., 0., 0., 1., 0., 0., 0., 0., 0.],
        [0., 0., 0., 0., 0., 0., 0., 0., 0., 0.],
        [0., 0., 0., 0., 0., 0., 0., 0., 0., 0.],
        [1., 0., 0., 0., 0., 0., 0., 0., 0., 0.],
        [0., 0., 0., 0., 0., 0., 0., 0., 0., 0.]], device='cuda:0')
Epoch 4 | Batch 400
--- spikes (training) ---
tensor([[  0.,   6.,   9.,   5.,  15.,   5.,   2., 294.,   9.,  20.],
        [  0.,   3.,  93., 185.,   4.,   7.,  22.,   1.,   9.,   3.],
        [255.,   0.,   9.,   5.,   4.,   9.,  10.,   1.,  11.,   2.],
        [  1.,   5.,   5.,   5.,  26., 146.,  23.,   0., 293.,   0.],
        [  0.,  88., 252.,  59.,   1.,   6.,   5.,   0.,   5.,   8.],
        [310.,   2.,   9.,  13.,   1.,  27.,   8.,   1.,   7.,   2.],
        [  0.,   5., 301.,  90.,   2.,   3.,  11.,   1.,  12.,   6.],
        [309.,   2.,   8.,  11.,   1.,  59.,   4.,   1.,   6.,   2.],
        [  0.,   1.,   4.,   6.,  32.,   5.,   2., 305.,  13.,   8.],
        [  0.,  51., 213., 109.,   2.,   4.,  11.,   0.,   6.,   5.],
        [  0.,  11.,   4.,   8.,  15.,   9.,   3.,  49.,  10., 256.],
        [  2.,   7.,   6.,   5.,   7.,  11.,  12.,   3., 268.,  10.],
        [  0.,   1.,   3.,   3., 294.,  14.,   6.,   4.,  24.,  24.],
        [  0.,   1.,   5.,  51.,  18.,  31.,   5.,   0., 264.,  19.],
        [  0.,  13.,   6.,  11.,  11.,   6.,   3., 143.,  11., 194.],
        [  0.,   0.,  10.,   1., 285.,  17., 119.,   1.,  19.,   9.],
        [  1.,   1.,   3.,  54.,   8., 278.,   3.,   1.,   9.,   5.],
        [  0.,   1.,   4.,   4.,  19.,   5.,   4.,  36.,   7., 249.],
        [311.,   1.,   5.,   7.,   1.,  14.,   6.,   1.,  11.,   5.],
        [ 31.,   0.,   1.,  31.,  20., 305.,   1.,   0.,  21.,   4.],
        [  0.,   2.,   7.,   4.,  23.,  13.,   2., 286.,   8.,  61.],
        [  5.,   0.,  10.,  30.,   3., 265.,   0.,   1.,   7.,   2.],
        [  1.,   0., 291.,  23.,   3.,   1.,   2.,   0.,   1.,   6.],
        [  0.,   1.,  11.,   2., 289.,   8.,  17.,   4.,  10.,  12.],
        [  0.,   4.,   4.,   6.,  21.,  14.,   7.,   7.,   7., 266.],
        [  4.,   1.,   6.,  52.,  10.,  38.,   6.,   1., 288.,   6.],
        [  0.,   1.,  38.,   1.,  21.,  37., 289.,   0.,   7.,   4.],
        [  0.,   0.,   8.,   4., 286.,   2.,  16.,   3.,  11.,  12.],
        [  0.,   5.,  12.,   1.,   7.,  74.,   2.,  27.,  73.,   1.],
        [294.,   1.,  10.,   7.,   3.,  11.,  26.,   4.,  12.,   8.],
        [  1.,   2.,  27., 307.,   2.,  10.,   1.,   2.,   8.,   1.],
        [  0.,   3.,   6.,  15.,  18.,  26.,   4.,  76., 176.,  18.],
        [  7.,   3., 296.,   4.,  19.,   7.,  50.,   1.,   2.,   4.],
        [  3.,   5.,  25.,   6.,  14.,   8.,   3., 267.,  22.,  14.],
        [  1.,   9.,  10.,  13.,  12.,  13.,   8.,  66., 259.,   5.],
        [  0.,   5.,  41.,   3.,  28.,   4., 297.,   0.,   6.,   1.],
        [  0., 254.,   6.,  11.,   2.,   2.,   7.,   6.,   3.,   3.],
        [  0.,   5.,   6.,   7.,  15.,  20.,  11.,   2., 261.,  10.],
        [  0.,   1.,   5.,  42.,  17.,  48.,   6.,   1., 234.,  53.],
        [  2.,   4., 311.,  14.,   4.,   3.,   9.,   1.,   9.,   2.],
        [  4.,   4., 305.,   7.,   3.,   4.,  13.,   0.,  10.,   6.],
        [  0.,   1., 132.,   6.,   5.,   6., 107.,   1.,  23.,   2.],
        [  2.,   2.,   3.,  14.,   8., 276.,   7.,   0.,  14.,   4.],
        [  0.,   1.,   6.,   9.,  22.,   7.,  10.,   1.,   9., 240.],
        [  0.,   1.,   3.,   3., 275.,   2.,   4.,   1.,   6.,  34.],
        [  0.,   3.,   7.,   2., 293.,  14.,  12.,   9.,  10.,  10.],
        [  0., 283.,   7.,  33.,   5.,   1.,   7.,   9.,  19.,   5.],
        [  0.,   1.,  38.,   7.,  11.,  12., 303.,   0.,   9.,   4.],
        [  8., 133.,  16.,  13.,   4., 270.,   4.,   2.,   7.,   3.],
        [ 13.,   2., 297., 105.,   1.,   5.,  24.,   0.,   4.,   2.],
        [  0.,  35., 199.,  63.,   1.,   5.,  21.,   0.,   7.,   5.],
        [  6.,   1.,   2.,  49.,   4., 288.,   2.,   3.,  18.,   6.],
        [  0., 278.,  11.,  24.,   5.,   1.,   6.,   3.,  44.,   3.],
        [  0.,   6.,   5., 207.,   5.,  30.,   2.,   2.,  12.,  11.],
        [  1.,  15.,  10.,   7.,   7.,  10.,  15.,   2., 298.,   7.],
        [ 19.,   1.,  22.,   0.,  22.,  29., 298.,   0.,   7.,   3.],
        [  1.,   7.,   9.,   6.,  12.,   3.,   2., 300.,  19.,  22.],
        [ 41.,   4.,   9.,   0.,   5.,  26.,   3.,   4.,  16.,   1.],
        [  2.,   4.,   8.,   4.,  38.,  14.,   7.,  10.,  15., 220.],
        [  0.,   4., 158., 126.,   2.,   6., 134.,   2.,   5.,   3.],
        [  0.,   4.,   7.,   0.,  19., 225.,   3.,  60.,  42.,  81.],
        [  0., 272.,  14.,  23.,   2.,   4.,  14.,   5.,   7.,   4.],
        [  0.,   5.,   1., 271.,   4.,  22.,   5.,   5.,  11.,  13.],
        [  0., 225.,  18.,   8.,   4.,   1.,   5.,   1.,  76.,   1.]],
       device='cuda:0')
--- spikes (finish interval) ---
tensor([[0., 0., 0., 0., 0., 0., 0., 1., 0., 0.],
        [0., 0., 0., 0., 0., 0., 0., 0., 0., 0.],
        [0., 0., 0., 0., 0., 0., 0., 0., 0., 0.],
        [0., 0., 0., 0., 0., 0., 0., 0., 1., 0.],
        [0., 0., 0., 0., 0., 0., 0., 0., 0., 0.],
        [1., 0., 0., 0., 0., 0., 0., 0., 0., 0.],
        [0., 0., 0., 0., 0., 0., 0., 0., 0., 0.],
        [1., 0., 0., 0., 0., 0., 0., 0., 0., 0.],
        [0., 0., 0., 0., 0., 0., 0., 0., 0., 0.],
        [0., 0., 0., 0., 0., 0., 0., 0., 0., 0.],
        [0., 0., 0., 0., 0., 0., 0., 0., 0., 0.],
        [0., 0., 0., 0., 0., 0., 0., 0., 1., 0.],
        [0., 0., 0., 0., 0., 0., 0., 0., 0., 0.],
        [0., 0., 0., 0., 0., 0., 0., 0., 0., 0.],
        [0., 0., 0., 0., 0., 0., 0., 0., 0., 1.],
        [0., 0., 0., 0., 0., 0., 0., 0., 0., 0.],
        [0., 0., 0., 0., 0., 0., 0., 0., 0., 0.],
        [0., 0., 0., 0., 0., 0., 0., 0., 0., 1.],
        [1., 0., 0., 0., 0., 0., 0., 0., 0., 0.],
        [0., 0., 0., 1., 0., 0., 0., 0., 0., 0.],
        [0., 0., 0., 0., 0., 0., 0., 1., 0., 0.],
        [0., 0., 0., 0., 0., 1., 0., 0., 0., 0.],
        [0., 0., 1., 0., 0., 0., 0., 0., 0., 0.],
        [0., 0., 0., 0., 0., 0., 0., 0., 0., 0.],
        [0., 0., 0., 0., 0., 0., 0., 0., 0., 0.],
        [0., 0., 0., 0., 0., 0., 0., 0., 1., 0.],
        [0., 0., 0., 0., 0., 0., 1., 0., 0., 0.],
        [0., 0., 0., 0., 1., 0., 0., 0., 0., 0.],
        [0., 0., 0., 0., 0., 0., 0., 0., 0., 0.],
        [0., 0., 0., 0., 0., 0., 0., 0., 0., 0.],
        [0., 0., 0., 1., 0., 0., 0., 0., 0., 0.],
        [0., 0., 0., 0., 0., 0., 0., 0., 0., 0.],
        [0., 0., 1., 0., 0., 0., 0., 0., 0., 0.],
        [0., 0., 0., 0., 0., 0., 0., 1., 0., 0.],
        [0., 0., 0., 0., 0., 0., 0., 0., 1., 0.],
        [0., 0., 0., 0., 0., 0., 0., 0., 0., 0.],
        [0., 0., 0., 0., 0., 0., 0., 0., 0., 0.],
        [0., 0., 0., 0., 0., 0., 0., 0., 0., 0.],
        [0., 0., 0., 0., 0., 0., 0., 0., 1., 0.],
        [0., 0., 1., 0., 0., 0., 0., 0., 0., 0.],
        [0., 0., 1., 0., 0., 0., 0., 0., 0., 0.],
        [0., 0., 0., 0., 0., 0., 0., 0., 0., 0.],
        [0., 0., 0., 0., 0., 0., 0., 0., 0., 0.],
        [0., 0., 0., 0., 0., 0., 0., 0., 0., 0.],
        [0., 0., 0., 0., 0., 0., 0., 0., 0., 0.],
        [0., 0., 0., 0., 1., 0., 0., 0., 0., 0.],
        [0., 0., 0., 0., 0., 0., 0., 0., 0., 0.],
        [0., 0., 0., 0., 0., 0., 0., 0., 0., 0.],
        [0., 1., 0., 0., 0., 0., 0., 0., 0., 0.],
        [0., 0., 0., 0., 0., 0., 0., 0., 0., 0.],
        [0., 0., 1., 0., 0., 0., 0., 0., 0., 0.],
        [0., 0., 0., 0., 0., 1., 0., 0., 0., 0.],
        [0., 1., 0., 0., 0., 0., 0., 0., 0., 0.],
        [0., 0., 0., 0., 0., 0., 0., 0., 0., 0.],
        [0., 0., 0., 0., 0., 0., 0., 0., 0., 0.],
        [0., 0., 0., 0., 0., 0., 0., 0., 0., 0.],
        [0., 0., 0., 0., 0., 0., 0., 0., 0., 0.],
        [0., 0., 0., 0., 0., 0., 0., 0., 0., 0.],
        [0., 0., 0., 0., 0., 0., 0., 0., 0., 0.],
        [0., 0., 0., 0., 0., 0., 0., 0., 0., 0.],
        [0., 0., 0., 0., 0., 0., 0., 0., 0., 0.],
        [0., 0., 0., 0., 0., 0., 0., 0., 0., 0.],
        [0., 0., 0., 0., 0., 0., 0., 0., 0., 0.],
        [0., 0., 0., 0., 0., 0., 0., 0., 0., 0.]], device='cuda:0')
Epoch 4 | Batch 500
--- spikes (training) ---
tensor([[ 12.,   2.,  14.,   3., 106.,   2.,   5.,   9.,   6., 276.],
        [  4.,   7.,   7.,  12.,   1.,   1.,   0., 279.,  10.,  48.],
        [ 18.,   0., 286.,  13.,   0.,   1.,   1.,   7.,  19.,   1.],
        [  3.,   1.,   4.,   3.,   1.,   0.,   0., 264.,   4.,  22.],
        [303.,   2.,  27.,   9.,   0.,   6.,   5.,   6.,   8.,  12.],
        [  5.,  22.,  13.,   5.,   6.,   4.,  14.,   7., 296.,  11.],
        [  5.,   1.,  11.,   1., 280.,   0.,   2.,   5.,   3.,   5.],
        [  7.,   6.,  18.,   8.,   2.,   1.,   0., 265.,  87.,  14.],
        [  9.,   3.,   2.,   0.,   3., 255.,   0.,  16.,   4.,  62.],
        [ 13.,   1., 306.,   8.,   0.,   0.,   9.,   3.,  12.,   4.],
        [  3., 290.,   5.,  20.,   1.,   2.,   0.,   3.,  17.,   2.],
        [  3., 150.,   8.,  13.,   0.,   2.,   3., 208.,  13.,  27.],
        [  2., 277.,   7.,   5.,   1.,   1.,  11.,   2.,  18.,   4.],
        [  6.,   6.,   6.,   7.,   8.,   5.,   7.,   6.,  26., 288.],
        [  7.,   2., 147.,   5.,   6.,   1.,   1.,   2.,  11.,   4.],
        [283.,   0.,  34.,   9.,   0.,   4.,  35.,   5.,  17.,   8.],
        [  6.,   1.,  10., 256.,   4.,   9.,   1.,  12.,  21.,   6.],
        [  6., 294.,  12.,  11.,   4.,   2.,   2.,   5.,  98.,   9.],
        [ 12.,   5.,   4., 292.,   6.,  26.,   2.,   7.,  19.,   9.],
        [  4.,   2.,  11.,   7.,   7.,   5., 275.,   4.,  15.,   3.],
        [  6.,   1.,  14.,  28.,  11.,   6.,   6.,   6., 297.,   2.],
        [  9.,  53.,  37.,  87.,   5.,   5.,  50.,   5.,  23.,   8.],
        [  4., 302.,   9.,  15.,   2.,   0.,   2.,   6.,  23.,   6.],
        [ 21.,   4.,  25.,   6.,   2.,   7., 295.,   2.,  11.,  12.],
        [  4., 278.,  13.,   7.,  39.,   4.,   0.,   3.,  50.,   3.],
        [  3.,  56.,   4.,   8., 193.,   1.,   9.,   8.,  62.,  22.],
        [ 10.,  24.,  12.,  13.,   3.,   3.,   0., 296.,   8.,  38.],
        [  2.,   2.,   9.,   1.,   2.,   0., 267.,   1.,   7.,   2.],
        [  6.,   1.,   5.,  22., 299.,   7.,   2.,  16.,  16.,  27.],
        [  3., 283.,   7.,   8.,   0.,   2.,  10.,   3.,  19.,   6.],
        [ 49.,   2.,  12., 300.,   1.,   6.,   0.,  11.,   5.,   2.],
        [  3.,   9.,   7.,  20.,   2.,   0.,   0., 251.,   9.,  39.],
        [  6.,   3., 313.,  15.,   0.,   0.,  16.,   2.,   3.,   2.],
        [  8.,   1.,   9.,   6., 294.,   2.,   3.,   7.,  19.,  12.],
        [  3., 279.,   8.,   9.,   1.,   1.,   5.,   2.,  13.,   9.],
        [  7.,  27.,   6.,   7., 269.,   4.,   2.,   7.,  14.,  46.],
        [  7.,   5.,   6.,   4., 177.,  19.,  66.,   7.,  29.,  32.],
        [308.,   0.,   5.,   0.,   0.,   0.,   0.,  10.,   4.,   2.],
        [  9.,   1.,   9.,  39.,  60.,   3.,   1.,   9., 226.,  22.],
        [ 14.,   4.,   5., 294.,   6.,  10.,   1.,   8.,  15.,   8.],
        [ 22.,   0.,  22.,   7.,   0., 227.,   4.,   4.,  13.,   3.],
        [ 27.,   0., 292.,  11.,   0.,   0.,   3.,   2.,   3.,   1.],
        [ 13.,   5.,  10.,  12.,   4.,  24.,   4.,  48., 257.,   7.],
        [ 11.,   0.,  11., 277.,   8.,   3.,   0.,  81.,  15.,  17.],
        [ 13.,   1., 282.,   7.,   3.,   6.,   3.,   3.,  15.,   6.],
        [  9., 138.,  13.,   5.,   1., 106.,   2.,   1.,   8.,   3.],
        [  6.,  45.,   9.,   9.,   3.,   6.,   9.,   8.,   9., 282.],
        [  7.,  30.,   8.,   6.,   3.,   7.,   7.,   6.,  12., 278.],
        [ 10.,   3.,  14., 103.,  23.,  19.,   2.,   7., 161.,   5.],
        [ 12.,   4.,  33.,   1.,   5.,   2., 301.,   1.,  10.,   8.],
        [  8.,   1.,  11.,  54.,   6.,   9.,   9.,   5., 221.,   6.],
        [108.,   1.,   4.,  58.,   4., 298.,   0.,   4.,  26.,   6.],
        [  6.,  27.,   9.,   1.,   9.,  36.,  13.,   2., 286.,   4.],
        [ 15.,   1.,  43.,   0.,  46.,   0., 267.,   2.,   9.,   3.],
        [  6.,   5.,   5.,  10.,   9.,   2.,   4.,  15.,  40., 275.],
        [  7., 265.,  11.,   7.,   2.,   3.,   3.,  13.,  14.,  41.],
        [ 11.,   1.,   2.,  15.,   6., 264.,   2.,   7.,  23.,  21.],
        [  5.,   1.,   4.,  11.,   3., 239.,  22.,   3.,  16.,   5.],
        [299.,   0.,   4.,   3.,   0.,   5.,   0.,   2.,   5.,   5.],
        [  9.,   6.,   6.,   9.,  13.,   3.,   2.,  17., 267.,  41.],
        [ 18.,   5.,   9., 287.,  10.,   9.,   2.,   7.,  13.,  10.],
        [ 47.,   1.,  13., 118.,   4.,   6.,   3.,  11.,  18.,  23.],
        [  7.,   4.,   5.,   2., 271.,   8.,   2.,  12.,  23.,  19.],
        [  7.,   6.,   9.,   4.,   8.,  19.,  13.,   7., 301.,   6.]],
       device='cuda:0')
--- spikes (finish interval) ---
tensor([[0., 0., 0., 0., 0., 0., 0., 0., 0., 0.],
        [0., 0., 0., 0., 0., 0., 0., 1., 0., 0.],
        [0., 0., 1., 0., 0., 0., 0., 0., 0., 0.],
        [0., 0., 0., 0., 0., 0., 0., 1., 0., 0.],
        [0., 0., 0., 0., 0., 0., 0., 0., 0., 0.],
        [0., 0., 0., 0., 0., 0., 0., 0., 1., 0.],
        [0., 0., 0., 0., 1., 0., 0., 0., 0., 0.],
        [0., 0., 0., 0., 0., 0., 0., 1., 0., 0.],
        [0., 0., 0., 0., 0., 0., 0., 0., 0., 0.],
        [0., 0., 1., 0., 0., 0., 0., 0., 0., 0.],
        [0., 0., 0., 0., 0., 0., 0., 0., 0., 0.],
        [0., 1., 0., 0., 0., 0., 0., 1., 0., 0.],
        [0., 0., 0., 0., 0., 0., 0., 0., 0., 0.],
        [0., 0., 0., 0., 0., 0., 0., 0., 0., 0.],
        [0., 0., 0., 0., 0., 0., 0., 0., 0., 0.],
        [0., 0., 0., 0., 0., 0., 0., 0., 0., 0.],
        [0., 0., 0., 0., 0., 0., 0., 0., 0., 0.],
        [0., 1., 0., 0., 0., 0., 0., 0., 0., 0.],
        [0., 0., 0., 0., 0., 0., 0., 0., 0., 0.],
        [0., 0., 0., 0., 0., 0., 1., 0., 0., 0.],
        [0., 0., 0., 0., 0., 0., 0., 0., 0., 0.],
        [0., 0., 0., 1., 0., 0., 0., 0., 0., 0.],
        [0., 1., 0., 0., 0., 0., 0., 0., 0., 0.],
        [0., 0., 0., 0., 0., 0., 0., 0., 0., 0.],
        [0., 1., 0., 0., 0., 0., 0., 0., 0., 0.],
        [0., 0., 0., 0., 0., 0., 0., 0., 0., 0.],
        [0., 0., 0., 0., 0., 0., 0., 0., 0., 0.],
        [0., 0., 0., 0., 0., 0., 1., 0., 0., 0.],
        [0., 0., 0., 0., 1., 0., 0., 0., 0., 0.],
        [0., 0., 0., 0., 0., 0., 0., 0., 0., 0.],
        [0., 0., 0., 1., 0., 0., 0., 0., 0., 0.],
        [0., 0., 0., 0., 0., 0., 0., 0., 0., 0.],
        [0., 0., 1., 0., 0., 0., 0., 0., 0., 0.],
        [0., 0., 0., 0., 1., 0., 0., 0., 0., 0.],
        [0., 1., 0., 0., 0., 0., 0., 0., 0., 0.],
        [0., 0., 0., 0., 0., 0., 0., 0., 0., 0.],
        [0., 0., 0., 0., 0., 0., 0., 0., 0., 0.],
        [1., 0., 0., 0., 0., 0., 0., 0., 0., 0.],
        [0., 0., 0., 0., 0., 0., 0., 0., 0., 0.],
        [0., 0., 0., 0., 0., 0., 0., 0., 0., 0.],
        [0., 0., 0., 0., 0., 1., 0., 0., 0., 0.],
        [0., 0., 0., 0., 0., 0., 0., 0., 0., 0.],
        [0., 0., 0., 0., 0., 0., 0., 0., 1., 0.],
        [0., 0., 0., 0., 0., 0., 0., 0., 0., 0.],
        [0., 0., 0., 0., 0., 0., 0., 0., 0., 0.],
        [0., 0., 0., 0., 0., 0., 0., 0., 0., 0.],
        [0., 0., 0., 0., 0., 0., 0., 0., 0., 1.],
        [0., 0., 0., 0., 0., 0., 0., 0., 0., 1.],
        [0., 0., 0., 0., 0., 0., 0., 0., 0., 0.],
        [0., 0., 0., 0., 0., 0., 1., 0., 0., 0.],
        [0., 0., 0., 0., 0., 0., 0., 0., 0., 0.],
        [0., 0., 0., 0., 0., 0., 0., 0., 0., 0.],
        [0., 0., 0., 0., 0., 0., 0., 0., 1., 0.],
        [0., 0., 0., 0., 0., 0., 0., 0., 0., 0.],
        [0., 0., 0., 0., 0., 0., 0., 0., 0., 0.],
        [0., 0., 0., 0., 0., 0., 0., 0., 0., 0.],
        [0., 0., 0., 0., 0., 0., 0., 0., 0., 0.],
        [0., 0., 0., 0., 0., 1., 0., 0., 0., 0.],
        [1., 0., 0., 0., 0., 0., 0., 0., 0., 0.],
        [0., 0., 0., 0., 0., 0., 0., 0., 0., 0.],
        [0., 0., 0., 0., 0., 0., 0., 0., 0., 0.],
        [0., 0., 0., 0., 0., 0., 0., 0., 0., 0.],
        [0., 0., 0., 0., 0., 0., 0., 0., 0., 0.],
        [0., 0., 0., 0., 0., 0., 0., 0., 0., 0.]], device='cuda:0')
Epoch 4 | Batch 600
--- spikes (training) ---
tensor([[ 37.,   0., 166.,  16.,   0.,   0.,   4.,   4.,   4.,   0.],
        [  4.,   0.,  18.,   1.,  99.,   0.,  39.,  41.,   0.,  12.],
        [  7.,   0.,   0., 280.,   4., 122.,   0.,   3.,   0.,  13.],
        [  4.,   0.,   0.,   3.,   5.,   0., 295.,   0.,   0.,   0.],
        [230.,   0.,   0.,   2.,   0.,   0.,   6.,   0.,   0.,   0.],
        [  3.,  16.,   0.,   6., 232.,   1.,   6.,  12.,  46.,  36.],
        [  5.,  17.,   0.,  10.,  30.,   0.,   5.,  21.,   6., 243.],
        [102.,   0.,   0.,   2.,  61.,   0.,  32.,   1.,   0., 174.],
        [ 13.,   4.,   0., 298.,   6.,  47.,   0.,   0.,   0.,  35.],
        [163.,   0.,  89.,   0.,   4.,   0.,  40.,   0.,   0.,   5.],
        [  3., 262.,   7.,   6.,   2.,   0.,  10.,   4.,   3.,   1.],
        [  7.,   1.,   0.,  13.,   7.,   0.,   2.,  19., 283.,  21.],
        [ 17.,   0.,   0.,   1.,  36.,   0.,   1., 283.,   0.,  48.],
        [  3.,   0.,   0.,   2., 270.,   0.,  16.,  23.,   1.,  29.],
        [285.,   0.,   0.,   5.,   0.,   0.,   3.,   2.,   0.,   1.],
        [ 42.,  41.,   7.,  12.,   1.,   0.,   3.,   8.,  13.,   0.],
        [  3.,   1.,   0.,   4., 267.,   0.,  10.,  24.,   3.,  49.],
        [ 14.,   0.,   0.,   1.,  48.,   0.,   9.,  90.,   0., 255.],
        [  5.,   0.,  15.,   1., 281.,   0.,  32.,   6.,   0.,  10.],
        [  3.,   0.,   0.,   4.,   7.,   0., 292.,   0.,   0.,   0.],
        [  5.,  16., 210.,  19.,   1.,  15.,   0.,  20., 185.,   0.],
        [ 25.,   3.,   0., 304.,   2.,   0.,   0.,   0.,   0.,   0.],
        [  6.,   5.,  13.,   6.,   2.,   0.,   2., 277.,   1.,  63.],
        [ 10.,  60.,   0.,  21.,   9.,   0.,  11.,   8., 291.,   6.],
        [ 10.,   0., 285.,  11.,   1.,   0.,  21.,   0.,   0.,   8.],
        [  7.,   0.,   0.,   2.,  11.,   0.,   1., 307.,   0.,   8.],
        [ 10.,   1.,   0.,  17.,   9., 270.,   0.,   0., 134.,   0.],
        [  3.,   9.,   0.,   5., 250.,   0.,   7.,   4.,   2.,  30.],
        [ 27.,   0., 271.,   0.,   1.,   0.,  10.,   0.,   0.,  10.],
        [  7.,   7.,   3.,  15.,  12.,   0.,  11.,  60., 284.,  13.],
        [  4.,  11.,  84.,  71.,  12.,   0.,   5.,   9., 241.,   1.],
        [272.,   0.,   0.,   7.,   0.,   0.,   1.,   1.,   0.,   0.],
        [  9.,   0., 276.,   5.,   2.,   0.,   9.,   1.,   0.,  17.],
        [  7.,   1.,   0.,   5.,  15.,   0.,   2.,  55.,   1., 265.],
        [  6.,  55.,  26., 266.,   8.,   0.,   2.,   3.,  13.,   0.],
        [ 25.,   0.,   0.,   3.,  44.,   0.,   7.,  68.,   0., 232.],
        [ 20.,   0.,   0.,   1.,  22.,   0.,  15.,  14.,   0., 208.],
        [ 15.,  16.,  38.,  93.,   3.,   0.,   2.,   6.,  30.,   5.],
        [308.,   0.,   0.,   8.,   0.,   0.,   4.,   0.,   0.,   0.],
        [305.,   0.,   0.,   1.,   0.,  53.,  19.,   0.,   0.,   0.],
        [  1.,   0.,   0.,  14., 256.,   7.,   5.,   4.,   1.,  55.],
        [  5., 273.,   0.,  11.,   1.,   0.,   6.,   6.,  22.,   1.],
        [ 11., 125.,   0.,  20.,   7.,   0.,  10.,   3., 257.,   0.],
        [  4.,   4.,  51.,  45.,   9.,   0.,   5.,   0., 206.,   0.],
        [291.,   0.,   0.,   4.,   0.,   0.,  16.,   3.,   0.,   1.],
        [  1.,   0.,   0.,   3., 107.,   0.,   5.,  62.,   0.,   9.],
        [ 35.,   6.,   0.,   3.,  24., 285.,   0.,   0.,   8.,   0.],
        [  5.,   2.,   0.,   3.,  10.,   0.,   3.,  27.,   0., 252.],
        [  6., 275.,   1.,  17.,   3.,   0.,   8.,  16.,  56.,   4.],
        [  4.,   0.,  13.,   6.,  23.,   0., 283.,   6.,   3.,  15.],
        [  7.,   2.,   0.,   3.,  51.,   0.,  11.,  41.,  49., 237.],
        [ 23.,   0., 270.,  36.,   0.,   0.,  17.,   1.,   0.,   0.],
        [ 11.,   1.,   0.,   7.,   1.,  66.,   3.,  23.,   0., 249.],
        [ 27.,   1.,   0.,   2.,   6.,   0.,   3., 261.,   0.,   0.],
        [  2.,   0.,  68.,   3.,  18.,   0.,   4.,   7.,   0., 239.],
        [  4.,   0.,   0.,   5.,  10.,   0., 152.,   0.,   0.,   0.],
        [311.,   0.,   0.,   6.,   1.,   0.,   6.,   0.,   0.,   0.],
        [ 16.,   1.,   0.,  16.,   5.,   0.,   9.,   3., 291.,   3.],
        [  7.,  33.,   0.,  13.,  60.,   0.,  11.,   1., 143.,   3.],
        [315.,   0.,  70.,   0.,   0.,   0.,   8.,   0.,   0.,   0.],
        [  3.,   3.,   0.,   3.,   6.,   0., 283.,   0.,   3.,  11.],
        [  3.,  16.,  17.,   5.,  10.,   0., 273.,   2.,   6.,  28.],
        [304.,   0.,   0.,  21.,   0.,   0.,   4.,   0.,   0.,   1.],
        [ 17.,   0.,   0.,  14.,  11.,   0.,   3.,   2., 253.,   2.]],
       device='cuda:0')
--- spikes (finish interval) ---
tensor([[0., 0., 1., 0., 0., 0., 0., 0., 0., 0.],
        [0., 0., 0., 0., 0., 0., 0., 0., 0., 0.],
        [0., 0., 0., 0., 0., 0., 0., 0., 0., 0.],
        [0., 0., 0., 0., 0., 0., 0., 0., 0., 0.],
        [0., 0., 0., 0., 0., 0., 0., 0., 0., 0.],
        [0., 0., 0., 0., 0., 0., 0., 0., 0., 0.],
        [0., 0., 0., 0., 0., 0., 0., 0., 0., 1.],
        [0., 0., 0., 0., 0., 0., 0., 0., 0., 0.],
        [0., 0., 0., 1., 0., 0., 0., 0., 0., 1.],
        [0., 0., 0., 0., 0., 0., 0., 0., 0., 0.],
        [0., 0., 0., 0., 0., 0., 0., 0., 0., 0.],
        [0., 0., 0., 0., 0., 0., 0., 0., 0., 0.],
        [0., 0., 0., 0., 0., 0., 0., 0., 0., 0.],
        [0., 0., 0., 0., 0., 0., 0., 0., 0., 0.],
        [1., 0., 0., 0., 0., 0., 0., 0., 0., 0.],
        [0., 0., 0., 0., 0., 0., 0., 0., 0., 0.],
        [0., 0., 0., 0., 0., 0., 0., 0., 0., 0.],
        [0., 0., 0., 0., 0., 0., 0., 0., 0., 1.],
        [0., 0., 0., 0., 0., 0., 0., 0., 0., 0.],
        [0., 0., 0., 0., 0., 0., 0., 0., 0., 0.],
        [0., 0., 1., 0., 0., 0., 0., 0., 0., 0.],
        [0., 0., 0., 1., 0., 0., 0., 0., 0., 0.],
        [0., 0., 0., 0., 0., 0., 0., 1., 0., 0.],
        [0., 0., 0., 0., 0., 0., 0., 0., 1., 0.],
        [0., 0., 1., 0., 0., 0., 0., 0., 0., 0.],
        [0., 0., 0., 0., 0., 0., 0., 1., 0., 0.],
        [0., 0., 0., 0., 0., 0., 0., 0., 0., 0.],
        [0., 0., 0., 0., 0., 0., 0., 0., 0., 0.],
        [0., 0., 1., 0., 0., 0., 0., 0., 0., 0.],
        [0., 0., 0., 0., 0., 0., 0., 0., 1., 0.],
        [0., 0., 0., 0., 0., 0., 0., 0., 0., 0.],
        [0., 0., 0., 0., 0., 0., 0., 0., 0., 0.],
        [0., 0., 0., 0., 0., 0., 0., 0., 0., 0.],
        [0., 0., 0., 0., 0., 0., 0., 0., 0., 1.],
        [0., 0., 0., 1., 0., 0., 0., 0., 0., 0.],
        [0., 0., 0., 0., 0., 0., 0., 0., 0., 1.],
        [0., 0., 0., 0., 0., 0., 0., 0., 0., 0.],
        [0., 0., 0., 0., 0., 0., 0., 0., 0., 0.],
        [1., 0., 0., 0., 0., 0., 0., 0., 0., 0.],
        [0., 0., 0., 0., 0., 0., 0., 0., 0., 0.],
        [0., 0., 0., 0., 1., 0., 0., 0., 0., 0.],
        [0., 0., 0., 0., 0., 0., 0., 0., 0., 0.],
        [0., 0., 0., 0., 0., 0., 0., 0., 0., 0.],
        [0., 0., 0., 0., 0., 0., 0., 0., 0., 0.],
        [0., 0., 0., 0., 0., 0., 0., 0., 0., 0.],
        [0., 0., 0., 0., 0., 0., 0., 0., 0., 0.],
        [0., 0., 0., 0., 0., 0., 0., 0., 0., 0.],
        [0., 0., 0., 0., 0., 0., 0., 0., 0., 1.],
        [0., 0., 0., 0., 0., 0., 0., 0., 0., 0.],
        [0., 0., 0., 0., 0., 0., 1., 0., 0., 0.],
        [0., 0., 0., 0., 0., 0., 0., 0., 0., 1.],
        [0., 0., 0., 0., 0., 0., 0., 0., 0., 0.],
        [0., 0., 0., 0., 0., 1., 0., 0., 0., 1.],
        [0., 0., 0., 0., 0., 0., 0., 0., 0., 0.],
        [0., 0., 0., 0., 0., 0., 0., 0., 0., 0.],
        [0., 0., 0., 0., 0., 0., 0., 0., 0., 0.],
        [1., 0., 0., 0., 0., 0., 0., 0., 0., 0.],
        [0., 0., 0., 0., 0., 0., 0., 0., 0., 0.],
        [0., 0., 0., 0., 0., 0., 0., 0., 0., 0.],
        [0., 0., 0., 0., 0., 0., 0., 0., 0., 0.],
        [0., 0., 0., 0., 0., 0., 1., 0., 0., 0.],
        [0., 0., 0., 0., 0., 0., 0., 0., 0., 0.],
        [1., 0., 0., 0., 0., 0., 0., 0., 0., 0.],
        [0., 0., 0., 0., 0., 0., 0., 0., 0., 0.]], device='cuda:0')
Epoch 4 | Batch 700
--- spikes (training) ---
tensor([[  3.,   4.,  12., 303.,   8.,  10.,   0.,   2.,  24.,   0.],
        [  6.,   0.,   4.,  12.,  50.,   0.,  14.,  19.,  11., 252.],
        [116.,   0.,  11.,  10.,   7.,   9., 269.,   0.,   7.,  66.],
        [  6.,  74.,  22.,  17.,   4.,   3.,  10.,   6., 234.,   2.],
        [ 19.,   0.,  17.,   0.,  33.,   0., 297.,   0.,   0.,   0.],
        [  8.,   3.,  27., 289.,   5.,   0.,   0.,   3.,   3.,   0.],
        [  2.,   2.,  16.,   4., 101.,   0.,  60.,   0.,  91.,  19.],
        [  5.,   2.,  27.,  16.,  30.,   0.,  22.,  36., 260.,   0.],
        [  2.,   0., 132.,  13.,  86.,   0.,   5.,   0.,   3.,   0.],
        [311.,   0.,   9.,  10.,   3.,   9.,  19.,   0.,  10.,   0.],
        [  3., 258.,  43.,   3.,   5.,  15.,   3.,   1.,  56.,   0.],
        [  1.,   2., 280.,  15.,   2.,   0.,  16.,   7.,   3.,   0.],
        [  5.,   4.,   7., 281.,   9.,   6.,   0.,   5.,  11.,   0.],
        [  2.,   2.,  14.,   2., 161.,  14.,  81.,   0.,  75.,  51.],
        [  5.,   8.,  95.,  91.,   4.,   0.,   1.,   4.,   6.,   0.],
        [310.,   0.,   9.,  18.,   0.,   0.,   4.,   1.,   7.,   2.],
        [  8.,  11.,  18.,   8.,   9.,  16.,  38.,   5., 262.,   1.],
        [  1.,   1.,  23.,  12.,   9.,   0.,   1., 282.,   6.,  17.],
        [  6.,   0.,   9.,   1., 292.,   0.,  14.,   2.,   4.,   0.],
        [ 10.,   0.,   7.,  25.,  48.,   0.,   2.,   0.,   1., 241.],
        [  7.,   0.,  11.,   3., 237.,   0.,  62.,   9.,   9.,   0.],
        [  7.,   0.,   7.,  30.,   8., 254.,   1.,   3.,   4.,   0.],
        [  3.,   1.,   6.,  22.,  11.,  34., 225.,   1., 182.,   3.],
        [  2.,   2.,  17.,   6.,   7.,   0.,   1., 257.,   3.,   4.],
        [  3.,   3.,   9., 250.,   6.,  12.,   3.,   1.,   9.,   0.],
        [  3.,   1.,   7.,   2., 291.,   0.,  18.,   6.,  10.,   0.],
        [ 49.,   3.,  17.,  15.,  16.,   0.,  12.,  31., 286.,  26.],
        [  1.,   0.,  13.,   5., 165.,   0.,  71.,   4.,  44.,  18.],
        [  1., 267.,  19.,   5.,   4.,   0.,   2.,   9.,   8.,   0.],
        [  8.,   1., 184.,  12.,   4.,   0.,   4.,   4.,  19.,   0.],
        [  1.,   0.,   5.,  27.,  22., 186.,   0.,   1.,   9.,   5.],
        [  5.,   7.,  12.,   2.,   7., 213.,   4.,   1.,   1.,   0.],
        [  1.,  16.,  33.,   8.,   7.,   0.,   1., 275.,   5.,  12.],
        [305.,   1.,   5.,  67.,   9.,  57.,   2.,   0.,   9.,   1.],
        [  5.,  26.,  18.,  20.,   7.,   4.,   5.,  27., 267.,   1.],
        [  2., 272.,  19.,   5.,   1.,  25.,   1.,   1.,  28.,   0.],
        [  6.,   4.,  13., 289.,  14.,   3.,   0.,   7.,  26.,   0.],
        [  0.,   3.,  12.,   6.,   3.,   0., 281.,   0.,   9.,   0.],
        [ 12.,   2.,  27., 178.,   4.,   0.,   5.,   4.,  10.,   3.],
        [  0.,   4.,   7.,   4.,   3.,   0., 274.,   0.,  25.,   1.],
        [ 12.,   0., 277.,  22.,  11.,   0.,  14.,   0.,   0.,   0.],
        [  0.,   0.,   8.,   3., 278.,   0.,   4.,   8.,   9., 116.],
        [  4.,  12.,  12.,   9.,   5.,   0.,  10.,  11., 238.,   9.],
        [  3.,   2.,   4.,   1.,  12., 185.,   7.,   1.,   4.,   5.],
        [  1., 274.,  13.,   8.,   1.,   0.,   6.,   4.,   7.,   1.],
        [ 16.,   7.,  10.,  10.,  20.,  22.,   7.,   3., 223.,  19.],
        [  2.,   0.,  15.,  15.,   2., 230., 141.,   1.,   8.,   0.],
        [  7.,   3.,  10., 255.,   2.,   4.,   0.,   3.,  10.,   0.],
        [  5.,  97.,  20.,  16.,   3.,   0.,   5.,   6., 196.,   1.],
        [271.,   0.,  18.,  24.,   6.,   0.,   0.,   0.,   1.,   0.],
        [  6.,   7.,  15., 223.,   7.,   0.,   1.,   7.,  14.,   6.],
        [  6.,   0.,   8.,   0., 292.,   0.,  48.,  11.,   9.,  19.],
        [273.,   0.,   5.,  16.,   0.,   0.,   2.,   2.,  10.,   6.],
        [  4.,   3.,  10.,  13.,  17.,   0.,   4., 229.,  12.,  14.],
        [  8.,   0.,  11.,   1.,  10.,   0., 302.,   0.,   4.,   0.],
        [  5.,   1., 300.,  10.,   1.,   0.,   8.,   1.,  10.,   0.],
        [  2.,   0., 305.,   7.,  22.,   0.,  14.,   0.,   0.,   0.],
        [ 48.,   1.,   6.,  21.,   2.,   0.,   0., 217.,   5.,   1.],
        [ 18.,   1.,  20., 143.,   9.,  62.,   3.,   0., 230.,   2.],
        [  1., 276.,  12.,   7.,   1.,   4.,   3.,   4.,   3.,   1.],
        [  2., 275.,  39.,   7.,   3.,   0.,   3.,   2.,  33.,   0.],
        [155.,   1.,  11.,  84.,   0., 244.,   0.,   3.,  49.,   0.],
        [  0.,   1.,   9.,   9.,   8.,   0., 287.,   1.,  14.,   1.],
        [  1.,   0.,   7.,   3., 286.,   0.,  19.,   6.,  25.,  22.]],
       device='cuda:0')
--- spikes (finish interval) ---
tensor([[0., 0., 0., 1., 0., 0., 0., 0., 0., 0.],
        [0., 0., 0., 0., 0., 0., 0., 0., 0., 0.],
        [0., 0., 0., 0., 0., 0., 0., 0., 0., 0.],
        [0., 0., 0., 0., 0., 0., 0., 0., 0., 0.],
        [0., 0., 0., 0., 0., 0., 1., 0., 0., 0.],
        [0., 0., 0., 0., 0., 0., 0., 0., 0., 0.],
        [0., 0., 0., 0., 1., 0., 0., 0., 0., 0.],
        [0., 0., 0., 0., 0., 0., 0., 1., 0., 0.],
        [0., 0., 0., 0., 0., 0., 0., 0., 0., 0.],
        [1., 0., 0., 0., 0., 0., 0., 0., 0., 0.],
        [0., 0., 0., 0., 0., 0., 0., 0., 0., 0.],
        [0., 0., 0., 0., 0., 0., 0., 0., 0., 0.],
        [0., 0., 0., 0., 0., 0., 0., 0., 0., 0.],
        [0., 0., 0., 0., 0., 0., 0., 0., 0., 0.],
        [0., 0., 0., 0., 0., 0., 0., 0., 0., 0.],
        [1., 0., 0., 0., 0., 0., 0., 0., 0., 0.],
        [0., 0., 0., 0., 0., 0., 0., 0., 1., 0.],
        [0., 0., 0., 0., 0., 0., 0., 0., 0., 0.],
        [0., 0., 0., 0., 1., 0., 0., 0., 0., 0.],
        [0., 0., 0., 0., 0., 0., 0., 0., 0., 1.],
        [0., 0., 0., 0., 1., 0., 0., 0., 0., 0.],
        [0., 0., 0., 0., 0., 0., 0., 0., 0., 0.],
        [0., 0., 0., 0., 0., 0., 0., 0., 0., 0.],
        [0., 0., 0., 0., 0., 0., 0., 1., 0., 0.],
        [0., 0., 0., 0., 0., 0., 0., 0., 0., 0.],
        [0., 0., 0., 0., 1., 0., 0., 0., 0., 0.],
        [0., 0., 0., 0., 0., 0., 0., 0., 1., 0.],
        [0., 0., 0., 0., 0., 0., 0., 0., 0., 0.],
        [0., 0., 0., 0., 0., 0., 0., 0., 0., 0.],
        [0., 0., 0., 0., 0., 0., 0., 0., 0., 0.],
        [0., 0., 0., 0., 0., 1., 0., 0., 0., 0.],
        [0., 0., 0., 0., 0., 1., 0., 0., 0., 0.],
        [0., 0., 0., 0., 0., 0., 0., 1., 0., 0.],
        [1., 0., 0., 0., 0., 0., 0., 0., 0., 0.],
        [0., 0., 0., 0., 0., 0., 0., 0., 1., 0.],
        [0., 0., 0., 0., 0., 0., 0., 0., 0., 0.],
        [0., 0., 0., 0., 0., 0., 0., 0., 0., 0.],
        [0., 0., 0., 0., 0., 0., 0., 0., 0., 0.],
        [0., 0., 0., 0., 0., 0., 0., 0., 0., 0.],
        [0., 0., 0., 0., 0., 0., 1., 0., 0., 0.],
        [0., 0., 0., 0., 0., 0., 0., 0., 0., 0.],
        [0., 0., 0., 0., 0., 0., 0., 0., 0., 0.],
        [0., 0., 0., 0., 0., 0., 0., 0., 1., 0.],
        [0., 0., 0., 0., 0., 1., 0., 0., 0., 0.],
        [0., 0., 0., 0., 0., 0., 0., 0., 0., 0.],
        [0., 0., 0., 0., 0., 0., 0., 0., 1., 0.],
        [0., 0., 0., 0., 0., 1., 0., 0., 0., 0.],
        [0., 0., 0., 0., 0., 0., 0., 0., 0., 0.],
        [0., 0., 0., 0., 0., 0., 0., 0., 0., 0.],
        [1., 0., 0., 0., 0., 0., 0., 0., 0., 0.],
        [0., 0., 0., 0., 0., 0., 0., 0., 0., 0.],
        [0., 0., 0., 0., 1., 0., 0., 0., 0., 0.],
        [0., 0., 0., 0., 0., 0., 0., 0., 0., 1.],
        [0., 0., 0., 0., 0., 0., 0., 0., 0., 0.],
        [0., 0., 0., 0., 0., 0., 0., 0., 0., 0.],
        [0., 0., 0., 0., 0., 0., 0., 0., 0., 0.],
        [0., 0., 0., 0., 0., 0., 0., 0., 0., 0.],
        [0., 0., 0., 0., 0., 0., 0., 0., 0., 0.],
        [0., 0., 0., 0., 0., 0., 0., 0., 0., 0.],
        [0., 1., 0., 0., 0., 0., 0., 0., 0., 0.],
        [0., 1., 0., 0., 0., 0., 0., 0., 0., 0.],
        [0., 0., 0., 0., 0., 0., 0., 0., 0., 0.],
        [0., 0., 0., 0., 0., 0., 1., 0., 0., 0.],
        [0., 0., 0., 0., 0., 0., 0., 0., 0., 0.]], device='cuda:0')
Epoch 4 | Batch 800
--- spikes (training) ---
tensor([[  9.,   7.,   6.,   9.,   7.,   2., 279.,   5.,   2.,   0.],
        [  5.,   4.,   1.,   3.,   6., 178.,   9.,   1.,  35.,   0.],
        [  2.,  16.,   4.,   8.,   7.,   0., 286.,   4.,   3.,   0.],
        [  5.,   7.,   2.,   4.,  23.,  34.,   6.,  54.,   3., 275.],
        [  2.,  15.,   4.,   1.,  12., 198.,   4.,   2.,  23.,   0.],
        [  1., 245.,   2.,  10.,   4.,   0.,  12.,   6.,   3.,   2.],
        [  1.,   6.,  20.,   3.,  16.,   8., 291.,   0.,   0.,   0.],
        [  5.,   7.,   2.,   5.,  72.,   2.,  31.,  48.,   1., 196.],
        [ 25.,   8.,   2.,   1.,   3.,  34.,   6., 249.,   1.,   2.],
        [  8.,  12.,   3., 283.,   3.,  17.,   5.,   0.,   2.,   0.],
        [ 21.,   1.,   1.,   1.,   8.,   0.,   4., 306.,   4.,   9.],
        [290.,   2.,  14.,   9.,   1.,   0., 123.,  16.,   6.,   0.],
        [  5.,  12.,  13.,   5.,  15.,  66.,   2.,  12., 181.,   0.],
        [ 11.,   6.,   0.,  25.,   4., 276.,   8.,   3.,   2.,   0.],
        [260.,   2.,   3.,   9.,   5.,  22.,   6.,  20.,   4.,   0.],
        [  3.,   1.,  10.,   4.,   4.,   0.,   1., 305.,   5.,   6.],
        [  7.,  10.,  13., 299.,   5.,   5.,   1.,   5., 108.,   0.],
        [  1.,  14.,   3.,   4.,   3.,   0.,   3., 212.,   3.,  16.],
        [  2., 290.,   2.,  10.,   3.,   0.,  28.,   8.,   6.,   2.],
        [  1., 165.,   4.,  14.,   6.,   1.,   9.,  18.,   5.,   3.],
        [  0.,   8.,   5.,   4., 212.,   0.,  18.,   9.,   2.,  61.],
        [ 15.,   9.,  10., 294.,   5.,   6.,  18.,   1.,   1.,   0.],
        [230.,   1.,   8.,   7.,   5.,   0.,  10.,   3.,   0.,   0.],
        [  1., 294.,   1.,  12.,   4.,   0.,  16.,  16.,  16.,   6.],
        [  5.,   5.,  13.,   4.,   8.,   0., 299.,   8.,   1.,   0.],
        [  5.,   0.,   3.,   2.,   2.,   0.,   1., 310.,   1.,   2.],
        [ 12.,   7.,  25., 143.,   4.,   2.,   6.,  41.,   3.,   0.],
        [  2., 252.,   1.,   8.,   2.,   0.,   4.,   2.,  29.,   1.],
        [  6.,  11.,  20.,  15.,   7.,   0.,  10.,  23., 239.,   1.],
        [  2., 164.,   3.,  14.,   5.,  47.,  26.,   3.,   6.,   1.],
        [  7.,   4.,   9.,   6.,   7.,   0.,  90.,  34.,   2., 250.],
        [  1., 280.,   2.,   7.,   6.,   0.,  11.,  16.,   5.,  24.],
        [  3.,  41.,   5.,   9.,   7.,   2.,   8.,  31., 136.,   1.],
        [  7.,   3.,  49.,   2.,  10.,   0., 303.,   1.,   0.,   0.],
        [  1.,  11., 281.,  12.,   2.,   1.,  18.,   7.,  29.,   0.],
        [  8.,   2., 118.,   0.,  53.,   0., 299.,   4.,   0.,   0.],
        [ 25.,   5.,   8.,   3.,  10.,   0.,  36.,  35.,   5., 120.],
        [ 19.,   4.,   3.,  11.,  22., 274.,   6.,   2.,   7.,   0.],
        [ 12.,   3.,   0.,   1.,  14.,  21.,   7., 309.,   1.,   9.],
        [  5.,  16., 250.,  21.,   3.,   0.,   3.,   4.,  97.,   0.],
        [ 15.,   4., 261.,  29.,   3.,  35.,   0.,   1.,  16.,   0.],
        [300.,   1.,   4.,  17.,   1.,   4.,   9.,   9.,   1.,   0.],
        [  1.,   3.,   3.,   2.,   4.,   0.,   2., 306.,   4.,  27.],
        [  5.,  15.,   3., 188.,   5.,   4.,  16.,  17.,   2.,   0.],
        [ 13.,   5.,   0., 286.,  12.,   3.,  76.,  14.,  10.,   0.],
        [  3.,   9.,   3.,  11.,  13.,   7.,   5.,  32.,   7., 270.],
        [ 10.,  14.,  17.,  18.,   8.,   3.,   4.,   7., 202.,   0.],
        [  5.,   7.,  11.,  17.,  10.,   5.,   9.,  14., 248.,   3.],
        [  8.,   9.,   0.,   6.,  17.,  45.,  11., 289.,   2.,   0.],
        [ 12.,   7.,  12.,   6.,  23.,   0.,  19.,  17.,   2., 269.],
        [ 11.,   6.,   3.,   9.,   7., 259.,   1.,   7.,   8.,   2.],
        [  8.,   3.,   0.,  34.,   2., 282.,   4.,   2.,   3.,   1.],
        [  4.,   5., 291.,  29.,   2.,   0.,   5.,  29.,  14.,   0.],
        [ 13.,   4.,  24., 284.,   9.,   3.,   4.,   0.,   0.,   0.],
        [ 12.,  11.,   1., 285.,   2.,  11.,   8.,   4.,   1.,   0.],
        [  0.,   5., 291.,  24.,   3.,   0.,  21.,  22.,   7.,   0.],
        [  7.,   0.,   2.,   4.,   5.,   0.,   2., 302.,   5., 108.],
        [  2.,   8.,   1.,   6.,  17.,  35.,  18., 288.,   3.,   2.],
        [  2., 265.,   5.,  13.,   5.,   0.,   5.,  22.,  27.,   5.],
        [  4.,  13.,   7.,   9.,  20.,   1.,  13.,  10., 232.,   0.],
        [  1.,   6.,   3., 133.,   8.,   0.,   3.,   5.,   2., 104.],
        [  5.,  11.,   7.,   6.,  13.,   3.,   7.,  23., 243., 114.],
        [  4.,  10., 271.,  10.,   4.,   0.,   8.,   7.,   4.,   0.],
        [ 10.,   5.,  26.,  34.,   7.,  19.,   5.,  10., 263.,   0.]],
       device='cuda:0')
--- spikes (finish interval) ---
tensor([[0., 0., 0., 0., 0., 0., 1., 0., 0., 0.],
        [0., 0., 0., 0., 0., 1., 0., 0., 0., 0.],
        [0., 0., 0., 0., 0., 0., 1., 0., 0., 0.],
        [0., 0., 0., 0., 0., 0., 0., 0., 0., 0.],
        [0., 0., 0., 0., 0., 0., 0., 0., 0., 0.],
        [0., 0., 0., 0., 0., 0., 0., 0., 0., 0.],
        [0., 0., 0., 0., 0., 0., 1., 0., 0., 0.],
        [0., 0., 0., 0., 0., 0., 0., 0., 0., 1.],
        [0., 0., 0., 0., 0., 0., 0., 0., 0., 0.],
        [0., 0., 0., 1., 0., 0., 0., 0., 0., 0.],
        [0., 0., 0., 0., 0., 0., 0., 0., 0., 0.],
        [0., 0., 0., 0., 0., 0., 0., 0., 0., 0.],
        [0., 0., 0., 0., 0., 0., 0., 0., 0., 0.],
        [0., 0., 0., 0., 0., 1., 0., 0., 0., 0.],
        [0., 0., 0., 0., 0., 0., 0., 0., 0., 0.],
        [0., 0., 0., 0., 0., 0., 0., 1., 0., 0.],
        [0., 0., 0., 0., 0., 0., 0., 0., 0., 0.],
        [0., 0., 0., 0., 0., 0., 0., 0., 0., 0.],
        [0., 1., 0., 0., 0., 0., 0., 0., 0., 0.],
        [0., 0., 0., 0., 0., 0., 0., 0., 0., 0.],
        [0., 0., 0., 0., 0., 0., 0., 0., 0., 0.],
        [0., 0., 0., 0., 0., 0., 0., 0., 0., 0.],
        [1., 0., 0., 0., 0., 0., 0., 0., 0., 0.],
        [0., 1., 0., 0., 0., 0., 0., 0., 0., 0.],
        [0., 0., 0., 0., 0., 0., 0., 0., 0., 0.],
        [0., 0., 0., 0., 0., 0., 0., 1., 0., 0.],
        [0., 0., 0., 0., 0., 0., 0., 0., 0., 0.],
        [0., 0., 0., 0., 0., 0., 0., 0., 0., 0.],
        [0., 0., 0., 0., 0., 0., 0., 0., 0., 0.],
        [0., 0., 0., 0., 0., 0., 0., 0., 0., 0.],
        [0., 0., 0., 0., 0., 0., 0., 0., 0., 0.],
        [0., 0., 0., 0., 0., 0., 0., 0., 0., 0.],
        [0., 0., 0., 0., 0., 0., 0., 0., 1., 0.],
        [0., 0., 0., 0., 0., 0., 1., 0., 0., 0.],
        [0., 0., 1., 0., 0., 0., 0., 0., 0., 0.],
        [0., 0., 0., 0., 0., 0., 1., 0., 0., 0.],
        [0., 0., 0., 0., 0., 0., 0., 0., 0., 1.],
        [0., 0., 0., 0., 0., 0., 0., 0., 0., 0.],
        [0., 0., 0., 0., 0., 1., 0., 1., 0., 0.],
        [0., 0., 0., 0., 0., 0., 0., 0., 0., 0.],
        [0., 0., 1., 0., 0., 0., 0., 0., 0., 0.],
        [0., 0., 0., 0., 0., 0., 0., 0., 0., 0.],
        [0., 0., 0., 0., 0., 0., 0., 0., 0., 0.],
        [0., 0., 0., 0., 0., 0., 0., 0., 0., 0.],
        [0., 0., 0., 1., 0., 0., 0., 0., 0., 0.],
        [0., 0., 0., 0., 0., 0., 0., 0., 0., 1.],
        [0., 0., 0., 0., 0., 0., 0., 0., 0., 0.],
        [0., 0., 0., 0., 0., 0., 0., 0., 1., 0.],
        [0., 0., 0., 0., 0., 0., 0., 0., 0., 0.],
        [0., 0., 0., 0., 0., 0., 0., 0., 0., 1.],
        [0., 0., 0., 0., 0., 1., 0., 0., 0., 0.],
        [0., 0., 0., 0., 0., 1., 0., 0., 0., 0.],
        [0., 0., 1., 0., 0., 0., 0., 0., 0., 0.],
        [0., 0., 0., 0., 0., 0., 0., 0., 0., 0.],
        [0., 0., 0., 0., 0., 0., 0., 0., 0., 0.],
        [0., 0., 1., 0., 0., 0., 0., 0., 0., 0.],
        [0., 0., 0., 0., 0., 0., 0., 1., 0., 0.],
        [0., 0., 0., 0., 0., 0., 0., 1., 0., 0.],
        [0., 0., 0., 0., 0., 0., 0., 0., 0., 0.],
        [0., 0., 0., 0., 0., 0., 0., 0., 0., 0.],
        [0., 0., 0., 0., 0., 0., 0., 0., 0., 0.],
        [0., 0., 0., 0., 0., 0., 0., 0., 0., 0.],
        [0., 0., 1., 0., 0., 0., 0., 0., 0., 0.],
        [0., 0., 0., 0., 0., 0., 0., 0., 1., 0.]], device='cuda:0')
Epoch 4 | Batch 900
--- spikes (training) ---
tensor([[  1., 208.,  10.,   6.,   0.,   9.,   0.,  21.,  20.,   1.],
        [  0.,   6., 233.,   6.,   0.,   0.,   5.,  11.,  80.,   1.],
        [  2.,   0.,  26.,   0.,  27.,   0., 279.,   5.,   2.,   1.],
        [  1.,  14.,   5.,   4.,   0., 284.,   5.,   1.,  12.,   2.],
        [  1.,   3.,   4., 272.,   0., 135.,   0.,   5.,   9.,   1.],
        [  0.,   6.,   2.,   3.,  35.,   0.,   4., 256.,   5.,   9.],
        [  1.,   5.,   2., 258.,   0.,  10.,   0.,   2.,   4.,   0.],
        [ 18.,   9.,   1.,   6.,   5.,  20.,   0.,   5., 279.,   1.],
        [  0., 148.,   7.,  10.,   0.,   1.,   0., 240.,  33.,   2.],
        [  0.,   1.,   0.,   0., 241.,   3.,   0.,  71.,   7.,   2.],
        [  1.,  10.,   2.,   3.,   3.,   5.,   0.,  71., 286.,  10.],
        [ 12.,   3.,   0.,   1.,  62., 276.,   0.,   7., 101.,   4.],
        [  2.,  44.,   0.,   0., 263.,   2.,   4.,  14.,   8.,   1.],
        [  2.,   4.,   0.,   6.,   0.,   7.,   0.,  49.,  18., 237.],
        [  2.,  10.,   1.,   3.,   3.,  27.,   0.,  13., 253.,   8.],
        [  0.,  11.,   9., 226.,   4.,   7.,   1.,   6.,   7.,  17.],
        [  0.,   4.,   8.,  10.,   2.,   0.,   0., 246.,   9.,  58.],
        [  0.,  12.,   0.,   3.,   0.,   1.,   0., 304.,  26.,   7.],
        [  0.,   0.,  20.,   2.,   7.,   0., 290.,   3.,  11.,   3.],
        [  0., 274.,   3.,   3.,   0.,   1.,   2.,   4.,   6.,   0.],
        [  0.,   5.,   0., 292.,   2.,  41.,   0.,   5.,  10.,  31.],
        [  0.,   2.,   0.,   5.,   1.,   2.,   0., 314.,   9.,   9.],
        [  0.,  18.,  47.,  19.,   1.,  52.,  11.,   7., 208.,   6.],
        [  1.,   8.,   5.,  18.,   5.,  12.,   0.,   6., 279.,   5.],
        [  0.,   2.,   0.,   4.,   3.,   5.,   0., 301.,   8.,  34.],
        [  2.,  15., 267.,  22.,   0.,   0.,   2.,   5.,   3.,   1.],
        [  0., 283.,   4.,   7.,   0.,   2.,   4.,  12.,  16.,   2.],
        [  0.,   4.,  12.,   1.,   8.,   0., 279.,   8.,   6.,   4.],
        [  0.,   4.,   1., 293.,   0.,  38.,   2.,   3.,   5.,   1.],
        [  1.,   6.,   0.,   3.,   3.,   1.,   0., 301.,   8.,  10.],
        [  0.,   5.,   0.,   5.,  33.,  10.,   0., 124.,   3., 260.],
        [  0.,   4., 286.,   3.,   1.,   0.,  97.,   2.,   6.,   0.],
        [  0.,   6.,   1., 267.,   0.,  41.,   6.,   4.,  11.,   1.],
        [  0.,   4.,   1.,   3.,   5.,   4.,   0., 287.,   8.,  12.],
        [  3.,   5.,   8.,   7.,   2.,  15.,   3.,  12., 286.,   5.],
        [  0.,   5.,   0.,   1., 261.,   1.,   2.,  39.,  11.,   4.],
        [  8.,   3.,   0., 174.,   3., 176.,   2.,   7.,  18.,   1.],
        [  4.,   2.,   0.,   4., 286.,   3.,   9.,  31.,  40.,  73.],
        [  1.,   3.,   0.,   0.,   0.,   2.,   0., 288.,   5.,  16.],
        [  0.,   2.,   0.,   1., 284.,   2.,   2.,  47.,  10.,  15.],
        [287.,   2.,   0.,  12.,   0.,   9.,   0.,  13.,  39.,   5.],
        [  5.,  10.,  11.,  38.,   2.,   2.,   2.,   7., 262.,   2.],
        [  7.,  13.,   0.,   0.,   1., 252.,   1.,  12.,  19.,   2.],
        [  0.,   2.,   1.,   0., 281.,   0.,   1.,  68.,   7.,   7.],
        [225.,   1.,   0.,  21.,   0.,   5.,   2.,   6.,  12.,   6.],
        [ 24.,   1.,   0.,  22.,   0.,  10., 158.,   2.,   2.,   3.],
        [  0.,   6.,   0.,   3.,   1.,  14.,   0.,  72.,   6., 234.],
        [  0.,   1.,   0.,   3., 220.,   2.,  14.,   5.,  10.,   7.],
        [  0.,   4.,   0.,   0.,   4.,   2.,   0., 316.,   7.,   7.],
        [  4.,   5.,   0.,  18.,   0., 289.,   0.,   9.,   3.,   3.],
        [  0.,   3.,   1.,  15.,   0., 291.,   2.,   1.,   7.,   3.],
        [  0., 283.,  69.,   5.,   0.,   6.,   2.,   6.,  19.,   2.],
        [  2.,   2.,   0.,  65.,   3., 111.,   0.,  12.,  42., 141.],
        [  0.,   3., 302.,   5.,   0.,   0.,   8.,   6.,   1.,   2.],
        [  0.,  29.,  37.,   1.,   0.,   0., 129.,   5.,  23.,   2.],
        [  0., 275.,   6.,   5.,   0.,   1.,   3.,   9.,   5.,   2.],
        [295.,   1.,   0.,  16.,   0.,  49.,   0.,  26.,   6.,   1.],
        [  0.,   7., 276.,   4.,   0.,   0.,   4.,   9.,   4.,   7.],
        [  0.,  11.,   3.,  48.,   7.,   1.,   0., 280.,  18.,  19.],
        [  0.,  14.,   0.,   0.,   0.,   1.,   0., 312., 147.,   2.],
        [  0.,   0.,  30.,   0., 100.,   0., 291.,   3.,   2.,   2.],
        [  0.,   4., 281.,   3.,   0.,   0.,  19.,   2.,   1.,   2.],
        [  0.,   4., 287.,   1.,   3.,   0.,  17.,   9.,   2.,   2.],
        [  1.,  19.,   0.,   2.,   0.,   2.,   0., 216., 106.,   7.]],
       device='cuda:0')
--- spikes (finish interval) ---
tensor([[0., 1., 0., 0., 0., 0., 0., 0., 0., 0.],
        [0., 0., 0., 0., 0., 0., 0., 0., 0., 0.],
        [0., 0., 0., 0., 0., 0., 0., 0., 0., 0.],
        [0., 0., 0., 0., 0., 0., 0., 0., 0., 0.],
        [0., 0., 0., 0., 0., 1., 0., 0., 0., 0.],
        [0., 0., 0., 0., 0., 0., 0., 0., 0., 0.],
        [0., 0., 0., 1., 0., 0., 0., 0., 0., 0.],
        [0., 0., 0., 0., 0., 0., 0., 0., 0., 0.],
        [0., 1., 0., 0., 0., 0., 0., 0., 0., 0.],
        [0., 0., 0., 0., 0., 1., 0., 0., 0., 0.],
        [0., 0., 0., 0., 0., 0., 0., 0., 0., 0.],
        [0., 0., 0., 0., 0., 0., 0., 0., 0., 0.],
        [0., 0., 0., 0., 1., 0., 0., 0., 0., 0.],
        [0., 0., 0., 0., 0., 0., 0., 0., 0., 0.],
        [0., 0., 0., 0., 0., 0., 0., 0., 1., 0.],
        [0., 0., 0., 0., 0., 0., 0., 0., 0., 0.],
        [0., 0., 0., 0., 0., 0., 0., 0., 0., 0.],
        [0., 0., 0., 0., 0., 0., 0., 1., 0., 0.],
        [0., 0., 0., 0., 0., 0., 1., 0., 0., 0.],
        [0., 1., 0., 0., 0., 0., 0., 0., 0., 0.],
        [0., 0., 0., 1., 0., 0., 0., 0., 0., 0.],
        [0., 0., 0., 0., 0., 0., 0., 1., 0., 0.],
        [0., 0., 0., 0., 0., 0., 0., 0., 1., 0.],
        [0., 0., 0., 0., 0., 0., 0., 0., 1., 0.],
        [0., 0., 0., 0., 0., 0., 0., 0., 0., 0.],
        [0., 0., 0., 0., 0., 0., 0., 0., 0., 0.],
        [0., 0., 0., 0., 0., 0., 0., 0., 0., 0.],
        [0., 0., 0., 0., 0., 0., 0., 0., 0., 0.],
        [0., 0., 0., 0., 0., 0., 0., 0., 0., 0.],
        [0., 0., 0., 0., 0., 0., 0., 1., 0., 0.],
        [0., 0., 0., 0., 0., 0., 0., 0., 0., 1.],
        [0., 0., 0., 0., 0., 0., 1., 0., 0., 0.],
        [0., 0., 0., 1., 0., 0., 0., 0., 0., 0.],
        [0., 0., 0., 0., 0., 0., 0., 0., 0., 0.],
        [0., 0., 0., 0., 0., 0., 0., 0., 0., 0.],
        [0., 0., 0., 0., 0., 0., 0., 0., 0., 0.],
        [0., 0., 0., 0., 0., 1., 0., 0., 0., 0.],
        [0., 0., 0., 0., 1., 0., 0., 0., 0., 0.],
        [0., 0., 0., 0., 0., 0., 0., 0., 0., 0.],
        [0., 0., 0., 0., 1., 0., 0., 0., 0., 0.],
        [0., 0., 0., 0., 0., 0., 0., 0., 0., 0.],
        [0., 0., 0., 0., 0., 0., 0., 0., 0., 0.],
        [0., 0., 0., 0., 0., 1., 0., 0., 0., 0.],
        [0., 0., 0., 0., 1., 0., 0., 0., 0., 0.],
        [0., 0., 0., 0., 0., 0., 0., 0., 0., 0.],
        [0., 0., 0., 0., 0., 0., 0., 0., 0., 0.],
        [0., 0., 0., 0., 0., 0., 0., 0., 0., 0.],
        [0., 0., 0., 0., 1., 0., 0., 0., 0., 0.],
        [0., 0., 0., 0., 0., 0., 0., 0., 0., 0.],
        [0., 0., 0., 0., 0., 0., 0., 0., 0., 0.],
        [0., 0., 0., 0., 0., 1., 0., 0., 0., 0.],
        [0., 0., 0., 0., 0., 0., 0., 0., 0., 0.],
        [0., 0., 0., 0., 0., 1., 0., 0., 0., 0.],
        [0., 0., 0., 0., 0., 0., 0., 0., 0., 0.],
        [0., 0., 0., 0., 0., 0., 0., 0., 0., 0.],
        [0., 1., 0., 0., 0., 0., 0., 0., 0., 0.],
        [0., 0., 0., 0., 0., 0., 0., 0., 0., 0.],
        [0., 0., 1., 0., 0., 0., 0., 0., 0., 0.],
        [0., 0., 0., 0., 0., 0., 0., 1., 0., 0.],
        [0., 0., 0., 0., 0., 0., 0., 1., 0., 0.],
        [0., 0., 0., 0., 0., 0., 0., 0., 0., 0.],
        [0., 0., 0., 0., 0., 0., 0., 0., 0., 0.],
        [0., 0., 0., 0., 0., 0., 0., 0., 0., 0.],
        [0., 0., 0., 0., 0., 0., 0., 0., 0., 0.]], device='cuda:0')
Switching label layer to Inference Mode (LIF)...
Epoch 4 DONE | Test Acc: 77.62% | Time: 1074.0s
Switching label layer back to Training Mode (Clamp)...
Epoch 5 | Batch 0
--- spikes (training) ---
tensor([[  0.,   9.,   2.,   2., 275.,   6.,  13.,  14.,  10.,  31.],
        [284.,   0.,  32.,   1.,   0.,   1.,   6.,   3.,  52.,   1.],
        [  6.,   7.,   0.,  20.,   2., 294.,   4.,   2.,   2.,   3.],
        [  7.,   3.,   8.,   0.,  10.,   4., 263.,   1.,  12.,   3.],
        [  0.,   6.,   9.,   1.,  59.,   0.,  27.,   6.,  12., 281.],
        [290.,   0.,   4.,   7.,   7.,  37.,   2.,   3.,   0.,  18.],
        [  1.,   6.,   4., 288.,   2.,  10.,   2.,   2.,   3.,   1.],
        [  1.,   5.,   5., 272.,   5.,   3.,   1.,   1.,   5.,   1.],
        [  0.,   0.,  89.,   1., 113.,   0., 309.,   1.,   0.,   1.],
        [  1.,   2., 310.,   1.,   5.,   0.,  12.,   0.,   1.,   0.],
        [  2.,  10.,   5., 268.,  11.,   0.,   4.,  33.,  72., 130.],
        [  2.,   9.,   5.,   1.,  16.,   5.,  10.,   4., 224.,  30.],
        [ 10.,  10.,   8.,   3.,  31.,   5.,   5.,   9., 260., 115.],
        [  2.,  15.,  12.,   2.,  12.,   2., 261.,   1.,  10.,   3.],
        [  7.,   0., 299.,  14.,   4.,   0.,   4.,   1.,   1.,   2.],
        [  1.,   2.,   1.,   5.,  14.,   7.,   4.,  56.,   2., 273.],
        [  0., 253.,   1.,   8.,   2.,   5.,   4.,   3.,   1.,   3.],
        [ 91.,   0., 311.,   3.,   2.,   0.,  12.,   0.,   0.,   0.],
        [  0., 257.,   1.,   9.,   1.,   4.,   3.,   4.,   1.,   4.],
        [  0.,  13.,   3., 275.,   5.,   1.,   3.,   0.,   5.,   1.],
        [  0., 246.,   1.,   2.,   2.,   0.,   3.,   2.,   3.,   2.],
        [  9.,   0.,  14.,   1.,  21.,   0.,   5.,  12.,   2., 283.],
        [191.,   2.,   3.,  30.,   2.,   3.,  19.,   8.,   4.,   3.],
        [  1.,   4.,  10.,   3.,   7.,   0., 271.,   2.,   1.,   2.],
        [  1.,   1.,  21.,   1.,   8.,   2., 251.,   1.,   0.,   6.],
        [  4.,   0., 302.,   3.,  11.,   0.,   5.,   0.,   0.,   0.],
        [  0.,   1.,  35.,   1., 284.,   2.,  11.,   7.,   2.,  12.],
        [  1.,   5.,   1.,   2.,   4.,   1.,   0., 275.,   2.,  17.],
        [132.,   0., 214.,   6.,   3.,   3.,   3.,   2.,   0.,   1.],
        [290.,   0.,  25.,   1.,   0.,   4.,   4.,   2.,  59.,   1.],
        [  3.,   2.,   1.,  14.,   3., 299.,   4.,   1.,   1.,   3.],
        [ 10.,   3.,  13.,   0.,  10.,   2., 296.,   1.,   0.,  41.],
        [  1.,  16.,   4.,  12.,   6.,   0.,   1., 290.,   4.,  39.],
        [  0.,   3.,   2.,   2., 234.,   2.,   5., 102.,   2., 103.],
        [  3.,   3.,  45.,   0.,  18.,   0., 301.,   1.,   0.,   2.],
        [  0., 258.,   5.,   4.,   4.,   0.,   4.,   1.,  68.,   1.],
        [ 10.,   2.,  20., 278.,   1.,  11.,   2.,   3.,   1.,   0.],
        [  0.,   1.,  58., 249.,   2.,   1.,   2.,   0.,   0.,   0.],
        [  2.,  11.,   6., 276.,   1.,   9.,  11.,   4.,   4.,   0.],
        [ 13.,   0.,   2.,   5.,  17.,   1.,   1., 304.,   1.,  85.],
        [  0.,   1.,  21.,   3., 259.,   1.,  25.,   3.,   3.,  61.],
        [  0.,  11., 279.,   2.,  10.,   0.,  10.,   1.,   8.,   0.],
        [  0.,   0.,   9.,  30.,   6.,   0.,   0., 298.,   1.,  23.],
        [  0., 276.,   2.,  19.,   3.,   6.,   6.,   7.,   2.,   8.],
        [  1.,   1.,   8.,   3., 284.,   1.,   7.,   4.,   4.,   5.],
        [  0., 190.,   9.,   4.,   1.,   1.,  15.,   3.,   0.,   1.],
        [  2., 204.,   1.,  10.,   1.,   5.,   6.,  10., 150.,  10.],
        [264.,   2.,   8.,   1.,  57.,   7.,  13.,   4.,   0.,   2.],
        [ 14.,   1.,  49.,   0.,  35.,   0., 304.,   1.,   0.,  16.],
        [  9.,   1., 308.,   2.,   8.,   0.,   6.,   0.,   1.,   1.],
        [  2.,   0.,   1.,   6.,   3.,   1.,   1., 281.,   1.,  16.],
        [  0.,   3.,  17.,  10.,   6.,   0.,   3.,  21.,   2., 260.],
        [  0.,  22., 284.,  15.,   0.,   0.,   8.,  29.,   0.,   0.],
        [  1.,  10.,   0.,   2.,  22.,   7.,   2., 265.,   3.,  14.],
        [  5.,   1.,  14.,  55.,   0., 267.,   5.,   2.,   6.,   4.],
        [  1.,  23.,   4.,   6.,  27.,   8.,   6.,   5.,  90., 131.],
        [ 29.,   1., 117.,   3.,   2.,  18.,   3.,   6.,   2.,   3.],
        [ 12.,   3.,   4.,   0.,   5., 275.,   5.,   0.,   6.,  20.],
        [286.,   0.,   2.,  10.,   5.,  42.,   3.,   0.,   0.,   3.],
        [  5.,   7.,   0.,  14.,   9., 289.,   4.,   1.,  11.,  17.],
        [  1.,   4.,   0.,  11.,  24.,   4.,   4.,  67.,   4., 273.],
        [ 12.,   1.,  19.,   9.,   1., 274.,   6.,   1.,   9.,   7.],
        [  0., 284.,   1.,  12.,   1.,   6.,   6.,   7.,   2.,   7.],
        [  0., 283.,   1.,   6.,   4.,   2.,   3.,   9.,  16.,   8.]],
       device='cuda:0')
--- spikes (finish interval) ---
tensor([[0., 0., 0., 0., 1., 0., 0., 0., 0., 0.],
        [0., 0., 0., 0., 0., 0., 0., 0., 0., 0.],
        [0., 0., 0., 0., 0., 1., 0., 0., 0., 0.],
        [0., 0., 0., 0., 0., 0., 0., 0., 0., 0.],
        [0., 0., 0., 0., 0., 0., 0., 0., 0., 1.],
        [1., 0., 0., 0., 0., 0., 0., 0., 0., 0.],
        [0., 0., 0., 1., 0., 0., 0., 0., 0., 0.],
        [0., 0., 0., 1., 0., 0., 0., 0., 0., 0.],
        [0., 0., 0., 0., 1., 0., 1., 0., 0., 0.],
        [0., 0., 1., 0., 0., 0., 0., 0., 0., 0.],
        [0., 0., 0., 1., 0., 0., 0., 0., 0., 0.],
        [0., 0., 0., 0., 0., 0., 0., 0., 0., 1.],
        [0., 0., 0., 0., 0., 0., 0., 0., 1., 0.],
        [0., 0., 0., 0., 0., 0., 0., 0., 0., 0.],
        [0., 0., 0., 0., 0., 0., 0., 0., 0., 0.],
        [0., 0., 0., 0., 0., 0., 0., 0., 0., 0.],
        [0., 0., 0., 0., 0., 0., 0., 0., 0., 0.],
        [0., 0., 1., 0., 0., 0., 0., 0., 0., 0.],
        [0., 0., 0., 0., 0., 0., 0., 0., 0., 0.],
        [0., 0., 0., 0., 0., 0., 0., 0., 0., 0.],
        [0., 1., 0., 0., 0., 0., 0., 0., 0., 0.],
        [0., 0., 0., 0., 0., 0., 0., 0., 0., 1.],
        [0., 0., 0., 0., 0., 0., 0., 0., 0., 0.],
        [0., 0., 0., 0., 0., 0., 0., 0., 0., 0.],
        [0., 0., 0., 0., 0., 0., 0., 0., 0., 0.],
        [0., 0., 0., 0., 0., 0., 0., 0., 0., 0.],
        [0., 0., 0., 0., 1., 0., 0., 0., 0., 0.],
        [0., 0., 0., 0., 0., 0., 0., 0., 0., 0.],
        [0., 0., 0., 0., 0., 0., 0., 0., 0., 0.],
        [1., 0., 0., 0., 0., 0., 0., 0., 1., 0.],
        [0., 0., 0., 0., 0., 0., 0., 0., 0., 0.],
        [0., 0., 0., 0., 0., 0., 0., 0., 0., 0.],
        [0., 0., 0., 0., 0., 0., 0., 1., 0., 0.],
        [0., 0., 0., 0., 0., 0., 0., 0., 0., 1.],
        [0., 0., 0., 0., 0., 0., 0., 0., 0., 0.],
        [0., 1., 0., 0., 0., 0., 0., 0., 0., 0.],
        [0., 0., 0., 1., 0., 0., 0., 0., 0., 0.],
        [0., 0., 0., 0., 0., 0., 0., 0., 0., 0.],
        [0., 0., 0., 0., 0., 0., 0., 0., 0., 0.],
        [0., 0., 0., 0., 0., 0., 0., 0., 0., 0.],
        [0., 0., 0., 0., 0., 0., 0., 0., 0., 0.],
        [0., 0., 0., 0., 0., 0., 0., 0., 0., 0.],
        [0., 0., 0., 0., 0., 0., 0., 0., 0., 0.],
        [0., 1., 0., 0., 0., 0., 0., 0., 0., 0.],
        [0., 0., 0., 0., 0., 0., 0., 0., 0., 0.],
        [0., 0., 0., 0., 0., 0., 0., 0., 0., 0.],
        [0., 0., 0., 0., 0., 0., 0., 0., 0., 0.],
        [1., 0., 0., 0., 0., 0., 0., 0., 0., 0.],
        [0., 0., 0., 0., 0., 0., 1., 0., 0., 0.],
        [0., 0., 1., 0., 0., 0., 0., 0., 0., 0.],
        [0., 0., 0., 0., 0., 0., 0., 1., 0., 0.],
        [0., 0., 0., 0., 0., 0., 0., 0., 0., 0.],
        [0., 0., 0., 0., 0., 0., 0., 0., 0., 0.],
        [0., 0., 0., 0., 0., 0., 0., 1., 0., 0.],
        [0., 0., 0., 0., 0., 1., 0., 0., 0., 0.],
        [0., 0., 0., 0., 0., 0., 0., 0., 0., 0.],
        [0., 0., 0., 0., 0., 0., 0., 0., 0., 0.],
        [0., 0., 0., 0., 0., 1., 0., 0., 0., 0.],
        [1., 0., 0., 0., 0., 0., 0., 0., 0., 0.],
        [0., 0., 0., 0., 0., 0., 0., 0., 0., 0.],
        [0., 0., 0., 0., 0., 0., 0., 0., 0., 1.],
        [0., 0., 0., 0., 0., 1., 0., 0., 0., 0.],
        [0., 1., 0., 0., 0., 0., 0., 0., 0., 0.],
        [0., 1., 0., 0., 0., 0., 0., 0., 0., 0.]], device='cuda:0')
Epoch 5 | Batch 100
--- spikes (training) ---
tensor([[  8.,   6.,   3.,   4.,  18.,   1.,   2., 298.,   5.,  30.],
        [316.,   0.,   9.,   1.,  14.,   0.,   6.,  34.,  23.,   0.],
        [ 16.,   2.,   4.,   9.,   5.,   3., 309.,   0.,   5.,   4.],
        [ 17.,   2.,   7., 301.,  12.,  10.,   0.,   2.,  19.,   0.],
        [  2.,   7.,   3.,   1.,   9.,   1., 308.,   0.,   6.,   6.],
        [  6.,  80.,   7.,  35.,   8.,   3.,   3.,   6., 241.,   6.],
        [  3.,   2.,   2.,   0., 287.,   5.,   1.,  10.,   3.,  13.],
        [ 14.,   5.,   0.,   5.,  26.,  67.,   1., 278.,   6.,   2.],
        [ 19.,   9.,  11.,   5.,  10.,   0.,   9.,  10., 253.,   3.],
        [264.,   1.,   4.,   5.,   7.,  67.,   0.,   1.,  22.,   0.],
        [  6.,  10.,   8.,   7.,   9.,   6.,   8.,   5., 241.,  57.],
        [  9.,   1.,   3.,  59.,  10.,  24.,   2.,  14.,   9.,  57.],
        [311.,   2.,   0.,   6.,  14.,  37.,   0.,  11.,  13.,   0.],
        [  5.,   2.,   3.,   0.,  30.,   7.,   7.,   3.,   4., 264.],
        [  7.,   2.,  47.,   1., 258.,   0.,   1.,   6.,   6.,   8.],
        [  0., 284.,   2.,  16.,   3.,   1.,   2.,   4.,   4.,   4.],
        [  4.,   2.,   4.,   2., 287.,   1.,   3.,   8.,   3.,   2.],
        [312.,   0.,  32.,   9.,   2.,   0.,   5.,   6.,   2.,   0.],
        [ 15.,   2.,  21.,   1.,  11.,   0., 315.,   0.,   8.,   8.],
        [  7.,   9.,   8., 226.,  19.,   7.,   0.,   2.,  17.,   1.],
        [ 18.,   2.,  20.,   2.,   9.,   0., 284.,   1.,   3.,   2.],
        [ 11.,   4.,   1.,   3.,   5.,   8.,   0., 293.,   5.,  66.],
        [ 18.,   5.,   1.,   4.,   5.,   5.,   0., 300.,   9.,   1.],
        [  7.,   6.,   5.,   0., 272.,   3.,   9.,   6.,   5.,   5.],
        [ 29.,   1., 279.,  19.,  14.,   0.,   0.,   3.,  14.,   0.],
        [ 13.,   2.,  21.,  48.,  22.,   9.,   5.,   4., 267.,   0.],
        [  7.,  13., 283.,  60.,   2.,   0.,  28.,   0.,   3.,   0.],
        [309.,   0.,   8.,  41.,   6.,   7.,   0.,   5.,  24.,   0.],
        [  2., 146.,  13.,  10.,   6.,   1.,   0.,   1.,  77.,   0.],
        [  4.,   6.,   1.,   4.,   4.,  31.,   1., 112.,   6., 240.],
        [  1., 290.,   1.,  12.,   5.,   4.,   3.,   2.,   7.,   5.],
        [  4.,   3.,  21.,   2.,  10.,   0., 307.,   1.,   6.,   1.],
        [  1., 292.,   2.,  17.,   6.,   7.,  11.,   1.,  12.,   9.],
        [194.,   1.,   6.,   7.,   5.,   4.,  36.,   7.,  40.,   2.],
        [  6.,   1.,  30.,   0.,  15.,   0., 305.,   1.,   2.,   0.],
        [ 21.,   1.,  64.,   1.,   8.,   0., 300.,   2.,   2.,   0.],
        [  7.,   3.,   2.,   5.,   6.,   2.,   0., 299.,   4.,  18.],
        [  2.,   2.,   5.,   1., 272.,   1.,   3.,   1.,   4.,   5.],
        [ 30.,   1., 287.,  16.,   2.,   0.,   5.,   8.,  12.,   0.],
        [ 14.,  10.,  11.,   7.,  17.,   3.,   5.,   5., 266.,   2.],
        [ 35.,   0., 302.,  78.,   7.,   0.,   2.,   0.,   3.,   0.],
        [  3.,   5.,  11.,   3.,  14.,   0., 301.,   1.,  85.,   4.],
        [  6.,   9.,  77.,   9.,  13.,   0.,  31.,   4., 233.,   0.],
        [ 18.,   2.,  27.,  21.,  22.,   4.,   1.,   4., 280.,   0.],
        [313.,   0.,  16.,  18.,   3.,   0.,   5.,  18.,   5.,   0.],
        [  3.,   2.,   4., 268.,   8.,   2.,   0.,   4.,   5.,   0.],
        [  2.,   1.,   3.,   4.,   9.,  60.,   1.,  10.,   7., 264.],
        [  1., 290.,   2.,  13.,   4.,   5.,   3.,   5.,   6.,   7.],
        [  4., 260.,   3.,  45.,   5.,   6.,  36.,   1.,   7.,   3.],
        [  7.,   1.,   5.,   7., 277.,   1.,  15.,   1.,   1.,   1.],
        [ 10.,   3., 136., 293.,   9.,   0.,   4.,   1.,   9.,   0.],
        [ 11.,   3.,  13., 279.,  35.,   2.,   0.,   2.,  65.,   0.],
        [ 18.,   3.,   6.,  15.,   4., 273.,   3.,   1.,  12.,   1.],
        [ 18.,   7.,   8., 297.,   3.,   4.,   1.,   3.,   3.,   0.],
        [  4.,   5.,   1.,   9.,   6.,   9.,   3.,  52.,  33., 240.],
        [  4.,   5., 204.,   4.,  22.,   0.,  11.,   1.,   5.,   0.],
        [ 12.,   1.,   9.,  26.,   4., 254.,   1.,   1.,  19.,   0.],
        [311.,   0.,   3.,  15.,   8.,  16.,   0.,   4.,  17.,   0.],
        [  3.,   4.,   0.,   2., 274.,   5.,   7.,  18.,   5.,  19.],
        [ 14.,   1.,  26.,  43.,  39.,  18.,   2.,   4., 273.,   0.],
        [ 22.,   2.,   4., 275.,   1.,   9.,  10.,   5.,   9.,   0.],
        [  9.,   3.,  12., 294.,  10.,  14.,   0.,   2.,  11.,   0.],
        [  7.,   8.,   3.,   7.,   5.,   2.,   1., 290.,   4.,   6.],
        [  3.,   2.,   4.,   2., 298.,   2.,   1.,  13.,   2.,   0.]],
       device='cuda:0')
--- spikes (finish interval) ---
tensor([[0., 0., 0., 0., 0., 0., 0., 1., 0., 0.],
        [0., 0., 0., 0., 0., 0., 0., 0., 0., 0.],
        [0., 0., 0., 0., 0., 0., 0., 0., 0., 0.],
        [0., 0., 0., 1., 0., 0., 0., 0., 0., 0.],
        [0., 0., 0., 0., 0., 0., 0., 0., 0., 0.],
        [0., 0., 0., 0., 0., 0., 0., 0., 0., 0.],
        [0., 0., 0., 0., 1., 0., 0., 0., 0., 0.],
        [0., 0., 0., 0., 0., 0., 0., 1., 0., 0.],
        [0., 0., 0., 0., 0., 0., 0., 0., 0., 0.],
        [0., 0., 0., 0., 0., 0., 0., 0., 0., 0.],
        [0., 0., 0., 0., 0., 0., 0., 0., 1., 0.],
        [0., 0., 0., 0., 0., 0., 0., 0., 0., 0.],
        [0., 0., 0., 0., 0., 0., 0., 0., 0., 0.],
        [0., 0., 0., 0., 0., 0., 0., 0., 0., 1.],
        [0., 0., 0., 0., 1., 0., 0., 0., 0., 0.],
        [0., 0., 0., 0., 0., 0., 0., 0., 0., 0.],
        [0., 0., 0., 0., 0., 0., 0., 0., 0., 0.],
        [1., 0., 0., 0., 0., 0., 0., 0., 0., 0.],
        [0., 0., 0., 0., 0., 0., 1., 0., 0., 0.],
        [0., 0., 0., 0., 0., 0., 0., 0., 0., 0.],
        [0., 0., 0., 0., 0., 0., 0., 0., 0., 0.],
        [0., 0., 0., 0., 0., 0., 0., 1., 0., 0.],
        [0., 0., 0., 0., 0., 0., 0., 1., 0., 0.],
        [0., 0., 0., 0., 0., 0., 0., 0., 0., 0.],
        [0., 0., 0., 0., 0., 0., 0., 0., 0., 0.],
        [0., 0., 0., 0., 0., 0., 0., 0., 0., 0.],
        [0., 0., 0., 0., 0., 0., 0., 0., 0., 0.],
        [1., 0., 0., 0., 0., 0., 0., 0., 0., 0.],
        [0., 0., 0., 0., 0., 0., 0., 0., 0., 0.],
        [0., 0., 0., 0., 0., 0., 0., 0., 0., 0.],
        [0., 0., 0., 0., 0., 0., 0., 0., 0., 0.],
        [0., 0., 0., 0., 0., 0., 1., 0., 0., 0.],
        [0., 0., 0., 0., 0., 0., 0., 0., 0., 0.],
        [0., 0., 0., 0., 0., 0., 0., 0., 0., 0.],
        [0., 0., 0., 0., 0., 0., 1., 0., 0., 0.],
        [0., 0., 0., 0., 0., 0., 0., 0., 0., 0.],
        [0., 0., 0., 0., 0., 0., 0., 1., 0., 0.],
        [0., 0., 0., 0., 1., 0., 0., 0., 0., 0.],
        [0., 0., 1., 0., 0., 0., 0., 0., 0., 0.],
        [0., 0., 0., 0., 0., 0., 0., 0., 0., 0.],
        [0., 0., 1., 0., 0., 0., 0., 0., 0., 0.],
        [0., 0., 0., 0., 0., 0., 0., 0., 1., 0.],
        [0., 0., 0., 0., 0., 0., 0., 0., 0., 0.],
        [0., 0., 0., 0., 0., 0., 0., 0., 1., 0.],
        [1., 0., 0., 0., 0., 0., 0., 0., 0., 0.],
        [0., 0., 0., 0., 0., 0., 0., 0., 0., 0.],
        [0., 0., 0., 0., 0., 0., 0., 0., 0., 0.],
        [0., 0., 0., 0., 0., 0., 0., 0., 0., 0.],
        [0., 0., 0., 0., 0., 0., 0., 0., 0., 0.],
        [0., 0., 0., 0., 0., 0., 0., 0., 0., 0.],
        [0., 0., 1., 0., 0., 0., 0., 0., 0., 0.],
        [0., 0., 0., 0., 0., 0., 0., 0., 0., 0.],
        [0., 0., 0., 0., 0., 0., 0., 0., 0., 0.],
        [0., 0., 0., 0., 0., 0., 0., 0., 0., 0.],
        [0., 0., 0., 0., 0., 0., 0., 0., 0., 0.],
        [0., 0., 0., 0., 0., 0., 0., 0., 0., 0.],
        [0., 0., 0., 0., 0., 1., 0., 0., 0., 0.],
        [1., 0., 0., 0., 0., 0., 0., 0., 0., 0.],
        [0., 0., 0., 0., 1., 0., 0., 0., 0., 0.],
        [0., 0., 0., 0., 0., 0., 0., 0., 0., 0.],
        [0., 0., 0., 1., 0., 0., 0., 0., 0., 0.],
        [0., 0., 0., 0., 0., 0., 0., 0., 0., 0.],
        [0., 0., 0., 0., 0., 0., 0., 0., 0., 0.],
        [0., 0., 0., 0., 0., 0., 0., 0., 0., 0.]], device='cuda:0')
Epoch 5 | Batch 200
--- spikes (training) ---
tensor([[ 15.,  14.,  12.,   1.,   2.,   0.,   6.,  25., 254.,   6.],
        [  8.,   3.,   6.,   1.,   8.,   4., 302.,   0.,   0.,   6.],
        [ 23.,   4.,   5.,  36.,   2., 279.,   6.,   2.,   0.,   1.],
        [  4., 280.,   8.,   2.,  44.,   0.,   0.,   1.,   5.,   2.],
        [ 10.,   0., 296.,   1.,   4.,   0.,   7.,   1.,   3.,   9.],
        [ 21.,   0.,  25.,   0.,  63.,   5., 296.,   0.,   0.,   1.],
        [  8.,   0., 303.,  13.,   0.,   0.,  29.,   1.,   0.,   0.],
        [ 27.,  14.,   6.,   0.,   7., 259.,  12.,   4.,   5.,   5.],
        [  6.,  40., 306.,   6.,   0.,   0.,   9.,   0.,   0.,   1.],
        [321.,   0.,   9.,  16.,   0.,   0.,   0.,   1.,   0.,   0.],
        [  7.,   0.,   4.,  23., 259.,   0.,   1.,   0.,   0.,  29.],
        [ 60.,   7.,   9.,   1.,   3.,   0.,   5.,  19., 270.,  11.],
        [ 21.,   1.,   9., 302.,   0.,   0.,   0.,   0.,   0.,   3.],
        [ 33.,   3.,   2.,   0.,   8., 224.,   5.,  17.,   0.,  24.],
        [ 15.,  17.,   4.,   1.,  18.,  26.,  12.,   7.,   0., 275.],
        [ 30.,   5.,   7.,  25.,   4., 248.,  15.,   1.,   5.,   1.],
        [314.,   0.,  53.,   4.,   0.,  21.,   0.,   3.,   0.,   0.],
        [ 37.,   5.,   9.,   2.,   0.,   0.,   0., 292.,   2.,  18.],
        [ 15.,   0.,  13.,   2.,   4.,   0.,   0., 277.,   3.,   5.],
        [  6.,   5., 250.,   2.,   3.,   0.,   6.,   1.,   0.,   2.],
        [311.,   1.,   5.,  16.,   1.,   0.,   2.,   1.,   0.,   0.],
        [  9.,   2.,   6.,   0.,   4.,   0., 296.,   0.,   0.,   5.],
        [ 13.,   6.,   2.,  10.,   5.,   0.,   3.,  22.,   2., 236.],
        [ 14.,  33.,  16.,  30.,   2.,   0.,   1.,   3., 178.,   1.],
        [ 25.,   2.,   7., 301.,   0.,   6.,   0.,   0.,   0.,   0.],
        [242.,   0.,   7.,   3.,   1.,   0.,  35.,  11.,   0.,   3.],
        [ 14.,   4.,  14.,   2.,   3.,   0.,   1., 291.,   0.,   9.],
        [307.,   1.,  10.,   5.,   5.,   1.,   1.,   2.,   0.,   0.],
        [ 22.,   4.,   5.,   0.,  10., 226.,   4.,   1.,   3.,   4.],
        [  6., 297.,   4.,   9.,   0.,   0.,   2.,   6.,   0.,   7.],
        [  3., 287.,   2.,   1.,   0.,   0.,   1.,   1.,   0.,   2.],
        [ 18.,   6.,  13., 277.,   0.,   0.,   1.,   3.,   0.,   7.],
        [ 37.,   3.,  16.,   7.,   1., 242.,   6.,   3.,   0.,   0.],
        [ 12.,   7.,   3., 289.,   2.,   0.,   0.,   2.,   2.,  13.],
        [  9.,  21., 302.,   2.,   0.,   0.,  49.,   1.,   0.,   3.],
        [  4.,   0.,   6.,   5., 263.,   0.,   8.,   1.,   1.,  56.],
        [  2., 276.,   1.,   4.,   0.,   0.,   0.,   3.,   0.,   7.],
        [ 33.,   0.,   5.,  73.,   1., 237.,   0.,   1.,   2.,   6.],
        [ 21.,   0., 317.,   3.,   1.,   0.,  11.,   0.,   0.,   0.],
        [  5., 302.,   4.,   4.,   0.,   0.,   3.,   2.,   2.,   9.],
        [  8.,  26.,   7.,   1.,   1.,   0., 295.,   0.,   2.,   3.],
        [314.,   0.,  14.,   9.,   0.,   0.,   1.,   3.,   0.,   2.],
        [  7.,   0.,   4.,  10., 243.,   0.,   3.,   0.,   0., 126.],
        [ 11.,   1.,   7.,   0., 252.,   0.,   8.,   9.,   0.,  11.],
        [ 17.,   2.,   4.,   0.,  60.,   1.,  11.,  15.,   4., 274.],
        [  6.,   0.,   0.,  45., 159.,   4.,   0.,   8.,   9.,  44.],
        [ 51.,   4.,  16., 261.,   0.,   0.,   0.,   2.,   1.,   5.],
        [  6.,   0.,   4.,   0., 287.,   0.,   8.,   1.,   0.,  31.],
        [ 15.,   3.,   1.,   4.,   3.,   0.,   1., 291.,   0.,  15.],
        [  4., 295.,   4.,   2.,   2.,   0.,   1.,   4.,   0.,   5.],
        [  7.,  13.,   5.,   1., 269.,   3.,  14.,   2.,   3.,   4.],
        [  9.,  13.,  13., 115.,   7.,   0.,   0.,   7.,   1.,  25.],
        [ 93.,   3.,  11.,   9.,   0.,   0.,   4.,   6., 195.,   5.],
        [ 12.,   2.,  25.,   0.,  32.,   4., 295.,   0.,   0.,   0.],
        [  5., 302.,   5.,   4.,   0.,   0.,   4.,   2.,   1.,  10.],
        [ 24.,   4.,   4.,   0.,   6., 249.,   1.,   6.,  12.,  22.],
        [  9.,   0., 317.,  12.,   0.,   0.,   1.,   0.,  95.,   0.],
        [  6., 304.,   5.,   4.,   1.,   0.,   3.,   7.,   0.,  19.],
        [ 18.,   6.,  11.,   1.,  17.,   0.,   1.,   9.,   0., 263.],
        [ 15.,   1., 313.,   3.,   9.,   0.,  23.,   0.,   0.,   0.],
        [ 25.,  13.,   9., 301.,   0.,   0.,   0.,   0.,   0.,   2.],
        [ 91.,   4.,  12.,   1.,  31.,   2.,  56.,  17., 202.,   0.],
        [ 11.,   4.,   4.,   6.,   3.,   2.,   2.,  39.,   0., 153.],
        [  3., 294.,   5.,   1.,   4.,   0.,   0.,   3.,   0.,   3.]],
       device='cuda:0')
--- spikes (finish interval) ---
tensor([[0., 0., 0., 0., 0., 0., 0., 0., 1., 0.],
        [0., 0., 0., 0., 0., 0., 1., 0., 0., 0.],
        [0., 0., 0., 0., 0., 0., 0., 0., 0., 0.],
        [0., 0., 0., 0., 0., 0., 0., 0., 0., 0.],
        [0., 0., 0., 0., 0., 0., 0., 0., 0., 0.],
        [0., 0., 0., 0., 0., 0., 0., 0., 0., 0.],
        [0., 0., 1., 0., 0., 0., 0., 0., 0., 0.],
        [0., 0., 0., 0., 0., 0., 0., 0., 0., 0.],
        [0., 0., 1., 0., 0., 0., 0., 0., 0., 0.],
        [0., 0., 0., 0., 0., 0., 0., 0., 0., 0.],
        [0., 0., 0., 0., 0., 0., 0., 0., 0., 0.],
        [0., 0., 0., 0., 0., 0., 0., 0., 1., 0.],
        [0., 0., 0., 1., 0., 0., 0., 0., 0., 0.],
        [0., 0., 0., 0., 0., 0., 0., 0., 0., 0.],
        [0., 0., 0., 0., 0., 0., 0., 0., 0., 0.],
        [0., 0., 0., 0., 0., 0., 0., 0., 0., 0.],
        [1., 0., 0., 0., 0., 0., 0., 0., 0., 0.],
        [0., 0., 0., 0., 0., 0., 0., 0., 0., 0.],
        [0., 0., 0., 0., 0., 0., 0., 0., 0., 0.],
        [0., 0., 0., 0., 0., 0., 0., 0., 0., 0.],
        [1., 0., 0., 0., 0., 0., 0., 0., 0., 0.],
        [0., 0., 0., 0., 0., 0., 0., 0., 0., 0.],
        [0., 0., 0., 0., 0., 0., 0., 0., 0., 0.],
        [0., 0., 0., 0., 0., 0., 0., 0., 1., 0.],
        [0., 0., 0., 1., 0., 0., 0., 0., 0., 0.],
        [1., 0., 0., 0., 0., 0., 0., 0., 0., 0.],
        [0., 0., 0., 0., 0., 0., 0., 0., 0., 0.],
        [0., 0., 0., 0., 0., 0., 0., 0., 0., 0.],
        [0., 0., 0., 0., 0., 0., 0., 0., 0., 0.],
        [0., 1., 0., 0., 0., 0., 0., 0., 0., 0.],
        [0., 0., 0., 0., 0., 0., 0., 0., 0., 0.],
        [0., 0., 0., 1., 0., 0., 0., 0., 0., 0.],
        [0., 0., 0., 0., 0., 1., 0., 0., 0., 0.],
        [0., 0., 0., 0., 0., 0., 0., 0., 0., 0.],
        [0., 0., 0., 0., 0., 0., 0., 0., 0., 0.],
        [0., 0., 0., 0., 1., 0., 0., 0., 0., 0.],
        [0., 1., 0., 0., 0., 0., 0., 0., 0., 0.],
        [0., 0., 0., 0., 0., 1., 0., 0., 0., 0.],
        [0., 0., 1., 0., 0., 0., 0., 0., 0., 0.],
        [0., 0., 0., 0., 0., 0., 0., 0., 0., 0.],
        [0., 0., 0., 0., 0., 0., 1., 0., 0., 0.],
        [1., 0., 0., 0., 0., 0., 0., 0., 0., 0.],
        [0., 0., 0., 0., 0., 0., 0., 0., 0., 0.],
        [0., 0., 0., 0., 1., 0., 0., 0., 0., 0.],
        [0., 0., 0., 0., 0., 0., 0., 0., 0., 1.],
        [0., 0., 0., 0., 0., 0., 0., 0., 0., 0.],
        [0., 0., 0., 1., 0., 0., 0., 0., 0., 0.],
        [0., 0., 0., 0., 1., 0., 0., 0., 0., 0.],
        [0., 0., 0., 0., 0., 0., 0., 0., 0., 0.],
        [0., 1., 0., 0., 0., 0., 0., 0., 0., 0.],
        [0., 0., 0., 0., 1., 0., 0., 0., 0., 0.],
        [0., 0., 0., 0., 0., 0., 0., 0., 0., 0.],
        [0., 0., 0., 0., 0., 0., 0., 0., 0., 0.],
        [0., 0., 0., 0., 0., 0., 0., 0., 0., 0.],
        [0., 1., 0., 0., 0., 0., 0., 0., 0., 0.],
        [0., 0., 0., 0., 0., 0., 0., 0., 0., 0.],
        [0., 0., 0., 0., 0., 0., 0., 0., 0., 0.],
        [0., 1., 0., 0., 0., 0., 0., 0., 0., 0.],
        [0., 0., 0., 0., 0., 0., 0., 0., 0., 0.],
        [0., 0., 1., 0., 0., 0., 0., 0., 0., 0.],
        [0., 0., 0., 0., 0., 0., 0., 0., 0., 0.],
        [0., 0., 0., 0., 0., 0., 0., 0., 0., 0.],
        [0., 0., 0., 0., 0., 0., 0., 0., 0., 1.],
        [0., 1., 0., 0., 0., 0., 0., 0., 0., 0.]], device='cuda:0')
Epoch 5 | Batch 300
--- spikes (training) ---
tensor([[  0.,   8., 240.,  14.,   2.,   4.,   7.,  14.,   2.,   6.],
        [  0.,   1., 251.,   4.,   1.,   4.,   1.,   4.,   2.,   6.],
        [ 10.,   0., 310.,   4.,   3.,   0.,  29.,   6.,   0.,   0.],
        [  0.,   1.,   9.,   0., 279.,  10.,   2.,  51.,   5.,  18.],
        [  1.,  23.,   1.,   7., 242.,  15.,  23.,  23.,   3.,   4.],
        [  2.,   9.,   7.,   0.,  13.,  13.,  19.,  39., 188.,  25.],
        [  3.,   8., 130.,  36.,   4.,  13.,   0.,   6.,  20.,   1.],
        [  0.,   2.,  54.,   2.,  41.,   9.,   8.,  16.,   1., 143.],
        [  1.,   0.,  10.,   0.,  35.,  12.,   4.,  93.,   5., 262.],
        [  0.,   1.,  14.,   4.,  12.,  14.,   2.,   6.,   7., 225.],
        [  0.,   0.,  20.,   0., 288.,   5.,   6.,  16.,   1.,   7.],
        [  0.,  31., 286.,  22.,   1.,  13.,   0.,   4.,   6.,   2.],
        [ 35.,   0.,  10.,   0.,  43.,   7.,  10.,  38.,   3., 264.],
        [  2.,   2.,   6., 202.,   5.,   9.,   0.,  24.,  89.,   9.],
        [  1.,   3.,   9.,   0.,  77.,   6., 284.,   5.,   5.,   4.],
        [  0.,   1.,   6.,   0., 265.,  10.,   9.,  61.,   6.,  19.],
        [  5.,   0.,   8.,   3.,   2.,   7.,   0., 309.,   0.,  14.],
        [ 39.,   0.,  45.,   0., 150.,   5.,  38.,   6.,   6.,   1.],
        [  0.,   0.,  44.,   3., 276.,   8.,   6.,   5.,   3., 101.],
        [277.,   1.,  15.,   0.,   9.,   4.,  21.,  23.,   1.,  44.],
        [  9.,   0.,  11., 295.,  33.,  16.,   0.,   4.,  36.,   0.],
        [  2.,  16.,   6.,   0.,  13.,  38.,   5.,  16., 247.,   7.],
        [  4.,   3.,  22.,   0.,   9.,  31.,   1.,   8., 272.,   6.],
        [  0.,   3.,   5.,   2.,  44.,  21.,   6.,  29.,   5., 253.],
        [  5.,   1.,   4., 295.,   3.,  39.,   0.,   5.,   5.,   3.],
        [  0.,   0.,   5.,   0.,  10.,   8., 249.,   3.,   3.,   2.],
        [  2.,   0.,  20.,   0.,  47.,  14., 297.,   4.,  87.,  10.],
        [  9.,   5.,   6., 269.,   7.,  13.,   0.,   7.,   9.,   1.],
        [  0.,   2., 244.,   0.,   1.,   5.,   6.,  11.,   2.,   3.],
        [  0., 274.,   4.,   3.,   2.,   8.,   4.,  10.,   4.,   1.],
        [  0.,   2.,  11.,   3.,   3.,  18.,   0., 298.,   1.,  19.],
        [  1.,  31.,  11.,   0.,   5.,  15., 286.,   6.,  13.,   5.],
        [  4.,   1.,   6.,  72.,   1.,  52.,   0.,   9.,  12., 172.],
        [  0.,  77.,  12.,   0.,   3.,  10., 265.,  10.,  11.,   4.],
        [288.,   0.,  12.,   0.,   4.,  12.,   1.,  17.,   1.,   3.],
        [  0.,   2.,   8.,   0., 172.,  20.,  19.,  17.,  35.,   4.],
        [  0.,  43.,   5.,   4.,   3.,  11.,   1., 257.,   4.,   8.],
        [304.,   0.,  33.,   0.,   4.,   9.,   0.,   8.,   4.,   4.],
        [  6.,   7.,   3., 283.,   1.,  33.,   0.,   6.,   7.,   3.],
        [  6.,   6.,  15.,   0.,  13.,  18., 270.,  10.,   5.,   4.],
        [  0., 159.,   2.,   1.,   1.,   4.,   3.,   4.,  34.,   1.],
        [  1.,   2., 138., 256.,  47.,  13.,   0.,   6.,   5.,  16.],
        [  0.,  19.,   8.,   0.,   7.,  14., 282.,   5.,  20.,   3.],
        [  0.,   1.,  11.,   0., 287.,  13.,   3.,  35.,   4.,  23.],
        [  0.,   3.,  13.,   0.,  10., 232.,   2.,   6., 113.,   5.],
        [  0.,  83.,   8.,   0.,   2.,  11., 252.,   7.,   8.,   3.],
        [  3.,  31.,   3., 277.,   3.,  36.,   1.,  18.,   7.,   5.],
        [  0.,   8.,   4.,   0.,   5.,   7.,   0., 298.,   2.,  11.],
        [  1.,   0.,  10.,   0., 301.,   8.,   7.,  18.,   3.,   5.],
        [  0.,  15.,   5.,   2.,  16., 105.,   8.,  30.,   6., 216.],
        [ 62.,   0.,  25.,   0.,  36.,   5., 283.,   9.,   1.,   2.],
        [  0., 281.,   9.,  10.,   2.,   8.,   4.,  12.,  12.,   2.],
        [  0.,   1.,   1.,   4.,  13.,  34.,   1., 302.,   1.,  13.],
        [  0., 193.,   3.,   1.,   1.,   4.,   3.,   6.,  24.,   4.],
        [283.,   0.,   7.,  16.,   4.,  18.,   1.,   8.,   3.,   4.],
        [ 10.,   4.,  12., 289.,   1.,  34.,   0.,   4.,   5.,   3.],
        [  0.,   1., 282.,   0.,   8.,   6.,  11.,   8.,   1., 105.],
        [  1.,   9.,  13.,   0.,  12.,  21.,  16.,  10., 260.,   5.],
        [  2.,   1.,  29.,   0.,  17.,   9.,   5.,   5.,   3., 211.],
        [  3.,   6.,   3.,   1.,   5.,  15.,   1., 298.,   6.,  16.],
        [255.,   0., 143.,   3.,   1.,   7.,   0.,   6.,   6.,   2.],
        [  0.,   2.,   3.,   1.,   2.,   4.,   1., 280.,   1.,  11.],
        [  0.,   0., 311.,   5.,   0.,   3.,  14.,   4.,   0.,   0.],
        [  0.,   3., 302.,   3.,   0.,  30.,   4.,   5.,   5.,   3.]],
       device='cuda:0')
--- spikes (finish interval) ---
tensor([[0., 0., 1., 0., 0., 0., 0., 0., 0., 0.],
        [0., 0., 1., 0., 0., 0., 0., 0., 0., 0.],
        [0., 0., 1., 0., 0., 0., 0., 0., 0., 0.],
        [0., 0., 0., 0., 1., 0., 0., 0., 0., 0.],
        [0., 0., 0., 0., 0., 0., 0., 0., 0., 0.],
        [0., 0., 0., 0., 0., 0., 0., 0., 1., 0.],
        [0., 0., 0., 0., 0., 0., 0., 0., 0., 0.],
        [0., 0., 0., 0., 0., 0., 0., 0., 0., 0.],
        [0., 0., 0., 0., 0., 0., 0., 0., 0., 1.],
        [0., 0., 0., 0., 0., 0., 0., 0., 0., 0.],
        [0., 0., 0., 0., 1., 0., 0., 0., 0., 0.],
        [0., 0., 0., 0., 0., 0., 0., 0., 0., 0.],
        [0., 0., 0., 0., 0., 0., 0., 0., 0., 0.],
        [0., 0., 0., 0., 0., 0., 0., 0., 0., 0.],
        [0., 0., 0., 0., 0., 0., 0., 0., 0., 0.],
        [0., 0., 0., 0., 1., 0., 0., 0., 0., 0.],
        [0., 0., 0., 0., 0., 0., 0., 1., 0., 0.],
        [0., 0., 0., 0., 1., 0., 0., 0., 0., 0.],
        [0., 0., 0., 0., 1., 0., 0., 0., 0., 0.],
        [1., 0., 0., 0., 0., 0., 0., 0., 0., 0.],
        [0., 0., 0., 1., 0., 0., 0., 0., 0., 0.],
        [0., 0., 0., 0., 0., 0., 0., 0., 0., 0.],
        [0., 0., 0., 0., 0., 0., 0., 0., 0., 0.],
        [0., 0., 0., 0., 0., 0., 0., 0., 0., 0.],
        [0., 0., 0., 1., 0., 0., 0., 0., 0., 0.],
        [0., 0., 0., 0., 0., 0., 0., 0., 0., 0.],
        [0., 0., 0., 0., 0., 0., 0., 0., 0., 0.],
        [0., 0., 0., 1., 0., 0., 0., 0., 0., 0.],
        [0., 0., 1., 0., 0., 0., 0., 0., 0., 0.],
        [0., 0., 0., 0., 0., 0., 0., 0., 0., 0.],
        [0., 0., 0., 0., 0., 0., 0., 0., 0., 0.],
        [0., 0., 0., 0., 0., 0., 0., 0., 0., 0.],
        [0., 0., 0., 0., 0., 0., 0., 0., 0., 0.],
        [0., 0., 0., 0., 0., 0., 1., 0., 0., 0.],
        [1., 0., 0., 0., 0., 0., 0., 0., 0., 0.],
        [0., 0., 0., 0., 1., 0., 0., 0., 0., 0.],
        [0., 0., 0., 0., 0., 0., 0., 1., 0., 0.],
        [1., 0., 0., 0., 0., 0., 0., 0., 0., 0.],
        [0., 0., 0., 1., 0., 0., 0., 0., 0., 0.],
        [0., 0., 0., 0., 0., 0., 1., 0., 0., 0.],
        [0., 0., 0., 0., 0., 0., 0., 0., 0., 0.],
        [0., 0., 0., 0., 0., 0., 0., 0., 0., 0.],
        [0., 0., 0., 0., 0., 0., 0., 0., 0., 0.],
        [0., 0., 0., 0., 1., 0., 0., 0., 0., 0.],
        [0., 0., 0., 0., 0., 1., 0., 0., 0., 0.],
        [0., 0., 0., 0., 0., 0., 1., 0., 0., 0.],
        [0., 0., 0., 0., 0., 0., 0., 0., 0., 0.],
        [0., 0., 0., 0., 0., 0., 0., 1., 0., 0.],
        [0., 0., 0., 0., 1., 0., 0., 0., 0., 0.],
        [0., 0., 0., 0., 0., 0., 0., 0., 0., 0.],
        [0., 0., 0., 0., 0., 0., 0., 0., 0., 0.],
        [0., 1., 0., 0., 0., 0., 0., 0., 0., 0.],
        [0., 0., 0., 0., 0., 0., 0., 1., 0., 0.],
        [0., 1., 0., 0., 0., 0., 0., 0., 0., 0.],
        [0., 0., 0., 0., 0., 0., 0., 0., 0., 0.],
        [0., 0., 0., 1., 0., 0., 0., 0., 0., 0.],
        [0., 0., 1., 0., 0., 0., 0., 0., 0., 0.],
        [0., 0., 0., 0., 0., 0., 0., 0., 1., 0.],
        [0., 0., 0., 0., 0., 0., 0., 0., 0., 1.],
        [0., 0., 0., 0., 0., 0., 0., 0., 0., 0.],
        [0., 0., 0., 0., 0., 0., 0., 0., 0., 0.],
        [0., 0., 0., 0., 0., 0., 0., 1., 0., 0.],
        [0., 0., 1., 0., 0., 0., 0., 0., 0., 0.],
        [0., 0., 0., 0., 0., 0., 0., 0., 0., 0.]], device='cuda:0')
Epoch 5 | Batch 400
--- spikes (training) ---
tensor([[  1.,   6.,   0.,   5.,   3.,  20.,  28.,   4., 258.,   6.],
        [  0., 264.,   0.,   7.,   1.,   4.,   3.,  11.,   5.,   1.],
        [  4.,   1.,   1.,   5.,   5.,   2.,   0., 289.,  11.,   7.],
        [  0.,   3.,   0.,   4.,   2.,  12., 275.,   1.,   5.,   2.],
        [  0.,   7.,   2.,   6.,   3.,   0.,   0., 143.,  12.,  33.],
        [  0.,   2.,  80.,   5.,  11.,   7.,  10.,   7.,   4., 139.],
        [316.,   0.,   0.,  12.,   0.,  26.,   0.,   7., 108.,   1.],
        [  1.,   7.,   0.,   7.,   5.,   0.,   0., 291.,   8.,  28.],
        [  2.,   1.,   1., 235.,   4.,   3.,   0.,   7.,  13.,   1.],
        [ 11.,   0.,   0., 109.,   4.,  16.,   0.,   2., 122.,   1.],
        [  8.,   4.,   0.,   2.,  95.,   1.,   3.,  27.,  10., 225.],
        [  1.,   0.,   0.,   9.,   3.,  77., 294.,   1.,   8.,   1.],
        [  1.,  62.,   0.,  39.,  18.,   6.,   2.,  32.,  11., 128.],
        [  0., 271.,   0.,   9.,   2.,   3.,   3.,  41.,   6.,   2.],
        [  0.,   4.,   0.,   8., 254.,   6.,   9.,   5.,  10.,  16.],
        [  0.,   1.,   0.,  10.,  10.,  14.,   0., 287.,  12.,  16.],
        [ 10.,   0., 201.,  19.,   0.,  99.,  93.,   1.,   8.,   0.],
        [  0.,   5.,   0.,   1., 295.,   1.,  12.,   7.,   6.,   2.],
        [  0.,   7., 127.,   8.,  51.,   0.,   1., 198.,   5.,  20.],
        [  8.,   0.,  31.,   1.,  16.,   6., 271.,   4.,   2.,   6.],
        [  0.,   0.,   4.,  16., 246.,   6.,   9.,   1.,  11.,  20.],
        [ 41.,   0., 213.,  15.,   1.,   4.,   1.,   1.,   7.,   1.],
        [ 45.,   0.,   0., 109.,   0., 140.,   0.,   8.,  21.,   8.],
        [304.,   0.,   0.,   1.,   0., 108.,   0.,   3.,  45.,   2.],
        [  0.,   5.,   0.,   4.,  22.,   3.,   0., 288.,   5.,  12.],
        [  1.,   1.,   0.,   5.,  77.,   3.,  13.,   5.,   9., 175.],
        [  1.,   2.,   0.,   6.,  36.,  14.,  13.,   5.,   9., 155.],
        [  0.,  27.,   1.,   3.,   2.,   5., 262.,   2.,   8.,   0.],
        [  6.,   6.,   0.,   7.,   3.,  10.,   5.,  28., 117.,  12.],
        [247.,   0.,   0.,   2.,   0.,  17.,   0.,   1.,  24.,   2.],
        [  0.,   4.,   0.,   8.,  18.,   1.,   0., 289.,  40.,   1.],
        [  2.,   4., 126., 249.,   0.,  20.,   0.,  59.,   9.,   4.],
        [  0., 249.,   0.,   7.,   1.,   2.,   1.,  14.,   3.,   1.],
        [ 13.,   0.,   0.,  17.,   2., 274.,   0.,   2.,  82.,  18.],
        [  0.,  12.,   0.,   1., 277.,   2.,   9.,  14.,   9.,  57.],
        [  4.,   2.,   0.,   2.,   6.,  18., 289.,   4.,   7.,   2.],
        [  0.,   1.,   0.,   5., 282.,   4.,   3.,   4.,   4.,   6.],
        [ 14.,   1.,   2.,  13.,  18.,  67.,   1.,   2., 281.,   7.],
        [  1.,   2.,   0.,  24.,   6.,   0.,   0., 289.,   7.,  36.],
        [  0.,   2.,   0.,  19.,   5.,  23., 156.,   0.,  21.,   3.],
        [  1.,   2.,   0.,   3.,  39.,   2.,   2.,  18.,   3., 238.],
        [  3.,   0.,  32.,   2.,  49.,   1.,   3.,   4.,  11., 277.],
        [  0.,  12.,   0.,   5.,   8.,   3.,   2.,   4., 243.,   7.],
        [  4.,   0.,   1., 249.,   5.,  77.,   3.,   6.,  19.,   0.],
        [ 20.,   5.,   2.,   5.,   4.,   8.,   2.,   8., 239.,  69.],
        [300.,   0.,   5.,  21.,   1.,  33.,   1.,   4.,  15.,   0.],
        [  0., 261.,   0.,  11.,   1.,   6.,   7.,   3.,   8.,   0.],
        [  1.,   0.,   0.,  11.,  10.,  35., 270.,   0.,  11.,   2.],
        [  0.,  23.,   1.,   6.,   3.,   1.,   0., 287.,  11.,   7.],
        [  0.,   0.,   2.,   2.,   6., 222., 114.,   0.,   8.,  44.],
        [  7.,   0.,   1.,  46.,   1., 190.,   2.,   1.,  10.,   0.],
        [  3.,   0., 300.,  32.,   0.,   1.,   2.,   1.,   8.,   1.],
        [  1.,   1.,   0.,   1., 298.,   1.,  38.,   4.,   8.,  11.],
        [  0.,   2.,   0.,  16., 228.,   9.,   8.,   7., 107.,  15.],
        [ 40.,   3.,   0.,   7.,   0., 213.,   0.,  11., 107.,  22.],
        [ 14.,   0.,   0.,  15.,   2., 287.,   0.,   2.,  38.,   8.],
        [  3.,   0.,   0.,  24.,   9.,  27., 306.,   3.,   4.,   1.],
        [ 18.,   0.,   1.,   3.,   1., 100., 158.,   0.,   6.,  39.],
        [  7.,   0.,   2., 274.,   3.,  45.,   2.,   1.,   9.,   0.],
        [  0.,  13.,   0.,   3., 261.,   4.,  13.,  30.,  14.,  17.],
        [  0.,   0.,  16.,   3.,  10.,  21., 293.,   2.,   2.,   5.],
        [312.,   0.,  18.,   3.,   0.,  32.,   0.,   5.,  18.,   0.],
        [304.,   0.,   0.,   1.,   0.,  33.,   6.,  21.,  16.,   4.],
        [  8.,   0.,   0.,   1.,   7.,  15., 302.,   4.,   4.,   1.]],
       device='cuda:0')
--- spikes (finish interval) ---
tensor([[0., 0., 0., 0., 0., 0., 0., 0., 0., 0.],
        [0., 0., 0., 0., 0., 0., 0., 0., 0., 0.],
        [0., 0., 0., 0., 0., 0., 0., 1., 0., 0.],
        [0., 0., 0., 0., 0., 0., 1., 0., 0., 0.],
        [0., 0., 0., 0., 0., 0., 0., 0., 0., 0.],
        [0., 0., 0., 0., 0., 0., 0., 0., 0., 0.],
        [1., 0., 0., 0., 0., 0., 0., 0., 0., 0.],
        [0., 0., 0., 0., 0., 0., 0., 0., 0., 0.],
        [0., 0., 0., 0., 0., 0., 0., 0., 0., 0.],
        [0., 0., 0., 0., 0., 0., 0., 0., 1., 0.],
        [0., 0., 0., 0., 0., 0., 0., 0., 0., 1.],
        [0., 0., 0., 0., 0., 0., 0., 0., 0., 0.],
        [0., 0., 0., 0., 0., 0., 0., 0., 0., 1.],
        [0., 0., 0., 0., 0., 0., 0., 0., 0., 0.],
        [0., 0., 0., 0., 0., 0., 0., 0., 0., 0.],
        [0., 0., 0., 0., 0., 0., 0., 0., 0., 0.],
        [0., 0., 0., 0., 0., 0., 0., 0., 0., 0.],
        [0., 0., 0., 0., 1., 0., 0., 0., 0., 0.],
        [0., 0., 0., 0., 0., 0., 0., 0., 0., 0.],
        [0., 0., 0., 0., 0., 0., 1., 0., 0., 0.],
        [0., 0., 0., 0., 0., 0., 0., 0., 0., 0.],
        [0., 0., 1., 0., 0., 0., 0., 0., 0., 0.],
        [0., 0., 0., 0., 0., 0., 0., 0., 0., 0.],
        [1., 0., 0., 0., 0., 0., 0., 0., 0., 0.],
        [0., 0., 0., 0., 0., 0., 0., 1., 0., 0.],
        [0., 0., 0., 0., 0., 0., 0., 0., 0., 1.],
        [0., 0., 0., 0., 0., 0., 0., 0., 0., 1.],
        [0., 0., 0., 0., 0., 0., 0., 0., 0., 0.],
        [0., 0., 0., 0., 0., 0., 0., 0., 0., 0.],
        [0., 0., 0., 0., 0., 0., 0., 0., 0., 0.],
        [0., 0., 0., 0., 0., 0., 0., 0., 0., 0.],
        [0., 0., 0., 1., 0., 0., 0., 0., 0., 0.],
        [0., 0., 0., 0., 0., 0., 0., 0., 0., 0.],
        [0., 0., 0., 0., 0., 0., 0., 0., 1., 0.],
        [0., 0., 0., 0., 0., 0., 0., 0., 0., 0.],
        [0., 0., 0., 0., 0., 0., 0., 0., 0., 0.],
        [0., 0., 0., 0., 1., 0., 0., 0., 0., 0.],
        [0., 0., 0., 0., 0., 0., 0., 0., 1., 0.],
        [0., 0., 0., 0., 0., 0., 0., 0., 0., 0.],
        [0., 0., 0., 0., 0., 0., 1., 0., 0., 0.],
        [0., 0., 0., 0., 0., 0., 0., 0., 0., 0.],
        [0., 0., 0., 0., 0., 0., 0., 0., 0., 1.],
        [0., 0., 0., 0., 0., 0., 0., 0., 1., 0.],
        [0., 0., 0., 0., 0., 0., 0., 0., 0., 0.],
        [0., 0., 0., 0., 0., 0., 0., 0., 0., 0.],
        [0., 0., 0., 0., 0., 0., 0., 0., 0., 0.],
        [0., 0., 0., 0., 0., 0., 0., 0., 0., 0.],
        [0., 0., 0., 0., 0., 0., 0., 0., 0., 0.],
        [0., 0., 0., 0., 0., 0., 0., 1., 0., 0.],
        [0., 0., 0., 0., 0., 1., 0., 0., 0., 0.],
        [0., 0., 0., 0., 0., 0., 0., 0., 0., 0.],
        [0., 0., 0., 0., 0., 0., 0., 0., 0., 0.],
        [0., 0., 0., 0., 0., 0., 0., 0., 0., 0.],
        [0., 0., 0., 0., 0., 0., 0., 0., 0., 0.],
        [0., 0., 0., 0., 0., 1., 0., 0., 0., 0.],
        [0., 0., 0., 0., 0., 1., 0., 0., 0., 0.],
        [0., 0., 0., 1., 0., 0., 1., 0., 0., 0.],
        [0., 0., 0., 0., 0., 0., 0., 0., 0., 0.],
        [0., 0., 0., 1., 0., 0., 0., 0., 0., 0.],
        [0., 0., 0., 0., 0., 0., 0., 0., 0., 0.],
        [0., 0., 0., 0., 0., 0., 1., 0., 0., 0.],
        [1., 0., 0., 0., 0., 0., 0., 0., 0., 0.],
        [0., 0., 0., 0., 0., 0., 0., 0., 0., 0.],
        [0., 0., 0., 0., 0., 0., 1., 0., 0., 0.]], device='cuda:0')
Epoch 5 | Batch 500
--- spikes (training) ---
tensor([[  0.,   5.,  11.,   5., 281.,   4.,   4.,  13.,   8.,  27.],
        [ 13.,  12.,   2.,   2.,   2.,  16.,   5.,   6., 278.,  25.],
        [  0., 289.,   1.,  10.,   3.,   2.,   7.,   2.,   8.,  10.],
        [  0.,   9.,  81.,   5.,   1.,   4.,   0., 211.,  20.,  15.],
        [  6.,  10., 276.,   8.,   1.,   9.,  10.,   3.,   4.,   5.],
        [ 19.,   5.,  10.,  15.,  17., 268.,   7.,   2.,  10.,  10.],
        [  9., 102.,  20.,  71.,   1.,  24.,   4.,   3.,  77.,   5.],
        [ 18.,  11.,   8.,   0.,   9., 167.,  12.,   0.,  13.,   6.],
        [ 18.,  17.,  10.,   4.,   5.,   5.,   5.,   6., 152.,  12.],
        [  9.,   4., 266.,   4.,   6.,   2.,   6.,   6.,   8.,  19.],
        [  1.,   7.,   1.,   3., 258.,   6.,   5.,   4.,  12.,  18.],
        [307.,   2.,   3.,   4.,   0.,   3.,   5.,   7.,   7.,   5.],
        [ 14.,   6.,   0.,   2.,   5., 274.,   6.,   6.,   6.,  12.],
        [318.,   2.,   0.,  59.,   6.,   2.,   5.,   4.,   0.,   2.],
        [  0., 264.,   1.,   7.,   1.,   1.,   2.,   1.,   6.,   6.],
        [  6.,   5.,   4.,   3.,  81.,   1.,   2.,  12.,   6., 286.],
        [  2.,   1.,   4.,   3., 267.,   1.,   4.,   1.,   5.,  49.],
        [319.,   4.,   0.,   1.,   2.,   4.,  17.,   7.,   0.,   5.],
        [  3.,  20., 267.,   7.,   8.,   2.,  56.,   1.,   4.,  38.],
        [315.,   5.,   0.,  20.,   3.,   7.,   2.,   6.,   4.,   5.],
        [  0.,   8.,   8.,   4., 230.,   4.,   4.,  12.,   5.,  43.],
        [  9.,   6.,   4.,  11.,   8.,  32.,   4.,   3., 260.,  14.],
        [204.,   4.,   2.,  22.,   2.,  11.,   6.,   5.,   3.,   7.],
        [  1.,   7.,   1.,   4., 288.,   4.,   7.,   8.,   6.,  41.],
        [  0.,  11.,   0.,  10., 263.,   4.,  18.,  11.,   6.,  29.],
        [  3.,  68.,   5.,  14.,   3.,  10.,   5.,   2., 182.,  17.],
        [ 34.,   6.,  26.,   2., 159.,   5.,  22.,   3.,   6.,   4.],
        [  3.,   6.,   4.,   8.,   8.,  23.,  10.,   2., 259.,  18.],
        [311.,   2.,   3.,   2.,   1.,   1.,  11.,   7.,   7.,   7.],
        [  0.,  16.,   0., 209.,   1.,   2.,   1.,   5.,   4.,  17.],
        [  7.,  13.,   2.,  12.,   5.,  16., 230.,   2.,   3.,   7.],
        [  2.,   9.,   1.,   2.,  41.,   3., 280.,   0.,   6.,   9.],
        [  0., 268.,   0.,   9.,   2.,   1.,   7.,   1.,  23.,   7.],
        [  7.,   6.,  23.,   1.,  17.,   0., 277.,   1.,   3.,  13.],
        [  0., 272.,   1.,   6.,   2.,   2.,   5.,   1.,   5.,   6.],
        [304.,   3.,   0.,   5.,  10.,   4.,  12.,   3.,   1.,   3.],
        [  0., 295.,   3.,  11.,   3.,  11.,   7.,   2.,  17.,  19.],
        [  2.,  17.,   0.,   5., 283.,   1.,  18.,   6.,   5.,  50.],
        [  9.,   3., 283.,  18.,   7.,   2.,  31.,   3.,   3.,  14.],
        [  1.,   3.,   4.,   4., 271.,   1.,   4.,  18.,   7.,  41.],
        [  0., 258.,   5.,  10.,   3.,  12.,   2.,   2.,  12.,  13.],
        [  0.,  15.,   0.,   8.,   8.,   7.,   3.,   8.,   5., 149.],
        [  9.,  12.,   5., 286.,   3.,  60.,   0.,   2.,   0.,   8.],
        [ 11.,   3.,   5.,  23.,   7., 255.,   0.,   0.,  43.,  18.],
        [  4.,  20.,   1.,   8.,   4.,  20.,   3.,   3., 265.,  17.],
        [ 43.,   4.,   0.,   6., 117.,   0.,   6.,   9.,  38., 259.],
        [  0., 233.,   1.,   6.,   2.,  18.,   1.,   0.,   7.,   4.],
        [ 10.,  18.,  12.,   7.,   6.,  39.,   2.,   4., 261.,   8.],
        [  0.,   6.,   4.,   5., 215.,   5.,   5.,   2.,   6.,  75.],
        [ 22.,   5.,  29.,  34.,   5.,  89.,   6.,   1., 218.,   8.],
        [ 31.,   4.,   6.,  35.,   1., 259.,   0.,   2.,  15.,   9.],
        [  8.,   3.,   8., 290.,   4.,  94.,   0.,   2.,   3.,   6.],
        [ 21.,   9.,   0.,   0.,  11., 267.,   9.,   9.,   8.,  11.],
        [  1.,   5.,   2.,   4.,   5.,   3.,   1., 272.,   8.,  28.],
        [304.,   1.,   1.,   7.,  22.,   2., 109.,   3.,   3.,   8.],
        [  3.,   7., 289.,   5.,   1.,   2.,  34.,   1.,   1.,  11.],
        [ 15.,   7.,   2.,  39.,   5., 153.,  11.,   4.,   2.,  21.],
        [  5.,  54.,   4.,  12.,   4.,  31.,   2.,   2., 258.,  13.],
        [318.,   2.,   0.,   2.,   3.,   0.,  11.,  15.,   0.,   5.],
        [  5.,   6.,   0.,   2.,  11.,   2.,   7.,  12.,  41., 261.],
        [  7.,   6.,   2., 265.,   2.,  70.,   0.,   2.,  20.,  15.],
        [  2.,   6.,   1.,   2.,  24.,   4.,   8.,   6.,  37., 268.],
        [  5.,  10.,   2.,   3.,   3.,  11.,   3.,   3., 278.,  23.],
        [  0.,   3.,   9.,   8.,   7.,   2.,   0., 274.,   2.,  34.]],
       device='cuda:0')
--- spikes (finish interval) ---
tensor([[0., 0., 0., 0., 0., 0., 0., 0., 0., 0.],
        [0., 0., 0., 0., 0., 0., 0., 0., 1., 0.],
        [0., 1., 0., 0., 0., 0., 0., 0., 0., 0.],
        [0., 0., 0., 0., 0., 0., 0., 0., 0., 0.],
        [0., 0., 0., 0., 0., 0., 0., 0., 0., 0.],
        [0., 0., 0., 0., 0., 0., 0., 0., 0., 0.],
        [0., 0., 0., 0., 0., 0., 0., 0., 0., 0.],
        [0., 0., 0., 0., 0., 1., 0., 0., 0., 0.],
        [0., 0., 0., 0., 0., 0., 0., 0., 1., 0.],
        [0., 0., 0., 0., 0., 0., 0., 0., 0., 0.],
        [0., 0., 0., 0., 0., 0., 0., 0., 0., 0.],
        [0., 0., 0., 0., 0., 0., 0., 0., 0., 0.],
        [0., 0., 0., 0., 0., 1., 0., 0., 0., 0.],
        [1., 0., 0., 0., 0., 0., 0., 0., 0., 0.],
        [0., 0., 0., 0., 0., 0., 0., 0., 0., 0.],
        [0., 0., 0., 0., 0., 0., 0., 0., 0., 0.],
        [0., 0., 0., 0., 1., 0., 0., 0., 0., 0.],
        [1., 0., 0., 0., 0., 0., 0., 0., 0., 0.],
        [0., 0., 1., 0., 0., 0., 0., 0., 0., 1.],
        [0., 0., 0., 0., 0., 0., 0., 0., 0., 0.],
        [0., 0., 0., 0., 0., 0., 0., 0., 0., 0.],
        [0., 0., 0., 0., 0., 0., 0., 0., 0., 0.],
        [1., 0., 0., 0., 0., 0., 0., 0., 0., 0.],
        [0., 0., 0., 0., 0., 0., 0., 0., 0., 0.],
        [0., 0., 0., 0., 0., 0., 0., 0., 0., 0.],
        [0., 0., 0., 0., 0., 0., 0., 0., 0., 0.],
        [0., 0., 0., 0., 1., 0., 0., 0., 0., 0.],
        [0., 0., 0., 0., 0., 0., 0., 0., 0., 0.],
        [0., 0., 0., 0., 0., 0., 0., 0., 0., 0.],
        [0., 0., 0., 0., 0., 0., 0., 0., 0., 0.],
        [0., 0., 0., 0., 0., 0., 0., 0., 0., 0.],
        [0., 0., 0., 0., 0., 0., 1., 0., 0., 0.],
        [0., 1., 0., 0., 0., 0., 0., 0., 0., 0.],
        [0., 0., 0., 0., 0., 0., 0., 0., 0., 0.],
        [0., 1., 0., 0., 0., 0., 0., 0., 0., 0.],
        [0., 0., 0., 0., 0., 0., 0., 0., 0., 0.],
        [0., 1., 0., 0., 0., 0., 0., 0., 0., 0.],
        [0., 0., 0., 0., 1., 0., 0., 0., 0., 0.],
        [0., 0., 1., 0., 0., 0., 0., 0., 0., 0.],
        [0., 0., 0., 0., 0., 0., 0., 0., 0., 0.],
        [0., 1., 0., 0., 0., 0., 0., 0., 0., 0.],
        [0., 0., 0., 0., 0., 0., 0., 0., 0., 1.],
        [0., 0., 0., 1., 0., 0., 0., 0., 0., 0.],
        [0., 0., 0., 0., 0., 1., 0., 0., 0., 0.],
        [0., 0., 0., 0., 0., 0., 0., 0., 1., 0.],
        [0., 0., 0., 0., 0., 0., 0., 0., 0., 0.],
        [0., 0., 0., 0., 0., 0., 0., 0., 0., 0.],
        [0., 0., 0., 0., 0., 0., 0., 0., 0., 0.],
        [0., 0., 0., 0., 0., 0., 0., 0., 0., 0.],
        [0., 0., 0., 0., 0., 0., 0., 0., 0., 0.],
        [0., 0., 0., 0., 0., 1., 0., 0., 0., 0.],
        [0., 0., 0., 1., 0., 0., 0., 0., 0., 0.],
        [0., 0., 0., 0., 0., 0., 0., 0., 0., 0.],
        [0., 0., 0., 0., 0., 0., 0., 0., 0., 0.],
        [0., 0., 0., 0., 0., 0., 0., 0., 0., 0.],
        [0., 0., 1., 0., 0., 0., 0., 0., 0., 0.],
        [0., 0., 0., 0., 0., 1., 0., 0., 0., 0.],
        [0., 0., 0., 0., 0., 0., 0., 0., 1., 0.],
        [0., 0., 0., 0., 0., 0., 0., 0., 0., 0.],
        [0., 0., 0., 0., 0., 0., 0., 0., 0., 0.],
        [0., 0., 0., 0., 0., 0., 0., 0., 0., 0.],
        [0., 0., 0., 0., 0., 0., 0., 0., 0., 0.],
        [0., 0., 0., 0., 0., 0., 0., 0., 0., 0.],
        [0., 0., 0., 0., 0., 0., 0., 1., 0., 0.]], device='cuda:0')
Epoch 5 | Batch 600
--- spikes (training) ---
tensor([[313.,   2.,   7.,   2.,   1.,   0.,   7.,  20.,   5.,   4.],
        [  0.,   3.,   4.,  24.,  98.,   1.,   5.,   7.,   5., 275.],
        [  0., 275.,  49.,   9.,   0.,   0.,   2.,  33.,  11.,   3.],
        [  2.,  23.,  10.,   8.,   2.,   0.,   8., 154.,  10.,  14.],
        [  2.,   5.,  15.,   5.,   0.,   0.,   0., 297.,  23.,  11.],
        [  5.,   2.,   6., 230.,   2.,   0.,   1.,   4.,   1.,   0.],
        [  6.,   4.,   8.,  73.,   2.,  19.,   3.,   6., 209.,   2.],
        [  5.,   5.,  13.,  22.,  13.,   6.,   5.,   6., 220.,   2.],
        [306.,   4.,   5.,   5.,   2.,   0.,   7.,  10.,   4.,   5.],
        [  1.,  22.,   6.,   6.,   3.,  55., 186.,   2.,   4.,   0.],
        [304.,   0.,  92.,   9.,   2.,   0.,   9.,   9.,   3.,   0.],
        [  4.,   1.,   6.,   4.,   4.,   0., 299.,   2.,   0.,   3.],
        [  3.,  15.,  15., 287.,   1.,   0.,   0.,   4.,   1.,   0.],
        [  0., 285.,   6.,   6.,   0.,   0.,   2.,   7.,   8.,   5.],
        [ 13.,   8.,   5.,   2.,   1., 219.,   2.,  37., 108.,  21.],
        [ 13.,   2.,  10., 257.,   0.,  13.,   0.,   4.,   1.,   1.],
        [ 26.,   1., 150.,  20.,   4.,   2.,   5.,   3.,   3.,   2.],
        [  4.,   0.,  11.,   1., 149.,   0.,   6.,   1.,   2.,   1.],
        [266.,   0.,   1.,   9.,   0.,   3.,  18.,   5.,  34.,   0.],
        [  5.,   2.,   8.,   5.,   0.,   0.,   1., 297.,  19.,  20.],
        [  2.,   8.,  11.,  13.,   2.,   3.,   4.,  17.,  21., 112.],
        [ 13.,   0., 293.,  21.,  31.,   0.,  15.,   2.,   1.,   0.],
        [  5.,   5.,  28.,  28.,   4.,   6.,   2.,   3., 177.,   3.],
        [ 21.,   0.,  13.,   3.,  16.,   0., 297.,   0.,   1.,   1.],
        [  4.,  15.,  10.,   7.,   1.,   0.,  10.,  34., 265.,   9.],
        [  0., 286.,   5.,   6.,   0.,   0.,   2.,   5.,   7.,   4.],
        [ 14.,   1.,  11.,  36., 273.,   0.,  16.,   6.,   4.,   8.],
        [  0., 290.,   8.,   7.,   0.,   0.,   4.,   6.,  81.,   9.],
        [  1., 282.,  37.,  20.,   0.,   0.,   4.,  41.,  40.,  32.],
        [  1.,   5.,   6.,   7.,   2.,   0.,   1., 139.,   3.,  12.],
        [  8.,   2.,   9.,   5., 259.,   0.,  37.,  24.,   6.,   2.],
        [ 22.,   0.,   6.,  28.,   4., 247.,   0.,   1.,  12.,   0.],
        [322.,   0.,   2.,  14.,   0.,  24.,   5.,   7.,   9.,   0.],
        [  5.,   2.,   8.,   6.,   7.,   0.,  12.,  58.,   4., 257.],
        [  0., 275.,   5.,   4.,   0.,   0.,   2.,   4.,  81.,   6.],
        [  4.,  23.,  14.,  29.,   1.,   0.,   5.,   7., 218.,   2.],
        [  2.,   0.,  20.,   7.,  77.,   0., 282.,   1.,   2.,   0.],
        [  1.,  42.,  16., 244.,   2.,   0.,   3.,  13.,  14.,  14.],
        [130.,   1.,  69.,  10.,  14.,   4.,  15.,   4., 202.,   0.],
        [ 27.,   0.,   3.,  27.,  12., 237.,   3.,   2.,   7.,   1.],
        [  2.,  16., 295.,  34.,   1.,   0.,   0.,   7.,   5.,   0.],
        [303.,   0.,   4.,  18.,   1.,   0.,   5.,   5.,   1.,   0.],
        [ 16.,   0.,   1.,  10.,   6.,   0.,   0., 104.,   2.,   5.],
        [ 37.,   1.,  16., 265.,   2.,   2.,   0.,   5.,   1.,   0.],
        [ 63.,   2.,   6.,   3.,   0., 206.,   5.,   6.,   0.,   0.],
        [128.,   0.,   4.,  17.,   0., 171.,   2.,  11.,   1.,   0.],
        [ 25.,   1.,   3.,  19.,   1., 244.,   2.,   2.,   2.,   1.],
        [312.,   0.,   3.,   7.,   1.,  13.,   5.,   4.,   3.,   0.],
        [ 12.,   0.,   9.,  13., 281.,   0.,  13.,  19.,   8.,  21.],
        [  3.,   1.,  14.,   3.,   1.,   0., 284.,   3.,  29.,   0.],
        [  4.,   0.,  13.,   3.,   8.,   0., 299.,   2.,   1.,   3.],
        [  2.,  33., 212.,  16.,   0.,   0.,   0.,   6.,   7.,   0.],
        [  3.,  29., 305.,  33.,   0.,   0.,   5.,   1.,   1.,   0.],
        [319.,   0.,   1.,  16.,   0.,  66.,   3.,   6.,   1.,   0.],
        [  2.,   3.,   7.,  23., 282.,   0.,   8.,   8.,   6.,  82.],
        [  0.,   5.,   6.,   5.,   1.,   0.,   0., 260.,   4.,  22.],
        [  2.,   2.,  18.,   3.,   6.,   0., 280.,   7.,  19.,   4.],
        [  4.,   6.,  12., 270.,   3.,   1.,   1.,   2.,   2.,   0.],
        [  4.,   7.,  60.,  34.,   6.,   2.,   4.,   1., 122.,   0.],
        [  5.,   3.,   4., 282.,   0.,   0.,   0.,   5.,   2.,   4.],
        [317.,   0.,   9.,  19.,   4.,   0., 205.,   7.,  36.,   0.],
        [  1.,  73.,  22.,   5.,   4.,  22.,  13.,   8.,  56.,   3.],
        [  4.,   0., 309.,  26.,   1.,   0.,   1.,   6.,   1.,   0.],
        [  2.,  92.,  36.,  11.,   3.,   1.,   5.,   6., 231.,   1.]],
       device='cuda:0')
--- spikes (finish interval) ---
tensor([[1., 0., 0., 0., 0., 0., 0., 0., 0., 0.],
        [0., 0., 0., 0., 0., 0., 0., 0., 0., 1.],
        [0., 0., 0., 0., 0., 0., 0., 0., 0., 0.],
        [0., 0., 0., 0., 0., 0., 0., 1., 0., 0.],
        [0., 0., 0., 0., 0., 0., 0., 0., 0., 0.],
        [0., 0., 0., 0., 0., 0., 0., 0., 0., 0.],
        [0., 0., 0., 0., 0., 0., 0., 0., 0., 0.],
        [0., 0., 0., 0., 0., 0., 0., 0., 0., 0.],
        [1., 0., 0., 0., 0., 0., 0., 0., 0., 0.],
        [0., 0., 0., 0., 0., 0., 0., 0., 0., 0.],
        [0., 0., 0., 0., 0., 0., 0., 0., 0., 0.],
        [0., 0., 0., 0., 0., 0., 0., 0., 0., 0.],
        [0., 0., 0., 1., 0., 0., 0., 0., 0., 0.],
        [0., 0., 0., 0., 0., 0., 0., 0., 0., 0.],
        [0., 0., 0., 0., 0., 0., 0., 0., 0., 0.],
        [0., 0., 0., 0., 0., 0., 0., 0., 0., 0.],
        [0., 0., 0., 0., 0., 0., 0., 0., 0., 0.],
        [0., 0., 0., 0., 0., 0., 0., 0., 0., 0.],
        [0., 0., 0., 0., 0., 0., 0., 0., 0., 0.],
        [0., 0., 0., 0., 0., 0., 0., 0., 0., 0.],
        [0., 0., 0., 0., 0., 0., 0., 0., 0., 0.],
        [0., 0., 0., 0., 0., 0., 0., 0., 0., 0.],
        [0., 0., 0., 0., 0., 0., 0., 0., 0., 0.],
        [0., 0., 0., 0., 0., 0., 0., 0., 0., 0.],
        [0., 0., 0., 0., 0., 0., 0., 0., 1., 0.],
        [0., 1., 0., 0., 0., 0., 0., 0., 0., 0.],
        [0., 0., 0., 0., 1., 0., 0., 0., 0., 0.],
        [0., 0., 0., 0., 0., 0., 0., 0., 0., 0.],
        [0., 0., 0., 0., 0., 0., 0., 0., 0., 0.],
        [0., 0., 0., 0., 0., 0., 0., 1., 0., 0.],
        [0., 0., 0., 0., 1., 0., 0., 0., 0., 0.],
        [0., 0., 0., 0., 0., 0., 0., 0., 0., 0.],
        [1., 0., 0., 0., 0., 0., 0., 0., 0., 0.],
        [0., 0., 0., 0., 0., 0., 0., 0., 0., 0.],
        [0., 1., 0., 0., 0., 0., 0., 0., 0., 0.],
        [0., 0., 0., 0., 0., 0., 0., 0., 0., 0.],
        [0., 0., 0., 0., 0., 0., 0., 0., 0., 0.],
        [0., 0., 0., 0., 0., 0., 0., 0., 0., 0.],
        [0., 0., 0., 0., 0., 0., 0., 0., 1., 0.],
        [0., 0., 0., 0., 0., 1., 0., 0., 0., 0.],
        [0., 0., 0., 0., 0., 0., 0., 0., 0., 0.],
        [0., 0., 0., 0., 0., 0., 0., 0., 0., 0.],
        [0., 0., 0., 0., 0., 0., 0., 0., 0., 0.],
        [0., 0., 0., 1., 0., 0., 0., 0., 0., 0.],
        [0., 0., 0., 0., 0., 0., 0., 0., 0., 0.],
        [0., 0., 0., 0., 0., 0., 0., 0., 0., 0.],
        [0., 0., 0., 0., 0., 1., 0., 0., 0., 0.],
        [1., 0., 0., 0., 0., 0., 0., 0., 0., 0.],
        [0., 0., 0., 0., 0., 0., 0., 0., 0., 0.],
        [0., 0., 0., 0., 0., 0., 0., 0., 0., 0.],
        [0., 0., 0., 0., 0., 0., 1., 0., 0., 0.],
        [0., 0., 0., 0., 0., 0., 0., 0., 0., 0.],
        [0., 0., 1., 0., 0., 0., 0., 0., 0., 0.],
        [0., 0., 0., 0., 0., 0., 0., 0., 0., 0.],
        [0., 0., 0., 0., 0., 0., 0., 0., 0., 0.],
        [0., 0., 0., 0., 0., 0., 0., 0., 0., 0.],
        [0., 0., 0., 0., 0., 0., 0., 0., 1., 0.],
        [0., 0., 0., 0., 0., 0., 0., 0., 0., 0.],
        [0., 0., 0., 0., 0., 0., 0., 0., 0., 0.],
        [0., 0., 0., 0., 0., 0., 0., 0., 0., 0.],
        [1., 0., 0., 0., 0., 0., 1., 0., 0., 0.],
        [0., 0., 0., 0., 0., 0., 0., 0., 0., 0.],
        [0., 0., 1., 0., 0., 0., 0., 0., 0., 0.],
        [0., 0., 0., 0., 0., 0., 0., 0., 1., 0.]], device='cuda:0')
Epoch 5 | Batch 700
--- spikes (training) ---
tensor([[  0.,  56., 268.,  27.,   6.,   1.,   7.,   2.,   3.,   2.],
        [  2.,   3.,   8.,   1.,  18.,   0.,   7., 274.,   4.,  40.],
        [  0., 275.,   0.,   2.,   7.,   1.,   7.,   6.,   6.,   4.],
        [  4.,   7.,   2.,   5.,  22.,   5.,  39.,   7., 224.,  28.],
        [ 12.,   0.,   1.,   1.,  19.,   0., 314.,   4.,   3.,   0.],
        [  7.,   3., 297.,   2.,  52.,   0.,  16.,   1.,   0.,   1.],
        [  0., 271.,   2.,   5.,   7.,   1.,  14.,   6.,  11.,   5.],
        [  0.,   2., 309.,  26.,  29.,   0.,  13.,   4.,   0.,   2.],
        [  0.,  34., 279.,   6.,   6.,   0.,  32.,   4.,   1.,   3.],
        [  2.,   0.,   3.,   6.,  30.,   0.,   1., 270.,   0.,  22.],
        [  0.,   0.,   0.,   2.,   8.,   1.,   6., 213.,   1.,   3.],
        [  0.,   2.,   0.,   6., 288.,   0.,   8.,  21.,   1.,  41.],
        [  1.,   2.,   2.,   4., 286.,   0.,   8.,  28.,   1.,  10.],
        [  0.,   1.,   0.,   7., 286.,   0.,   9.,   8.,   0.,  49.],
        [  0.,   6.,   6.,   1.,  75.,   0.,  16., 276.,   3.,  25.],
        [  0., 279.,   1.,   3.,   6.,   1.,  10.,   5.,   8.,   5.],
        [  1.,  14.,   4.,  12.,   4.,   0.,   4., 160.,  52.,  12.],
        [  0.,   5., 284.,   2.,  21.,   1.,  16.,   1.,   2.,   2.],
        [  2.,  14., 268.,   4.,   2.,   2.,  16.,   7.,  91.,   5.],
        [  0.,   3.,   0.,   3., 281.,   0.,   6.,  15.,   1.,  28.],
        [  5.,  58.,   0., 253.,   8.,   9.,   5.,  12.,   5.,   9.],
        [  0.,   7.,  39., 274.,   3.,   2.,  14.,   2.,   0.,   4.],
        [  1.,   3.,   1.,   1., 288.,   0.,  49.,  37.,   1.,  14.],
        [  7., 156.,   2.,   7.,  33.,  16.,  11.,  14., 138.,   6.],
        [  2.,   3.,   0.,   2.,  43.,   0.,  13.,   5., 261.,  14.],
        [  2.,   3.,   3.,   2.,   9.,   0., 307.,   1.,   6.,   2.],
        [  2.,  25.,   7., 280.,  10.,   5.,   5.,  10.,   1.,   3.],
        [  0., 251.,   1.,   2.,   3.,   0.,  10.,   3.,   8.,   2.],
        [287.,   2.,   4.,   0.,   2.,   2.,  12.,  33.,   5.,   3.],
        [ 10.,  13.,   6.,  76.,  19.,   5.,   7.,  10., 152.,  21.],
        [  1.,  40.,   1.,   2.,  17.,   6., 237.,   6.,   9.,   4.],
        [ 29.,   3.,   0.,   1.,  15.,   0.,   2., 303.,   6.,  93.],
        [  0., 273.,   1.,   3.,   7.,   1.,  12.,  11.,  10.,  10.],
        [  0.,   7.,   3.,   5.,  18.,   0.,  10., 230.,  26.,  32.],
        [  4.,   1.,   2.,   3.,  35.,   0., 267.,   5.,   3.,   4.],
        [  0.,  84., 297.,   9.,   3.,   0.,  42.,   1.,   0.,   0.],
        [  7.,   1.,   0.,   0., 291.,   0.,  22.,  21.,   0.,   8.],
        [  1.,   5.,  41., 297.,  11.,   2.,   2.,   4.,   0.,   2.],
        [  1.,   2.,   0.,  60.,   9., 186.,   8.,   4.,   3.,   8.],
        [239.,  10.,   1.,  44.,  13.,   6.,   6.,  32.,   3.,   8.],
        [  4.,  37.,   2.,   4.,  10., 272.,   8.,   7.,   3.,   6.],
        [  0.,   1.,   8.,   7.,  61.,   0.,   7.,   9.,   1., 239.],
        [  5.,   4.,   0., 294.,   6.,  67.,   7.,  28.,   2.,   8.],
        [  1.,  98.,   1.,   7.,  16.,   2.,  10.,   3., 192.,   6.],
        [  4.,   1.,   1.,  21.,  41.,   1.,   7.,  16.,   1., 281.],
        [  6.,   2.,   2., 293.,  13.,  30.,   1.,   9.,   3.,  18.],
        [296.,   2.,   0.,  10.,   9.,  56.,   7., 104.,   0.,   0.],
        [  0., 288.,   3.,   4.,  12.,   1.,  15.,   4.,  18.,   2.],
        [291.,   0.,   1.,   3.,   3.,   1.,  14.,   5.,   6.,   2.],
        [  0., 240.,   1.,   2.,   4.,   0.,  11.,   5.,   8.,   5.],
        [  3.,   8.,   2.,   6.,  11.,   1.,   2., 300.,   7.,   9.],
        [  0.,   1.,   4.,   4.,  28.,   1.,   6.,  12.,   3., 160.],
        [  0.,   1.,   0.,  24.,  24.,   4.,   8.,  14.,   4., 280.],
        [  0.,   6.,   0.,   4., 162.,   1.,  12.,  19.,   4.,  32.],
        [  4.,   1.,   2.,   1.,  44.,   0., 304.,   6.,   2.,   3.],
        [  0.,  59.,   1.,   3.,  10.,   1.,   5., 215.,   6.,  27.],
        [  3.,   4., 285.,  69.,   6.,   0.,   7.,  18.,   0.,   5.],
        [ 18.,   2.,   5., 284.,   6., 108.,   5.,   7.,   2.,   2.],
        [305.,   1.,   2.,  14.,  15.,  88.,   9.,  15.,   0.,   0.],
        [  0., 269.,   1.,   3.,  11.,   0.,   7.,   2.,  26.,   2.],
        [ 59.,   1.,   3.,  12.,   5., 150.,  65.,   9.,   3.,   0.],
        [ 20.,  10.,   1.,   2.,  54., 130.,   7.,  25.,   4.,   9.],
        [  0.,  11.,   0.,   2.,  13.,   2.,  14.,  15.,  57., 247.],
        [  0.,   5.,   0.,   5., 253.,   1.,  15.,  42.,  18.,  13.]],
       device='cuda:0')
--- spikes (finish interval) ---
tensor([[0., 0., 0., 0., 0., 0., 0., 0., 0., 0.],
        [0., 0., 0., 0., 0., 0., 0., 0., 0., 0.],
        [0., 0., 0., 0., 0., 0., 0., 0., 0., 0.],
        [0., 0., 0., 0., 0., 0., 0., 0., 1., 0.],
        [0., 0., 0., 0., 0., 0., 1., 0., 0., 0.],
        [0., 0., 1., 0., 0., 0., 0., 0., 0., 0.],
        [0., 0., 0., 0., 0., 0., 0., 0., 0., 0.],
        [0., 0., 1., 0., 1., 0., 0., 0., 0., 0.],
        [0., 0., 1., 0., 0., 0., 0., 0., 0., 0.],
        [0., 0., 0., 0., 0., 0., 0., 0., 0., 0.],
        [0., 0., 0., 0., 0., 0., 0., 0., 0., 0.],
        [0., 0., 0., 0., 1., 0., 0., 0., 0., 0.],
        [0., 0., 0., 0., 1., 0., 0., 0., 0., 0.],
        [0., 0., 0., 0., 0., 0., 0., 0., 0., 0.],
        [0., 0., 0., 0., 0., 0., 0., 1., 0., 0.],
        [0., 0., 0., 0., 0., 0., 0., 0., 0., 0.],
        [0., 0., 0., 0., 0., 0., 0., 0., 0., 0.],
        [0., 0., 0., 0., 0., 0., 0., 0., 0., 0.],
        [0., 0., 0., 0., 0., 0., 0., 0., 0., 0.],
        [0., 0., 0., 0., 0., 0., 0., 0., 0., 0.],
        [0., 0., 0., 1., 0., 0., 0., 0., 0., 0.],
        [0., 0., 0., 0., 0., 0., 0., 0., 0., 0.],
        [0., 0., 0., 0., 1., 0., 0., 0., 0., 0.],
        [0., 0., 0., 0., 0., 0., 0., 0., 0., 0.],
        [0., 0., 0., 0., 0., 0., 0., 0., 1., 0.],
        [0., 0., 0., 0., 0., 0., 0., 0., 0., 0.],
        [0., 0., 0., 0., 0., 0., 0., 0., 0., 0.],
        [0., 1., 0., 0., 0., 0., 0., 0., 0., 0.],
        [0., 0., 0., 0., 0., 0., 0., 0., 0., 0.],
        [0., 0., 0., 0., 0., 0., 0., 0., 0., 0.],
        [0., 0., 0., 0., 0., 0., 0., 0., 0., 0.],
        [0., 0., 0., 0., 0., 0., 0., 1., 0., 0.],
        [0., 1., 0., 0., 0., 0., 0., 0., 0., 0.],
        [0., 0., 0., 0., 0., 0., 0., 0., 0., 0.],
        [0., 0., 0., 0., 0., 0., 0., 0., 0., 0.],
        [0., 0., 1., 0., 0., 0., 0., 0., 0., 0.],
        [0., 0., 0., 0., 0., 0., 0., 0., 0., 0.],
        [0., 0., 0., 1., 0., 0., 0., 0., 0., 0.],
        [0., 0., 0., 0., 0., 0., 0., 0., 0., 0.],
        [0., 0., 0., 0., 0., 0., 0., 0., 0., 0.],
        [0., 0., 0., 0., 0., 0., 0., 0., 0., 0.],
        [0., 0., 0., 0., 0., 0., 0., 0., 0., 0.],
        [0., 0., 0., 0., 0., 0., 0., 0., 0., 0.],
        [0., 0., 0., 0., 0., 0., 0., 0., 0., 0.],
        [0., 0., 0., 0., 0., 0., 0., 0., 0., 1.],
        [0., 0., 0., 0., 0., 0., 0., 0., 0., 0.],
        [1., 0., 0., 0., 0., 0., 0., 0., 0., 0.],
        [0., 1., 0., 0., 0., 0., 0., 0., 0., 0.],
        [0., 0., 0., 0., 0., 0., 0., 0., 0., 0.],
        [0., 0., 0., 0., 0., 0., 0., 0., 0., 0.],
        [0., 0., 0., 0., 0., 0., 0., 0., 0., 0.],
        [0., 0., 0., 0., 0., 0., 0., 0., 0., 0.],
        [0., 0., 0., 0., 0., 0., 0., 0., 0., 1.],
        [0., 0., 0., 0., 0., 0., 0., 0., 0., 0.],
        [0., 0., 0., 0., 0., 0., 1., 0., 0., 0.],
        [0., 0., 0., 0., 0., 0., 0., 1., 0., 0.],
        [0., 0., 1., 0., 0., 0., 0., 0., 0., 0.],
        [0., 0., 0., 1., 0., 0., 0., 0., 0., 0.],
        [1., 0., 0., 0., 0., 0., 0., 0., 0., 0.],
        [0., 1., 0., 0., 0., 0., 0., 0., 0., 0.],
        [0., 0., 0., 0., 0., 0., 0., 0., 0., 0.],
        [0., 0., 0., 0., 0., 0., 0., 0., 0., 0.],
        [0., 0., 0., 0., 0., 0., 0., 0., 0., 0.],
        [0., 0., 0., 0., 0., 0., 0., 0., 0., 0.]], device='cuda:0')
Epoch 5 | Batch 800
--- spikes (training) ---
tensor([[ 16.,   0.,   0.,  46.,   0., 241.,   3.,   3.,   2.,   2.],
        [  0.,   4., 290.,   8.,   0.,   2.,   5.,   4.,  31.,   0.],
        [  6.,   8.,   7.,  10.,   5.,  66.,   5.,   3., 254.,   1.],
        [  7.,   0.,   0., 285.,  49.,  75.,   2.,   3.,   7.,   0.],
        [ 17.,   4.,   0., 283.,   0.,  10.,   1.,   3.,   7.,   0.],
        [  2.,   6.,  90.,   5.,   2.,   2.,   8., 264.,   8.,   6.],
        [ 79.,  14.,   7.,   1.,   9.,  17.,  23.,   5.,   4.,   1.],
        [  3.,   9.,   7.,   2.,   2.,   4.,  10., 151.,  74., 221.],
        [317.,   1.,   0.,   0.,   0.,  20.,   8.,  17.,   6.,   0.],
        [  1.,  74.,  13.,   6.,   0.,   1.,   5., 169.,   6.,   9.],
        [  8.,   3.,  15.,   1.,   2.,   5., 254.,  15.,   0.,   0.],
        [  3.,   2.,   6.,   1.,   5.,   8., 301.,   6.,   9.,   1.],
        [ 40.,   2.,   0.,  22.,   0., 267.,   5.,   3.,   5.,   2.],
        [  4.,   6.,   1., 283.,   0.,  20.,   0.,   2.,  64.,   1.],
        [  5.,   2., 300.,   4.,  41.,   3.,   6.,  13.,   7.,   0.],
        [  0., 215.,   0.,   6.,   0.,   4.,  23.,   5.,   3.,   2.],
        [  6.,   3.,   1.,   3.,   2.,   5.,   9., 244.,   6.,   1.],
        [ 12.,   5.,   1.,   0.,  29.,   3.,   8., 131.,   7., 206.],
        [  1.,   2.,   0.,   2.,   2.,   2.,   1., 257.,   2.,   5.],
        [  2.,   3.,   0.,   2.,  49.,  30.,  11.,  41.,   5., 248.],
        [  8.,  11., 151.,   1., 114.,   5.,  71.,   6.,   3.,   0.],
        [  1.,   4.,   1.,   5.,   0.,   7., 269.,   1.,   5.,   1.],
        [  0., 217.,   0.,   3.,   0.,   1.,   7.,   2.,   1.,   0.],
        [ 14.,   5.,   0., 276.,   7.,  12.,   0.,   2.,  11.,   2.],
        [  4.,   4.,   0., 219.,   0.,   3.,  12.,  13.,   2.,   0.],
        [ 12.,   6.,   3.,   8.,   2.,   9.,  10.,   7., 260.,   9.],
        [ 10.,   4.,   0., 292.,   2.,  28.,   0.,   4.,  13.,  18.],
        [  5.,  31.,   5.,   8.,   1.,   4.,  10.,   5., 216.,  26.],
        [  6.,  23.,   4.,   4.,   0.,  79.,   5.,   2.,  20.,   2.],
        [  1.,   8., 167.,   9.,   0.,  11.,  39.,  10.,   2.,   0.],
        [319.,   1.,   0.,   2.,   0.,  40.,   5.,   7.,   6.,   0.],
        [  2.,   1.,   0.,   7.,   4.,   6.,   2., 300.,   6.,   4.],
        [ 27.,   0.,   0.,  75.,   0., 270.,  11.,   6.,   3.,   0.],
        [ 30.,   2.,   0., 294.,   0.,  61.,   1.,  24.,   3.,   2.],
        [ 20.,   2.,   1.,   1.,   0.,  11., 288.,   3.,  15.,   0.],
        [  3.,   5., 278.,   3.,  37.,   4.,  34.,   4.,   0.,   3.],
        [  0., 234.,   0.,   2.,   0.,   0.,   2.,  40.,   1.,   0.],
        [  4.,   2.,   2.,   1., 271.,   2.,  94., 141.,   8.,  49.],
        [ 20.,   6.,   1., 163.,   2.,  17.,   1.,   6., 245.,   0.],
        [ 63.,   3.,   0.,   0.,   3., 231.,  18.,  10., 128.,  14.],
        [  3.,   3.,   0., 240.,   0.,  16.,   2.,  25.,   2.,   3.],
        [  7.,  20.,   0.,  14.,   0.,  15.,  25.,   3., 250.,   1.],
        [ 20.,   3.,  12.,   0.,  12.,  10., 304.,  15.,   1.,   2.],
        [ 36.,   0.,   0.,   7.,   0., 268.,   5.,   2.,   6.,   1.],
        [  1., 241.,   7.,   5.,   0.,   1.,   2.,   2.,  17.,   0.],
        [  4.,  13.,   4.,   3.,   3.,  11.,  21.,  18., 234.,  64.],
        [ 16.,   0.,   0., 297.,   0., 123.,   0.,   6.,   5.,   3.],
        [  8.,   9., 278.,  37.,   1.,   9.,   4.,   0.,  34.,   0.],
        [  6.,   5.,   1.,   1.,   3., 248.,   3.,  10.,  33.,   4.],
        [ 11.,   5.,   0.,   0.,   7., 267.,   6.,   1.,  77.,   3.],
        [  1.,  14.,  33.,   4.,   1.,   2.,   6., 210.,   3.,   1.],
        [  2.,   8.,   0.,   7.,   4.,  15., 193.,  15.,   7.,   0.],
        [  0.,   8.,   6.,   1.,   0.,   9., 276.,   2.,   4.,   1.],
        [  3.,   2.,   0.,   3.,  18.,   9.,   4., 288.,   4.,  36.],
        [  2.,   0.,   0.,   1.,   9., 248.,   3.,   2.,  67.,   3.],
        [  9.,   2.,   0.,   9.,   0., 260.,   1.,   5., 125.,   4.],
        [  1., 268.,   5.,   2.,   0.,   1.,   5.,  20.,   5.,   1.],
        [ 19.,   1.,   0., 297.,   1.,  19.,   1.,   3.,   1.,   1.],
        [313.,   0.,   1.,   2.,   0.,  20.,  13.,  11.,   4.,   0.],
        [ 16.,   1.,  43.,   8.,  16.,  30.,   8.,  19., 240.,   0.],
        [320.,   0.,   0.,   3.,   0.,  64.,   6.,  13.,   6.,   0.],
        [  1.,   5.,   0.,   3.,   5.,   3.,   2., 277.,   3.,   9.],
        [ 31.,   1.,   0.,  29.,   0., 271.,   6.,   1.,   5.,   2.],
        [  1.,   2.,   9.,   4.,   0.,   1.,   2., 301.,   6.,   3.]],
       device='cuda:0')
--- spikes (finish interval) ---
tensor([[0., 0., 0., 0., 0., 0., 0., 0., 0., 0.],
        [0., 0., 1., 0., 0., 0., 0., 0., 0., 0.],
        [0., 0., 0., 0., 0., 0., 0., 0., 1., 0.],
        [0., 0., 0., 0., 1., 0., 0., 0., 0., 0.],
        [0., 0., 0., 1., 0., 0., 0., 0., 0., 0.],
        [0., 0., 0., 0., 0., 0., 0., 1., 0., 0.],
        [0., 0., 0., 0., 0., 0., 0., 0., 0., 0.],
        [0., 0., 0., 0., 0., 0., 0., 0., 0., 1.],
        [0., 0., 0., 0., 0., 0., 0., 0., 0., 0.],
        [0., 0., 0., 0., 0., 0., 0., 0., 0., 0.],
        [0., 0., 0., 0., 0., 0., 0., 0., 0., 0.],
        [0., 0., 0., 0., 0., 0., 1., 0., 0., 0.],
        [0., 0., 0., 0., 0., 0., 0., 0., 0., 0.],
        [0., 0., 0., 1., 0., 0., 0., 0., 0., 0.],
        [0., 0., 0., 0., 0., 0., 0., 0., 0., 0.],
        [0., 0., 0., 0., 0., 0., 0., 0., 0., 0.],
        [0., 0., 0., 0., 0., 0., 0., 0., 0., 0.],
        [0., 0., 0., 0., 0., 0., 0., 0., 0., 1.],
        [0., 0., 0., 0., 0., 0., 0., 1., 0., 0.],
        [0., 0., 0., 0., 0., 0., 0., 0., 0., 1.],
        [0., 0., 1., 0., 0., 0., 0., 0., 0., 0.],
        [0., 0., 0., 0., 0., 0., 1., 0., 0., 0.],
        [0., 1., 0., 0., 0., 0., 0., 0., 0., 0.],
        [0., 0., 0., 1., 0., 0., 0., 0., 0., 0.],
        [0., 0., 0., 0., 0., 0., 0., 0., 0., 0.],
        [0., 0., 0., 0., 0., 0., 0., 0., 0., 0.],
        [0., 0., 0., 1., 0., 0., 0., 0., 0., 0.],
        [0., 0., 0., 0., 0., 0., 0., 0., 0., 0.],
        [0., 0., 0., 0., 0., 0., 0., 0., 0., 0.],
        [0., 0., 1., 0., 0., 0., 0., 0., 0., 0.],
        [1., 0., 0., 0., 0., 0., 0., 0., 0., 0.],
        [0., 0., 0., 0., 0., 0., 0., 1., 0., 0.],
        [0., 0., 0., 0., 0., 0., 0., 0., 0., 0.],
        [0., 0., 0., 1., 0., 0., 0., 0., 0., 0.],
        [0., 0., 0., 0., 0., 0., 1., 0., 0., 0.],
        [0., 0., 0., 0., 0., 0., 0., 0., 0., 0.],
        [0., 1., 0., 0., 0., 0., 0., 0., 0., 0.],
        [0., 0., 0., 0., 1., 0., 0., 0., 0., 0.],
        [0., 0., 0., 0., 0., 0., 0., 0., 1., 0.],
        [0., 0., 0., 0., 0., 1., 0., 0., 1., 0.],
        [0., 0., 0., 0., 0., 0., 0., 0., 0., 0.],
        [0., 0., 0., 0., 0., 0., 0., 0., 0., 0.],
        [0., 0., 0., 0., 0., 0., 0., 0., 0., 0.],
        [0., 0., 0., 0., 0., 1., 0., 0., 0., 0.],
        [0., 0., 0., 0., 0., 0., 0., 0., 0., 0.],
        [0., 0., 0., 0., 0., 0., 0., 0., 1., 0.],
        [0., 0., 0., 1., 0., 0., 0., 0., 0., 0.],
        [0., 0., 1., 0., 0., 0., 0., 0., 0., 0.],
        [0., 0., 0., 0., 0., 0., 0., 0., 0., 0.],
        [0., 0., 0., 0., 0., 1., 0., 0., 0., 0.],
        [0., 0., 0., 0., 0., 0., 0., 0., 0., 0.],
        [0., 0., 0., 0., 0., 0., 0., 0., 0., 0.],
        [0., 0., 0., 0., 0., 0., 0., 0., 0., 0.],
        [0., 0., 0., 0., 0., 0., 0., 0., 0., 0.],
        [0., 0., 0., 0., 0., 1., 0., 0., 0., 0.],
        [0., 0., 0., 0., 0., 0., 0., 0., 0., 0.],
        [0., 0., 0., 0., 0., 0., 0., 0., 0., 0.],
        [0., 0., 0., 0., 0., 0., 0., 0., 0., 0.],
        [1., 0., 0., 0., 0., 0., 0., 0., 0., 0.],
        [0., 0., 0., 0., 0., 0., 0., 0., 0., 0.],
        [1., 0., 0., 0., 0., 0., 0., 0., 0., 0.],
        [0., 0., 0., 0., 0., 0., 0., 0., 0., 0.],
        [0., 0., 0., 0., 0., 0., 0., 0., 0., 0.],
        [0., 0., 0., 0., 0., 0., 0., 0., 0., 0.]], device='cuda:0')
Epoch 5 | Batch 900
--- spikes (training) ---
tensor([[  8.,  62.,  69.,   0.,   0., 265.,   4.,   5.,  26.,   1.],
        [ 21.,   2., 132.,   1.,  13.,   3., 270.,   2.,   0.,   4.],
        [300.,   1.,  21.,   0.,   1.,  17.,  16.,   2.,   2.,   6.],
        [  2.,   3., 301.,  28.,   0.,   1.,   2.,   9.,   0.,   0.],
        [  0.,   4.,  10.,   1., 264.,   7.,   3.,  13.,   7.,   7.],
        [286.,  10.,  24.,   1.,   3.,   3.,  12.,   4.,   3.,  11.],
        [  1.,  53.,  22.,   4.,  14.,   6.,   1., 179.,   4.,  14.],
        [  5., 137.,  23.,   6.,   3.,  14.,   4.,  39.,  14.,   6.],
        [  4.,   3.,  10.,   0.,  82.,   3., 276.,   2.,   1.,   4.],
        [  9.,   6.,   7., 298.,   1.,   9.,   0.,   4.,  15.,   1.],
        [ 10.,   2.,   6.,  10.,  41.,  15.,   3.,  19.,   6., 250.],
        [  2.,  19.,   6., 244.,   2.,  10.,   6.,   4.,   8.,   1.],
        [ 10.,   4.,  10., 295.,   0.,  14.,   2.,   2.,   7.,   0.],
        [  0., 292.,  23.,   4.,   2.,   3.,   2.,   6.,  27.,   3.],
        [  6.,   2.,   6.,   0.,  34.,   6.,   2., 306.,   3.,  14.],
        [  0., 277.,   7.,   4.,   1.,   5.,  19.,   7.,   4.,   2.],
        [212.,   1.,   9.,  18.,   1.,   7.,   5.,   4.,   5.,   3.],
        [  7.,   2.,  30., 294.,   5.,   5.,   0.,   6.,  38.,   1.],
        [201.,   0.,   8.,   0.,   0.,  10.,   3.,   4.,   1.,   4.],
        [233.,   1.,   7.,  19.,   4.,   7.,   5.,   4.,   4.,   2.],
        [  0., 285.,  16.,   4.,   1.,   2.,   2.,   8.,   3.,   3.],
        [ 25.,   1.,   8.,   9.,   7., 230.,   1.,   6.,   3.,  56.],
        [  3.,   3.,   8.,   1., 283.,   9.,  10.,  17.,  12.,  17.],
        [  6.,  15.,  25.,  48.,  24.,  11.,   2.,   7., 253.,   5.],
        [  4.,   5.,   7.,   0.,  10.,  13., 297.,   2.,   5.,   1.],
        [  7.,  12.,  17.,   1.,  26.,  13.,   3.,  34., 274.,   8.],
        [  5.,   6.,  12.,   0.,   4., 293.,   6.,   1.,  19.,   4.],
        [  0.,   3.,  67.,   3.,  11.,   1.,   0., 269.,   2.,   1.],
        [  0.,   3.,  12.,   1.,   6.,   4.,   1., 295.,   3.,   9.],
        [  7.,   2.,  14.,  84., 294.,   9.,   3.,   5.,   0.,  17.],
        [  7.,  51.,  85.,  30.,   1.,   5.,  17.,  17.,  10.,   2.],
        [  4.,  49., 151., 106.,   0.,   3.,   6.,  11.,   6.,   1.],
        [  0., 276.,   6.,   5.,   0.,   5.,  21.,   4.,   4.,   1.],
        [277.,   1.,   6.,   5.,   3.,  14.,   1.,   2.,   7.,   2.],
        [ 11.,   4.,  28.,   0.,  27.,  18.,   4.,   6.,   0., 252.],
        [  1.,   5.,   7.,   1.,  56.,   2.,   2., 288.,  61.,   3.],
        [  1.,   4.,   8.,   1., 278.,   9.,   3.,   9.,  10.,   9.],
        [  2.,  42.,  15.,   1.,  27.,   6.,  11.,   7., 258.,   4.],
        [  5.,  11.,   9.,   0.,  17.,  96.,   6.,  24.,   5.,   4.],
        [  2.,   3.,   8.,   1., 288.,  47.,   3.,  42.,   4.,   8.],
        [  0., 272.,   4.,   4.,   0.,   3.,   9.,   3.,   2.,   1.],
        [246.,   8.,  18.,   0.,   4.,  22.,   2.,   9.,   9.,   3.],
        [  8.,  43., 289.,  19.,   0.,   6.,  11.,   2.,   0.,   0.],
        [294.,   1.,  18.,   1.,   0.,  28.,   5.,   6.,   2.,   5.],
        [  0.,  41.,  14.,   1.,   4.,   8.,   9.,  37.,  72., 140.],
        [275.,   2.,  13.,   2.,   1.,  36.,   2.,  65.,   1.,   3.],
        [ 19.,   3.,  12.,  41.,   2.,   9., 263.,   0.,   0.,   2.],
        [  5.,  79.,  11.,   2., 242.,   6.,  28.,  10.,   3.,  11.],
        [288.,   3.,  13.,   1.,   0.,  19.,  18.,   4.,   3.,   1.],
        [ 11.,  11.,  23.,   1.,   9.,  40., 293.,   1.,   0.,   4.],
        [  6.,   3.,   7.,   2.,  58.,  23.,   1.,   6.,   8., 237.],
        [279.,   1.,  31.,   0.,   0.,  90.,   2.,   6.,   1.,   3.],
        [ 10.,   7.,  28.,   8.,  21.,  90.,   2.,   5., 261.,   6.],
        [ 12.,   5.,   9., 296.,   0.,  12.,   5.,   3.,  17.,   2.],
        [278.,   1.,  11.,   0.,   1.,  10.,   3.,   6.,   0.,  31.],
        [  0., 276.,   7.,   3.,   0.,   1.,   3.,   4.,   1.,   2.],
        [ 63.,   6.,  15., 292.,   2.,  16.,   1.,   2.,  77.,   3.],
        [  0.,  39.,  17.,   0.,   7.,   8.,  24.,  28., 215.,   4.],
        [  3.,   5., 139.,  49.,   4.,   7.,  21.,   3.,   6.,   0.],
        [  8.,   5.,   7., 297.,   2.,  13.,   0.,   3.,   9.,   2.],
        [ 31.,   2.,   9.,  14.,   2., 262.,   4.,   4.,   4.,   2.],
        [  1.,  12.,  11.,  34., 275.,   7.,   3.,  23.,   8.,  12.],
        [  6.,   6.,  13.,   0.,   9.,   9., 293.,   2.,   1.,   3.],
        [  0., 262.,   6.,   7.,   1.,   5.,  11.,   4.,   3.,   1.]],
       device='cuda:0')
--- spikes (finish interval) ---
tensor([[0., 0., 0., 0., 0., 1., 0., 0., 0., 0.],
        [0., 0., 0., 0., 0., 0., 1., 0., 0., 0.],
        [0., 0., 0., 0., 0., 0., 0., 0., 0., 0.],
        [0., 0., 0., 0., 0., 0., 0., 0., 0., 0.],
        [0., 0., 0., 0., 0., 0., 0., 0., 0., 0.],
        [0., 0., 0., 0., 0., 0., 0., 0., 0., 0.],
        [0., 0., 0., 0., 0., 0., 0., 1., 0., 0.],
        [0., 0., 0., 0., 0., 0., 0., 0., 0., 0.],
        [0., 0., 0., 0., 0., 0., 1., 0., 0., 0.],
        [0., 0., 0., 1., 0., 0., 0., 0., 0., 0.],
        [0., 0., 0., 0., 0., 0., 0., 0., 0., 0.],
        [0., 0., 0., 0., 0., 0., 0., 0., 0., 0.],
        [0., 0., 0., 1., 0., 0., 0., 0., 0., 0.],
        [0., 0., 0., 0., 0., 0., 0., 0., 0., 0.],
        [0., 0., 0., 0., 0., 0., 0., 0., 0., 0.],
        [0., 0., 0., 0., 0., 0., 0., 0., 0., 0.],
        [0., 0., 0., 0., 0., 0., 0., 0., 0., 0.],
        [0., 0., 0., 0., 0., 0., 0., 0., 0., 0.],
        [0., 0., 0., 0., 0., 0., 0., 0., 0., 0.],
        [0., 0., 0., 0., 0., 0., 0., 0., 0., 0.],
        [0., 0., 0., 0., 0., 0., 0., 0., 0., 0.],
        [0., 0., 0., 0., 0., 0., 0., 0., 0., 0.],
        [0., 0., 0., 0., 0., 0., 0., 0., 0., 0.],
        [0., 0., 0., 0., 0., 0., 0., 0., 1., 0.],
        [0., 0., 0., 0., 0., 0., 0., 0., 0., 0.],
        [0., 0., 0., 0., 0., 0., 0., 0., 0., 0.],
        [0., 0., 0., 0., 0., 0., 0., 0., 0., 0.],
        [0., 0., 0., 0., 0., 0., 0., 0., 0., 0.],
        [0., 0., 0., 0., 0., 0., 0., 1., 0., 0.],
        [0., 0., 0., 1., 1., 0., 0., 0., 0., 0.],
        [0., 0., 0., 0., 0., 0., 0., 0., 0., 0.],
        [0., 0., 0., 0., 0., 0., 0., 0., 0., 0.],
        [0., 0., 0., 0., 0., 0., 0., 0., 0., 0.],
        [0., 0., 0., 0., 0., 0., 0., 0., 0., 0.],
        [0., 0., 0., 0., 0., 0., 0., 0., 0., 1.],
        [0., 0., 0., 0., 0., 0., 0., 1., 1., 0.],
        [0., 0., 0., 0., 1., 0., 0., 0., 0., 0.],
        [0., 0., 0., 0., 0., 0., 0., 0., 0., 0.],
        [0., 0., 0., 0., 0., 1., 0., 0., 0., 0.],
        [0., 0., 0., 0., 1., 0., 0., 0., 0., 0.],
        [0., 0., 0., 0., 0., 0., 0., 0., 0., 0.],
        [1., 0., 0., 0., 0., 0., 0., 0., 0., 0.],
        [0., 0., 0., 0., 0., 0., 0., 0., 0., 0.],
        [0., 0., 0., 0., 0., 0., 0., 0., 0., 0.],
        [0., 0., 0., 0., 0., 0., 0., 0., 0., 0.],
        [1., 0., 0., 0., 0., 0., 0., 0., 0., 0.],
        [0., 0., 0., 0., 0., 0., 1., 0., 0., 0.],
        [0., 0., 0., 0., 0., 0., 0., 0., 0., 0.],
        [0., 0., 0., 0., 0., 0., 0., 0., 0., 0.],
        [0., 0., 0., 0., 0., 0., 0., 0., 0., 0.],
        [0., 0., 0., 0., 0., 0., 0., 0., 0., 0.],
        [1., 0., 0., 0., 0., 0., 0., 0., 0., 0.],
        [0., 0., 0., 0., 0., 0., 0., 0., 1., 0.],
        [0., 0., 0., 1., 0., 0., 0., 0., 0., 0.],
        [0., 0., 0., 0., 0., 0., 0., 0., 0., 0.],
        [0., 1., 0., 0., 0., 0., 0., 0., 0., 0.],
        [0., 0., 0., 0., 0., 0., 0., 0., 0., 0.],
        [0., 0., 0., 0., 0., 0., 0., 0., 1., 0.],
        [0., 0., 0., 0., 0., 0., 0., 0., 0., 0.],
        [0., 0., 0., 1., 0., 0., 0., 0., 0., 0.],
        [0., 0., 0., 0., 0., 0., 0., 0., 0., 0.],
        [0., 0., 0., 0., 0., 0., 0., 0., 0., 0.],
        [0., 0., 0., 0., 0., 0., 0., 0., 0., 0.],
        [0., 1., 0., 0., 0., 0., 0., 0., 0., 0.]], device='cuda:0')
Switching label layer to Inference Mode (LIF)...
Epoch 5 DONE | Test Acc: 77.97% | Time: 1074.7s
Switching label layer back to Training Mode (Clamp)...
Epoch 6 | Batch 0
--- spikes (training) ---
tensor([[277.,   0.,   2.,   6.,   3., 135.,   7.,   3.,   8.,   1.],
        [ 13.,   1.,   5.,   7., 214.,   1.,   3.,  13.,  13.,  49.],
        [ 13.,   2.,   5., 297.,  17.,  16.,   1.,   3.,  11.,  45.],
        [  2.,   5.,   6.,   4.,   1.,   4., 275.,   3.,  28.,   2.],
        [ 17.,   2.,  25.,  16.,   9.,   1.,   2.,   1., 291.,   2.],
        [  0., 270.,  11.,   9.,   1.,   0.,   5.,   6.,  11.,   1.],
        [ 66.,   3.,   9., 252.,   3.,  20.,   2.,   5.,  14.,   4.],
        [  3.,   1.,   2.,   7., 264.,   0.,   1.,   7.,   7.,  26.],
        [  6.,   3.,  19.,   7.,  67.,   1.,   3.,   5.,  95.,  40.],
        [  1., 283.,   9.,  20.,   2.,   1.,  15.,  19.,  20.,   2.],
        [  9.,   0.,  19.,   2.,   5.,   1., 275.,   7.,   9.,  11.],
        [ 20.,   1., 280.,  21.,   1.,   0.,   2.,  24.,  12.,   9.],
        [  9.,   6.,   9.,  20.,   8.,   5.,   3.,   2., 267.,   2.],
        [131.,   0., 291.,   9.,   4.,   0.,   5.,   4.,  70.,   0.],
        [ 12.,   3.,  40., 154.,   1.,   0.,   5.,   7.,   9.,   2.],
        [  6.,   7.,   5.,   6.,  15.,   1.,   2.,  79.,  10., 217.],
        [  1.,   3.,   2.,  10.,   4.,   0.,   3., 255.,   8.,  18.],
        [ 18.,   1.,  70., 296.,  21.,   2.,   5.,   3.,  10.,   2.],
        [  9.,   0., 311.,  42.,   2.,   0.,   1.,   8.,  15.,   6.],
        [  0., 271.,   7.,  12.,   2.,   0.,   4.,  21.,  11.,   4.],
        [ 22.,   2.,  16.,   6.,  13.,  13.,   9.,   1., 265.,   7.],
        [  3., 283.,  13.,  16.,   3.,   1.,   7.,  22.,  24.,   3.],
        [  3.,   4.,   4.,  15.,  18.,   0.,   1., 293.,  11.,  18.],
        [  5.,   1., 305.,  10.,   2.,   0.,   5.,   7.,   7.,   6.],
        [297.,   0.,   0.,   8.,   4.,  16.,   8.,   2.,   6.,   1.],
        [  2.,  12.,   2.,   1.,   3., 184.,   4.,  90.,  13.,   6.],
        [ 15.,   0.,  13.,  12.,  11.,   8.,   3.,   0., 298.,   1.],
        [ 15.,   0.,  10.,  57.,   7., 234.,   4.,   0.,  20.,   2.],
        [ 16.,   1.,   2.,   3.,  18., 277.,   1.,   5.,  11.,   8.],
        [ 19.,   1.,  15.,  13.,  17.,   2.,   3.,   1., 298.,   2.],
        [  7.,   0., 302.,  14.,   2.,   0.,   1.,   3.,   6.,   2.],
        [  6.,   7.,  14., 264.,   3.,   5.,   1.,   3.,   9.,   3.],
        [  0., 245.,   7.,   6.,   4.,   0.,   2.,   3.,  40.,   1.],
        [  1., 277.,  23.,  11.,   7.,   0.,   5.,  44.,  47.,   4.],
        [  7.,  14.,  16.,   5.,   1.,   4., 283.,   6., 103.,   2.],
        [  4.,   2.,   1.,   6., 294.,   0.,   5.,  20.,   6.,  21.],
        [306.,   0.,   2.,   7.,   2.,   7.,   3.,   4.,  10.,   5.],
        [  0., 266.,   9.,   8.,   1.,   0.,   6.,   8.,   9.,   1.],
        [  1.,   0.,   3.,  14.,   4.,   0.,   1., 243.,  11.,  11.],
        [  2.,   9.,   3.,   7., 106.,   2.,   2., 215.,  17.,  18.],
        [  5.,   1.,   8., 276.,   4.,  16.,   1.,   2.,  11.,   2.],
        [  9.,   1.,   2.,  13.,  10.,   0.,   2.,  15.,   8., 239.],
        [  1.,   9.,   2.,  10., 194.,   1.,   2.,  16.,  12.,   7.],
        [  8.,   1.,   3.,   9.,  24., 291.,   2.,   1.,  10.,   3.],
        [ 21.,  10.,   9.,  17.,  12.,  22.,   2.,   1., 276.,   0.],
        [  4.,   2., 290.,  62.,   7.,   0.,   2.,   3.,  10.,  15.],
        [  8.,   4., 289.,   9.,   2.,   0.,   4.,  81.,  54.,  21.],
        [  7.,   7.,   7.,  10.,  91.,   6.,   2.,   6., 217.,   8.],
        [ 13.,   0.,   2.,  10.,   9.,   0.,   3.,  16.,   9., 264.],
        [  3.,   6.,   9.,   5.,   2.,   5., 281.,   4.,  26.,   1.],
        [  2.,   5.,   8., 275.,  11.,   3.,   0.,   6.,  14.,  12.],
        [  9.,   1.,   4.,  10.,   4.,   8.,   0.,  15.,  11., 247.],
        [  1., 278.,   5.,  14.,   2.,   1.,   9.,  15.,  13.,   2.],
        [  5.,   1.,   2.,   9.,   8.,   1.,   1.,  23.,   8., 271.],
        [  3.,  12., 299.,  16.,   1.,   1.,  13.,   2.,  22.,   6.],
        [  4.,   3.,   1.,  11.,   7.,   2.,   1., 282.,   8.,  52.],
        [  5.,   3.,   4.,   5.,   4.,   1.,   4.,  29.,   8., 246.],
        [205.,   2.,   2.,  22.,   3.,   2.,   2.,   3.,  55.,   1.],
        [  3.,   2.,   5.,   5.,   8.,   1.,   5.,  10.,  15., 276.],
        [231.,   1.,   6.,  12.,   3.,   0.,   4.,   6.,  19.,   9.],
        [  7.,   8.,   5., 290.,   9.,  20.,   0.,   2.,  15.,   2.],
        [  3.,   7.,  10.,   6.,   7.,   1.,   2., 292.,  14.,  10.],
        [  7.,  25.,  14.,  29.,   7.,   2.,   3.,   6., 189.,   5.],
        [  1.,   3.,   3., 244.,  14.,   3.,   1.,  10.,  15.,   6.]],
       device='cuda:0')
--- spikes (finish interval) ---
tensor([[0., 0., 0., 0., 0., 0., 0., 0., 0., 0.],
        [0., 0., 0., 0., 1., 0., 0., 0., 0., 0.],
        [0., 0., 0., 1., 0., 0., 0., 0., 0., 0.],
        [0., 0., 0., 0., 0., 0., 0., 0., 0., 0.],
        [0., 0., 0., 0., 0., 0., 0., 0., 0., 0.],
        [0., 1., 0., 0., 0., 0., 0., 0., 0., 0.],
        [0., 0., 0., 0., 0., 0., 0., 0., 0., 0.],
        [0., 0., 0., 0., 1., 0., 0., 0., 0., 0.],
        [0., 0., 0., 0., 0., 0., 0., 0., 0., 0.],
        [0., 1., 0., 0., 0., 0., 0., 0., 0., 0.],
        [0., 0., 0., 0., 0., 0., 0., 0., 0., 0.],
        [0., 0., 0., 0., 0., 0., 0., 0., 0., 0.],
        [0., 0., 0., 0., 0., 0., 0., 0., 1., 0.],
        [0., 0., 0., 0., 0., 0., 0., 0., 0., 0.],
        [0., 0., 0., 0., 0., 0., 0., 0., 0., 0.],
        [0., 0., 0., 0., 0., 0., 0., 0., 0., 0.],
        [0., 0., 0., 0., 0., 0., 0., 0., 0., 0.],
        [0., 0., 0., 1., 0., 0., 0., 0., 0., 0.],
        [0., 0., 1., 0., 0., 0., 0., 0., 0., 0.],
        [0., 0., 0., 0., 0., 0., 0., 0., 0., 0.],
        [0., 0., 0., 0., 0., 0., 0., 0., 0., 0.],
        [0., 0., 0., 0., 0., 0., 0., 0., 0., 0.],
        [0., 0., 0., 0., 0., 0., 0., 0., 0., 0.],
        [0., 0., 0., 0., 0., 0., 0., 0., 0., 0.],
        [0., 0., 0., 0., 0., 0., 0., 0., 0., 0.],
        [0., 0., 0., 0., 0., 1., 0., 0., 0., 0.],
        [0., 0., 0., 0., 0., 0., 0., 0., 1., 0.],
        [0., 0., 0., 0., 0., 0., 0., 0., 0., 0.],
        [0., 0., 0., 0., 0., 1., 0., 0., 0., 0.],
        [0., 0., 0., 0., 0., 0., 0., 0., 0., 0.],
        [0., 0., 1., 0., 0., 0., 0., 0., 0., 0.],
        [0., 0., 0., 1., 0., 0., 0., 0., 0., 0.],
        [0., 0., 0., 0., 0., 0., 0., 0., 0., 0.],
        [0., 1., 0., 0., 0., 0., 0., 0., 0., 0.],
        [0., 0., 0., 0., 0., 0., 0., 0., 0., 0.],
        [0., 0., 0., 0., 0., 0., 0., 0., 0., 0.],
        [1., 0., 0., 0., 0., 0., 0., 0., 0., 0.],
        [0., 0., 0., 0., 0., 0., 0., 0., 0., 0.],
        [0., 0., 0., 0., 0., 0., 0., 0., 0., 0.],
        [0., 0., 0., 0., 0., 0., 0., 0., 0., 0.],
        [0., 0., 0., 0., 0., 0., 0., 0., 0., 0.],
        [0., 0., 0., 0., 0., 0., 0., 0., 0., 0.],
        [0., 0., 0., 0., 0., 0., 0., 0., 0., 0.],
        [0., 0., 0., 0., 0., 0., 0., 0., 0., 0.],
        [0., 0., 0., 0., 0., 0., 0., 0., 0., 0.],
        [0., 0., 1., 0., 0., 0., 0., 0., 0., 0.],
        [0., 0., 1., 0., 0., 0., 0., 0., 0., 0.],
        [0., 0., 0., 0., 0., 0., 0., 0., 0., 0.],
        [0., 0., 0., 0., 0., 0., 0., 0., 0., 0.],
        [0., 0., 0., 0., 0., 0., 1., 0., 0., 0.],
        [0., 0., 0., 1., 0., 0., 0., 0., 0., 0.],
        [0., 0., 0., 0., 0., 0., 0., 0., 0., 0.],
        [0., 0., 0., 0., 0., 0., 0., 0., 0., 0.],
        [0., 0., 0., 0., 0., 0., 0., 0., 0., 0.],
        [0., 0., 1., 0., 0., 0., 0., 0., 0., 0.],
        [0., 0., 0., 0., 0., 0., 0., 0., 0., 0.],
        [0., 0., 0., 0., 0., 0., 0., 0., 0., 0.],
        [0., 0., 0., 0., 0., 0., 0., 0., 0., 0.],
        [0., 0., 0., 0., 0., 0., 0., 0., 0., 1.],
        [0., 0., 0., 0., 0., 0., 0., 0., 0., 0.],
        [0., 0., 0., 1., 0., 0., 0., 0., 0., 0.],
        [0., 0., 0., 0., 0., 0., 0., 1., 0., 0.],
        [0., 0., 0., 0., 0., 0., 0., 0., 0., 0.],
        [0., 0., 0., 0., 0., 0., 0., 0., 0., 0.]], device='cuda:0')
Epoch 6 | Batch 100
--- spikes (training) ---
tensor([[  3.,   0.,   9.,   0., 222.,   0.,   3.,   9.,   5.,   5.],
        [ 18.,   7.,   5., 272.,   4.,  81.,  48.,  11.,   4.,  10.],
        [  1.,   4.,   6.,   3.,   1.,   2.,   0., 288.,   7.,  12.],
        [  1.,  28.,   2., 213.,   1.,   3.,  48.,   5.,   4.,   9.],
        [  1.,   2.,  10.,   2.,  16.,   7.,   4.,   4., 279.,  18.],
        [  3.,  17., 238.,  70.,   0.,   8.,  15.,  31.,  11.,  20.],
        [  1.,  20.,  11.,   8.,   0.,   1.,   2.,   8., 278.,  33.],
        [  0.,  19.,   3.,   8.,   5.,   7.,   3.,  23.,  13., 243.],
        [  3.,   3.,  10.,   4.,  10.,   3.,   1.,   4., 287.,  10.],
        [  0., 287.,   4.,   8.,   0.,   3.,   3.,   8.,   4.,  10.],
        [318.,   0.,  10.,   3.,   0.,   1.,   1.,  10.,  21.,   6.],
        [  3.,  32.,  10.,   3.,  10.,  11.,   3.,   0., 293.,   8.],
        [  2.,  10., 270.,   6.,   0.,   3.,   0.,   2.,   7.,   3.],
        [  6.,   3.,   7.,   2.,   8.,  90.,   2.,  14.,  13., 234.],
        [  0., 184.,   7., 124.,   0.,   0.,   1.,   6.,  10.,  24.],
        [306.,   0.,  35.,   1.,   0.,   1.,  61.,   4.,   3.,   5.],
        [  0.,   0.,   4.,   8., 277.,  15.,   1.,   8.,  23.,  49.],
        [  0., 293.,   9.,  11.,   1.,   2.,   5.,  10.,   7.,  11.],
        [307.,   0.,   4.,   5.,   0.,  13.,   6.,   6.,   6.,   5.],
        [  2.,   0.,   2.,  12., 211.,  42.,   1.,  12.,   3.,   8.],
        [  2.,   0.,   3.,   1., 283.,  16.,   6.,  10.,   9.,  11.],
        [  2.,   4.,  14.,   3.,  11.,  81., 306.,   3.,   6.,  17.],
        [220.,   0.,  22.,   2.,   0.,   1.,   3.,  20.,   6.,   8.],
        [  5.,   2.,   6.,   0.,   4.,   1., 303.,   2.,   5.,  16.],
        [  3.,   0.,  12.,   1.,  23.,   9.,   5.,  22.,  21., 275.],
        [  5.,   6.,   6.,   2.,   7.,  25., 277.,   1.,  13.,   8.],
        [  4.,   4.,   7.,   3.,   0.,   2.,   1., 252.,  27.,   5.],
        [  1.,   4.,  11.,   2., 184.,   4.,   3.,  11., 267.,  14.],
        [  0.,   0.,   6.,   2.,  21.,  12.,   2.,  71.,  15., 288.],
        [  0.,   0.,  11.,   3., 268.,   4.,   1.,  19.,  14.,  35.],
        [ 15.,   5.,   7., 274.,   0.,  47.,   8.,   4.,   4.,   8.],
        [292.,   0.,   6.,   2.,   2.,   5.,  10.,   6.,  14.,   6.],
        [  1.,   2.,   3.,   1.,   8.,  14.,   0., 307.,   6.,  31.],
        [  1.,   3.,   4.,   4.,  17.,   6., 299.,   1.,  15.,   9.],
        [  4.,   7., 242.,   5.,   0.,   2.,   2.,   6.,  14.,   9.],
        [303.,   0.,   8.,   4.,   0.,   4.,   5.,   9.,  10.,  12.],
        [305.,   0.,   6.,   4.,   0.,  11.,  13.,   2.,   5.,   2.],
        [  2.,   1.,  10.,   4.,  13.,   4.,   1.,  14., 280.,  24.],
        [  1.,   2., 126.,   2.,   2.,   2.,   4.,   4.,   4.,  36.],
        [  1.,   3.,   3.,   4.,  22.,  11.,   3.,  22.,   9., 271.],
        [  5.,  13., 275.,  23.,   0.,   2.,   0.,   2.,  53.,   4.],
        [  1.,   9.,   4.,   1.,   7., 146.,   5.,   7.,  14.,  24.],
        [  0.,   0.,  29.,   2., 286.,   9.,   3.,  28.,  17.,  80.],
        [  8.,   0., 268.,   5.,   1.,  24.,   4.,   4.,  58.,   9.],
        [298.,   0.,   7.,   3.,   0.,   3.,   1.,  10.,  16.,  17.],
        [  4.,   2.,   2.,  93.,   1., 186.,  15.,   5.,   7.,  14.],
        [  5.,   0.,   1.,  98.,   0., 168.,   0.,   0.,   7.,   1.],
        [ 10.,   1.,  10.,  59.,   3.,  16.,   0.,   1., 304.,  10.],
        [  3.,  74., 301.,  19.,   0.,   3.,   1.,   1.,   2.,   3.],
        [  0., 290.,   8.,  15.,   0.,   2.,   3.,   2.,  20.,  10.],
        [315.,   0.,  32.,   1.,   0.,   4.,   3.,   2.,  12.,   2.],
        [  0., 287.,   4.,  10.,   0.,   2.,   3.,   3.,   4.,   9.],
        [ 10.,   0.,  13.,   0.,   5.,   1., 310.,   1.,   3.,   8.],
        [  2.,  72., 288.,  18.,   0.,   0.,   2.,   2.,   9.,   2.],
        [  1.,  35., 114., 214.,   2.,   2.,   0.,   1.,   6.,   5.],
        [  2.,  11.,   4.,   0.,   3., 269.,   0.,   4.,  59.,   8.],
        [314.,   0.,  11.,   0.,   0.,   3.,  13.,   5.,   7.,   2.],
        [  2.,   1.,   4.,   1.,   9.,  14.,   0.,  84.,   9., 277.],
        [  0.,   2.,   4.,   2., 249.,   5.,   1.,  13.,   7.,  20.],
        [  4.,  11., 231.,   1.,   0.,   3.,   2.,   6., 145.,  11.],
        [  0., 281.,   4.,   9.,   0.,   1.,   3.,   4.,   3.,  10.],
        [ 11.,   2.,  15.,   1.,   8.,   9., 281.,   3.,  12.,   8.],
        [  2.,   0.,  12.,   0.,  49.,   3.,   2.,  28.,  14., 287.],
        [  0., 264.,   1.,   5.,   0.,   2.,   4.,   3.,   1.,   4.]],
       device='cuda:0')
--- spikes (finish interval) ---
tensor([[0., 0., 0., 0., 1., 0., 0., 0., 0., 0.],
        [0., 0., 0., 0., 0., 0., 0., 0., 0., 0.],
        [0., 0., 0., 0., 0., 0., 0., 1., 0., 0.],
        [0., 0., 0., 0., 0., 0., 0., 0., 0., 0.],
        [0., 0., 0., 0., 0., 0., 0., 0., 0., 0.],
        [0., 0., 1., 0., 0., 0., 0., 0., 0., 0.],
        [0., 0., 0., 0., 0., 0., 0., 0., 1., 0.],
        [0., 0., 0., 0., 0., 0., 0., 0., 0., 0.],
        [0., 0., 0., 0., 0., 0., 0., 0., 0., 0.],
        [0., 1., 0., 0., 0., 0., 0., 0., 0., 0.],
        [1., 0., 0., 1., 0., 0., 0., 0., 0., 0.],
        [0., 0., 0., 0., 0., 0., 0., 0., 1., 0.],
        [0., 0., 1., 0., 0., 0., 0., 0., 0., 0.],
        [0., 0., 0., 0., 0., 0., 0., 0., 0., 1.],
        [0., 0., 0., 0., 0., 0., 0., 0., 0., 0.],
        [0., 0., 0., 0., 0., 0., 0., 0., 0., 0.],
        [0., 0., 0., 0., 1., 0., 0., 0., 0., 0.],
        [0., 0., 0., 0., 0., 0., 0., 0., 0., 0.],
        [1., 0., 0., 0., 0., 0., 0., 0., 0., 0.],
        [0., 0., 0., 0., 0., 0., 0., 0., 0., 0.],
        [0., 0., 0., 0., 1., 0., 0., 0., 0., 0.],
        [0., 0., 0., 0., 0., 0., 0., 0., 0., 0.],
        [0., 0., 0., 0., 0., 0., 0., 0., 0., 0.],
        [0., 0., 0., 0., 0., 0., 1., 0., 0., 0.],
        [0., 0., 0., 0., 0., 0., 0., 0., 0., 1.],
        [0., 0., 0., 0., 0., 0., 1., 0., 0., 0.],
        [0., 0., 0., 0., 0., 0., 0., 1., 0., 0.],
        [0., 0., 0., 0., 0., 0., 0., 0., 1., 0.],
        [0., 0., 0., 0., 0., 0., 0., 0., 0., 0.],
        [0., 0., 0., 0., 1., 0., 0., 0., 0., 0.],
        [0., 0., 0., 1., 0., 0., 0., 0., 0., 0.],
        [0., 0., 0., 0., 0., 0., 0., 0., 0., 0.],
        [0., 0., 0., 0., 0., 0., 0., 0., 0., 0.],
        [0., 0., 0., 0., 0., 0., 1., 0., 0., 0.],
        [0., 0., 1., 0., 0., 0., 0., 0., 0., 0.],
        [0., 0., 0., 0., 0., 0., 0., 0., 0., 0.],
        [1., 0., 0., 0., 0., 0., 0., 0., 0., 0.],
        [0., 0., 0., 0., 0., 0., 0., 0., 0., 0.],
        [0., 0., 0., 0., 0., 0., 0., 0., 0., 0.],
        [0., 0., 0., 0., 0., 0., 0., 0., 0., 1.],
        [0., 0., 0., 0., 0., 0., 0., 0., 0., 0.],
        [0., 0., 0., 0., 0., 0., 0., 0., 0., 0.],
        [0., 0., 0., 0., 0., 0., 0., 0., 0., 0.],
        [0., 0., 1., 0., 0., 0., 0., 0., 0., 0.],
        [1., 0., 0., 0., 0., 0., 0., 0., 0., 0.],
        [0., 0., 0., 0., 0., 0., 0., 0., 0., 0.],
        [0., 0., 0., 0., 0., 0., 0., 0., 0., 0.],
        [0., 0., 0., 0., 0., 0., 0., 0., 1., 0.],
        [0., 0., 1., 0., 0., 0., 0., 0., 0., 0.],
        [0., 0., 0., 0., 0., 0., 0., 0., 0., 0.],
        [1., 0., 0., 0., 0., 0., 0., 0., 0., 0.],
        [0., 1., 0., 0., 0., 0., 0., 0., 0., 0.],
        [0., 0., 0., 0., 0., 0., 0., 0., 0., 0.],
        [0., 0., 0., 0., 0., 0., 0., 0., 0., 0.],
        [0., 0., 0., 0., 0., 0., 0., 0., 0., 0.],
        [0., 0., 0., 0., 0., 1., 0., 0., 0., 0.],
        [0., 0., 0., 0., 0., 0., 0., 0., 0., 0.],
        [0., 0., 0., 0., 0., 0., 0., 0., 0., 1.],
        [0., 0., 0., 0., 1., 0., 0., 0., 0., 0.],
        [0., 0., 0., 0., 0., 0., 0., 0., 0., 0.],
        [0., 1., 0., 0., 0., 0., 0., 0., 0., 0.],
        [0., 0., 0., 0., 0., 0., 1., 0., 0., 0.],
        [0., 0., 0., 0., 0., 0., 0., 0., 0., 0.],
        [0., 0., 0., 0., 0., 0., 0., 0., 0., 0.]], device='cuda:0')
Epoch 6 | Batch 200
--- spikes (training) ---
tensor([[ 10.,   1.,   2.,   0.,  17.,   1., 313.,   0.,   2.,   1.],
        [ 10.,  15.,   0.,   3.,   9.,  10.,   8.,  23.,  12., 238.],
        [  8.,  22.,   5.,   6.,   1.,   0.,   4., 103.,  43.,  10.],
        [  4.,   3.,   0.,   7., 191.,   5.,   9.,  14.,   7.,   7.],
        [ 21.,  11., 269.,   8.,   1.,   3.,  17.,   4.,  24.,   6.],
        [ 11.,   3.,   0.,   7., 243.,   2.,  18.,   3.,   7.,  91.],
        [ 19.,  24.,   0.,   4.,  11.,  19.,  10.,   5., 251.,   9.],
        [315.,   1.,   0.,   2.,   4.,   3.,  21.,   1.,   1.,   0.],
        [ 21.,  15.,   1.,   7.,  34.,   7.,  10.,  81.,  10., 248.],
        [ 10.,  28.,   0., 284.,   2.,  16.,   6.,   5.,  43.,  12.],
        [  4., 278.,   4.,   9.,   4.,   0.,   6.,   8.,  85.,   1.],
        [ 12.,   5.,   0.,   1., 256.,   5.,  17.,  38.,   7.,   3.],
        [ 17.,   1.,  41.,  19.,   0., 215.,   8.,   6.,   7.,   0.],
        [ 20.,   1.,   0.,   2.,  18.,   3.,   2., 281.,   5.,  36.],
        [305.,   3.,   0.,   4.,  14.,   9.,   9.,   0.,   1.,   0.],
        [  9.,   4.,   0.,   3.,  16.,  12.,  11.,  34.,   7., 268.],
        [ 35.,  13., 263.,   7.,   1.,   0.,  20.,   8., 118.,   4.],
        [  8.,   2.,   0.,   1.,   2.,   1.,   4., 243.,   5.,  24.],
        [  7.,   2.,   0.,   2.,   2.,   2.,   5., 201.,   7.,  16.],
        [ 13.,   5.,   0.,   2.,  13.,   3.,   3., 303.,   9.,  12.],
        [  4.,   2.,  13.,   1.,  12.,   2., 307.,   0.,   4.,  10.],
        [ 23.,  73.,   1.,  55.,  85.,   6., 305.,  11.,  13.,   1.],
        [ 19.,   4.,   0.,  16.,   2., 258.,   3.,   2.,  22.,   1.],
        [ 11.,  12.,   1.,   4.,   9.,   6.,   2., 295.,   7.,  22.],
        [  8., 289.,  15.,  16.,   5.,   3.,  14.,  12.,  50.,   4.],
        [ 20.,   9.,   0.,   0.,   4., 197.,   4.,  11.,   4.,   4.],
        [ 25.,   9.,   1.,  14.,   8.,  11.,  11.,   3., 252.,  12.],
        [ 25.,   6.,   2.,   0.,  16.,   0., 308.,   0.,   0.,   3.],
        [ 13.,   9.,   0.,   8.,  66.,   6.,  14.,  39.,   7., 245.],
        [ 62.,   7.,   2.,  18.,   3.,   8.,   9.,   8., 291.,  15.],
        [  2., 269.,   1.,  17.,   6.,   2.,   9.,   5.,   2.,   8.],
        [ 36.,   1.,   0.,  14.,   5., 268.,   6.,   0.,   6.,   0.],
        [ 13.,  22.,   3.,  19., 172.,   2.,  60.,  13.,  19.,  11.],
        [ 20.,   4.,   0.,   1., 281.,   1.,  39.,   1.,   2.,   2.],
        [302.,   7.,   2.,   6.,   8.,   7.,  15.,   6.,   5.,   0.],
        [  8.,   2.,   0.,   8.,   1.,  19., 287.,   0.,   4.,   2.],
        [  9.,  10.,   1., 269.,   6.,  31.,   7.,   6.,  11.,  12.],
        [  7.,   7., 219.,   5.,   7.,   2.,  27., 153.,   5.,  18.],
        [  6., 297.,   4.,  15.,   7.,   3.,  24.,   8.,  20.,   6.],
        [307.,   0.,   1.,   0.,   1.,   3.,   9.,   0.,  31.,   0.],
        [  6., 293.,   6.,  14.,   4.,   3.,  17.,   7.,  40.,   2.],
        [  6.,   5.,   2.,   5.,  37.,   1.,  10.,   4.,   5., 264.],
        [310.,   2.,   5.,  19.,   2.,   0.,   7.,   5.,   2.,   0.],
        [ 14.,  15.,  12., 288.,   3.,  21.,   2.,   3.,   7.,   0.],
        [ 21.,  17.,   4.,  23.,   5.,  10.,  12.,   4., 197.,   4.],
        [  5., 290.,   2.,  22.,  10.,   4.,  18.,  10.,  10.,  13.],
        [  8.,   1.,   1.,   2.,  21.,   2.,  10.,   2.,   2., 215.],
        [145.,  19.,   2.,   8.,  11.,  12.,  66.,   3.,   6.,   0.],
        [296.,   0.,   3.,   3.,   3.,  11.,   0.,   1., 108.,   0.],
        [ 26.,   5., 301.,  17.,   0.,   0.,  53.,   1.,   3.,   0.],
        [  4.,  19.,   0.,   4.,   1.,   2., 270.,   1.,   3.,   3.],
        [296.,   0.,   0.,   2.,   7.,  10.,  10.,   0.,   5.,   0.],
        [191.,   0.,  17.,   3.,   1.,  14.,   2.,   3.,   1.,   0.],
        [ 11.,   8.,   0.,   2.,  11.,   1.,   2., 282.,   5.,  15.],
        [ 12.,  18.,   5.,  24.,   7.,   5.,  27.,   6., 161.,  15.],
        [ 16.,  25.,   1.,   1.,   8., 265.,   3.,   7.,   8.,   0.],
        [  6.,   2.,   0.,   3.,   7.,   7.,   5.,   7.,   4., 201.],
        [ 27.,  19.,  31., 221.,   5.,   3.,  10.,   9.,  23.,   0.],
        [  8.,   3.,   2.,   4.,  19.,   6.,   8.,  10.,   7., 254.],
        [  5.,  22.,   0.,   1.,   9.,  24.,  14.,  19., 146.,  77.],
        [ 43.,   3.,   0.,  40.,   9.,  29.,   3.,   0., 232.,   2.],
        [ 29.,  19.,  25.,   2., 254.,   1.,  31.,   4.,  12.,   0.],
        [  7., 294.,   2.,  18.,  11.,   4.,  20.,  12.,  13.,  11.],
        [  4., 287.,   1.,  29.,   8.,   4.,  12.,   7.,   7.,   8.]],
       device='cuda:0')
--- spikes (finish interval) ---
tensor([[0., 0., 0., 0., 0., 0., 1., 0., 0., 0.],
        [0., 0., 0., 0., 0., 0., 0., 0., 0., 0.],
        [0., 0., 0., 0., 0., 0., 0., 0., 0., 0.],
        [0., 0., 0., 0., 0., 0., 0., 0., 0., 0.],
        [0., 0., 0., 0., 0., 0., 0., 0., 0., 0.],
        [0., 0., 0., 0., 1., 0., 0., 0., 0., 0.],
        [0., 0., 0., 0., 0., 0., 0., 0., 0., 0.],
        [1., 0., 0., 0., 0., 0., 0., 0., 0., 0.],
        [0., 0., 0., 0., 0., 0., 0., 0., 0., 0.],
        [0., 0., 0., 1., 0., 0., 0., 0., 0., 0.],
        [0., 0., 0., 0., 0., 0., 0., 0., 0., 0.],
        [0., 0., 0., 0., 1., 0., 0., 0., 0., 0.],
        [0., 0., 0., 0., 0., 0., 0., 0., 0., 0.],
        [0., 0., 0., 0., 0., 0., 0., 1., 0., 0.],
        [0., 0., 0., 0., 0., 0., 0., 0., 0., 0.],
        [0., 0., 0., 0., 0., 0., 0., 0., 0., 1.],
        [0., 0., 0., 0., 0., 0., 0., 0., 0., 0.],
        [0., 0., 0., 0., 0., 0., 0., 0., 0., 0.],
        [0., 0., 0., 0., 0., 0., 0., 0., 0., 0.],
        [0., 0., 0., 0., 0., 0., 0., 1., 0., 0.],
        [0., 0., 0., 0., 0., 0., 1., 0., 0., 0.],
        [0., 0., 0., 0., 0., 0., 1., 0., 0., 0.],
        [0., 0., 0., 0., 0., 0., 0., 0., 0., 0.],
        [0., 0., 0., 0., 0., 0., 0., 1., 0., 0.],
        [0., 0., 0., 0., 0., 0., 0., 0., 0., 0.],
        [0., 0., 0., 0., 0., 0., 0., 0., 0., 0.],
        [0., 0., 0., 0., 0., 0., 0., 0., 0., 0.],
        [0., 0., 0., 0., 0., 0., 1., 0., 0., 0.],
        [0., 0., 0., 0., 0., 0., 0., 0., 0., 0.],
        [0., 0., 0., 0., 0., 0., 0., 0., 1., 0.],
        [0., 0., 0., 0., 0., 0., 0., 0., 0., 0.],
        [0., 0., 0., 0., 0., 0., 0., 0., 0., 0.],
        [0., 0., 0., 0., 0., 0., 1., 0., 0., 0.],
        [0., 0., 0., 0., 1., 0., 0., 0., 0., 0.],
        [0., 0., 0., 0., 0., 0., 0., 0., 0., 0.],
        [0., 0., 0., 0., 0., 0., 1., 0., 0., 0.],
        [0., 0., 0., 0., 0., 0., 0., 0., 0., 0.],
        [0., 0., 1., 0., 0., 0., 0., 0., 0., 0.],
        [0., 1., 0., 0., 0., 0., 0., 0., 0., 0.],
        [0., 0., 0., 0., 0., 0., 0., 0., 0., 0.],
        [0., 0., 0., 0., 0., 0., 0., 0., 0., 0.],
        [0., 0., 0., 0., 0., 0., 0., 0., 0., 1.],
        [0., 0., 0., 0., 0., 0., 0., 0., 0., 0.],
        [0., 0., 0., 0., 0., 0., 0., 0., 0., 0.],
        [0., 0., 0., 0., 0., 0., 0., 0., 0., 0.],
        [0., 1., 0., 0., 0., 0., 0., 0., 0., 0.],
        [0., 0., 0., 0., 0., 0., 0., 0., 0., 1.],
        [0., 0., 0., 0., 0., 0., 0., 0., 0., 0.],
        [1., 0., 0., 0., 0., 0., 0., 0., 0., 0.],
        [0., 0., 1., 0., 0., 0., 0., 0., 0., 0.],
        [0., 0., 0., 0., 0., 0., 0., 0., 0., 0.],
        [1., 0., 0., 0., 0., 0., 0., 0., 0., 0.],
        [0., 0., 0., 0., 0., 0., 0., 0., 0., 0.],
        [0., 0., 0., 0., 0., 0., 0., 0., 0., 0.],
        [0., 0., 0., 0., 0., 0., 0., 0., 0., 0.],
        [0., 0., 0., 0., 0., 1., 0., 0., 0., 0.],
        [0., 0., 0., 0., 0., 0., 0., 0., 0., 0.],
        [0., 0., 0., 1., 0., 0., 0., 0., 0., 0.],
        [0., 0., 0., 0., 0., 0., 0., 0., 0., 0.],
        [0., 0., 0., 0., 0., 0., 0., 0., 0., 0.],
        [0., 0., 0., 0., 0., 0., 0., 0., 0., 0.],
        [0., 0., 0., 0., 1., 0., 0., 0., 0., 0.],
        [0., 1., 0., 0., 0., 0., 0., 0., 0., 0.],
        [0., 1., 0., 0., 0., 0., 0., 0., 0., 0.]], device='cuda:0')
Epoch 6 | Batch 300
--- spikes (training) ---
tensor([[ 21.,   0.,  13.,   6.,  19.,   0.,  11.,   2.,   3., 248.],
        [  1.,  66.,  12.,  15.,   1.,   0.,   2., 261.,   0.,   7.],
        [  0., 258.,   8.,   4.,   0.,   2.,   3.,   0.,   0.,   1.],
        [  0., 241.,   2.,   3.,   0.,   0.,   1.,   0.,   0.,   0.],
        [  0., 141.,  15.,   5.,  10.,   5.,   1.,   0.,  27.,   0.],
        [  1.,   0.,   7.,   5., 263.,   2.,   1.,   7.,   2.,  29.],
        [  0.,   0., 313.,  20.,   0.,   1.,   9.,   0.,   0.,   0.],
        [308.,   0.,  72.,   1.,   0.,  57.,   3.,   0.,   0.,   1.],
        [  2.,   4., 267.,   6.,  78.,   4.,  61.,   0.,   0.,   6.],
        [ 13.,   0., 301.,   9.,   0.,   0.,  11.,   0.,   0.,   0.],
        [ 41.,   1.,  32.,   1.,   0.,   2., 301.,   0.,   0.,   4.],
        [  2.,  36.,   8.,   9.,   3.,   4.,   8.,   1., 227.,   5.],
        [  2.,   3.,   8.,  52.,   0.,   0.,   0., 286.,   1.,  19.],
        [  5.,   1.,   7.,   6., 292.,   0.,   3.,  11.,   1.,  51.],
        [309.,   0.,   7.,   6.,   0.,   5.,   3.,   3.,   1.,   2.],
        [  6.,   3.,   3., 281.,   0.,   4.,   1.,   6.,   2.,   0.],
        [  2.,   1.,   9.,   3.,  12.,   4.,   3.,   5.,   2., 252.],
        [  9.,   7., 131., 107.,   0.,   2.,   2.,   3.,   0.,   0.],
        [  6.,   8.,   5.,   3.,   0., 242.,   0.,  11.,   4.,  23.],
        [301.,   0.,  10.,   7.,   0.,   3.,  53.,   4.,   0.,  13.],
        [  3.,   5.,  13.,   5.,   0.,  20.,   7.,   6.,  15., 215.],
        [  2.,   6.,   7.,  13.,   0.,   0.,   0., 270.,   1.,   5.],
        [  8.,   2.,  10., 286.,   1.,  11.,   0.,   1.,  59.,   0.],
        [  3.,   2.,   6.,   1., 283.,   2.,   6.,   4.,   5.,   1.],
        [  4.,   1.,   7.,   3., 285.,   1.,   2.,   4.,   2.,   2.],
        [  3.,  92.,   7.,   3.,   1., 269.,   0.,   0.,   3.,   0.],
        [  4.,   3.,   6.,   5.,   5.,   5., 290.,   0.,   0.,   7.],
        [  2.,   2.,   6.,   4.,  17.,  12.,   4.,   7.,   4., 271.],
        [313.,   0.,   2.,   3.,   0.,  11.,   4.,   2.,   0.,   2.],
        [ 23.,   1.,   7.,  17.,   6.,   0.,  12.,   0.,   0., 227.],
        [ 12.,   1.,   3., 268.,   0.,  10.,   0.,   0.,   1.,   0.],
        [ 15.,   0.,   2.,  34.,   0., 202.,  10.,   1.,   3.,   4.],
        [  3.,   0.,   8.,  37.,  33.,   0.,   6.,   0.,   6., 257.],
        [ 10.,   1.,   4.,  11.,   5., 273.,   2.,   1.,   2.,   6.],
        [ 62.,   0.,  27.,   0.,   0.,   2., 303.,   2.,   0.,   4.],
        [  6.,   2.,   5.,   6.,   1.,   6., 306.,   0.,   0.,   9.],
        [  2.,  15.,  12., 276.,   1.,   4.,   2.,   1.,   0.,   0.],
        [  0., 244.,   8.,   5.,   0.,   2.,   4.,   0.,   1.,   1.],
        [317.,   0.,   8.,   1.,   0.,   6.,   4.,   0.,   0.,   0.],
        [  7.,   2., 262.,   7.,   0.,   1.,   6.,   6.,   0.,   2.],
        [  3.,   6.,  19.,   6.,   0.,   0.,   1., 124.,   4.,   2.],
        [ 13.,   0.,  11., 297.,   2.,  56.,   0.,   0.,  86.,   0.],
        [281.,   0.,  17.,   3.,   1.,   0.,  26.,   4.,   0.,  23.],
        [  1.,  12.,   6., 287.,   1.,   1.,   3.,   0.,   7.,  13.],
        [  2.,   4.,   9., 276.,   7.,   5.,   2.,   0.,   2.,   1.],
        [  2.,  16.,  10.,   3., 140.,   5.,  20.,   0.,   2.,   3.],
        [  0., 257.,   5.,   6.,   0.,   1.,   3.,   0.,   0.,   1.],
        [  3.,   0.,   1.,   3.,   1.,   5.,   0., 265.,   0.,  22.],
        [316.,   0.,   2.,   7.,   0.,   8.,   2.,   2.,   0.,   0.],
        [  2.,   1.,  40.,   1.,   0., 176.,   2.,   0.,  83.,   1.],
        [  2.,   4.,   3.,   7.,   3.,   2.,   0., 295.,   0.,  16.],
        [ 13.,   3.,   7.,   9.,   0.,   9., 281.,   0.,   0.,  31.],
        [  0., 274.,  10.,   7.,   1.,   5.,   4.,   1.,   0.,   7.],
        [ 12.,   0.,   4., 162.,  25.,  10.,   0.,   0.,  68.,   0.],
        [  2.,   2.,   6., 259.,   7.,   0.,   0., 139.,  19., 112.],
        [  4.,   3.,   4.,   5.,   2., 263.,   0.,   9.,   2.,   6.],
        [  0., 278.,   8.,   8.,   0.,   3.,   4.,   0.,   0.,   8.],
        [311.,   0.,  73.,  10.,   0.,   4.,   0.,   2.,   0.,   0.],
        [  4.,   9.,   6., 213.,   3.,   4.,   0.,  15.,  47.,   5.],
        [ 13.,   1., 288.,  16.,  26.,  12.,  38.,   0.,   0.,   2.],
        [318.,   0.,  14.,   7.,   0.,  11.,   4.,  11.,   0.,   0.],
        [  2.,   4.,   1., 292.,   4.,   1.,   1.,   9.,   2.,   6.],
        [ 16.,   0.,   3.,   5.,   0.,  16., 296.,   0.,   1.,   4.],
        [  2.,   3., 284.,  15.,   0.,   0.,  22.,   6.,   0.,  13.]],
       device='cuda:0')
--- spikes (finish interval) ---
tensor([[0., 0., 0., 0., 0., 0., 0., 0., 0., 0.],
        [0., 0., 0., 0., 0., 0., 0., 1., 0., 0.],
        [0., 0., 0., 0., 0., 0., 0., 0., 0., 0.],
        [0., 0., 0., 0., 0., 0., 0., 0., 0., 0.],
        [0., 0., 0., 0., 0., 0., 0., 0., 0., 0.],
        [0., 0., 0., 0., 1., 0., 0., 0., 0., 0.],
        [0., 0., 1., 0., 0., 0., 0., 0., 0., 0.],
        [1., 0., 0., 0., 0., 0., 0., 0., 0., 0.],
        [0., 0., 1., 0., 0., 0., 0., 0., 0., 0.],
        [0., 0., 1., 0., 0., 0., 0., 0., 0., 0.],
        [0., 0., 0., 0., 0., 0., 0., 0., 0., 0.],
        [0., 0., 0., 0., 0., 0., 0., 0., 1., 0.],
        [0., 0., 0., 0., 0., 0., 0., 1., 0., 0.],
        [0., 0., 0., 0., 1., 0., 0., 0., 0., 0.],
        [0., 0., 0., 0., 0., 0., 0., 0., 0., 0.],
        [0., 0., 0., 0., 0., 0., 0., 0., 0., 0.],
        [0., 0., 0., 0., 0., 0., 0., 0., 0., 0.],
        [0., 0., 0., 0., 0., 0., 0., 0., 0., 0.],
        [0., 0., 0., 0., 0., 0., 0., 0., 0., 0.],
        [1., 0., 0., 0., 0., 0., 0., 0., 0., 0.],
        [0., 0., 0., 0., 0., 0., 0., 0., 0., 1.],
        [0., 0., 0., 0., 0., 0., 0., 1., 0., 0.],
        [0., 0., 0., 0., 0., 0., 0., 0., 0., 0.],
        [0., 0., 0., 0., 1., 0., 0., 0., 0., 0.],
        [0., 0., 0., 0., 1., 0., 0., 0., 0., 0.],
        [0., 0., 0., 0., 0., 0., 0., 0., 0., 0.],
        [0., 0., 0., 0., 0., 0., 0., 0., 0., 0.],
        [0., 0., 0., 0., 0., 0., 0., 0., 0., 0.],
        [1., 0., 0., 0., 0., 0., 0., 0., 0., 0.],
        [0., 0., 0., 0., 0., 0., 0., 0., 0., 0.],
        [0., 0., 0., 0., 0., 0., 0., 0., 0., 0.],
        [0., 0., 0., 0., 0., 1., 0., 0., 0., 0.],
        [0., 0., 0., 0., 0., 0., 0., 0., 0., 1.],
        [0., 0., 0., 0., 0., 0., 0., 0., 0., 0.],
        [0., 0., 0., 0., 0., 0., 0., 0., 0., 0.],
        [0., 0., 0., 0., 0., 0., 1., 0., 0., 0.],
        [0., 0., 0., 0., 0., 0., 0., 0., 0., 0.],
        [0., 1., 0., 0., 0., 0., 0., 0., 0., 0.],
        [1., 0., 0., 0., 0., 0., 0., 0., 0., 0.],
        [0., 0., 0., 0., 0., 0., 0., 0., 0., 0.],
        [0., 0., 0., 0., 0., 0., 0., 0., 0., 0.],
        [0., 0., 0., 0., 0., 0., 0., 0., 0., 0.],
        [0., 0., 0., 0., 0., 0., 0., 0., 0., 0.],
        [0., 0., 0., 1., 0., 0., 0., 0., 0., 0.],
        [0., 0., 0., 0., 0., 0., 0., 0., 0., 0.],
        [0., 0., 0., 0., 0., 0., 0., 0., 0., 0.],
        [0., 1., 0., 0., 0., 0., 0., 0., 0., 0.],
        [0., 0., 0., 0., 0., 0., 0., 0., 0., 0.],
        [1., 0., 0., 0., 0., 0., 0., 0., 0., 0.],
        [0., 0., 0., 0., 0., 0., 0., 0., 0., 0.],
        [0., 0., 0., 0., 0., 0., 0., 0., 0., 0.],
        [0., 0., 0., 0., 0., 0., 0., 0., 0., 0.],
        [0., 1., 0., 0., 0., 0., 0., 0., 0., 0.],
        [0., 0., 0., 0., 0., 0., 0., 0., 0., 0.],
        [0., 0., 0., 1., 0., 0., 0., 1., 0., 0.],
        [0., 0., 0., 0., 0., 0., 0., 0., 0., 0.],
        [0., 0., 0., 0., 0., 0., 0., 0., 0., 0.],
        [1., 0., 0., 0., 0., 0., 0., 0., 0., 0.],
        [0., 0., 0., 1., 0., 0., 0., 0., 0., 0.],
        [0., 0., 0., 0., 0., 0., 0., 0., 0., 0.],
        [0., 0., 0., 0., 0., 0., 0., 0., 0., 0.],
        [0., 0., 0., 0., 0., 0., 0., 0., 0., 0.],
        [0., 0., 0., 0., 0., 0., 0., 0., 0., 0.],
        [0., 0., 1., 0., 0., 0., 0., 0., 0., 0.]], device='cuda:0')
Epoch 6 | Batch 400
--- spikes (training) ---
tensor([[ 11.,   1.,   2.,  20.,   3., 274.,   0.,   9.,  20.,  15.],
        [  0., 278.,   7.,  24.,   1.,  16.,   8.,   3.,   3.,   6.],
        [  1.,   4.,  15.,  10.,  15.,   6., 282.,   4.,   7.,   7.],
        [  0., 274.,   8.,  32.,   1.,  37.,   8.,   2.,   8.,   8.],
        [ 28.,   4.,   1.,   1.,   7., 189.,   1.,  14.,   6.,  13.],
        [ 14.,   0.,   8.,   7.,   5., 291.,   0.,   0.,  10.,   4.],
        [  1.,   6.,   2.,  14.,  72.,   5.,   2., 277.,   7.,   8.],
        [  1.,   1.,   0.,  37.,  51.,  14.,   1., 225.,  14.,   8.],
        [135.,   3.,   0.,  57.,   5.,   7.,   6., 125.,   8., 130.],
        [  4.,   9.,  16.,   7.,   5.,   2., 278.,   1.,   4.,  10.],
        [  1.,  13.,   7.,   5., 279.,  23.,   8.,  38.,  25.,   3.],
        [  2.,   6.,   6.,   5.,  12.,   8.,   4.,  27., 276.,  27.],
        [  0.,   8.,   4.,  15.,   3.,   8., 181.,   3.,   5.,   7.],
        [  0.,   6.,   6.,  38.,  11.,  17.,   3.,  17., 264.,   6.],
        [  7.,   1., 298.,  32.,   3.,   3.,   1.,  90.,  32.,   9.],
        [  0., 100.,   5.,  19.,   1.,  14., 167.,   1.,   5.,  11.],
        [310.,   0.,   3.,  13.,   1.,  13.,   0.,   6.,  63.,   0.],
        [ 10.,   5.,  20., 305.,   1.,   6.,   2.,   1.,   4.,   3.],
        [  2.,   3., 125.,  10.,   3.,   6., 296.,   1.,   2.,   4.],
        [140.,   0.,   0.,  10.,  21.,   3.,   0., 293.,   6.,   3.],
        [  0.,  16.,  19.,  15.,   6.,  13.,   2.,   5., 266.,   3.],
        [  0.,   9.,  18.,  63.,   3.,  12.,   7.,   2., 238.,   6.],
        [  0.,   2.,  13., 298.,   0.,  24.,   0.,   1.,   4.,   6.],
        [  0., 296.,   7.,  16.,   1.,  20.,  49.,   1.,   4.,   7.],
        [  3.,   2.,   4.,  15.,   2., 273.,   1.,   1.,  13.,   7.],
        [305.,   0.,   6.,  13.,   1.,  12.,   0.,   6.,   3.,   2.],
        [  3.,  10.,  14.,   7.,  17.,   2., 269.,   9.,   7.,   6.],
        [  6.,   2.,   1.,   5.,  17.,   5.,   0., 302.,   2.,  47.],
        [  0., 277.,   4.,  13.,   1.,  12.,  34.,   1.,   2.,   3.],
        [  4.,   1., 120., 307.,   0.,  41.,   0.,   2.,   7.,   3.],
        [  1.,  10.,   3.,  25.,   9.,  44.,   1.,  30.,  12., 213.],
        [  0., 276.,   4.,  15.,   1.,  13.,  42.,   0.,   2.,   3.],
        [  0.,   3.,   3.,  35.,   9.,  42.,   2.,   8.,   6., 252.],
        [305.,   0.,  17.,  13.,   0.,   5.,   3.,  20.,   3.,  30.],
        [  1.,  85.,   9.,   8.,   8.,  13.,   2.,  11., 238.,   9.],
        [  0., 287.,   4.,   9.,   1.,  15.,   3.,   1.,   3.,   4.],
        [  7.,   8.,  16.,   9.,   4.,   5., 296.,   0.,   6.,   6.],
        [239.,   0.,   8.,   8.,   2.,   7.,   1.,   2.,   4.,   3.],
        [ 11.,   3.,  16., 295.,   0.,  17.,   1.,   1.,   2.,   3.],
        [309.,   0.,   4.,   5.,   6.,  10.,   2.,   2.,   2.,   1.],
        [  1.,   5.,   3.,  12.,   7.,  94.,   3.,  48.,   6., 240.],
        [309.,   0.,   9.,   8.,   8.,  12.,   0.,   6.,   4.,   0.],
        [ 10.,   1.,   8., 305.,   1.,  54.,   0.,   1.,   4.,   4.],
        [  0., 278.,   3.,   7.,   0.,   9.,   1.,   0.,   2.,   3.],
        [  2.,  42.,   2.,   9.,  23.,  21.,   5., 235.,   7.,  13.],
        [ 21.,   0.,   1.,   8.,   8., 298.,   0.,   1.,   6.,   6.],
        [  2.,   6.,   4.,  14.,   2., 263.,   1.,   5.,  16.,  11.],
        [289.,   1.,   8.,   6.,   4.,   3.,   2.,   2.,   2.,   0.],
        [308.,   0.,   2.,   5.,   0.,  13.,   0.,   1.,  17.,   0.],
        [ 16.,   4., 125.,  11.,   7.,  18.,   7.,  34.,   3.,  36.],
        [267.,   0.,   8.,  18.,   1.,   6.,   8.,  49.,   6.,  20.],
        [ 38.,   1.,   0.,   6.,  14.,   3.,   0., 305.,   3.,  25.],
        [  0.,   6.,   3.,  22.,   4.,  13.,   0.,   8.,   8., 197.],
        [  9.,   2.,   6.,   5.,  94.,   8.,   5.,  43.,  11., 261.],
        [  0.,   4.,   9., 276.,   1.,  41.,   0.,   8.,   4.,   4.],
        [  1.,  17.,  34., 263.,   2.,   6.,   2.,   1.,   1.,   8.],
        [  1.,   2.,   1.,   3.,   7., 256.,   0.,   1.,   7.,  11.],
        [  0., 121., 263.,  14.,   0.,   4.,   5.,   3.,   5.,   6.],
        [  0., 300.,  10.,  12.,   4.,  10.,   1.,   8.,  11.,   6.],
        [  3.,   3.,  37.,   5.,   9.,   3., 300.,   2.,   2.,   3.],
        [  2.,   6.,   1.,  18.,   8.,  28.,   1.,  83.,   7., 158.],
        [  0.,   4., 287.,   7.,   7.,  14.,   3.,   5.,  60.,   3.],
        [  3.,   1.,   1.,  10.,  15.,   6.,   5., 134.,   5.,  29.],
        [  1.,   1.,   1., 306.,   0.,  50.,   0.,   2.,   8.,   3.]],
       device='cuda:0')
--- spikes (finish interval) ---
tensor([[0., 0., 0., 0., 0., 1., 0., 0., 0., 0.],
        [0., 1., 0., 0., 0., 0., 0., 0., 0., 0.],
        [0., 0., 0., 0., 0., 0., 1., 0., 0., 0.],
        [0., 0., 0., 0., 0., 0., 0., 0., 0., 0.],
        [0., 0., 0., 0., 0., 1., 0., 0., 0., 0.],
        [0., 0., 0., 0., 0., 0., 0., 0., 0., 0.],
        [0., 0., 0., 0., 0., 0., 0., 0., 0., 0.],
        [0., 0., 0., 0., 0., 0., 0., 1., 0., 0.],
        [1., 0., 0., 0., 0., 0., 0., 0., 0., 0.],
        [0., 0., 0., 0., 0., 0., 1., 0., 0., 0.],
        [0., 0., 0., 0., 0., 0., 0., 0., 0., 0.],
        [0., 0., 0., 0., 0., 0., 0., 0., 0., 0.],
        [0., 0., 0., 0., 0., 0., 0., 0., 0., 0.],
        [0., 0., 0., 0., 0., 0., 0., 0., 0., 0.],
        [0., 0., 1., 0., 0., 0., 0., 0., 0., 0.],
        [0., 0., 0., 0., 0., 0., 0., 0., 0., 0.],
        [0., 0., 0., 0., 0., 0., 0., 0., 0., 0.],
        [0., 0., 0., 1., 0., 0., 0., 0., 0., 0.],
        [0., 0., 1., 0., 0., 0., 1., 0., 0., 0.],
        [0., 0., 0., 0., 0., 0., 0., 0., 0., 0.],
        [0., 0., 0., 0., 0., 0., 0., 0., 0., 0.],
        [0., 0., 0., 0., 0., 0., 0., 0., 0., 0.],
        [0., 0., 0., 0., 0., 0., 0., 0., 0., 0.],
        [0., 1., 0., 0., 0., 0., 0., 0., 0., 0.],
        [0., 0., 0., 0., 0., 0., 0., 0., 0., 0.],
        [0., 0., 0., 0., 0., 0., 0., 0., 0., 0.],
        [0., 0., 0., 0., 0., 0., 0., 0., 0., 0.],
        [0., 0., 0., 0., 0., 0., 0., 1., 0., 0.],
        [0., 1., 0., 0., 0., 0., 0., 0., 0., 0.],
        [0., 0., 0., 1., 0., 0., 0., 0., 0., 0.],
        [0., 0., 0., 0., 0., 0., 0., 0., 0., 0.],
        [0., 1., 0., 0., 0., 0., 0., 0., 0., 0.],
        [0., 0., 0., 0., 0., 0., 0., 0., 0., 0.],
        [1., 0., 0., 0., 0., 0., 0., 0., 0., 0.],
        [0., 0., 0., 0., 0., 0., 0., 0., 0., 0.],
        [0., 0., 0., 0., 0., 0., 0., 0., 0., 0.],
        [0., 0., 0., 0., 0., 0., 0., 0., 0., 0.],
        [0., 0., 0., 0., 0., 0., 0., 0., 0., 0.],
        [0., 0., 0., 0., 0., 0., 0., 0., 0., 0.],
        [0., 0., 0., 0., 0., 0., 0., 0., 0., 0.],
        [0., 0., 0., 0., 0., 0., 0., 0., 0., 0.],
        [1., 0., 0., 0., 0., 0., 0., 0., 0., 0.],
        [0., 0., 0., 0., 0., 0., 0., 0., 0., 0.],
        [0., 0., 0., 0., 0., 0., 0., 0., 0., 0.],
        [0., 0., 0., 0., 0., 0., 0., 1., 0., 0.],
        [0., 0., 0., 0., 0., 1., 0., 0., 0., 0.],
        [0., 0., 0., 0., 0., 1., 0., 0., 0., 0.],
        [1., 0., 0., 0., 0., 0., 0., 0., 0., 0.],
        [0., 0., 0., 0., 0., 0., 0., 0., 0., 0.],
        [0., 0., 0., 0., 0., 0., 0., 0., 0., 0.],
        [1., 0., 0., 0., 0., 0., 0., 0., 0., 0.],
        [0., 0., 0., 0., 0., 0., 0., 0., 0., 0.],
        [0., 0., 0., 0., 0., 0., 0., 0., 0., 1.],
        [0., 0., 0., 0., 0., 0., 0., 0., 0., 1.],
        [0., 0., 0., 1., 0., 0., 0., 0., 0., 0.],
        [0., 0., 0., 1., 0., 0., 0., 0., 0., 0.],
        [0., 0., 0., 0., 0., 0., 0., 0., 0., 0.],
        [0., 0., 1., 0., 0., 0., 0., 0., 0., 0.],
        [0., 1., 0., 0., 0., 0., 0., 0., 0., 0.],
        [0., 0., 0., 0., 0., 0., 1., 0., 0., 0.],
        [0., 0., 0., 0., 0., 0., 0., 0., 0., 1.],
        [0., 0., 0., 0., 0., 0., 0., 0., 0., 0.],
        [0., 0., 0., 0., 0., 0., 0., 0., 0., 0.],
        [0., 0., 0., 1., 0., 0., 0., 0., 0., 0.]], device='cuda:0')
Epoch 6 | Batch 500
--- spikes (training) ---
tensor([[  1.,   4.,   1.,   2.,   1., 237.,   0.,   5.,   6.,  47.],
        [  0., 257.,   3.,   5.,   1.,   1.,   3.,   1.,  39.,   3.],
        [  3.,   1.,   0.,   0.,  17.,   2.,   0.,  12.,   1., 276.],
        [  1.,   3.,  20.,   4.,   3.,   2.,   0., 289.,   3.,  27.],
        [  1.,   3.,   7.,   0.,  13.,   3.,  44., 261.,   1.,  22.],
        [311.,   0.,   2.,   2.,   0.,  20.,   2.,   0.,   5.,   2.],
        [  1.,   8.,   1.,   2.,   5.,   3.,   0., 259.,   1.,  76.],
        [  1.,   3.,   1.,   0.,   6.,   7.,   0.,   2.,   2., 289.],
        [  0.,   1.,   5.,   2., 286.,   5.,   3.,   0.,   2.,  26.],
        [ 23.,   1.,  13.,   0.,   3.,   6., 274.,   0.,   1.,  16.],
        [ 28.,   3.,   0.,   1.,  18., 274.,   0.,   0.,   1.,   3.],
        [  0.,   5.,   2.,   1.,   2.,   5., 296.,   0.,  28.,  46.],
        [  0.,   6.,   6., 295.,   7.,  20.,   1.,   0.,   2.,   9.],
        [  3.,   7.,   1.,   0., 279.,  35.,   3.,   0.,   0.,   9.],
        [294.,   1.,   1.,   9.,  11.,  32.,   0.,   3.,   0.,   8.],
        [  0.,  14., 151.,   5.,   5.,   2.,  19.,   0.,   3.,  16.],
        [ 49.,  34.,   9.,   0.,   2.,  22., 132.,   0.,  11.,   4.],
        [ 14.,   1.,   0.,   0.,   5.,   6.,   0., 278.,   1.,  65.],
        [305.,   0.,   1.,   2.,   2.,  11.,   1.,   0.,   1.,   2.],
        [  4.,   3.,   1.,  93.,   3., 207.,  28.,   0.,   8.,   6.],
        [  1.,   0.,  10.,   0.,  39.,   0.,   1.,   0.,   2., 250.],
        [  0.,  45.,  14., 261.,   2.,   5.,   0.,   4.,   6.,   7.],
        [  0.,  10.,   4.,   1.,   2.,   3.,   0.,  25.,   5., 284.],
        [  0.,  61.,   3.,   0.,   1.,   4.,   1.,   0.,   8., 130.],
        [  0.,   3.,   1.,   2., 240.,   4.,   1.,   2.,   1.,  15.],
        [  2.,  32.,   4.,   0.,   1.,   5., 263.,   0.,  90.,  12.],
        [  0., 230.,   3.,   9.,   2.,   3.,   1.,  39.,   7.,   8.],
        [ 25.,   1.,   3.,  30.,   4., 158.,   5.,   0.,  44.,   4.],
        [  2.,   2.,  55.,   0.,  19., 230.,   4.,   0.,   9.,  38.],
        [ 16.,   7.,   5.,   0.,  21., 279.,   0.,   0.,  29.,   2.],
        [  1., 252.,  10.,   4.,   3.,   5.,   0.,   0.,  21.,   2.],
        [  0.,   1.,  12.,   2.,   7.,   8.,   0., 265.,   0.,  30.],
        [  0.,  27.,  10.,  11.,   3.,   4.,  11., 151.,  30.,  11.],
        [ 10.,   1.,   5.,   0.,   3.,   2., 269.,   1.,   1.,   4.],
        [  0., 279.,  11.,   2.,   2.,   3.,   1.,   4.,  14.,   4.],
        [ 13.,   0., 295.,   2., 115.,   0.,   1.,   0.,  28.,   5.],
        [311.,   0.,   1.,   1.,   2., 126.,   0.,   0.,   0.,   2.],
        [  0., 280.,  14.,   5.,   1.,   3.,   0.,   8.,  42.,   5.],
        [316.,   0.,   6.,   0.,   0.,   8.,   2.,   2.,   0.,   4.],
        [309.,   0.,   3.,   0.,   2.,  10.,   0.,   2.,   1.,   2.],
        [311.,   0.,  19.,   0.,   4.,  26.,   0.,   0.,   0.,   2.],
        [  0.,   7., 286.,   7.,   0.,   2.,  15.,   1.,  11.,   4.],
        [  0.,  11.,   1.,   1.,   4.,   7.,   2.,   5.,   4., 268.],
        [ 16.,   0.,   1.,   4.,  23., 268.,   0.,   0.,   5.,  41.],
        [  5.,   4.,   6., 278.,   2.,  10.,  12.,   0.,   4.,   2.],
        [  0., 277.,   9.,   1.,   1.,   2.,   1.,   3.,  21.,   3.],
        [304.,   0.,   4.,   0.,   0.,  13.,  22.,   0.,   2.,   2.],
        [281.,   0.,   2.,   1.,   1.,  56.,   0.,   0.,   9.,   7.],
        [  1.,   5.,   3.,  28.,   3.,   7.,   0.,  64.,   8., 279.],
        [ 39.,   2.,   4.,   3.,   2., 275.,   0.,   1.,  19.,   3.],
        [  0., 276.,   7.,   1.,   3.,   2.,   1.,  10.,   8.,   3.],
        [  6.,   1., 278.,   0.,   2.,   2.,   3.,   2.,   2.,   5.],
        [  0.,   1., 280.,  44.,   2.,   2.,   0.,   3.,  86.,   3.],
        [  8.,   2.,   4., 120.,  13.,  28.,   0.,   0., 241.,   5.],
        [  4.,   3.,   0.,   0.,   7.,   7.,   0.,  25.,  14., 270.],
        [  3.,   1.,   1.,   0.,   8.,   8.,   0.,   1.,   2., 254.],
        [  4.,   4.,   0.,   1.,   8.,  10.,   0., 275.,   1.,  26.],
        [304.,   0.,   2.,   2.,   5.,  17.,   1.,   0.,   1.,   1.],
        [  0., 255.,  13.,   0.,   1.,   1.,   0.,   1.,  14.,   2.],
        [ 10.,   2.,   1.,   7.,   3.,  10.,   1.,  97.,   6., 262.],
        [  0.,  12.,   4.,   2.,   3.,   6., 292.,   0.,  45.,  30.],
        [  6.,   1.,   1.,   0., 290.,   1.,   2.,   3.,   1.,   9.],
        [  0.,  15.,   2.,   1.,   4.,   5.,   0., 276.,   1.,  24.],
        [  1.,   6.,   1.,   0.,   5.,   8.,   0., 288.,   5.,  17.]],
       device='cuda:0')
--- spikes (finish interval) ---
tensor([[0., 0., 0., 0., 0., 1., 0., 0., 0., 0.],
        [0., 0., 0., 0., 0., 0., 0., 0., 0., 0.],
        [0., 0., 0., 0., 0., 0., 0., 0., 0., 0.],
        [0., 0., 0., 0., 0., 0., 0., 1., 0., 0.],
        [0., 0., 0., 0., 0., 0., 0., 0., 0., 0.],
        [1., 0., 0., 0., 0., 0., 0., 0., 0., 0.],
        [0., 0., 0., 0., 0., 0., 0., 0., 0., 0.],
        [0., 0., 0., 0., 0., 0., 0., 0., 0., 1.],
        [0., 0., 0., 0., 0., 0., 0., 0., 0., 0.],
        [0., 0., 0., 0., 0., 0., 0., 0., 0., 0.],
        [0., 0., 0., 0., 0., 0., 0., 0., 0., 0.],
        [0., 0., 0., 0., 0., 0., 1., 0., 0., 0.],
        [0., 0., 0., 0., 0., 0., 0., 0., 0., 0.],
        [0., 0., 0., 0., 0., 0., 0., 0., 0., 0.],
        [1., 0., 0., 0., 0., 0., 0., 0., 0., 0.],
        [0., 0., 0., 0., 0., 0., 0., 0., 0., 0.],
        [0., 0., 0., 0., 0., 0., 0., 0., 0., 0.],
        [0., 0., 0., 0., 0., 0., 0., 0., 0., 0.],
        [1., 0., 0., 0., 0., 0., 0., 0., 0., 0.],
        [0., 0., 0., 0., 0., 1., 0., 0., 0., 0.],
        [0., 0., 0., 0., 0., 0., 0., 0., 0., 1.],
        [0., 0., 0., 1., 0., 0., 0., 0., 0., 0.],
        [0., 0., 0., 0., 0., 0., 0., 0., 0., 0.],
        [0., 0., 0., 0., 0., 0., 0., 0., 0., 0.],
        [0., 0., 0., 0., 0., 0., 0., 0., 0., 0.],
        [0., 0., 0., 0., 0., 0., 0., 0., 0., 0.],
        [0., 0., 0., 0., 0., 0., 0., 0., 0., 0.],
        [0., 0., 0., 0., 0., 0., 0., 0., 0., 0.],
        [0., 0., 0., 0., 0., 0., 0., 0., 0., 0.],
        [0., 0., 0., 0., 0., 1., 0., 0., 0., 0.],
        [0., 0., 0., 0., 0., 0., 0., 0., 0., 0.],
        [0., 0., 0., 0., 0., 0., 0., 1., 0., 0.],
        [0., 0., 0., 0., 0., 0., 0., 0., 0., 0.],
        [0., 0., 0., 0., 0., 0., 0., 0., 0., 0.],
        [0., 1., 0., 0., 0., 0., 0., 0., 0., 0.],
        [0., 0., 1., 0., 0., 0., 0., 0., 0., 0.],
        [0., 0., 0., 0., 0., 0., 0., 0., 0., 0.],
        [0., 1., 0., 0., 0., 0., 0., 0., 0., 0.],
        [0., 0., 0., 0., 0., 0., 0., 0., 0., 0.],
        [1., 0., 0., 0., 0., 0., 0., 0., 0., 0.],
        [0., 0., 0., 0., 0., 0., 0., 0., 0., 0.],
        [0., 0., 1., 0., 0., 0., 0., 0., 0., 0.],
        [0., 0., 0., 0., 0., 0., 0., 0., 0., 0.],
        [0., 0., 0., 0., 0., 1., 0., 0., 0., 0.],
        [0., 0., 0., 0., 0., 0., 0., 0., 0., 0.],
        [0., 0., 0., 0., 0., 0., 0., 0., 0., 0.],
        [1., 0., 0., 0., 0., 0., 0., 0., 0., 0.],
        [1., 0., 0., 0., 0., 0., 0., 0., 0., 0.],
        [0., 0., 0., 0., 0., 0., 0., 0., 0., 0.],
        [0., 0., 0., 0., 0., 1., 0., 0., 0., 0.],
        [0., 1., 0., 0., 0., 0., 0., 0., 0., 0.],
        [0., 0., 1., 0., 0., 0., 0., 0., 0., 0.],
        [0., 0., 0., 0., 0., 0., 0., 0., 0., 0.],
        [0., 0., 0., 0., 0., 0., 0., 0., 0., 0.],
        [0., 0., 0., 0., 0., 0., 0., 0., 0., 1.],
        [0., 0., 0., 0., 0., 0., 0., 0., 0., 1.],
        [0., 0., 0., 0., 0., 0., 0., 1., 0., 0.],
        [0., 0., 0., 0., 0., 0., 0., 0., 0., 0.],
        [0., 1., 0., 0., 0., 0., 0., 0., 0., 0.],
        [0., 0., 0., 0., 0., 0., 0., 0., 0., 1.],
        [0., 0., 0., 0., 0., 0., 1., 0., 0., 0.],
        [0., 0., 0., 0., 0., 0., 0., 0., 0., 0.],
        [0., 0., 0., 0., 0., 0., 0., 1., 0., 0.],
        [0., 0., 0., 0., 0., 0., 0., 0., 0., 0.]], device='cuda:0')
Epoch 6 | Batch 600
--- spikes (training) ---
tensor([[  0.,   0.,  89., 286.,  26.,  38.,   4.,   2.,  19.,   0.],
        [  0.,   2.,   1.,   2.,   4.,  10.,   6.,   5.,   3., 230.],
        [  0.,   5., 290.,   9.,   1.,   7.,  17.,  72.,   0.,   1.],
        [243.,   2.,   1.,  10.,   3.,  10.,  12.,   6.,   8.,   5.],
        [  0.,  14.,  16., 105.,   8., 187.,   6.,   2.,  23.,   1.],
        [  0.,   5.,   3.,   0., 284.,  12.,  48.,   9.,  10.,   9.],
        [  0.,   4.,   1.,   7.,   7.,  58.,   6., 118.,   6., 247.],
        [  0.,   0., 315.,  45.,   0.,   6.,  66.,   4.,   0.,   0.],
        [  0.,   6.,   7.,   0.,  42.,   7., 298.,   4.,   9.,  10.],
        [  0.,  83.,   6.,   0.,   6.,  14., 281.,   3.,  14.,   6.],
        [  0.,  49.,   3.,   0.,   4.,  14., 267.,   1.,  13.,   2.],
        [ 27.,   2.,  20.,   0.,  28.,   3., 311.,   4.,   2.,  11.],
        [  0.,   5.,   4.,   0., 237.,  10.,  12.,   1.,  85.,   3.],
        [  0.,  17.,   3.,   0.,   6., 224.,   8.,   4.,   7.,  18.],
        [  7.,   8.,   9.,   0.,  30.,   3., 304.,   2.,  10.,  13.],
        [  0.,   1.,   1.,   5., 250.,   3.,  16.,  25.,   2.,   6.],
        [  1.,   3.,   1.,   0., 272.,  10.,  25.,  10.,   8.,  67.],
        [  0.,   9.,   6.,   0.,  16., 283.,  11.,   1.,   7.,   7.],
        [  0.,   4.,  10.,   0.,  50.,   3., 313.,   1.,  22.,  31.],
        [  0.,  28.,  11.,   7.,   6.,  11.,   5.,   4., 245.,   6.],
        [  0.,  10.,   4.,   0.,  12., 259.,  10.,  16.,  14.,  10.],
        [148.,   2.,  12.,   0.,  17.,  11., 305.,   5.,   3.,  22.],
        [  0.,   2.,   0.,   7.,  24.,  13.,  19.,  12.,   3., 246.],
        [286.,   1.,   1.,  11.,   1.,  12.,   4.,   5.,   0.,   0.],
        [  0.,   3.,   2.,   0.,  16.,  11.,  21.,   4.,   9., 245.],
        [  0.,   5.,   4.,   0.,  14.,   2., 277.,   1.,   7.,   2.],
        [ 19.,   2.,  15.,   0.,  59.,   3., 309.,   1.,  16.,  73.],
        [  0.,   3.,   9., 271.,  10.,  11.,   6.,   0.,   9.,   0.],
        [  0.,  12.,   6.,   0.,   6.,  14.,   9.,   1., 276.,  27.],
        [  0., 295.,  17.,   5.,   2.,   6.,  10.,   4.,  27.,   2.],
        [274.,   1.,   1.,   6.,   4.,  11.,   2.,   2.,   5.,   0.],
        [  0.,   8.,  12.,   2.,   4.,   6.,   8., 278.,   2.,   8.],
        [  0.,  54.,   6.,   1.,   4.,  61.,   3.,   5., 272.,   2.],
        [  0.,   2.,   1.,   9.,   3.,   5.,  15., 289.,   1.,   0.],
        [  0.,  31.,   6.,   3.,   6.,  12.,   4., 225.,   9.,   5.],
        [  0., 290.,   6.,   5.,   1.,  12.,   5.,   4.,   4.,   6.],
        [  0., 288.,   5.,   7.,   2.,  10.,   5.,   7.,   4.,   8.],
        [  0.,   6.,   4.,   0.,  41.,   2., 236.,   3.,  19.,   6.],
        [  0.,   8.,   2.,   0., 280.,  32.,  11.,  11.,  10.,  11.],
        [  0., 274.,  22.,   6.,   6.,  31.,   3.,   1.,  36.,   1.],
        [  0.,   3.,  25., 282.,   2.,  26.,   1.,   6.,   0.,   0.],
        [  0.,  38.,   5., 246.,   2.,   8.,   2.,   2.,   3.,   1.],
        [  0., 274.,   4.,   5.,   1.,   7.,   3.,   4.,   3.,   6.],
        [  0.,   2.,   1.,  20.,   5., 237.,  11.,   4.,   7.,   2.],
        [  0.,   1.,  15., 293.,  10.,  25.,   2.,   0.,   1.,   0.],
        [  0.,   3., 102.,   0.,  63.,   0.,   6.,   1.,   3.,   1.],
        [  0.,  44.,  10.,  10.,   2.,  10.,   4.,   4., 269.,   8.],
        [  0.,   7.,   0., 268.,   3.,  20.,   8.,  72.,   2.,   0.],
        [  0.,   7.,   6.,   0.,  12., 210.,  16.,   4.,   5.,   3.],
        [ 52.,   1.,   3.,   8.,   6.,  16.,  12.,   1.,   4.,  68.],
        [  0.,  20.,   7.,   2.,   2.,   4.,   3., 235.,   5.,   9.],
        [ 11.,  10.,   6.,   2.,  16.,   1., 271.,  12.,   6.,   4.],
        [  0., 297.,  10.,   6.,   2.,  15.,   9.,   6.,   8.,  11.],
        [285.,   3.,   0.,   5.,   7.,  52.,   7.,   4.,  10.,   0.],
        [303.,   2.,  10.,  69.,   3.,   4.,  10.,   5.,   0.,   0.],
        [  0., 209.,   4.,   6.,   3.,   6.,   4.,   3.,   5.,   4.],
        [  0.,  16., 263.,   0.,   1.,   8.,  21.,   7.,   6.,  11.],
        [  0.,  16.,   3., 279.,   5.,  12.,   6.,   3.,   2.,   5.],
        [  0., 298.,   5.,   4.,   1.,   5.,   5.,   5.,  13.,   2.],
        [  0.,  18.,   9., 112.,   4.,   6.,   4.,   2.,  33.,   3.],
        [  0.,   3.,   2.,   2., 242.,   3.,  19.,  22.,   1.,   2.],
        [  0.,   1.,   1.,  34.,   9., 229.,   8.,   0.,  35.,   2.],
        [  0.,   7.,   2., 264.,   5.,   7.,   6.,   2.,   8.,   4.],
        [  0.,   3.,   1.,   0., 190.,  10.,  21.,   6.,   3.,  10.]],
       device='cuda:0')
--- spikes (finish interval) ---
tensor([[0., 0., 0., 1., 0., 0., 0., 0., 0., 0.],
        [0., 0., 0., 0., 0., 0., 0., 0., 0., 0.],
        [0., 0., 0., 0., 0., 0., 0., 0., 0., 0.],
        [0., 0., 0., 0., 0., 0., 0., 0., 0., 0.],
        [0., 0., 0., 0., 0., 0., 0., 0., 0., 0.],
        [0., 0., 0., 0., 0., 0., 0., 0., 0., 0.],
        [0., 0., 0., 0., 0., 0., 0., 0., 0., 1.],
        [0., 0., 1., 0., 0., 0., 0., 0., 0., 0.],
        [0., 0., 0., 0., 0., 0., 1., 0., 0., 0.],
        [0., 0., 0., 0., 0., 0., 1., 0., 0., 0.],
        [0., 0., 0., 0., 0., 0., 1., 0., 0., 0.],
        [0., 0., 0., 0., 0., 0., 1., 0., 0., 0.],
        [0., 0., 0., 0., 0., 0., 0., 0., 0., 0.],
        [0., 0., 0., 0., 0., 0., 0., 0., 0., 0.],
        [0., 0., 0., 0., 0., 0., 1., 0., 0., 0.],
        [0., 0., 0., 0., 0., 0., 0., 0., 0., 0.],
        [0., 0., 0., 0., 0., 0., 0., 0., 0., 0.],
        [0., 0., 0., 0., 0., 0., 0., 0., 0., 0.],
        [0., 0., 0., 0., 0., 0., 1., 0., 0., 0.],
        [0., 0., 0., 0., 0., 0., 0., 0., 0., 0.],
        [0., 0., 0., 0., 0., 0., 0., 0., 0., 0.],
        [0., 0., 0., 0., 0., 0., 0., 0., 0., 0.],
        [0., 0., 0., 0., 0., 0., 0., 0., 0., 1.],
        [0., 0., 0., 0., 0., 0., 0., 0., 0., 0.],
        [0., 0., 0., 0., 0., 0., 0., 0., 0., 1.],
        [0., 0., 0., 0., 0., 0., 1., 0., 0., 0.],
        [0., 0., 0., 0., 0., 0., 0., 0., 0., 0.],
        [0., 0., 0., 0., 0., 0., 0., 0., 0., 0.],
        [0., 0., 0., 0., 0., 0., 0., 0., 0., 0.],
        [0., 0., 0., 0., 0., 0., 0., 0., 0., 0.],
        [1., 0., 0., 0., 0., 0., 0., 0., 0., 0.],
        [0., 0., 0., 0., 0., 0., 0., 1., 0., 0.],
        [0., 0., 0., 0., 0., 0., 0., 0., 1., 0.],
        [0., 0., 0., 0., 0., 0., 0., 0., 0., 0.],
        [0., 0., 0., 0., 0., 0., 0., 1., 0., 0.],
        [0., 1., 0., 0., 0., 0., 0., 0., 0., 0.],
        [0., 0., 0., 0., 0., 0., 0., 0., 0., 0.],
        [0., 0., 0., 0., 0., 0., 1., 0., 0., 0.],
        [0., 0., 0., 0., 1., 0., 0., 0., 0., 0.],
        [0., 1., 0., 0., 0., 0., 0., 0., 0., 0.],
        [0., 0., 0., 0., 0., 0., 0., 0., 0., 0.],
        [0., 0., 0., 0., 0., 0., 0., 0., 0., 0.],
        [0., 1., 0., 0., 0., 0., 0., 0., 0., 0.],
        [0., 0., 0., 0., 0., 0., 0., 0., 0., 0.],
        [0., 0., 0., 0., 0., 0., 0., 0., 0., 0.],
        [0., 0., 0., 0., 0., 0., 0., 0., 0., 0.],
        [0., 0., 0., 0., 0., 0., 0., 0., 0., 0.],
        [0., 0., 0., 0., 0., 0., 0., 0., 0., 0.],
        [0., 0., 0., 0., 0., 0., 0., 0., 0., 0.],
        [0., 0., 0., 0., 0., 0., 0., 0., 0., 0.],
        [0., 0., 0., 0., 0., 0., 0., 0., 0., 0.],
        [0., 0., 0., 0., 0., 0., 1., 0., 0., 0.],
        [0., 1., 0., 0., 0., 0., 0., 0., 0., 0.],
        [0., 0., 0., 0., 0., 0., 0., 0., 0., 0.],
        [1., 0., 0., 0., 0., 0., 0., 0., 0., 0.],
        [0., 0., 0., 0., 0., 0., 0., 0., 0., 0.],
        [0., 0., 0., 0., 0., 0., 0., 0., 0., 0.],
        [0., 0., 0., 1., 0., 0., 0., 0., 0., 0.],
        [0., 1., 0., 0., 0., 0., 0., 0., 0., 0.],
        [0., 0., 0., 0., 0., 0., 0., 0., 0., 0.],
        [0., 0., 0., 0., 0., 0., 0., 0., 0., 0.],
        [0., 0., 0., 0., 0., 1., 0., 0., 0., 0.],
        [0., 0., 0., 0., 0., 0., 0., 0., 0., 0.],
        [0., 0., 0., 0., 0., 0., 0., 0., 0., 0.]], device='cuda:0')
Epoch 6 | Batch 700
--- spikes (training) ---
tensor([[ 23.,   2., 278.,  15.,   6.,  15.,   2.,   1.,   2.,  19.],
        [307.,   0.,  10.,   4.,   0.,  17.,   1.,   2.,   3.,   6.],
        [ 48.,   0.,  13.,  63.,   1.,  74.,   2.,   7., 211.,   7.],
        [313.,   0.,  43.,   5.,   0.,  11.,  21.,   2.,   4.,  13.],
        [ 11.,  18.,  16.,  17.,   5.,  30., 231.,   2.,   6.,   6.],
        [ 11.,   0.,  47., 311.,   1.,  20.,   0.,   1.,   6.,   4.],
        [ 13.,   1.,   3., 294.,   1.,   5.,   0.,  13.,   3.,   3.],
        [ 21., 148., 249.,  20.,   0.,   3.,   3.,   3.,  16.,  11.],
        [  8.,   4.,   2.,  12.,  17.,   4.,   0.,  13.,  13., 249.],
        [ 16.,   1.,   5., 290.,   0.,  19.,   0.,   2.,  12.,   4.],
        [ 21.,   0.,   1.,  20.,   1., 231.,   0.,   4.,  66.,  12.],
        [  4., 290.,  16.,  21.,   2.,  10.,   2.,   9.,  17.,   8.],
        [ 10.,   1.,   2.,  24.,  16.,   5.,   0.,  12.,  18., 273.],
        [  5.,   6.,   5.,  10.,   4.,   2.,   0., 278.,   3.,  22.],
        [  7.,   0.,  14.,   9.,   4.,  10., 292.,   5.,   8.,  10.],
        [  5.,   7.,   4.,  11.,   5.,   1.,   0., 283.,   5.,  13.],
        [  4.,   3., 298.,  16.,   1.,   2.,   2.,   3.,   2.,   4.],
        [  5.,  15.,   9.,   1.,   2., 122.,   3.,   1.,  50.,   5.],
        [  3.,   3.,   3.,  19.,   4.,  12., 264.,   5.,  12.,  17.],
        [266.,   0.,  45.,   5.,   0.,   1.,   3.,   2.,   1.,   0.],
        [  3., 280.,   4.,  18.,  10.,   2.,   0.,   6.,   6.,  12.],
        [ 15.,   0.,   0., 164.,   5., 126.,   0.,  14.,  16.,  14.],
        [238.,   0.,   8.,   8.,   0.,  22.,   3.,   4.,   2.,   8.],
        [  5.,   5.,  13.,   4.,   4., 213.,   1.,   3.,   6.,   5.],
        [  5.,   1.,  14.,   8., 132.,   5.,  75.,   4.,   8.,  16.],
        [  7.,   3.,  16.,   3.,  26.,   2.,   2.,  71.,   7., 182.],
        [ 51.,   1.,   4.,  55.,   4.,  14.,   0.,   6., 253.,  93.],
        [  9.,   1.,   1., 303.,   2.,   9.,   0.,   7.,   8.,   5.],
        [  9.,  18.,   5.,  22.,   3.,   7.,   8.,   7., 201.,  59.],
        [ 32.,   0.,  36.,  27.,   0., 150.,   6.,   3.,   6.,   5.],
        [  5.,  12.,   4.,  10.,   5.,   1.,   0., 259.,   8.,  15.],
        [  5.,   3.,   3.,   6.,  10.,  11.,   1.,  33.,   9., 229.],
        [ 22.,   0.,  12., 299.,   0.,  10.,   0.,   1.,   5.,   3.],
        [  3.,   1.,   1.,   8., 272.,  88.,   1.,  21.,  13.,  24.],
        [  8.,   0.,   4.,   7.,   5.,   2.,   0., 297.,   2.,   1.],
        [  9.,   3.,   6.,   6.,   7.,   4.,   1.,  27.,  14., 260.],
        [  7.,   1.,   3.,   5.,  13.,   5.,   0.,  44.,   8., 279.],
        [  2., 294.,   5.,  13.,   2.,   3.,   1.,   4.,   6.,   7.],
        [ 12.,   2.,  10.,   4.,   5.,  60.,   6.,  10., 107.,  16.],
        [  8.,   3.,  17., 305.,   1.,   6.,   0.,   4.,   8.,   3.],
        [ 11.,   0., 302.,   9.,   2.,   8.,  39.,   0.,   3.,   7.],
        [  4.,   0.,   2.,   7.,   6.,   2.,   0., 295.,   3.,  17.],
        [  4.,   1.,   3.,   7., 290.,   6.,   1.,   6.,  11.,  21.],
        [ 11.,  12.,  15.,  15.,   6.,  26.,   1.,  10., 254.,  16.],
        [  4.,   3.,   3.,   5.,   4.,  18.,   0.,  55.,   6., 210.],
        [ 15.,   1.,   8.,   2.,  13.,  10.,   1.,  14.,  20., 272.],
        [ 19.,   3.,   4.,   4.,  11., 282.,   1.,   2.,   7.,   9.],
        [ 14.,   0.,  31.,   8., 235.,  25.,  46.,   0.,  26.,  10.],
        [  7.,   0.,   2.,   7.,  35.,   1.,   0., 294.,   3.,  15.],
        [273.,   0.,   6.,   5.,   0.,   4.,   0.,   6.,   2.,   6.],
        [ 10.,   5.,   3.,   2.,   8., 248.,   0.,   6.,   3.,  14.],
        [  7.,   0.,   7., 296.,   9.,   5.,   0.,  18.,  18.,   8.],
        [  5.,   1.,   2.,   2., 282.,  17.,  71.,  10.,  15.,  38.],
        [  4., 298.,  17.,  18.,   0.,   8.,   2.,   4.,  18.,   5.],
        [  5.,   1.,   4.,   9.,   4.,   1.,   0., 273.,   6.,   7.],
        [  4.,   2.,   3.,   4., 259.,   3.,   0.,  10.,   8.,  10.],
        [ 13.,   2.,  22.,  42.,   4.,  12.,   3.,   2., 254.,  87.],
        [  5.,   1.,   8.,  18.,  20.,   1.,   0., 277.,   3.,   5.],
        [  3.,   0.,   3.,   6.,   4.,   2.,   0., 294.,   5.,  13.],
        [  6.,   2.,   2.,   6., 275.,   6.,   4.,  11.,  82.,  17.],
        [  5.,   1.,   9.,  15., 166.,   3.,   0.,   9.,  14., 153.],
        [  4.,   2.,   4.,   3., 290.,  20.,   1.,   7.,   6.,  20.],
        [  6.,   1., 183.,   9.,   8.,   7.,   3.,   6.,   3.,  17.],
        [  3., 282.,   5.,  20.,  12.,   2.,   1.,   6.,   5.,   9.]],
       device='cuda:0')
--- spikes (finish interval) ---
tensor([[0., 0., 1., 0., 0., 0., 0., 0., 0., 0.],
        [0., 0., 0., 0., 0., 0., 0., 0., 0., 0.],
        [0., 0., 0., 0., 0., 0., 0., 0., 0., 0.],
        [0., 0., 0., 0., 0., 0., 0., 0., 0., 0.],
        [0., 0., 0., 0., 0., 0., 0., 0., 0., 0.],
        [0., 0., 0., 0., 0., 0., 0., 0., 0., 0.],
        [0., 0., 0., 1., 0., 0., 0., 0., 0., 0.],
        [0., 0., 0., 0., 0., 0., 0., 0., 0., 0.],
        [0., 0., 0., 0., 0., 0., 0., 0., 0., 0.],
        [0., 0., 0., 0., 0., 0., 0., 0., 0., 0.],
        [0., 0., 0., 0., 0., 0., 0., 0., 0., 0.],
        [0., 1., 0., 0., 0., 0., 0., 0., 0., 0.],
        [0., 0., 0., 0., 0., 0., 0., 0., 0., 1.],
        [0., 0., 0., 0., 0., 0., 0., 0., 0., 0.],
        [0., 0., 0., 0., 0., 0., 0., 0., 0., 0.],
        [0., 0., 0., 0., 0., 0., 0., 1., 0., 0.],
        [0., 0., 0., 0., 0., 0., 0., 0., 0., 0.],
        [0., 0., 0., 0., 0., 1., 0., 0., 0., 0.],
        [0., 0., 0., 0., 0., 0., 0., 0., 0., 0.],
        [0., 0., 0., 0., 0., 0., 0., 0., 0., 0.],
        [0., 1., 0., 0., 0., 0., 0., 0., 0., 0.],
        [0., 0., 0., 0., 0., 0., 0., 0., 0., 0.],
        [0., 0., 0., 0., 0., 0., 0., 0., 0., 0.],
        [0., 0., 0., 0., 0., 0., 0., 0., 0., 0.],
        [0., 0., 0., 0., 0., 0., 0., 0., 0., 0.],
        [0., 0., 0., 0., 0., 0., 0., 0., 0., 1.],
        [0., 0., 0., 0., 0., 0., 0., 0., 0., 0.],
        [0., 0., 0., 0., 0., 0., 0., 0., 0., 0.],
        [0., 0., 0., 0., 0., 0., 0., 0., 0., 0.],
        [0., 0., 0., 0., 0., 0., 0., 0., 0., 0.],
        [0., 0., 0., 0., 0., 0., 0., 0., 0., 0.],
        [0., 0., 0., 0., 0., 0., 0., 0., 0., 0.],
        [0., 0., 0., 0., 0., 0., 0., 0., 0., 0.],
        [0., 0., 0., 0., 0., 0., 0., 0., 0., 0.],
        [0., 0., 0., 0., 0., 0., 0., 0., 0., 0.],
        [0., 0., 0., 0., 0., 0., 0., 0., 0., 1.],
        [0., 0., 0., 0., 0., 0., 0., 0., 0., 0.],
        [0., 0., 0., 0., 0., 0., 0., 0., 0., 0.],
        [0., 0., 0., 0., 0., 0., 0., 0., 0., 0.],
        [0., 0., 0., 0., 0., 0., 0., 0., 0., 0.],
        [0., 0., 1., 0., 0., 0., 0., 0., 0., 0.],
        [0., 0., 0., 0., 0., 0., 0., 0., 0., 0.],
        [0., 0., 0., 0., 1., 0., 0., 0., 0., 0.],
        [0., 0., 0., 0., 0., 0., 0., 0., 0., 0.],
        [0., 0., 0., 0., 0., 0., 0., 0., 0., 1.],
        [0., 0., 0., 0., 0., 0., 0., 0., 0., 0.],
        [0., 0., 0., 0., 0., 1., 0., 0., 0., 0.],
        [0., 0., 0., 0., 0., 0., 0., 0., 0., 0.],
        [0., 0., 0., 0., 0., 0., 0., 0., 0., 0.],
        [0., 0., 0., 0., 0., 0., 0., 0., 0., 0.],
        [0., 0., 0., 0., 0., 0., 0., 0., 0., 0.],
        [0., 0., 0., 0., 0., 0., 0., 0., 0., 0.],
        [0., 0., 0., 0., 1., 0., 1., 0., 0., 0.],
        [0., 1., 0., 0., 0., 0., 0., 0., 0., 0.],
        [0., 0., 0., 0., 0., 0., 0., 0., 0., 0.],
        [0., 0., 0., 0., 0., 0., 0., 0., 0., 0.],
        [0., 0., 0., 0., 0., 0., 0., 0., 0., 0.],
        [0., 0., 0., 0., 0., 0., 0., 1., 0., 0.],
        [0., 0., 0., 0., 0., 0., 0., 0., 0., 0.],
        [0., 0., 0., 0., 0., 0., 0., 0., 0., 0.],
        [0., 0., 0., 0., 0., 0., 0., 0., 0., 0.],
        [0., 0., 0., 0., 0., 0., 0., 0., 0., 0.],
        [0., 0., 1., 0., 0., 0., 0., 0., 0., 0.],
        [0., 1., 0., 0., 0., 0., 0., 0., 0., 0.]], device='cuda:0')
Epoch 6 | Batch 800
--- spikes (training) ---
tensor([[  0., 281.,   7.,   5.,   0.,   5.,   4.,   2.,   4.,   2.],
        [  1.,  11.,  10.,   3.,   9.,   3.,   0., 293.,   3.,  11.],
        [  0.,   7., 301.,   8.,  13.,   2.,   6.,   3.,   5.,   7.],
        [  0.,   4.,   5.,   5.,  14.,   9.,   1.,  16.,   1., 265.],
        [ 11.,   5.,   9.,   1.,  61.,   4.,   4.,  18.,  49., 239.],
        [  0.,  26.,   8., 284.,   4.,  11.,   0.,   6.,   1.,   8.],
        [  1.,   8., 303.,   7.,   8.,   1.,  15.,   3.,  15.,   7.],
        [  0.,   6.,   3.,   4.,  69.,   5.,   1., 149.,   0., 251.],
        [  0., 271.,  23.,   6.,   3.,   3.,   0.,   6., 141.,   5.],
        [  0.,   6.,   4.,   3., 208.,  14.,   2.,  10.,  47.,   7.],
        [  5.,   5.,   6.,   1., 246.,  26.,  24.,  12.,   6.,  29.],
        [  0.,  10., 308.,  13.,   5.,   1.,  17.,   1.,  86.,   2.],
        [  0.,   5.,   1.,   2., 287.,  17.,  10.,  13.,  38.,  14.],
        [  0.,  14., 278.,   6.,   2.,   1.,  12.,   7.,   1.,   4.],
        [  1.,   2., 307.,  11.,   1.,   0.,   6.,   6.,   4.,  10.],
        [  0.,  10., 289.,  12.,   6.,   1.,   4.,   3.,   6.,   9.],
        [  0.,  11.,   3.,   7.,   8.,   6.,   0.,  25.,  12., 232.],
        [  1.,   4.,   2.,   1.,  14.,  10.,   0., 290.,   0.,  25.],
        [  0., 273.,   6.,   6.,   0.,   3.,   1.,   1.,   1.,   2.],
        [  1.,   5.,   2.,   4.,  23.,   4.,   0., 285.,   0.,  14.],
        [  1.,   5.,   2.,   1., 291.,   7.,  15.,   6.,   1.,   4.],
        [  1.,   5.,  11.,  47.,   9.,  22.,   6.,   3., 222.,  39.],
        [  6.,   3., 284.,  16.,   1.,   1.,   2., 113.,   0.,   5.],
        [  9.,   4.,  28.,   3.,  54.,  14.,   3.,   8., 228.,  43.],
        [296.,   3.,  11.,   4.,   0.,   8.,   1.,   9.,   0.,   3.],
        [  0.,   3.,  24.,   5.,  73.,   5.,  14.,  11.,   5., 257.],
        [  1.,  10.,   5.,   4.,   4.,  25., 205.,   1.,   7.,   7.],
        [  9.,  15.,   9.,   4.,   7.,  33.,   0.,  25., 233.,   7.],
        [280.,   3.,  11.,  10.,   1.,  14.,  13.,   6.,   9.,  27.],
        [  1.,   1.,  37.,  11.,   6.,   3.,   0., 287.,   0.,  10.],
        [  0.,  14.,   5., 160.,   2.,   9.,   1.,  27.,   0.,  16.],
        [  0., 261.,   6.,   2.,   2.,   3.,   0.,   8.,  12.,   2.],
        [  1.,   4.,   3., 277.,   3.,  85.,   1.,  12.,   0.,  14.],
        [  1.,   8.,  17., 297.,  11.,  28.,   0.,   3.,  51.,   3.],
        [  0.,   4.,   9.,   2.,  24.,   7.,   2.,  21.,   1., 272.],
        [  0.,   8.,   3., 288.,   2.,  19.,   0.,  12.,   0.,   8.],
        [  3.,   1.,  43.,   2.,  13., 181.,   3.,  21., 127.,  11.],
        [  2.,   6.,   4., 277.,   2.,  25.,   0.,  76.,   0.,  19.],
        [  0., 272.,   4.,   4.,   1.,   2.,   1.,   5.,   6.,   2.],
        [  0., 174.,   8.,   5.,   3.,  13.,   0.,   2., 134.,   1.],
        [  0.,   5.,   5.,   2.,  21.,   5.,   3.,  15.,   1., 265.],
        [  0.,   5.,  21.,   0.,   9.,   3., 307.,   1.,   0.,   5.],
        [  0.,   3.,   3.,   0.,   2., 239.,   0.,   1.,  71.,   1.],
        [  0.,   6.,  17.,   4.,  18.,   4., 304.,   0.,   0.,   8.],
        [283.,   2.,   4.,   1.,   1.,  23.,   0.,  12.,   3.,   1.],
        [  1.,   6.,  13.,   1.,   9.,   3., 296.,   4.,   0.,   6.],
        [  0.,   3.,   7., 250.,   0.,  11.,   0.,   3.,   0.,   1.],
        [  0.,   6.,   4.,   1.,  53.,   7.,   1.,  27.,   1., 252.],
        [  0., 266.,  15.,   4.,   4.,   5.,   0.,   6., 100.,   3.],
        [  0.,   4.,   3.,   3.,  13.,   7.,   0., 297.,   0.,  19.],
        [  0.,   2.,  24.,  45.,   4., 240.,   6.,   0.,   3.,   6.],
        [  4.,   3.,   3.,   0.,   4., 257.,   0.,   8.,   0.,   4.],
        [  0.,  33., 197.,   5.,   1.,   2.,   2.,   5.,  15.,   3.],
        [  0.,   2.,  14.,   6., 126.,   4.,   2.,  13.,   1., 255.],
        [  0.,   7.,   3.,   6.,  14.,  12.,   1.,  25.,   1., 259.],
        [265.,   6.,  17.,   3.,  12.,   5.,  17.,   6.,  50.,  10.],
        [  8.,   0.,   5.,   5.,  40.,   4.,   0., 163.,   0.,  18.],
        [  5.,   0.,  28.,  33.,   0., 164.,  71.,   3.,   2.,   1.],
        [234.,   1.,  16.,   1.,   6.,   4.,  54.,   2.,   6.,   4.],
        [  1.,   1.,   6.,   6.,   4., 245.,   0.,   2.,  17.,   4.],
        [ 14.,   3.,   5.,   0.,   3., 290.,   0.,   8.,   1.,   2.],
        [  3.,  24.,   9.,  33.,   4.,  14.,   7.,   2., 214.,  12.],
        [ 13.,   2.,   7., 137.,   2., 160.,   5.,   3.,   2.,   3.],
        [  1.,   3.,   3.,   1., 293.,   5.,  63.,   2.,  54.,   6.]],
       device='cuda:0')
--- spikes (finish interval) ---
tensor([[0., 0., 0., 0., 0., 0., 0., 0., 0., 0.],
        [0., 0., 0., 0., 0., 0., 0., 1., 0., 0.],
        [0., 0., 1., 0., 0., 0., 0., 0., 0., 0.],
        [0., 0., 0., 0., 0., 0., 0., 0., 0., 0.],
        [0., 0., 0., 0., 0., 0., 0., 0., 0., 0.],
        [0., 0., 0., 0., 0., 0., 0., 0., 0., 0.],
        [0., 0., 0., 0., 0., 0., 0., 0., 0., 0.],
        [0., 0., 0., 0., 0., 0., 0., 0., 0., 1.],
        [0., 1., 0., 0., 0., 0., 0., 0., 0., 0.],
        [0., 0., 0., 0., 0., 0., 0., 0., 0., 0.],
        [0., 0., 0., 0., 0., 0., 0., 0., 0., 0.],
        [0., 0., 1., 0., 0., 0., 0., 0., 0., 0.],
        [0., 0., 0., 0., 1., 0., 0., 0., 0., 0.],
        [0., 0., 1., 0., 0., 0., 0., 0., 0., 0.],
        [0., 0., 0., 0., 0., 0., 0., 0., 0., 0.],
        [0., 0., 0., 0., 0., 0., 0., 0., 0., 0.],
        [0., 0., 0., 0., 0., 0., 0., 0., 1., 0.],
        [0., 0., 0., 0., 0., 0., 0., 1., 0., 0.],
        [0., 0., 0., 0., 0., 0., 0., 0., 0., 0.],
        [0., 0., 0., 0., 0., 0., 0., 0., 0., 0.],
        [0., 0., 0., 0., 0., 0., 0., 0., 0., 0.],
        [0., 0., 0., 0., 0., 0., 0., 0., 0., 0.],
        [0., 0., 0., 0., 0., 0., 0., 1., 0., 0.],
        [0., 0., 0., 0., 0., 0., 0., 0., 0., 0.],
        [1., 0., 0., 0., 0., 0., 0., 0., 0., 0.],
        [0., 0., 0., 0., 0., 0., 0., 0., 0., 1.],
        [0., 0., 0., 0., 0., 0., 0., 0., 0., 0.],
        [0., 0., 0., 0., 0., 0., 0., 0., 0., 0.],
        [0., 0., 0., 0., 0., 0., 0., 0., 0., 0.],
        [0., 0., 0., 0., 0., 0., 0., 0., 0., 0.],
        [0., 0., 0., 0., 0., 0., 0., 0., 0., 0.],
        [0., 0., 0., 0., 0., 0., 0., 0., 0., 0.],
        [0., 0., 0., 0., 0., 0., 0., 0., 0., 0.],
        [0., 0., 0., 0., 0., 0., 0., 0., 0., 0.],
        [0., 0., 0., 0., 0., 0., 0., 0., 0., 1.],
        [0., 0., 0., 0., 0., 0., 0., 0., 0., 0.],
        [0., 0., 0., 0., 0., 0., 0., 0., 1., 0.],
        [0., 0., 0., 0., 0., 0., 0., 0., 0., 0.],
        [0., 1., 0., 0., 0., 0., 0., 0., 0., 0.],
        [0., 0., 0., 0., 0., 0., 0., 0., 0., 0.],
        [0., 0., 0., 0., 0., 0., 0., 0., 0., 0.],
        [0., 0., 0., 0., 0., 0., 1., 0., 0., 0.],
        [0., 0., 0., 0., 0., 1., 0., 0., 0., 0.],
        [0., 0., 0., 0., 0., 0., 1., 0., 0., 0.],
        [0., 0., 0., 0., 0., 0., 0., 0., 0., 0.],
        [0., 0., 0., 0., 0., 0., 0., 0., 0., 0.],
        [0., 0., 0., 0., 0., 0., 0., 0., 0., 0.],
        [0., 0., 0., 0., 0., 0., 0., 0., 0., 1.],
        [0., 0., 0., 0., 0., 0., 0., 0., 0., 0.],
        [0., 0., 0., 0., 0., 0., 0., 1., 0., 0.],
        [0., 0., 0., 0., 0., 1., 0., 0., 0., 0.],
        [0., 0., 0., 0., 0., 0., 0., 0., 0., 0.],
        [0., 0., 1., 0., 0., 0., 0., 0., 0., 0.],
        [0., 0., 0., 0., 0., 0., 0., 0., 0., 0.],
        [0., 0., 0., 0., 0., 0., 0., 0., 0., 1.],
        [0., 0., 0., 0., 0., 0., 0., 0., 0., 0.],
        [0., 0., 0., 0., 0., 0., 0., 0., 0., 0.],
        [0., 0., 0., 0., 0., 1., 0., 0., 0., 0.],
        [1., 0., 0., 0., 0., 0., 0., 0., 0., 0.],
        [0., 0., 0., 0., 0., 0., 0., 0., 0., 0.],
        [0., 0., 0., 0., 0., 1., 0., 0., 0., 0.],
        [0., 0., 0., 0., 0., 0., 0., 0., 0., 0.],
        [0., 0., 0., 0., 0., 0., 0., 0., 0., 0.],
        [0., 0., 0., 0., 0., 0., 0., 0., 0., 0.]], device='cuda:0')
Epoch 6 | Batch 900
--- spikes (training) ---
tensor([[  2.,   3., 300.,   0.,   0.,   4.,  19.,   0.,   5.,   2.],
        [  4.,   3., 291.,   9.,   0.,   4.,   5.,   2., 118.,   1.],
        [  3.,   3.,   4.,   4.,   1.,   0.,   3., 297.,   9.,  39.],
        [  3.,   7.,  11., 273.,   2.,  16.,  10.,   2.,   7.,   5.],
        [  6.,   1.,  15.,   0.,   5.,   2., 281.,   0.,   9.,   5.],
        [  1.,  11.,   8.,   0.,   1.,  37., 204.,   0.,  24.,   2.],
        [  1.,   1.,   4.,   0., 121., 102.,   6.,   5.,  14., 288.],
        [  2.,   0.,   5.,   0.,   5., 247.,   4.,   2.,  44.,  38.],
        [  5.,   4.,  78.,  38.,   0.,  47.,  22.,   1., 270.,   6.],
        [312.,   0.,   4.,   0.,   0.,   2.,  12.,   0.,  10.,   3.],
        [  7.,   0.,   5.,   3.,  12.,   3.,   1., 291., 113.,  15.],
        [  5.,   4.,  15.,   2.,   0.,   1.,   3., 285.,  20.,  15.],
        [  9.,  18.,  32., 288.,   0.,  64.,   4.,   1.,   9.,   1.],
        [  4.,   6.,  13.,   0.,   6.,  49.,  10.,   2., 231.,  25.],
        [  3.,   0.,  17.,   3., 226.,   0.,  19.,  38.,   4.,   4.],
        [  1.,   4.,   5.,   3.,  19.,   2.,   4., 287.,  10.,  22.],
        [  0.,   0.,  45.,   0.,  10.,   0., 294.,  11.,   2.,   4.],
        [  1.,   1.,   4.,   0.,   8.,   3.,   6.,  21.,  10., 281.],
        [292.,   0.,  27.,  20.,   0.,   0.,   4.,   5.,   7.,   1.],
        [312.,   0.,   7.,   0.,   0.,   4.,   7.,   0.,  52.,   3.],
        [  0., 279.,  20.,   2.,   0.,   1.,   4.,   4.,   7.,   4.],
        [312.,   0.,   5.,   2.,   0.,   2.,  16.,   2.,   4.,   2.],
        [ 17.,   0.,  16.,   0.,   2.,   0., 307.,   0.,   1.,   5.],
        [  5.,  27.,  31.,   0.,   2.,  42.,  11.,   9., 272.,   6.],
        [  1.,   4.,  39., 295.,   0.,  28.,   5.,   1.,   7.,   2.],
        [  1.,   0.,   6.,   0., 270.,   2.,   9.,  15.,  14.,  65.],
        [  2.,   0.,   5.,   0., 296.,   4.,  14.,   1.,   4.,  52.],
        [ 20.,   0.,   3., 126.,   0., 239.,   5.,   2.,  26.,  14.],
        [  5.,   2.,  29., 286.,   0.,  18.,   1.,   2.,  12.,   4.],
        [  2.,   2., 265.,  16.,   0.,   1.,   6.,   3.,   6.,   3.],
        [ 50.,   0.,  23., 290.,   0.,  13.,   5.,   6.,   4.,   1.],
        [  1.,   1., 287.,   4.,   1.,   6.,  11.,   0.,   6.,   4.],
        [ 29.,   1.,   8.,  12.,   1., 236.,  35.,   0.,   3.,   8.],
        [  3.,   0.,   4.,   1.,  17.,   3.,   4.,  17.,   9., 254.],
        [292.,   0.,  12.,   1.,   0.,   2.,   8.,  49.,   5.,   6.],
        [318.,   0.,   4.,   7.,   0.,   2.,  20.,   0.,   4.,   2.],
        [  2.,   0.,   4.,  40.,   0., 252.,   3.,   5.,  19.,  42.],
        [ 19.,   0.,  36., 281.,   0.,   4.,   6.,   0.,   6.,   1.],
        [  1.,   0.,  44.,   2.,  38.,   0.,  11.,   6.,   3., 252.],
        [  0., 292.,  17.,   1.,   0.,   3.,   3.,   0.,  11.,   2.],
        [  3.,  20.,  36.,   1.,   0.,  15.,  14.,   1., 281.,   3.],
        [  6.,   4.,  23., 238.,   0.,  10.,   8.,   7., 222.,  12.],
        [  0., 224.,   6.,   1.,   0.,  24.,   3.,   0.,  33.,   2.],
        [  3.,   0.,  27.,   0.,  21.,   5., 292.,   0.,   8.,   7.],
        [ 29.,   0.,   4.,   0.,  19.,   0.,   2., 218.,   2.,  36.],
        [  0.,   2.,   6.,   5.,  52.,  73.,   4.,   0.,   6., 282.],
        [  4.,   0.,   5.,   1.,   0.,   1.,   1., 292.,   7.,  39.],
        [  5.,   1., 220.,   1.,   1.,   1.,  42., 104.,   3.,   7.],
        [  7.,   0.,  32.,   0.,  26.,   1.,  13.,   5.,   0., 268.],
        [  2.,   0.,  22.,   0.,  27.,   0., 285.,   0.,   2.,   7.],
        [ 25.,   0.,   6.,  40.,   0., 242.,   2.,   0.,  25.,  12.],
        [315.,   0.,   3.,   4.,   0.,  40.,  18.,   9.,   4.,   3.],
        [  4.,   9.,  40.,   4.,   1.,   0.,   4., 152.,  16.,  19.],
        [ 13.,   2.,  10.,   0.,   1., 230.,  11.,   1.,  21.,  10.],
        [279.,   0.,   6.,  65.,   0.,  82.,   7.,   0.,   9.,   4.],
        [  2.,   0., 301., 118.,   2.,   2.,   9.,   0.,   4.,   5.],
        [  1.,  62.,  23., 209.,   1.,   3.,   2.,   1.,   9.,   4.],
        [  3.,   0.,  31.,   0.,   7.,   0., 296.,  12.,   2.,   3.],
        [  2.,   0.,  11.,   2.,   0.,   3.,   1., 295.,  12.,  21.],
        [  3.,   0., 295.,  13.,   0.,   1.,  10.,  12.,   9.,   4.],
        [  2.,   0.,  10.,   0.,  46.,   1.,   5.,   0.,   3., 287.],
        [ 35.,   0.,  26.,   0.,   2.,   3., 300.,   0.,  34.,   3.],
        [  5.,   1.,   5.,   1.,   1.,   1.,   1., 295.,  11.,  39.],
        [  0.,   1.,   6.,   1.,  19.,   4.,   4.,   1.,   5., 276.]],
       device='cuda:0')
--- spikes (finish interval) ---
tensor([[0., 0., 1., 0., 0., 0., 0., 0., 0., 0.],
        [0., 0., 0., 0., 0., 0., 0., 0., 0., 0.],
        [0., 0., 0., 0., 0., 0., 0., 1., 0., 0.],
        [0., 0., 0., 0., 0., 0., 0., 0., 0., 0.],
        [0., 0., 0., 0., 0., 0., 0., 0., 0., 0.],
        [0., 0., 0., 0., 0., 0., 0., 0., 0., 0.],
        [0., 0., 0., 0., 0., 0., 0., 0., 0., 0.],
        [0., 0., 0., 0., 0., 0., 0., 0., 0., 0.],
        [0., 0., 0., 0., 0., 0., 0., 0., 0., 0.],
        [0., 0., 0., 0., 0., 0., 0., 0., 0., 0.],
        [0., 0., 0., 0., 0., 0., 0., 0., 0., 0.],
        [0., 0., 0., 0., 0., 0., 0., 0., 0., 0.],
        [0., 0., 0., 1., 0., 0., 0., 0., 0., 0.],
        [0., 0., 0., 0., 0., 0., 0., 0., 1., 0.],
        [0., 0., 0., 0., 0., 0., 0., 0., 0., 0.],
        [0., 0., 0., 0., 0., 0., 0., 0., 0., 0.],
        [0., 0., 0., 0., 0., 0., 1., 0., 0., 0.],
        [0., 0., 0., 0., 0., 0., 0., 0., 0., 0.],
        [0., 0., 0., 0., 0., 0., 0., 0., 0., 0.],
        [1., 0., 0., 0., 0., 0., 0., 0., 0., 0.],
        [0., 1., 0., 0., 0., 0., 0., 0., 0., 0.],
        [1., 0., 0., 0., 0., 0., 0., 0., 0., 0.],
        [0., 0., 0., 0., 0., 0., 1., 0., 0., 0.],
        [0., 0., 0., 0., 0., 0., 0., 0., 0., 0.],
        [0., 0., 0., 1., 0., 0., 0., 0., 0., 0.],
        [0., 0., 0., 0., 1., 0., 0., 0., 0., 0.],
        [0., 0., 0., 0., 1., 0., 0., 0., 0., 0.],
        [0., 0., 0., 0., 0., 0., 0., 0., 0., 0.],
        [0., 0., 0., 1., 0., 0., 0., 0., 0., 0.],
        [0., 0., 0., 0., 0., 0., 0., 0., 0., 0.],
        [0., 0., 0., 1., 0., 0., 0., 0., 0., 0.],
        [0., 0., 1., 0., 0., 0., 0., 0., 0., 0.],
        [0., 0., 0., 0., 0., 0., 0., 0., 0., 0.],
        [0., 0., 0., 0., 0., 0., 0., 0., 0., 0.],
        [1., 0., 0., 0., 0., 0., 0., 0., 0., 0.],
        [1., 0., 0., 0., 0., 0., 0., 0., 0., 0.],
        [0., 0., 0., 0., 0., 1., 0., 0., 0., 0.],
        [0., 0., 0., 1., 0., 0., 0., 0., 0., 0.],
        [0., 0., 0., 0., 0., 0., 0., 0., 0., 1.],
        [0., 0., 0., 0., 0., 0., 0., 0., 0., 0.],
        [0., 0., 0., 0., 0., 0., 0., 0., 1., 0.],
        [0., 0., 0., 0., 0., 0., 0., 0., 1., 0.],
        [0., 0., 0., 0., 0., 0., 0., 0., 0., 0.],
        [0., 0., 0., 0., 0., 0., 1., 0., 0., 0.],
        [0., 0., 0., 0., 0., 0., 0., 0., 0., 0.],
        [0., 0., 0., 0., 0., 1., 0., 0., 0., 0.],
        [0., 0., 0., 0., 0., 0., 0., 0., 0., 0.],
        [0., 0., 0., 0., 0., 0., 0., 0., 0., 0.],
        [0., 0., 0., 0., 0., 0., 0., 0., 0., 0.],
        [0., 0., 0., 0., 0., 0., 1., 0., 0., 0.],
        [0., 0., 0., 0., 0., 1., 0., 0., 0., 0.],
        [0., 0., 0., 0., 0., 0., 0., 0., 0., 0.],
        [0., 0., 0., 0., 0., 0., 0., 0., 0., 0.],
        [0., 0., 0., 0., 0., 1., 0., 0., 0., 0.],
        [0., 0., 0., 0., 0., 0., 0., 0., 0., 0.],
        [0., 0., 0., 0., 0., 0., 0., 0., 0., 0.],
        [0., 0., 0., 1., 0., 0., 0., 0., 0., 0.],
        [0., 0., 0., 0., 0., 0., 0., 0., 0., 0.],
        [0., 0., 0., 0., 0., 0., 0., 0., 0., 0.],
        [0., 0., 0., 0., 0., 0., 0., 0., 0., 0.],
        [0., 0., 0., 0., 0., 0., 0., 0., 0., 1.],
        [0., 0., 0., 0., 0., 0., 0., 0., 0., 0.],
        [0., 0., 0., 0., 0., 0., 0., 0., 0., 0.],
        [0., 0., 0., 0., 0., 0., 0., 0., 0., 1.]], device='cuda:0')
Switching label layer to Inference Mode (LIF)...
Epoch 6 DONE | Test Acc: 76.30% | Time: 1074.5s
Switching label layer back to Training Mode (Clamp)...
Epoch 7 | Batch 0
--- spikes (training) ---
tensor([[  5.,  25.,  11.,   6.,   3.,   0.,  15.,   0., 237.,   5.],
        [  5.,   6., 284.,   4.,   3.,   0.,   8.,   0.,   3.,   3.],
        [ 30.,  11.,   0.,   3.,  19., 260.,  14.,   0.,   4.,   4.],
        [  4.,  50.,   0., 263.,   2.,   0.,   1.,   0.,   5.,   3.],
        [ 40.,  11.,   0.,   0.,   7., 263.,  14.,   0.,   6.,   4.],
        [  4.,  18.,   0.,   7.,   2.,   0.,   3.,  13.,  17., 245.],
        [313.,   8.,   0.,   6.,   0.,   7.,   0.,   0.,   0.,   2.],
        [  0., 305.,   2.,   5.,   0.,   0.,   6.,   0.,   6.,   1.],
        [ 18.,   7.,  10.,   0.,   5.,   1., 302.,   0.,   9.,   1.],
        [  2.,   1.,   0.,   0.,  46.,   0., 158.,   3.,   0.,   0.],
        [  7.,  37.,   7.,  10.,   7.,   0.,   7.,  20., 273.,  20.],
        [  5.,  10.,   1.,   0.,  11.,   1.,   4., 102.,  10., 248.],
        [165.,   8.,   0.,   4.,   2.,  10.,   8.,   1.,  28.,  19.],
        [  1., 299.,   2.,   5.,   0.,   0.,   2.,   0.,   6.,   4.],
        [ 10.,   7.,   1.,   6.,  64.,   0.,   2., 252.,   4.,  30.],
        [ 28.,  40., 252.,   1.,   0.,   0.,   1.,   0.,   8.,  37.],
        [  2.,  12., 292.,   9.,   0.,   0.,   7.,   0.,   5.,   0.],
        [ 13.,   5.,   0.,  12.,   4.,  27.,   2.,   4.,   7., 266.],
        [  0., 281.,   1.,   3.,   0.,   0.,   1.,   0.,   2.,   1.],
        [  2.,  20.,   2.,   5.,   4.,   0.,   4., 284.,   2.,  29.],
        [  6.,   5.,   0.,   4.,   3.,   5.,   2.,   8.,   8., 243.],
        [ 14.,   5.,   0., 288.,   3.,  12.,   2.,   0.,   3.,  18.],
        [ 10.,  22.,   5.,   8.,   3.,   0.,   4.,   2., 262.,   8.],
        [ 18.,  16.,   1.,   7.,  10.,  12.,  12.,   0., 232.,  18.],
        [  6.,  11.,   0.,   1.,  36.,   0.,   3.,   8.,   6., 271.],
        [  0., 287.,   1.,   4.,   0.,   0.,   2.,   0.,   7.,   3.],
        [  0., 281.,   1.,   3.,   0.,   0.,   1.,   0.,   5.,   1.],
        [  3.,  32.,   0., 262.,   2.,   0.,   2.,   0.,   5.,   2.],
        [163.,   3.,   0.,   0.,   6.,  90.,  11.,  13.,   2.,   0.],
        [  5.,  87.,   2.,   5., 211.,   0.,  19.,   0.,   3.,   7.],
        [  2.,  10.,   0.,  10., 260.,   2.,   3.,   2.,  98.,  10.],
        [  9.,  12.,   9.,   1.,  61.,   0., 176.,   0.,  10.,  11.],
        [315.,   5.,   0.,   1.,   0.,   4.,   9.,   0.,   2.,   0.],
        [  5.,  30.,   7.,   0., 266.,   0.,  15.,   0.,   2.,   1.],
        [ 48.,   8.,   0.,   1.,  29., 219.,   5.,   0., 170.,  18.],
        [ 38.,   6.,   4.,   0.,   8.,   0., 294.,   0.,   2.,   2.],
        [ 22.,   7.,   2., 118.,   3.,   0.,  60.,   0.,   0.,   0.],
        [ 23.,   6.,   6.,   0.,   3.,   0., 292.,   0.,   1.,   1.],
        [  8.,   4., 160.,   0.,   3.,   7.,  62.,   3.,  25.,   1.],
        [ 38.,   8.,   8.,   0.,   8.,   0., 289.,   0.,  34.,   2.],
        [  6.,  33.,  46.,  15.,   1.,   0.,  14.,  13., 196.,   5.],
        [  4.,  33.,   4.,  10.,   4.,   0.,   5.,   2., 278.,   6.],
        [  0., 288.,   1.,   3.,   0.,   0.,   2.,   0.,   2.,   2.],
        [ 11.,   4.,   0.,  11.,  18.,   4.,   5., 132.,   7., 253.],
        [  6.,   8.,   0.,   4., 247.,   1.,   4.,   0.,  42.,  83.],
        [  9.,  15.,   0., 289.,   0.,   6.,   2.,   1.,   3.,   1.],
        [305.,   3.,   0.,   2.,   0.,   0.,   6.,   2.,   2.,   2.],
        [  3.,  10.,   3.,  24., 242.,   0.,  15.,   0.,   1.,  44.],
        [  5.,   9.,   1.,   1.,  27.,   0.,   5.,   0.,  10., 247.],
        [ 37.,   9.,  10.,   0.,  15.,   0., 301.,   0.,   4.,   2.],
        [314.,   7.,   0.,   5.,   0.,   6.,   1.,   0.,   0.,   0.],
        [ 11.,   6.,   1.,   2., 283.,  30.,  26.,   0.,   5.,   7.],
        [  0., 294.,   1.,   4.,   0.,   0.,   3.,   2.,   4.,   2.],
        [  7.,  25.,   4., 257.,   5.,   0.,   7.,   6.,  29.,   3.],
        [ 23.,   7.,   0.,   0.,  12.,   0., 298.,   0.,   2.,   2.],
        [  3.,  24.,   3., 281.,   7.,   0.,   3.,   0.,  11.,  12.],
        [  4.,  17.,   0.,  61.,   1., 101.,   7.,   0.,   4.,  37.],
        [315.,   5.,   0.,   3.,   0.,   1.,   3.,   0.,   3.,   0.],
        [309.,   8.,   0.,   4.,   0.,  47.,   5.,   0.,  25.,   2.],
        [  1.,   5.,   2.,   2., 259.,   0.,   5.,   0.,   2.,   6.],
        [ 10.,   3.,   0.,   1.,  28.,  82.,   1., 249.,   3.,   6.],
        [  0., 297.,   5.,   3.,   0.,   0.,   3.,   0.,  18.,   0.],
        [  3.,  11.,  32.,   0.,  25., 138.,   9.,   0.,  44.,   1.],
        [  1.,  83.,  43.,   0.,   7., 145.,   3.,   0.,   3.,   4.]],
       device='cuda:0')
--- spikes (finish interval) ---
tensor([[0., 0., 0., 0., 0., 0., 0., 0., 1., 0.],
        [0., 0., 1., 0., 0., 0., 0., 0., 0., 0.],
        [0., 0., 0., 0., 0., 1., 0., 0., 0., 0.],
        [0., 0., 0., 0., 0., 0., 0., 0., 0., 0.],
        [0., 0., 0., 0., 0., 0., 0., 0., 0., 0.],
        [0., 0., 0., 0., 0., 0., 0., 0., 0., 0.],
        [1., 0., 0., 0., 0., 0., 0., 0., 0., 0.],
        [0., 1., 0., 0., 0., 0., 0., 0., 0., 0.],
        [0., 0., 0., 0., 0., 0., 0., 0., 0., 0.],
        [0., 0., 0., 0., 0., 0., 0., 0., 0., 0.],
        [0., 0., 0., 0., 0., 0., 0., 0., 0., 0.],
        [0., 0., 0., 0., 0., 0., 0., 0., 0., 0.],
        [0., 0., 0., 0., 0., 0., 0., 0., 0., 0.],
        [0., 1., 0., 0., 0., 0., 0., 0., 0., 0.],
        [0., 0., 0., 0., 0., 0., 0., 1., 0., 0.],
        [0., 0., 1., 0., 0., 0., 0., 0., 0., 0.],
        [0., 0., 0., 0., 0., 0., 0., 0., 0., 0.],
        [0., 0., 0., 0., 0., 0., 0., 0., 0., 0.],
        [0., 1., 0., 0., 0., 0., 0., 0., 0., 0.],
        [0., 0., 0., 0., 0., 0., 0., 0., 0., 0.],
        [0., 0., 0., 0., 0., 0., 0., 0., 0., 0.],
        [0., 0., 0., 1., 0., 0., 0., 0., 0., 0.],
        [0., 0., 0., 0., 0., 0., 0., 0., 1., 0.],
        [0., 0., 0., 0., 0., 0., 0., 0., 1., 0.],
        [0., 0., 0., 0., 0., 0., 0., 0., 0., 1.],
        [0., 0., 0., 0., 0., 0., 0., 0., 0., 0.],
        [0., 1., 0., 0., 0., 0., 0., 0., 0., 0.],
        [0., 0., 0., 0., 0., 0., 0., 0., 0., 0.],
        [0., 0., 0., 0., 0., 0., 0., 0., 0., 0.],
        [0., 0., 0., 0., 0., 0., 0., 0., 0., 0.],
        [0., 0., 0., 0., 0., 0., 0., 0., 0., 0.],
        [0., 0., 0., 0., 0., 0., 0., 0., 0., 0.],
        [1., 0., 0., 0., 0., 0., 0., 0., 0., 0.],
        [0., 0., 0., 0., 1., 0., 0., 0., 0., 0.],
        [0., 0., 0., 0., 0., 1., 0., 0., 0., 0.],
        [0., 0., 0., 0., 0., 0., 1., 0., 0., 0.],
        [0., 0., 0., 0., 0., 0., 0., 0., 0., 0.],
        [0., 0., 0., 0., 0., 0., 0., 0., 0., 0.],
        [0., 0., 1., 0., 0., 0., 0., 0., 0., 0.],
        [0., 0., 0., 0., 0., 0., 1., 0., 0., 0.],
        [0., 0., 0., 0., 0., 0., 0., 0., 0., 0.],
        [0., 0., 0., 0., 0., 0., 0., 0., 0., 0.],
        [0., 0., 0., 0., 0., 0., 0., 0., 0., 0.],
        [0., 0., 0., 0., 0., 0., 0., 0., 0., 1.],
        [0., 0., 0., 0., 1., 0., 0., 0., 0., 0.],
        [0., 0., 0., 1., 0., 0., 0., 0., 0., 0.],
        [0., 0., 0., 0., 0., 0., 0., 0., 0., 0.],
        [0., 0., 0., 0., 0., 0., 0., 0., 0., 0.],
        [0., 0., 0., 0., 0., 0., 0., 0., 0., 0.],
        [0., 0., 0., 0., 0., 0., 1., 0., 0., 0.],
        [0., 0., 0., 0., 0., 0., 0., 0., 0., 0.],
        [0., 0., 0., 0., 1., 0., 0., 0., 0., 0.],
        [0., 1., 0., 0., 0., 0., 0., 0., 0., 0.],
        [0., 0., 0., 0., 0., 0., 0., 0., 0., 0.],
        [0., 0., 0., 0., 0., 0., 1., 0., 0., 0.],
        [0., 0., 0., 1., 0., 0., 0., 0., 0., 0.],
        [0., 0., 0., 0., 0., 1., 0., 0., 0., 0.],
        [0., 0., 0., 0., 0., 0., 0., 0., 0., 0.],
        [1., 0., 0., 0., 0., 0., 0., 0., 0., 0.],
        [0., 0., 0., 0., 1., 0., 0., 0., 0., 0.],
        [0., 0., 0., 0., 0., 0., 0., 1., 0., 0.],
        [0., 0., 0., 0., 0., 0., 0., 0., 0., 0.],
        [0., 0., 0., 0., 0., 0., 0., 0., 0., 0.],
        [0., 0., 0., 0., 0., 0., 0., 0., 0., 0.]], device='cuda:0')
Epoch 7 | Batch 100
--- spikes (training) ---
tensor([[  0.,   6.,   1.,   2., 256.,   7.,  26.,  19.,   9.,  17.],
        [297.,   0.,   0.,   7.,   3.,  18.,   4.,   5.,   8.,   2.],
        [  0.,   2.,   6.,   3.,  64.,   7.,   1.,  20.,   4., 261.],
        [  0.,   1.,   1.,   1., 232.,   7.,   2.,   3.,   2.,   5.],
        [292.,   0.,   0.,   4.,   1.,   7.,   8.,   1.,   9.,   3.],
        [  0.,   0., 316.,   8.,   6.,   0.,  17.,   0.,   3.,   3.],
        [  0., 262.,   4.,   5.,   1.,   8.,  15.,  12.,   8.,   4.],
        [  2.,  12.,  31.,   1.,   3.,   1.,   3.,   2., 275.,   6.],
        [  0.,   2.,   8.,   0.,  48.,   4.,   6.,   4.,   4., 285.],
        [  0.,   3.,   1.,   2.,   3.,   2.,   3., 279.,   2.,  22.],
        [  0.,   1., 300.,   7.,   1.,   2.,   8.,   1.,   4.,  14.],
        [302.,   2.,   2.,   9.,   1.,  11.,   5.,   2.,  10.,   6.],
        [  0.,  15.,  15.,   3.,   2.,   2., 270.,   2.,  16.,   4.],
        [  0.,   5.,   4.,   2., 265.,   3.,  44.,  23.,  56.,  48.],
        [  4.,   2.,  17.,   0.,  17.,   3., 303.,   2.,   5.,  46.],
        [  0.,   0., 303.,   6.,   2.,   1.,  15.,   1.,   8.,  18.],
        [  0.,  15.,   2.,   1.,   4.,   3., 246.,   3.,   8.,   2.],
        [  0.,   5.,   2.,   3.,   3.,   0.,   5., 271.,   3.,   5.],
        [  0.,   4., 277.,   2.,   3.,   1.,  16.,   1.,  14.,   5.],
        [  0.,   3.,   0.,  72.,   3.,  92.,  21.,   9.,  13., 268.],
        [299.,   0.,   3.,   0.,   0.,   2.,  10.,   9.,  12.,   9.],
        [312.,   0.,   3.,   1.,   2.,   6.,   4.,  11.,   7.,   4.],
        [  0.,  54.,   0.,   3., 149.,   4.,   5.,   5.,   3.,   3.],
        [  0.,   3.,  11.,  88.,   5.,   4.,   2., 281.,   2.,  27.],
        [193.,   2.,   4.,   7.,   4.,   4.,   8.,  73.,  10.,   9.],
        [  0.,  15., 290.,  20.,   0.,   6.,   4.,   1.,   7.,   1.],
        [  0.,  11.,   5.,   6.,   1.,   1.,   3., 287.,   4.,  19.],
        [  0.,  14.,   2.,   0., 261.,   3.,  18.,  17.,   6.,  39.],
        [  0.,  24.,   3.,   3.,   5.,   9., 254.,   1.,  58.,   2.],
        [  0., 153.,  38.,   4.,   1.,   1.,   7.,   4.,  26.,   3.],
        [  1.,   2.,   1.,   2.,  23.,  15.,   2., 235.,   2.,  45.],
        [  0.,   2., 190.,  12.,   6.,   4.,  17.,   0.,  26.,   5.],
        [  0.,  26.,  10.,   2.,   2.,   0.,   9.,  12., 260.,   9.],
        [  0.,   6.,  13.,   5.,   3.,   0.,  10.,   2., 288.,   4.],
        [  0.,   3.,   3.,   1., 264.,   6.,   8.,  11.,   3.,  14.],
        [ 10.,   1.,   0.,   1.,   4.,   4.,   1., 270.,   3.,   7.],
        [  0.,  24.,  13.,   7.,   1.,   3.,   5.,   5., 276.,   6.],
        [  0.,  17.,  11.,   6.,  50.,   1.,   7.,   3., 282.,   5.],
        [  0.,   6.,  10.,  33.,  28.,   0.,   6., 245.,   8.,  43.],
        [ 46.,   2., 238.,   0.,  20.,   4.,  16.,   0.,   8.,   5.],
        [309.,   0.,   1.,   3.,   0.,  31.,   7.,   4.,  20.,   3.],
        [  0.,   5.,   0., 273.,   2.,  18.,   6.,   2.,  11.,   2.],
        [  5.,  41.,  29.,   5.,   2.,   0.,   7.,   7., 261.,   8.],
        [  1.,   8., 279.,   6.,   4.,   1.,   8.,   3.,  10.,   4.],
        [  5.,   5.,   6.,   8.,   0., 236.,  10.,   2.,  16.,   4.],
        [  0.,   6., 287.,   6.,   0.,   0.,  12.,   2.,  10.,   5.],
        [  0., 267.,   3.,   3.,   1.,   4.,  10.,   5.,   6.,   3.],
        [259.,   0.,   4.,  12.,   1.,  13.,  13.,   3.,  28.,   5.],
        [  0.,   2.,   5., 289.,   4.,   5.,   0.,   1.,  56.,   1.],
        [  0.,   3.,   0.,   0.,  23.,   4.,  13.,  38.,   3., 276.],
        [303.,   0.,   0.,   1.,   3.,  50.,   6.,   1.,   7.,   1.],
        [  0.,  80.,  28.,   7.,   2.,   1.,  12.,   5., 254.,   7.],
        [  0.,  12.,   4.,   2., 147.,   5.,  12.,  28.,  36.,   7.],
        [  0.,   6.,   4., 144.,   3.,  32.,  19.,  13.,  11.,   3.],
        [  0.,   2.,   4.,   8.,   2.,   2.,   1., 270.,   1.,  30.],
        [  2.,   6.,   1., 292.,   2.,  16.,   5.,   2.,  27.,   3.],
        [297.,   0.,   0.,  21.,   1.,  22.,   5.,   6.,  10.,   4.],
        [ 72.,   2.,   0.,   9.,   1., 261.,  12.,   0.,  25.,   3.],
        [  0., 255.,   3.,   4.,   1.,   5.,  11.,   5.,   8.,   3.],
        [  0., 216.,   9.,   2.,   1.,   0.,   3.,   6.,   9.,   1.],
        [  0.,   0.,   1.,   0., 249.,  37.,   6.,   1.,   2.,  11.],
        [ 20.,   3.,   3.,   0.,   3., 276.,  10.,   1.,  15.,   5.],
        [  1.,   6.,   4.,   1.,  18.,   3., 274.,   2.,   9.,   3.],
        [  0., 165.,   4.,   2.,   0.,   1.,   1.,   3.,  33.,   1.]],
       device='cuda:0')
--- spikes (finish interval) ---
tensor([[0., 0., 0., 0., 0., 0., 0., 0., 0., 0.],
        [0., 0., 0., 0., 0., 0., 0., 0., 0., 0.],
        [0., 0., 0., 0., 0., 0., 0., 0., 0., 1.],
        [0., 0., 0., 0., 0., 0., 0., 0., 0., 0.],
        [0., 0., 0., 0., 0., 0., 0., 0., 0., 0.],
        [0., 0., 0., 0., 0., 0., 0., 0., 0., 0.],
        [0., 1., 0., 0., 0., 0., 0., 0., 0., 0.],
        [0., 0., 0., 0., 0., 0., 0., 0., 0., 0.],
        [0., 0., 0., 0., 0., 0., 0., 0., 0., 0.],
        [0., 0., 0., 0., 0., 0., 0., 0., 0., 0.],
        [0., 0., 1., 0., 0., 0., 0., 0., 0., 0.],
        [1., 0., 0., 0., 0., 0., 0., 0., 0., 0.],
        [0., 0., 0., 0., 0., 0., 1., 0., 0., 0.],
        [0., 0., 0., 0., 1., 0., 0., 0., 0., 0.],
        [0., 0., 0., 0., 0., 0., 1., 0., 0., 0.],
        [0., 0., 1., 0., 0., 0., 0., 0., 0., 0.],
        [0., 0., 0., 0., 0., 0., 1., 0., 0., 0.],
        [0., 0., 0., 0., 0., 0., 0., 1., 0., 0.],
        [0., 0., 1., 0., 0., 0., 0., 0., 0., 0.],
        [0., 0., 0., 0., 0., 0., 0., 0., 0., 1.],
        [0., 0., 0., 0., 0., 0., 0., 0., 0., 0.],
        [0., 0., 0., 0., 0., 0., 0., 0., 0., 0.],
        [0., 0., 0., 0., 1., 0., 0., 0., 0., 0.],
        [0., 0., 0., 0., 0., 0., 0., 1., 0., 0.],
        [1., 0., 0., 0., 0., 0., 0., 0., 0., 0.],
        [0., 0., 0., 0., 0., 0., 0., 0., 0., 0.],
        [0., 0., 0., 0., 0., 0., 0., 1., 0., 0.],
        [0., 0., 0., 0., 0., 0., 0., 0., 0., 0.],
        [0., 0., 0., 0., 0., 0., 1., 0., 0., 0.],
        [0., 0., 0., 0., 0., 0., 0., 0., 0., 0.],
        [0., 0., 0., 0., 0., 0., 0., 1., 0., 0.],
        [0., 0., 1., 0., 0., 0., 0., 0., 0., 0.],
        [0., 0., 0., 0., 0., 0., 0., 0., 0., 0.],
        [0., 0., 0., 0., 0., 0., 0., 0., 0., 0.],
        [0., 0., 0., 0., 1., 0., 0., 0., 0., 0.],
        [0., 0., 0., 0., 0., 0., 0., 1., 0., 0.],
        [0., 0., 0., 0., 0., 0., 0., 0., 1., 0.],
        [0., 0., 0., 0., 1., 0., 0., 0., 0., 0.],
        [0., 0., 0., 0., 0., 0., 0., 0., 0., 0.],
        [0., 0., 0., 0., 0., 0., 0., 0., 0., 0.],
        [1., 0., 0., 0., 0., 0., 0., 0., 0., 0.],
        [0., 0., 0., 1., 0., 0., 0., 0., 0., 0.],
        [0., 0., 0., 0., 0., 0., 0., 0., 1., 0.],
        [0., 0., 0., 0., 0., 0., 0., 0., 0., 0.],
        [0., 0., 0., 0., 0., 0., 0., 0., 0., 0.],
        [0., 0., 1., 0., 0., 0., 0., 0., 0., 0.],
        [0., 0., 0., 0., 0., 0., 0., 0., 0., 0.],
        [0., 0., 0., 0., 0., 0., 0., 0., 0., 0.],
        [0., 0., 0., 1., 0., 0., 0., 0., 0., 0.],
        [0., 0., 0., 0., 0., 0., 0., 0., 0., 1.],
        [1., 0., 0., 0., 0., 0., 0., 0., 0., 0.],
        [0., 0., 0., 0., 0., 0., 0., 0., 0., 0.],
        [0., 0., 0., 0., 0., 0., 0., 0., 0., 0.],
        [0., 0., 0., 0., 0., 0., 0., 0., 0., 0.],
        [0., 0., 0., 0., 0., 0., 0., 1., 0., 0.],
        [0., 0., 0., 0., 0., 0., 0., 0., 0., 0.],
        [1., 0., 0., 0., 0., 0., 0., 0., 0., 0.],
        [0., 0., 0., 0., 0., 0., 0., 0., 0., 0.],
        [0., 0., 0., 0., 0., 0., 0., 0., 0., 0.],
        [0., 0., 0., 0., 0., 0., 0., 0., 0., 0.],
        [0., 0., 0., 0., 1., 0., 0., 0., 0., 0.],
        [0., 0., 0., 0., 0., 0., 0., 0., 0., 0.],
        [0., 0., 0., 0., 0., 0., 1., 0., 0., 0.],
        [0., 0., 0., 0., 0., 0., 0., 0., 0., 0.]], device='cuda:0')
Epoch 7 | Batch 200
--- spikes (training) ---
tensor([[  0.,   8.,   4.,   7.,   2.,  10.,   2., 238.,   0.,  77.],
        [  0.,   4.,   4.,   6.,   2.,   8.,   1., 298.,   2.,  37.],
        [  0.,   7.,   6.,   4.,  34.,  16.,   6.,  53.,   3., 271.],
        [  0.,  15.,  31.,  21.,   4.,  41.,   9.,   3., 272.,   0.],
        [  0.,   7.,   4.,   4.,  14.,   9.,   6.,  10.,  41., 246.],
        [  0.,  11.,   9.,  19.,   8.,  14.,   5.,  18., 277.,  44.],
        [  0.,  32.,   5.,   5.,   4.,  12.,   6.,  31.,   5., 245.],
        [  0., 275.,   9.,   6.,   1.,   4.,   3.,   3.,  21.,   2.],
        [  1.,   1.,  34.,   3.,   3.,   3., 301.,   0.,   0.,   1.],
        [  0.,  12.,   0., 290.,   1.,  16.,   2.,  18.,   5.,   1.],
        [  0.,   5.,  44., 108.,   6.,  10.,   7.,   0., 155.,  43.],
        [  0.,  13.,   3.,   7.,   6.,  12.,   3., 139.,   4., 262.],
        [  0., 290.,   6.,   9.,   0.,   5.,   5.,  10.,   2.,   4.],
        [  0.,   6.,  64.,  52.,   3.,  13.,   3.,   6., 110.,   1.],
        [  0.,  13., 304.,  56.,   0.,   2.,   6.,   0.,   2.,   0.],
        [  0.,  27.,   5.,   6., 243.,  76.,  12.,   2.,   7.,  36.],
        [  0.,   6.,   3.,   7., 238.,  10.,   2.,  10.,   3.,  70.],
        [  0.,  14.,   4.,  23.,   4.,  73.,   4.,   0., 287.,   1.],
        [  0.,  20.,   8.,   7.,   2.,  21.,  23.,   3., 259.,  10.],
        [268.,   3.,  30.,   5.,   0.,  11.,   1.,   2.,   8.,   0.],
        [  0.,  11.,  50., 256.,   0.,   3.,  27.,   0.,  15.,   0.],
        [ 10.,   6., 144.,   2.,   2.,  10.,   4.,  15.,   3.,   1.],
        [270.,   4.,  41.,   3.,   2.,   4.,   8.,   0.,   2.,   0.],
        [  0., 256.,   4.,   9.,   0.,   3.,   4.,   6.,   1.,   2.],
        [  0.,  11.,  33.,   1.,   6.,   4., 314.,   0.,  31.,  27.],
        [  0.,  13.,   3.,   4., 206.,  54.,   2.,   5.,   2.,  28.],
        [  0.,   5., 251.,   3.,   0.,   5.,  18.,  62.,   4.,   3.],
        [  0., 269.,   3.,   6.,   0.,   3.,   2.,   2.,   6.,   1.],
        [  0.,  17.,   9.,   3.,   1., 185.,   4.,   1.,  42.,   3.],
        [  0.,  10.,  15.,  10.,   0.,   7., 298.,   0.,   0.,   1.],
        [  0.,   9.,   3.,   6., 242.,  19.,   4.,  30.,   5., 110.],
        [  0.,  26.,   7., 117.,   3.,  25.,   6.,   2., 238.,   0.],
        [  0., 284.,  12.,  12.,   4.,   6.,   5.,   6.,  36.,   4.],
        [  0.,   6.,   9.,  12.,   0.,   5., 299.,   0.,   2.,  28.],
        [  0.,   4.,  44.,   1.,   4.,  59., 247.,   0.,   0.,   0.],
        [  0.,  20.,   9.,   6.,  19.,  16.,   7.,   6.,   7., 249.],
        [  0.,   4.,  59.,  62.,   0., 181.,   3.,   0.,  30.,   0.],
        [  0.,  20., 165.,  39.,   0.,  14.,   2.,   3.,  53.,   0.],
        [  0.,  12.,   6.,   4.,   9.,  21.,  11.,   6.,   6., 269.],
        [  0.,   6.,  13.,   7.,   0.,  12., 291.,   0.,   0.,   1.],
        [258.,   3.,  27.,   1.,   2.,   4.,  14.,   0.,   1.,   2.],
        [  0.,  14.,   6., 299.,   1.,   9.,   3.,   0.,   1.,   0.],
        [  0.,   3.,  11.,   7.,  95.,   5.,   1.,  80.,   4., 245.],
        [  0.,  30.,  10.,  11.,   2.,   8.,  11.,   1., 249.,   3.],
        [  0.,   4.,   1.,  10.,   3.,   6.,   0., 294.,   2.,  17.],
        [  0., 262.,   2.,   6.,   0.,   4.,   3.,   1.,   1.,   1.],
        [  0.,  14.,   3.,  12.,   7.,  10.,   4.,   3.,  57., 213.],
        [  0.,   9., 149., 246.,   1.,   5.,  78.,  39.,   1.,   1.],
        [  0.,   3.,  33.,   4.,   3.,   3., 287.,   3.,   0.,   2.],
        [  0.,  12.,  12.,  48.,   5.,  13.,  22.,   0., 240.,   0.],
        [  5.,   5.,  24.,   3.,  31.,   8.,  18.,   0.,   2., 141.],
        [  0., 295.,   6.,  15.,   0.,   7.,   6.,   3.,   2.,   5.],
        [  0.,   8.,   8.,   5.,  16.,  20.,   5.,  15.,   4., 183.],
        [  0., 164.,   9.,  24.,   2.,   7.,  11.,   2.,  75.,   4.],
        [  0.,  15.,   8., 226.,   1.,   0.,   1.,   3.,   2.,  26.],
        [  0., 293.,   6.,  15.,   0.,   8.,   6.,   3.,   3.,   5.],
        [  0.,  15.,  54.,   4.,   2., 154.,   6.,   0.,   5.,  35.],
        [  0., 157.,  10., 250.,   1.,   7.,   5.,   3.,  14.,   2.],
        [  0.,   5., 285.,  85.,   0.,   5.,  10.,   0.,   0.,   0.],
        [  0.,  14.,   5.,   7., 221.,   9.,  14.,   5.,  12., 180.],
        [  0.,  20.,   4., 280.,   0.,  10.,   6.,   1.,   7.,   0.],
        [  0.,   6.,   4.,   4.,   4.,   4.,   0., 303.,   4.,  19.],
        [  0.,   9.,   9.,  68., 192.,  10.,   2.,   3.,   6.,  23.],
        [  0.,   2.,  24.,   5.,  12.,   2., 274.,  21.,   0.,   3.]],
       device='cuda:0')
--- spikes (finish interval) ---
tensor([[0., 0., 0., 0., 0., 0., 0., 1., 0., 0.],
        [0., 0., 0., 0., 0., 0., 0., 1., 0., 0.],
        [0., 0., 0., 0., 0., 0., 0., 0., 0., 0.],
        [0., 0., 0., 0., 0., 0., 0., 0., 0., 0.],
        [0., 0., 0., 0., 0., 0., 0., 0., 0., 0.],
        [0., 0., 0., 0., 0., 0., 0., 0., 1., 0.],
        [0., 0., 0., 0., 0., 0., 0., 0., 0., 1.],
        [0., 1., 0., 0., 0., 0., 0., 0., 0., 0.],
        [0., 0., 0., 0., 0., 0., 0., 0., 0., 0.],
        [0., 0., 0., 0., 0., 0., 0., 0., 0., 0.],
        [0., 0., 0., 0., 0., 0., 0., 0., 0., 0.],
        [0., 0., 0., 0., 0., 0., 0., 0., 0., 1.],
        [0., 1., 0., 0., 0., 0., 0., 0., 0., 0.],
        [0., 0., 0., 0., 0., 0., 0., 0., 0., 0.],
        [0., 0., 1., 0., 0., 0., 0., 0., 0., 0.],
        [0., 0., 0., 0., 0., 0., 0., 0., 0., 0.],
        [0., 0., 0., 0., 1., 0., 0., 0., 0., 0.],
        [0., 0., 0., 0., 0., 0., 0., 0., 1., 0.],
        [0., 0., 0., 0., 0., 0., 0., 0., 1., 0.],
        [0., 0., 0., 0., 0., 0., 0., 0., 0., 0.],
        [0., 0., 0., 1., 0., 0., 0., 0., 0., 0.],
        [0., 0., 0., 0., 0., 0., 0., 0., 0., 0.],
        [0., 0., 0., 0., 0., 0., 0., 0., 0., 0.],
        [0., 0., 0., 0., 0., 0., 0., 0., 0., 0.],
        [0., 0., 0., 0., 0., 0., 0., 0., 0., 0.],
        [0., 0., 0., 0., 0., 0., 0., 0., 0., 0.],
        [0., 0., 0., 0., 0., 0., 0., 0., 0., 0.],
        [0., 1., 0., 0., 0., 0., 0., 0., 0., 0.],
        [0., 0., 0., 0., 0., 0., 0., 0., 0., 0.],
        [0., 0., 0., 0., 0., 0., 0., 0., 0., 0.],
        [0., 0., 0., 0., 1., 0., 0., 0., 0., 0.],
        [0., 0., 0., 0., 0., 0., 0., 0., 0., 0.],
        [0., 0., 0., 0., 0., 0., 0., 0., 0., 0.],
        [0., 0., 0., 0., 0., 0., 1., 0., 0., 0.],
        [0., 0., 0., 0., 0., 0., 0., 0., 0., 0.],
        [0., 0., 0., 0., 0., 0., 0., 0., 0., 1.],
        [0., 0., 0., 0., 0., 0., 0., 0., 0., 0.],
        [0., 0., 0., 0., 0., 0., 0., 0., 0., 0.],
        [0., 0., 0., 0., 0., 0., 0., 0., 0., 0.],
        [0., 0., 0., 0., 0., 0., 0., 0., 0., 0.],
        [0., 0., 0., 0., 0., 0., 0., 0., 0., 0.],
        [0., 0., 0., 1., 0., 0., 0., 0., 0., 0.],
        [0., 0., 0., 0., 1., 0., 0., 0., 0., 0.],
        [0., 0., 0., 0., 0., 0., 0., 0., 1., 0.],
        [0., 0., 0., 0., 0., 0., 0., 1., 0., 0.],
        [0., 0., 0., 0., 0., 0., 0., 0., 0., 0.],
        [0., 0., 0., 0., 0., 0., 0., 0., 0., 0.],
        [0., 0., 0., 1., 0., 0., 0., 0., 0., 0.],
        [0., 0., 0., 0., 0., 0., 0., 0., 0., 0.],
        [0., 0., 0., 0., 0., 0., 0., 0., 1., 0.],
        [0., 0., 0., 0., 0., 0., 0., 0., 0., 0.],
        [0., 0., 0., 0., 0., 0., 0., 0., 0., 0.],
        [0., 0., 0., 0., 0., 0., 0., 0., 0., 1.],
        [0., 0., 0., 0., 0., 0., 0., 0., 0., 0.],
        [0., 0., 0., 0., 0., 0., 0., 0., 0., 0.],
        [0., 1., 0., 0., 0., 0., 0., 0., 0., 0.],
        [0., 0., 0., 0., 0., 0., 0., 0., 0., 0.],
        [0., 0., 0., 1., 0., 0., 0., 0., 0., 0.],
        [0., 0., 0., 0., 0., 0., 0., 0., 0., 0.],
        [0., 0., 0., 0., 1., 0., 0., 0., 0., 0.],
        [0., 0., 0., 0., 0., 0., 0., 0., 0., 0.],
        [0., 0., 0., 0., 0., 0., 0., 0., 0., 0.],
        [0., 0., 0., 0., 0., 0., 0., 0., 0., 0.],
        [0., 0., 0., 0., 0., 0., 1., 0., 0., 0.]], device='cuda:0')
Epoch 7 | Batch 300
--- spikes (training) ---
tensor([[  2.,  10.,   2.,   5.,  19.,   4.,   1.,   1.,   4., 281.],
        [  0., 299.,   8.,  11.,   3.,   1.,   3.,   1.,   3.,   6.],
        [  3.,  55.,   9.,  10.,   8.,   6.,  12.,   0., 240.,   5.],
        [  1.,   9.,   1.,  13.,  13.,  10.,   1.,  67.,   6., 245.],
        [  4.,   4.,  16.,   5.,  44.,   1., 284.,   0.,   2.,  18.],
        [289.,   1.,   0.,  17.,   1.,  12.,   2.,   0.,   6.,   1.],
        [  2.,   1., 304.,  17.,   7.,   0.,   8.,   0.,   1.,   1.],
        [258.,   0.,   0.,   7.,   0.,   9.,   2.,   4.,   2.,   0.],
        [  5.,   4.,   0.,  12.,   7., 183.,   1.,   0.,   6.,   2.],
        [  6.,  42.,   0., 205.,   7.,  47.,   3.,   1.,   0.,  16.],
        [  0., 103.,  35.,  10.,   9.,   4.,   0.,   1.,  58.,   3.],
        [  9.,   2.,   0.,   7.,  11., 263.,   1.,   3.,   7.,  53.],
        [  0., 249.,   4.,  17.,   4.,   4.,   4.,   3.,   2.,  11.],
        [ 39.,   2.,  36.,   7.,   7.,   3., 297.,   0.,   0.,  50.],
        [  5.,   1., 292.,  11.,   1.,   2.,  37., 142.,   0.,   4.],
        [  9.,   4.,   5.,   1.,   7., 230.,   0.,   2.,   5.,  10.],
        [  3.,  30.,   5.,  11.,  10.,   8., 258.,   0.,   4.,   3.],
        [  1.,   1.,   0.,   5., 251.,   3.,   1.,   0.,   1.,   3.],
        [  3.,  22.,  19.,  12.,   5.,   1., 270.,   0.,   2.,  10.],
        [ 13.,   7.,   5.,   2.,   7., 289.,   0.,   0.,   9.,   2.],
        [  4.,   4.,   2.,  22.,   8.,   1.,   0., 296.,   3.,  17.],
        [  3.,  34.,  13.,   9.,   7.,   6., 246.,   0.,   4.,   2.],
        [  0., 259.,  51.,   9.,   5.,   1.,   1.,   0.,  59.,   4.],
        [  5.,   3.,   1.,   6.,  16.,   3.,   1., 124.,   1., 189.],
        [  2.,  12.,  33.,  18.,   4.,   2.,   1., 269.,   7.,   6.],
        [  3.,   3.,   0.,   6., 253.,   7.,   3.,   3.,   5.,  33.],
        [  4.,   1.,   0.,  19.,   6.,   5.,   0., 301.,   1.,  22.],
        [  2.,   3.,   1.,   7.,  22.,   7.,   0.,   7.,   3., 281.],
        [  5.,  10.,   6., 307.,   3.,  15.,   0.,   0.,   0.,   0.],
        [  0.,   7.,   2.,  11.,   3.,   3.,   1., 272.,   1.,  16.],
        [  1.,   2.,   2.,  67.,   3., 229.,   3.,   0.,   0.,   1.],
        [  1.,  44., 289.,  33.,   1.,   1.,   3.,   1.,   5.,   1.],
        [  0.,   3.,  12.,   5.,   7.,   1., 230.,  48.,   1.,   3.],
        [  0., 277.,  34.,  10.,  11.,   2.,   1.,   0.,  89.,   6.],
        [  5.,   7., 115.,  15.,   4.,   4.,   1.,   2., 105.,   0.],
        [  0., 288.,  19.,  12.,   6.,   4.,   2.,   0.,  54.,   5.],
        [  4.,   3.,   9., 303.,   3.,  20.,   0.,   0.,   0.,   0.],
        [288.,   1.,   1.,  23.,   0.,  17.,   4.,   1.,   1.,   0.],
        [  1.,   8., 282.,   7.,   9.,   2.,  11.,  44.,   6.,   4.],
        [  5.,  10.,   1.,   8.,   6.,   7., 283.,   0.,   5.,   5.],
        [  5.,   4.,   8.,   7.,   3.,   0., 307.,   0.,   0.,   5.],
        [  0.,   6.,   1., 257.,   6.,  15.,   3.,  18.,   2.,   5.],
        [  8.,   1.,   5., 226.,   0., 263.,   0.,   0.,   0.,   0.],
        [  0.,   3.,   1.,   4., 260.,   4.,   1.,   2.,   3.,  34.],
        [  3.,  60.,  10.,   9.,   8.,  11.,   1.,   0., 185.,   2.],
        [  1.,   4.,  21.,  22.,  27.,   5.,   8.,   1., 240.,   0.],
        [  0., 288.,  11.,  10.,   3.,   1.,   2.,   0.,   4.,   4.],
        [  1.,   3.,   2.,   6.,  19.,   5.,   1.,   9.,   3., 275.],
        [  0.,  16.,   3.,   7.,   2.,   1., 231.,   0.,   1.,   2.],
        [284.,   1.,   0.,  21.,   1.,  10.,  43.,   1.,   1.,   5.],
        [  2.,   8.,   1.,   6.,  20.,  12.,   1.,  20.,   2., 267.],
        [295.,   1.,  10.,  21.,   2., 102.,   1.,   0.,   2.,   1.],
        [  0., 292.,   5.,   8.,   3.,   1.,   1.,   0.,   2.,   5.],
        [ 13.,   2.,   0.,  26.,   3.,   5.,   1., 292.,   2.,  14.],
        [  0.,   3., 301.,  13.,   8.,   1.,   2.,   0.,  10.,   1.],
        [  4.,   9.,   8., 244.,   9.,   4.,   2.,   0.,   1.,   3.],
        [  0., 297.,   4.,  12.,   2.,   1.,   3.,   0.,   2.,   8.],
        [  0.,   2.,   0.,  47., 266.,  39.,   0.,   3.,   1.,  90.],
        [  1.,   6.,   4.,  13.,   6.,   1.,   0., 199.,   2.,   8.],
        [272.,   2.,  12.,   2.,  10.,   7.,   9.,   1.,   1.,   3.],
        [  4.,   2.,   0.,  46.,   2., 253.,  90.,   0.,   2.,   0.],
        [  7.,   7.,   4.,  13.,  42.,   0.,   2.,  11., 241.,   0.],
        [  2.,   6.,   8.,  10.,  54.,   5.,   4., 276.,   2.,  15.],
        [  2.,  36., 271.,  58.,   1.,   2.,   0.,   0.,   1.,   0.]],
       device='cuda:0')
--- spikes (finish interval) ---
tensor([[0., 0., 0., 0., 0., 0., 0., 0., 0., 1.],
        [0., 0., 0., 0., 0., 0., 0., 0., 0., 0.],
        [0., 0., 0., 0., 0., 0., 0., 0., 1., 0.],
        [0., 0., 0., 0., 0., 0., 0., 0., 0., 0.],
        [0., 0., 0., 0., 0., 0., 1., 0., 0., 0.],
        [0., 0., 0., 0., 0., 0., 0., 0., 0., 0.],
        [0., 0., 1., 0., 0., 0., 0., 0., 0., 0.],
        [1., 0., 0., 0., 0., 0., 0., 0., 0., 0.],
        [0., 0., 0., 0., 0., 0., 0., 0., 0., 0.],
        [0., 0., 0., 0., 0., 0., 0., 0., 0., 0.],
        [0., 0., 0., 0., 0., 0., 0., 0., 0., 0.],
        [0., 0., 0., 0., 0., 0., 0., 0., 0., 0.],
        [0., 0., 0., 0., 0., 0., 0., 0., 0., 0.],
        [0., 0., 0., 0., 0., 0., 0., 0., 0., 0.],
        [0., 0., 0., 0., 0., 0., 0., 0., 0., 0.],
        [0., 0., 0., 0., 0., 0., 0., 0., 0., 0.],
        [0., 0., 0., 0., 0., 0., 1., 0., 0., 0.],
        [0., 0., 0., 0., 0., 0., 0., 0., 0., 0.],
        [0., 0., 0., 0., 0., 0., 0., 0., 0., 0.],
        [0., 0., 0., 0., 0., 1., 0., 0., 0., 0.],
        [0., 0., 0., 0., 0., 0., 0., 1., 0., 0.],
        [0., 0., 0., 0., 0., 0., 1., 0., 0., 0.],
        [0., 0., 0., 0., 0., 0., 0., 0., 0., 0.],
        [0., 0., 0., 0., 0., 0., 0., 0., 0., 0.],
        [0., 0., 0., 0., 0., 0., 0., 0., 0., 0.],
        [0., 0., 0., 0., 0., 0., 0., 0., 0., 0.],
        [0., 0., 0., 0., 0., 0., 0., 1., 0., 0.],
        [0., 0., 0., 0., 0., 0., 0., 0., 0., 1.],
        [0., 0., 0., 0., 0., 0., 0., 0., 0., 0.],
        [0., 0., 0., 0., 0., 0., 0., 1., 0., 0.],
        [0., 0., 0., 0., 0., 1., 0., 0., 0., 0.],
        [0., 0., 0., 0., 0., 0., 0., 0., 0., 0.],
        [0., 0., 0., 0., 0., 0., 0., 1., 0., 0.],
        [0., 1., 0., 0., 0., 0., 0., 0., 0., 0.],
        [0., 0., 0., 0., 0., 0., 0., 0., 0., 0.],
        [0., 1., 0., 0., 0., 0., 0., 0., 0., 0.],
        [0., 0., 0., 1., 0., 0., 0., 0., 0., 0.],
        [0., 0., 0., 0., 0., 0., 0., 0., 0., 0.],
        [0., 0., 1., 0., 0., 0., 0., 0., 0., 0.],
        [0., 0., 0., 0., 0., 0., 0., 0., 0., 0.],
        [0., 0., 0., 0., 0., 0., 1., 0., 0., 0.],
        [0., 0., 0., 0., 0., 0., 0., 0., 0., 0.],
        [0., 0., 0., 1., 0., 0., 0., 0., 0., 0.],
        [0., 0., 0., 0., 1., 0., 0., 0., 0., 0.],
        [0., 0., 0., 0., 0., 0., 0., 0., 1., 0.],
        [0., 0., 0., 0., 0., 0., 0., 0., 1., 0.],
        [0., 0., 0., 0., 0., 0., 0., 0., 0., 0.],
        [0., 0., 0., 0., 0., 0., 0., 0., 0., 0.],
        [0., 0., 0., 0., 0., 0., 1., 0., 0., 0.],
        [0., 0., 0., 0., 0., 0., 0., 0., 0., 0.],
        [0., 0., 0., 0., 0., 0., 0., 0., 0., 0.],
        [1., 0., 0., 0., 0., 0., 0., 0., 0., 0.],
        [0., 0., 0., 0., 0., 0., 0., 0., 0., 0.],
        [0., 0., 0., 0., 0., 0., 0., 1., 0., 0.],
        [0., 0., 1., 0., 0., 0., 0., 0., 0., 0.],
        [0., 0., 0., 1., 0., 0., 0., 0., 0., 0.],
        [0., 0., 0., 0., 0., 0., 0., 0., 0., 0.],
        [0., 0., 0., 0., 1., 0., 0., 0., 0., 0.],
        [0., 0., 0., 0., 0., 0., 0., 0., 0., 0.],
        [0., 0., 0., 0., 0., 0., 0., 0., 0., 0.],
        [0., 0., 0., 0., 0., 1., 0., 0., 0., 0.],
        [0., 0., 0., 0., 0., 0., 0., 0., 0., 0.],
        [0., 0., 0., 0., 0., 0., 0., 1., 0., 0.],
        [0., 0., 0., 0., 0., 0., 0., 0., 0., 0.]], device='cuda:0')
Epoch 7 | Batch 400
--- spikes (training) ---
tensor([[319.,   0.,   2.,   4.,   0.,   5.,   5.,   1.,   2.,   0.],
        [  0.,   2.,   9., 295.,   1.,   7.,   6.,   1.,  53.,   0.],
        [ 10.,   8.,   3.,  14.,   6.,  14.,   9.,   3., 266.,   5.],
        [ 11.,   4.,   1.,   6.,   1.,   4.,   4., 239.,  10.,  11.],
        [  2.,  27.,  15.,  12.,   0.,   6., 255.,   5.,  11.,   3.],
        [ 13.,   0.,   1.,   2., 243.,   2.,  22.,   3.,   7.,  71.],
        [ 31.,   0.,  11.,   6.,   0.,  55., 303.,   1.,   1.,   4.],
        [ 43.,   0.,  11., 294.,   0.,  16.,   2.,   0.,  16.,   0.],
        [  3.,   0.,   0.,   5., 260.,   3.,   7.,  26.,  20.,  17.],
        [  0.,   3.,  17.,  37.,  20.,  20.,   9.,  22., 263.,   0.],
        [313.,   0.,   0.,   5.,   0., 130.,   4.,   0.,   2.,   0.],
        [  1.,   1.,  31.,   6.,   3.,   6., 245.,   0.,   3.,   4.],
        [  0., 287.,   5.,  16.,   1.,   0.,  13.,   9.,  31.,   0.],
        [141.,   0.,   0.,   5.,   1.,   0.,   4., 138.,   6.,  13.],
        [  2.,   0.,   5., 306.,   2.,   7.,   4.,   2.,  11.,   0.],
        [303.,   0.,   0.,   4.,   0.,   1.,   5.,   0.,   4.,  25.],
        [ 10.,   0., 150., 288.,   0.,   3.,   2.,   1.,   8.,   0.],
        [  3.,   2.,  12.,  10.,   9.,   5.,   9.,   6., 259.,   0.],
        [302.,   0.,   3.,   7.,   0.,   0.,   5.,   0.,   5.,   0.],
        [  0.,  11.,   1.,   6.,   0.,   3.,   4., 273.,  11.,   7.],
        [  7.,   2.,  59.,  12.,   7.,  11.,  15.,  40., 280.,   3.],
        [  7.,   0.,   0.,  80.,   0., 256.,   8.,   0.,  15.,   3.],
        [  0.,   0.,  21.,   3.,  19.,   9., 153.,   0.,   3.,   2.],
        [  2.,  55.,   1., 224.,   3.,   7.,   4.,   6.,  27.,   0.],
        [  2.,   7.,  15.,  13.,  93.,   7.,  25.,   3., 265.,   0.],
        [  0.,   0.,   0.,  10., 276.,   2.,   9.,   6.,  12.,  45.],
        [  1.,   1.,   0.,   6.,  25.,   5.,  14.,   4.,   6., 264.],
        [  0.,   2.,   0.,   3.,  16.,   7.,   6.,   6.,   8., 183.],
        [  5.,   1.,  33., 286.,   0.,   2.,   3.,   4.,  22.,   0.],
        [ 92.,   1.,  10.,   5., 108.,   9.,  12.,   3., 252.,   1.],
        [  2.,   1.,   9.,   6.,   0.,   3., 269.,   1.,   3.,   2.],
        [294.,   0.,   7.,  12.,   0.,   1.,   9.,   5.,   2.,   1.],
        [311.,   0.,   1.,  14.,   0.,   0.,  18.,   3.,   4.,   1.],
        [  2.,  19.,   4.,   7.,   1.,   2.,   6., 250.,  52.,   8.],
        [  0., 235.,   3.,   5.,   0.,   0.,   6.,  10.,   8.,   1.],
        [  0.,   0.,   0.,   9.,   0.,   2.,   4., 295.,  11.,  13.],
        [  0.,   0.,   2.,  10., 220.,   8.,  10.,   4.,  20.,   8.],
        [314.,   0.,   1.,   7.,   0.,  27.,   8.,   1.,   3.,   0.],
        [ 17.,   0.,   1.,   2., 270.,   0.,  18.,   0.,   3.,   1.],
        [  0.,   2.,   0.,   9., 269.,   3.,  10.,   4.,  15.,   4.],
        [  9.,   4., 274.,  20.,   0.,   4.,   6.,   4.,  28.,   0.],
        [ 30.,   1.,   3.,   9.,   0., 248.,   7.,   4.,  12.,   1.],
        [ 10.,   0.,  11., 301.,   0.,  11.,   2.,   3.,  36.,   0.],
        [  2.,  12.,   0.,  20., 265.,   3.,  20.,   8.,  36.,  14.],
        [ 11.,   1.,  56.,   4.,  12.,   1., 167.,   0.,   6.,   1.],
        [  1.,  56., 263.,  35.,   0.,   2.,   6.,   2.,  30.,   0.],
        [  4.,  19.,  20.,  21.,  28.,   6.,   6.,   2., 246.,   0.],
        [ 23.,   0., 135.,  99.,   0.,   5.,   5.,   1.,  12.,   0.],
        [305.,   1.,   1.,  11.,   0.,   5.,  14.,   1.,  13.,   1.],
        [ 22.,   1.,   9., 134.,   0.,  11.,   9.,   1.,  15.,   0.],
        [310.,   0.,   0.,   8.,   0.,   3.,  13.,   0.,   6.,   1.],
        [  3.,   1.,   7., 298.,   0.,   5.,   3.,   6.,  25.,   1.],
        [303.,   0.,   8.,  12.,   0.,  12.,   0.,   2.,   0.,   0.],
        [  5.,   0.,  73., 275.,   2.,   2.,   2.,   1.,  62.,   0.],
        [  2.,   1., 289.,  43.,   0.,   4.,   4.,  20.,  12.,   0.],
        [  0., 246.,   3.,   7.,   0.,   0.,   9.,   6.,  12.,   0.],
        [312.,   0.,   0.,   5.,   0.,   1.,   3.,   3.,   3.,   0.],
        [  0., 272.,   1.,   9.,   0.,   0.,   5.,   2.,  27.,   0.],
        [  6.,   0.,   1.,  23.,   0.,   4.,   6., 273.,  10.,   2.],
        [  4.,   2., 286.,  27.,   0.,   4.,  22.,   1.,   6.,   0.],
        [  7.,   0.,   0.,   5., 279.,  16.,   8.,   1.,   6.,  10.],
        [  2., 133.,  99.,  25.,   1.,   1.,   3.,   6., 122.,   0.],
        [  8.,   2.,   0.,   8.,   7., 240.,  19.,   0.,  47.,  52.],
        [  4.,   1.,   0.,  23.,   1., 246.,   5.,  82.,  39.,  23.]],
       device='cuda:0')
--- spikes (finish interval) ---
tensor([[0., 0., 0., 0., 0., 0., 0., 0., 0., 0.],
        [0., 0., 0., 0., 0., 0., 0., 0., 0., 0.],
        [0., 0., 0., 0., 0., 0., 0., 0., 0., 0.],
        [0., 0., 0., 0., 0., 0., 0., 1., 0., 0.],
        [0., 0., 0., 0., 0., 0., 0., 0., 0., 0.],
        [0., 0., 0., 0., 0., 0., 0., 0., 0., 0.],
        [0., 0., 0., 0., 0., 0., 0., 0., 0., 0.],
        [0., 0., 0., 0., 0., 0., 0., 0., 0., 0.],
        [0., 0., 0., 0., 1., 0., 0., 0., 0., 0.],
        [0., 0., 0., 0., 0., 0., 0., 0., 0., 0.],
        [1., 0., 0., 0., 0., 0., 0., 0., 0., 0.],
        [0., 0., 0., 0., 0., 0., 0., 0., 0., 0.],
        [0., 1., 0., 0., 0., 0., 0., 0., 0., 0.],
        [0., 0., 0., 0., 0., 0., 0., 0., 0., 0.],
        [0., 0., 0., 0., 0., 0., 0., 0., 0., 0.],
        [0., 0., 0., 0., 0., 0., 0., 0., 0., 0.],
        [0., 0., 0., 0., 0., 0., 0., 0., 0., 0.],
        [0., 0., 0., 0., 0., 0., 0., 0., 0., 0.],
        [0., 0., 0., 0., 0., 0., 0., 0., 0., 0.],
        [0., 0., 0., 0., 0., 0., 0., 0., 0., 0.],
        [0., 0., 0., 0., 0., 0., 0., 0., 1., 0.],
        [0., 0., 0., 0., 0., 1., 0., 0., 0., 0.],
        [0., 0., 0., 0., 0., 0., 0., 0., 0., 0.],
        [0., 0., 0., 1., 0., 0., 0., 0., 0., 0.],
        [0., 0., 0., 0., 0., 0., 0., 0., 0., 0.],
        [0., 0., 0., 0., 0., 0., 0., 0., 0., 0.],
        [0., 0., 0., 0., 0., 0., 0., 0., 0., 0.],
        [0., 0., 0., 0., 0., 0., 0., 0., 0., 0.],
        [0., 0., 0., 1., 0., 0., 0., 0., 0., 0.],
        [0., 0., 0., 0., 0., 0., 0., 0., 1., 0.],
        [0., 0., 0., 0., 0., 0., 0., 0., 0., 0.],
        [0., 0., 0., 0., 0., 0., 0., 0., 0., 0.],
        [0., 0., 0., 0., 0., 0., 0., 0., 0., 0.],
        [0., 0., 0., 0., 0., 0., 0., 0., 0., 0.],
        [0., 1., 0., 0., 0., 0., 0., 0., 0., 0.],
        [0., 0., 0., 0., 0., 0., 0., 1., 0., 0.],
        [0., 0., 0., 0., 1., 0., 0., 0., 0., 0.],
        [0., 0., 0., 0., 0., 0., 0., 0., 0., 0.],
        [0., 0., 0., 0., 1., 0., 0., 0., 0., 0.],
        [0., 0., 0., 0., 0., 0., 0., 0., 0., 0.],
        [0., 0., 0., 0., 0., 0., 0., 0., 0., 0.],
        [0., 0., 0., 0., 0., 0., 0., 0., 0., 0.],
        [0., 0., 0., 0., 0., 0., 0., 0., 0., 0.],
        [0., 0., 0., 0., 0., 0., 0., 0., 0., 0.],
        [0., 0., 0., 0., 0., 0., 1., 0., 0., 0.],
        [0., 0., 0., 0., 0., 0., 0., 0., 0., 0.],
        [0., 0., 0., 0., 0., 0., 0., 0., 0., 0.],
        [0., 0., 0., 0., 0., 0., 0., 0., 0., 0.],
        [1., 0., 0., 0., 0., 0., 0., 0., 0., 0.],
        [0., 0., 0., 0., 0., 0., 0., 0., 0., 0.],
        [0., 0., 0., 0., 0., 0., 0., 0., 0., 0.],
        [0., 0., 0., 0., 0., 0., 0., 0., 0., 0.],
        [1., 0., 0., 0., 0., 0., 0., 0., 0., 0.],
        [0., 0., 0., 1., 0., 0., 0., 0., 0., 0.],
        [0., 0., 1., 0., 0., 0., 0., 0., 0., 0.],
        [0., 0., 0., 0., 0., 0., 0., 0., 0., 0.],
        [0., 0., 0., 0., 0., 0., 0., 0., 0., 0.],
        [0., 1., 0., 0., 0., 0., 0., 0., 0., 0.],
        [0., 0., 0., 0., 0., 0., 0., 0., 0., 0.],
        [0., 0., 1., 0., 0., 0., 0., 0., 0., 0.],
        [0., 0., 0., 0., 0., 0., 0., 0., 0., 0.],
        [0., 0., 0., 0., 0., 0., 0., 0., 0., 0.],
        [0., 0., 0., 0., 0., 1., 0., 0., 0., 0.],
        [0., 0., 0., 0., 0., 1., 0., 0., 0., 0.]], device='cuda:0')
Epoch 7 | Batch 500
--- spikes (training) ---
tensor([[  0.,   1.,   8.,   6., 287.,   0.,   6.,  69.,   8.,   1.],
        [  7.,  12.,   9., 242.,   3.,   4.,   4.,   2.,  12.,   0.],
        [  2.,   2., 208.,   9.,   0.,   1.,   0.,  53.,  34.,   3.],
        [  0., 277.,   8.,   9.,   2.,   0.,  12.,   2.,  14.,   2.],
        [  0.,   8., 277.,  20.,   0.,   0.,  37.,   1.,   6.,   1.],
        [  8.,   1.,   7.,   4.,   2.,   0., 277.,   0.,  13.,   3.],
        [  4.,   6.,   0.,   2.,   0.,   0.,   0., 292., 111.,  11.],
        [  0., 295.,  12.,  14.,   2.,   0.,   6.,  12.,  14.,   1.],
        [  0.,   0.,  11.,   3.,  15.,   0., 303.,   0.,   8.,   3.],
        [124.,   3.,   5.,   8.,   2.,   0.,  23.,   7.,  11.,   4.],
        [  0.,   4.,   2.,   4.,  14.,   0.,   1., 306.,   8.,   6.],
        [  0.,   3.,   5.,   2.,  16.,   0.,   6.,  17.,  13., 274.],
        [ 10.,   0.,   4.,  28.,   2., 245.,   0.,   0.,  71.,   6.],
        [125.,   8.,   1.,   0.,  20., 158.,  13.,   1.,   9.,   0.],
        [  1., 146.,  12.,  12.,   3.,   0.,  18.,   3., 248.,   1.],
        [  0.,  16.,   7.,   6.,   3.,   0., 295.,   2.,  12.,   6.],
        [267.,   1.,   3.,   2.,   0.,   0.,  41.,   5.,   3.,   4.],
        [ 21.,   1.,   5.,   6.,   2.,   1., 297.,   1.,   3.,   4.],
        [  1.,   9., 197.,   7.,  78.,   0.,   5.,   1.,   9.,  14.],
        [  0., 278.,  10.,   9.,   2.,   1.,  13.,   4.,  12.,   3.],
        [  2., 118.,  13.,   9.,   2.,   3.,   7.,   3., 244.,  18.],
        [  0., 283.,  15.,  13.,   4.,   0.,   8.,  20.,  19.,   2.],
        [  0., 156.,  10.,  12.,  44.,   9.,  15.,  13.,  16.,   4.],
        [  0.,   1.,   2.,   2.,  21.,   2.,   6.,   9.,   4., 284.],
        [  0.,   0.,   3.,   8.,   3.,   0.,   8., 290.,   6.,   7.],
        [  9.,   7.,   9.,  23.,  11.,  36.,  21.,   1.,  94.,   5.],
        [  1.,   3.,   1.,   5.,  12.,   4.,   5.,  55.,  19., 270.],
        [  8.,   2.,   2., 224.,  11.,   0.,   1.,   9.,  16.,  16.],
        [  4.,   1.,   4.,  17.,   3.,   4., 306.,   0.,  11.,   4.],
        [  0.,   0.,  16.,   4.,   2.,   0., 304.,   0.,   3.,   1.],
        [  0.,  17.,   3.,  13.,   2.,   1., 291.,   2.,  11.,   6.],
        [  2.,   9., 247.,  21.,   0.,   0.,  23.,   2.,  12.,   0.],
        [  0.,   9.,   3.,  10.,  31.,   3.,  10.,  10.,  14., 281.],
        [298.,   0.,   1.,  11.,   1.,   2.,  47.,   5.,   6.,   2.],
        [  8.,   4.,   6., 281.,   1.,   0.,   0.,   3.,   7.,   0.],
        [  1.,  20.,  16.,  31.,   4.,   0.,   7.,   3., 224.,   0.],
        [  1.,   0.,   0.,   8.,  10.,   0.,   2., 304.,  21.,  36.],
        [ 13.,   9.,  19.,  21.,   2., 200., 148.,   2.,   4.,   1.],
        [  1.,   0.,  15.,   3.,  54.,   0., 268.,  21.,   9.,   1.],
        [  0., 271.,   7.,   8.,   0.,   0.,   2.,   5.,   8.,   1.],
        [  0.,   1.,   2.,  12.,  12.,  60.,   9.,  23., 174., 266.],
        [  0.,   2.,   3.,   3.,   9.,   0.,  11.,  26.,  17., 290.],
        [  0.,   1.,   2.,   4.,   3.,   0.,   2., 298.,   8.,  22.],
        [ 18.,   4.,   1., 242.,   2.,   2.,  10.,   4.,  14.,   1.],
        [  0.,   5.,   2.,   7.,  34.,   4.,   9.,  10.,  11., 283.],
        [  1.,  18.,   5., 252.,   8.,   0.,   8.,   2.,   9.,   4.],
        [  0.,   2.,   0.,   2.,   9.,   0.,   1., 299.,   7.,  50.],
        [  1.,   2.,   8.,   6.,  10.,   0.,  32.,  44.,   7., 255.],
        [  0.,   3.,   2.,   6.,   2.,   0.,   1., 294.,   5.,  29.],
        [  0.,   3.,   3.,   6.,   3.,   2., 285.,   1.,  10.,   4.],
        [  1.,   0.,   3.,   8., 252.,   0.,   2.,   7.,   4.,   4.],
        [  0., 292.,  19.,  19.,   1.,   0.,  11.,   8.,  24.,   1.],
        [  1.,  61.,   4.,   9.,   2.,   0., 280.,   3.,  14.,   3.],
        [  0.,   3., 241.,   9.,   0.,   0.,  13.,  63.,   5.,   2.],
        [  2.,   3.,   4., 274.,   2.,   1.,   0.,   3.,  72.,   2.],
        [  0.,  51.,   4.,   1.,   5.,  25., 106.,   1.,  26.,   0.],
        [250.,   4.,  13.,  25.,   1.,   3.,  19.,   8.,   5.,   3.],
        [ 10.,   2.,  17., 264.,   0.,   0.,   3.,   0.,  20.,   1.],
        [270.,   2.,   1.,   2.,   2.,   5.,  12.,   6.,   3.,   1.],
        [  0.,   1.,  11.,   4.,   8.,   1., 306.,   0.,   8.,  73.],
        [  0.,   0.,   2.,   3.,   4., 224.,   0.,  57.,  85.,  66.],
        [  1.,   5.,   4.,   3.,  24.,   1.,  10.,  13.,  10., 239.],
        [  0.,   4.,   2.,   8., 276.,   0.,   5.,   7.,   6.,  45.],
        [  0.,  21.,   6., 221.,   7.,   0.,   1.,   6.,  54.,  13.]],
       device='cuda:0')
--- spikes (finish interval) ---
tensor([[0., 0., 0., 0., 0., 0., 0., 0., 0., 0.],
        [0., 0., 0., 0., 0., 0., 0., 0., 0., 0.],
        [0., 0., 0., 0., 0., 0., 0., 0., 0., 0.],
        [0., 0., 0., 0., 0., 0., 0., 0., 0., 0.],
        [0., 0., 0., 0., 0., 0., 0., 0., 0., 0.],
        [0., 0., 0., 0., 0., 0., 1., 0., 0., 0.],
        [0., 0., 0., 0., 0., 0., 0., 0., 0., 0.],
        [0., 1., 0., 0., 0., 0., 0., 0., 0., 0.],
        [0., 0., 0., 0., 0., 0., 1., 0., 0., 0.],
        [0., 0., 0., 0., 0., 0., 0., 0., 0., 0.],
        [0., 0., 0., 0., 0., 0., 0., 0., 0., 0.],
        [0., 0., 0., 0., 0., 0., 0., 0., 0., 1.],
        [0., 0., 0., 0., 0., 0., 0., 0., 0., 0.],
        [0., 0., 0., 0., 0., 1., 0., 0., 0., 0.],
        [0., 0., 0., 0., 0., 0., 0., 0., 0., 0.],
        [0., 0., 0., 0., 0., 0., 1., 0., 0., 0.],
        [1., 0., 0., 0., 0., 0., 0., 0., 0., 0.],
        [0., 0., 0., 0., 0., 0., 0., 0., 0., 0.],
        [0., 0., 1., 0., 0., 0., 0., 0., 0., 0.],
        [0., 1., 0., 0., 0., 0., 0., 0., 0., 0.],
        [0., 0., 0., 0., 0., 0., 0., 0., 0., 0.],
        [0., 0., 0., 0., 0., 0., 0., 0., 0., 0.],
        [0., 0., 0., 0., 0., 0., 0., 0., 0., 0.],
        [0., 0., 0., 0., 0., 0., 0., 0., 0., 1.],
        [0., 0., 0., 0., 0., 0., 0., 0., 0., 0.],
        [0., 0., 0., 0., 0., 0., 0., 0., 0., 0.],
        [0., 0., 0., 0., 0., 0., 0., 0., 0., 0.],
        [0., 0., 0., 0., 0., 0., 0., 0., 0., 0.],
        [0., 0., 0., 0., 0., 0., 1., 0., 0., 0.],
        [0., 0., 0., 0., 0., 0., 0., 0., 0., 0.],
        [0., 0., 0., 0., 0., 0., 1., 0., 0., 0.],
        [0., 0., 1., 0., 0., 0., 0., 0., 0., 0.],
        [0., 0., 0., 0., 0., 0., 0., 0., 0., 0.],
        [0., 0., 0., 0., 0., 0., 0., 0., 0., 0.],
        [0., 0., 0., 0., 0., 0., 0., 0., 0., 0.],
        [0., 0., 0., 0., 0., 0., 0., 0., 1., 0.],
        [0., 0., 0., 0., 0., 0., 0., 0., 0., 0.],
        [0., 0., 0., 0., 0., 1., 0., 0., 0., 0.],
        [0., 0., 0., 0., 0., 0., 1., 0., 0., 0.],
        [0., 0., 0., 0., 0., 0., 0., 0., 0., 0.],
        [0., 0., 0., 0., 0., 0., 0., 0., 0., 0.],
        [0., 0., 0., 0., 0., 0., 0., 0., 0., 1.],
        [0., 0., 0., 0., 0., 0., 0., 1., 0., 0.],
        [0., 0., 0., 0., 0., 0., 0., 0., 0., 0.],
        [0., 0., 0., 0., 0., 0., 0., 0., 0., 0.],
        [0., 0., 0., 1., 0., 0., 0., 0., 0., 0.],
        [0., 0., 0., 0., 0., 0., 0., 0., 0., 0.],
        [0., 0., 0., 0., 0., 0., 0., 0., 0., 1.],
        [0., 0., 0., 0., 0., 0., 0., 0., 0., 0.],
        [0., 0., 0., 0., 0., 0., 0., 0., 0., 0.],
        [0., 0., 0., 0., 0., 0., 0., 0., 0., 0.],
        [0., 0., 0., 0., 0., 0., 0., 0., 0., 0.],
        [0., 0., 0., 0., 0., 0., 1., 0., 0., 0.],
        [0., 0., 1., 0., 0., 0., 0., 0., 0., 0.],
        [0., 0., 0., 1., 0., 0., 0., 0., 0., 0.],
        [0., 0., 0., 0., 0., 0., 0., 0., 0., 0.],
        [1., 0., 0., 0., 0., 0., 0., 0., 0., 0.],
        [0., 0., 0., 1., 0., 0., 0., 0., 0., 0.],
        [0., 0., 0., 0., 0., 0., 0., 0., 0., 0.],
        [0., 0., 0., 0., 0., 0., 1., 0., 0., 0.],
        [0., 0., 0., 0., 0., 1., 0., 0., 0., 0.],
        [0., 0., 0., 0., 0., 0., 0., 0., 0., 1.],
        [0., 0., 0., 0., 1., 0., 0., 0., 0., 0.],
        [0., 0., 0., 1., 0., 0., 0., 0., 0., 0.]], device='cuda:0')
Epoch 7 | Batch 600
--- spikes (training) ---
tensor([[  2.,   6.,   2.,   8., 212.,   2.,   5.,  12.,   7.,  24.],
        [306.,   0.,   2.,   5.,   1.,   1.,   6.,  40.,   1.,   3.],
        [ 11.,   4., 256.,   6.,  11.,   2.,  46.,  18.,   0.,  10.],
        [  0., 251.,   4.,   3.,   0.,   0.,   2.,   1.,  19.,   3.],
        [  4.,  36.,   0.,   4.,   4.,   5., 291.,   1.,   6.,   5.],
        [ 20.,  17.,   7.,   1.,   5., 272.,   6.,   0.,  20.,   2.],
        [  8.,   4.,   0.,   5.,   4.,   1.,   1., 300.,   3.,  28.],
        [  6.,  12.,   0.,   4.,   3.,   7., 296.,   0.,  13.,  18.],
        [  5.,  14.,   1.,   6., 162.,   4.,  18.,   6.,  24.,  51.],
        [  6.,   0.,   0.,  14., 285.,   1.,   6.,   9.,   7.,  14.],
        [  8.,  13.,   2.,   8.,  19.,  31.,   6.,   0., 294.,   5.],
        [ 83.,   5.,   1.,   8.,  16.,  52.,   4.,   5.,  22.,   2.],
        [ 10.,   3.,   1.,   4.,  33.,   5., 303.,   0.,   4.,  30.],
        [309.,   0.,   0.,   4.,   0.,  13.,  56.,   1.,   1.,   1.],
        [  1.,  48.,   2.,  12.,  11.,   0.,   4., 293.,   3.,   5.],
        [  8.,  10.,  11.,   5.,   6.,   4., 275.,   0.,   4.,   3.],
        [  0., 245.,  12.,  12.,   1.,   9.,  16.,   7.,  13.,   6.],
        [  2.,  24.,   2., 195.,   2.,   1.,  94.,   7.,   5.,   5.],
        [  0., 211.,   8.,  12.,   1.,   7.,   7.,  11.,  11.,   6.],
        [167.,   0.,  27.,   9.,   0.,   5.,   0., 131.,   6.,   5.],
        [  3.,  15., 288.,   6.,   2.,   1.,  14.,   0.,   8.,   4.],
        [ 11.,   1.,   0.,  13.,   2.,   0.,   0., 309.,   0.,   5.],
        [  1., 282.,   3.,   6.,   1.,   2.,   3.,  11.,  58.,   6.],
        [300.,   0.,   1.,   5.,   0.,   6.,  11.,   1.,   1.,   3.],
        [ 36.,   1.,   0.,  25.,   0., 278.,   1.,   0.,  14.,   3.],
        [  4.,   5.,   3.,   1., 272.,  13.,  14.,   0., 100.,   2.],
        [  9.,   2.,   2.,  15.,  11.,   2.,   2., 280.,   8.,  16.],
        [ 24.,   0.,  12.,  58.,   4., 157.,   1.,   0.,  11.,   5.],
        [  1.,   5.,   4.,  19., 223.,   1.,   6.,  20.,   9.,  16.],
        [ 26.,   0., 285.,  27.,   0.,   0.,   2.,  22.,   5.,   1.],
        [  0., 266.,   3.,   4.,   0.,   1.,   3.,   7.,   5.,   3.],
        [ 49.,   0.,   0., 143.,   5.,   0.,   0., 303.,   2.,   8.],
        [  0.,  60., 264.,  10.,   4.,   2.,  14.,  12.,   2.,   3.],
        [  4.,   3.,   1., 254.,   0.,   3.,  14.,   0.,   8.,   2.],
        [  1., 119.,   1.,   2.,   2.,  12.,   8.,   7.,   6., 119.],
        [  0., 278.,   4.,   6.,   0.,   4.,  13.,   2.,  17.,   4.],
        [  6.,  13.,   3.,   2.,  17.,   5.,   8.,   9.,  10., 278.],
        [  1.,  17., 264.,  15.,   0.,   0.,   5.,   8.,   8.,   5.],
        [  0., 272.,   2.,   4.,   0.,   1.,   4.,   2.,  49.,   3.],
        [  7.,   3.,   0.,   7.,  13.,   1.,   3., 267.,   3.,  11.],
        [  0., 282.,   5.,   5.,   1.,   2.,   6.,   7.,  10.,   4.],
        [  5.,  99.,   4.,   4., 262.,   0.,   9.,   0.,   3.,   9.],
        [  1., 159.,  19.,   2.,   5.,   1.,   4.,   1.,  38.,   3.],
        [305.,   0.,   1.,  10.,   0.,  70.,   4.,   9.,   5.,   6.],
        [ 11.,   2., 274.,  13.,  21.,   5.,   5.,   0.,   4.,   5.],
        [313.,   0.,   2.,   4.,   3.,   6.,  11.,   0.,   3.,   0.],
        [  6.,  36.,   3.,   3.,  19.,  23.,   9.,   0., 286.,   9.],
        [ 10.,   2.,   5.,   9.,   2., 268.,   5.,   0.,   9.,   4.],
        [ 16.,   1.,  97., 282.,   2.,   3.,   0.,  15.,  37.,   3.],
        [ 49.,   1.,  16.,   0.,   8.,   2., 300.,   0.,   0.,   3.],
        [  9.,   3.,   2.,   3.,  57.,   4.,   6.,   0.,   3., 252.],
        [ 19.,   1.,   1.,  71.,   1., 259.,   4.,   0.,  12.,   7.],
        [  8.,   3.,   8., 282.,   0.,   5.,   3.,   0.,   2.,   4.],
        [  9.,  18.,   2.,   2.,  18.,   5.,   9.,   3., 230.,  11.],
        [ 10.,   8.,   8.,   3.,  89.,   8.,  12.,   0.,  14., 267.],
        [  6.,   1.,   0.,  10., 286.,   0.,   5.,  24.,   5.,  11.],
        [310.,   0.,   1.,   6.,   0.,   3.,   9.,   4.,   0.,   1.],
        [ 20.,   1.,   7.,   4.,  56.,   1.,   6.,   0.,   1., 273.],
        [  4.,  15.,   0.,   3.,  15.,  17.,   7.,  29.,   9., 229.],
        [ 23.,   5.,   9.,  10.,  38.,  13.,   4.,   1., 293.,   3.],
        [ 13.,   4.,   2.,   2.,   9.,   3., 292.,   0.,   3.,   5.],
        [210.,   0.,   0.,   5.,   0.,   0.,   3.,   1.,   2.,   2.],
        [282.,   0.,   6.,   4.,   0.,   2.,  26.,   0.,   0.,   2.],
        [313.,   0.,   0.,   4.,   0.,   1.,   9.,  30.,   1.,   2.]],
       device='cuda:0')
--- spikes (finish interval) ---
tensor([[0., 0., 0., 0., 1., 0., 0., 0., 0., 0.],
        [0., 0., 0., 0., 0., 0., 0., 0., 0., 0.],
        [0., 0., 0., 0., 0., 0., 0., 0., 0., 0.],
        [0., 0., 0., 0., 0., 0., 0., 0., 0., 0.],
        [0., 0., 0., 0., 0., 0., 0., 0., 0., 0.],
        [0., 0., 0., 0., 0., 0., 0., 0., 0., 0.],
        [0., 0., 0., 0., 0., 0., 0., 0., 0., 0.],
        [0., 0., 0., 0., 0., 0., 0., 0., 0., 0.],
        [0., 0., 0., 0., 0., 0., 0., 0., 0., 0.],
        [0., 0., 0., 0., 0., 0., 0., 0., 0., 0.],
        [0., 0., 0., 0., 0., 0., 0., 0., 1., 0.],
        [0., 0., 0., 0., 0., 0., 0., 0., 0., 0.],
        [0., 0., 0., 0., 0., 0., 0., 0., 0., 0.],
        [0., 0., 0., 0., 0., 0., 0., 0., 0., 0.],
        [0., 0., 0., 0., 0., 0., 0., 1., 0., 0.],
        [0., 0., 0., 0., 0., 0., 1., 0., 0., 0.],
        [0., 0., 0., 0., 0., 0., 0., 0., 0., 0.],
        [0., 0., 0., 1., 0., 0., 0., 0., 0., 0.],
        [0., 0., 0., 0., 0., 0., 0., 0., 0., 0.],
        [0., 0., 0., 0., 0., 0., 0., 0., 0., 0.],
        [0., 0., 0., 0., 0., 0., 0., 0., 0., 0.],
        [0., 0., 0., 0., 0., 0., 0., 0., 0., 0.],
        [0., 0., 0., 0., 0., 0., 0., 0., 0., 0.],
        [0., 0., 0., 0., 0., 0., 0., 0., 0., 0.],
        [0., 0., 0., 0., 0., 1., 0., 0., 0., 0.],
        [0., 0., 0., 0., 0., 0., 0., 0., 0., 0.],
        [0., 0., 0., 0., 0., 0., 0., 0., 0., 0.],
        [0., 0., 0., 0., 0., 0., 0., 0., 0., 0.],
        [0., 0., 0., 0., 1., 0., 0., 0., 0., 0.],
        [0., 0., 0., 0., 0., 0., 0., 0., 0., 0.],
        [0., 1., 0., 0., 0., 0., 0., 0., 0., 0.],
        [0., 0., 0., 0., 0., 0., 0., 0., 0., 0.],
        [0., 0., 1., 0., 0., 0., 0., 0., 0., 0.],
        [0., 0., 0., 0., 0., 0., 0., 0., 0., 0.],
        [0., 0., 0., 0., 0., 0., 0., 0., 0., 0.],
        [0., 0., 0., 0., 0., 0., 0., 0., 0., 0.],
        [0., 0., 0., 0., 0., 0., 0., 0., 0., 0.],
        [0., 0., 0., 0., 0., 0., 0., 0., 0., 0.],
        [0., 1., 0., 0., 0., 0., 0., 0., 0., 0.],
        [0., 0., 0., 0., 0., 0., 0., 0., 0., 0.],
        [0., 0., 0., 0., 0., 0., 0., 0., 0., 0.],
        [0., 0., 0., 0., 1., 0., 0., 0., 0., 0.],
        [0., 0., 0., 0., 0., 0., 0., 0., 0., 0.],
        [1., 0., 0., 0., 0., 0., 0., 0., 0., 0.],
        [0., 0., 1., 0., 0., 0., 0., 0., 0., 0.],
        [1., 0., 0., 0., 0., 0., 0., 0., 0., 0.],
        [0., 0., 0., 0., 0., 0., 0., 0., 1., 0.],
        [0., 0., 0., 0., 0., 1., 0., 0., 0., 0.],
        [0., 0., 0., 0., 0., 0., 0., 0., 0., 0.],
        [0., 0., 0., 0., 0., 0., 0., 0., 0., 0.],
        [0., 0., 0., 0., 0., 0., 0., 0., 0., 0.],
        [0., 0., 0., 0., 0., 1., 0., 0., 0., 0.],
        [0., 0., 0., 1., 0., 0., 0., 0., 0., 0.],
        [0., 0., 0., 0., 0., 0., 0., 0., 0., 0.],
        [0., 0., 0., 0., 0., 0., 0., 0., 0., 0.],
        [0., 0., 0., 0., 1., 0., 0., 0., 0., 0.],
        [1., 0., 0., 0., 0., 0., 0., 0., 0., 0.],
        [0., 0., 0., 0., 0., 0., 0., 0., 0., 0.],
        [0., 0., 0., 0., 0., 0., 0., 0., 0., 1.],
        [0., 0., 0., 0., 0., 0., 0., 0., 1., 0.],
        [0., 0., 0., 0., 0., 0., 0., 0., 0., 0.],
        [1., 0., 0., 0., 0., 0., 0., 0., 0., 0.],
        [0., 0., 0., 0., 0., 0., 0., 0., 0., 0.],
        [1., 0., 0., 0., 0., 0., 0., 0., 0., 0.]], device='cuda:0')
Epoch 7 | Batch 700
--- spikes (training) ---
tensor([[  8.,   6.,   0., 288.,   2.,   2.,   0.,  13.,  10.,   5.],
        [301.,   0.,   0.,   0.,   0.,  15.,   0.,   0.,  20.,   8.],
        [  4.,   2.,   0.,   2.,  39.,   3.,   0., 278.,   3.,  18.],
        [  0., 290.,  15.,  22.,   1.,   0.,   1.,  16.,   6.,   7.],
        [ 18.,  20.,   0.,  83.,   7.,  43.,   0.,   0., 237.,   4.],
        [ 46.,   4.,   8.,   0.,  17.,   0., 292.,   1.,   4.,  19.],
        [  6.,   4.,   3.,   2.,  10.,   2.,   6.,  14.,   5., 237.],
        [  0., 178., 102.,   2.,   3.,   9.,   0.,   0.,  29.,   7.],
        [  0.,   4.,   9.,   4.,  47.,   3., 266.,   0.,  14.,  16.],
        [  1.,   3.,   3.,   3., 219.,   2.,  78.,   1.,  18.,  17.],
        [ 39.,   6.,  12.,   0.,   2., 240.,  20.,   0.,  99.,  21.],
        [ 11.,   3., 299.,  36.,   3.,   0.,  22.,   3.,   3.,   2.],
        [  3.,   7.,   1.,   3.,   9.,   1.,   1., 268.,   6.,  13.],
        [  4.,   6.,   2., 282.,   6.,   0.,   1.,   3.,  74.,   4.],
        [  5.,  32.,   1.,  53.,  10.,   2., 183.,   1.,  19.,   4.],
        [  7.,   5., 293.,   4.,   4.,   0.,  25.,   0.,  11.,   4.],
        [  1., 288.,   7.,  15.,   1.,   0.,   7.,  10.,   4.,   9.],
        [  9.,   8.,   3.,   3.,  29.,  92.,  14.,   0., 182.,  53.],
        [ 65.,   3.,   0.,   5.,   3.,   0.,   1., 296.,   2.,  16.],
        [  5.,   4.,   0.,   2.,  54.,   4.,   0.,   5.,   8., 292.],
        [285.,   0.,  23.,   3.,   0.,   0.,  29.,   5.,   0.,   6.],
        [  2.,   3.,   2.,   4.,   6.,   0.,   1., 251.,   9.,  39.],
        [  3.,  17.,   8., 258.,   2.,   2.,   1.,   8.,   9.,  19.],
        [  2.,   8.,   1.,   5.,   2.,   2.,   0.,  31.,  51., 249.],
        [  0.,  10.,   3.,   9., 293.,   3.,  11.,   7.,  14.,  18.],
        [  3.,  15.,   6., 289.,   9.,  51.,   1.,   1.,  93.,   8.],
        [  2.,   5.,   0.,   2., 132.,  17.,   1.,   0.,   6., 272.],
        [  3.,   5.,  10.,   0.,  57.,   1., 271.,   0.,   2.,  10.],
        [299.,   1.,   3.,   0.,   0.,  22.,   1.,   2.,   1.,   5.],
        [  1.,   6.,   2.,   2., 288.,   1.,   6.,   0.,  16.,  25.],
        [  9.,  33.,   0.,   3.,  11., 258.,   0.,   0.,  10.,   6.],
        [  6.,   4.,   0.,   3.,   7.,   1.,   0., 287.,   4.,  13.],
        [  1.,   5.,   0.,   5.,  41.,   7.,   4.,   0.,  11., 273.],
        [  0.,   4.,   0.,   2., 284.,   2.,   5.,  18.,  17.,  69.],
        [  1.,   1.,   0.,   1.,  25.,   8.,   1.,  21.,   4., 293.],
        [  3.,   9.,   2.,   4.,   1.,   0.,   0., 283.,   3.,  32.],
        [  4.,  33.,   4.,  52.,  14.,  76.,   2.,   1., 260.,  22.],
        [  2.,   2.,   0.,   2.,   8.,   0.,   0., 292.,   6.,  28.],
        [  4.,  26.,   1.,  10.,   9.,  14.,   2.,  18., 110.,  14.],
        [ 12.,  12.,   0.,   4., 161.,   3.,   7.,   1.,   7.,  24.],
        [ 15.,   5.,  50.,  32.,  16.,   5.,   1.,   0., 277.,  42.],
        [  2.,  17.,   0.,   7.,   2.,   2.,   1.,  20.,   6., 206.],
        [  2.,   3.,   0.,  11.,   3.,   1.,   3.,   6.,  14., 223.],
        [  3.,   6.,   0.,   4.,   6.,   0.,   1., 259.,   5.,  47.],
        [  6.,  21.,  16.,  12.,   4.,   1.,   1.,   2., 263.,   9.],
        [  5.,   5.,   1.,  13.,   9.,   9.,   5.,   1., 274.,   6.],
        [  4.,   1.,   0.,   3.,   6.,   1.,   0., 297.,   2.,  39.],
        [  2.,   8.,   0., 275.,  13.,   8.,   1.,   0.,  28.,  81.],
        [  1., 143.,   2.,  17., 124.,   2.,   6.,   5.,  12.,   8.],
        [  1.,   2.,   4.,   3., 283.,   2.,   4.,   1.,  13., 100.],
        [  1.,  10.,   1., 253.,   9.,  15.,   1.,  13.,  32.,  13.],
        [ 48.,   2.,   7.,   1.,   0., 244.,   4.,   2.,  46.,   9.],
        [298.,   0.,   3.,   2.,   0.,   2.,   6.,   4.,   5.,   9.],
        [  2.,   3.,   4.,   3., 272.,   0.,   7.,   1.,  98.,  37.],
        [  5.,   2.,   0.,   0., 291.,  28.,  17.,   0.,   9.,  27.],
        [  6.,  15.,  10.,   1.,   3., 168.,   3.,   0.,  69.,   6.],
        [  4.,   7.,   1.,   2.,  15.,   1.,   2.,   5.,  10., 284.],
        [  4.,   5.,   0.,   2.,  15.,   8.,   3.,  15.,   6., 283.],
        [  3.,   2.,   2.,   1.,  13.,   6.,   2.,  11.,   4., 287.],
        [  6.,   8.,   1., 293.,   6.,   1.,   1.,   1.,  27.,   7.],
        [  9.,  24.,  15.,   5.,  11.,   2., 257.,   0.,   5.,   6.],
        [299.,   0.,   4.,   1.,   0.,   5.,   3.,   1.,  16.,   5.],
        [ 10.,   8., 266., 108.,   1.,   1.,   0.,   0.,  51.,   2.],
        [ 10.,   1.,   6., 143.,   3., 247.,   0.,   6., 106.,   9.]],
       device='cuda:0')
--- spikes (finish interval) ---
tensor([[0., 0., 0., 1., 0., 0., 0., 0., 0., 0.],
        [0., 0., 0., 0., 0., 0., 0., 0., 0., 0.],
        [0., 0., 0., 0., 0., 0., 0., 1., 0., 0.],
        [0., 1., 0., 0., 0., 0., 0., 0., 0., 0.],
        [0., 0., 0., 0., 0., 0., 0., 0., 0., 0.],
        [0., 0., 0., 0., 0., 0., 0., 0., 0., 0.],
        [0., 0., 0., 0., 0., 0., 0., 0., 0., 0.],
        [0., 0., 0., 0., 0., 0., 0., 0., 0., 0.],
        [0., 0., 0., 0., 0., 0., 1., 0., 0., 0.],
        [0., 0., 0., 0., 1., 0., 0., 0., 0., 0.],
        [0., 0., 0., 0., 0., 1., 0., 0., 0., 0.],
        [0., 0., 1., 0., 0., 0., 0., 0., 0., 0.],
        [0., 0., 0., 0., 0., 0., 0., 0., 0., 0.],
        [0., 0., 0., 1., 0., 0., 0., 0., 0., 0.],
        [0., 0., 0., 0., 0., 0., 0., 0., 0., 0.],
        [0., 0., 1., 0., 0., 0., 0., 0., 0., 0.],
        [0., 0., 0., 0., 0., 0., 0., 0., 0., 0.],
        [0., 0., 0., 0., 0., 0., 0., 0., 0., 0.],
        [0., 0., 0., 0., 0., 0., 0., 1., 0., 0.],
        [0., 0., 0., 0., 0., 0., 0., 0., 0., 1.],
        [0., 0., 0., 0., 0., 0., 0., 0., 0., 0.],
        [0., 0., 0., 0., 0., 0., 0., 1., 0., 0.],
        [0., 0., 0., 1., 0., 0., 0., 0., 0., 0.],
        [0., 0., 0., 0., 0., 0., 0., 0., 0., 0.],
        [0., 0., 0., 0., 1., 0., 0., 0., 0., 0.],
        [0., 0., 0., 1., 0., 0., 0., 0., 0., 0.],
        [0., 0., 0., 0., 0., 0., 0., 0., 0., 1.],
        [0., 0., 0., 0., 0., 0., 1., 0., 0., 0.],
        [0., 0., 0., 0., 0., 0., 0., 0., 0., 0.],
        [0., 0., 0., 0., 0., 0., 0., 0., 0., 0.],
        [0., 0., 0., 0., 0., 0., 0., 0., 0., 0.],
        [0., 0., 0., 0., 0., 0., 0., 1., 0., 0.],
        [0., 0., 0., 0., 0., 0., 0., 0., 0., 0.],
        [0., 0., 0., 0., 0., 0., 0., 0., 0., 0.],
        [0., 0., 0., 0., 0., 0., 0., 0., 0., 0.],
        [0., 0., 0., 0., 0., 0., 0., 1., 0., 0.],
        [0., 0., 0., 0., 0., 0., 0., 0., 0., 0.],
        [0., 0., 0., 0., 0., 0., 0., 1., 0., 0.],
        [0., 0., 0., 0., 0., 0., 0., 0., 0., 0.],
        [0., 0., 0., 0., 0., 0., 0., 0., 0., 0.],
        [0., 0., 0., 0., 0., 0., 0., 0., 0., 0.],
        [0., 0., 0., 0., 0., 0., 0., 0., 0., 1.],
        [0., 0., 0., 0., 0., 0., 0., 0., 0., 0.],
        [0., 0., 0., 0., 0., 0., 0., 1., 0., 0.],
        [0., 0., 0., 0., 0., 0., 0., 0., 0., 0.],
        [0., 0., 0., 0., 0., 0., 0., 0., 0., 0.],
        [0., 0., 0., 0., 0., 0., 0., 1., 0., 0.],
        [0., 0., 0., 1., 0., 0., 0., 0., 0., 0.],
        [0., 0., 0., 0., 1., 0., 0., 0., 0., 0.],
        [0., 0., 0., 0., 0., 0., 0., 0., 0., 0.],
        [0., 0., 0., 0., 0., 0., 0., 0., 0., 0.],
        [0., 0., 0., 0., 0., 0., 0., 0., 0., 0.],
        [1., 0., 0., 0., 0., 0., 0., 0., 0., 0.],
        [0., 0., 0., 0., 1., 0., 0., 0., 0., 0.],
        [0., 0., 0., 0., 1., 0., 0., 0., 0., 0.],
        [0., 0., 0., 0., 0., 0., 0., 0., 0., 0.],
        [0., 0., 0., 0., 0., 0., 0., 0., 0., 1.],
        [0., 0., 0., 0., 0., 0., 0., 0., 0., 1.],
        [0., 0., 0., 0., 0., 0., 0., 0., 0., 1.],
        [0., 0., 0., 1., 0., 0., 0., 0., 0., 0.],
        [0., 0., 0., 0., 0., 0., 0., 0., 0., 0.],
        [1., 0., 0., 0., 0., 0., 0., 0., 0., 0.],
        [0., 0., 0., 0., 0., 0., 0., 0., 0., 0.],
        [0., 0., 0., 0., 0., 0., 0., 0., 0., 0.]], device='cuda:0')
Epoch 7 | Batch 800
--- spikes (training) ---
tensor([[  0.,   2.,   4.,   2.,   4., 194.,   2.,  12.,  19., 134.],
        [  1.,   2.,   0.,  10.,   5.,  15., 271.,   0.,  17.,   7.],
        [  0., 277.,   4.,   4.,   1.,   2.,   7.,   0.,   8.,   4.],
        [  0.,   3.,   3.,   4.,  19.,   0.,   0., 315.,   9.,  23.],
        [  3.,   2.,  56.,   4.,   2.,   1.,   4., 278.,   6.,  18.],
        [  1.,   9.,   1.,   4.,   4., 125.,  13.,   0.,  20.,   4.],
        [  0., 164.,   2.,   6.,   3.,   1.,  11.,   2.,   7.,   5.],
        [  0.,   6.,   7.,   3., 274.,   3.,  40.,   9.,   9.,   6.],
        [  0.,   1.,   4.,   2.,  34.,   0.,   1., 299.,   6.,  23.],
        [  0.,   8.,  88.,   2.,   0.,   2.,  33.,  33.,   7.,   8.],
        [  0.,  10.,  16.,   0.,   6.,   8., 299.,   0.,  20.,  11.],
        [  3.,   5.,   0.,   3.,   1.,   1., 303.,   1.,   6.,   9.],
        [  0.,   5.,   9.,   3.,  10.,   0.,   1., 291.,   6.,  15.],
        [  4.,   6.,   5.,   5.,   3.,  29., 231.,   0.,   4.,   3.],
        [ 48.,   2.,   1.,   2.,   0.,   0.,   2., 306.,   9.,  17.],
        [  0.,   6.,   3.,   0., 281.,   1.,  10.,   9.,   7.,  22.],
        [  0.,   3.,  15.,   2.,   5.,   1.,   7.,  19.,   8., 259.],
        [  9.,   2.,   1.,   9.,   2.,   0.,   2., 310.,   5.,  19.],
        [  0., 106.,   8.,   3.,   2.,   7.,   8.,   2., 223.,   5.],
        [  0.,   4.,  15., 254.,   2.,   0.,   1.,   0.,  35.,   5.],
        [  0.,  19., 253.,   4.,   0.,   2.,  10.,   6.,  13.,   8.],
        [  2.,   4.,   8.,  17.,   9., 257.,   4.,  34.,  13.,   7.],
        [  0.,   2.,   2.,   5.,  72.,   0.,   6.,  82.,   5., 257.],
        [  1.,   7.,  54.,   2.,   1.,   8., 285.,   1.,   5.,   2.],
        [  4.,   5.,   1.,   3., 243.,   0.,  42.,   3.,   6.,  25.],
        [  0.,   2.,   1.,   2.,   7.,   3.,   5.,   0.,   4., 266.],
        [  4.,   2.,   2.,   2.,  12.,   0.,   3.,  29.,   8., 281.],
        [  0.,  30.,  11.,  12.,   9.,   0.,   4.,   2., 260.,   2.],
        [  1.,   2.,   1.,  30.,   1., 244., 175.,   0.,  10.,  13.],
        [  0.,   3.,  12.,   6.,  39.,   7.,  29.,   0., 272.,   6.],
        [  0.,  45., 272.,  17.,   0.,   2.,  20.,   1.,  12.,   3.],
        [  1.,   6.,   1.,   2., 261.,   0.,  12., 113.,  14.,  22.],
        [ 12.,   0., 304.,   6.,   0.,   0.,  15.,   0.,   4.,   3.],
        [  0.,   4.,   1., 267.,   0.,   3.,   5.,   2.,   6.,   3.],
        [  0.,  19.,   3.,   1.,   0.,   3., 285.,   0.,  11.,   7.],
        [  0.,   2.,   4.,   2., 282.,   0.,   8.,  15.,  14.,  36.],
        [  0.,   7.,  12., 279.,   0.,  52.,   1.,   5.,  12.,   3.],
        [  0.,   6.,   7.,   1., 270.,   0.,  47.,   8.,  13.,  11.],
        [  0.,   3.,   2.,   3.,  24.,   0.,   3.,  55.,   6., 285.],
        [  0.,   4., 114.,   1., 236.,   0.,  25.,   4.,  21.,  15.],
        [  0.,  12.,   3.,   6.,   3.,  13., 150.,   0., 241.,   8.],
        [105.,   0.,  13.,  31.,   1.,  11.,  14.,   0., 221.,   3.],
        [137.,   3.,  10.,   1.,   1.,   0., 291.,   0.,   3.,   6.],
        [  2.,   1.,   3.,   6.,   7., 289.,   1.,   0., 138.,   8.],
        [ 38.,   1.,  19.,  25.,   0.,  24.,  16.,   0.,  75.,  16.],
        [  0.,   7.,  13.,   3., 218.,   0.,  34.,  10.,  20.,  21.],
        [  0.,   1.,   3.,   3.,  11.,   0.,   1., 313.,   6.,  23.],
        [  0.,   6.,   3.,   2.,   8.,   6.,   6.,  79.,   4., 224.],
        [  0.,   0.,  11.,  92.,   0., 259.,   1.,   0., 127.,  18.],
        [  0.,   3.,   2.,   6., 183.,   0.,  13.,   5.,   4., 232.],
        [  0.,   4.,   7.,   1., 279.,   0.,   8.,  14.,   9.,  19.],
        [ 42.,   2., 290.,   4.,   0.,   0.,  35.,   1.,   5.,   2.],
        [ 16.,  27.,   4.,   2.,   0., 258.,   8.,   0.,   7.,   3.],
        [  0.,   8.,   6.,   2.,  18.,   0.,   1., 299.,   9.,  11.],
        [  0.,   4.,   6.,   3.,  13.,   0.,   0., 296.,   7.,  25.],
        [  0.,  39.,   3.,   3., 241.,   4.,   4.,  18.,  63.,   4.],
        [  8.,   3.,   1.,   5.,  16., 277.,   4.,   3.,  10.,   7.],
        [  3.,   3.,   2.,  11.,   9., 270.,   4.,  23.,  10.,   5.],
        [  0.,   2.,   2.,   4.,   4.,  10.,   8.,  31.,   6., 157.],
        [312.,   0.,   0.,   0.,   0.,   7.,   4.,   2.,  70.,   1.],
        [  0.,   4.,   3.,   3.,  52.,   0.,   3.,  74.,   5., 273.],
        [  0.,   1.,  19.,   2.,   5.,   0.,   1., 295.,   4.,  15.],
        [  0.,   6.,   3.,   1., 147.,   0.,  16.,   2.,   5., 131.],
        [  0.,   6., 264.,  19.,   0.,   4.,   3.,   0., 104.,   2.]],
       device='cuda:0')
--- spikes (finish interval) ---
tensor([[0., 0., 0., 0., 0., 0., 0., 0., 0., 0.],
        [0., 0., 0., 0., 0., 0., 0., 0., 0., 0.],
        [0., 1., 0., 0., 0., 0., 0., 0., 0., 0.],
        [0., 0., 0., 0., 0., 0., 0., 1., 0., 0.],
        [0., 0., 0., 0., 0., 0., 0., 0., 0., 0.],
        [0., 0., 0., 0., 0., 0., 0., 0., 0., 0.],
        [0., 0., 0., 0., 0., 0., 0., 0., 0., 0.],
        [0., 0., 0., 0., 0., 0., 0., 0., 0., 0.],
        [0., 0., 0., 0., 0., 0., 0., 0., 0., 0.],
        [0., 0., 0., 0., 0., 0., 0., 0., 0., 0.],
        [0., 0., 0., 0., 0., 0., 1., 0., 0., 0.],
        [0., 0., 0., 0., 0., 0., 0., 0., 0., 0.],
        [0., 0., 0., 0., 0., 0., 0., 0., 0., 0.],
        [0., 0., 0., 0., 0., 0., 0., 0., 0., 0.],
        [0., 0., 0., 0., 0., 0., 0., 0., 0., 0.],
        [0., 0., 0., 0., 1., 0., 0., 0., 0., 0.],
        [0., 0., 0., 0., 0., 0., 0., 0., 0., 1.],
        [0., 0., 0., 0., 0., 0., 0., 1., 0., 0.],
        [0., 0., 0., 0., 0., 0., 0., 0., 1., 0.],
        [0., 0., 0., 0., 0., 0., 0., 0., 0., 0.],
        [0., 0., 1., 0., 0., 0., 0., 0., 0., 0.],
        [0., 0., 0., 0., 0., 1., 0., 0., 0., 0.],
        [0., 0., 0., 0., 0., 0., 0., 0., 0., 0.],
        [0., 0., 0., 0., 0., 0., 0., 0., 0., 0.],
        [0., 0., 0., 0., 0., 0., 0., 0., 0., 0.],
        [0., 0., 0., 0., 0., 0., 0., 0., 0., 1.],
        [0., 0., 0., 0., 0., 0., 0., 0., 0., 1.],
        [0., 0., 0., 0., 0., 0., 0., 0., 1., 0.],
        [0., 0., 0., 0., 0., 0., 0., 0., 0., 0.],
        [0., 0., 0., 0., 0., 0., 0., 0., 1., 0.],
        [0., 0., 1., 0., 0., 0., 0., 0., 0., 0.],
        [0., 0., 0., 0., 0., 0., 0., 0., 0., 0.],
        [0., 0., 1., 0., 0., 0., 0., 0., 0., 0.],
        [0., 0., 0., 0., 0., 0., 0., 0., 0., 0.],
        [0., 0., 0., 0., 0., 0., 0., 0., 0., 0.],
        [0., 0., 0., 0., 1., 0., 0., 0., 0., 0.],
        [0., 0., 0., 1., 0., 0., 0., 0., 0., 0.],
        [0., 0., 0., 0., 0., 0., 0., 0., 0., 0.],
        [0., 0., 0., 0., 0., 0., 0., 0., 0., 1.],
        [0., 0., 0., 0., 0., 0., 0., 0., 0., 0.],
        [0., 0., 0., 0., 0., 0., 0., 0., 0., 0.],
        [0., 0., 0., 0., 0., 0., 0., 0., 0., 0.],
        [0., 0., 0., 0., 0., 0., 0., 0., 0., 0.],
        [0., 0., 0., 0., 0., 0., 0., 0., 0., 0.],
        [0., 0., 0., 0., 0., 0., 0., 0., 0., 0.],
        [0., 0., 0., 0., 0., 0., 0., 0., 0., 0.],
        [0., 0., 0., 0., 0., 0., 0., 1., 0., 0.],
        [0., 0., 0., 0., 0., 0., 0., 0., 0., 0.],
        [0., 0., 0., 0., 0., 0., 0., 0., 0., 0.],
        [0., 0., 0., 0., 1., 0., 0., 0., 0., 0.],
        [0., 0., 0., 0., 0., 0., 0., 0., 0., 0.],
        [0., 0., 0., 0., 0., 0., 0., 0., 0., 0.],
        [0., 0., 0., 0., 0., 0., 0., 0., 0., 0.],
        [0., 0., 0., 0., 0., 0., 0., 1., 0., 0.],
        [0., 0., 0., 0., 0., 0., 0., 1., 0., 0.],
        [0., 0., 0., 0., 0., 0., 0., 0., 0., 0.],
        [0., 0., 0., 0., 0., 1., 0., 0., 0., 0.],
        [0., 0., 0., 0., 0., 0., 0., 0., 0., 0.],
        [0., 0., 0., 0., 0., 0., 0., 0., 0., 1.],
        [1., 0., 0., 0., 0., 0., 0., 0., 0., 0.],
        [0., 0., 0., 0., 0., 0., 0., 0., 0., 1.],
        [0., 0., 0., 0., 0., 0., 0., 0., 0., 0.],
        [0., 0., 0., 0., 0., 0., 0., 0., 0., 0.],
        [0., 0., 0., 0., 0., 0., 0., 0., 0., 0.]], device='cuda:0')
Epoch 7 | Batch 900
--- spikes (training) ---
tensor([[ 14.,   3., 280.,   6.,   0.,  11.,   2.,   0.,  18.,  21.],
        [  0.,   1.,   4., 130.,   1.,   0.,   1., 128.,  50.,  95.],
        [  2.,   2.,   5.,   1.,   2.,  83., 190.,   2.,  12.,   2.],
        [  3.,   0.,   6., 304.,   1.,  23.,   1.,   0.,   9.,   1.],
        [  0.,   2.,   9.,   0.,  23.,   2., 291.,   1.,   6.,   5.],
        [  0., 258.,   5.,   5.,   0.,   2.,   1.,   3.,   6.,   1.],
        [  0.,   1.,   2.,   0.,   0.,   1., 116.,   3.,   3.,   0.],
        [  0.,  16.,   5.,  42., 220.,  10.,   3.,  18.,  14.,  15.],
        [  5.,   0.,   2.,  17.,   7., 225.,   2.,   1.,  10.,   4.],
        [  0., 256.,   3.,  20.,   0.,  18.,   2.,   5.,   9.,   4.],
        [  0.,   1.,   5.,   0.,   0.,  13., 301.,   2.,   6.,   8.],
        [304.,   0.,   1.,   2.,   0.,   7.,   3.,   4.,  14.,   4.],
        [  0.,  80.,   4., 191.,   1.,   2.,   0.,   5.,   7.,   3.],
        [  5.,   0.,  30., 268.,   0.,  12.,   2.,   6.,  10.,   5.],
        [  1.,   1.,   6.,  34.,  14.,  47.,   4.,   5.,   9., 141.],
        [  0.,   0.,   3.,  54.,   3.,  18.,   0.,  24.,   7., 267.],
        [  4.,   4.,  11.,   1.,   1.,  43.,  12.,   5., 251.,   4.],
        [  1.,   1.,  20.,   6.,  16.,   7.,   5.,   3., 272.,   4.],
        [278.,   0.,  21.,   3.,   0.,  41.,   4.,  31.,   7.,   0.],
        [  0.,   1.,   3.,   1.,   0., 250.,   6.,   0.,   7.,   3.],
        [  1.,   3.,   2., 288.,   4.,  12.,   1.,   3.,  13.,   2.],
        [  0., 265.,  12.,  15.,   0.,   5.,   3.,   3.,   7.,   3.],
        [286.,   2.,   2.,   4.,   0.,   4.,   3.,   6.,   7.,   3.],
        [ 94.,   3.,   1.,   6.,   9.,  11.,   3.,   9.,   8.,   1.],
        [  0.,   2.,   5.,   3., 211.,   4.,   4.,   6.,   6.,  19.],
        [301.,   0.,   1.,   1.,   0.,  26.,  19.,  11.,  13.,   1.],
        [  0., 241.,   5.,   8.,   0.,   4.,   4.,   2.,   8.,   2.],
        [ 13.,   6.,  33.,   1.,   0.,  85.,   1.,   2.,  76.,   1.],
        [  0.,   1.,   5.,  10.,  52.,   5.,   4.,  25.,   6., 241.],
        [  0.,  13.,  23.,   6.,   4.,   1.,   3.,  65., 121.,   5.],
        [  6.,   1.,   5.,   1.,   3., 142., 205.,   0.,  18.,   0.],
        [  1.,   4.,  37., 279.,   1.,  26.,   2.,   1.,   9.,   1.],
        [  0.,   4.,  24.,   0.,   4., 247.,   1.,   0.,  33.,   1.],
        [  4.,   0.,   3., 266.,  13.,   7.,   3.,   6.,  37.,   2.],
        [  0.,   0.,   5.,   0.,   0.,  15., 299.,   4.,   6.,  12.],
        [  0.,   0.,   5.,   6., 247.,   2.,   8.,  20.,   3.,   7.],
        [298.,   0.,   0.,   1.,   0.,  11.,   6.,   7.,   9.,   2.],
        [  0.,  17., 243.,   9.,   0.,   5.,  11.,  41.,  12.,   3.],
        [  1.,   1.,   0.,   3.,   2.,   3.,   5., 157.,   7.,  66.],
        [  0.,   3.,   9.,   5., 169.,   9.,  13.,   7.,  84.,  23.],
        [  0.,   2.,  11.,   7.,   8.,   3.,   5.,  91.,  10., 271.],
        [292.,   1.,   1.,   2.,   0.,  13.,   5.,   7.,   5.,   1.],
        [  1.,  40.,   5.,  15.,   7.,  12.,   4.,  12., 215.,  18.],
        [278.,   0.,  15.,   0.,   0.,   3.,   9.,   3.,   6.,   1.],
        [  5.,   8.,   4.,   2.,   2.,  24.,   2.,  18., 274.,   7.],
        [  8.,   0.,   2.,  23.,   0., 279.,   1.,   2.,  13.,   2.],
        [  0.,   1.,  14.,   3.,  52.,   0.,  13., 290.,  11.,   5.],
        [  0.,  10.,   2.,   3.,   1.,  22., 224.,   2.,  57.,  10.],
        [  0., 256.,   5.,  11.,   0.,   9.,   4.,   3.,  18.,   3.],
        [  0.,   3.,   5.,   7., 243.,   8.,   8.,  18.,  13.,  21.],
        [  9.,   3.,  22., 273.,   0.,   3.,   3.,   9.,   6.,   1.],
        [  0.,   0.,   2.,   4.,   1.,   0.,   1., 291.,   7.,  39.],
        [  0.,   8., 256.,   1.,  12.,   4.,  14.,   1.,  21.,   6.],
        [  0.,   1.,   4.,   1., 248.,  41.,  47.,   5.,  14.,   8.],
        [ 16.,   1.,   3.,  74.,   2.,  59.,   7.,   1.,  10., 127.],
        [  4.,  25.,   6.,   6.,   5.,  34.,   4.,   3., 256.,   6.],
        [  1.,   1.,   0.,   4.,   0.,  16., 306.,   0.,  10.,  12.],
        [  1.,   0.,   1.,   2.,   0.,   0.,   2., 310.,   9.,  13.],
        [  7.,   1.,   2.,   2.,   2., 270.,   0.,   1.,  89.,   6.],
        [  0., 217.,  12.,   3.,  16.,  21.,   1.,   4.,  32.,   3.],
        [  8.,   1., 282.,   1.,   0.,  19.,   4.,   4.,  68.,   3.],
        [  8.,   0.,   9., 301.,   0.,  59.,   2.,   2.,   4.,   0.],
        [  1.,   1.,  10.,   0.,  10., 222.,   3.,   6.,  38.,   2.],
        [  0.,   0.,   3.,   3.,   0.,   0.,   1., 274.,   7.,  12.]],
       device='cuda:0')
--- spikes (finish interval) ---
tensor([[0., 0., 0., 0., 0., 0., 0., 0., 0., 0.],
        [0., 0., 0., 1., 0., 0., 0., 0., 0., 0.],
        [0., 0., 0., 0., 0., 0., 1., 0., 0., 0.],
        [0., 0., 0., 1., 0., 0., 0., 0., 0., 0.],
        [0., 0., 0., 0., 0., 0., 1., 0., 0., 0.],
        [0., 1., 0., 0., 0., 0., 0., 0., 0., 0.],
        [0., 0., 0., 0., 0., 0., 0., 0., 0., 0.],
        [0., 0., 0., 0., 1., 0., 0., 0., 0., 0.],
        [0., 0., 0., 0., 0., 1., 0., 0., 0., 0.],
        [0., 0., 0., 0., 0., 0., 0., 0., 0., 0.],
        [0., 0., 0., 0., 0., 0., 0., 0., 0., 0.],
        [0., 0., 0., 0., 0., 0., 0., 0., 0., 0.],
        [0., 0., 0., 0., 0., 0., 0., 0., 0., 0.],
        [0., 0., 0., 0., 0., 0., 0., 0., 0., 0.],
        [0., 0., 0., 0., 0., 0., 0., 0., 0., 1.],
        [0., 0., 0., 0., 0., 0., 0., 0., 0., 0.],
        [0., 0., 0., 0., 0., 0., 0., 0., 0., 0.],
        [0., 0., 0., 0., 0., 0., 0., 0., 0., 0.],
        [1., 0., 0., 0., 0., 0., 0., 0., 0., 0.],
        [0., 0., 0., 0., 0., 1., 0., 0., 0., 0.],
        [0., 0., 0., 1., 0., 0., 0., 0., 0., 0.],
        [0., 0., 0., 0., 0., 0., 0., 0., 0., 0.],
        [1., 0., 0., 0., 0., 0., 0., 0., 0., 0.],
        [0., 0., 0., 0., 0., 0., 0., 0., 0., 0.],
        [0., 0., 0., 0., 0., 0., 0., 0., 0., 0.],
        [1., 0., 0., 0., 0., 0., 0., 0., 0., 0.],
        [0., 0., 0., 0., 0., 0., 0., 0., 0., 0.],
        [0., 0., 0., 0., 0., 0., 0., 0., 0., 0.],
        [0., 0., 0., 0., 0., 0., 0., 0., 0., 0.],
        [0., 0., 0., 0., 0., 0., 0., 0., 0., 0.],
        [0., 0., 0., 0., 0., 0., 0., 0., 0., 0.],
        [0., 0., 0., 0., 0., 0., 0., 0., 0., 0.],
        [0., 0., 0., 0., 0., 1., 0., 0., 0., 0.],
        [0., 0., 0., 0., 0., 0., 0., 0., 0., 0.],
        [0., 0., 0., 0., 0., 0., 0., 0., 0., 0.],
        [0., 0., 0., 0., 1., 0., 0., 0., 0., 0.],
        [0., 0., 0., 0., 0., 0., 0., 0., 0., 0.],
        [0., 0., 0., 0., 0., 0., 0., 0., 0., 0.],
        [0., 0., 0., 0., 0., 0., 0., 0., 0., 0.],
        [0., 0., 0., 0., 1., 0., 0., 0., 0., 0.],
        [0., 0., 0., 0., 0., 0., 0., 0., 0., 1.],
        [1., 0., 0., 0., 0., 0., 0., 0., 0., 0.],
        [0., 0., 0., 0., 0., 0., 0., 0., 0., 0.],
        [1., 0., 0., 0., 0., 0., 0., 0., 0., 0.],
        [0., 0., 0., 0., 0., 0., 0., 0., 1., 0.],
        [0., 0., 0., 0., 0., 1., 0., 0., 0., 0.],
        [0., 0., 0., 0., 0., 0., 0., 0., 0., 0.],
        [0., 0., 0., 0., 0., 0., 0., 0., 0., 0.],
        [0., 1., 0., 0., 0., 0., 0., 0., 0., 0.],
        [0., 0., 0., 0., 1., 0., 0., 0., 0., 0.],
        [0., 0., 0., 1., 0., 0., 0., 0., 0., 0.],
        [0., 0., 0., 0., 0., 0., 0., 0., 0., 1.],
        [0., 0., 1., 0., 0., 0., 0., 0., 0., 0.],
        [0., 0., 0., 0., 0., 0., 0., 0., 0., 0.],
        [0., 0., 0., 0., 0., 0., 0., 0., 0., 0.],
        [0., 0., 0., 0., 0., 0., 0., 0., 1., 0.],
        [0., 0., 0., 0., 0., 0., 1., 0., 0., 0.],
        [0., 0., 0., 0., 0., 0., 0., 1., 0., 0.],
        [0., 0., 0., 0., 0., 1., 0., 0., 0., 0.],
        [0., 0., 0., 0., 0., 0., 0., 0., 0., 0.],
        [0., 0., 0., 0., 0., 0., 0., 0., 0., 0.],
        [0., 0., 0., 1., 0., 0., 0., 0., 0., 0.],
        [0., 0., 0., 0., 0., 0., 0., 0., 0., 0.],
        [0., 0., 0., 0., 0., 0., 0., 0., 0., 0.]], device='cuda:0')
Switching label layer to Inference Mode (LIF)...
Epoch 7 DONE | Test Acc: 77.44% | Time: 1070.5s
Switching label layer back to Training Mode (Clamp)...
Epoch 8 | Batch 0
--- spikes (training) ---
tensor([[ 24.,  13.,  16.,   0., 145.,   3., 294.,   0.,   9.,   3.],
        [  1.,   2.,   5.,   0.,  10.,   0.,   0., 278.,   7.,  55.],
        [  0.,   6.,   6.,   0.,   7.,   0.,   0.,  33.,   8., 278.],
        [  0.,  18.,   7.,   0.,   2.,   2., 291.,   0.,  18.,   7.],
        [ 65.,   1.,   1.,   1.,  14.,   4.,   1., 180.,   6.,  18.],
        [  2.,   3.,   7.,   0., 103.,   0., 279.,   4.,  12.,   5.],
        [  2.,   4.,  17.,   0.,   3.,   1., 299.,   1.,  12.,   4.],
        [ 28.,  15.,  16.,   0.,  42.,   1., 291.,   0.,  11.,   3.],
        [  3.,  25.,  25.,   0.,   4.,  11., 117.,   3., 105.,   4.],
        [ 10.,   7.,  22.,   0.,   2., 230.,   9.,   3.,  10.,   8.],
        [  1.,   6.,   8.,   1.,  11.,  11.,   3.,  23.,   5., 185.],
        [  3.,  14.,  10.,   0.,   2.,  10., 290.,   0.,  14.,   5.],
        [283.,   3.,  14.,   0.,   7.,   1.,  14.,   5.,   5.,   4.],
        [  5.,  77.,  12.,  26.,   2.,  22.,  13.,   1., 183.,   9.],
        [  1., 296.,  15.,   1.,   6.,   0.,   2.,   7.,   9.,   6.],
        [  2.,   5.,  13.,   0.,   3.,  22., 301.,   0.,   9.,   5.],
        [  1., 295.,  69.,   2.,   3.,   2.,   2.,   3.,  11.,   6.],
        [  4.,  47.,  21., 121.,   2.,  17.,   5.,   0., 262.,   3.],
        [  1.,   3.,   3.,   0.,   4.,   5.,   2., 212.,   9.,  30.],
        [  1.,  10.,   4.,   0.,  10.,   1., 301.,   0.,  11.,   6.],
        [  2.,   4.,  11.,   0.,   8.,   1.,   1.,  18.,  67., 282.],
        [  4.,   7.,  18.,   2.,   2.,   2.,  37.,   3., 154.,   6.],
        [  5.,   2., 106.,   0.,  29.,   1.,   3.,   0.,  71., 223.],
        [  0.,   3.,   6.,   0., 262.,   0.,   1.,   0.,  23., 126.],
        [126.,   6.,  13.,   0.,  27.,   9.,  18.,   2.,  13., 120.],
        [  2.,  64.,  16.,   2.,   3.,  12., 266.,   0.,  13.,   6.],
        [ 21.,  14., 263.,   7.,   0.,  53.,  47.,   0.,   6.,   3.],
        [  9.,   1.,  12.,   0.,   1.,   4., 295.,   3.,   6.,   3.],
        [ 12.,   4., 294.,   0.,  16.,   0.,   3.,   2.,  17.,  10.],
        [ 12.,  14., 265.,   0.,   3.,   2.,  18.,   0.,   7.,   2.],
        [ 12.,   4.,  14.,  93.,   0.,  15.,   0.,   1.,  24., 155.],
        [280.,   2.,   6.,   7.,   4.,  10.,   1.,   6.,   9.,   3.],
        [288.,   2.,  25.,  19.,   1.,  18.,   7.,   4.,   5.,   0.],
        [  6.,  14.,  12.,   1.,   6., 230.,   2.,   2.,   8.,   6.],
        [  8.,  91., 293.,   0.,   0.,   0.,  18.,   2.,  16.,   9.],
        [  3.,  13.,   6.,   0.,   3.,   5., 278.,   0.,  17.,   8.],
        [  2.,  31.,   6.,   0.,   4.,   1.,   0., 249.,   7.,  13.],
        [  0.,   7.,   6.,  12., 158.,   5.,   5.,   0.,  10.,  28.],
        [  8.,   2.,   2.,   4., 153.,   7.,   2.,   0.,   8.,  45.],
        [ 12.,   5.,   8.,   7.,   3.,   7.,   9.,   1., 217.,   4.],
        [277.,   2.,  22.,   4.,   0.,  13.,   7.,   3.,   4.,   0.],
        [  1.,  16.,  15.,   7.,   7.,   4.,  49.,   0., 219.,   1.],
        [ 41.,   4., 283.,  17.,   2.,   4.,   3.,   4.,  11.,   7.],
        [  1., 286.,   5.,   7.,   0.,   2.,  17.,   1.,  15.,   7.],
        [  1., 287.,   4.,   0.,   0.,   0.,   9.,   2.,   6.,   3.],
        [  3.,   8.,   7., 270.,   1.,   5.,   0.,   0.,  34.,  31.],
        [ 10.,   6.,  12.,   0.,   6.,   0.,   0., 283.,  16.,  12.],
        [ 17.,   0.,   5.,   0.,   2.,   1.,   0., 298.,   6.,  18.],
        [  3.,   7.,   9., 238.,   2.,   2.,   1.,  10.,  17.,  24.],
        [  2.,   3.,   4.,   5.,   1.,   3.,   1.,  48.,  11., 278.],
        [  8.,  11.,  14., 240.,   1.,   0.,   1.,   8.,  11.,  13.],
        [  1., 290.,   5.,   4.,   0.,   1.,  13.,   0.,   9.,   6.],
        [  1.,  15.,   6., 261.,   3.,   3.,   0.,   0.,  23.,  17.],
        [  0.,   7.,  16.,   1., 232.,   6.,   3.,  10.,   7.,  29.],
        [  5.,  18.,  24., 271.,   0.,   7.,   0.,   0.,  43.,  12.],
        [  1.,   8.,   8.,   0.,  33., 195.,  22.,   0.,   5.,  68.],
        [  3.,   4.,   7.,   0.,  47.,   2.,   1.,   0.,  20., 295.],
        [  2., 299.,  10.,   2.,   3.,   1.,   5.,  31.,   9.,  16.],
        [  1.,   2.,   6.,   0., 243.,   3.,   2.,   9.,   6.,   9.],
        [  2., 297.,   8.,   1.,   1.,   1.,   7.,   7.,   7.,   9.],
        [  1., 304.,  21.,   2.,   1.,   0.,   5.,   7.,  10.,   8.],
        [ 30.,   3.,  54., 134.,   1.,  40.,   2.,   4.,  20.,   5.],
        [  0.,   3.,   7.,   1., 172.,   0.,   2.,  17.,  20.,  65.],
        [  9.,  18.,  16.,   0.,   5., 231.,   2.,   0.,  13.,   3.]],
       device='cuda:0')
--- spikes (finish interval) ---
tensor([[0., 0., 0., 0., 0., 0., 1., 0., 0., 0.],
        [0., 0., 0., 0., 0., 0., 0., 1., 0., 0.],
        [0., 0., 0., 0., 0., 0., 0., 0., 0., 0.],
        [0., 0., 0., 0., 0., 0., 1., 0., 0., 0.],
        [0., 0., 0., 0., 0., 0., 0., 1., 0., 0.],
        [0., 0., 0., 0., 0., 0., 0., 0., 0., 0.],
        [0., 0., 0., 0., 0., 0., 1., 0., 0., 0.],
        [0., 0., 0., 0., 0., 0., 1., 0., 0., 0.],
        [0., 0., 0., 0., 0., 0., 0., 0., 0., 0.],
        [0., 0., 0., 0., 0., 0., 0., 0., 0., 0.],
        [0., 0., 0., 0., 0., 0., 0., 0., 0., 0.],
        [0., 0., 0., 0., 0., 0., 1., 0., 0., 0.],
        [1., 0., 0., 0., 0., 0., 0., 0., 0., 0.],
        [0., 1., 0., 0., 0., 0., 0., 0., 0., 0.],
        [0., 0., 0., 0., 0., 0., 0., 0., 0., 0.],
        [0., 0., 0., 0., 0., 0., 0., 0., 0., 0.],
        [0., 0., 0., 0., 0., 0., 0., 0., 0., 0.],
        [0., 0., 0., 0., 0., 0., 0., 0., 0., 0.],
        [0., 0., 0., 0., 0., 0., 0., 1., 0., 0.],
        [0., 0., 0., 0., 0., 0., 0., 0., 0., 0.],
        [0., 0., 0., 0., 0., 0., 0., 0., 0., 1.],
        [0., 0., 0., 0., 0., 0., 0., 0., 0., 0.],
        [0., 0., 0., 0., 0., 0., 0., 0., 0., 1.],
        [0., 0., 0., 0., 0., 0., 0., 0., 0., 0.],
        [0., 0., 0., 0., 0., 0., 0., 0., 0., 0.],
        [0., 0., 0., 0., 0., 0., 0., 0., 0., 0.],
        [0., 0., 0., 0., 0., 0., 0., 0., 0., 0.],
        [0., 0., 0., 0., 0., 0., 1., 0., 0., 0.],
        [0., 0., 0., 0., 0., 0., 0., 0., 0., 0.],
        [0., 0., 1., 0., 0., 0., 0., 0., 0., 0.],
        [0., 0., 0., 0., 0., 0., 0., 0., 0., 0.],
        [0., 0., 0., 0., 0., 0., 0., 0., 0., 0.],
        [0., 0., 0., 0., 0., 0., 0., 0., 0., 0.],
        [0., 0., 0., 0., 0., 1., 0., 0., 0., 0.],
        [0., 0., 1., 0., 0., 0., 0., 0., 0., 0.],
        [0., 0., 0., 0., 0., 0., 0., 0., 0., 0.],
        [0., 0., 0., 0., 0., 0., 0., 0., 0., 0.],
        [0., 0., 0., 0., 0., 0., 0., 0., 0., 0.],
        [0., 0., 0., 0., 0., 0., 0., 0., 0., 0.],
        [0., 0., 0., 0., 0., 0., 0., 0., 0., 0.],
        [0., 0., 0., 0., 0., 0., 0., 0., 0., 0.],
        [0., 0., 0., 0., 0., 0., 0., 0., 1., 0.],
        [0., 0., 1., 0., 0., 0., 0., 0., 0., 0.],
        [0., 0., 0., 0., 0., 0., 0., 0., 0., 0.],
        [0., 1., 0., 0., 0., 0., 0., 0., 0., 0.],
        [0., 0., 0., 0., 0., 0., 0., 0., 0., 0.],
        [0., 0., 0., 0., 0., 0., 0., 1., 0., 0.],
        [0., 0., 0., 0., 0., 0., 0., 0., 0., 0.],
        [0., 0., 0., 0., 0., 0., 0., 0., 0., 0.],
        [0., 0., 0., 0., 0., 0., 0., 0., 0., 1.],
        [0., 0., 0., 0., 0., 0., 0., 0., 0., 0.],
        [0., 1., 0., 0., 0., 0., 0., 0., 0., 0.],
        [0., 0., 0., 0., 0., 0., 0., 0., 0., 0.],
        [0., 0., 0., 0., 0., 0., 0., 0., 0., 0.],
        [0., 0., 0., 1., 0., 0., 0., 0., 0., 0.],
        [0., 0., 0., 0., 0., 1., 0., 0., 0., 0.],
        [0., 0., 0., 0., 0., 0., 0., 0., 0., 1.],
        [0., 1., 0., 0., 0., 0., 0., 0., 0., 0.],
        [0., 0., 0., 0., 1., 0., 0., 0., 0., 0.],
        [0., 0., 0., 0., 0., 0., 0., 0., 0., 0.],
        [0., 1., 0., 0., 0., 0., 0., 0., 0., 0.],
        [0., 0., 0., 0., 0., 0., 0., 0., 0., 0.],
        [0., 0., 0., 0., 0., 0., 0., 0., 0., 0.],
        [0., 0., 0., 0., 0., 0., 0., 0., 0., 0.]], device='cuda:0')
Epoch 8 | Batch 100
--- spikes (training) ---
tensor([[121.,   5.,  50.,   3.,   0.,   0., 151.,   9.,   4.,  23.],
        [ 15.,  17.,  13.,   9.,   5.,  65., 266.,   6.,  11.,   7.],
        [  3.,   3.,   0.,  19.,   8.,   1.,   1.,  28.,   4., 198.],
        [ 12.,   2.,   3.,   2., 252.,   0.,   5.,  26.,  39.,   8.],
        [  7.,  11.,   6.,  20.,   1., 121.,  13.,  11.,   8.,  17.],
        [ 17.,   5.,   0.,   4.,  22.,   0.,   1., 196.,   7.,  10.],
        [ 30.,   5.,   0., 294.,   0.,  36.,   0.,  10.,   6.,   5.],
        [  8.,  12.,   2.,   6., 276.,   0.,  16.,  44.,  29.,  17.],
        [318.,   1.,  16.,   0.,   0.,   0.,   7.,  47.,   0.,  37.],
        [  8.,  31.,  19.,  23.,  13.,   0.,  18.,  34., 133.,  28.],
        [  4.,   6.,   1., 275.,   3.,   0.,   0.,  28.,   7.,  87.],
        [ 24.,  11., 282.,   2.,   0.,   0.,  45.,   9.,   8.,   6.],
        [  8.,  11.,   4.,  48.,  13.,   0.,   4.,  14., 251.,   7.],
        [  4., 197.,   5.,  32.,   0.,   0., 104.,  14.,  46.,   6.],
        [ 21.,  10.,  37.,  15.,   9.,   0.,   8.,   4., 225.,  11.],
        [ 22.,   3., 299.,   5.,   0.,   0.,  13.,   2.,   3.,   4.],
        [  3.,  14.,   3.,  26.,   1.,   0., 257.,   6.,  15.,  11.],
        [  2.,   7., 236.,  37.,   0.,   0.,   3.,  80.,   0.,   3.],
        [ 20.,   3.,   0.,  18.,  12., 264.,   0.,  13.,  41.,  64.],
        [ 12.,   5.,   0.,  71.,   0., 259.,   0.,   2.,   9.,   5.],
        [ 46.,   6.,   9.,   7.,  31.,   0.,  15.,  14., 166.,  11.],
        [ 12.,  12.,  10.,   3.,   0., 226.,  25.,   7.,  58.,  13.],
        [  8.,  17.,   2.,  12.,   8.,  37.,   3.,  30.,   9., 254.],
        [  3., 258.,   2.,  20.,   0.,   0.,  11.,  23.,   7.,  13.],
        [  9.,   3.,   0.,   4.,   1., 224.,   0.,  18.,  60.,  16.],
        [  2., 252.,   2.,  18.,   0.,   0.,  15.,  23.,   6.,  12.],
        [  2.,   9.,   4.,   8.,   1.,   0., 258.,   3.,   9.,   8.],
        [  4.,   8.,   5.,   5., 283.,   0.,   5.,  52.,   9.,  10.],
        [314.,   1.,   4.,   3.,   0.,   0.,   9.,  10.,   0.,   9.],
        [  4., 269.,  13.,  14.,   0.,   0.,   2.,  23.,  10.,   5.],
        [  6.,   3.,   1.,   8.,   8.,   5.,   1.,  28.,  19., 267.],
        [  6.,   3.,   2.,   4., 254.,   0.,  13.,  39., 103.,  53.],
        [ 29.,   7.,   5.,   1.,   3., 263.,   4.,   5., 129.,  27.],
        [  6.,   7.,   0.,  26.,   0.,   1., 299.,   4.,  16.,  12.],
        [ 12.,   4.,   1.,   3., 153.,   0.,   7.,  66.,  32.,  27.],
        [  6.,  32.,   3.,  20.,   1.,   0., 128.,   7., 239.,   7.],
        [ 21.,  36.,  13.,   4.,   0., 204.,   1.,   8.,   4.,   8.],
        [ 13.,   2.,   9., 294.,   0.,   4.,   0.,   6.,   9.,  10.],
        [ 34.,   3.,  12.,   2.,   4.,   0., 297.,   4.,   8.,  16.],
        [ 32.,  16.,   6.,  16.,   2.,  11.,   6.,   8., 251.,   5.],
        [  2., 242.,   3.,   8.,   1.,   0.,   2.,  18.,  12.,   4.],
        [311.,   2.,   4.,   2.,   0.,   7.,   5.,   9.,   0.,  18.],
        [  2., 149.,   1.,   2.,   1.,   0.,   0.,  20.,   8.,   2.],
        [ 18.,   3.,   3., 289.,   1.,   0.,   0.,   4.,   5.,   4.],
        [305.,   4.,   0.,  15.,   0.,   2.,   3.,   8.,   1.,   7.],
        [  9.,   7.,   3., 295.,   0.,   0.,   0.,   6.,   8.,   1.],
        [ 12.,  15.,   1.,  14.,  16.,  14.,   1.,  14., 144.,  34.],
        [  2.,   8.,   0.,  11.,  29.,   0.,   2.,  32.,   8., 163.],
        [ 19.,   3.,   4.,  45.,   3., 240.,   0.,   2.,  26.,  26.],
        [ 13.,   5.,   0., 276.,   5.,  16.,   0.,   5.,  26.,  14.],
        [ 83.,  34.,  18.,  74.,   0.,   0.,  58.,  13.,   2.,  10.],
        [ 26.,   6., 275.,   4.,   0.,   0.,  38.,  21.,   1.,  18.],
        [  1.,   2.,   0.,  48., 225.,   0.,   0.,  16.,  14.,  56.],
        [  5.,   4.,   2.,   9.,   6.,   1.,   1.,  18.,  10., 253.],
        [ 20.,  11.,  27.,   6.,   9.,   0., 272.,   6.,   6.,   9.],
        [  1., 216.,   3.,   5.,   0.,   0.,   0.,   6.,   5.,   1.],
        [ 63.,   3., 277.,  15.,   0.,   0.,   4.,   2.,   0.,   5.],
        [  4.,   5.,   0.,  21.,  56.,   2.,   1.,  12.,  11., 284.],
        [  2.,   3.,   0., 266.,   0.,   0.,   0.,  11.,   4.,   5.],
        [ 16.,   4.,   0.,  17.,   7., 227.,   0.,   6.,  50.,  21.],
        [  9.,   4.,  23., 295.,   0.,   0., 123.,  80.,   2.,  11.],
        [302.,   2.,   8.,  16.,   0.,   0.,   2.,   5.,   2.,  24.],
        [  5., 281.,   7.,  17.,   0.,   0.,   2.,  32.,  14.,   7.],
        [ 43.,   9.,  45.,   1.,   6., 106.,  69.,   6.,  86.,  13.]],
       device='cuda:0')
--- spikes (finish interval) ---
tensor([[0., 0., 0., 0., 0., 0., 0., 0., 0., 0.],
        [0., 0., 0., 0., 0., 0., 0., 0., 0., 0.],
        [0., 0., 0., 0., 0., 0., 0., 0., 0., 0.],
        [0., 0., 0., 0., 0., 0., 0., 0., 0., 0.],
        [0., 0., 0., 0., 0., 0., 0., 0., 0., 0.],
        [0., 0., 0., 0., 0., 0., 0., 0., 0., 0.],
        [0., 0., 0., 1., 0., 0., 0., 0., 0., 0.],
        [0., 0., 0., 0., 1., 0., 0., 0., 0., 0.],
        [1., 0., 0., 0., 0., 0., 0., 0., 0., 0.],
        [0., 0., 0., 0., 0., 0., 0., 0., 0., 0.],
        [0., 0., 0., 0., 0., 0., 0., 0., 0., 0.],
        [0., 0., 1., 0., 0., 0., 0., 0., 0., 0.],
        [0., 0., 0., 0., 0., 0., 0., 0., 0., 0.],
        [0., 0., 0., 0., 0., 0., 0., 0., 0., 0.],
        [0., 0., 0., 0., 0., 0., 0., 0., 0., 0.],
        [0., 0., 0., 0., 0., 0., 0., 0., 0., 0.],
        [0., 0., 0., 0., 0., 0., 0., 0., 0., 0.],
        [0., 0., 1., 0., 0., 0., 0., 0., 0., 0.],
        [0., 0., 0., 0., 0., 0., 0., 0., 0., 0.],
        [0., 0., 0., 0., 0., 0., 0., 0., 0., 0.],
        [0., 0., 0., 0., 0., 0., 0., 0., 1., 0.],
        [0., 0., 0., 0., 0., 0., 0., 0., 0., 0.],
        [0., 0., 0., 0., 0., 0., 0., 0., 0., 0.],
        [0., 1., 0., 0., 0., 0., 0., 0., 0., 0.],
        [0., 0., 0., 0., 0., 0., 0., 0., 0., 0.],
        [0., 0., 0., 0., 0., 0., 0., 0., 0., 0.],
        [0., 0., 0., 0., 0., 0., 0., 0., 0., 0.],
        [0., 0., 0., 0., 1., 0., 0., 0., 0., 0.],
        [1., 0., 0., 0., 0., 0., 0., 0., 0., 0.],
        [0., 0., 0., 0., 0., 0., 0., 0., 0., 0.],
        [0., 0., 0., 0., 0., 0., 0., 0., 0., 0.],
        [0., 0., 0., 0., 0., 0., 0., 0., 0., 0.],
        [0., 0., 0., 0., 0., 0., 0., 0., 1., 0.],
        [0., 0., 0., 0., 0., 0., 1., 0., 0., 0.],
        [0., 0., 0., 0., 0., 0., 0., 0., 0., 0.],
        [0., 0., 0., 0., 0., 0., 0., 0., 0., 0.],
        [0., 0., 0., 0., 0., 0., 0., 0., 0., 0.],
        [0., 0., 0., 1., 0., 0., 0., 0., 0., 0.],
        [0., 0., 0., 0., 0., 0., 0., 0., 0., 0.],
        [0., 0., 0., 0., 0., 0., 0., 0., 0., 0.],
        [0., 0., 0., 0., 0., 0., 0., 0., 0., 0.],
        [0., 0., 0., 0., 0., 0., 0., 0., 0., 0.],
        [0., 1., 0., 0., 0., 0., 0., 0., 0., 0.],
        [0., 0., 0., 0., 0., 0., 0., 0., 0., 0.],
        [0., 0., 0., 0., 0., 0., 0., 0., 0., 0.],
        [0., 0., 0., 1., 0., 0., 0., 0., 0., 0.],
        [0., 0., 0., 0., 0., 0., 0., 0., 0., 0.],
        [0., 0., 0., 0., 0., 0., 0., 0., 0., 0.],
        [0., 0., 0., 0., 0., 1., 0., 0., 0., 0.],
        [0., 0., 0., 0., 0., 0., 0., 0., 0., 0.],
        [0., 1., 0., 0., 0., 0., 0., 0., 0., 0.],
        [0., 0., 0., 0., 0., 0., 0., 0., 0., 0.],
        [0., 0., 0., 0., 0., 0., 0., 0., 0., 0.],
        [0., 0., 0., 0., 0., 0., 0., 0., 0., 0.],
        [0., 0., 0., 0., 0., 0., 1., 0., 0., 0.],
        [0., 1., 0., 0., 0., 0., 0., 0., 0., 0.],
        [0., 0., 1., 0., 0., 0., 0., 0., 0., 0.],
        [0., 0., 0., 0., 0., 0., 0., 0., 0., 1.],
        [0., 0., 0., 0., 0., 0., 0., 0., 0., 0.],
        [0., 0., 0., 0., 0., 0., 0., 0., 0., 0.],
        [0., 0., 0., 0., 0., 0., 0., 0., 0., 0.],
        [0., 0., 0., 0., 0., 0., 0., 0., 0., 0.],
        [0., 0., 0., 0., 0., 0., 0., 0., 0., 0.],
        [0., 0., 0., 0., 0., 0., 0., 0., 0., 0.]], device='cuda:0')
Epoch 8 | Batch 200
--- spikes (training) ---
tensor([[ 10.,   0.,  32.,   1., 146.,   0.,  11.,   8.,   1.,   3.],
        [  0.,  46., 282.,   3.,   5.,  25.,  20.,   1.,   3.,   9.],
        [308.,   0.,   4.,   1.,   1.,  94.,   8.,  10.,   0.,   4.],
        [ 16.,   0.,   8.,  59.,   2., 150.,   1.,  11.,   1.,   2.],
        [ 11.,   4.,  20., 178.,   2.,   0.,  31.,   5.,   0.,   2.],
        [  0., 283.,   9.,   2.,   1.,   3.,   2.,   6.,  10.,   2.],
        [  6.,   0., 204., 144.,   1.,   4.,   1.,  23.,   3.,   2.],
        [304.,   0.,  16.,   7.,   2.,   5.,   4.,  11.,   0.,   1.],
        [  0., 270.,   8.,   1.,   0.,   3.,   3.,   2.,  13.,   1.],
        [147.,   0.,   8.,   4.,   7.,   4.,  26.,  11.,   5.,   7.],
        [  1.,  80.,  18.,   4.,  18.,  33.,   5.,  14., 167.,   9.],
        [  0.,   0.,   2.,   2., 281.,   8.,   4.,  17.,   3.,   7.],
        [  5.,   0.,  29.,   0.,  10.,   4., 278.,   1.,   0.,   7.],
        [ 28.,   0.,  14.,  21.,   1., 164.,   1.,   7.,   3.,   2.],
        [  1.,  77.,   8.,   2.,   9.,  23.,   6., 155.,   5.,   4.],
        [310.,   0.,   1.,   0.,   1., 143.,   2.,  11.,   0.,   1.],
        [303.,   0.,  18.,   3.,   2.,   0.,  16.,   6.,   0.,   8.],
        [ 12.,   0., 305.,   3.,   9.,   1.,  19.,   2.,   0.,   2.],
        [312.,   0.,  14.,   0.,   2.,   0.,  55.,   6.,   0.,   1.],
        [  0., 280.,  22.,   3.,   2.,   4.,   6.,   6.,  56.,   2.],
        [ 20.,   0.,   2.,  42.,   4., 238.,   1.,   8.,  12.,   6.],
        [  2.,  26.,   9.,   1., 244.,  16.,  32.,  10.,   1.,  14.],
        [  0., 285.,  10.,   5.,   3.,   5.,   4.,  10.,   4.,   1.],
        [  4.,   0.,  32.,   0.,   9.,   8., 305.,   3.,   0.,   5.],
        [318.,   0.,  58.,   1.,   1.,   0.,  11.,   7.,   0.,   1.],
        [  0.,   1.,  12., 275.,   3.,   5.,   0.,   8.,   0.,   2.],
        [  6.,   0.,  12.,   6.,   4., 272.,   3.,   4.,   2.,   7.],
        [  0., 278.,  19.,   1.,   4.,   3.,   4.,   9.,  43.,   1.],
        [  7.,  10.,  23.,   0.,  12.,  10.,  13.,  18., 242.,   5.],
        [  0., 155.,  13.,   7.,  11.,   8.,   6.,  11., 245.,   4.],
        [ 20.,   0.,   2.,   0.,  23.,   4.,   2., 287.,   1.,   2.],
        [  0.,   0.,   3.,   1.,  22.,  13.,   1., 297.,   0.,  14.],
        [  2.,  30., 250.,  10.,   4.,   6.,   5.,   5.,   9.,   1.],
        [ 28.,   0.,  33.,   1.,  80.,   0.,  11.,  11., 183.,   2.],
        [  1.,   1.,  21.,   0.,   9.,   3., 298.,   1.,   0.,  20.],
        [  0.,   8., 289.,  17.,   1.,   5.,   2.,   2.,  31.,   1.],
        [  5.,   0., 302.,   6.,   4.,   0.,  11.,  10.,   4.,   1.],
        [  3.,   0.,   3.,   3.,  13.,   8.,   2., 290.,   1.,  14.],
        [  0.,   0.,   4.,  24., 250.,   9.,   2.,  22.,   8.,  20.],
        [  1.,   0.,  20.,   0.,  35.,  11.,   1.,  51.,   7., 242.],
        [316.,   0.,  10.,   0.,   1.,   2.,  47.,  15.,   0.,   4.],
        [  9.,   0.,   7., 298.,   4.,  10.,   0.,   5.,   2.,   2.],
        [  0., 278.,   8.,   1.,   1.,   3.,   3.,   4.,   6.,   1.],
        [  5.,   0., 252.,  17.,   1.,   0.,   5.,   4., 119.,   1.],
        [  1.,   1.,  11.,   0.,  65.,  15.,   6.,   9.,   6., 259.],
        [  0., 260.,   4.,   5.,   1.,   4.,   6.,   2.,  10.,   0.],
        [ 10.,   0.,  26.,  29.,   7., 164.,   9.,  13.,   0.,   3.],
        [  0.,   6.,   4.,   3.,   6.,  12.,   3.,  10.,   3., 231.],
        [  1.,   0., 243.,   0.,   5.,  38.,  29.,   1.,   3.,   0.],
        [  2.,  69.,   7.,   1.,   7.,  10.,   5.,  11.,  13., 170.],
        [  1.,   0.,   4.,   8.,  12.,   4.,   2., 276.,   5.,   7.],
        [  0.,   1.,   5.,   0., 272.,  13.,   7.,  23.,   8.,   1.],
        [  3.,   0.,   8.,   0., 288.,  31.,   5.,  12.,   3.,   9.],
        [  5.,   1.,   3.,   3.,   8., 253.,   2.,   7.,   5.,   7.],
        [  0., 275.,   7.,   5.,   3.,   6.,   7.,   4.,  15.,   0.],
        [  1., 109.,  14.,   4.,   5.,   1.,  14.,   7., 264.,   1.],
        [  2.,   0., 308.,   8.,   1.,   1.,  19.,   2.,   1.,   2.],
        [  0.,   8.,   9.,   0., 240.,   7.,  14.,  16.,   6.,   2.],
        [  2.,   0.,  30.,   0.,  15.,  18., 295.,   7.,   0.,   3.],
        [  2.,   1.,  14.,   2.,   9.,  40.,   6.,   2.,   3., 276.],
        [  3.,   0.,   6.,   0., 286.,  23.,  14.,  19.,   2.,  28.],
        [  0., 272.,   3.,   4.,   1.,   3.,   3.,   2.,   2.,   0.],
        [  4.,   0.,  38.,   0.,  10.,  18., 308.,   2.,   0.,   2.],
        [  4.,   0.,   8.,   0., 290.,   5.,  10.,  23.,   1.,  19.]],
       device='cuda:0')
--- spikes (finish interval) ---
tensor([[0., 0., 0., 0., 0., 0., 0., 0., 0., 0.],
        [0., 0., 1., 0., 0., 0., 0., 0., 0., 0.],
        [0., 0., 0., 0., 0., 1., 0., 0., 0., 0.],
        [0., 0., 0., 0., 0., 0., 0., 0., 0., 0.],
        [0., 0., 0., 0., 0., 0., 0., 0., 0., 0.],
        [0., 1., 0., 0., 0., 0., 0., 0., 0., 0.],
        [0., 0., 0., 0., 0., 0., 0., 0., 0., 0.],
        [0., 0., 0., 0., 0., 0., 0., 0., 0., 0.],
        [0., 1., 0., 0., 0., 0., 0., 0., 0., 0.],
        [1., 0., 0., 0., 0., 0., 0., 0., 0., 0.],
        [0., 0., 0., 0., 0., 0., 0., 0., 0., 0.],
        [0., 0., 0., 0., 1., 0., 0., 0., 0., 0.],
        [0., 0., 0., 0., 0., 0., 0., 0., 0., 0.],
        [0., 0., 0., 0., 0., 0., 0., 0., 0., 0.],
        [0., 0., 0., 0., 0., 0., 0., 1., 0., 0.],
        [0., 0., 0., 0., 0., 1., 0., 0., 0., 0.],
        [0., 0., 0., 0., 0., 0., 0., 0., 0., 0.],
        [0., 0., 0., 0., 0., 0., 0., 0., 0., 0.],
        [0., 0., 0., 0., 0., 0., 0., 0., 0., 0.],
        [0., 0., 0., 0., 0., 0., 0., 0., 0., 0.],
        [0., 0., 0., 0., 0., 0., 0., 0., 0., 0.],
        [0., 0., 0., 0., 0., 0., 0., 0., 0., 0.],
        [0., 0., 0., 0., 0., 0., 0., 0., 0., 0.],
        [0., 0., 0., 0., 0., 0., 1., 0., 0., 0.],
        [1., 0., 0., 0., 0., 0., 0., 0., 0., 0.],
        [0., 0., 0., 0., 0., 0., 0., 0., 0., 0.],
        [0., 0., 0., 0., 0., 0., 0., 0., 0., 0.],
        [0., 0., 0., 0., 0., 0., 0., 0., 0., 0.],
        [0., 0., 0., 0., 0., 0., 0., 0., 1., 0.],
        [0., 0., 0., 0., 0., 0., 0., 0., 1., 0.],
        [0., 0., 0., 0., 0., 0., 0., 0., 0., 0.],
        [0., 0., 0., 0., 0., 0., 0., 1., 0., 0.],
        [0., 0., 0., 0., 0., 0., 0., 0., 0., 0.],
        [0., 0., 0., 0., 1., 0., 0., 0., 0., 0.],
        [0., 0., 0., 0., 0., 0., 1., 0., 0., 0.],
        [0., 0., 1., 0., 0., 0., 0., 0., 0., 0.],
        [0., 0., 0., 0., 0., 0., 0., 0., 0., 0.],
        [0., 0., 0., 0., 0., 0., 0., 1., 0., 0.],
        [0., 0., 0., 0., 0., 0., 0., 0., 0., 0.],
        [0., 0., 0., 0., 0., 0., 0., 0., 0., 1.],
        [1., 0., 0., 0., 0., 0., 0., 0., 0., 0.],
        [0., 0., 0., 0., 0., 0., 0., 0., 0., 0.],
        [0., 0., 0., 0., 0., 0., 0., 0., 0., 0.],
        [0., 0., 1., 0., 0., 0., 0., 0., 0., 0.],
        [0., 0., 0., 0., 0., 0., 0., 0., 0., 1.],
        [0., 1., 0., 0., 0., 0., 0., 0., 0., 0.],
        [0., 0., 0., 0., 0., 0., 0., 0., 0., 0.],
        [0., 0., 0., 0., 0., 0., 0., 0., 0., 0.],
        [0., 0., 0., 0., 0., 0., 0., 0., 0., 0.],
        [0., 0., 0., 0., 0., 0., 0., 0., 0., 0.],
        [0., 0., 0., 0., 0., 0., 0., 1., 0., 0.],
        [0., 0., 0., 0., 0., 0., 0., 0., 0., 0.],
        [0., 0., 0., 0., 0., 0., 0., 0., 0., 0.],
        [0., 0., 0., 0., 0., 1., 0., 0., 0., 0.],
        [0., 1., 0., 0., 0., 0., 0., 0., 0., 0.],
        [0., 0., 0., 0., 0., 0., 0., 0., 1., 0.],
        [0., 0., 1., 0., 0., 0., 0., 0., 0., 0.],
        [0., 0., 0., 0., 1., 0., 0., 0., 0., 0.],
        [0., 0., 0., 0., 0., 0., 1., 0., 0., 0.],
        [0., 0., 0., 0., 0., 0., 0., 0., 0., 1.],
        [0., 0., 0., 0., 0., 0., 0., 0., 0., 0.],
        [0., 1., 0., 0., 0., 0., 0., 0., 0., 0.],
        [0., 0., 0., 0., 0., 0., 1., 0., 0., 0.],
        [0., 0., 0., 0., 0., 0., 0., 0., 0., 0.]], device='cuda:0')
Epoch 8 | Batch 300
--- spikes (training) ---
tensor([[  8.,   6.,   1., 293.,   1.,   6.,   0.,   3.,   4.,   7.],
        [  0., 285.,  10.,  11.,   1.,   2.,  18.,   3.,  10.,   5.],
        [  3.,   1.,   4., 254.,   6.,   2.,   2.,   8.,   4.,   2.],
        [  0., 245.,  25.,  10.,   4.,   2.,   3.,   8.,  28.,   4.],
        [  1.,   1.,  12.,  14.,  16.,   6.,   5.,  12., 262.,   3.],
        [ 14.,   1.,   4.,   5.,   9.,   0.,   3., 274.,  10.,  10.],
        [  1.,  47.,   6.,   8.,   2.,   5., 259.,   1.,  25.,   5.],
        [  1.,   0.,   6.,  10.,   3.,   0.,   1., 256.,   6.,  84.],
        [  3.,  57.,  17.,  19.,   3.,  31.,   8.,  11., 232.,   3.],
        [305.,   0.,   3.,   9.,   2.,  12.,   6.,   2.,   0.,   1.],
        [ 10.,   0., 161.,  28.,   5.,   0.,   8.,  32.,   8.,   6.],
        [  2.,   3.,   5., 294.,   3.,   0.,   6.,   1.,   5.,   2.],
        [  1.,   0.,   0.,   6.,  22.,   0.,   1., 272.,   4.,  36.],
        [  5.,   5.,  17., 285.,   3.,  16.,   1.,   1.,  11.,   3.],
        [  9.,   0., 306.,   5.,   4.,   1.,   9.,   1.,   6.,  10.],
        [ 27.,   0.,   4., 301.,   4.,   8.,   0.,   1.,  13.,   2.],
        [  1.,   0.,   3.,   6.,   8.,   3.,   3.,  49.,  11., 284.],
        [307.,   0.,   6.,   0.,   2.,   5.,  15.,  31.,   0.,   1.],
        [220.,   0.,   5.,  23.,   9.,   1.,  36.,   4.,   4.,   4.],
        [  1.,   1., 154.,  28.,   7.,   0.,   3.,  89.,  54.,   3.],
        [  5.,   0.,   7.,  20.,   2.,   0.,   1., 279.,  10.,  64.],
        [  1.,   4.,   5.,   7., 246.,   2.,  10.,   5.,   7.,   7.],
        [  5.,   0.,  30., 300., 161.,   3.,   1.,   0.,   7.,   6.],
        [  7.,   0.,   1.,   7.,   2.,   0.,   1., 286.,   7., 141.],
        [ 68.,   0.,   1., 299.,   7.,  22.,   0.,   2.,   3.,   2.],
        [  2.,   7.,   9.,   8.,   7.,  11.,   2.,  14.,  97., 228.],
        [ 14.,   0.,   5., 293.,   2.,   1.,   2.,   1.,   3.,   2.],
        [  0., 263.,   2.,  11.,   1.,   6.,  14.,   2.,   3.,   4.],
        [  4.,   2.,  11.,   2., 139.,   4.,  13.,   3.,  17.,   4.],
        [  1.,   0.,   8.,   2.,  23.,   3.,   5.,   4.,   5., 247.],
        [  6., 108.,   8.,  10.,   0.,  28.,  15.,   5.,   6.,   4.],
        [  4.,   2., 120.,  10.,   5.,   0.,   2.,  21.,  20.,   8.],
        [  0., 248.,   3.,  17.,   2.,   9.,  18.,   3.,   9.,   7.],
        [  2.,   1.,   2.,   6.,   1., 281.,   1.,   1.,  81.,   8.],
        [  0.,   2., 230.,   3.,   5.,   0.,  24.,   1.,   3.,   2.],
        [305.,   0.,   4.,  12.,   3.,  16.,   5.,  17.,   0.,   2.],
        [  1.,   0.,   4.,  23.,  64., 174.,   5.,   0.,   7.,   3.],
        [  0.,   0.,   0.,   8.,  10.,   1.,   2., 277.,   5.,  26.],
        [  1.,   2.,   8.,   8.,   4.,   5., 288.,   1.,   2.,   3.],
        [  0.,   3., 286.,   5.,   4.,   2.,   7.,   3.,   4.,   4.],
        [  3.,   0.,   3.,   3.,  25.,   4.,   3.,  40.,   8., 284.],
        [  6.,   0.,   0.,   3., 283.,   2.,  16.,   9.,   7.,  22.],
        [ 27.,   0., 312.,   3.,   2.,   0.,   8.,   1.,   2.,  10.],
        [  0., 187.,  60.,   9.,   4.,   2.,   4.,   5.,  43.,   4.],
        [  4.,   8.,   7.,   1.,  13., 107.,   6.,   7., 269.,   3.],
        [115.,   0.,   0.,  11.,  13.,   0.,   4., 272.,   4.,  28.],
        [  3.,   0., 105.,  10.,  91.,   1., 162.,   0.,   8.,   3.],
        [  5.,   0., 261.,  33.,   4.,   0.,   3.,   5.,  92.,   5.],
        [ 17.,   0.,   1.,   2.,  46.,   3.,   4.,  91.,   4., 280.],
        [  3.,   0.,   2.,  14.,   5.,   0.,   1., 300.,   4., 137.],
        [  1.,  11.,   7.,   8.,  21.,  33.,   5.,  16., 250.,   7.],
        [  4.,   0., 308.,  10.,   4.,   0.,  10.,   1.,   1.,   3.],
        [298.,   0.,   4.,  14.,  16.,   5.,   6.,   3.,   1.,  29.],
        [  5.,   0.,  62., 308.,  61.,   1.,   1.,   0.,   6.,   4.],
        [  4.,   0.,   5., 163.,   3.,   1.,   5.,  16.,   9.,   1.],
        [  0.,   0.,  20.,   3., 121.,   0., 293.,   0.,   8.,   7.],
        [  7.,   0.,  10.,  11.,  36.,   2.,  10.,   5.,   2., 241.],
        [  2.,   6.,   3.,   3.,   8.,   1.,   7.,   7.,   5., 237.],
        [  6.,   0., 295.,  17.,  26.,   0.,   8.,   2.,   7.,  10.],
        [  0., 284.,  24.,  12.,   1.,   1.,  16.,   4.,  12.,   4.],
        [  3.,   2.,  22.,   4.,   5., 106.,   2.,   0.,  17.,   1.],
        [288.,   0.,   1.,  14.,   8.,  37.,  10.,   8.,   2.,   3.],
        [  1.,   8.,   6.,  16.,   2.,  58.,  30.,   2., 191.,   4.],
        [  2.,   2.,   4.,   7.,   6.,  16.,   3.,  14.,  34., 240.]],
       device='cuda:0')
--- spikes (finish interval) ---
tensor([[0., 0., 0., 0., 0., 0., 0., 0., 0., 0.],
        [0., 1., 0., 0., 0., 0., 0., 0., 0., 0.],
        [0., 0., 0., 0., 0., 0., 0., 0., 0., 0.],
        [0., 0., 0., 0., 0., 0., 0., 0., 0., 0.],
        [0., 0., 0., 0., 0., 0., 0., 0., 0., 0.],
        [0., 0., 0., 0., 0., 0., 0., 1., 0., 0.],
        [0., 0., 0., 0., 0., 0., 0., 0., 0., 0.],
        [0., 0., 0., 0., 0., 0., 0., 1., 0., 0.],
        [0., 0., 0., 0., 0., 0., 0., 0., 0., 0.],
        [0., 0., 0., 0., 0., 0., 0., 0., 0., 0.],
        [0., 0., 0., 0., 0., 0., 0., 0., 0., 0.],
        [0., 0., 0., 1., 0., 0., 0., 0., 0., 0.],
        [0., 0., 0., 0., 0., 0., 0., 0., 0., 0.],
        [0., 0., 0., 1., 0., 0., 0., 0., 0., 0.],
        [0., 0., 1., 0., 0., 0., 0., 0., 0., 0.],
        [0., 0., 0., 0., 0., 0., 0., 0., 0., 0.],
        [0., 0., 0., 0., 0., 0., 0., 0., 0., 1.],
        [0., 0., 0., 0., 0., 0., 0., 0., 0., 0.],
        [1., 0., 0., 0., 0., 0., 0., 0., 0., 0.],
        [0., 0., 0., 0., 0., 0., 0., 0., 0., 0.],
        [0., 0., 0., 0., 0., 0., 0., 1., 0., 0.],
        [0., 0., 0., 0., 1., 0., 0., 0., 0., 0.],
        [0., 0., 0., 0., 0., 0., 0., 0., 0., 0.],
        [0., 0., 0., 0., 0., 0., 0., 0., 0., 0.],
        [0., 0., 0., 0., 0., 0., 0., 0., 0., 0.],
        [0., 0., 0., 0., 0., 0., 0., 0., 0., 0.],
        [0., 0., 0., 1., 0., 0., 0., 0., 0., 0.],
        [0., 1., 0., 0., 0., 0., 0., 0., 0., 0.],
        [0., 0., 0., 0., 0., 0., 0., 0., 0., 0.],
        [0., 0., 0., 0., 0., 0., 0., 0., 0., 0.],
        [0., 0., 0., 0., 0., 0., 0., 0., 0., 0.],
        [0., 0., 0., 0., 0., 0., 0., 0., 0., 0.],
        [0., 1., 0., 0., 0., 0., 0., 0., 0., 0.],
        [0., 0., 0., 0., 0., 1., 0., 0., 0., 0.],
        [0., 0., 0., 0., 0., 0., 0., 0., 0., 0.],
        [1., 0., 0., 0., 0., 0., 0., 0., 0., 0.],
        [0., 0., 0., 0., 0., 0., 0., 0., 0., 0.],
        [0., 0., 0., 0., 0., 0., 0., 0., 0., 0.],
        [0., 0., 0., 0., 0., 0., 0., 0., 0., 0.],
        [0., 0., 1., 0., 0., 0., 0., 0., 0., 0.],
        [0., 0., 0., 0., 0., 0., 0., 0., 0., 0.],
        [0., 0., 0., 0., 1., 0., 0., 0., 0., 0.],
        [0., 0., 0., 0., 0., 0., 0., 0., 0., 0.],
        [0., 0., 0., 0., 0., 0., 0., 0., 0., 0.],
        [0., 0., 0., 0., 0., 0., 0., 0., 1., 0.],
        [0., 0., 0., 0., 0., 0., 0., 1., 0., 0.],
        [0., 0., 0., 0., 0., 0., 0., 0., 0., 0.],
        [0., 0., 0., 0., 0., 0., 0., 0., 0., 0.],
        [0., 0., 0., 0., 0., 0., 0., 0., 0., 0.],
        [0., 0., 0., 0., 0., 0., 0., 0., 0., 1.],
        [0., 0., 0., 0., 0., 0., 0., 0., 0., 0.],
        [0., 0., 1., 0., 0., 0., 0., 0., 0., 0.],
        [1., 0., 0., 0., 0., 0., 0., 0., 0., 0.],
        [0., 0., 0., 1., 0., 0., 0., 0., 0., 0.],
        [0., 0., 0., 1., 0., 0., 0., 0., 0., 0.],
        [0., 0., 0., 0., 0., 0., 0., 0., 0., 0.],
        [0., 0., 0., 0., 0., 0., 0., 0., 0., 0.],
        [0., 0., 0., 0., 0., 0., 0., 0., 0., 0.],
        [0., 0., 0., 0., 0., 0., 0., 0., 0., 0.],
        [0., 1., 0., 0., 0., 0., 0., 0., 0., 0.],
        [0., 0., 0., 0., 0., 0., 0., 0., 0., 0.],
        [1., 0., 0., 0., 0., 0., 0., 0., 0., 0.],
        [0., 0., 0., 0., 0., 0., 0., 0., 1., 0.],
        [0., 0., 0., 0., 0., 0., 0., 0., 0., 1.]], device='cuda:0')
Epoch 8 | Batch 400
--- spikes (training) ---
tensor([[  1.,   2., 233.,   5.,   2.,   0.,  16.,   1.,   9.,   5.],
        [  3.,   4., 211.,   4.,   0.,   0.,   1.,   2.,  80.,   0.],
        [313.,   2.,   0.,   0.,   0.,  30.,   5.,   6.,   5.,   0.],
        [  0.,  10.,   6.,   5.,   0.,   0.,   1., 258.,  10.,  24.],
        [  0., 265.,   1.,   4.,   0.,   1.,  11.,   1.,   9.,   2.],
        [  0., 295.,   3.,   4.,   0.,   0.,   5.,   6.,  15.,   3.],
        [  0.,   1.,   3.,   2.,  65., 220.,   0.,   0.,   3.,   0.],
        [  0.,  21.,   2., 244.,   1.,   0.,   0.,   3.,   6.,   5.],
        [  1.,   0.,   5.,   1.,  50.,   0.,   1.,   1.,   9., 269.],
        [  0., 276.,   7.,  20.,   0.,   0.,   1.,   9.,  18.,   3.],
        [  6.,   0.,  10.,   0.,  47.,   0.,   0.,  10.,  30., 288.],
        [  0.,   3.,  14., 286.,   3.,   2.,   1.,   2.,  25.,   1.],
        [  0., 245.,   0.,   2.,   0.,   0.,   6.,   2.,   6.,   1.],
        [  1.,   2.,   1.,   9.,   0., 160.,   1.,   2.,   6.,   0.],
        [ 18.,   1., 296.,   7.,   0.,   0.,   8.,   0.,  21.,   1.],
        [  3.,   1.,   4., 290.,   0.,  41.,   0.,   9.,   3.,   0.],
        [  1.,   2.,   3.,   0., 284.,   2.,  10.,   7.,   7.,  12.],
        [  0.,   6.,   3.,   9.,   3.,   2.,   2.,  10.,  12., 258.],
        [ 56.,   1., 273.,   2.,   5.,   0.,  15.,   0.,   5.,   4.],
        [  3.,   1.,  22.,   1.,   8.,   0.,   2.,   3.,   9., 269.],
        [  1.,  13.,   6.,   0.,  10.,  15., 286.,   1.,  13.,   9.],
        [  4.,  11.,   2.,   1.,   6.,   6.,   3.,   7., 264.,  29.],
        [  1.,   2.,   8.,   1.,   4.,   0.,   0., 282.,  11.,  26.],
        [  0.,  10.,   4.,   3.,  15.,   2.,   8.,   7.,  24., 260.],
        [ 59.,   4.,   2.,  19.,   0., 212.,   1.,   3.,   4.,   1.],
        [  5.,  10.,   1.,   3.,   4., 221.,   0.,   6.,  32.,  20.],
        [  0., 299.,   4.,   9.,   0.,   0.,   6.,  40.,  26.,   5.],
        [  4.,   5.,   6.,   1.,   3.,  23.,   2.,  29., 263.,  34.],
        [  0., 298.,   4.,   7.,   0.,   0.,   3.,  50.,  30.,   7.],
        [ 14.,   6.,   0.,   4.,  65., 192.,   1.,  25.,  16.,  19.],
        [  2.,   2.,   0.,   0., 296.,  23.,  10.,   3.,   8.,   4.],
        [ 36.,  31.,  15.,   2.,   2., 268.,   3.,   0., 128.,   1.],
        [  4.,   1., 284.,  22.,   0.,   0.,   1.,   2.,  13.,   0.],
        [  0.,   6.,   1.,   0.,  29.,   1., 254.,   0.,  12.,   6.],
        [  4.,  20.,   1.,  57.,   3., 221.,   0.,  15.,  16.,   2.],
        [  0., 296.,   3.,   5.,   0.,   0.,   4.,  12.,  26.,   4.],
        [  0.,   3.,   2.,   3.,  59.,   2.,   3.,  12.,  10., 270.],
        [  0.,   2.,   1.,  52., 302.,   0.,   4.,   7.,   1.,  79.],
        [  0., 290.,   3.,   4.,   0.,   0.,   2.,   5.,  18.,   2.],
        [ 20.,   5.,  16.,   3.,   1.,  11., 259.,   3.,   8.,   3.],
        [  1.,   7.,  39., 252.,   2.,   0.,  35.,  81.,   4.,   3.],
        [  0.,   2., 286.,   6.,   8.,   0.,  13.,   2.,   6.,   3.],
        [  0.,   7.,   3., 212.,   5.,  13.,   7.,  10.,   2.,   1.],
        [  0., 292.,  11.,  21.,   0.,   0.,   4.,   5., 129.,   1.],
        [  1.,   9.,   3., 260.,   2.,   5.,   1.,   3.,   6.,   2.],
        [  1.,   3.,   4.,   2.,   1.,   0.,   0., 271.,   3.,   5.],
        [  4.,   1.,  13.,   0.,  48.,   0., 266.,   0.,   6.,   7.],
        [  0.,   6.,   3.,   4.,   6.,   2.,   5.,  17., 158.,  19.],
        [  0., 287.,  16.,  36.,   0.,   0.,   1.,   4.,  48.,   1.],
        [  0., 302.,   4.,   6.,   0.,   0.,   9.,   9.,  21.,   2.],
        [ 41.,   2.,   0., 110.,   3., 262.,   0.,   1.,   4.,   2.],
        [ 18.,   1.,   0.,  36.,   0., 275.,   0.,   1.,   6.,   0.],
        [317.,   0.,  94.,   0.,   0.,   0.,   0.,   6.,   7.,   2.],
        [  0., 277.,   1.,   6.,   0.,   0.,   7.,   2.,   9.,   2.],
        [  3.,   5.,   2.,   3.,   3.,   0.,   2., 265.,   8.,  21.],
        [ 43.,   1.,   2., 296.,   0.,  35.,   0.,   4.,   7.,   0.],
        [  0.,   1.,   2.,   5.,   2.,   2.,   1.,   1.,   5., 271.],
        [  0., 272.,   8.,  48.,   8.,   0.,   0.,   8.,  79.,   2.],
        [ 43.,   2.,   0.,   0., 141.,   0.,   2.,  18.,   5., 238.],
        [  5.,   2.,   4.,   1.,  17.,   0.,   1.,  20.,  32., 279.],
        [  0., 259.,  56.,  19.,   0.,   0.,   1.,   2.,  53.,   1.],
        [  6.,   2.,   0.,  18.,   0., 249.,   0.,   3.,   7.,   1.],
        [276.,   1.,   1.,  15.,   0.,  43.,   0.,  22.,   5.,   2.],
        [  0.,  77.,  13.,  10.,   0.,   7.,   4.,   5., 248.,   1.]],
       device='cuda:0')
--- spikes (finish interval) ---
tensor([[0., 0., 1., 0., 0., 0., 0., 0., 0., 0.],
        [0., 0., 1., 0., 0., 0., 0., 0., 0., 0.],
        [0., 0., 0., 0., 0., 0., 0., 0., 0., 0.],
        [0., 0., 0., 0., 0., 0., 0., 0., 0., 0.],
        [0., 1., 0., 0., 0., 0., 0., 0., 0., 0.],
        [0., 0., 0., 0., 0., 0., 0., 0., 0., 0.],
        [0., 0., 0., 0., 0., 1., 0., 0., 0., 0.],
        [0., 0., 0., 1., 0., 0., 0., 0., 0., 0.],
        [0., 0., 0., 0., 0., 0., 0., 0., 0., 0.],
        [0., 0., 0., 0., 0., 0., 0., 0., 0., 0.],
        [0., 0., 0., 0., 0., 0., 0., 0., 0., 1.],
        [0., 0., 0., 1., 0., 0., 0., 0., 0., 0.],
        [0., 0., 0., 0., 0., 0., 0., 0., 0., 0.],
        [0., 0., 0., 0., 0., 0., 0., 0., 0., 0.],
        [0., 0., 1., 0., 0., 0., 0., 0., 0., 0.],
        [0., 0., 0., 0., 0., 0., 0., 0., 0., 0.],
        [0., 0., 0., 0., 0., 0., 0., 0., 0., 0.],
        [0., 0., 0., 0., 0., 0., 0., 0., 0., 1.],
        [0., 0., 0., 0., 0., 0., 0., 0., 0., 0.],
        [0., 0., 0., 0., 0., 0., 0., 0., 0., 1.],
        [0., 0., 0., 0., 0., 0., 0., 0., 0., 0.],
        [0., 0., 0., 0., 0., 0., 0., 0., 1., 0.],
        [0., 0., 0., 0., 0., 0., 0., 0., 0., 0.],
        [0., 0., 0., 0., 0., 0., 0., 0., 0., 1.],
        [0., 0., 0., 0., 0., 0., 0., 0., 0., 0.],
        [0., 0., 0., 0., 0., 0., 0., 0., 0., 0.],
        [0., 0., 0., 0., 0., 0., 0., 0., 0., 0.],
        [0., 0., 0., 0., 0., 0., 0., 0., 0., 0.],
        [0., 0., 0., 0., 0., 0., 0., 0., 0., 0.],
        [0., 0., 0., 0., 0., 0., 0., 0., 0., 0.],
        [0., 0., 0., 0., 1., 0., 0., 0., 0., 0.],
        [0., 0., 0., 0., 0., 0., 0., 0., 1., 0.],
        [0., 0., 0., 0., 0., 0., 0., 0., 0., 0.],
        [0., 0., 0., 0., 0., 0., 0., 0., 0., 0.],
        [0., 0., 0., 0., 0., 0., 0., 0., 0., 0.],
        [0., 1., 0., 0., 0., 0., 0., 0., 0., 0.],
        [0., 0., 0., 0., 0., 0., 0., 0., 0., 1.],
        [0., 0., 0., 0., 1., 0., 0., 0., 0., 0.],
        [0., 0., 0., 0., 0., 0., 0., 0., 0., 0.],
        [0., 0., 0., 0., 0., 0., 0., 0., 0., 0.],
        [0., 0., 0., 0., 0., 0., 0., 0., 0., 0.],
        [0., 0., 1., 0., 0., 0., 0., 0., 0., 0.],
        [0., 0., 0., 1., 0., 0., 0., 0., 0., 0.],
        [0., 0., 0., 0., 0., 0., 0., 0., 0., 0.],
        [0., 0., 0., 1., 0., 0., 0., 0., 0., 0.],
        [0., 0., 0., 0., 0., 0., 0., 1., 0., 0.],
        [0., 0., 0., 0., 0., 0., 1., 0., 0., 0.],
        [0., 0., 0., 0., 0., 0., 0., 0., 0., 0.],
        [0., 0., 0., 0., 0., 0., 0., 0., 0., 0.],
        [0., 1., 0., 0., 0., 0., 0., 0., 0., 0.],
        [0., 0., 0., 0., 0., 0., 0., 0., 0., 0.],
        [0., 0., 0., 0., 0., 1., 0., 0., 0., 0.],
        [1., 0., 0., 0., 0., 0., 0., 0., 0., 0.],
        [0., 1., 0., 0., 0., 0., 0., 0., 0., 0.],
        [0., 0., 0., 0., 0., 0., 0., 0., 0., 0.],
        [0., 0., 0., 0., 0., 0., 0., 0., 0., 0.],
        [0., 0., 0., 0., 0., 0., 0., 0., 0., 0.],
        [0., 1., 0., 0., 0., 0., 0., 0., 0., 0.],
        [0., 0., 0., 0., 0., 0., 0., 0., 0., 0.],
        [0., 0., 0., 0., 0., 0., 0., 0., 0., 1.],
        [0., 0., 0., 0., 0., 0., 0., 0., 0., 0.],
        [0., 0., 0., 0., 0., 1., 0., 0., 0., 0.],
        [1., 0., 0., 0., 0., 0., 0., 0., 0., 0.],
        [0., 0., 0., 0., 0., 0., 0., 0., 0., 0.]], device='cuda:0')
Epoch 8 | Batch 500
--- spikes (training) ---
tensor([[  0., 274.,   0.,   1.,   5.,  67.,  26.,   6.,   7.,   7.],
        [  2.,  67.,   1.,   1.,  17.,  11.,  28.,  19., 178.,  38.],
        [  0., 258.,   0.,   0.,   3.,  10.,   7.,   4.,   2.,   3.],
        [309.,   0.,   0.,   0.,   7.,   0.,   3.,   7.,   6.,   3.],
        [ 28.,   8.,   0.,   0.,  11., 155.,   3.,  13., 105.,   4.],
        [ 17.,   0.,   0.,   0.,  82.,   8.,   7.,   1.,   8., 272.],
        [  1.,   2.,   0.,   0.,  10.,  30.,   7.,  66.,   5., 276.],
        [  1.,  14.,   0.,   0.,   5.,   7.,  11.,  19.,   7., 157.],
        [  2.,   5., 283.,   7.,   4.,   0.,  21.,   7.,  18.,   4.],
        [ 10.,   5., 222.,   2.,   2.,   2.,   5.,  31.,  65.,   4.],
        [  7.,   9., 250.,  32.,   1.,  26.,   5.,  12.,  46.,   5.],
        [ 64.,   0.,   0.,   0.,  18.,   0.,   2., 293.,   1.,  47.],
        [  1.,   5.,   0.,   0.,   6.,   2.,   5., 258.,   4.,  11.],
        [312.,   0.,   5.,   0.,  36.,   0.,   2.,  10., 114.,   2.],
        [ 14.,   0.,   5.,   0.,  20.,   0., 291.,   3.,   3.,   4.],
        [  6.,   2.,  34., 294.,   8.,   9.,   1.,   1.,   4.,   4.],
        [  4.,   1., 273.,   0.,   4.,   1.,  10.,  28.,   6.,  18.],
        [  3.,   3.,   1., 248.,  11.,   0.,   4.,  38.,   9.,  20.],
        [  3.,   6.,   1.,   0., 101.,   0.,  23.,  80.,  28.,  18.],
        [  9.,   3.,   1.,   1.,  10.,  10.,   6.,   9., 246.,  24.],
        [ 24.,   5.,   0., 278.,   9.,  19.,   5.,  10.,   1.,   2.],
        [  1.,   2.,   0.,   0.,  11.,   5.,   6.,  11.,   5., 278.],
        [  1.,   4.,   0.,   3.,   5.,   0.,   4., 272.,   2.,  13.],
        [  8.,   0.,   6.,   0.,  13.,   0., 302.,   5.,   3.,   2.],
        [  2.,   3.,   1.,   0.,   9.,   1.,  11.,  14.,   6., 255.],
        [ 36.,   2.,   1., 287.,   4.,  28.,   1.,   4.,   3.,   0.],
        [  4.,   1.,   0.,   0.,  33.,   1.,  11.,  19.,   6., 281.],
        [  2.,   2.,   0.,   0.,  20.,   4.,   8.,  10.,  10., 280.],
        [  4.,   7.,   2.,   1.,   9.,   3.,  16.,  36., 259.,  13.],
        [  5.,  14.,   3.,   0.,  17.,  41.,  28.,  12., 260.,   5.],
        [  8.,   1.,   0.,  50.,   8., 233.,   3.,   2.,   8.,   6.],
        [  2.,   1.,   0.,   0.,   6.,   0.,   2., 309.,   5.,  23.],
        [  1.,   8.,   0.,   0.,   3., 227.,   2.,   5.,  72.,   3.],
        [  8.,  25.,   5.,   0.,  19.,  39.,   7.,  45., 242.,   7.],
        [ 57.,   0.,   0.,   0.,  25., 234.,   4.,   2.,  28.,  64.],
        [  2.,   1.,   0.,   0.,   6.,   0.,   3., 304.,   5.,  41.],
        [  9.,   7., 206.,   2.,   5.,   1.,   9.,  22.,  39.,   4.],
        [  6.,   1.,   7., 293.,  18.,   1.,   2.,   2.,   7.,   1.],
        [  2.,   2.,   0.,   0.,  11.,   3.,   7.,  21.,   6., 277.],
        [302.,   0.,  18.,   0.,   9.,   0.,   3.,  26.,   1.,   4.],
        [  5.,   6.,  11.,  95.,  12.,  24.,   5., 148., 146.,   2.],
        [ 12.,   0.,   0., 290.,   5.,  17.,   1.,   7.,   4.,   4.],
        [  3.,  25.,   2.,   7.,   5.,   2.,  13.,  27., 198.,  17.],
        [ 11.,   0.,   0.,   0.,  18.,   0.,   1., 295.,   4.,  66.],
        [ 30.,   3.,   2., 237.,   6.,  12.,   3.,   4.,  12.,   2.],
        [  9.,   1.,   0.,   7.,  11., 232.,   4.,   7.,  19.,  41.],
        [  0.,  56.,  12.,   0.,   7.,  11.,   3.,   4.,  76.,   2.],
        [  7.,  69.,  38., 282.,   7.,   4.,   5.,   4.,   5.,   3.],
        [  5.,   4., 229.,   3.,   2.,  22.,  18.,   3.,  11.,   4.],
        [ 10.,   5., 268.,   0.,   3.,   0.,   8.,  11.,  14.,   6.],
        [  8.,   1.,   0.,   0.,  36.,   2.,   5.,   6.,  11., 288.],
        [ 25.,   4.,  15.,   0.,  16.,  45.,  94.,   3.,  23.,  17.],
        [310.,   0.,   1.,   0.,  17.,   1.,   5.,  10.,  14.,   2.],
        [ 25.,   3.,   1.,   0.,   9.,  27.,   3.,  58., 234.,  14.],
        [  1., 264.,   0.,   0.,   6.,   0.,   8.,  17.,   6.,  12.],
        [  1.,   3.,   0.,   0.,  13.,   4.,  10.,  33.,   8., 275.],
        [  2.,   5., 273.,   3.,   2.,   0.,  10.,  11.,   3.,   1.],
        [  9.,   3.,   0.,  24.,   8., 250.,  11.,   4.,   9.,   7.],
        [  6.,  23., 252.,  64.,   0.,  21.,   2.,   5.,  71.,   2.],
        [ 19.,   0.,  47.,   0., 110.,   0.,   6.,   3.,  19.,   3.],
        [ 14.,  10.,   2., 155.,   9.,   5.,   9.,  13.,   0.,   2.],
        [  3.,   1.,   0.,   0.,  16.,   0.,   7.,  10.,  10., 279.],
        [  4.,   3.,   1.,   0., 233.,   3.,  15.,  15.,  12.,  29.],
        [  4.,   1.,   0.,   0., 264.,   1.,   6.,  11.,   8.,   9.]],
       device='cuda:0')
--- spikes (finish interval) ---
tensor([[0., 0., 0., 0., 0., 1., 0., 0., 0., 0.],
        [0., 0., 0., 0., 0., 0., 0., 0., 1., 0.],
        [0., 0., 0., 0., 0., 0., 0., 0., 0., 0.],
        [0., 0., 0., 0., 0., 0., 0., 0., 0., 0.],
        [0., 0., 0., 0., 0., 0., 0., 0., 0., 0.],
        [0., 0., 0., 0., 0., 0., 0., 0., 0., 0.],
        [0., 0., 0., 0., 0., 0., 0., 0., 0., 0.],
        [0., 0., 0., 0., 0., 0., 0., 0., 0., 1.],
        [0., 0., 0., 0., 0., 0., 0., 0., 0., 0.],
        [0., 0., 0., 0., 0., 0., 0., 0., 0., 0.],
        [0., 0., 0., 0., 0., 0., 0., 0., 0., 0.],
        [0., 0., 0., 0., 0., 0., 0., 1., 0., 0.],
        [0., 0., 0., 0., 0., 0., 0., 0., 0., 0.],
        [0., 0., 0., 0., 0., 0., 0., 0., 1., 0.],
        [0., 0., 0., 0., 0., 0., 0., 0., 0., 0.],
        [0., 0., 0., 0., 0., 0., 0., 0., 0., 0.],
        [0., 0., 1., 0., 0., 0., 0., 0., 0., 0.],
        [0., 0., 0., 0., 0., 0., 0., 0., 0., 0.],
        [0., 0., 0., 0., 0., 0., 0., 0., 0., 0.],
        [0., 0., 0., 0., 0., 0., 0., 0., 1., 0.],
        [0., 0., 0., 1., 0., 0., 0., 0., 0., 0.],
        [0., 0., 0., 0., 0., 0., 0., 0., 0., 1.],
        [0., 0., 0., 0., 0., 0., 0., 1., 0., 0.],
        [0., 0., 0., 0., 0., 0., 1., 0., 0., 0.],
        [0., 0., 0., 0., 0., 0., 0., 0., 0., 0.],
        [0., 0., 0., 1., 0., 0., 0., 0., 0., 0.],
        [0., 0., 0., 0., 0., 0., 0., 0., 0., 1.],
        [0., 0., 0., 0., 0., 0., 0., 0., 0., 0.],
        [0., 0., 0., 0., 0., 0., 0., 0., 1., 0.],
        [0., 0., 0., 0., 0., 0., 0., 0., 0., 0.],
        [0., 0., 0., 0., 0., 0., 0., 0., 0., 0.],
        [0., 0., 0., 0., 0., 0., 0., 1., 0., 0.],
        [0., 0., 0., 0., 0., 0., 0., 0., 0., 0.],
        [0., 0., 0., 0., 0., 0., 0., 0., 0., 0.],
        [0., 0., 0., 0., 0., 0., 0., 0., 0., 0.],
        [0., 0., 0., 0., 0., 0., 0., 0., 0., 0.],
        [0., 0., 0., 0., 0., 0., 0., 0., 0., 0.],
        [0., 0., 0., 1., 0., 0., 0., 0., 0., 0.],
        [0., 0., 0., 0., 0., 0., 0., 0., 0., 0.],
        [0., 0., 0., 0., 0., 0., 0., 0., 0., 0.],
        [0., 0., 0., 0., 0., 0., 0., 0., 0., 0.],
        [0., 0., 0., 1., 0., 0., 0., 0., 0., 0.],
        [0., 0., 0., 0., 0., 0., 0., 0., 0., 0.],
        [0., 0., 0., 0., 0., 0., 0., 1., 0., 0.],
        [0., 0., 0., 1., 0., 0., 0., 0., 0., 0.],
        [0., 0., 0., 0., 0., 1., 0., 0., 0., 0.],
        [0., 0., 0., 0., 0., 0., 0., 0., 0., 0.],
        [0., 0., 0., 1., 0., 0., 0., 0., 0., 0.],
        [0., 0., 1., 0., 0., 0., 0., 0., 0., 0.],
        [0., 0., 1., 0., 0., 0., 0., 0., 0., 0.],
        [0., 0., 0., 0., 0., 0., 0., 0., 0., 0.],
        [0., 0., 0., 0., 0., 0., 0., 0., 0., 0.],
        [1., 0., 0., 0., 0., 0., 0., 0., 0., 0.],
        [0., 0., 0., 0., 0., 0., 0., 0., 0., 0.],
        [0., 1., 0., 0., 0., 0., 0., 0., 0., 0.],
        [0., 0., 0., 0., 0., 0., 0., 0., 0., 1.],
        [0., 0., 1., 0., 0., 0., 0., 0., 0., 0.],
        [0., 0., 0., 0., 0., 0., 0., 0., 0., 0.],
        [0., 0., 1., 0., 0., 0., 0., 0., 0., 0.],
        [0., 0., 0., 0., 0., 0., 0., 0., 0., 0.],
        [0., 0., 0., 0., 0., 0., 0., 0., 0., 0.],
        [0., 0., 0., 0., 0., 0., 0., 0., 0., 0.],
        [0., 0., 0., 0., 0., 0., 0., 0., 0., 0.],
        [0., 0., 0., 0., 0., 0., 0., 0., 0., 0.]], device='cuda:0')
Epoch 8 | Batch 600
--- spikes (training) ---
tensor([[214.,   0.,   0.,   4.,   0.,  12.,  10.,   2.,   5.,  45.],
        [ 50.,   0., 287.,   0., 130.,   1.,  18.,   0.,   8.,   5.],
        [  6.,   7.,   0.,   0.,  58.,  10.,   3.,  17.,  10., 153.],
        [  2.,   0.,   6.,   0.,  76.,   3., 295.,   1.,   6.,   2.],
        [  9.,   1.,   0.,   1.,   3.,   7.,   0., 304.,   4.,  20.],
        [  2.,   3.,   9.,  11.,   7.,  73.,   4.,   8., 278.,   1.],
        [  1.,   0., 301.,   0.,  16.,   3.,  86.,   0.,  50.,   0.],
        [  1.,   2., 294.,   5.,   0.,   5.,   3.,   2.,  30.,   0.],
        [  6.,   2., 293.,   0.,   0.,  18.,   1.,   6.,   4.,   2.],
        [  3.,   3.,   0.,   0.,  12.,   7., 269.,   5.,   3.,   3.],
        [  1.,   0.,   6., 291.,   2.,  33.,   0.,   0.,  11.,   0.],
        [  2.,   2.,   0.,   1.,  49.,  10.,   4.,   9.,   7., 266.],
        [ 53.,   0.,   0., 231.,   4., 137.,  50.,   3.,  22.,  41.],
        [  2.,   2.,   8.,  49.,   3.,  80.,   3.,   4., 249.,   0.],
        [ 10.,   2.,   0.,   2.,   0.,   4.,   0., 313.,   3.,   8.],
        [  6.,  43.,   0.,   2.,   1., 159.,   7.,   2.,   7.,   4.],
        [  0., 286.,   0.,   7.,   2.,   7.,   3.,   9.,   2.,   3.],
        [  0.,   4.,  15., 148.,   4.,  34.,   1.,  12.,   4.,   3.],
        [  9.,   0.,   4.,   0.,   6.,   4., 306.,   1.,   4.,   3.],
        [ 10.,   3.,   0.,   1.,   4., 272.,   0.,   3.,   4.,  14.],
        [  9.,   1.,   0.,   0., 235.,   5.,  24.,  15.,   7.,  84.],
        [ 18.,   0., 123.,   3.,  32.,  21.,  26.,   3.,   6.,   0.],
        [  2.,   2.,   0.,   0., 284.,   7.,   4.,  17.,  34.,   7.],
        [  4.,  43.,   6., 246.,   4.,  12.,   1.,   3.,   4.,   0.],
        [  2.,   0., 181., 237.,   6.,   4.,  70.,   0.,   3.,   0.],
        [  2.,   2.,   5.,   0.,   3.,   7., 299.,   1.,   4.,   0.],
        [  3.,   0., 297.,   1.,   2.,   5.,  10.,   0.,   3.,   0.],
        [  2.,   0., 228.,   5.,  23.,   6.,  10.,   7.,   5.,   1.],
        [ 24.,   0.,   5.,   0.,  66.,   2., 292.,   0.,  14.,   2.],
        [  1.,   5.,   0.,   1.,  38.,   6., 264.,   9.,  64.,   8.],
        [  3.,   2.,   0.,   1.,   9.,  14.,   7.,  12.,   3., 253.],
        [  2.,   1.,   0.,   1., 272.,   6.,   4.,  11.,   7.,  95.],
        [  4.,   0.,  29.,   0.,   2.,   9., 298.,   4.,  10.,   4.],
        [  1., 197.,  18.,   6.,   4.,  16.,   1.,   1.,  15.,   0.],
        [ 23.,   0.,   0.,   1.,   7., 281.,   7.,   3.,   6.,   5.],
        [  0., 249.,   0.,   2.,   1.,   3.,   2.,   7.,   3.,   1.],
        [  1.,   3., 157.,   2.,   0.,   4.,  25.,  19.,   9.,   2.],
        [ 10.,   0., 289.,   2.,   3.,   4.,   9.,   5.,   5.,   1.],
        [  0.,   5.,   0.,   3., 224.,  12.,  10.,  18.,   4.,   8.],
        [ 15.,   0.,   0.,   2.,   4.,   6.,   0., 277.,   3.,  11.],
        [  2.,   3., 267.,   0.,   4.,   7.,   9.,   3.,   6.,  78.],
        [  2.,   0.,   9., 294.,   0.,  62.,   0.,   0.,   9.,   0.],
        [  9.,   1.,   0.,   3.,   2.,   6.,   0., 305.,   6.,  28.],
        [ 23.,   0.,   0., 291.,   0.,  84.,   3.,   1.,  10.,  12.],
        [  1.,   0.,   0.,   4.,   0.,   1.,   0., 310.,   3.,  17.],
        [  2.,   0.,   3.,   0.,  19.,   4., 299.,   4.,  12.,   4.],
        [  0.,   0.,   1.,   8., 292.,   5.,   5.,   7.,  58.,  45.],
        [  4.,   1.,   2.,   0.,   2.,   9., 290.,   2.,   7.,   0.],
        [  6.,   0.,   0., 291.,   0.,  96.,   0.,   0.,  27.,   2.],
        [  2.,  12.,   0., 264.,   4.,   7.,   4.,   8.,   2.,   2.],
        [  1., 297.,   0., 103.,   5.,  13.,   4.,  10.,   3.,   6.],
        [  2.,   9.,  12.,   2.,   4.,  11.,  19.,   6., 200.,   0.],
        [274.,   0.,   0.,   5.,   0.,  48.,   2.,   0.,   2.,   1.],
        [ 14.,   1., 274.,   0.,   8.,   7.,  42.,   3.,   3.,   3.],
        [  2.,   2.,   0.,   2.,   7.,  11.,   2.,  46.,   5., 153.],
        [  2.,   2.,   0.,   1.,  25.,  15.,   5.,  36.,   1., 258.],
        [  3.,   2., 233.,   2.,   1.,   5.,   8.,  23.,  15.,   1.],
        [  7.,   0.,   0.,  33.,   0., 258.,   2.,   0., 172.,   3.],
        [ 10.,   0., 287.,   0.,   7.,  12.,  25.,  20.,   3.,   4.],
        [293.,   0.,  22.,   3.,   0.,  19.,   2.,   1.,  12.,   3.],
        [  0., 280.,   0.,   8.,   1.,   6.,   1.,   2.,   1.,   4.],
        [  6.,   3.,   0.,   0., 293.,  10.,  33.,  11.,   4.,   1.],
        [311.,   0.,  16.,   2.,   0.,  26.,   6.,   4.,   4.,  29.],
        [ 15.,   0.,  24.,   0.,   3.,  20., 211.,   0.,   9.,   3.]],
       device='cuda:0')
--- spikes (finish interval) ---
tensor([[0., 0., 0., 0., 0., 0., 0., 0., 0., 0.],
        [0., 0., 0., 0., 1., 0., 0., 0., 0., 0.],
        [0., 0., 0., 0., 0., 0., 0., 0., 0., 0.],
        [0., 0., 0., 0., 0., 0., 0., 0., 0., 0.],
        [0., 0., 0., 0., 0., 0., 0., 1., 0., 0.],
        [0., 0., 0., 0., 0., 0., 0., 0., 0., 0.],
        [0., 0., 1., 0., 0., 0., 0., 0., 0., 0.],
        [0., 0., 1., 0., 0., 0., 0., 0., 0., 0.],
        [0., 0., 0., 0., 0., 0., 0., 0., 0., 0.],
        [0., 0., 0., 0., 0., 0., 1., 0., 0., 0.],
        [0., 0., 0., 1., 0., 0., 0., 0., 0., 0.],
        [0., 0., 0., 0., 0., 0., 0., 0., 0., 0.],
        [0., 0., 0., 1., 0., 0., 0., 0., 0., 0.],
        [0., 0., 0., 0., 0., 0., 0., 0., 1., 0.],
        [0., 0., 0., 0., 0., 0., 0., 0., 0., 0.],
        [0., 0., 0., 0., 0., 0., 0., 0., 0., 0.],
        [0., 0., 0., 0., 0., 0., 0., 0., 0., 0.],
        [0., 0., 0., 0., 0., 0., 0., 0., 0., 0.],
        [0., 0., 0., 0., 0., 0., 1., 0., 0., 0.],
        [0., 0., 0., 0., 0., 1., 0., 0., 0., 0.],
        [0., 0., 0., 0., 0., 0., 0., 0., 0., 0.],
        [0., 0., 0., 0., 0., 0., 0., 0., 0., 0.],
        [0., 0., 0., 0., 1., 0., 0., 0., 0., 0.],
        [0., 0., 0., 0., 0., 0., 0., 0., 0., 0.],
        [0., 0., 0., 1., 0., 0., 0., 0., 0., 0.],
        [0., 0., 0., 0., 0., 0., 0., 0., 0., 0.],
        [0., 0., 1., 0., 0., 0., 0., 0., 0., 0.],
        [0., 0., 1., 0., 0., 0., 0., 0., 0., 0.],
        [0., 0., 0., 0., 0., 0., 0., 0., 0., 0.],
        [0., 0., 0., 0., 0., 0., 0., 0., 0., 0.],
        [0., 0., 0., 0., 0., 0., 0., 0., 0., 1.],
        [0., 0., 0., 0., 0., 0., 0., 0., 0., 0.],
        [0., 0., 0., 0., 0., 0., 0., 0., 0., 0.],
        [0., 0., 0., 0., 0., 0., 0., 0., 0., 0.],
        [0., 0., 0., 0., 0., 1., 0., 0., 0., 0.],
        [0., 0., 0., 0., 0., 0., 0., 0., 0., 0.],
        [0., 0., 0., 0., 0., 0., 0., 0., 0., 0.],
        [0., 0., 0., 0., 0., 0., 0., 0., 0., 0.],
        [0., 0., 0., 0., 0., 0., 0., 0., 0., 0.],
        [0., 0., 0., 0., 0., 0., 0., 1., 0., 0.],
        [0., 0., 1., 0., 0., 0., 0., 0., 0., 0.],
        [0., 0., 0., 0., 0., 0., 0., 0., 0., 0.],
        [0., 0., 0., 0., 0., 0., 0., 1., 0., 0.],
        [0., 0., 0., 0., 0., 0., 0., 0., 0., 0.],
        [0., 0., 0., 0., 0., 0., 0., 0., 0., 0.],
        [0., 0., 0., 0., 0., 0., 0., 0., 0., 0.],
        [0., 0., 0., 0., 0., 0., 0., 0., 0., 0.],
        [0., 0., 0., 0., 0., 0., 1., 0., 0., 0.],
        [0., 0., 0., 0., 0., 0., 0., 0., 0., 0.],
        [0., 0., 0., 1., 0., 0., 0., 0., 0., 0.],
        [0., 1., 0., 0., 0., 0., 0., 0., 0., 0.],
        [0., 0., 0., 0., 0., 0., 0., 0., 1., 0.],
        [1., 0., 0., 0., 0., 0., 0., 0., 0., 0.],
        [0., 0., 0., 0., 0., 0., 0., 0., 0., 0.],
        [0., 0., 0., 0., 0., 0., 0., 0., 0., 0.],
        [0., 0., 0., 0., 0., 0., 0., 0., 0., 0.],
        [0., 0., 0., 0., 0., 0., 0., 0., 0., 0.],
        [0., 0., 0., 0., 0., 0., 0., 0., 1., 0.],
        [0., 0., 1., 0., 0., 0., 0., 0., 0., 0.],
        [1., 0., 0., 0., 0., 0., 0., 0., 0., 0.],
        [0., 1., 0., 0., 0., 0., 0., 0., 0., 0.],
        [0., 0., 0., 0., 1., 0., 0., 0., 0., 0.],
        [0., 0., 0., 0., 0., 0., 0., 0., 0., 0.],
        [0., 0., 0., 0., 0., 0., 0., 0., 0., 0.]], device='cuda:0')
Epoch 8 | Batch 700
--- spikes (training) ---
tensor([[  6.,   4.,   2.,   6.,  18.,   9.,  10.,  21., 181., 122.],
        [ 25.,   5.,   4., 279.,   5.,  18.,   2.,   8.,   2.,   4.],
        [ 20.,   2., 237.,   3.,   4.,   2.,   6.,  38.,   1.,   1.],
        [ 13.,  20.,   3.,   4.,   6., 211.,   7.,   4.,  18.,   3.],
        [  1.,  29.,   2.,  50.,   2.,   7.,   5.,   3.,   5., 234.],
        [ 14.,   3.,   3.,  11.,  62.,   4.,   9., 256.,   5.,  14.],
        [294.,   0.,  11.,   5.,   2.,  18.,   1.,  15.,   2.,   0.],
        [  0., 292.,   8.,   8.,   1.,   2.,   4.,   1.,  13.,   2.],
        [  0., 297.,  12.,  14.,   2.,   4.,   5.,   3.,  29.,   3.],
        [  1., 303.,  28.,  17.,   1.,   7.,   8.,   3.,  70.,   4.],
        [  3.,  25.,   5.,  73.,   7.,   6.,  11.,   6., 125.,  14.],
        [  1.,   1.,   0.,  11., 274.,   4.,  13.,   5.,   7.,  17.],
        [255.,   0.,   4.,   4.,  13.,  14.,  49.,  17.,   1.,   1.],
        [  1.,   8.,   1.,  15.,  10.,   2.,   9.,  11.,   2., 289.],
        [  0., 305.,  36.,  16.,   1.,   5.,   8.,   2.,   4.,   5.],
        [  0., 293.,   8.,  20.,   1.,   3.,   3.,   3.,   1.,   8.],
        [  5.,   4.,   2.,  10., 285.,   4., 121.,   2.,   3.,  62.],
        [  5.,   2.,   3.,  26.,  15.,  19.,  12.,  14., 202., 116.],
        [ 80.,   0.,  56.,   7.,  16.,   8.,  13.,   8.,   8.,  73.],
        [ 14.,   1.,  79.,   5.,  25.,   4., 297.,   3.,   1.,   0.],
        [  2.,   1.,   3.,   7.,  49.,   6.,   7.,   0.,   6., 191.],
        [  9.,   4.,  16.,   6.,  28.,   6., 303.,   0.,   8.,  17.],
        [ 17.,   4.,   1.,  16.,  19., 260.,   5.,   4.,   8.,   4.],
        [  0.,   0.,   0.,   4.,   1.,   0.,   1., 143.,   0.,   4.],
        [ 21.,   2.,   2.,  17.,   2., 258.,   3.,  11.,   4.,   0.],
        [  3.,  11.,   5.,   7.,   1.,   1.,   1., 203.,   2.,   8.],
        [304.,   0.,   5., 142.,   5.,   8.,  24.,  27.,  38.,   2.],
        [  5.,   1.,   1.,  15.,  15.,   4.,   2.,  24.,   5., 277.],
        [ 11.,  17.,  13.,  13.,   2.,   4.,   2., 243.,   5.,   3.],
        [ 20.,   1.,   1.,  24.,  23., 154., 100.,   1.,  11.,  87.],
        [ 72.,   0., 298.,  39.,   3.,   3.,   6.,   8.,   3.,   1.],
        [  0., 303.,  11.,  15.,   1.,   4.,   5.,   3.,  11.,   3.],
        [  3.,   3.,   3.,  10., 262.,   1.,  13.,   5.,   2.,  43.],
        [  1.,  13.,   3.,  10.,   5.,   5.,  16.,   5.,   7., 237.],
        [ 14.,   0.,   4.,  32.,   6.,  23.,   6.,   9.,  62., 202.],
        [ 16.,  18.,   8., 292.,   4.,  73.,   2.,   7.,   3.,   1.],
        [  5.,   7.,  13.,  11.,   5.,   3., 295.,   6.,   4.,   3.],
        [  6.,  74.,   3.,   7.,   8., 227.,   3.,   1.,  12.,   3.],
        [ 18.,   5.,   5., 292.,   5.,  11.,   2.,   5.,   5.,   1.],
        [  0., 307.,  26.,  31.,   2.,   5.,  10.,   3.,  23.,   7.],
        [  4.,   2.,  10.,   8.,  21.,   5., 298.,   1.,   3.,  16.],
        [ 54.,   2., 216.,  21.,   4.,  11.,   3.,  42.,   4.,   2.],
        [  7.,   0.,   4.,  14.,   3.,   5.,   2., 258.,   2.,  26.],
        [  0., 296.,   8.,  19.,   1.,   3.,   4.,   3.,   1.,   8.],
        [  0., 294.,   4.,  18.,   1.,  12.,   7.,   2.,   4.,   5.],
        [ 92.,   2.,   4.,   8.,   7.,  31., 161.,   4.,  54.,   3.],
        [ 27.,   2.,   0.,  14.,  21.,   2.,   3., 275.,   2.,   5.],
        [  0., 301.,   5.,  33.,   1.,   4.,   5.,   4.,   1.,  12.],
        [  0., 300.,   7.,  25.,   1.,   4.,   4.,   4.,   1.,  10.],
        [  0., 175.,   3.,  18.,   1.,   4.,   6.,   3.,   3.,   6.],
        [  2., 116.,   5., 284.,   3.,   5.,  12.,   3.,   3.,  12.],
        [  6.,   7.,  26.,   8.,  25.,   1., 262.,   3.,   3.,   1.],
        [  1., 247.,  11.,  14.,   2.,   3.,   3.,   3.,  74.,   3.],
        [308.,   0.,   9.,   1.,   1., 146.,   2.,  73.,   4.,   1.],
        [ 11.,   0.,   1.,  33.,   2., 251.,   5.,   5.,  21.,   3.],
        [  0., 249.,   2.,  32.,   1.,   3.,   4.,   4.,   2.,   9.],
        [ 16.,   7.,   2.,   7.,   8., 108.,  18.,   7., 230.,   4.],
        [  4.,  72.,   2.,  23.,   4.,  35.,   6.,   8.,  13., 156.],
        [ 10.,  43.,   8., 288.,   8.,   6.,  10.,  13.,   6.,   3.],
        [294.,   0.,   2.,   7.,   6.,   8.,   7.,   6.,   4.,   0.],
        [ 11.,   5.,  31.,   7.,   7.,  15., 298.,   2.,  11.,   6.],
        [ 15.,   2.,   7.,  20.,   8.,  17.,  12.,   8., 242.,  23.],
        [310.,   0.,   5.,  32.,   5.,  14.,  18.,   9.,   5.,   2.],
        [  2.,   2.,   1.,  12.,  32.,   2.,  13., 245.,   4.,  22.]],
       device='cuda:0')
--- spikes (finish interval) ---
tensor([[0., 0., 0., 0., 0., 0., 0., 0., 0., 0.],
        [0., 0., 0., 0., 0., 0., 0., 0., 0., 0.],
        [0., 0., 0., 0., 0., 0., 0., 0., 0., 0.],
        [0., 0., 0., 0., 0., 0., 0., 0., 0., 0.],
        [0., 0., 0., 0., 0., 0., 0., 0., 0., 0.],
        [0., 0., 0., 0., 0., 0., 0., 0., 0., 0.],
        [1., 0., 0., 0., 0., 0., 0., 0., 0., 0.],
        [0., 0., 0., 0., 0., 0., 0., 0., 0., 0.],
        [0., 0., 0., 0., 0., 0., 0., 0., 0., 0.],
        [0., 0., 0., 0., 0., 0., 0., 0., 0., 0.],
        [0., 0., 0., 0., 0., 0., 0., 0., 1., 0.],
        [0., 0., 0., 0., 0., 0., 0., 0., 0., 0.],
        [1., 0., 0., 0., 0., 0., 0., 0., 0., 0.],
        [0., 0., 0., 0., 0., 0., 0., 0., 0., 0.],
        [0., 1., 0., 0., 0., 0., 0., 0., 0., 0.],
        [0., 1., 0., 0., 0., 0., 0., 0., 0., 0.],
        [0., 0., 0., 0., 1., 0., 0., 0., 0., 0.],
        [0., 0., 0., 0., 0., 0., 0., 0., 0., 1.],
        [0., 0., 0., 0., 0., 0., 0., 0., 0., 0.],
        [0., 0., 0., 0., 0., 0., 1., 0., 0., 0.],
        [0., 0., 0., 0., 0., 0., 0., 0., 0., 0.],
        [0., 0., 0., 0., 0., 0., 1., 0., 0., 0.],
        [0., 0., 0., 0., 0., 0., 0., 0., 0., 0.],
        [0., 0., 0., 0., 0., 0., 1., 0., 0., 0.],
        [0., 0., 0., 0., 0., 1., 0., 0., 0., 0.],
        [0., 0., 0., 0., 0., 0., 0., 0., 0., 0.],
        [1., 0., 0., 0., 0., 0., 0., 0., 0., 0.],
        [0., 0., 0., 0., 0., 0., 0., 0., 0., 0.],
        [0., 0., 0., 0., 0., 0., 0., 0., 0., 0.],
        [0., 0., 0., 0., 0., 0., 0., 0., 0., 0.],
        [0., 0., 0., 0., 0., 0., 0., 0., 0., 0.],
        [0., 0., 0., 0., 0., 0., 0., 0., 0., 0.],
        [0., 0., 0., 0., 0., 0., 0., 0., 0., 0.],
        [0., 0., 0., 0., 0., 0., 0., 0., 0., 0.],
        [0., 0., 0., 0., 0., 0., 0., 0., 0., 1.],
        [0., 0., 0., 1., 0., 0., 0., 0., 0., 0.],
        [0., 0., 0., 0., 0., 0., 1., 0., 0., 0.],
        [0., 0., 0., 0., 0., 0., 0., 0., 0., 0.],
        [0., 0., 0., 0., 0., 0., 0., 0., 0., 0.],
        [0., 0., 0., 0., 0., 0., 0., 0., 0., 0.],
        [0., 0., 0., 0., 0., 0., 1., 0., 0., 0.],
        [0., 0., 0., 0., 0., 0., 0., 0., 0., 0.],
        [0., 0., 0., 0., 0., 0., 0., 1., 0., 0.],
        [0., 0., 0., 0., 0., 0., 0., 0., 0., 0.],
        [0., 0., 0., 0., 0., 0., 0., 0., 0., 0.],
        [0., 0., 0., 0., 0., 0., 1., 0., 0., 0.],
        [0., 0., 0., 0., 0., 0., 0., 1., 0., 0.],
        [0., 0., 0., 0., 0., 0., 0., 0., 0., 0.],
        [0., 1., 0., 0., 0., 0., 0., 0., 0., 0.],
        [0., 0., 0., 0., 0., 0., 0., 0., 0., 0.],
        [0., 0., 0., 1., 0., 1., 0., 0., 0., 0.],
        [0., 0., 0., 0., 0., 0., 1., 0., 0., 0.],
        [0., 0., 0., 0., 0., 0., 0., 0., 0., 0.],
        [0., 0., 0., 0., 0., 1., 0., 0., 0., 0.],
        [0., 0., 0., 0., 0., 0., 0., 0., 0., 0.],
        [0., 1., 0., 0., 0., 0., 0., 0., 0., 0.],
        [0., 0., 0., 0., 0., 0., 0., 0., 1., 0.],
        [0., 0., 0., 0., 0., 0., 0., 0., 0., 0.],
        [0., 0., 0., 0., 0., 0., 0., 0., 0., 0.],
        [1., 0., 0., 0., 0., 0., 0., 0., 0., 0.],
        [0., 0., 0., 0., 0., 0., 0., 0., 0., 0.],
        [0., 0., 0., 0., 0., 0., 0., 0., 1., 0.],
        [0., 0., 0., 0., 0., 0., 0., 0., 0., 0.],
        [0., 0., 0., 0., 0., 0., 0., 0., 0., 0.]], device='cuda:0')
Epoch 8 | Batch 800
--- spikes (training) ---
tensor([[  0.,   7.,   5.,   7.,   2.,   0.,   2., 272.,   1.,  15.],
        [  8.,   1.,   5.,   2.,  19., 216.,  26.,   5.,   5.,  16.],
        [ 26.,   0.,  12.,  12.,   5., 274.,   5.,   1.,   2.,  11.],
        [302.,   0.,   9.,   6.,   0.,  86.,   5.,   5.,   5.,   4.],
        [ 11.,   0.,   1.,  80.,   2., 202.,   6.,   4.,   2.,  17.],
        [  0., 222.,  17.,   6.,   3.,   1.,   3.,   2., 125.,   5.],
        [ 13.,   0.,  12., 305.,   2.,   5.,   1.,   2.,   2.,   3.],
        [  1.,   2.,  34.,   1.,  63.,   2.,  31.,   2.,   5.,   4.],
        [289.,   0.,  10.,   8.,   4.,  50.,   2.,   9.,   2.,   1.],
        [  9.,   4.,   4., 292.,   0.,   8.,  12.,   2.,   1.,   6.],
        [  3.,   1.,   3.,   6.,  51.,   7.,   4.,  23.,   3., 266.],
        [  2.,   5., 291.,  40.,   0.,   0., 261.,   3.,   2.,   4.],
        [  1.,   1.,  19., 260.,   1.,   6.,   2.,   6.,   5.,   9.],
        [  4.,   2.,   7.,   2.,   6.,   0.,   4., 312.,   1.,  45.],
        [  2.,   0.,   4.,   4., 259.,   4.,   7.,   9.,   6.,  23.],
        [ 10.,   3.,  11.,   4.,   7.,   8., 102.,   2.,   8.,   8.],
        [  0., 273.,   5.,  12.,   1.,   1.,   8.,   6.,   3.,   7.],
        [ 45.,   0.,   3.,   1.,  33., 225.,   5.,  73.,   3.,  23.],
        [  5.,   0.,  17.,   3., 296.,   1.,   7.,  27.,   4.,  17.],
        [305.,   1.,  21.,   9.,   1.,   8.,  12.,   2.,   0.,   7.],
        [  6.,   0., 298.,   3.,  13.,   0.,  17.,   3.,   4.,   6.],
        [  0.,   1.,   3.,   3.,  45.,   6.,   8.,   7.,   1., 263.],
        [  2.,  11.,   9.,   5.,   9.,   4.,  18.,   6.,  55., 186.],
        [ 26.,   1., 288.,  17.,   2.,   0.,   9.,   3.,   5.,   7.],
        [  4.,   1.,   8., 255.,   2.,  12.,   9.,   4.,   2.,   6.],
        [  0., 289.,  20.,   7.,   1.,   0.,   7.,   6.,  94.,  11.],
        [  0., 291.,   9.,  20.,   2.,   3.,  27.,   5.,   4.,  10.],
        [292.,   0.,  21.,  42.,   4.,   6.,  10.,   4.,   2.,   4.],
        [  4.,   0.,   3.,   5., 289.,   7.,   8.,   9.,   6.,  35.],
        [  3.,   6.,  36.,  16.,   6.,   6., 296.,   1.,   5.,  12.],
        [  6.,   1.,   8.,   4.,   7.,   2., 293.,   2.,   4.,  11.],
        [  3.,  12.,  10.,  61.,   2.,   9.,   4.,  23.,   4., 115.],
        [  3.,   1.,   2.,  45.,   1., 181.,   7.,   1.,   3.,   4.],
        [  5.,   0.,  10., 290.,   4.,   9.,   2.,  11.,   4.,   6.],
        [  4.,   3.,  13.,  12.,   4.,  30., 307.,   1.,   7.,  13.],
        [  1.,   2.,   9.,   6.,   6.,   0.,   2., 308.,   1.,  22.],
        [  6.,   0.,   9.,   1., 297.,  23.,  13.,  46.,   4.,  26.],
        [  0., 154.,  18.,   3.,   2.,   0.,   3.,   2.,  48.,   6.],
        [  9.,   0., 261., 126.,   4.,   4.,   5.,   2.,   3.,   7.],
        [ 66.,   1., 164.,  10.,   4.,   5.,  30.,   1.,   2.,   6.],
        [  0., 292.,   7.,  15.,   2.,   2.,  17.,   5.,   5.,  10.],
        [  2.,   0.,   3.,  12., 276., 133.,   4.,   8.,   6.,  31.],
        [309.,   0.,  19.,   4.,   1.,   2.,  26.,   3.,   0.,  28.],
        [  2.,   1., 252.,  20.,   1.,   4.,   9.,   3.,   1.,   6.],
        [  0., 287.,   7.,  10.,   0.,   1.,  23.,   3.,   6.,   8.],
        [299.,   0.,  12.,   4.,   1.,  22.,  14.,   4.,   5.,   5.],
        [  3.,   2.,   7.,   5.,  32.,   2.,   7., 120.,   2., 258.],
        [  3.,   1.,   9.,   1.,  47.,   1.,   7., 113.,   1., 246.],
        [  2.,   3.,   8.,   4.,  29.,   5., 298.,   3.,   7.,  30.],
        [ 11.,   2., 288.,  10.,   5.,  43.,  12.,   1.,   7.,   3.],
        [ 11.,   1., 290.,   4.,   4.,  12.,  20.,   1.,   8.,   4.],
        [  1., 270.,  10.,  13.,   5.,   2.,  16.,  10.,  43.,  14.],
        [  1.,   8.,   5., 269.,   0.,   1.,   3.,   2.,   1.,   3.],
        [ 27.,   0.,  17.,   7.,   1.,   3., 300.,   0.,   1.,   8.],
        [  3.,   3.,  12.,   1.,  12.,   8., 313.,   1.,   3.,  24.],
        [  1., 221.,  21.,  11.,   1.,   2.,   4.,   4.,  37., 112.],
        [  7.,   1.,  13.,  12.,  11.,  30.,   6.,   4., 264.,   6.],
        [ 43.,   3.,  14., 279.,   0.,   4.,   6.,   8.,   3.,   5.],
        [  0., 296.,   7.,   9.,   1.,   1.,  17.,   3.,  11.,   8.],
        [ 39.,   0.,  13.,   5.,   0.,   2., 311.,   0.,   1.,  13.],
        [  2.,   2.,   4.,   4.,   0., 183.,  90.,   0.,   2.,   4.],
        [  8.,   0.,  13., 306.,   0.,  19.,   5.,   9.,   2.,  14.],
        [ 19.,   3., 150., 278.,   1.,   2.,   5.,   4.,   4.,  42.],
        [  1.,  19.,  16.,  10.,   3.,   4., 301.,   2.,   7.,  12.]],
       device='cuda:0')
--- spikes (finish interval) ---
tensor([[0., 0., 0., 0., 0., 0., 0., 1., 0., 0.],
        [0., 0., 0., 0., 0., 1., 0., 0., 0., 0.],
        [0., 0., 0., 0., 0., 1., 0., 0., 0., 0.],
        [0., 0., 0., 0., 0., 0., 0., 0., 0., 0.],
        [0., 0., 0., 0., 0., 1., 0., 0., 0., 0.],
        [0., 0., 0., 0., 0., 0., 0., 0., 0., 0.],
        [0., 0., 0., 0., 0., 0., 0., 0., 0., 0.],
        [0., 0., 0., 0., 0., 0., 0., 0., 0., 0.],
        [1., 0., 0., 0., 0., 0., 0., 0., 0., 0.],
        [0., 0., 0., 0., 0., 0., 0., 0., 0., 0.],
        [0., 0., 0., 0., 0., 0., 0., 0., 0., 0.],
        [0., 0., 1., 0., 0., 0., 0., 0., 0., 0.],
        [0., 0., 0., 1., 0., 0., 0., 0., 0., 0.],
        [0., 0., 0., 0., 0., 0., 0., 1., 0., 0.],
        [0., 0., 0., 0., 1., 0., 0., 0., 0., 0.],
        [0., 0., 0., 0., 0., 0., 0., 0., 0., 0.],
        [0., 0., 0., 0., 0., 0., 0., 0., 0., 0.],
        [0., 0., 0., 0., 0., 1., 0., 0., 0., 0.],
        [0., 0., 0., 0., 0., 0., 0., 0., 0., 0.],
        [1., 0., 0., 0., 0., 0., 0., 0., 0., 0.],
        [0., 0., 1., 0., 0., 0., 0., 0., 0., 0.],
        [0., 0., 0., 0., 0., 0., 0., 0., 0., 0.],
        [0., 0., 0., 0., 0., 0., 0., 0., 0., 0.],
        [0., 0., 1., 0., 0., 0., 0., 0., 0., 0.],
        [0., 0., 0., 0., 0., 0., 0., 0., 0., 0.],
        [0., 0., 0., 0., 0., 0., 0., 0., 1., 0.],
        [0., 0., 0., 0., 0., 0., 0., 0., 0., 0.],
        [1., 0., 0., 0., 0., 0., 0., 0., 0., 0.],
        [0., 0., 0., 0., 1., 0., 0., 0., 0., 0.],
        [0., 0., 0., 0., 0., 0., 0., 0., 0., 0.],
        [0., 0., 0., 0., 0., 0., 0., 0., 0., 0.],
        [0., 0., 0., 0., 0., 0., 0., 0., 0., 0.],
        [0., 0., 0., 0., 0., 0., 0., 0., 0., 0.],
        [0., 0., 0., 1., 0., 0., 0., 0., 0., 0.],
        [0., 0., 0., 0., 0., 0., 0., 0., 0., 0.],
        [0., 0., 0., 0., 0., 0., 0., 0., 0., 0.],
        [0., 0., 0., 0., 1., 0., 0., 0., 0., 0.],
        [0., 0., 0., 0., 0., 0., 0., 0., 0., 0.],
        [0., 0., 1., 0., 0., 0., 0., 0., 0., 0.],
        [0., 0., 0., 0., 0., 0., 0., 0., 0., 0.],
        [0., 0., 0., 0., 0., 0., 0., 0., 0., 0.],
        [0., 0., 0., 0., 0., 1., 0., 0., 0., 0.],
        [0., 0., 0., 0., 0., 0., 0., 0., 0., 0.],
        [0., 0., 1., 0., 0., 0., 0., 0., 0., 0.],
        [0., 0., 0., 0., 0., 0., 0., 0., 0., 0.],
        [0., 0., 0., 0., 0., 0., 0., 0., 0., 0.],
        [0., 0., 0., 0., 0., 0., 0., 0., 0., 0.],
        [0., 0., 0., 0., 0., 0., 0., 0., 0., 1.],
        [0., 0., 0., 0., 0., 0., 1., 0., 0., 0.],
        [0., 0., 0., 0., 0., 0., 0., 0., 0., 0.],
        [0., 0., 1., 0., 0., 0., 0., 0., 0., 0.],
        [0., 1., 0., 0., 0., 0., 0., 0., 0., 0.],
        [0., 0., 0., 0., 0., 0., 0., 0., 0., 0.],
        [0., 0., 0., 0., 0., 0., 0., 0., 0., 0.],
        [0., 0., 0., 0., 0., 0., 0., 0., 0., 0.],
        [0., 0., 0., 0., 0., 0., 0., 0., 0., 0.],
        [0., 0., 0., 0., 0., 0., 0., 0., 0., 0.],
        [0., 0., 0., 0., 0., 0., 0., 0., 0., 0.],
        [0., 1., 0., 0., 0., 0., 0., 0., 0., 0.],
        [0., 0., 0., 0., 0., 0., 1., 0., 0., 0.],
        [0., 0., 0., 0., 0., 1., 0., 0., 0., 0.],
        [0., 0., 0., 1., 0., 0., 0., 0., 0., 0.],
        [0., 0., 0., 0., 0., 0., 0., 0., 0., 0.],
        [0., 0., 0., 0., 0., 0., 0., 0., 0., 0.]], device='cuda:0')
Epoch 8 | Batch 900
--- spikes (training) ---
tensor([[  7.,   6., 297.,  11.,   1.,   1.,  17.,   0.,   5.,  22.],
        [ 11.,   1.,   0.,  51.,   1., 241.,   0.,   0.,  28.,   1.],
        [  2.,   3.,  44.,   3.,   3.,  15., 300.,   0.,  12.,  19.],
        [ 27.,   5.,   1., 236.,   3.,  39.,   7.,   4.,   2.,   5.],
        [270.,   0.,   2.,  26.,   1.,  20.,   5.,   1.,   6.,   5.],
        [  0.,   7.,  12.,  12.,  48.,   9.,   4.,  26.,   4., 288.],
        [  0.,   7.,   1.,  10.,  21., 122.,   3.,  36.,   3., 291.],
        [  8.,   5.,   1.,   8.,  22., 109.,   4.,   0., 275.,  40.],
        [  0.,   5.,   1.,  16.,  10.,   2.,   0., 305.,   4.,  34.],
        [  3.,  23.,   2.,  14.,   4., 268.,   2.,  51.,  10.,  10.],
        [  1.,  12.,   2.,   2.,   2., 225.,  36.,   1.,  16.,   5.],
        [224.,   0.,   1.,   0.,   6.,   3.,   0.,  12.,   0.,   0.],
        [  1., 295.,   5.,  18.,   4.,  10.,   7.,  12.,  13.,  19.],
        [  2.,   2.,   0.,  65.,   1., 124.,   8.,   0.,  53.,   1.],
        [  8.,   4.,   5.,   5.,   5.,   8.,   1.,   3., 196.,  26.],
        [  1.,  26.,   2.,  10.,  17.,   5.,   0., 296.,   4.,  45.],
        [  0.,   3.,   0.,  26.,   1., 153.,   4.,   0.,  35.,   4.],
        [  1.,   8.,   3.,  13.,  10.,   1.,   0., 304.,   7.,  27.],
        [  1.,   7.,   2.,  10.,   8.,   3.,   0., 297.,   2.,  40.],
        [  1., 280.,   4.,  15.,   8.,   1.,   5.,   6.,  26.,   4.],
        [  1., 292.,   5.,  18.,   3.,  15.,  12.,   9.,  11.,  12.],
        [  1.,  31.,  18.,  10.,   2.,  17., 281.,   1.,   9.,   9.],
        [289.,   1.,   1.,  18.,   3., 146.,   0.,   3.,   2.,   1.],
        [  2.,   1.,  19., 115.,  12.,  24.,   2.,   1., 157.,   2.],
        [  1.,  16.,  38.,   4.,  11., 261.,   9.,   0.,  22.,  12.],
        [  3.,  33.,   3., 298.,   7.,  39.,   0.,   4.,   4.,   4.],
        [  0.,   3.,   7.,   9., 272.,   3.,   4.,  27.,   8.,  13.],
        [  0., 291.,   3.,  15.,   3.,  11.,  17.,   6.,  11.,   8.],
        [  5.,  14.,   5.,   6.,  16.,  22.,   4.,   1., 231.,  23.],
        [251.,   0.,   1.,  24.,  21.,  31.,   2.,  20.,  39.,   1.],
        [  3.,   2.,   0.,  22.,   7., 276.,   0.,   1., 116.,  10.],
        [  5.,   1.,   2., 305.,  30.,  16.,   0.,   1.,   6.,   1.],
        [  2.,  12.,   5.,   5.,   5.,  78.,  55.,   8.,   8., 257.],
        [  2.,   5., 276.,  13.,  46.,   1.,   8.,   3.,   4.,   2.],
        [  1.,  10.,   1.,  12.,  14.,   7.,   3.,  23.,   3., 287.],
        [  5.,   7.,  39.,  13.,   7.,  19.,   5.,   4., 274.,  58.],
        [  0., 276.,   3.,  25.,   4.,  20.,   7.,   9.,  16.,  11.],
        [  0.,   1.,   4.,  29.,  31.,   8.,   1.,   7.,   2., 243.],
        [  0., 238.,   2.,  12.,  45.,   1.,   3.,   3.,  20.,   3.],
        [  1.,   5.,   0.,  11.,   8.,   5.,   0., 301.,   2.,  50.],
        [  2.,  10.,   5., 299.,   3.,  15.,   3.,   3.,  52.,   4.],
        [  1.,   1.,   1.,  10.,   2.,   6.,   0., 297.,   1.,  37.],
        [  3.,   4.,  12.,  33.,  17.,  13.,   1.,   3., 258.,   4.],
        [  5.,   9.,  11.,  12.,  10.,  13.,   5.,   2., 281.,  84.],
        [  1., 236.,  12.,  24.,   8.,   2.,   7.,   2.,  19.,   5.],
        [  1.,  46.,   1.,  11.,   3., 139.,   7.,  10.,   7., 240.],
        [  1.,   5.,   9.,  49.,  10.,  13.,   3.,   1., 256.,  35.],
        [  6.,   6.,   1.,   2., 239.,   3.,   5.,   7.,  15.,  62.],
        [  1.,   5.,   1.,   8.,   8.,  13.,   1.,  55.,   7., 268.],
        [284.,   0.,  20.,   7.,   0.,   2.,   0.,   5.,   3.,   0.],
        [  0., 277.,   2.,  10.,   2.,   7.,  16.,   6.,   6.,   7.],
        [284.,   0.,   3.,  11.,   4.,  15.,   0., 107.,   6.,   3.],
        [  0.,   6.,   4.,  25.,   9.,  19.,   1.,   8.,   5., 270.],
        [  6.,  11.,   2., 281.,   1.,   9.,   6.,  15.,   6.,   6.],
        [  0.,  12.,   2.,   7., 236.,   9.,   3.,  12.,   4.,  17.],
        [  6.,   3.,  10., 315.,   2.,  32.,   0.,   2.,   5.,   1.],
        [  2.,   0., 247.,   6.,   1.,   2.,  33.,   1.,   1.,   9.],
        [  1.,   7.,   4.,  30.,  11.,  26.,   5.,   3., 276.,   5.],
        [  3.,   8.,   2., 283.,   7.,  17.,   2.,   2.,  10.,  36.],
        [ 30.,   1.,  22., 153.,  22.,  33.,   0.,   1., 138.,   1.],
        [  2., 291.,   6.,  21.,   9.,   3.,   5.,  42.,  28.,   9.],
        [  2.,  13.,   3., 310.,  10.,  26.,   0.,   1.,   7.,   1.],
        [  0.,  57.,   7.,  21.,   6.,  19.,   9.,   4., 255.,   7.],
        [  7.,  12.,   0.,   5.,  13.,   7.,   0., 289.,  14.,  22.]],
       device='cuda:0')
--- spikes (finish interval) ---
tensor([[0., 0., 0., 0., 0., 0., 0., 0., 0., 0.],
        [0., 0., 0., 0., 0., 1., 0., 0., 0., 0.],
        [0., 0., 0., 0., 0., 0., 1., 0., 0., 0.],
        [0., 0., 0., 1., 0., 0., 0., 0., 0., 0.],
        [1., 0., 0., 0., 0., 0., 0., 0., 0., 0.],
        [0., 0., 0., 0., 0., 0., 0., 0., 0., 0.],
        [0., 0., 0., 0., 0., 1., 0., 0., 0., 1.],
        [0., 0., 0., 0., 0., 0., 0., 0., 1., 0.],
        [0., 0., 0., 0., 0., 0., 0., 0., 0., 0.],
        [0., 0., 0., 0., 0., 0., 0., 0., 0., 0.],
        [0., 0., 0., 0., 0., 1., 0., 0., 0., 0.],
        [0., 0., 0., 0., 0., 0., 0., 0., 0., 0.],
        [0., 1., 0., 0., 0., 0., 0., 0., 0., 0.],
        [0., 0., 0., 0., 0., 1., 0., 0., 0., 0.],
        [0., 0., 0., 0., 0., 0., 0., 0., 0., 0.],
        [0., 0., 0., 0., 0., 0., 0., 1., 0., 0.],
        [0., 0., 0., 0., 0., 0., 0., 0., 0., 0.],
        [0., 0., 0., 0., 0., 0., 0., 0., 0., 0.],
        [0., 0., 0., 0., 0., 0., 0., 0., 0., 0.],
        [0., 0., 0., 0., 0., 0., 0., 0., 0., 0.],
        [0., 0., 0., 0., 0., 0., 0., 0., 0., 0.],
        [0., 0., 0., 0., 0., 0., 1., 0., 0., 0.],
        [0., 0., 0., 0., 0., 0., 0., 0., 0., 0.],
        [0., 0., 0., 0., 0., 0., 0., 0., 0., 0.],
        [0., 0., 0., 0., 0., 0., 0., 0., 0., 0.],
        [0., 0., 0., 0., 0., 0., 0., 0., 0., 0.],
        [0., 0., 0., 0., 1., 0., 0., 0., 0., 0.],
        [0., 1., 0., 0., 0., 0., 0., 0., 0., 0.],
        [0., 0., 0., 0., 0., 0., 0., 0., 0., 0.],
        [1., 0., 0., 0., 0., 0., 0., 0., 0., 0.],
        [0., 0., 0., 0., 0., 1., 0., 0., 0., 0.],
        [0., 0., 0., 0., 0., 0., 0., 0., 0., 0.],
        [0., 0., 0., 0., 0., 0., 0., 0., 0., 0.],
        [0., 0., 0., 0., 0., 0., 0., 0., 0., 0.],
        [0., 0., 0., 0., 0., 0., 0., 0., 0., 1.],
        [0., 0., 0., 0., 0., 0., 0., 0., 1., 0.],
        [0., 0., 0., 0., 0., 0., 0., 0., 0., 0.],
        [0., 0., 0., 0., 0., 0., 0., 0., 0., 1.],
        [0., 0., 0., 0., 0., 0., 0., 0., 0., 0.],
        [0., 0., 0., 0., 0., 0., 0., 1., 0., 0.],
        [0., 0., 0., 0., 0., 0., 0., 0., 0., 0.],
        [0., 0., 0., 0., 0., 0., 0., 0., 0., 0.],
        [0., 0., 0., 0., 0., 0., 0., 0., 1., 0.],
        [0., 0., 0., 0., 0., 0., 0., 0., 1., 0.],
        [0., 0., 0., 0., 0., 0., 0., 0., 0., 0.],
        [0., 0., 0., 0., 0., 1., 0., 0., 0., 1.],
        [0., 0., 0., 0., 0., 0., 0., 0., 0., 0.],
        [0., 0., 0., 0., 0., 0., 0., 0., 0., 0.],
        [0., 0., 0., 0., 0., 0., 0., 0., 0., 1.],
        [0., 0., 0., 0., 0., 0., 0., 0., 0., 0.],
        [0., 1., 0., 0., 0., 0., 0., 0., 0., 0.],
        [0., 0., 0., 0., 0., 0., 0., 0., 0., 0.],
        [0., 0., 0., 0., 0., 0., 0., 0., 0., 0.],
        [0., 0., 0., 1., 0., 0., 0., 0., 0., 0.],
        [0., 0., 0., 0., 1., 0., 0., 0., 0., 0.],
        [0., 0., 0., 1., 0., 0., 0., 0., 0., 0.],
        [0., 0., 0., 0., 0., 0., 0., 0., 0., 0.],
        [0., 0., 0., 0., 0., 0., 0., 0., 1., 0.],
        [0., 0., 0., 0., 0., 0., 0., 0., 0., 0.],
        [0., 0., 0., 0., 0., 0., 0., 0., 0., 0.],
        [0., 0., 0., 0., 0., 0., 0., 0., 0., 0.],
        [0., 0., 0., 1., 0., 0., 0., 0., 0., 0.],
        [0., 0., 0., 0., 0., 0., 0., 0., 0., 0.],
        [0., 0., 0., 0., 0., 0., 0., 0., 0., 0.]], device='cuda:0')
Switching label layer to Inference Mode (LIF)...
Epoch 8 DONE | Test Acc: 78.49% | Time: 1074.7s
Switching label layer back to Training Mode (Clamp)...
Epoch 9 | Batch 0
--- spikes (training) ---
tensor([[  7.,   0., 267.,   0.,   0.,   0.,   1.,   0.,  42.,   0.],
        [  5.,   0.,   4.,   0.,  18.,   0.,   5.,   0.,   6., 265.],
        [  8.,   0.,   5.,   1.,   3.,   0.,  10.,   0., 274.,   0.],
        [ 12.,   0.,  61.,   0.,   9.,  12., 297.,   0.,   0.,   0.],
        [  9.,   0.,   8.,   0.,   9.,   0.,   0.,   0., 219.,   0.],
        [  7.,   0.,   0.,   0.,   2.,   0.,   0., 279.,   0.,  31.],
        [ 11.,   6.,   5., 242.,   0.,  21.,  12.,   0.,   0.,   0.],
        [107.,   0.,   2.,   0.,  20.,  41.,  25.,   0.,   7.,   3.],
        [  2.,   0.,   5.,   0., 253.,   6.,   3.,   0.,  13.,  73.],
        [  5.,   0.,   3.,   0., 227.,   0.,   7.,  14.,   5.,  46.],
        [  9.,   7.,   4.,   0.,   0.,  74., 260.,   0.,  59.,   0.],
        [  4.,   0.,   0.,  31.,   1., 233.,  42.,   0.,   4.,  21.],
        [  7., 270.,  11.,   0.,   0.,   0.,   6.,   1.,   3.,   0.],
        [  1., 238.,   1.,   0.,   0.,   0.,   4.,   0.,   0.,   0.],
        [  5.,   0.,   6.,   0.,  26.,   0.,   5.,   0.,   1., 202.],
        [ 10.,   0.,  75.,   0.,  27.,   0., 298.,   0.,   0.,   0.],
        [  6., 125.,   4.,   0.,   1.,   3.,  12.,   5.,   2., 234.],
        [  5.,   0.,   0., 107.,   2., 147.,  64.,   0.,  18.,   0.],
        [  5.,  18.,  28.,  23.,  31.,   0.,   1., 211.,   1.,   1.],
        [  4.,   0.,  53.,   0.,  48.,   0., 303.,   0.,   2.,   0.],
        [  9.,   0.,   4.,   0.,   2.,   2.,  11.,   0., 262.,   0.],
        [  6.,   0.,   0.,   0., 136.,   0.,  10.,  11.,   6.,  18.],
        [ 15.,   0.,   7.,   0.,   4.,   0.,  16.,   0.,   0., 113.],
        [  8.,   0.,   0.,   0.,   0., 283.,   6.,   0.,   4.,  77.],
        [  3.,   0.,  22.,   0.,  26.,   0., 251.,   0.,   0.,   0.],
        [ 16.,   0.,  10., 278.,   0.,  37.,   2.,   0.,   0.,   0.],
        [ 10.,   0.,   9.,   0.,  22.,   5.,   3.,   0., 234.,  28.],
        [  4.,   0.,   1.,   0.,   1.,   0.,   0., 261.,   2.,  24.],
        [  7., 264.,   9.,   0.,   1.,   0.,   3.,   1.,   7.,   0.],
        [  3.,   0.,   8., 234.,  12.,   0.,   1.,   0.,   0., 124.],
        [  2.,   0.,   1.,   0., 249.,   0.,   8.,   3.,  23., 120.],
        [  7.,   0.,  69.,   0.,  61.,   0., 292.,   0.,   0.,   0.],
        [  7.,   0.,   0.,   0.,   3., 234.,   4.,   0.,   0.,   0.],
        [  6., 253.,  22.,   0.,   0.,   0.,   1.,   2.,   5.,   0.],
        [  8.,   0.,  11.,   1.,   4.,   7.,   4.,   0., 266.,   0.],
        [  1., 239.,   2.,   1.,   0.,   0.,   4.,   1.,   0.,   0.],
        [  4.,   0.,   0.,   0., 254.,   0.,  18.,   0.,  10.,  11.],
        [286.,   0.,   2.,   0.,   0.,   0.,  15.,   0.,   0.,   0.],
        [  4.,   0.,   0.,   0., 266.,   0.,   8.,   0.,   4.,   0.],
        [  8.,   0., 205.,   5.,  23.,  62.,   8.,   0.,   0.,  22.],
        [  6., 261.,  15.,   0.,   1.,   0.,   1.,   3.,   2.,   0.],
        [  5.,   0.,   6.,   0.,   4., 286.,   2.,   0.,   0.,  33.],
        [  3.,   0.,   4.,   0.,   1.,   0.,   2., 261.,   5.,  12.],
        [  8.,   0.,   8.,   0.,   1.,   1.,   7.,   0., 288.,   1.],
        [  6., 266.,   7.,   0.,   0.,   0.,   1.,   1.,   1.,   0.],
        [  7., 273.,  11.,   1.,   0.,   0.,   5.,   2.,   2.,   0.],
        [ 12.,   0.,  12.,   0.,   0.,   0.,  17.,   0., 280.,   0.],
        [  7.,   0.,   0.,   0.,   8., 232.,   0.,   0.,   0.,   0.],
        [  4.,   0.,   7.,   0.,  27.,   0.,   0.,   0., 140.,   0.],
        [  6.,   0.,   0., 260.,   2.,   3.,   4.,   0.,   0.,   0.],
        [  4., 265.,   4.,   0.,   0.,   0.,  10.,   1.,   0.,   1.],
        [  5.,   0.,  15.,   0.,   1.,   3., 296.,   0.,   5.,   0.],
        [  6., 276.,   6.,   1.,   0.,   0.,   7.,   3.,   1.,   1.],
        [  4., 257.,   9.,   0.,   0.,   0.,   1.,   0.,   0.,   0.],
        [  1.,   0.,   2.,   0., 215.,  18.,   2.,   0.,   3., 135.],
        [296.,   0.,   2.,   0.,   0.,  31.,  33.,   0.,   0.,   0.],
        [  7.,   0.,   0.,   0.,   2.,   0.,   0., 285.,   0.,  32.],
        [  6.,  91., 298.,   3.,   0.,   0.,  22.,   0.,   0.,   0.],
        [  8.,   0.,  10.,   0.,   7.,  17., 303.,   0.,   0.,   0.],
        [  6.,   0.,   1.,   0.,   3.,   1.,   5.,  55.,   7., 239.],
        [  6.,   0.,   0.,   0., 256.,   0.,  11.,  11., 101.,   4.],
        [  4.,   0.,   7.,   0.,  87.,   0., 273.,   5.,   6.,   2.],
        [  2.,   0.,   1.,   0., 243.,   0.,  22.,   2.,   3.,  29.],
        [  3.,  27., 290.,   0.,   1.,   0.,  28.,   0.,   4.,   0.]],
       device='cuda:0')
--- spikes (finish interval) ---
tensor([[0., 0., 0., 0., 0., 0., 0., 0., 0., 0.],
        [0., 0., 0., 0., 0., 0., 0., 0., 0., 1.],
        [0., 0., 0., 0., 0., 0., 0., 0., 0., 0.],
        [0., 0., 0., 0., 0., 0., 0., 0., 0., 0.],
        [0., 0., 0., 0., 0., 0., 0., 0., 1., 0.],
        [0., 0., 0., 0., 0., 0., 0., 0., 0., 0.],
        [0., 0., 0., 0., 0., 0., 0., 0., 0., 0.],
        [0., 0., 0., 0., 0., 0., 0., 0., 0., 0.],
        [0., 0., 0., 0., 0., 0., 0., 0., 0., 0.],
        [0., 0., 0., 0., 0., 0., 0., 0., 0., 0.],
        [0., 0., 0., 0., 0., 0., 1., 0., 0., 0.],
        [0., 0., 0., 0., 0., 0., 0., 0., 0., 0.],
        [0., 1., 0., 0., 0., 0., 0., 0., 0., 0.],
        [0., 1., 0., 0., 0., 0., 0., 0., 0., 0.],
        [0., 0., 0., 0., 0., 0., 0., 0., 0., 0.],
        [0., 0., 0., 0., 0., 0., 1., 0., 0., 0.],
        [0., 0., 0., 0., 0., 0., 0., 0., 0., 0.],
        [0., 0., 0., 0., 0., 0., 0., 0., 0., 0.],
        [0., 0., 0., 0., 0., 0., 0., 0., 0., 0.],
        [0., 0., 0., 0., 1., 0., 1., 0., 0., 0.],
        [0., 0., 0., 0., 0., 0., 0., 0., 1., 0.],
        [0., 0., 0., 0., 1., 0., 0., 0., 0., 0.],
        [0., 0., 0., 0., 0., 0., 0., 0., 0., 1.],
        [0., 0., 0., 0., 0., 0., 0., 0., 0., 0.],
        [0., 0., 0., 0., 0., 0., 1., 0., 0., 0.],
        [0., 0., 0., 1., 0., 0., 0., 0., 0., 0.],
        [0., 0., 0., 0., 0., 0., 0., 0., 0., 0.],
        [0., 0., 0., 0., 0., 0., 0., 1., 0., 0.],
        [0., 0., 0., 0., 0., 0., 0., 0., 0., 0.],
        [0., 0., 0., 1., 0., 0., 0., 0., 0., 0.],
        [0., 0., 0., 0., 0., 0., 0., 0., 0., 0.],
        [0., 0., 0., 0., 0., 0., 1., 0., 0., 0.],
        [0., 0., 0., 0., 0., 1., 0., 0., 0., 0.],
        [0., 1., 0., 0., 0., 0., 0., 0., 0., 0.],
        [0., 0., 0., 0., 0., 0., 0., 0., 1., 0.],
        [0., 1., 0., 0., 0., 0., 0., 0., 0., 0.],
        [0., 0., 0., 0., 1., 0., 0., 0., 0., 0.],
        [0., 0., 0., 0., 0., 0., 0., 0., 0., 0.],
        [0., 0., 0., 0., 0., 0., 0., 0., 0., 0.],
        [0., 0., 1., 0., 0., 0., 0., 0., 0., 0.],
        [0., 0., 0., 0., 0., 0., 0., 0., 0., 0.],
        [0., 0., 0., 0., 0., 0., 0., 0., 0., 0.],
        [0., 0., 0., 0., 0., 0., 0., 0., 0., 0.],
        [0., 0., 0., 0., 0., 0., 0., 0., 1., 0.],
        [0., 1., 0., 0., 0., 0., 0., 0., 0., 0.],
        [0., 1., 0., 0., 0., 0., 0., 0., 0., 0.],
        [0., 0., 0., 0., 0., 0., 0., 0., 1., 0.],
        [0., 0., 0., 0., 0., 1., 0., 0., 0., 0.],
        [0., 0., 0., 0., 0., 0., 0., 0., 0., 0.],
        [0., 0., 0., 1., 0., 0., 0., 0., 0., 0.],
        [0., 1., 0., 0., 0., 0., 0., 0., 0., 0.],
        [0., 0., 0., 0., 0., 0., 1., 0., 0., 0.],
        [0., 1., 0., 0., 0., 0., 0., 0., 0., 0.],
        [0., 0., 0., 0., 0., 0., 0., 0., 0., 0.],
        [0., 0., 0., 0., 1., 0., 0., 0., 0., 0.],
        [0., 0., 0., 0., 0., 0., 0., 0., 0., 0.],
        [0., 0., 0., 0., 0., 0., 0., 0., 0., 0.],
        [0., 0., 0., 0., 0., 0., 0., 0., 0., 0.],
        [0., 0., 0., 0., 0., 0., 0., 0., 0., 0.],
        [0., 0., 0., 0., 0., 0., 0., 0., 0., 0.],
        [0., 0., 0., 0., 0., 0., 0., 0., 0., 0.],
        [0., 0., 0., 0., 1., 0., 1., 0., 0., 0.],
        [0., 0., 0., 0., 1., 0., 0., 0., 0., 0.],
        [0., 0., 0., 0., 0., 0., 0., 0., 0., 0.]], device='cuda:0')
Epoch 9 | Batch 100
--- spikes (training) ---
tensor([[292.,   0.,   1.,   2.,  51.,   6.,  46.,  35.,   5.,  18.],
        [  8.,   2.,   4.,   3.,   7.,   6.,   8.,   9.,   4., 220.],
        [ 16.,   4.,   0.,   1.,   8., 280.,   2.,   0.,  19.,  15.],
        [ 24.,   1.,   7., 255.,   0.,   4.,   3.,   1.,   1.,   5.],
        [  2.,   1.,   1.,   2.,  55.,   3.,   2.,  70.,   9., 277.],
        [ 39.,   0.,   1., 245.,   0.,  13.,   2.,   1.,   6.,   3.],
        [  6.,  16.,   0.,   3.,  33.,  11.,   7.,   5.,  10., 251.],
        [  4.,   0.,   0.,   4.,   2., 248.,  12.,   0.,  44.,   3.],
        [  8.,   0.,   0.,  90.,   3., 162.,   4.,   1.,  15.,  14.],
        [ 15.,   0.,   0.,   4.,   2., 281.,   1.,   1.,  25.,  58.],
        [ 11.,   0.,   0., 101.,   1., 161.,   6.,   0.,   8.,  34.],
        [  8.,   1.,   1.,   1., 286.,   0.,  14.,   9.,   2.,  39.],
        [  3.,  21.,   3.,   8.,  13.,  11.,   3.,  24., 244.,  31.],
        [  3.,   0.,   8.,  61.,   2.,  81.,  12.,   0.,   9.,   3.],
        [  4., 139.,   0., 157.,   3.,  11.,   4.,  18.,  36., 103.],
        [ 15.,   2.,   0.,   0.,   9., 287.,   7.,   6.,   8.,   5.],
        [  2.,   1.,   2.,   0., 295.,   6.,   6.,  18.,  19.,  17.],
        [  7.,   0.,   1.,   6.,   1.,   8., 283.,   0.,   5.,   7.],
        [ 45.,   0.,  40.,   9.,   0., 293.,   4.,   0.,   2.,   5.],
        [  7.,   0.,  19.,   2.,   4.,   2., 274.,   1.,   4.,   9.],
        [  4.,   0.,   0., 278.,   4.,  26.,   2.,   2., 135.,   6.],
        [  2.,   0.,   0.,  14., 278.,   6.,   6.,   5.,  40.,  25.],
        [  1., 274.,   2.,   1.,   4.,   2.,   2.,   7.,  97.,   2.],
        [  9.,   0.,   0.,   7.,   0.,   3.,   1., 291.,   6.,  69.],
        [205.,   0.,   1.,   0.,   0.,  12.,  14.,   6.,   1.,   2.],
        [  1.,   0.,   2.,  15., 273.,   3.,   5.,   9.,  11.,  68.],
        [  7.,   0.,   6.,   1.,   7.,   3., 291.,   1.,   3.,  11.],
        [  0., 294.,   3.,   3.,   0.,   3.,   1.,   4.,  12.,   5.],
        [  1., 104.,  58.,   0.,  20.,   9.,   5.,   2., 125.,   4.],
        [  4.,  26.,   0.,   4.,   2.,  11.,  12.,   8.,  17., 241.],
        [  2.,   0.,  32.,  22.,   9.,  12.,  12.,   3., 221.,   7.],
        [  8.,   0.,   0.,   5.,   4.,   5.,   0., 302.,   5.,  56.],
        [  4.,   0.,   0.,   3., 127.,   8.,   4.,  39.,   6., 273.],
        [304.,   0.,   0.,  14.,   0.,  18.,  19.,   1.,   6.,  20.],
        [298.,   0.,   0.,  11.,   0.,  15.,  14.,   1.,   7.,  17.],
        [  1., 294.,   1.,   4.,   1.,   2.,   2.,   8.,  70.,   4.],
        [300.,   0.,   3.,   0.,   1.,   7.,  40.,  21.,   0.,   3.],
        [  8.,   0.,   1., 281.,   3.,  19.,   5.,   2.,  89.,  12.],
        [245.,   0.,   1.,   7.,   8.,  46.,   2.,   2.,   1.,   4.],
        [  0., 291.,   3.,   5.,   0.,   4.,   1.,   2.,  11.,   2.],
        [286.,   0.,   0.,  17.,   1.,  13.,  25.,   2.,   6.,  21.],
        [  5.,   2.,   0., 190.,   9.,   9.,   3.,   9.,  13.,  37.],
        [256.,   0.,  10.,   0.,   0.,  32.,   6.,   0.,   6.,   1.],
        [  3.,   0.,   2.,   2., 279.,   3.,  13.,   3.,   6., 140.],
        [  4.,   0., 293.,   2.,   6.,  12.,  10.,   0.,  11.,   2.],
        [ 35.,   0.,  13.,   1.,   2.,   2.,  11.,  12.,   0.,  93.],
        [  2.,   1.,   0.,  11.,   3.,   9.,   3.,  45.,  18., 271.],
        [  3.,  19.,   6.,   1.,   8.,  15.,   8.,   5., 293.,  10.],
        [  6.,   0.,   0.,  19.,   2., 241.,  15.,   1.,  10., 133.],
        [ 14.,   2.,   0.,   0.,  42.,  11.,  22.,   6., 176.,  12.],
        [  0., 291.,   3.,   4.,   0.,   3.,   1.,   3.,   9.,   2.],
        [  9.,   1.,  25.,   2., 274.,   4., 115.,   5.,  27.,  53.],
        [276.,   0.,   0.,   5.,   2.,   6.,  15.,   4.,   4.,  20.],
        [304.,   0.,   0.,  10.,   0.,  38.,   9.,   2.,   1.,   2.],
        [ 11.,   0.,   0.,  14.,   0., 272.,   7.,   0.,  11.,  11.],
        [  2.,   6.,   0.,   2.,  13.,   5.,   5.,  33.,  17., 231.],
        [  2., 131.,   4.,   4.,   5.,   7.,   6.,  10., 271.,   3.],
        [300.,   0.,   0.,   7.,   1.,   8.,  25.,   4.,   3.,   8.],
        [ 12.,   0.,   0.,  32.,   0.,  15.,   5.,  16.,   5., 250.],
        [271.,   0.,   6.,   0.,   0.,   7.,  39.,   7.,   1.,   6.],
        [ 12.,   0.,   0.,   1.,   7.,   4.,   0., 289.,   7.,  34.],
        [  5.,   0., 253.,   4.,   7.,   4.,   9.,   4.,   3.,   8.],
        [  1., 291.,   2.,   5.,   2.,   1.,   2.,  13.,  60.,   5.],
        [303.,   0.,   0.,   3.,   1.,   8.,  77.,   1.,   5.,   5.]],
       device='cuda:0')
--- spikes (finish interval) ---
tensor([[1., 0., 0., 0., 1., 0., 0., 0., 0., 0.],
        [0., 0., 0., 0., 0., 0., 0., 0., 0., 0.],
        [0., 0., 0., 0., 0., 0., 0., 0., 0., 0.],
        [0., 0., 0., 0., 0., 0., 0., 0., 0., 0.],
        [0., 0., 0., 0., 0., 0., 0., 0., 0., 0.],
        [0., 0., 0., 0., 0., 0., 0., 0., 0., 0.],
        [0., 0., 0., 0., 0., 0., 0., 0., 0., 1.],
        [0., 0., 0., 0., 0., 1., 0., 0., 0., 0.],
        [0., 0., 0., 0., 0., 0., 0., 0., 0., 0.],
        [0., 0., 0., 0., 0., 0., 0., 0., 0., 0.],
        [0., 0., 0., 0., 0., 0., 0., 0., 0., 0.],
        [0., 0., 0., 0., 1., 0., 0., 0., 0., 0.],
        [0., 0., 0., 0., 0., 0., 0., 0., 0., 0.],
        [0., 0., 0., 0., 0., 0., 0., 0., 0., 0.],
        [0., 0., 0., 0., 0., 0., 0., 0., 0., 0.],
        [0., 0., 0., 0., 0., 0., 0., 0., 0., 0.],
        [0., 0., 0., 0., 1., 0., 0., 0., 0., 0.],
        [0., 0., 0., 0., 0., 0., 1., 0., 0., 0.],
        [0., 0., 0., 0., 0., 1., 0., 0., 0., 0.],
        [0., 0., 0., 0., 0., 0., 0., 0., 0., 0.],
        [0., 0., 0., 1., 0., 0., 0., 0., 0., 0.],
        [0., 0., 0., 0., 1., 0., 0., 0., 0., 0.],
        [0., 0., 0., 0., 0., 0., 0., 0., 0., 0.],
        [0., 0., 0., 0., 0., 0., 0., 1., 0., 0.],
        [0., 0., 0., 0., 0., 0., 0., 0., 0., 0.],
        [0., 0., 0., 0., 0., 0., 0., 0., 0., 0.],
        [0., 0., 0., 0., 0., 0., 0., 0., 0., 0.],
        [0., 1., 0., 0., 0., 0., 0., 0., 0., 0.],
        [0., 0., 0., 0., 0., 0., 0., 0., 0., 0.],
        [0., 0., 0., 0., 0., 0., 0., 0., 0., 1.],
        [0., 0., 0., 0., 0., 0., 0., 0., 0., 0.],
        [0., 0., 0., 0., 0., 0., 0., 0., 0., 0.],
        [0., 0., 0., 0., 0., 0., 0., 0., 0., 0.],
        [1., 0., 0., 0., 0., 0., 0., 0., 0., 0.],
        [0., 0., 0., 0., 0., 0., 0., 0., 0., 0.],
        [0., 0., 0., 0., 0., 0., 0., 0., 0., 0.],
        [1., 0., 0., 0., 0., 0., 0., 0., 0., 0.],
        [0., 0., 0., 1., 0., 0., 0., 0., 0., 0.],
        [1., 0., 0., 0., 0., 0., 0., 0., 0., 0.],
        [0., 1., 0., 0., 0., 0., 0., 0., 0., 0.],
        [1., 0., 0., 0., 0., 0., 0., 0., 0., 0.],
        [0., 0., 0., 0., 0., 0., 0., 0., 0., 0.],
        [0., 0., 0., 0., 0., 0., 0., 0., 0., 0.],
        [0., 0., 0., 0., 1., 0., 0., 0., 0., 0.],
        [0., 0., 1., 0., 0., 0., 0., 0., 0., 0.],
        [0., 0., 0., 0., 0., 0., 0., 0., 0., 0.],
        [0., 0., 0., 0., 0., 0., 0., 0., 0., 0.],
        [0., 0., 0., 0., 0., 0., 0., 0., 0., 0.],
        [0., 0., 0., 0., 0., 1., 0., 0., 0., 0.],
        [0., 0., 0., 0., 0., 0., 0., 0., 0., 0.],
        [0., 0., 0., 0., 0., 0., 0., 0., 0., 0.],
        [0., 0., 0., 0., 1., 0., 0., 0., 0., 0.],
        [0., 0., 0., 0., 0., 0., 0., 0., 0., 0.],
        [0., 0., 0., 0., 0., 0., 0., 0., 0., 0.],
        [0., 0., 0., 0., 0., 0., 0., 0., 0., 0.],
        [0., 0., 0., 0., 0., 0., 0., 0., 0., 0.],
        [0., 0., 0., 0., 0., 0., 0., 0., 1., 0.],
        [0., 0., 0., 0., 0., 0., 0., 0., 0., 0.],
        [0., 0., 0., 0., 0., 0., 0., 0., 0., 1.],
        [0., 0., 0., 0., 0., 0., 0., 0., 0., 0.],
        [0., 0., 0., 0., 0., 0., 0., 0., 0., 0.],
        [0., 0., 1., 0., 0., 0., 0., 0., 0., 0.],
        [0., 0., 0., 0., 0., 0., 0., 0., 0., 0.],
        [1., 0., 0., 0., 0., 0., 0., 0., 0., 0.]], device='cuda:0')
Epoch 9 | Batch 200
--- spikes (training) ---
tensor([[  2.,   0.,   4.,   2., 281.,  15.,  14.,   6.,  12.,  19.],
        [294.,   0.,   3.,   5.,   2.,   2.,   4.,   1.,  11.,   3.],
        [  2.,  28.,  12.,   2.,   9., 129.,   2.,  10., 143.,   7.],
        [  0.,   0.,   0.,  18.,  48.,   0.,   0., 283.,   0.,  25.],
        [303.,   0.,   3.,   7.,   3.,   1.,   5.,   4., 113.,   4.],
        [  1.,  11.,   6.,   9.,   7., 118.,   3.,   5.,  13., 141.],
        [  0., 281.,   9.,   7.,   5.,   7.,   1.,   6.,   8.,   6.],
        [  3.,   9.,   1.,   1.,  23., 211.,   2.,   3.,   6.,   6.],
        [  2.,   0.,   5.,   0.,  13.,   9., 302.,   0.,   5.,   4.],
        [  1.,  30.,   5., 288.,   6.,   6.,   2.,   3.,   8.,   5.],
        [  0.,   1.,   1.,   3.,  13.,  21.,   1.,  16.,  10., 280.],
        [  1.,   0.,   1.,   2.,   9.,   9.,   1.,   7.,  10., 277.],
        [  4.,  84.,  24., 281.,   7.,   2.,   1.,   5.,   9.,   1.],
        [  5.,   0., 246.,   2.,  18.,   1.,   4.,   1.,   4.,  10.],
        [  0.,   0.,   1.,   6.,  27.,   1.,   0.,   4.,  14., 288.],
        [  1.,   0.,   1.,  15.,   5.,   1.,   0., 262.,   2.,  46.],
        [  0., 288.,   5.,  11.,   6.,   4.,   2.,   3.,   6.,   6.],
        [ 62.,   0.,  30.,  55.,  17.,   0., 104.,   0.,   7.,   0.],
        [  1.,   0., 297.,   3.,  11.,   1.,   9.,   4.,  11.,   1.],
        [  3.,   0.,   5.,   4.,  13.,   6.,   1.,  34., 279.,  33.],
        [  0.,   0.,   0.,   5.,  18.,   0.,   0., 290.,   4.,  45.],
        [  3.,   0.,  16.,  33.,   6., 259.,   0.,   0.,  83.,   0.],
        [  2.,   1.,   0., 291.,   5.,  29.,   0.,   1.,  12.,   4.],
        [  9.,   0.,   0.,   6.,   3., 255.,   0.,   0.,  26.,  28.],
        [ 12.,   0.,   4.,   3.,  25.,   0.,   0.,   7.,   5., 228.],
        [  2.,   2.,   0.,   2.,  10.,  29.,   1.,   8.,   8., 272.],
        [  5.,  86., 291.,   3.,   1.,   4.,  12.,   1.,  14.,   1.],
        [  8.,   0.,   1., 289.,   6.,  43.,   0.,   0.,  23.,   1.],
        [ 53.,  33.,   3.,   9.,   8., 126.,  14.,   0.,   8.,   3.],
        [  1.,   0., 266.,   1.,   8.,   1.,   1.,   3.,   7.,   2.],
        [  0., 280.,   3.,   8.,   3.,   1.,   1.,   2.,   4.,   3.],
        [  4.,   2.,   1.,   3.,  12.,   2.,   0., 279.,   7.,  31.],
        [  1.,   0.,   0.,   3., 273.,  41.,   2.,  13.,  12.,  29.],
        [265.,   0.,   1.,  18.,   4.,   5.,   7.,   2.,   7.,   5.],
        [  1.,   0.,   3.,   3., 261.,   2.,   3.,   3.,  10.,  17.],
        [  4.,   0.,  22.,   3.,  18., 143.,   2.,   0.,  10.,   1.],
        [  3.,   0.,   2.,  17.,  14.,  73.,  17.,   2., 279.,  41.],
        [  7.,   0., 272.,   6.,   8.,   0.,   7.,   0.,   1.,  14.],
        [  0.,   0.,   3.,   0.,   9.,   6., 300.,   0.,   8.,  11.],
        [  0.,   0.,   1.,   4., 222.,  44.,   3.,  19.,  12.,  25.],
        [  6.,  46.,   0.,   7.,   9., 275.,   8.,   1.,  10.,   4.],
        [ 12.,   0., 204.,   5.,  11.,   2.,   2.,   3.,  10.,   3.],
        [  2.,   0.,   2., 277.,   6.,  63.,   0.,   1.,  11.,   2.],
        [  0., 253.,   2.,   6.,   2.,   1.,   2.,   4.,  12.,   3.],
        [  9.,   0.,   0.,  12.,   1., 285.,   5.,   0.,  35.,   6.],
        [  3.,   0., 302.,  16.,  11.,   0.,  27.,   2.,   5.,   1.],
        [299.,   0.,  61.,   1.,   0.,   2.,   1.,   0.,   4.,   0.],
        [  4.,   0.,   1.,   1.,   6., 248.,   3.,   0.,  22.,   5.],
        [309.,   0.,  30.,   1.,   1.,   0.,   0.,   0.,   8.,   0.],
        [  0., 290.,   6.,  15.,   6.,   5.,   7.,   5.,   9.,   6.],
        [  1.,   0.,  29.,  13.,  85.,   9.,  18.,   0., 279.,   2.],
        [  1.,   0.,   0.,  42.,  59.,   1.,   0.,  31.,   1., 171.],
        [  1.,   0.,   2.,   2.,  18.,   1.,   1.,   5.,  11., 282.],
        [ 15.,   0.,   0.,   4.,   2., 286.,   1.,   1.,  39.,   9.],
        [  2.,   0.,  11.,   5., 164.,   1.,   1.,   1.,   5.,   6.],
        [  0., 260.,   5.,   5.,   2.,   2.,   0.,   2.,   6.,   4.],
        [  4.,   0.,   4.,  18.,  11.,  20.,  24.,   0., 205.,  13.],
        [  4.,   0., 274.,  41.,   5.,   2.,   0.,   4.,   7.,   0.],
        [306.,   0.,  69.,   6.,   1.,   0.,   3.,   2.,   3.,   2.],
        [  2.,   0.,  22.,  50.,   6.,   2.,   0.,   0.,   2., 118.],
        [  2.,   0.,   0.,  12., 115.,   2.,   0.,  11.,   6., 285.],
        [  0.,   0.,   1.,   4., 272.,   4.,   2.,   8.,   8., 106.],
        [  0.,   0.,   0.,   5., 234.,  70.,   2.,  21.,   6.,  15.],
        [  0., 290.,   4.,  16.,   6.,   4.,   1.,   9.,   7.,   6.]],
       device='cuda:0')
--- spikes (finish interval) ---
tensor([[0., 0., 0., 0., 0., 0., 0., 0., 0., 0.],
        [1., 0., 0., 0., 0., 0., 0., 0., 0., 0.],
        [0., 0., 0., 0., 0., 0., 0., 0., 0., 0.],
        [0., 0., 0., 0., 0., 0., 0., 1., 0., 0.],
        [1., 0., 0., 0., 0., 0., 0., 0., 0., 0.],
        [0., 0., 0., 0., 0., 0., 0., 0., 0., 0.],
        [0., 1., 0., 0., 0., 0., 0., 0., 0., 0.],
        [0., 0., 0., 0., 0., 0., 0., 0., 0., 0.],
        [0., 0., 0., 0., 0., 0., 0., 0., 0., 0.],
        [0., 0., 0., 1., 0., 0., 0., 0., 0., 0.],
        [0., 0., 0., 0., 0., 0., 0., 0., 0., 1.],
        [0., 0., 0., 0., 0., 0., 0., 0., 0., 0.],
        [0., 0., 0., 0., 0., 0., 0., 0., 0., 0.],
        [0., 0., 1., 0., 0., 0., 0., 0., 0., 0.],
        [0., 0., 0., 0., 0., 0., 0., 0., 0., 0.],
        [0., 0., 0., 0., 0., 0., 0., 0., 0., 0.],
        [0., 0., 0., 0., 0., 0., 0., 0., 0., 0.],
        [0., 0., 0., 0., 0., 0., 0., 0., 0., 0.],
        [0., 0., 0., 0., 0., 0., 0., 0., 0., 0.],
        [0., 0., 0., 0., 0., 0., 0., 0., 1., 0.],
        [0., 0., 0., 0., 0., 0., 0., 0., 0., 0.],
        [0., 0., 0., 0., 0., 0., 0., 0., 1., 0.],
        [0., 0., 0., 1., 0., 0., 0., 0., 0., 0.],
        [0., 0., 0., 0., 0., 0., 0., 0., 0., 0.],
        [0., 0., 0., 0., 0., 0., 0., 0., 0., 0.],
        [0., 0., 0., 0., 0., 0., 0., 0., 0., 0.],
        [0., 0., 0., 0., 0., 0., 0., 0., 0., 0.],
        [0., 0., 0., 0., 0., 0., 0., 0., 0., 0.],
        [0., 0., 0., 0., 0., 0., 0., 0., 0., 0.],
        [0., 0., 1., 0., 0., 0., 0., 0., 0., 0.],
        [0., 1., 0., 0., 0., 0., 0., 0., 0., 0.],
        [0., 0., 0., 0., 0., 0., 0., 1., 0., 0.],
        [0., 0., 0., 0., 0., 0., 0., 0., 0., 0.],
        [1., 0., 0., 0., 0., 0., 0., 0., 0., 0.],
        [0., 0., 0., 0., 1., 0., 0., 0., 0., 0.],
        [0., 0., 0., 0., 0., 0., 0., 0., 0., 0.],
        [0., 0., 0., 0., 0., 0., 0., 0., 0., 0.],
        [0., 0., 0., 0., 0., 0., 0., 0., 0., 0.],
        [0., 0., 0., 0., 0., 0., 0., 0., 0., 0.],
        [0., 0., 0., 0., 0., 0., 0., 0., 0., 0.],
        [0., 0., 0., 0., 0., 0., 0., 0., 0., 0.],
        [0., 0., 0., 0., 0., 0., 0., 0., 0., 0.],
        [0., 0., 0., 0., 0., 0., 0., 0., 0., 0.],
        [0., 0., 0., 0., 0., 0., 0., 0., 0., 0.],
        [0., 0., 0., 0., 0., 1., 0., 0., 0., 0.],
        [0., 0., 0., 0., 0., 0., 0., 0., 0., 0.],
        [0., 0., 0., 0., 0., 0., 0., 0., 0., 0.],
        [0., 0., 0., 0., 0., 1., 0., 0., 0., 0.],
        [1., 0., 0., 0., 0., 0., 0., 0., 0., 0.],
        [0., 1., 0., 0., 0., 0., 0., 0., 0., 0.],
        [0., 0., 0., 0., 0., 0., 0., 0., 0., 0.],
        [0., 0., 0., 0., 0., 0., 0., 0., 0., 0.],
        [0., 0., 0., 0., 0., 0., 0., 0., 0., 1.],
        [0., 0., 0., 0., 0., 0., 0., 0., 0., 0.],
        [0., 0., 0., 0., 0., 0., 0., 0., 0., 0.],
        [0., 0., 0., 0., 0., 0., 0., 0., 0., 0.],
        [0., 0., 0., 0., 0., 0., 0., 0., 0., 0.],
        [0., 0., 0., 0., 0., 0., 0., 0., 0., 0.],
        [1., 0., 0., 0., 0., 0., 0., 0., 0., 0.],
        [0., 0., 0., 0., 0., 0., 0., 0., 0., 0.],
        [0., 0., 0., 0., 0., 0., 0., 0., 0., 1.],
        [0., 0., 0., 0., 0., 0., 0., 0., 0., 0.],
        [0., 0., 0., 0., 0., 0., 0., 0., 0., 0.],
        [0., 0., 0., 0., 0., 0., 0., 0., 0., 0.]], device='cuda:0')
Epoch 9 | Batch 300
--- spikes (training) ---
tensor([[  0.,  35.,  11., 274.,   4.,   4.,   0.,   5.,   7.,  41.],
        [  1.,   6.,   1.,   5.,  38.,   2.,   0.,  44.,   3., 264.],
        [  7.,   9.,  11.,   5.,  21.,   2.,   0.,  14., 262.,  10.],
        [  5.,   2.,   7.,  97.,  15.,   7.,   0.,   4., 205.,  22.],
        [  0., 257.,  44.,   5.,   9.,  22.,   0.,   6.,  52.,   3.],
        [  7.,   2.,   2.,   2.,   9.,   0.,   0., 290.,   6.,  79.],
        [  2.,   7.,  21.,  11.,  10.,   4., 281.,   2.,   3.,   3.],
        [240.,   6.,  29.,  17.,   5.,   0.,  18.,   7.,   3.,   0.],
        [  1.,   9.,   7.,   3., 290.,   2.,   5.,  17.,   5.,  12.],
        [  8.,   3.,   2.,   2.,   8.,   0.,   0., 296.,   9.,  35.],
        [  0., 259.,   2.,   5.,   1.,   2.,   1.,   4.,   3.,   2.],
        [  1., 292.,   5.,   9.,   3.,   3.,   3.,   6.,   9.,   6.],
        [  0., 240.,  85.,   3.,   9.,  55.,   0.,   6.,  18.,   1.],
        [297.,   5.,   5.,   3.,   3.,   8.,   3.,  19.,   2.,   2.],
        [  1.,   6.,   4.,   7., 295.,   0.,   2.,  14.,   8.,  24.],
        [ 48.,   9., 278.,   2.,   1.,   0.,   0.,  30.,   6.,   4.],
        [  1.,  23.,  91.,   1.,  15., 149.,   0.,   9.,  10.,   2.],
        [  1.,   9.,   8., 290.,   2.,   7.,   3.,   2.,   2.,   2.],
        [  3.,   3.,   4.,  58.,  17., 147.,   0.,   5., 199.,   2.],
        [  9.,   6., 304.,   2.,  10.,   0.,   9.,   6.,  10.,   2.],
        [ 11.,  10.,   3.,   2.,  79.,   0.,   0., 152.,   6., 155.],
        [ 14.,   3.,   1.,   2.,   9.,   0.,   0., 307.,   5.,  43.],
        [284.,   3.,  13.,  22.,   1.,  16.,   2.,   6.,   5.,   6.],
        [  0.,   1.,  23., 295.,  17.,   4.,   0.,   5.,  12.,  10.],
        [253.,   1.,   3.,  14.,   4.,   5.,   1.,  14.,   7.,  19.],
        [  0., 286.,   4.,   5.,   2.,  12.,   3.,   3.,  20.,   3.],
        [  1.,  99., 103.,   5.,   3.,  45.,   0.,   6.,  98.,   5.],
        [  5.,   5.,   1.,   3.,  14.,   1.,   0., 311.,   9.,  20.],
        [  3.,  15.,   4.,   1.,   6.,   1.,   0., 294.,   9.,  10.],
        [  0.,   7.,   2.,   8., 292.,   0.,   5.,  12.,   7.,  19.],
        [  0.,   7.,   2.,   5., 232.,   1.,   1.,  19.,  42.,  15.],
        [308.,   3.,   3.,  11.,   2.,  38.,   2.,  15.,   1.,   1.],
        [  1.,  12.,   4.,   3., 273.,   1.,   4.,   8.,   7.,   8.],
        [  1.,   5.,  42.,   6., 289.,   0.,   4.,   5.,   5.,  14.],
        [  1.,   8.,   2.,   5.,  32.,   1.,   1.,  49.,   4., 252.],
        [  0., 278.,   2.,   7.,   4.,   4.,   1.,   8.,   4.,   5.],
        [  1.,   7.,   1.,  21.,  17.,   0.,   0.,  25.,  10., 277.],
        [ 36.,   4.,  40.,   2.,  84.,   0.,   1.,  66.,   6., 236.],
        [  2.,  10.,  18.,   3.,   6.,   5., 287.,   5.,   5.,   6.],
        [  0.,   7.,  28.,  10., 287.,   0.,   5.,   6.,   6.,  14.],
        [  1., 304.,   8.,   7.,   4.,   7.,   3.,   7.,  11.,   5.],
        [160.,   2.,   8.,  12.,   2.,   1.,   6.,   5.,   1.,   4.],
        [  3.,  12.,  26.,   4.,  15.,   0.,   1.,  12., 259.,  25.],
        [  4.,   2.,   6.,   8.,   4.,  13., 288.,   2.,   5.,   6.],
        [  2.,  15.,  12.,  12.,  11.,  19.,   0.,  14., 277.,   5.],
        [201.,   3.,   8.,  11.,   3.,   3.,   5.,   7.,   4.,   0.],
        [  0., 257.,   2.,   8.,   3.,   5.,   2.,   9.,   3.,   6.],
        [  3.,   3.,   9.,   6.,  10.,   5., 294.,   3.,   2.,   5.],
        [  1.,  22., 271.,  19.,   5.,   2.,   0.,   5.,  14.,   1.],
        [  0., 232.,   2.,   5.,   2.,  16.,   1.,   8.,   3.,   5.],
        [  1.,   8.,  10.,   2.,  44.,   0., 280.,   3.,   3.,   1.],
        [293.,   3.,   3.,  32.,   2.,  28.,   0.,  12.,   2.,   5.],
        [  1., 297.,   5.,   9.,   4.,   4.,   3.,   6.,   9.,   6.],
        [  3.,   2.,   5.,   2., 283.,   0.,   1.,  33.,   7.,  12.],
        [  2.,  13.,  13.,  16.,  19.,  10.,  17.,   6., 235.,   3.],
        [  0., 289.,   4.,  12.,   6.,   4.,   1.,  15.,  10.,  20.],
        [  4.,   7.,  18.,   1.,  11.,   2., 284.,   6.,   2.,   3.],
        [  2.,   7.,   3.,  45.,   2., 206.,   0.,   6.,   5.,   1.],
        [  1.,  23.,   5.,   3., 178.,  28.,   0.,  14.,  68.,   3.],
        [  0., 264.,   3.,   8.,   3.,   9.,   2.,   9.,   4.,   5.],
        [  4.,   8.,   6.,   1.,   3.,   1.,   0., 282.,  10.,  27.],
        [ 11.,  15., 294.,   3.,   2.,   0., 137.,   1.,   1.,   6.],
        [  2.,  29., 134.,   5.,  17.,   1.,   0.,  34.,  12.,  13.],
        [273.,   1.,   3.,  14.,   2.,   8.,   0.,  10.,  17.,  11.]],
       device='cuda:0')
--- spikes (finish interval) ---
tensor([[0., 0., 0., 1., 0., 0., 0., 0., 0., 0.],
        [0., 0., 0., 0., 0., 0., 0., 0., 0., 1.],
        [0., 0., 0., 0., 0., 0., 0., 0., 0., 0.],
        [0., 0., 0., 0., 0., 0., 0., 0., 0., 0.],
        [0., 0., 0., 0., 0., 0., 0., 0., 0., 0.],
        [0., 0., 0., 0., 0., 0., 0., 1., 0., 0.],
        [0., 0., 0., 0., 0., 0., 0., 0., 0., 0.],
        [1., 0., 0., 0., 0., 0., 0., 0., 0., 0.],
        [0., 0., 0., 0., 1., 0., 0., 0., 0., 0.],
        [0., 0., 0., 0., 0., 0., 0., 0., 0., 0.],
        [0., 0., 0., 0., 0., 0., 0., 0., 0., 0.],
        [0., 0., 0., 0., 0., 0., 0., 0., 0., 0.],
        [0., 0., 0., 0., 0., 0., 0., 0., 0., 0.],
        [0., 0., 0., 0., 0., 0., 0., 0., 0., 0.],
        [0., 0., 0., 0., 0., 0., 0., 0., 0., 0.],
        [0., 0., 1., 0., 0., 0., 0., 0., 0., 0.],
        [0., 0., 0., 0., 0., 0., 0., 0., 0., 0.],
        [0., 0., 0., 0., 0., 0., 0., 0., 0., 0.],
        [0., 0., 0., 0., 0., 0., 0., 0., 0., 0.],
        [0., 0., 1., 0., 0., 0., 0., 0., 0., 0.],
        [0., 0., 0., 0., 0., 0., 0., 0., 0., 0.],
        [0., 0., 0., 0., 0., 0., 0., 1., 0., 0.],
        [0., 0., 0., 0., 0., 0., 0., 0., 0., 0.],
        [0., 0., 0., 1., 0., 0., 0., 0., 0., 0.],
        [0., 0., 0., 0., 0., 0., 0., 0., 0., 0.],
        [0., 1., 0., 0., 0., 0., 0., 0., 0., 0.],
        [0., 0., 0., 0., 0., 0., 0., 0., 0., 0.],
        [0., 0., 0., 0., 0., 0., 0., 1., 0., 0.],
        [0., 0., 0., 0., 0., 0., 0., 1., 0., 0.],
        [0., 0., 0., 0., 0., 0., 0., 0., 0., 0.],
        [0., 0., 0., 0., 0., 0., 0., 0., 0., 0.],
        [1., 0., 0., 0., 0., 0., 0., 0., 0., 0.],
        [0., 0., 0., 0., 1., 0., 0., 0., 0., 0.],
        [0., 0., 0., 0., 1., 0., 0., 0., 0., 0.],
        [0., 0., 0., 0., 0., 0., 0., 0., 0., 1.],
        [0., 1., 0., 0., 0., 0., 0., 0., 0., 0.],
        [0., 0., 0., 0., 0., 0., 0., 0., 0., 1.],
        [0., 0., 0., 0., 0., 0., 0., 0., 0., 1.],
        [0., 0., 0., 0., 0., 0., 0., 0., 0., 0.],
        [0., 0., 0., 0., 0., 0., 0., 0., 0., 0.],
        [0., 1., 0., 0., 0., 0., 0., 0., 0., 0.],
        [0., 0., 0., 0., 0., 0., 0., 0., 0., 0.],
        [0., 0., 0., 0., 0., 0., 0., 0., 0., 0.],
        [0., 0., 0., 0., 0., 0., 0., 0., 0., 0.],
        [0., 0., 0., 0., 0., 0., 0., 0., 0., 0.],
        [0., 0., 0., 0., 0., 0., 0., 0., 0., 0.],
        [0., 1., 0., 0., 0., 0., 0., 0., 0., 0.],
        [0., 0., 0., 0., 0., 0., 1., 0., 0., 0.],
        [0., 0., 1., 0., 0., 0., 0., 0., 0., 0.],
        [0., 0., 0., 0., 0., 0., 0., 0., 0., 0.],
        [0., 0., 0., 0., 0., 0., 0., 0., 0., 0.],
        [1., 0., 0., 0., 0., 0., 0., 0., 0., 0.],
        [0., 1., 0., 0., 0., 0., 0., 0., 0., 0.],
        [0., 0., 0., 0., 0., 0., 0., 0., 0., 0.],
        [0., 0., 0., 0., 0., 0., 0., 0., 0., 0.],
        [0., 0., 0., 0., 0., 0., 0., 0., 0., 0.],
        [0., 0., 0., 0., 0., 0., 1., 0., 0., 0.],
        [0., 0., 0., 0., 0., 1., 0., 0., 0., 0.],
        [0., 0., 0., 0., 0., 0., 0., 0., 0., 0.],
        [0., 0., 0., 0., 0., 0., 0., 0., 0., 0.],
        [0., 0., 0., 0., 0., 0., 0., 0., 0., 1.],
        [0., 0., 0., 0., 0., 0., 0., 0., 0., 0.],
        [0., 0., 0., 0., 0., 0., 0., 0., 0., 0.],
        [0., 0., 0., 0., 0., 0., 0., 0., 0., 0.]], device='cuda:0')
Epoch 9 | Batch 400
--- spikes (training) ---
tensor([[300.,   0.,   2.,   1.,   4.,   0.,  18.,  11.,   1.,   0.],
        [  7.,   3., 274.,   2.,  10.,   0.,   3.,   1., 125.,   0.],
        [  9.,   2.,  14.,   5.,  14.,   8.,   2.,  17., 235.,   6.],
        [  3.,  40.,   2.,   6.,   7., 251.,   0.,   2., 111.,   0.],
        [  1.,  12., 180.,   2.,   5.,  23.,  79.,  14.,   5.,   0.],
        [263.,   0.,   4.,   5.,   5.,   0.,  76.,   4.,   4.,   0.],
        [  0.,   1.,   3.,   4.,  15.,   0.,   0.,  38.,   1., 247.],
        [265.,   0.,   4.,   5.,   4.,   0.,  12.,   4.,  40.,   0.],
        [  0., 300.,   3.,   8.,   1.,   0.,  60.,   2.,   3.,   0.],
        [  1., 138.,  14.,   9.,   5.,   0.,   8.,   4., 236.,   1.],
        [  0., 297.,   2.,   9.,   0.,   0.,   5.,   5.,   8.,   0.],
        [  4.,   0.,   3.,   0.,   7.,   0.,  29.,   6.,   1.,   5.],
        [106.,   0.,  58., 300.,   0.,   1.,   0.,   9.,   6.,   0.],
        [ 18.,   8.,   3.,   0.,  11., 284.,   0.,   2.,  16.,   0.],
        [  3.,   0.,   3.,   2.,   2.,   0.,   0., 286.,   1.,   0.],
        [  1.,   2.,   2.,   2.,   9.,   2.,   1.,   8.,   4., 234.],
        [ 11.,   0.,   2.,  35.,  25., 229.,   0.,   1.,   8.,   0.],
        [ 10.,   3.,   0.,  13.,   6.,   0., 287.,   3.,  23.,   0.],
        [ 45.,   2.,   6.,   0.,   5.,   0.,   2.,  23.,   2.,  87.],
        [ 23.,   0.,   4., 288.,   1.,  80.,   0.,  61.,  10.,   0.],
        [  1.,   2.,   0.,   0., 264.,   0.,   1.,   4.,  27.,  13.],
        [ 32.,   1.,   6., 160.,  11.,   0.,   1.,   9.,   3.,   0.],
        [  4.,   7.,  12., 247.,   4.,   0.,  42.,  16.,  10.,   0.],
        [ 16.,   3.,  11.,   1.,  10.,   0., 264.,   4.,   3.,   0.],
        [  0., 294.,   1.,   7.,   0.,   0.,   5.,   2.,   3.,   0.],
        [  0.,  40.,   1.,   4., 201.,   1.,   5.,   5.,   5.,   0.],
        [  9.,   1.,   8.,   0.,   9.,   0., 270.,   4.,   3.,   0.],
        [  5.,  11.,   0.,   3.,   7., 133.,   1.,   7.,   1.,   0.],
        [287.,   0.,   6.,   2.,   8.,   0.,   7.,   7.,   4.,   0.],
        [  2.,   0., 224.,  22.,  16.,   0.,  67.,   3.,   6.,   0.],
        [  1.,   0.,   0.,   1., 288.,   0.,   1.,   7.,   6.,   0.],
        [  0., 303.,   2.,  12.,   1.,   0.,   7.,   7.,   5.,   0.],
        [  5.,   2.,  10.,   2.,  24.,   2.,   7.,   6., 281.,   0.],
        [  6.,   0.,   3.,   0.,   9.,   0.,   0.,  11.,   6., 240.],
        [  0.,   2.,   0.,   3., 243.,   1.,   1.,  11.,  17.,   3.],
        [  0.,   1.,   2.,  11.,   3.,   0.,   0., 250.,   2.,   1.],
        [ 26.,   0.,   1.,   0.,   1.,   0.,   0., 268.,   0.,   0.],
        [  0.,   3.,   1.,   2.,   4.,   6.,   0., 162.,   0.,  50.],
        [313.,   0.,   0.,   2.,   0.,   7.,   0.,  11.,   0.,   0.],
        [  0.,   2.,   0.,   3.,   4.,   0.,   0., 282.,   1.,  17.],
        [259.,   0.,   2.,   3.,   3.,   0.,  35.,   6.,   4.,   0.],
        [  2.,   0.,  14., 301.,   7.,   0.,   0.,   3.,  12.,   0.],
        [  2.,  16.,   3.,   3.,   4.,   2.,   0., 258.,   5.,   0.],
        [305.,   0.,   1.,   0.,   1.,   2.,   0.,   9.,   3.,   0.],
        [286.,   0.,   1.,   2.,   1.,   0.,  11.,   5.,  26.,   0.],
        [  0., 299.,   2.,   9.,   1.,   0.,   5.,   9.,   6.,   0.],
        [  2.,   5.,   1.,  10.,   5.,   6., 258.,   2.,  35.,   0.],
        [ 14.,   5.,   4.,   2.,   6.,   0., 288.,   4.,  15.,   0.],
        [243.,   1.,   1.,   4.,   9.,  79.,   0.,   7.,   4.,   0.],
        [  1.,   4.,   6.,   0.,  10.,   0.,   0., 294.,  23.,   0.],
        [ 20.,   0.,   4., 287.,   3.,  14.,  21.,   4.,   4.,   0.],
        [  0.,   0.,   1.,   1., 164.,   0.,   2.,   9.,   6.,  21.],
        [  9.,   6.,  10.,  30.,   5.,  14.,   1.,   6., 237.,   0.],
        [  6.,   5., 287.,  10.,   4.,   0.,   3.,   3.,   6.,   0.],
        [  0., 283.,   3.,   7.,   0.,   0.,   2.,  41.,   3.,   0.],
        [ 36.,   0.,   1., 104.,   4., 263.,  11.,   9.,  27.,   0.],
        [  5.,   2., 280.,  38.,   1.,   0.,   0.,   1.,  21.,   0.],
        [  2.,  12.,   9.,   5.,  17.,   5.,   2.,  23., 252.,   5.],
        [  0.,   2.,   7.,   3.,   2.,   0.,   0., 303.,   0.,   6.],
        [  0., 296.,   2.,   9.,   0.,   0.,   5.,   2.,   4.,   0.],
        [ 24.,   0.,  30., 280.,   2.,   0.,   0.,   4.,  21.,   0.],
        [313.,   0.,   0.,   4.,   1.,   8.,   0.,   9.,   0.,   0.],
        [  7.,   4., 249.,   0.,  10.,   0.,  16.,   0.,  62.,   0.],
        [  5.,  10., 253.,  31.,   3.,   0.,   0.,   1.,  38.,   0.]],
       device='cuda:0')
--- spikes (finish interval) ---
tensor([[0., 0., 0., 0., 0., 0., 0., 0., 0., 0.],
        [0., 0., 1., 0., 0., 0., 0., 0., 0., 0.],
        [0., 0., 0., 0., 0., 0., 0., 0., 0., 0.],
        [0., 0., 0., 0., 0., 0., 0., 0., 0., 0.],
        [0., 0., 0., 0., 0., 0., 0., 0., 0., 0.],
        [1., 0., 0., 0., 0., 0., 0., 0., 0., 0.],
        [0., 0., 0., 0., 0., 0., 0., 0., 0., 0.],
        [0., 0., 0., 0., 0., 0., 0., 0., 0., 0.],
        [0., 0., 0., 0., 0., 0., 0., 0., 0., 0.],
        [0., 0., 0., 0., 0., 0., 0., 0., 0., 0.],
        [0., 1., 0., 0., 0., 0., 0., 0., 0., 0.],
        [0., 0., 0., 0., 0., 0., 0., 0., 0., 0.],
        [0., 0., 0., 0., 0., 0., 0., 0., 0., 0.],
        [0., 0., 0., 0., 0., 0., 0., 0., 0., 0.],
        [0., 0., 0., 0., 0., 0., 0., 1., 0., 0.],
        [0., 0., 0., 0., 0., 0., 0., 0., 0., 0.],
        [0., 0., 0., 0., 0., 0., 0., 0., 0., 0.],
        [0., 0., 0., 0., 0., 0., 1., 0., 0., 0.],
        [0., 0., 0., 0., 0., 0., 0., 0., 0., 1.],
        [0., 0., 0., 1., 0., 0., 0., 0., 0., 0.],
        [0., 0., 0., 0., 1., 0., 0., 0., 0., 0.],
        [0., 0., 0., 0., 0., 0., 0., 0., 0., 0.],
        [0., 0., 0., 1., 0., 0., 0., 0., 0., 0.],
        [0., 0., 0., 0., 0., 0., 1., 0., 0., 0.],
        [0., 1., 0., 0., 0., 0., 0., 0., 0., 0.],
        [0., 0., 0., 0., 0., 0., 0., 0., 0., 0.],
        [0., 0., 0., 0., 0., 0., 1., 0., 0., 0.],
        [0., 0., 0., 0., 0., 0., 0., 0., 0., 0.],
        [0., 0., 0., 0., 0., 0., 0., 0., 0., 0.],
        [0., 0., 1., 0., 0., 0., 0., 0., 0., 0.],
        [0., 0., 0., 0., 0., 0., 0., 0., 0., 0.],
        [0., 0., 0., 0., 0., 0., 0., 0., 0., 0.],
        [0., 0., 0., 0., 0., 0., 0., 0., 1., 0.],
        [0., 0., 0., 0., 0., 0., 0., 0., 0., 0.],
        [0., 0., 0., 0., 0., 0., 0., 0., 0., 0.],
        [0., 0., 0., 0., 0., 0., 0., 1., 0., 0.],
        [0., 0., 0., 0., 0., 0., 0., 1., 0., 0.],
        [0., 0., 0., 0., 0., 0., 0., 0., 0., 0.],
        [1., 0., 0., 0., 0., 0., 0., 0., 0., 0.],
        [0., 0., 0., 0., 0., 0., 0., 1., 0., 0.],
        [0., 0., 0., 0., 0., 0., 0., 0., 0., 0.],
        [0., 0., 0., 0., 0., 0., 0., 0., 0., 0.],
        [0., 0., 0., 0., 0., 0., 0., 0., 0., 0.],
        [1., 0., 0., 0., 0., 0., 0., 0., 0., 0.],
        [0., 0., 0., 0., 0., 0., 0., 0., 0., 0.],
        [0., 1., 0., 0., 0., 0., 0., 0., 0., 0.],
        [0., 0., 0., 0., 0., 0., 0., 0., 0., 0.],
        [0., 0., 0., 0., 0., 0., 1., 0., 0., 0.],
        [0., 0., 0., 0., 0., 0., 0., 0., 0., 0.],
        [0., 0., 0., 0., 0., 0., 0., 0., 0., 0.],
        [0., 0., 0., 1., 0., 0., 0., 0., 0., 0.],
        [0., 0., 0., 0., 0., 0., 0., 0., 0., 0.],
        [0., 0., 0., 0., 0., 0., 0., 0., 0., 0.],
        [0., 0., 1., 0., 0., 0., 0., 0., 0., 0.],
        [0., 0., 0., 0., 0., 0., 0., 0., 0., 0.],
        [0., 0., 0., 0., 0., 1., 0., 0., 0., 0.],
        [0., 0., 1., 0., 0., 0., 0., 0., 0., 0.],
        [0., 0., 0., 0., 0., 0., 0., 0., 1., 0.],
        [0., 0., 0., 0., 0., 0., 0., 1., 0., 0.],
        [0., 1., 0., 0., 0., 0., 0., 0., 0., 0.],
        [0., 0., 0., 0., 0., 0., 0., 0., 0., 0.],
        [1., 0., 0., 0., 0., 0., 0., 0., 0., 0.],
        [0., 0., 0., 0., 0., 0., 0., 0., 0., 0.],
        [0., 0., 0., 0., 0., 0., 0., 0., 0., 0.]], device='cuda:0')
Epoch 9 | Batch 500
--- spikes (training) ---
tensor([[ 11.,   0.,  13., 292.,   7.,   1.,   0.,   0.,   3.,   2.],
        [  8.,   0.,   0.,   4.,  39.,   0.,  17.,   3.,   2., 275.],
        [ 21.,   0.,  18., 267.,   8.,   8.,   0.,   0.,  15.,   0.],
        [  3.,   0.,  26.,   4.,  25.,   8., 300.,   0.,   1.,  46.],
        [  6.,   0.,   0.,  17.,  35.,   0.,  10.,   5.,   1., 244.],
        [  8.,   0.,  20.,   4.,  23.,   9., 290.,   0.,   4.,   4.],
        [  6.,   0.,   4.,  15.,  14.,   4.,   4., 258.,  10.,  29.],
        [  3.,   0., 282.,  21.,  12.,   2.,  58.,   0.,   1.,   5.],
        [  8.,   0.,   0.,  21.,  42.,   0.,   5.,  68.,   1., 288.],
        [  1., 274.,   0.,  10.,   2.,   2.,   4.,   0.,  78.,   4.],
        [  6.,   0.,   0.,   8., 209.,   0.,  11.,   0.,   1.,  15.],
        [  6.,   0.,   0.,   4.,  43.,   0.,   3.,  10.,   4., 284.],
        [  3.,   2., 288.,   2.,  19.,   1.,  83.,   0.,   4.,  12.],
        [188.,   0.,   0.,   5.,   7.,   1.,   3.,   0.,   6.,   3.],
        [ 89.,   0.,   0.,  12.,  13.,   2.,   1., 184.,   1.,   9.],
        [312.,   0.,   3.,   2.,   3.,   1.,   6.,   0.,   6.,   3.],
        [  1., 278.,   1.,  21.,   6.,   5.,  18.,   0.,   8.,   6.],
        [  1.,   1.,   0.,   2., 294.,   5.,   8.,   0.,   9.,  66.],
        [  5.,   3.,   0., 279.,  11.,   4.,   5.,   2.,   2.,  27.],
        [  3.,  19.,   4.,   4.,  16.,   3., 271.,   0.,   4.,   6.],
        [  8.,   0.,   7.,   2., 291.,   3.,  20.,   0.,   9.,  20.],
        [ 17.,   0.,   0.,   6.,  21.,   6.,   4., 249.,   1.,  65.],
        [ 10.,   0.,   0.,   4.,  15., 270.,   4.,   0.,   9.,   8.],
        [  3., 286.,   1.,  15.,   8.,   7.,   7.,   0.,  83.,   9.],
        [ 21.,   1., 274.,  16.,   3.,   2.,  15.,   0.,   0.,   2.],
        [ 22.,   3.,   4.,  31.,   7.,  33.,   5.,   2., 248.,   6.],
        [ 29.,   0.,   0.,   8.,   7., 214.,   1.,   4.,   6.,  12.],
        [  4.,   0.,   0.,  13., 289.,   1.,   8.,   0.,   5., 222.],
        [  5.,   3., 293.,   7.,   9.,   1.,   6.,   0.,   5.,  14.],
        [  4.,   1.,   0.,   5.,  49.,   3.,   6.,   2.,   3., 275.],
        [ 21.,   0.,  18., 281.,   9.,   1.,   0.,   0.,  47.,   4.],
        [  5.,   4.,   0.,  20.,  28.,   6.,   3.,  68.,   6., 146.],
        [  4.,   7., 114.,  19.,   4.,   6.,  12.,   0.,   7.,   5.],
        [ 25.,   0.,   0.,   8.,  17.,   2.,   2., 232.,   3.,  12.],
        [206.,   0.,   0.,  15.,   6.,   1.,  31.,   0.,   7.,  15.],
        [310.,   0.,   0.,   3.,   2.,   3.,   7.,   0.,   7.,   0.],
        [  8.,   1.,   0., 116.,   7.,   7.,   6.,   0., 216.,   7.],
        [  7.,   0.,   0.,  12., 265.,   1.,   8.,   0.,   4.,  86.],
        [  6.,   3., 279.,   5.,   4.,  41.,  18.,   0.,   2.,   1.],
        [  4.,   1.,   0.,   5.,  72.,   2.,   3.,  10.,   3., 283.],
        [  6.,   3.,   2.,  18.,  18.,  15.,   1.,   0., 254.,   3.],
        [ 10.,   0., 284., 117.,   6.,   4.,   5.,   0.,   0.,   5.],
        [  4.,   0.,   1.,   9.,  63.,   1.,   9.,   0.,   4., 284.],
        [  4.,   0.,   0.,  11., 275.,   8.,   6.,   0.,   5.,  90.],
        [  0., 267.,   0.,   8.,   2.,   1.,   8.,   0.,  62.,   3.],
        [  5.,   0.,   0.,   4., 256.,   0.,   8.,   0.,  10., 148.],
        [  2.,   2.,  52.,   1.,  33.,   2., 301.,   0.,   1.,  24.],
        [ 88.,   0.,   0., 113.,  10.,   3.,   2.,   0., 201.,   1.],
        [248.,   0.,   0.,   3.,   9.,   2.,   0.,   0.,   3.,   1.],
        [  1., 269.,   0.,  18.,   5.,   4.,  15.,   0.,   7.,   5.],
        [  1.,   0.,  66.,   6., 193.,   0.,  46.,   0.,   2.,  37.],
        [ 13.,   1.,   0.,   9.,  17., 221.,   4.,   0.,   6.,  15.],
        [  5.,   0.,   8., 292.,   5.,  21.,   4.,   0.,   0.,   4.],
        [  3.,  51.,   1.,  11.,  30.,   3.,  16., 172.,   2.,  21.],
        [318.,   0.,   0.,   3.,   0.,   3.,   1.,   0.,   1.,   1.],
        [  3.,   0.,   2.,   8., 273.,   1.,  34.,   0.,   4.,  47.],
        [ 17.,   1.,   1.,  31.,   6., 255.,   9.,   0.,   1.,   8.],
        [  2.,   0.,  11.,   3.,  28.,  17., 295.,   0.,   2.,  10.],
        [ 10.,   0.,  28., 305.,   3.,   3.,   0.,   0.,   2.,   1.],
        [  2.,  47.,   3.,  38.,  22.,   6.,  12.,   0., 216.,  12.],
        [  1., 280.,   0.,  13.,   4.,   2.,  10.,   0.,  77.,   5.],
        [304.,   0.,   0.,  10.,   4.,   7.,   0.,   0.,   5.,   2.],
        [ 10.,   0.,   1.,   4., 217.,   0.,  11.,   0.,   2.,   2.],
        [ 13.,   0.,  13.,   3.,  38., 124., 288.,   0.,   1.,  12.]],
       device='cuda:0')
--- spikes (finish interval) ---
tensor([[0., 0., 0., 0., 0., 0., 0., 0., 0., 0.],
        [0., 0., 0., 0., 0., 0., 0., 0., 0., 0.],
        [0., 0., 0., 0., 0., 0., 0., 0., 0., 0.],
        [0., 0., 0., 0., 0., 1., 0., 0., 0., 0.],
        [0., 0., 0., 0., 0., 0., 0., 0., 0., 1.],
        [0., 0., 0., 0., 0., 0., 0., 0., 0., 0.],
        [0., 0., 0., 0., 0., 0., 0., 0., 0., 0.],
        [0., 0., 1., 0., 0., 0., 0., 0., 0., 0.],
        [0., 0., 0., 0., 0., 0., 0., 0., 0., 0.],
        [0., 1., 0., 0., 0., 0., 0., 0., 0., 0.],
        [0., 0., 0., 0., 0., 0., 0., 0., 0., 0.],
        [0., 0., 0., 0., 0., 0., 0., 0., 0., 0.],
        [0., 0., 1., 0., 0., 0., 0., 0., 0., 0.],
        [0., 0., 0., 0., 0., 0., 0., 0., 0., 0.],
        [0., 0., 0., 0., 0., 0., 0., 0., 0., 0.],
        [0., 0., 0., 0., 0., 0., 0., 0., 0., 0.],
        [0., 1., 0., 0., 0., 0., 0., 0., 0., 0.],
        [0., 0., 0., 0., 0., 0., 0., 0., 0., 0.],
        [0., 0., 0., 1., 0., 0., 0., 0., 0., 0.],
        [0., 0., 0., 0., 0., 0., 0., 0., 0., 0.],
        [0., 0., 0., 0., 1., 0., 0., 0., 0., 0.],
        [0., 0., 0., 0., 0., 0., 0., 0., 0., 0.],
        [0., 0., 0., 0., 0., 0., 0., 0., 0., 0.],
        [0., 1., 0., 0., 0., 0., 0., 0., 0., 0.],
        [0., 0., 1., 0., 0., 0., 0., 0., 0., 0.],
        [0., 0., 0., 0., 0., 0., 0., 0., 1., 0.],
        [0., 0., 0., 0., 0., 0., 0., 0., 0., 0.],
        [0., 0., 0., 0., 1., 0., 0., 0., 0., 0.],
        [0., 0., 1., 0., 0., 0., 0., 0., 0., 0.],
        [0., 0., 0., 0., 0., 0., 0., 0., 0., 1.],
        [0., 0., 0., 0., 0., 0., 0., 0., 0., 0.],
        [0., 0., 0., 0., 0., 0., 0., 0., 0., 0.],
        [0., 0., 0., 0., 0., 0., 0., 0., 0., 0.],
        [0., 0., 0., 0., 0., 0., 0., 0., 0., 0.],
        [0., 0., 0., 0., 0., 0., 0., 0., 0., 0.],
        [1., 0., 0., 0., 0., 0., 0., 0., 0., 0.],
        [0., 0., 0., 0., 0., 0., 0., 0., 0., 0.],
        [0., 0., 0., 0., 1., 0., 0., 0., 0., 0.],
        [0., 0., 0., 0., 0., 0., 0., 0., 0., 0.],
        [0., 0., 0., 0., 0., 0., 0., 0., 0., 1.],
        [0., 0., 0., 0., 0., 0., 0., 0., 1., 0.],
        [0., 0., 1., 0., 0., 0., 0., 0., 0., 0.],
        [0., 0., 0., 0., 0., 0., 0., 0., 0., 1.],
        [0., 0., 0., 0., 0., 0., 0., 0., 0., 0.],
        [0., 0., 0., 0., 0., 0., 0., 0., 0., 0.],
        [0., 0., 0., 0., 0., 0., 0., 0., 0., 0.],
        [0., 0., 0., 0., 0., 0., 0., 0., 0., 0.],
        [0., 0., 0., 0., 0., 0., 0., 0., 0., 0.],
        [0., 0., 0., 0., 0., 0., 0., 0., 0., 0.],
        [0., 1., 0., 0., 0., 0., 0., 0., 0., 0.],
        [0., 0., 0., 0., 0., 0., 0., 0., 0., 0.],
        [0., 0., 0., 0., 0., 1., 0., 0., 0., 0.],
        [0., 0., 0., 1., 0., 0., 0., 0., 0., 0.],
        [0., 0., 0., 0., 0., 0., 0., 1., 0., 0.],
        [0., 0., 0., 0., 0., 0., 0., 0., 0., 0.],
        [0., 0., 0., 0., 0., 0., 0., 0., 0., 0.],
        [0., 0., 0., 0., 0., 1., 0., 0., 0., 0.],
        [0., 0., 0., 0., 0., 0., 1., 0., 0., 0.],
        [0., 0., 0., 1., 0., 0., 0., 0., 0., 0.],
        [0., 0., 0., 0., 0., 0., 0., 0., 0., 0.],
        [0., 0., 0., 0., 0., 0., 0., 0., 0., 0.],
        [1., 0., 0., 0., 0., 0., 0., 0., 0., 0.],
        [0., 0., 0., 0., 1., 0., 0., 0., 0., 0.],
        [0., 0., 0., 0., 0., 0., 0., 0., 0., 0.]], device='cuda:0')
Epoch 9 | Batch 600
--- spikes (training) ---
tensor([[  4.,   2.,   4.,   1., 279.,   1.,   0.,  10.,   8.,   9.],
        [  4.,   5., 242.,  17.,   3.,   0.,   0.,   4.,   8.,   1.],
        [ 11.,  15.,  11.,   1.,  57.,   2.,   1.,   4.,  16., 231.],
        [  6.,   1.,   4.,  12.,   3.,   1.,   0., 304.,   7.,   4.],
        [  4., 104.,  17.,  22.,  12.,   0.,   0., 257.,   8.,   9.],
        [  9.,  18.,  14.,   1.,  14.,   0.,   1.,   3., 273.,   0.],
        [  3., 287.,  13.,  12.,   6.,   0.,   5.,   6.,  11.,   3.],
        [  5., 263.,  23.,   7.,   6.,   0., 157.,   3.,   5.,   1.],
        [  3.,   6.,   3.,   1., 273.,   2.,   1.,  13.,   4.,   5.],
        [ 12.,   5.,   7.,   1.,  22.,   2., 268.,   1.,   5.,   3.],
        [302.,   0.,   9.,  43.,   0.,   9.,   0.,  19.,   9.,   2.],
        [  2., 252.,  10.,   1.,  14.,   0.,   0.,   2.,   7.,   0.],
        [  6.,   9., 112.,   3.,  36.,  13.,   1.,   1.,  15.,   4.],
        [  8.,  66., 286.,  10.,   0.,   2.,  37.,   4.,   7.,   1.],
        [  6.,   9.,   3.,   0., 289.,  16.,   5.,   4.,  13.,   2.],
        [ 41.,   1.,   7.,  25.,   0., 231.,   0.,  19.,  13.,   2.],
        [ 13.,   6.,  17.,   2.,  31.,   1., 278.,   1.,  20.,   6.],
        [ 25.,   3.,   3., 271.,   0.,  31.,   0.,   3.,   5.,   7.],
        [ 39.,   0.,  16.,   6.,  10.,   0., 212.,   3.,   8.,   1.],
        [ 28.,   1.,  12.,   0.,  10.,   0., 282.,   0.,   9.,   3.],
        [  2., 278.,  12.,  11.,   6.,   1.,   6.,   5.,  11.,   2.],
        [304.,   0.,   9.,   1.,   1.,   2.,   0.,   3.,   7.,   1.],
        [ 10.,   4., 287.,   1.,  12.,   0.,   0.,   1., 110.,   1.],
        [  5.,   4.,   1.,   2., 287.,   8.,   1.,  18.,   3., 175.],
        [  5.,  10.,   8.,  22.,   7.,   3.,   3.,  11., 156.,   7.],
        [  3., 254.,  31.,   1.,  10.,   1.,   0.,   3.,  14.,   0.],
        [  5.,  44.,  11.,   0., 284.,   1.,   6.,   1.,  10.,   1.],
        [ 15.,   4.,   3.,   1., 291.,   3.,   1.,   2.,  15.,   3.],
        [  7.,   1.,  23.,   0.,  28.,   0., 265.,   1.,   3.,   4.],
        [ 13.,  10.,   7., 281.,   0.,  18.,   0.,   2.,  10.,   5.],
        [  2.,   2.,   2.,   1.,   4.,   5.,   0., 150.,   5.,  74.],
        [304.,   2.,   4.,  12.,   1.,  11.,  50.,   3.,   8.,   6.],
        [ 25.,   0.,  93., 109.,   2.,  26.,   0.,  30., 223.,   4.],
        [  3.,  23.,  10.,   2.,  76.,   1.,   0.,   2., 228.,   0.],
        [ 40.,   0.,   5.,   5.,   0., 238.,   1.,   1.,  14.,   1.],
        [ 16.,   1.,   1.,  10.,   0., 262.,   1.,   1.,  13.,   4.],
        [  5.,   4., 270.,   1.,   2.,   0.,  18.,  63.,   7.,   5.],
        [ 33.,   6.,   5.,   6.,   9.,   1., 248.,   2.,  13.,   3.],
        [ 51.,   3.,   5.,   6.,   0., 194.,   0.,   6.,  10.,   3.],
        [  5.,   6.,  15.,   3.,  13.,   1.,   2.,   4., 137.,  48.],
        [ 12.,  56.,  10.,   6.,   7.,   0.,  18.,   1., 249.,   1.],
        [ 24.,   2.,   1.,   4.,   6., 283.,   0.,   1.,   5.,   6.],
        [  2., 281.,   9.,  10.,   6.,   1.,   3.,   7.,   9.,   2.],
        [316.,   0.,   4.,   2.,   0.,   3.,   0.,   3.,   5.,   9.],
        [  9.,   6.,  13.,   8.,   5.,   7.,   0.,   3., 278.,   5.],
        [310.,   2.,   1.,   4.,   1.,  18.,   1.,   2.,   1.,   4.],
        [ 38.,   1.,   3.,   3.,   1., 234.,   0.,   3.,   6.,   2.],
        [ 20.,   7.,  32.,  10.,   5.,   0.,   1.,   5., 281.,   1.],
        [  1.,  21.,   8.,   0.,   3., 159.,   1.,   0.,  54.,   1.],
        [ 28.,   1.,   9., 280.,   0., 125.,   0.,   3.,  21.,   5.],
        [ 14.,  10.,  25., 257.,   2.,   2.,   0.,   2.,  13.,   1.],
        [ 13.,   1.,  41.,   0.,  29.,   0., 148.,   4.,   3.,   2.],
        [ 21.,   0.,  19.,   0., 213.,   6.,   4.,   0.,  15.,   4.],
        [282.,   2.,   1.,   2.,   0.,  15.,   0.,   3.,   3.,  31.],
        [ 13.,   4.,   4.,   4.,  14.,   3.,   0.,  10.,   7., 254.],
        [321.,   0.,   9.,   0.,   0.,   6.,   0.,   6.,   2.,   8.],
        [  2.,  33., 297.,   2.,   1.,   0.,  13.,   1.,   9.,   0.],
        [309.,   1.,   4.,   3.,   0.,  51.,   0.,   4.,   5.,   3.],
        [ 23.,   3., 268.,   3.,  17.,   4.,   8.,   0.,  16.,  32.],
        [  2., 286.,  10.,  14.,   9.,   1.,   2.,  19.,  10.,   4.],
        [  6.,   4.,  14.,   1.,  14.,   0.,   1.,   7.,  19., 287.],
        [  3.,   1., 300.,   7.,  12.,   0.,  14.,   1.,   2.,   2.],
        [ 41.,   2.,   3., 244.,   0.,   9.,   0.,   7.,  20.,   3.],
        [304.,   0.,   6.,   0.,   1.,   4.,   0.,   2.,   6.,   4.]],
       device='cuda:0')
--- spikes (finish interval) ---
tensor([[0., 0., 0., 0., 1., 0., 0., 0., 0., 0.],
        [0., 0., 0., 0., 0., 0., 0., 0., 0., 0.],
        [0., 0., 0., 0., 0., 0., 0., 0., 0., 0.],
        [0., 0., 0., 0., 0., 0., 0., 0., 0., 0.],
        [0., 0., 0., 0., 0., 0., 0., 0., 0., 0.],
        [0., 0., 0., 0., 0., 0., 0., 0., 0., 0.],
        [0., 0., 0., 0., 0., 0., 0., 0., 0., 0.],
        [0., 1., 0., 0., 0., 0., 1., 0., 0., 0.],
        [0., 0., 0., 0., 1., 0., 0., 0., 0., 0.],
        [0., 0., 0., 0., 0., 0., 1., 0., 0., 0.],
        [0., 0., 0., 0., 0., 0., 0., 0., 0., 0.],
        [0., 0., 0., 0., 0., 0., 0., 0., 0., 0.],
        [0., 0., 0., 0., 0., 0., 0., 0., 0., 0.],
        [0., 0., 1., 0., 0., 0., 0., 0., 0., 0.],
        [0., 0., 0., 0., 0., 0., 0., 0., 0., 0.],
        [0., 0., 0., 0., 0., 0., 0., 0., 0., 0.],
        [0., 0., 0., 0., 0., 0., 1., 0., 0., 0.],
        [0., 0., 0., 0., 0., 0., 0., 0., 0., 0.],
        [0., 0., 0., 0., 0., 0., 1., 0., 0., 0.],
        [0., 0., 0., 0., 0., 0., 0., 0., 0., 0.],
        [0., 0., 0., 0., 0., 0., 0., 0., 0., 0.],
        [1., 0., 0., 0., 0., 0., 0., 0., 0., 0.],
        [0., 0., 0., 0., 0., 0., 0., 0., 0., 0.],
        [0., 0., 0., 0., 1., 0., 0., 0., 0., 0.],
        [0., 0., 0., 0., 0., 0., 0., 0., 0., 0.],
        [0., 0., 0., 0., 0., 0., 0., 0., 0., 0.],
        [0., 0., 0., 0., 1., 0., 0., 0., 0., 0.],
        [0., 0., 0., 0., 0., 0., 0., 0., 0., 0.],
        [0., 0., 0., 0., 0., 0., 0., 0., 0., 0.],
        [0., 0., 0., 0., 0., 0., 0., 0., 0., 0.],
        [0., 0., 0., 0., 0., 0., 0., 0., 0., 0.],
        [0., 0., 0., 0., 0., 0., 0., 0., 0., 0.],
        [0., 0., 0., 0., 0., 0., 0., 0., 0., 0.],
        [0., 0., 0., 0., 1., 0., 0., 0., 1., 0.],
        [0., 0., 0., 0., 0., 1., 0., 0., 0., 0.],
        [0., 0., 0., 0., 0., 0., 0., 0., 0., 0.],
        [0., 0., 1., 0., 0., 0., 0., 0., 0., 0.],
        [0., 0., 0., 0., 0., 0., 0., 0., 0., 0.],
        [0., 0., 0., 0., 0., 0., 0., 0., 0., 0.],
        [0., 0., 0., 0., 0., 0., 0., 0., 0., 0.],
        [0., 0., 0., 0., 0., 0., 0., 0., 0., 0.],
        [0., 0., 0., 0., 0., 1., 0., 0., 0., 0.],
        [0., 1., 0., 0., 0., 0., 0., 0., 0., 0.],
        [0., 0., 0., 0., 0., 0., 0., 0., 0., 0.],
        [0., 0., 0., 0., 0., 0., 0., 0., 0., 0.],
        [0., 0., 0., 0., 0., 0., 0., 0., 0., 0.],
        [0., 0., 0., 0., 0., 0., 0., 0., 0., 0.],
        [0., 0., 0., 0., 0., 0., 0., 0., 1., 0.],
        [0., 0., 0., 0., 0., 0., 0., 0., 0., 0.],
        [0., 0., 0., 1., 0., 0., 0., 0., 0., 0.],
        [0., 0., 0., 0., 0., 0., 0., 0., 0., 0.],
        [0., 0., 0., 0., 0., 0., 0., 0., 0., 0.],
        [0., 0., 0., 0., 1., 0., 0., 0., 0., 0.],
        [0., 0., 0., 0., 0., 0., 0., 0., 0., 0.],
        [0., 0., 0., 0., 0., 0., 0., 0., 0., 1.],
        [1., 0., 0., 0., 0., 0., 0., 0., 0., 0.],
        [0., 0., 1., 0., 0., 0., 0., 0., 0., 0.],
        [1., 0., 0., 0., 0., 0., 0., 0., 0., 0.],
        [0., 0., 0., 0., 0., 0., 0., 0., 0., 0.],
        [0., 1., 0., 0., 0., 0., 0., 0., 0., 0.],
        [0., 0., 0., 0., 0., 0., 0., 0., 0., 0.],
        [0., 0., 1., 0., 0., 0., 0., 0., 0., 0.],
        [0., 0., 0., 1., 0., 0., 0., 0., 0., 0.],
        [1., 0., 0., 0., 0., 0., 0., 0., 0., 0.]], device='cuda:0')
Epoch 9 | Batch 700
--- spikes (training) ---
tensor([[  0.,  13., 298.,   6.,   0.,   0.,  22.,   1.,   2.,   0.],
        [  0.,  20.,   5.,   5.,   1.,   6., 283.,   1.,   6.,  10.],
        [  0.,  22.,   8.,   1.,   2., 232.,   4.,   7.,  69.,  20.],
        [  0.,   0.,   9.,   2., 136.,   0.,  31.,   2.,   0.,   1.],
        [  0., 228.,  10.,   4.,   1.,   3.,   1.,   8.,   6.,   4.],
        [ 47.,   5.,  10.,  37.,   0., 177.,   0.,   6.,   4.,   1.],
        [ 14.,   1., 302.,   3.,   0.,   0.,  22.,   1.,  13.,   1.],
        [  0.,  11.,   3.,   1.,   0., 175.,   2.,   8.,   5.,  23.],
        [  4.,   3.,   4.,  17.,   2., 179.,  75.,   1.,   5.,   3.],
        [  0., 275.,   5.,   2.,   0.,   1.,   0.,   2.,   7.,   1.],
        [  1.,   5.,   2., 184.,   1.,  60.,   0.,   1.,  66.,   0.],
        [  0.,  34.,   1.,   3., 121.,   8.,  14.,   3.,   4., 148.],
        [  0.,  16.,   9.,   4.,   0.,   5.,   0., 272.,   2.,  13.],
        [  1.,   4.,   1., 270.,   3.,  22.,   5.,   6.,   5.,   2.],
        [  0.,   0.,  16., 298.,  22.,  12.,   0.,   2.,  12.,   1.],
        [  7.,   2.,   8.,   2.,   0.,   3.,   0., 295.,   1.,   9.],
        [  0., 295.,  10.,   4.,   0.,   4.,   2.,   6.,   6.,  36.],
        [  0.,  10., 159.,   3.,  71.,   1.,  10.,   0.,   5.,   7.],
        [  0., 109.,  12.,   7.,   0.,   2., 246.,   2.,  19.,  61.],
        [  0.,   7., 289.,   6.,   0.,   1.,  35.,   0.,  32.,   7.],
        [  0.,   2.,   0.,   4., 276.,   1.,   4.,  20.,   6.,  72.],
        [  0., 286.,  10.,   2.,   0.,   2.,   0.,   5.,   5.,  27.],
        [  0.,  71., 260.,   3.,   0.,   2.,   8.,  15.,   3.,   3.],
        [  0.,   5.,   4., 254.,   2.,  11.,   0.,   1.,   8.,   4.],
        [  0.,   9.,  11.,   4.,  14.,  65.,   1.,   6., 266.,   4.],
        [ 14.,   6.,  12.,   3.,   0.,   3., 221.,   4.,   0.,   3.],
        [  0.,  64.,   9.,   3.,   1.,   8.,   9.,   2., 189.,   1.],
        [  0.,   8.,   4.,   4.,   5.,  71.,   3.,  86.,   4., 279.],
        [  0.,   3.,   4.,   1., 212.,   3.,   4.,   3.,   9.,  16.],
        [  7.,   1.,   1.,   7.,   6.,   3.,   0., 165.,   1.,  32.],
        [  0.,  11.,   7.,   3.,  71.,   2.,  49.,   3.,   4.,  62.],
        [  0.,   5.,   5.,   2.,   2.,  43.,   0., 268.,   3.,  33.],
        [129.,   4., 235.,   2.,   0.,   1.,   1.,   8.,   3.,   1.],
        [  0.,   3.,   6., 268.,   0.,   8.,   9.,   2.,  55.,   0.],
        [  0., 299.,  16.,   2.,   0.,   3.,   2.,   4.,  13.,  25.],
        [  0., 292.,  11.,   4.,   0.,   5.,   3.,   3.,  50.,  21.],
        [  0.,   6.,   4.,   3.,   4.,  12.,   0., 291.,   1.,  43.],
        [169.,   4.,  17.,   3.,   0.,   3.,   8.,   7.,   0.,   2.],
        [  0.,   9.,   6.,   4.,   7.,  17.,   2.,  32.,   4., 263.],
        [  0.,   1.,   3.,   6., 242.,   1.,  34.,   2.,   2.,   3.],
        [  0.,   2.,   5., 285.,   6.,  16.,   0.,   9.,   2.,   5.],
        [  0.,  70., 246.,   7.,   0.,   6.,   4.,   5.,  33.,   3.],
        [302.,   0.,  34.,   1.,   0.,   1.,   2.,  16.,   0.,   1.],
        [293.,   0.,  10.,   5.,   0.,   0.,  25.,  13.,   4.,   1.],
        [284.,   2.,  13.,   4.,   0.,  34.,   3.,   9.,   2.,  21.],
        [  8.,   4.,   3.,   4.,  10.,  11.,   5.,   5.,   7., 280.],
        [289.,   1.,  57.,   3.,   0.,   0.,  19.,   3.,   2.,   0.],
        [  0.,  16.,   6.,   2.,  25.,  41.,   1.,   6., 255.,   2.],
        [237.,   5.,   4.,  16.,   0.,   8.,   3.,   7., 105.,   3.],
        [  0., 278.,  13.,   5.,   0.,   9.,   2.,   1.,  30.,   2.],
        [  4.,  13.,   2.,   3.,   0.,   5., 267.,   1.,  11.,  18.],
        [  9.,   3.,   6.,  11.,   0.,   8., 268.,   2.,   2.,   2.],
        [  0.,  10.,  11., 281.,   0.,   9.,   6.,   1.,  51.,   0.],
        [289.,   1.,   3.,   5.,   0.,   4.,   7.,   6.,   9.,   3.],
        [  0.,  21.,  23.,   5.,   0.,   4., 283.,   2.,   2.,   7.],
        [  7.,   7.,  14.,   0.,   1.,  11.,  25.,  12.,   4., 250.],
        [ 23.,   1.,  29.,   4.,   0.,   6.,   9.,  67.,   0.,  54.],
        [  0.,  37.,  86.,  16.,   6.,   3., 102.,   8., 228.,  45.],
        [  0.,   5.,  28., 249.,  10.,   5.,   0.,   4.,  25.,   0.],
        [ 51.,   1.,  68.,   1.,   1.,   0., 297.,   2.,   0.,   0.],
        [  0.,   6.,  21.,   3.,  23.,   0., 263.,   3.,   1.,   2.],
        [  0.,   7., 282.,   3.,   0.,   3.,  18.,   5.,   5.,   2.],
        [  0., 301.,  21.,   5.,   0.,   4.,   5.,   5.,   7.,  37.],
        [  0.,  13.,   1.,  15., 228.,   4.,   2.,   7.,   9.,  11.]],
       device='cuda:0')
--- spikes (finish interval) ---
tensor([[0., 0., 0., 0., 0., 0., 0., 0., 0., 0.],
        [0., 0., 0., 0., 0., 0., 1., 0., 0., 0.],
        [0., 0., 0., 0., 0., 1., 0., 0., 0., 0.],
        [0., 0., 0., 0., 0., 0., 0., 0., 0., 0.],
        [0., 0., 0., 0., 0., 0., 0., 0., 0., 0.],
        [0., 0., 0., 0., 0., 1., 0., 0., 0., 0.],
        [0., 0., 1., 0., 0., 0., 0., 0., 0., 0.],
        [0., 0., 0., 0., 0., 1., 0., 0., 0., 0.],
        [0., 0., 0., 0., 0., 0., 1., 0., 0., 0.],
        [0., 0., 0., 0., 0., 0., 0., 0., 0., 0.],
        [0., 0., 0., 1., 0., 0., 0., 0., 1., 0.],
        [0., 0., 0., 0., 1., 0., 0., 0., 0., 1.],
        [0., 0., 0., 0., 0., 0., 0., 1., 0., 0.],
        [0., 0., 0., 1., 0., 0., 0., 0., 0., 0.],
        [0., 0., 0., 0., 0., 0., 0., 0., 0., 0.],
        [0., 0., 0., 0., 0., 0., 0., 0., 0., 0.],
        [0., 0., 0., 0., 0., 0., 0., 0., 0., 0.],
        [0., 0., 0., 0., 0., 0., 0., 0., 0., 0.],
        [0., 0., 0., 0., 0., 0., 0., 0., 1., 0.],
        [0., 0., 1., 0., 0., 0., 0., 0., 0., 0.],
        [0., 0., 0., 0., 1., 0., 0., 0., 0., 1.],
        [0., 0., 0., 0., 0., 0., 0., 0., 0., 0.],
        [0., 0., 1., 0., 0., 0., 0., 0., 0., 0.],
        [0., 0., 0., 0., 0., 0., 0., 0., 0., 0.],
        [0., 0., 0., 0., 0., 0., 0., 0., 0., 0.],
        [0., 0., 0., 0., 0., 0., 0., 0., 0., 0.],
        [0., 0., 0., 0., 0., 0., 0., 0., 0., 0.],
        [0., 0., 0., 0., 0., 0., 0., 0., 0., 1.],
        [0., 0., 0., 0., 0., 0., 0., 0., 0., 0.],
        [0., 0., 0., 0., 0., 0., 0., 0., 0., 0.],
        [0., 0., 0., 0., 0., 0., 0., 0., 0., 0.],
        [0., 0., 0., 0., 0., 0., 0., 1., 0., 0.],
        [0., 0., 0., 0., 0., 0., 0., 0., 0., 0.],
        [0., 0., 0., 1., 0., 0., 0., 0., 0., 0.],
        [0., 1., 0., 0., 0., 0., 0., 0., 0., 0.],
        [0., 1., 0., 0., 0., 0., 0., 0., 0., 0.],
        [0., 0., 0., 0., 0., 0., 0., 1., 0., 0.],
        [0., 0., 0., 0., 0., 0., 0., 0., 0., 0.],
        [0., 0., 0., 0., 0., 0., 0., 0., 0., 0.],
        [0., 0., 0., 0., 1., 0., 0., 0., 0., 0.],
        [0., 0., 0., 0., 0., 0., 0., 0., 0., 0.],
        [0., 0., 0., 0., 0., 0., 0., 0., 0., 0.],
        [0., 0., 0., 0., 0., 0., 0., 0., 0., 0.],
        [0., 0., 0., 0., 0., 0., 0., 0., 0., 0.],
        [0., 0., 0., 0., 0., 0., 0., 0., 0., 0.],
        [0., 0., 0., 0., 0., 0., 0., 0., 0., 1.],
        [1., 0., 0., 0., 0., 0., 0., 0., 0., 0.],
        [0., 0., 0., 0., 0., 0., 0., 0., 0., 0.],
        [0., 0., 0., 0., 0., 0., 0., 0., 0., 0.],
        [0., 1., 0., 0., 0., 0., 0., 0., 0., 0.],
        [0., 0., 0., 0., 0., 0., 0., 0., 0., 0.],
        [0., 0., 0., 0., 0., 0., 0., 0., 0., 0.],
        [0., 0., 0., 0., 0., 0., 0., 0., 0., 0.],
        [1., 0., 0., 0., 0., 0., 0., 0., 0., 0.],
        [0., 0., 0., 0., 0., 0., 0., 0., 0., 0.],
        [0., 0., 0., 0., 0., 0., 0., 0., 0., 0.],
        [0., 0., 0., 0., 0., 0., 0., 0., 0., 0.],
        [0., 0., 0., 0., 0., 0., 0., 0., 1., 0.],
        [0., 0., 0., 1., 0., 0., 0., 0., 0., 0.],
        [0., 0., 0., 0., 0., 0., 1., 0., 0., 0.],
        [0., 0., 0., 0., 0., 0., 1., 0., 0., 0.],
        [0., 0., 1., 0., 0., 0., 0., 0., 0., 0.],
        [0., 0., 0., 0., 0., 0., 0., 0., 0., 0.],
        [0., 0., 0., 0., 1., 0., 0., 0., 0., 0.]], device='cuda:0')
Epoch 9 | Batch 800
--- spikes (training) ---
tensor([[ 10.,   3.,  15.,   0.,   3.,   5., 270.,   0.,   3.,   3.],
        [ 10.,   6.,   2.,   1.,  20., 251.,   2.,   6.,   3.,   6.],
        [ 39.,   5.,  33.,   0.,   6.,   5., 257.,   0.,   4.,   0.],
        [  3.,   4.,  13.,   0.,  27.,   1.,  11.,  26.,   8., 280.],
        [  4.,   1., 138.,   3.,   2.,   6.,   4., 154.,  37.,   0.],
        [  2.,   0.,   4.,   6.,   7.,   9.,   1., 296.,   1.,  31.],
        [  6.,   9., 282.,  42.,   0.,   6.,   5.,   2.,   9.,   0.],
        [ 34.,   0.,   3.,   1.,   0.,  11.,   1., 298.,   2.,   0.],
        [  5.,   8.,   6.,   0., 204.,   9.,  10.,   1.,   7.,   6.],
        [  0., 293.,   6.,  12.,   0.,   7.,   8.,   7.,  16.,   4.],
        [ 12.,   3.,  84.,   2.,   7.,  15.,   7.,   1., 245.,   8.],
        [  4.,   3.,  14.,   0.,   2.,   7., 291.,   0.,  12.,   2.],
        [  9.,   0.,   3., 266.,   1.,  13.,   1.,   1.,  15.,   0.],
        [  3., 252.,  18.,  17.,   0.,   9.,   3.,   1.,   6.,   1.],
        [  1.,   4.,  12.,   2.,  21.,   2.,  10.,   9.,   3., 249.],
        [  2.,   2.,   4.,   2.,   1.,  10.,   1., 287.,  52.,  30.],
        [  7.,  12., 277.,  26.,   0.,   6.,   4.,   0.,   3.,   0.],
        [  3., 225.,  31.,  14.,   2.,   9.,   4.,   0.,   7.,   1.],
        [ 13.,   0., 153.,  46.,   6.,  56.,   5.,   0., 258.,   0.],
        [  1.,   5.,  16.,   4.,  10.,   5.,   8.,   2.,   6., 262.],
        [291.,   1.,   5.,   0.,   0.,  21.,  10.,   0.,   1.,   1.],
        [  2.,   2.,   9.,   1.,   7.,   6.,   3.,  29.,  14., 281.],
        [  1., 289.,   6.,  10.,   0.,   9.,  13.,   1.,  29.,   1.],
        [  2.,  55.,  12.,   1.,   1.,   8., 272.,   0.,  14.,   1.],
        [295.,   0.,   4.,   0.,   0.,  71.,   3.,   2.,   1.,   1.],
        [  8.,   6.,  14.,   4.,  39.,  11.,   4.,   1., 243.,   3.],
        [  9.,  11., 284.,   0.,   3.,   5.,   6.,   1.,  10.,   0.],
        [295.,   0.,  10.,   2.,   1.,  57.,   5.,   5.,   1.,   0.],
        [ 14.,   5.,  31.,   6.,   6.,  91.,   1.,   1., 245.,   1.],
        [  5.,   1.,  57.,   0.,   5.,   7., 271.,   0.,   5.,   0.],
        [  2., 285.,   6.,   8.,   1.,   6.,   8.,   2.,  11.,   3.],
        [  4., 240.,  22.,  27.,   0.,  13.,   3.,   1.,   7.,   2.],
        [  0., 277.,   4.,   4.,   0.,   4.,   7.,   0.,   7.,   2.],
        [  8.,   1.,  13.,  20.,   0., 243.,   7.,   0.,  68.,   0.],
        [  3.,   4.,   7.,   2.,   4.,   5.,   4.,  50.,   4., 266.],
        [ 24.,   2.,   7.,  85.,   2., 196.,   8.,   2.,   4.,   2.],
        [  9.,   0., 256.,  22.,   2.,   8.,   3.,   4.,  12.,   0.],
        [ 10.,   3.,   6.,   4.,   8., 258.,   2.,   1.,  16.,   1.],
        [ 11.,   1.,  17.,   0.,   3.,   0.,   9.,  34.,   1., 225.],
        [ 16.,   4.,   9.,  32.,   7.,  50.,   2.,   4., 203.,   4.],
        [ 15.,  20.,  14.,  34.,   6.,  26.,   3.,   5., 228.,   1.],
        [  3.,  86.,   4.,   5.,   5.,  22.,   4., 149.,  40.,   2.],
        [ 14.,   0.,   4.,   0.,   0.,  10.,   2., 287.,   3.,   4.],
        [  2.,   0.,   1.,   1.,   1.,   6.,   0., 276.,   3.,   6.],
        [  7.,   1.,  13.,   2.,   4.,  25.,   1.,   1., 262.,  10.],
        [  6.,   3.,  12.,   9.,  29.,   4.,   4.,  10., 264.,  17.],
        [  1.,  62.,   5.,   7.,   1.,   6.,   4., 249.,  13.,   9.],
        [  2., 110.,   1.,   3.,   2.,  90.,   1., 281.,   8.,  20.],
        [  5.,   0.,  16.,  43.,   1.,  14.,  67.,   0., 187.,   1.],
        [  1., 283.,   6.,   6.,   0.,  10.,   7.,   2.,  21.,   2.],
        [  6.,   0.,  24.,  12.,  32.,  16.,   4.,   0., 260.,   0.],
        [  2.,   9.,   6.,   4.,   2.,   6.,   4.,  14.,   5., 256.],
        [ 25.,   4.,   7.,  14.,   3., 270.,   6.,   1.,  18.,   3.],
        [ 10.,   1., 302.,  24.,   0.,   8.,   2.,   0.,   3.,   0.],
        [  4.,   2.,  10.,   0.,   1.,   9.,   9.,  15.,   8., 259.],
        [ 41.,   1.,  26.,   7.,  21.,  26.,   2.,   0., 129.,   4.],
        [  7.,   0.,   0.,  11.,   0.,  26.,   1., 272.,   0.,   2.],
        [  2.,   3.,  12.,   2.,   8.,   3.,  12.,   0.,   9., 244.],
        [  3.,   4.,  12., 164.,   0.,  11.,   1.,   0.,  10.,   3.],
        [  1.,   0.,   9.,   3.,   0.,   4.,   1., 276.,   3.,  23.],
        [  5.,   0.,  22.,   0.,   2.,   7., 283.,   0.,   3.,   0.],
        [  3.,   2.,  23.,  10.,  74.,   9.,   6.,   1., 207.,  15.],
        [  8.,   4.,   3.,   6.,   0.,  14.,   1., 201.,   6.,   1.],
        [315.,   0.,   5.,   0.,   0., 146.,   5.,   2.,   1.,   0.]],
       device='cuda:0')
--- spikes (finish interval) ---
tensor([[0., 0., 0., 0., 0., 0., 0., 0., 0., 0.],
        [0., 0., 0., 0., 0., 0., 0., 0., 0., 0.],
        [0., 0., 0., 0., 0., 0., 1., 0., 0., 0.],
        [0., 0., 0., 0., 0., 0., 0., 0., 0., 0.],
        [0., 0., 0., 0., 0., 0., 0., 0., 0., 0.],
        [0., 0., 0., 0., 0., 0., 0., 1., 0., 0.],
        [0., 0., 0., 0., 0., 0., 0., 0., 0., 0.],
        [0., 0., 0., 0., 0., 0., 0., 0., 0., 0.],
        [0., 0., 0., 0., 0., 0., 0., 0., 0., 0.],
        [0., 1., 0., 0., 0., 0., 0., 0., 0., 0.],
        [0., 0., 0., 0., 0., 0., 0., 0., 1., 0.],
        [0., 0., 0., 0., 0., 0., 0., 0., 0., 0.],
        [0., 0., 0., 1., 0., 0., 0., 0., 0., 0.],
        [0., 1., 0., 0., 0., 0., 0., 0., 0., 0.],
        [0., 0., 0., 0., 0., 0., 0., 0., 0., 0.],
        [0., 0., 0., 0., 0., 0., 0., 1., 0., 0.],
        [0., 0., 0., 0., 0., 0., 0., 0., 0., 0.],
        [0., 0., 0., 0., 0., 0., 0., 0., 0., 0.],
        [0., 0., 0., 0., 0., 0., 0., 0., 1., 0.],
        [0., 0., 0., 0., 0., 0., 0., 0., 0., 0.],
        [0., 0., 0., 0., 0., 0., 0., 0., 0., 0.],
        [0., 0., 0., 0., 0., 0., 0., 0., 0., 1.],
        [0., 0., 0., 0., 0., 0., 0., 0., 0., 0.],
        [0., 0., 0., 0., 0., 0., 0., 0., 0., 0.],
        [1., 0., 0., 0., 0., 0., 0., 0., 0., 0.],
        [0., 0., 0., 0., 0., 0., 0., 0., 0., 0.],
        [0., 0., 0., 0., 0., 0., 0., 0., 0., 0.],
        [1., 0., 0., 0., 0., 0., 0., 0., 0., 0.],
        [0., 0., 0., 0., 0., 0., 0., 0., 0., 0.],
        [0., 0., 0., 0., 0., 0., 0., 0., 0., 0.],
        [0., 0., 0., 0., 0., 0., 0., 0., 0., 0.],
        [0., 0., 0., 0., 0., 0., 0., 0., 0., 0.],
        [0., 1., 0., 0., 0., 0., 0., 0., 0., 0.],
        [0., 0., 0., 0., 0., 1., 0., 0., 0., 0.],
        [0., 0., 0., 0., 0., 0., 0., 0., 0., 1.],
        [0., 0., 0., 0., 0., 0., 0., 0., 0., 0.],
        [0., 0., 1., 0., 0., 0., 0., 0., 0., 0.],
        [0., 0., 0., 0., 0., 0., 0., 0., 0., 0.],
        [0., 0., 0., 0., 0., 0., 0., 0., 0., 1.],
        [0., 0., 0., 0., 0., 0., 0., 0., 0., 0.],
        [0., 0., 0., 0., 0., 0., 0., 0., 0., 0.],
        [0., 0., 0., 0., 0., 0., 0., 0., 0., 0.],
        [0., 0., 0., 0., 0., 0., 0., 0., 0., 0.],
        [0., 0., 0., 0., 0., 0., 0., 1., 0., 0.],
        [0., 0., 0., 0., 0., 0., 0., 0., 0., 0.],
        [0., 0., 0., 0., 0., 0., 0., 0., 0., 0.],
        [0., 0., 0., 0., 0., 0., 0., 0., 0., 0.],
        [0., 1., 0., 0., 0., 1., 0., 0., 0., 0.],
        [0., 0., 0., 0., 0., 0., 0., 0., 0., 0.],
        [0., 0., 0., 0., 0., 0., 0., 0., 0., 0.],
        [0., 0., 0., 0., 0., 0., 0., 0., 0., 0.],
        [0., 0., 0., 0., 0., 0., 0., 0., 0., 0.],
        [0., 0., 0., 0., 0., 1., 0., 0., 0., 0.],
        [0., 0., 0., 0., 0., 0., 0., 0., 0., 0.],
        [0., 0., 0., 0., 0., 0., 0., 0., 0., 0.],
        [0., 0., 0., 0., 0., 0., 0., 0., 0., 0.],
        [0., 0., 0., 0., 0., 0., 0., 1., 0., 0.],
        [0., 0., 0., 0., 0., 0., 0., 0., 0., 0.],
        [0., 0., 0., 0., 0., 0., 0., 0., 0., 0.],
        [0., 0., 0., 0., 0., 0., 0., 0., 0., 0.],
        [0., 0., 0., 0., 0., 0., 1., 0., 0., 0.],
        [0., 0., 0., 0., 0., 0., 0., 0., 0., 0.],
        [0., 0., 0., 0., 0., 0., 0., 0., 0., 0.],
        [1., 0., 0., 0., 0., 1., 0., 0., 0., 0.]], device='cuda:0')
Epoch 9 | Batch 900
--- spikes (training) ---
tensor([[  8.,   7., 191.,   2.,   4.,  12.,  10.,   3.,   2.,  19.],
        [  5.,   5., 255.,   0.,   5.,   3.,   0.,   3.,   6.,  57.],
        [  0.,   4.,   0.,   0., 251.,   8.,   1.,  24.,   1.,  99.],
        [ 30.,   0.,  26.,   0.,   3.,   1., 254.,   3.,   0.,   5.],
        [ 13.,   0.,   3.,   9.,   3., 209.,   0.,   1.,   0.,  14.],
        [  3.,   6.,   4.,   0.,  39.,   2.,   0.,   9.,   0., 161.],
        [  5.,   1.,  13.,   0., 159.,   1.,  19.,   4.,   2.,  12.],
        [225.,   2.,  10.,   1.,   1.,  11.,  21.,   4.,   1.,  18.],
        [  0.,   2.,   7.,  39.,   1.,   9.,   0., 294.,   0.,  34.],
        [  2.,   2.,  16.,   0.,  33.,   4.,   0.,  11.,   0., 274.],
        [  1.,   2.,   3.,   3., 247.,   5.,   6.,  12.,   3.,  37.],
        [  1.,   1.,   1.,   0., 229.,  10.,   1.,   1., 101.,  21.],
        [  2.,   2.,   4.,   2.,  30.,   2.,   0.,  27., 210.,  92.],
        [  3.,  51.,   5.,   3.,   6.,   7., 274.,   0.,   2.,   8.],
        [  4.,   2.,   4.,   4.,   7.,   6., 295.,   1.,   0.,   5.],
        [314.,   0.,   2.,   0.,   2.,   4.,   0.,   0.,   0.,   2.],
        [  1.,   5.,   2.,   0.,  15.,  14.,   0.,   5.,   0., 271.],
        [ 59.,   3., 253.,   1.,   1.,   2.,   0.,   1.,   0.,  10.],
        [  2.,   3.,   2.,   0.,  33.,   2.,   0.,   7.,   0., 285.],
        [  1.,   3.,  20.,   1.,  65.,   4.,   0.,  18.,   1., 283.],
        [  1.,  17., 258.,   3.,   8.,   4.,  21.,   5.,   1.,  10.],
        [  0., 284.,   5.,   3.,   1.,   2.,   2.,   3.,  22.,   8.],
        [  4.,  79., 268.,   7.,   2.,   2.,   0.,   3.,   1.,  10.],
        [  3.,   1.,   0.,   0., 246.,   3.,   0.,   3.,   0.,  89.],
        [  0., 261.,   0.,   2.,   2.,   5.,   1.,   2.,   0.,   6.],
        [ 15.,   1.,   6.,   1.,   5., 272.,   1.,   3.,   1.,  15.],
        [  2.,   1.,  13.,   0.,  19.,   4., 299.,   0.,   2.,   8.],
        [  0.,   4.,   2.,   3.,   4.,   7.,   0., 294.,   0.,  28.],
        [  7.,   0.,  53.,   3.,   2., 232.,   3.,   2.,  20.,  18.],
        [  7.,   3.,  11.,   2.,  26.,   0.,   1.,   6., 245.,  30.],
        [ 66.,   0.,   0.,   9.,   2., 154.,   0.,   0.,   2.,  47.],
        [  0., 288.,   4.,   5.,   4.,   9.,   2.,   9.,   4.,  18.],
        [  0.,   1.,   3.,   1.,   5.,   5.,   0., 307.,   0.,  33.],
        [ 16.,   0.,   6.,   0.,   6.,   0., 294.,   0.,   0.,   4.],
        [  0., 126.,   4.,   5.,   4.,   6.,   0.,  15.,   0., 227.],
        [  5.,   2.,   0.,   5.,   4.,  36., 292.,   0.,   0.,   9.],
        [  1.,  12.,   5.,   0., 248.,   8.,   8.,   2.,   0.,   9.],
        [  0.,   3.,   0.,   3., 236.,   7.,   0.,  15.,   1.,  72.],
        [  0.,   1.,   5., 273.,   0.,  25.,   0.,   6.,   5.,   7.],
        [  0.,   3.,   1.,   0., 265.,   2.,   2.,  13.,   2.,  33.],
        [ 54.,   2., 249.,   1.,   0.,   4.,   0.,   1.,   0.,  19.],
        [301.,   0.,   0.,   4.,   0.,  13.,   0.,   3.,   0.,   8.],
        [  0.,  80.,   2.,   3.,   4.,  12., 282.,   0.,   3.,   6.],
        [ 10.,  15., 250.,   0.,   3.,   3.,   4.,   3., 186.,  12.],
        [  0., 255.,   1.,   4.,   2.,   5.,   1.,   3.,   0.,   8.],
        [  3.,   1.,   7., 279.,   0.,  48.,   0.,   1.,  12.,   4.],
        [ 23.,  41.,  68., 265.,   1.,   4.,   0.,   1.,   0.,  12.],
        [  4.,   3.,  15.,  14.,  16.,  11.,   0.,   5., 260.,   5.],
        [ 13.,   2.,   6.,   5.,  13.,   2.,   0.,  20.,  97., 163.],
        [  8.,   1.,   1.,  78.,   1., 240.,   0.,   3.,   0.,  11.],
        [302.,   0.,  66.,   1.,   0.,   4.,   0.,   3.,   0.,   5.],
        [  3.,  49.,  13.,  17.,   8.,  13.,   0.,   6., 264.,   9.],
        [  2.,   2.,   2.,   2.,   3.,  15., 294.,   1.,   2.,   5.],
        [  0., 251.,   2.,   4.,   2.,   5.,   0.,  15.,   0.,  13.],
        [  0.,   2.,   1., 100.,   2.,  14.,   0., 271.,   0.,  13.],
        [  8.,   8.,   3.,   0.,  95., 223.,   0.,   6.,   0.,  10.],
        [  0.,   2.,  43.,  11.,   7.,  13.,   0.,  18.,   0., 120.],
        [ 28.,   1.,   2.,  21.,  10., 258.,   0.,   3.,   0.,   7.],
        [  1.,   3.,   3.,   2.,  29.,  12.,   0.,  60.,   0., 290.],
        [  1.,   3.,  12.,   9.,   5.,   6.,   0., 290.,   1.,  32.],
        [ 25.,   4.,   5., 236.,   2.,  15.,   0.,   7.,   0.,  54.],
        [  1.,   2.,   1.,   1.,   9.,   9.,   0.,  12.,   0., 255.],
        [  1.,   4.,   1.,   0., 263.,   4.,   1.,  12.,   0.,  31.],
        [  1.,   8., 158.,   1.,  18.,   4., 133.,  15.,  52.,  11.]],
       device='cuda:0')
--- spikes (finish interval) ---
tensor([[0., 0., 0., 0., 0., 0., 0., 0., 0., 0.],
        [0., 0., 1., 0., 0., 0., 0., 0., 0., 0.],
        [0., 0., 0., 0., 0., 0., 0., 0., 0., 0.],
        [0., 0., 0., 0., 0., 0., 0., 0., 0., 0.],
        [0., 0., 0., 0., 0., 0., 0., 0., 0., 0.],
        [0., 0., 0., 0., 0., 0., 0., 0., 0., 1.],
        [0., 0., 0., 0., 0., 0., 0., 0., 0., 0.],
        [0., 0., 0., 0., 0., 0., 0., 0., 0., 0.],
        [0., 0., 0., 0., 0., 0., 0., 1., 0., 0.],
        [0., 0., 0., 0., 0., 0., 0., 0., 0., 0.],
        [0., 0., 0., 0., 1., 0., 0., 0., 0., 0.],
        [0., 0., 0., 0., 0., 0., 0., 0., 0., 0.],
        [0., 0., 0., 0., 0., 0., 0., 0., 0., 0.],
        [0., 0., 0., 0., 0., 0., 0., 0., 0., 0.],
        [0., 0., 0., 0., 0., 0., 1., 0., 0., 0.],
        [0., 0., 0., 0., 0., 0., 0., 0., 0., 0.],
        [0., 0., 0., 0., 0., 0., 0., 0., 0., 1.],
        [0., 0., 1., 0., 0., 0., 0., 0., 0., 0.],
        [0., 0., 0., 0., 0., 0., 0., 0., 0., 1.],
        [0., 0., 0., 0., 0., 0., 0., 0., 0., 1.],
        [0., 0., 1., 0., 0., 0., 0., 0., 0., 0.],
        [0., 1., 0., 0., 0., 0., 0., 0., 0., 0.],
        [0., 0., 0., 0., 0., 0., 0., 0., 0., 0.],
        [0., 0., 0., 0., 0., 0., 0., 0., 0., 0.],
        [0., 0., 0., 0., 0., 0., 0., 0., 0., 0.],
        [0., 0., 0., 0., 0., 0., 0., 0., 0., 0.],
        [0., 0., 0., 0., 0., 0., 1., 0., 0., 0.],
        [0., 0., 0., 0., 0., 0., 0., 0., 0., 0.],
        [0., 0., 0., 0., 0., 1., 0., 0., 0., 0.],
        [0., 0., 0., 0., 0., 0., 0., 0., 0., 0.],
        [0., 0., 0., 0., 0., 0., 0., 0., 0., 0.],
        [0., 0., 0., 0., 0., 0., 0., 0., 0., 0.],
        [0., 0., 0., 0., 0., 0., 0., 0., 0., 0.],
        [0., 0., 0., 0., 0., 0., 0., 0., 0., 0.],
        [0., 0., 0., 0., 0., 0., 0., 0., 0., 0.],
        [0., 0., 0., 0., 0., 0., 0., 0., 0., 0.],
        [0., 0., 0., 0., 0., 0., 0., 0., 0., 0.],
        [0., 0., 0., 0., 0., 0., 0., 0., 0., 0.],
        [0., 0., 0., 1., 0., 0., 0., 0., 0., 0.],
        [0., 0., 0., 0., 1., 0., 0., 0., 0., 0.],
        [0., 0., 0., 0., 0., 0., 0., 0., 0., 0.],
        [1., 0., 0., 0., 0., 0., 0., 0., 0., 0.],
        [0., 0., 0., 0., 0., 0., 0., 0., 0., 0.],
        [0., 0., 0., 0., 0., 0., 0., 0., 1., 0.],
        [0., 1., 0., 0., 0., 0., 0., 0., 0., 0.],
        [0., 0., 0., 1., 0., 0., 0., 0., 0., 0.],
        [0., 0., 0., 1., 0., 0., 0., 0., 0., 0.],
        [0., 0., 0., 0., 0., 0., 0., 0., 1., 0.],
        [0., 0., 0., 0., 0., 0., 0., 0., 0., 1.],
        [0., 0., 0., 0., 0., 0., 0., 0., 0., 0.],
        [0., 0., 0., 0., 0., 0., 0., 0., 0., 0.],
        [0., 0., 0., 0., 0., 0., 0., 0., 1., 0.],
        [0., 0., 0., 0., 0., 0., 1., 0., 0., 0.],
        [0., 0., 0., 0., 0., 0., 0., 0., 0., 0.],
        [0., 0., 0., 0., 0., 0., 0., 0., 0., 0.],
        [0., 0., 0., 0., 0., 1., 0., 0., 0., 0.],
        [0., 0., 0., 0., 0., 0., 0., 0., 0., 0.],
        [0., 0., 0., 0., 0., 0., 0., 0., 0., 0.],
        [0., 0., 0., 0., 0., 0., 0., 0., 0., 0.],
        [0., 0., 0., 0., 0., 0., 0., 0., 0., 0.],
        [0., 0., 0., 1., 0., 0., 0., 0., 0., 1.],
        [0., 0., 0., 0., 0., 0., 0., 0., 0., 0.],
        [0., 0., 0., 0., 1., 0., 0., 0., 0., 0.],
        [0., 0., 0., 0., 0., 0., 1., 0., 0., 0.]], device='cuda:0')
Switching label layer to Inference Mode (LIF)...
Epoch 9 DONE | Test Acc: 78.35% | Time: 1075.4s
Switching label layer back to Training Mode (Clamp)...
