DO Python file

=== Running bPC-SNN on MNIST ===
Results will be saved to: ./results/bPC_SNN/log_spikeend2end_MNIST_20260122_164230.csv
tensor([[22., 17.,  0.,  8., 27.,  0.,  0., 17., 25., 44.],
        [18., 20.,  0., 12.,  2.,  1.,  0.,  1.,  4., 32.],
        [16., 15.,  0., 16.,  3., 20.,  0.,  0., 14., 31.],
        [ 0., 19.,  0.,  2., 10., 31.,  0., 32., 18., 51.],
        [ 0.,  5.,  0.,  5., 14., 42.,  0., 19., 10., 47.],
        [ 3., 27.,  0.,  1., 17., 36.,  0.,  0., 10., 51.],
        [ 0., 25.,  0., 24.,  3., 17.,  0.,  3.,  0., 26.],
        [ 0., 36.,  0., 10., 20., 15.,  0.,  2.,  1., 44.],
        [ 0., 24.,  0., 10., 11., 19.,  0.,  0., 12., 43.],
        [ 0., 23.,  0., 13.,  2., 42.,  0., 18.,  0., 67.],
        [ 0., 14.,  0.,  0.,  0., 14.,  0.,  1.,  0., 24.],
        [ 0., 10.,  0.,  0.,  0., 38.,  0., 12., 24., 49.],
        [ 2., 27.,  0.,  5., 15., 31.,  0., 18.,  1., 46.],
        [15., 13.,  0.,  4., 18.,  8.,  0., 18.,  8., 34.],
        [ 0., 27.,  0.,  0., 16.,  9.,  0., 36., 31., 40.],
        [ 0.,  7.,  0., 23., 12., 26.,  0., 15.,  0., 47.],
        [ 0.,  8.,  0., 19., 10., 16.,  0., 25.,  6., 43.],
        [ 1., 17.,  0.,  0.,  5., 16.,  0.,  4.,  2., 55.],
        [ 0., 13.,  0.,  0.,  0., 17.,  0.,  8., 13., 33.],
        [ 3., 31.,  0., 22.,  0., 15.,  0.,  0.,  0., 38.],
        [23., 23.,  0.,  2., 24., 19.,  0., 51., 27., 74.],
        [20.,  0.,  0.,  6.,  0., 14.,  0., 22., 16., 34.],
        [18., 29.,  0., 13.,  2., 21.,  0.,  5.,  2., 48.],
        [22., 16.,  0.,  0., 19., 21.,  0., 45., 29., 63.],
        [56., 17.,  0., 16., 13., 20.,  0., 23., 16., 31.],
        [ 1., 15.,  0., 11., 26., 19.,  0., 24., 19., 54.],
        [ 0., 30.,  0.,  9., 10., 33.,  0., 51., 16., 67.],
        [20., 28.,  0., 29.,  5., 17.,  0.,  0.,  3., 50.],
        [19., 22.,  0., 18., 15., 18.,  0., 20.,  8., 50.],
        [ 1., 18.,  0., 11., 28., 10.,  0., 17.,  0., 56.],
        [ 0., 23.,  0., 15.,  2., 10.,  0.,  6.,  0., 38.],
        [ 4., 31.,  0., 12.,  0.,  4.,  0., 14.,  7., 40.],
        [16., 17.,  0., 17., 13., 10.,  0., 26.,  0., 38.],
        [ 0., 30.,  0., 15.,  0.,  8.,  0.,  0.,  0., 29.],
        [ 0., 28.,  0., 18.,  9., 20.,  0., 18.,  0., 50.],
        [12., 11.,  0., 15.,  0.,  0.,  0.,  6.,  8., 20.],
        [21., 20.,  0.,  2., 20., 25.,  0.,  5., 19., 41.],
        [12., 21.,  0.,  5.,  2.,  9.,  0., 37., 23., 51.],
        [ 2., 21.,  0.,  0., 21., 42.,  0., 14.,  1., 60.],
        [ 2., 15.,  0.,  0.,  0., 20.,  0.,  0.,  0., 23.],
        [13., 12.,  0.,  3., 28., 10.,  0., 21.,  0., 42.],
        [ 3.,  0.,  0.,  5., 21., 25.,  0., 10., 17., 39.],
        [ 8.,  6.,  0.,  0., 36., 27.,  0.,  8.,  2., 40.],
        [ 2., 21.,  0., 19., 15., 39.,  0., 29., 19., 80.],
        [ 0., 19.,  0.,  8., 10., 40.,  0.,  4.,  2., 41.],
        [ 0., 13.,  0., 19.,  0., 12.,  0., 52., 33., 66.],
        [ 2., 21.,  0., 16.,  9., 20.,  0., 25.,  2., 33.],
        [30., 33.,  0., 36.,  0., 30.,  0., 17., 29., 63.],
        [15., 11.,  0.,  5., 13.,  8.,  0., 43., 28., 43.],
        [10., 17.,  0.,  2., 16., 17.,  0., 14.,  0., 54.],
        [ 2., 17.,  0., 18., 18., 15.,  0., 28., 17., 43.],
        [ 5.,  7.,  0., 15.,  1.,  3.,  0.,  1.,  0., 28.],
        [ 3.,  5.,  0.,  0., 16., 23.,  0., 25., 13., 51.],
        [14., 11.,  0., 15.,  0.,  6.,  0.,  0.,  9., 22.],
        [ 0.,  1.,  0.,  0., 22., 21.,  0., 16., 10., 41.],
        [ 0., 13.,  0., 20., 26.,  3.,  0., 11., 14., 36.],
        [14.,  3.,  0.,  0., 16., 33.,  0., 12.,  8., 51.],
        [ 0., 28.,  0.,  5., 13., 22.,  0.,  2.,  8., 35.],
        [10., 24.,  0.,  9.,  4., 42.,  0., 17.,  8., 49.],
        [ 0., 16.,  0.,  0., 10.,  8.,  0.,  2.,  8., 32.],
        [ 0., 17.,  0., 22., 21., 21.,  0., 29., 12., 49.],
        [ 0., 33.,  0.,  1., 17., 20.,  0.,  5.,  1., 45.],
        [18.,  6.,  0.,  0.,  8.,  1.,  0., 16.,  5., 38.],
        [ 0., 31.,  0.,  5., 19., 34.,  0., 30., 12., 55.]], device='cuda:0')
Epoch 0 | Batch 0
tensor([[ 86.,   7.,  13.,   0.,  13.,  21., 228.,   1.,   2.,   1.],
        [  0.,   2.,   5.,   0.,   9.,   4.,   2., 259.,   5.,   0.],
        [289.,   1.,  20.,   0.,   3.,   5.,  38.,   9.,  21.,   0.],
        [ 55.,   5., 249.,   0.,   8.,   4.,  10.,  13., 117.,   0.],
        [  1., 243.,  22.,   0.,   4.,   4.,   3.,   2.,   9.,   0.],
        [  5.,   1.,   8.,   0., 227.,   5.,   5.,  18.,   1.,  17.],
        [261.,   1.,   4.,   0.,   5.,  13.,  21.,  15.,   1.,  81.],
        [  1.,   7.,   3.,   1.,   6.,   4., 234.,   1.,  16.,   0.],
        [  2.,   1.,   7.,   0.,  28.,   0.,   0., 272.,  44.,   0.],
        [  0.,   6.,   0.,   0.,  31.,  15.,  10.,  93.,  89., 212.],
        [  1.,   2.,   1.,   0., 262.,  12.,  12.,  17.,   3.,   3.],
        [ 76.,   8.,  36., 219.,   0.,   5.,  10.,   8.,  25.,   0.],
        [272.,   2.,   4.,   0.,   4.,   6.,  68.,   7.,   8.,   0.],
        [  0.,  14.,   8.,  10.,  14.,  14.,   5.,   1., 200.,   0.],
        [  3.,   7.,  27.,   0.,  13.,   0.,   0., 273.,  40.,   0.],
        [  2.,   4.,   3.,   0.,   0., 207.,   3.,   0.,   4.,   0.],
        [  9.,  10.,   1.,   0.,   4.,   5., 214.,   0.,   2.,   0.],
        [  6.,   7.,   0.,   0.,   3., 271.,   2.,   2.,  13.,   0.],
        [  1.,  33.,   1.,   0.,   5.,  64.,   4.,   2., 257.,  18.],
        [ 16.,   6.,   1.,   5.,   5.,  17., 206.,   0.,  15.,   6.],
        [  3.,   3.,   0.,  37.,   3., 211.,   6.,   1.,  17.,   1.],
        [  0.,   6., 204.,   0.,  28.,   0.,  18.,   0.,  11.,   0.],
        [  0.,  21., 228.,   0.,   4.,   1.,  23.,   0.,   0.,   0.],
        [  3.,   4., 265.,   0.,  16.,   0.,  22.,   1.,  46.,   0.],
        [ 17.,   0.,   0.,   0.,   4.,   4.,   0., 235.,  20.,   3.],
        [  1., 245.,  12.,  25.,   5.,   4.,  12.,   2.,   0.,   0.],
        [  3.,  18.,  14.,   0.,   5.,  11.,  12.,   1., 236.,  28.],
        [ 11.,   0.,   3.,   0.,  15.,   7.,   0., 259.,  46.,   3.],
        [  0.,  59.,   2.,   0.,   5.,   2.,   4.,   0., 228.,   0.],
        [  1.,  32.,   4.,   2.,   7.,  12.,   2.,   0., 224.,   0.],
        [280.,   1.,   3.,  13.,   3.,  33.,   1.,  12.,   5.,   0.],
        [  3., 256.,  13.,  11.,   2.,   5.,  14.,   0.,  21.,   0.],
        [ 12.,   3.,   4.,   0.,  20.,   3.,   1., 281.,  58.,   8.],
        [  0., 117.,   9.,   3.,   2.,   8.,   0.,   0., 217.,   3.],
        [272.,   0.,  13.,   0.,   4.,  37.,   4.,   3.,   3.,   4.],
        [  8.,  15.,  45., 233.,   2.,  21.,   2.,   2.,  28.,   0.],
        [  3.,   2.,  19.,   0.,  53.,   8., 248.,   3.,   2.,   0.],
        [  3.,  30., 220.,   4.,   5.,   0.,   5.,   1.,  31.,   0.],
        [  7.,   6.,   0.,  52.,   3., 259.,   1.,  19.,  39.,   7.],
        [ 25.,   4.,   1.,   0.,   8.,   8., 240.,   0.,   2.,   0.],
        [249.,   3.,  10.,   0.,   6., 115.,   9.,  10.,   6.,   2.],
        [  0.,   8.,   2.,   0.,   0., 236.,   1.,   0.,   0.,   0.],
        [  2.,   4.,   0.,  50.,   3., 252.,   4.,   0.,  17.,   0.],
        [ 40.,   4., 238.,   0.,  12.,   6.,  38.,   1.,   9.,   0.],
        [  0.,   8.,   1.,   0., 237.,  21.,   7.,  13.,   7.,   9.],
        [ 34.,   3.,   7., 229.,   0.,  15.,   3.,   7.,  13.,   0.],
        [  0.,   1.,   5.,  55., 240.,   4.,  30.,   2.,   3.,  20.],
        [273.,   1.,   1.,   0.,   3.,  13.,  39.,   0.,   8.,   0.],
        [  0.,   2.,   4.,   0.,  34.,   1.,   3.,   5.,   8., 207.],
        [  0.,  72.,   6.,   0.,   6.,   5.,   0.,   4.,  21., 186.],
        [  1.,  11.,   8.,   0.,   7.,   5., 261.,   0.,  10.,  53.],
        [  4.,   7.,  19.,   0.,   6.,  13., 273.,   0.,  15.,  25.],
        [143.,   4.,   2.,   1.,  12.,  10., 251.,   5.,   5.,   0.],
        [ 13.,  11.,  12., 115.,   2., 220.,  53.,   0.,  41.,   0.],
        [  8.,  21.,  49.,   0.,   5.,  23.,   3.,   4., 251.,   3.],
        [283.,   2.,  12.,   0.,   3.,  16.,  22.,  12.,   2.,   0.],
        [ 10.,  14.,  19., 214.,   0.,   6.,  12.,   0.,  20.,   0.],
        [  0.,   2.,   1.,   0., 226.,   3.,  25.,   1.,  23.,  25.],
        [  4.,  23.,   3.,  18.,   3.,  15.,   3.,   1., 238.,  11.],
        [  1., 226.,  17.,  12.,   6.,  32.,  21.,   1.,  10.,   0.],
        [  3.,  25.,   7.,   0.,   4.,  45.,   3.,   3., 268.,   0.],
        [  2.,  13.,   2.,   0.,   4.,  60.,   3.,   0., 267.,   0.],
        [  0.,   3.,  14.,   0., 258.,   3.,   2.,  14.,   7.,   3.],
        [  8.,  19.,  44., 233.,   0.,   9.,  14.,   1.,  18.,   0.]],
       device='cuda:0')
Epoch 0 | Batch 100
tensor([[  0.,   0.,   0.,   9.,   2.,   0.,   0.,   5.,  23., 226.],
        [  0.,   0.,  76., 253.,   3.,   0.,   0.,   2.,  80.,   0.],
        [  0.,   0.,   0.,  60.,   0., 248.,   0.,   1.,   4.,   0.],
        [  0.,  23.,   0.,  15.,  15.,   0.,   0., 296.,   4.,   2.],
        [  0.,   0.,   0.,   0.,   0., 225.,  46.,   0.,   1.,   0.],
        [  0.,   0.,   0.,  45.,  22.,   3.,   0.,   2., 246.,   3.],
        [  0.,   0., 125.,   1.,  42.,   1.,  33.,   0.,   0.,   0.],
        [  0.,   0.,   0.,  46.,  45.,   1.,   0.,   3., 142.,   5.],
        [  0.,   0.,  52., 253.,   1.,  78.,   0.,   2., 119.,   0.],
        [  0.,   0., 242.,   0.,   4.,   0.,   0.,   1.,   0.,   0.],
        [  0.,   0.,   1.,  25.,  10.,  29.,   0.,   2., 222.,  20.],
        [  0.,   0.,  10.,   0.,   2.,   0., 281.,   1.,   0.,   0.],
        [ 39.,   0., 275.,  61.,   1.,   0.,   0.,   2.,  10.,   0.],
        [  0.,  72., 262.,  23.,   1.,   0.,   0.,   1.,  45.,   0.],
        [  0.,   0.,   7.,   8.,   3.,  70.,  88.,   1., 245.,   0.],
        [  0.,   0.,   0.,   2.,   5.,   0.,   0.,   8., 242.,  48.],
        [  0., 232.,   0.,   0.,   0.,  16.,   3.,   0.,   0.,   0.],
        [ 11.,   0.,   0., 264.,   2.,  34.,   0.,   3.,  77.,   0.],
        [  0.,   7.,   0.,   7.,   7.,   0.,   0., 286.,   2.,  18.],
        [  0.,   0., 113.,   5.,   4.,   0.,   0.,   4., 236.,   0.],
        [  0.,   0.,  21.,   0.,   8.,   0., 257.,   1.,  11.,   0.],
        [  0.,   0.,   0.,  18.,  22.,   2.,   0.,  66., 220., 109.],
        [251.,   0.,  16.,   2.,   0.,   6.,   0.,   9.,   0.,   0.],
        [  0.,   0.,   4.,   0.,   2.,  28., 263.,   2.,   0.,   0.],
        [  0.,   0.,  51.,  21.,  11.,   0.,   0., 276.,   0.,   0.],
        [  0., 225.,   0.,   0.,   0.,  10.,  37.,   0.,   1.,   0.],
        [ 45.,   0.,  22.,   0.,  23.,   1., 233.,   0.,   3.,   0.],
        [  0.,   0.,   0.,   2., 266.,   0.,   0.,  23.,  40.,  13.],
        [  0., 227.,   0.,   0.,   0.,   0.,   0.,   7.,   0.,   1.],
        [  0., 113., 163.,  11.,   1.,   0.,   0.,   1.,   0.,   0.],
        [  0.,   0.,  44., 289.,  13.,   2.,   0.,   3.,  34.,   0.],
        [256.,   0.,   2.,   0.,  76.,   0.,   0.,  12.,   0.,   0.],
        [  0.,   0., 285.,   6.,  11.,   0.,   0.,   1.,  63.,   0.],
        [  0., 234.,   0.,   1.,   0.,   0.,   0.,   1.,   3.,   0.],
        [  0.,   0.,   1., 265.,  18.,  25.,   0.,   4.,   1.,   0.],
        [  0.,   0.,   2.,   7.,   6.,   0.,   0., 290.,   1.,   0.],
        [ 46.,   0., 225.,   5.,  77.,   3.,  10.,   0.,   2.,   0.],
        [  0.,   0.,   1.,  27.,  47.,   2.,   0.,   2., 243.,   9.],
        [  0.,   0.,   5.,   0.,   3.,   0., 270.,   1.,   0.,   0.],
        [  0., 245.,  10.,   3.,   3.,   1.,  37.,   6.,   0.,   0.],
        [  0.,   0.,  76.,   2.,   6.,   0.,   0., 260.,  23.,   1.],
        [ 14.,   0., 246.,   4.,   0.,   0.,   1.,   0.,   7.,   0.],
        [247.,   0.,  11.,   0.,   3.,   9.,   0.,   1.,   0.,   0.],
        [  0.,   0.,   0., 226.,   0.,  48.,   0.,   5.,   0.,   0.],
        [ 11.,   0.,  92., 263.,  11.,   2.,   0.,   3.,  75.,   0.],
        [  0.,   0.,  84., 260.,   0.,  11.,   0.,   3.,   7.,   0.],
        [ 74.,   0., 111.,  10.,   1.,   0.,  47.,   1.,   7.,   0.],
        [  0.,   0.,   0.,  14.,  20.,  23.,   0.,  38., 225.,  24.],
        [  0.,   0.,   3.,   5.,   8.,   0.,   0.,   2., 243.,   8.],
        [ 49.,   0.,   5.,  10.,   4.,   0.,   0.,   2., 276.,  23.],
        [ 57.,   0., 248.,   0.,   2.,   0.,   0.,   3.,   0.,   0.],
        [  0.,   0.,   0.,   5., 238.,   0.,   0.,  28.,  60.,  91.],
        [  0.,   0.,   0., 262.,  76.,   0.,   4.,   7., 165.,   2.],
        [  0., 247.,   0.,   0.,   2.,   2.,  29.,   1.,   0.,   0.],
        [  0.,   0.,   5.,   4.,  13.,   0.,   1.,   5.,  19., 236.],
        [  0.,   0.,   2.,   9., 251.,   0.,   1.,   3.,  13.,   4.],
        [  0.,   0.,   0.,   8.,   3., 214.,   0.,   1.,   4.,   0.],
        [  0.,   0.,   0.,   1., 216.,   0.,   0.,   2.,   2.,   3.],
        [  0.,   0.,   3.,  10., 217.,   0.,   0.,   2.,   1.,   1.],
        [  0.,   0.,   0.,   4.,   6.,  23.,   0.,   4., 255.,   2.],
        [  0.,   0.,  21.,   0.,   7.,   1., 279.,   1.,   0.,   0.],
        [ 60.,   0., 259.,   0.,   0.,   0.,   0.,   1.,   6.,   0.],
        [178.,   0.,   5.,   2.,   1.,   0.,   0.,  26.,   3.,   0.],
        [258.,   0.,   1.,  18.,   2.,   1.,   0.,  16.,   0.,   0.]],
       device='cuda:0')
Epoch 0 | Batch 200
tensor([[  0.,   0.,   0.,   4.,   0.,  12.,   0.,   0., 284.,   1.],
        [  0.,   0.,  72.,   1.,   6.,   8., 279.,   0.,   3.,   0.],
        [  0.,   0.,   0.,   8.,   0.,  41.,   0.,   0., 271.,   0.],
        [  0.,   0.,   0.,   0.,  74.,   1., 279.,   0.,   0.,   0.],
        [  0., 117., 222.,   0.,  10.,   1.,   0.,  42.,   4.,   0.],
        [  0.,   0.,   0.,   1.,  38.,   2.,   0.,   0.,   1., 248.],
        [  0.,   7.,   0.,   0., 236.,  12.,   0.,  21.,   1.,   0.],
        [  0.,   0.,   0.,  26.,   1.,   4.,   0., 256.,   5.,  27.],
        [260.,   0.,   0.,   0.,   0.,   7.,  29.,   0.,  15.,   0.],
        [ 41.,   0.,   0.,  32.,   0.,   1.,   0., 268.,   1.,   2.],
        [  0.,   0.,   0.,   0.,   3.,   4., 289.,   0.,   3.,   0.],
        [ 89.,   0.,   0.,   9.,  25.,   2.,   0.,  38.,   1., 234.],
        [  0.,   0.,   0., 208.,   0.,  47.,   0.,   0.,   1.,   0.],
        [254.,   0.,   0.,   0.,   7.,   3.,  25.,   0.,   4.,  30.],
        [  0., 246.,  23.,  10.,   0.,   4.,   0.,   0.,  41.,  12.],
        [  0.,   0.,  14.,   0.,   0.,   2., 279.,   0.,   0.,   0.],
        [  0.,   0.,   0.,   9.,   0., 260.,   4.,   0.,   9.,   0.],
        [  0.,   0., 243.,   0.,   0.,   1.,  46.,   4.,   0.,   0.],
        [  0.,   0.,   0.,   0., 258.,   0.,  16.,   0.,   4.,   3.],
        [  0., 111.,   0., 259.,   0.,   6.,   0.,   0.,  17.,   0.],
        [  0.,   0.,   2.,   0., 257.,   1.,   0.,   0.,   1.,   2.],
        [  0.,   0.,   0., 281.,   0.,  26.,   0.,   0.,   9.,  15.],
        [  0.,  73.,   0.,   2.,   0.,   5., 120.,   0., 221.,   0.],
        [  0.,  59.,   0.,   1.,   9.,   5.,  34.,   0., 251.,   0.],
        [  0.,   0.,   0.,  15.,   0.,   3.,   0., 275.,   1.,   3.],
        [  0.,   0.,  24., 260.,   0.,   5.,   0.,   0.,   3.,   0.],
        [ 26.,   0.,   0.,   0.,   0.,   3., 256.,   0.,   0.,   0.],
        [  0.,   0.,  24.,   1., 264.,   2.,   0.,   0.,   0.,   5.],
        [  0.,   0.,   0.,  31.,   0., 243.,   0.,   0.,  16.,   0.],
        [  0., 266.,   0.,   2.,   0.,   2.,   4.,   2.,   1.,   3.],
        [  0.,   0.,   0.,   0., 274.,   2.,   0.,   1.,   1.,   3.],
        [  0.,   0.,   0.,   3.,   0.,  15., 264.,   0.,  16.,   5.],
        [  0., 262.,   0.,   1.,   0.,   1.,   6.,   0.,   0.,  20.],
        [  0., 255.,   0.,   0.,   0.,   1.,   6.,   0.,   0.,  32.],
        [ 13.,   0.,   0.,  35.,   0.,   1.,   0., 269.,   1.,   2.],
        [  0.,  27.,   7., 198.,  52.,  12.,   0.,   0.,   1.,   1.],
        [  0.,   0.,   5.,   2.,   0.,   5., 261.,   0.,   2.,   0.],
        [  0.,  84.,   0.,   2.,  52.,   2.,   0., 113.,   4., 207.],
        [ 35.,   0., 249.,   0.,  46.,   1.,  21.,   0.,   1.,   0.],
        [  0., 243.,   0.,   0.,   0.,  56.,   3.,   0.,   0.,   0.],
        [  0.,   0.,   0.,   1.,   0.,   1.,   0., 243.,   0.,  24.],
        [  0.,   0., 261.,   3.,   0.,   2.,   0.,   0.,   7.,   0.],
        [271.,   0., 111.,   1.,   0.,   5.,   0.,   0.,   3.,   8.],
        [ 14., 260.,   0.,   0.,   0.,   1.,   2.,   0.,   0.,  46.],
        [  0.,   0., 266.,   1.,   0.,   4.,  46.,   0.,  20.,   0.],
        [  0.,   0., 262.,   0.,   6.,   3.,  62.,   0.,   1.,   0.],
        [  0.,   0.,   0.,   0., 245.,   1.,  28.,   0.,   0.,   0.],
        [  0.,   0., 126., 240.,   0.,  10.,   0.,   9.,   3.,   0.],
        [ 18.,   0.,   0., 265.,   0.,  38.,   0.,   0.,   2.,   1.],
        [  0.,  53.,  86.,   3.,   0.,   0.,   2., 206.,   2.,   0.],
        [ 44.,   0.,   0.,  38.,   0.,  10.,   0.,   0.,  31., 246.],
        [  0.,   0.,   0.,   0.,  29.,   1.,   0.,   0.,   0., 230.],
        [  0.,   0.,   0.,   0.,   0.,   1.,   1.,  62.,   1., 233.],
        [  0.,   0.,   0.,   0., 268.,   2.,   0.,  21.,   3.,  13.],
        [  0.,   0.,   5.,   1.,  10.,   2.,   0.,   0.,   1., 244.],
        [  0.,   0.,  17., 261.,   0.,  87.,   3.,   0.,   8.,   0.],
        [ 11.,   0.,   0.,   0.,   0., 222.,   7.,   0.,   6.,   0.],
        [  0.,   0.,   0.,   0.,   0.,   2.,  10.,   0., 239.,   0.],
        [  0.,   0.,  38.,   0., 258.,   1.,   1.,   0.,   1.,  11.],
        [  0.,   0.,   0.,   0.,   7., 237.,   0.,   0.,   3.,  22.],
        [  4.,   0.,  79., 283.,   0.,  13.,   0.,   0.,  11.,  32.],
        [  0.,   0.,  14., 271.,   0.,  71.,   0.,   0.,  18.,   0.],
        [  0.,   0.,   0.,   1.,   1.,   1.,   0.,   0.,  14., 203.],
        [  0.,   0.,   0.,  45.,   0., 247.,  14.,   0.,  10.,   0.]],
       device='cuda:0')
Epoch 0 | Batch 300
tensor([[290.,   0.,  14., 104.,   0.,  10.,   0.,   0.,   0.,   0.],
        [268.,   0., 146.,  22.,   0.,   2.,   0.,   0.,   0.,   0.],
        [  5.,  22.,  11., 281.,   0.,  11.,   0.,   0.,   0.,   0.],
        [  1., 116., 202.,  10.,   0.,  11.,   0.,   0.,   1.,   0.],
        [  2.,   0., 297.,   7.,   0.,   3.,   0.,   0.,   0.,   0.],
        [  6.,   0.,   0.,  73.,   0.,   0.,   0., 257.,   0.,   0.],
        [  0., 254.,   0.,   3.,   0.,   3.,   0.,   0.,   0.,   0.],
        [  0., 247.,   0.,   1.,   0.,  10.,   0.,   0.,   0.,   2.],
        [  3.,   0.,   0.,  23.,   0.,   2., 274.,   0.,   1.,   0.],
        [ 10.,   0.,   0.,   5., 243.,   2.,   0.,   0.,   9.,  10.],
        [  0.,   0.,   0.,   0., 258.,   1.,   0.,   0.,   0.,   0.],
        [ 56.,   0.,   8.,  26.,   4.,   3., 270.,   0.,   0.,   0.],
        [  1.,   0.,   0.,  16.,   0.,   4., 275.,   0.,  49.,   0.],
        [  1.,   9.,   0., 261.,   0.,  15.,   0.,   0.,   0.,   0.],
        [  0., 261.,  55.,   1.,   0.,  12.,   0.,  20.,   0.,   9.],
        [  9.,   0.,   0.,   1.,   0.,   2., 264.,   0.,  16.,   0.],
        [298.,   0.,  37.,  51.,   1.,  14.,   0.,   0.,   0.,   0.],
        [  3.,   0.,   0., 280.,   0.,  10.,   0.,  31.,  76.,   0.],
        [  0., 261.,   0.,   0.,   0.,   4.,  21.,   0.,   0.,   0.],
        [  0.,  84.,   0.,   0.,   0.,   3.,   2.,   0.,   0., 234.],
        [  2.,  80.,   0., 259.,   2.,   5.,   0.,   0.,  72.,   0.],
        [  2.,   0.,   0.,  10.,   7.,   2.,   0.,  38., 243.,   0.],
        [  6.,   0.,   0.,   2.,   0.,   4.,  36.,   0., 271.,  74.],
        [276.,   0., 194.,  33.,   0.,   9.,   0.,   0.,   0.,   0.],
        [  8.,   0.,   0.,  13.,   7.,   1.,   0., 246.,   0.,   0.],
        [  0., 257.,  70.,   1.,   0.,  11.,   0.,  12.,   0.,   1.],
        [  2.,   0.,   0.,   0.,  21.,   2.,   0.,   0.,   0., 266.],
        [278.,   0.,  29., 131.,   3.,  48.,   0.,   0.,   0.,   0.],
        [  0., 238., 130.,   2.,  11.,  22.,   0.,   0.,  28.,  10.],
        [  3.,   0., 236.,   2.,   0.,   3.,  65.,   0.,   0.,   0.],
        [  0., 261.,   0.,   0.,   0.,   5.,   0.,   0.,   0.,   4.],
        [ 61.,   0.,   0.,   0.,   0., 183.,   0.,   0.,   0.,   0.],
        [ 50.,   0., 267.,   0.,   6.,   1.,   0.,   0.,   0.,   0.],
        [  5.,   3., 283.,  11.,  38.,   6.,  41.,   0.,   0.,   0.],
        [  9.,   0.,   0., 272.,   0.,  20.,   0.,   0.,  33.,   0.],
        [  8.,   0.,   8.,   4.,   0.,  32.,   0.,   0., 195.,   0.],
        [  1.,   0.,   0.,   1.,   0.,   1.,   0., 267.,   0.,  49.],
        [  1.,   0.,   0., 263.,   0.,   9.,   0.,   0.,   0.,   0.],
        [  0., 241.,   0.,   0.,   0.,  35.,  14.,   0.,   0.,   1.],
        [  2.,   0.,   0., 258.,   0.,   5.,  63.,  77.,   0.,   0.],
        [  4.,   0., 273.,  17.,   0.,   1.,   0.,   0.,   0.,   0.],
        [269.,   0.,   0.,  49.,   0.,   5.,   0.,  16.,   0.,   0.],
        [  5.,   0.,   1.,   1.,   0.,  18.,   0.,   0., 250.,  49.],
        [  1.,   0.,   0.,   0.,   0.,   2.,   0.,   0.,  12., 247.],
        [  1.,   5.,   0.,   2.,  53.,  10.,   0.,   0., 223.,  59.],
        [  2.,   0.,   0., 260.,   0.,  11.,   0.,   0.,  21.,   0.],
        [ 83.,   0.,   0.,   0.,   0.,  24., 226.,   0.,  30.,   2.],
        [  9.,   0.,   0., 285.,   0.,  10.,   0., 104.,  35.,   0.],
        [297.,   0.,  10.,  41.,   0.,   6.,   0.,   0.,   0.,   0.],
        [  2.,   0.,   0.,   2.,  49.,   1.,   0.,   1.,   0., 235.],
        [ 12.,   0.,   0.,  51.,   0.,   0.,   0., 252.,   0.,  33.],
        [  3.,   0.,   2.,   1.,   0.,   0.,   0., 257.,  16.,   0.],
        [  1.,   0.,   0.,  14.,   0., 213.,  28.,   0.,   0.,   0.],
        [  5.,   0.,   0.,  80.,  21., 244.,  72.,   0.,   0.,   0.],
        [  0., 263.,   0.,   0.,   0.,   4.,  25.,   0.,   0.,   0.],
        [  2.,   0.,   0.,  20.,  48., 254.,   0.,   0.,   0.,   0.],
        [ 14.,   3., 289.,  16.,   0.,  13.,   0.,   0.,   0.,   0.],
        [  4.,   0.,   0.,   1.,   6.,   4.,   0.,   0.,   0., 266.],
        [  5.,   0., 277.,  11.,   3.,   5.,   0.,   0.,   0.,   0.],
        [282.,   0.,  20.,  26.,   0.,   6.,   0.,   0.,   0.,   0.],
        [263.,   0.,   8.,  47.,   0.,   5.,   0.,   0.,   0.,   0.],
        [247.,   0.,   0.,  10.,   0.,   2.,   1.,   0.,   4.,   0.],
        [257.,   0.,   0.,  20.,   0.,   5.,   0.,   0.,   0.,   0.],
        [  4.,   0.,  97.,   0.,  13.,   0.,   0.,   0.,   0., 209.]],
       device='cuda:0')
Epoch 0 | Batch 400
tensor([[  0.,   0.,   0.,   0.,   0.,  13.,   0.,   0., 254.,   2.],
        [292.,   0.,  53.,   0.,   0.,   0.,   0.,   0.,   0.,   0.],
        [  0.,   0.,   0.,   0.,   0., 267.,   0.,   0.,   0.,   0.],
        [  0.,  33.,  19.,   0.,   0.,  21.,   0.,   0., 214.,   0.],
        [  0., 257.,   0.,   0.,   0.,   3.,  53.,   0.,   0.,   0.],
        [  0.,   0., 104., 253.,   0.,   0.,   0.,   0.,   3.,  44.],
        [  1.,   0.,   0., 243.,   0.,  11.,   0.,   2.,   0.,   0.],
        [  0., 242.,   0.,   0.,  46.,   2.,   0.,   0.,   0.,   0.],
        [  0.,   0.,   4.,   0.,   0., 252.,   0.,   0., 100.,   0.],
        [ 26.,   0.,   0.,   0.,   0., 225.,   0.,   0., 101.,   0.],
        [  0.,   0.,   0.,   0.,   0., 265.,   0.,   0.,   0.,   0.],
        [  0.,   0.,   0.,   0.,   0.,   0.,  75.,   8.,   0., 252.],
        [  0.,  11.,   0.,   0.,   0.,   2.,   0., 268.,   0.,   0.],
        [  0.,   0.,   0.,   0.,   1.,   3., 290.,   0.,   0.,   1.],
        [  0., 229.,   0.,   0.,  43.,   5.,   0.,   0.,   0.,   0.],
        [  0., 247.,   0.,   0.,   1.,  10.,  51.,   0.,   0.,   0.],
        [  0.,   0.,   0.,   0.,   4.,   4.,   0.,   0., 210.,   0.],
        [  0.,   0., 270.,   0.,   1.,   0.,  26.,   0.,   0.,   0.],
        [  0.,   0.,   0.,  18.,   0.,   1.,   0., 275.,   0.,   0.],
        [  0.,   0.,   0., 232.,   0.,  45.,   0.,   0.,  39.,   0.],
        [  0.,   0.,  45.,   0.,   0.,   0.,   0., 270.,  69.,  24.],
        [  0., 254.,   0.,   0.,  27.,   0.,   0.,   0.,   0.,   0.],
        [  1.,   0.,  33.,   0.,   0., 256.,   0.,   0.,   9.,   0.],
        [  0.,   0.,  16.,   0.,   0.,   3., 272.,   0.,  55.,   0.],
        [ 30.,   0.,   9.,   0.,   1.,   0., 258.,   1.,   0.,   2.],
        [  0.,   0.,   0.,   0.,   0., 214.,   0.,   0.,   0.,   0.],
        [  0., 233.,  20.,   0.,   0.,   4.,   2.,   0.,  35.,   0.],
        [  0.,   0.,  12.,   0.,  93.,  93.,   0.,   0., 192.,   0.],
        [  0.,   0.,   6.,   0.,   0.,   0.,   0.,   0.,  77., 266.],
        [  0.,  77.,   5.,   0.,   0.,   0.,   0., 272.,  17.,  36.],
        [296.,   0.,   0.,   0.,   0.,   7.,   0.,   0.,   0.,   0.],
        [  0.,  61.,   0.,   0.,   0.,   0.,   0.,   9.,   1., 230.],
        [  0.,   0.,  16.,   0.,   6.,   0.,   0.,  23.,   0., 250.],
        [ 18.,   0.,   0.,   0.,   0.,   0.,   0., 236.,   0.,   1.],
        [  5.,   0.,   0.,   0., 270.,   0.,  22.,  22.,   0.,   4.],
        [  0.,   0.,   0.,  14.,   0., 264.,   0.,   0.,  33.,   0.],
        [  0.,  24.,   0.,   0.,   0.,   1.,   0., 262.,  29.,   0.],
        [281.,   0.,   0.,   0.,   0.,   2.,   0.,   0.,  34.,   0.],
        [  0.,   0.,  22.,   0.,  48., 231.,   0.,   0.,  16.,   1.],
        [  0.,   0.,   0.,   0.,   0.,   0.,   0.,   3.,  70., 259.],
        [  0., 231.,   3.,   0.,  10.,  20.,  14.,   0.,   0.,   0.],
        [  0.,   0.,   0.,   2.,   0., 238., 112.,   0.,   0.,   0.],
        [  0., 263.,   0.,   0.,   0.,   9.,  66.,   0.,   0.,   0.],
        [  0., 246.,   1.,   0.,   0.,   3.,   0.,   0.,  23.,   0.],
        [  0.,   0.,   0.,   0.,   0.,   0.,   1.,   0.,  58., 265.],
        [  0.,  87.,   0., 250.,   0.,   7.,   0.,   0.,   0.,   0.],
        [  2.,   0.,   0.,   0.,   0., 279.,   0.,   0.,   0., 114.],
        [  0.,   0.,   0.,   0., 255.,   0.,   0.,  48.,   0.,  18.],
        [  0., 265.,   0.,   0.,   0.,   1.,   6.,   0.,   0.,   0.],
        [  0.,   0., 280.,   0.,   0.,   0.,  21.,   0.,  45.,   0.],
        [  0.,   0.,   0.,   0.,   0.,   4.,   0.,   0., 253.,   4.],
        [  0.,   0.,   0., 223.,  23.,   1.,   0.,   0.,   0.,   6.],
        [ 13.,   0.,   0.,   0.,  25.,   0., 286.,   0.,   0.,   0.],
        [  0.,   0.,   0.,   0.,  40.,  78.,   0.,   0., 211.,   0.],
        [  0., 263.,   0.,   0.,   0.,   2.,   0.,   0.,   7.,   0.],
        [  2.,   0.,   2.,   0.,   0.,  10.,   0.,  51., 244.,  88.],
        [306.,   0.,   0.,  18.,   0.,  35.,   0.,   0.,   0.,   0.],
        [  0., 257.,   0.,   0.,   1.,   3.,  29.,   0.,   0.,   0.],
        [  0.,   0.,   8.,   0.,   0.,   4., 283.,   0.,   0.,   0.],
        [  8.,   0.,   0.,   0., 228.,   0.,   0.,  34.,   0.,  66.],
        [  0.,   0.,   0.,   0., 242.,  12.,   0.,   6.,   2.,   0.],
        [  0.,   0.,   0.,   0., 231.,   0.,  45.,  70.,  17.,  30.],
        [  0.,  40.,   0.,   0.,   0.,   1.,   0., 265.,   1.,   2.],
        [  0.,  50.,   0., 192.,   0.,  54.,  84.,   0.,   0.,   0.]],
       device='cuda:0')
Epoch 0 | Batch 500
tensor([[  0.,   1.,  14., 261.,   0.,  25.,   0.,   0.,   4.,   8.],
        [  0.,   0.,   8.,   1.,   0.,   3.,   0.,   0., 251.,   5.],
        [  1.,   0.,   1.,   1.,   0.,  40.,   0.,  11.,   4., 263.],
        [  0.,  21.,   6.,   1.,   0.,  26.,   0.,   0., 188.,   1.],
        [  1.,   0.,   7., 268.,   0.,   3.,   0.,   0.,  24.,  11.],
        [  0.,   0.,   0.,   6.,   0.,   7.,   0., 277.,   0.,   9.],
        [  3.,  35.,   5., 247.,   0.,  11.,   0.,   0.,  27.,   2.],
        [282.,   0.,   0.,   1.,   0.,   4.,   0.,   8.,   0.,  11.],
        [ 15.,   0.,   1.,   0.,   3.,   0.,   0.,  14.,   0., 235.],
        [174.,   0.,   2.,   0.,   0.,   1., 276.,   0.,  21.,   2.],
        [247.,   0.,  14.,  52.,   0.,   0.,   0.,   0.,   0.,   0.],
        [  0.,  24., 273.,   0.,   0.,   2.,   0.,   0.,   0.,   1.],
        [280.,   0.,   0.,   2.,   0.,   0.,   0.,   1.,   0.,   1.],
        [  0.,  58.,   0.,   1.,   0.,  11.,   0., 257.,   0.,   6.],
        [272.,   0.,   1.,   2.,   0.,   1.,   3.,  99.,   0.,  12.],
        [  0., 242.,  65.,   0.,   0.,   7.,  12.,   1.,   8.,   2.],
        [  0., 256.,   3.,   0.,   0.,  33.,  22.,  16.,   0.,   1.],
        [  1.,   0.,   2., 256.,   0.,   1.,   0.,   7.,   2.,  11.],
        [  0.,  37.,   1.,   3.,   0.,  13.,   0.,   1.,  70., 247.],
        [  4.,   0.,   0.,  41.,   1.,   1.,   0., 288.,   0.,  10.],
        [  0.,   0.,   0.,  27.,   0.,   2.,   0., 283.,   0.,  10.],
        [  1.,   0.,   0.,   8.,  11.,   9.,   0.,  24.,   0., 281.],
        [  0., 245.,  61.,   0.,   0.,  24.,   0.,   0.,  29.,   1.],
        [  0.,   0.,   1.,   0.,   0.,   5.,   0.,   1., 257.,   8.],
        [  3.,   0.,   0.,   1.,   4.,   4.,   0., 274.,   0.,  10.],
        [  0.,   0.,   1.,   6., 267.,  13.,   0.,   1.,   0.,  48.],
        [  0.,  25.,  67.,   2.,   0.,  11.,   0., 258.,   1.,   3.],
        [  7.,   0.,   7., 249.,   0.,  93.,  18.,   0.,   4.,   5.],
        [ 39.,   0.,   8.,   0.,   0.,   2., 285.,   0.,  42.,   4.],
        [  3.,  28.,   1.,   0.,   0.,  72., 241.,   0.,   7.,   0.],
        [  1.,   0.,  54.,   0., 120.,   2., 271.,   0.,   0.,   4.],
        [  0.,   0.,   0.,  15.,   0.,   3.,   0., 265.,   0.,   9.],
        [  0., 264.,   2.,   0.,   0.,  41.,   0.,   5.,  12.,   3.],
        [ 10.,   3.,   0.,  17.,   0.,   2.,   0., 285.,   0.,  10.],
        [ 37.,   0., 220.,   0.,  12.,  24.,   0.,   3.,   0.,   6.],
        [  3.,   0.,   0.,   0.,   0.,   3.,   0., 257.,   0.,   4.],
        [  0.,   0.,   0.,   0., 237.,   1.,   0.,   9.,  38.,   5.],
        [  0.,   0.,   1.,   1.,   0.,   4.,   0.,   0., 244.,   7.],
        [  0.,  46.,  28.,   0.,   0.,   2., 253.,   0.,  39.,   5.],
        [  0.,   0.,  12.,   1.,   0.,   7.,   0., 252.,   0.,  38.],
        [  0.,   0.,   0.,   1., 246.,   2.,  11.,   0.,   8.,  15.],
        [ 27.,   0.,   2.,  21.,   2., 236.,   0.,   0.,  47.,   2.],
        [274.,   0.,   4.,   2.,   0.,   3.,   0.,   3.,   0.,  13.],
        [  0.,  76.,   0., 248.,   0.,  37.,   0.,   0.,   0.,   3.],
        [  1.,   0.,   0.,  35.,   5.,   1.,   0., 287.,   0.,  10.],
        [  1.,   0.,   0.,   4.,   0.,   1.,   0.,  34.,  33., 247.],
        [  0.,   0., 259.,   0.,   0.,  35.,  46.,   0.,   0.,   3.],
        [281.,   0.,   0.,   1.,   0.,   1.,   2.,   0.,   1.,   2.],
        [  0.,   0., 251.,   0.,   0.,  23.,   5.,   0.,   0.,   5.],
        [  0.,   0.,   0.,   1.,  27.,   5.,   0.,   3.,   0., 234.],
        [  0., 270.,  19.,   0.,   0.,  31.,  27.,   1.,   7.,   1.],
        [  5., 181., 254.,   0.,   0.,   5.,   5.,   0.,  13.,   1.],
        [  0.,   0.,   0.,   4.,  26.,  11.,   0.,   1.,   0., 259.],
        [  0.,   0.,   0.,   2., 260.,   2.,  52.,   0.,   0.,  15.],
        [290.,   0.,   7.,  10.,   0.,   1.,   0.,   3.,   0.,   2.],
        [  6.,   0.,   0.,  33.,   0.,   1.,   0., 284.,   0.,  12.],
        [  3., 100.,  74.,  14.,   0.,  10.,   0.,   0., 223.,   1.],
        [ 26.,   0.,   1.,  35.,   0., 261.,   9.,   0.,   9.,   4.],
        [  0.,   0.,   0.,   6., 277.,  29.,   0.,   0.,   0.,  31.],
        [  0.,   0.,   0.,   3., 230.,   4.,   0.,  12.,  16.,  13.],
        [ 87.,   0., 274.,   0.,   0.,   2.,   3.,   0.,   6.,  12.],
        [  0.,   0.,   1.,   2.,   0.,  29.,   0.,   0., 219.,  12.],
        [  0.,   0.,   0.,   2.,   0.,  27.,   0., 260.,  29.,  10.],
        [  1.,   0.,  83.,   0., 214.,   0.,   0.,  15.,   0.,  19.]],
       device='cuda:0')
Epoch 0 | Batch 600
tensor([[  3.,   0.,   0.,   0.,   5.,   0.,   0.,  24.,  14., 192.],
        [  3.,   2.,   0.,   0.,   0.,   0.,   0.,   0., 233.,   0.],
        [284.,   0.,   4.,  13.,  57.,  22.,   0.,   0.,   1.,   4.],
        [  6.,   0.,   0.,   0.,   1.,   9.,  44.,   0., 232.,  56.],
        [ 67.,   0.,   0., 285.,   1.,   0.,   0.,   0.,   0.,   0.],
        [  2.,   0.,   0.,  56.,   1., 236.,   0.,   0.,   6.,  37.],
        [  6.,   0.,   0.,   0., 258.,   0.,   0.,   1.,   0.,   8.],
        [ 66.,   0., 234.,  14.,   1.,   0., 148.,   0.,   0.,   0.],
        [  1.,   0.,   0.,   1.,  56.,   2.,   4.,  82.,  28., 230.],
        [  2.,   0.,  22.,   3.,  10.,   0., 284.,   0.,   0.,   0.],
        [250.,   0.,   0.,  26.,   0.,   5.,   0.,   1.,   0.,   8.],
        [  5.,   0.,   0.,   1.,  18.,   0.,   0., 293.,   0.,   9.],
        [  0., 238.,   2.,  20.,   0.,   2.,   0.,   5.,   0.,   0.],
        [  1.,   0.,   0.,   0., 244.,  21.,   0.,  12.,  51.,   4.],
        [  0.,  83.,  25.,   0.,   0.,  25.,   0.,   0.,  10., 160.],
        [264.,  29.,   0.,   2.,   0.,   0.,   0.,   0.,   1.,   0.],
        [ 10.,   0., 238.,   1.,   0.,   0.,   0.,   0.,  32.,   0.],
        [  0., 245.,   0.,   6.,   0.,   0.,   0.,   0.,   0.,   0.],
        [  1.,   8., 253.,   1.,   0.,   0.,  32.,   0.,   0.,   0.],
        [  9.,   0.,   0.,   0.,   3.,   2.,   0.,   0., 284.,   0.],
        [  1.,   0., 249.,   3.,   0.,   0.,   0.,   0.,   0.,   0.],
        [  0., 251.,   0.,   6.,   0.,   0.,   0.,   0.,   0.,   0.],
        [  4.,   0.,   0.,   1.,   1., 260.,   0.,   0.,   3.,  11.],
        [154.,   0.,   0.,   0.,   8.,   0.,   1.,   8.,   0.,   4.],
        [  3.,   0.,   0.,   0.,   0., 259.,   0.,   6.,   0.,   0.],
        [  1.,   0.,   0., 259.,   0.,   0.,   0.,   0.,   0.,   0.],
        [  7.,   0.,   0.,   0.,   0.,   0.,   0.,   0., 273.,   0.],
        [  1.,   0.,   0.,   0., 233.,   3.,   0.,  22.,  39.,   7.],
        [ 25.,   0.,   0.,   0.,   3., 272.,   0.,   0.,  89.,   3.],
        [  2.,   0.,   0.,   0.,  68.,   0.,   0., 282.,   0.,   1.],
        [  5.,   0.,   0.,   1.,  54.,   0.,   0., 279.,   1.,   7.],
        [247.,   0.,   0.,  13.,   0.,   0.,   0.,   0.,   0.,   0.],
        [ 83.,   0.,   0.,   0.,   2., 282.,  17.,   0.,  16.,   2.],
        [  8.,   0.,   0.,   1.,   2.,   1.,   0.,   1., 268.,   2.],
        [292.,   0.,   5.,  42.,   2.,   0.,   0.,   0.,   1.,   0.],
        [  3.,   6., 240.,   9.,   0.,   0.,   0.,   0.,  25.,   0.],
        [  0.,   0.,   0.,   0., 256.,   0.,  14.,   7.,   0.,   4.],
        [  1.,   0.,  39.,   0., 247.,   0.,   0.,   2.,   0.,   9.],
        [  1.,   0.,   0.,   0.,   3.,   0., 284.,   0.,   0.,  12.],
        [  0.,   0.,   0.,   1.,  13.,   1.,  55.,   6.,   5., 244.],
        [  1.,   0.,  71.,   0.,   1.,   0.,   0.,  27.,   0., 194.],
        [  5.,   0.,   0.,   0.,   1.,   1.,   0.,   2., 240.,   3.],
        [  1.,   0., 219.,  16.,   2.,   0.,   0.,   0.,   0.,  16.],
        [  2.,   6., 249.,   2.,   1.,   0.,   0.,   3.,  92.,   0.],
        [293.,   0.,   2.,   4.,   5.,   0.,   0.,   0.,   1.,   3.],
        [  2.,   0.,   0.,   2.,   5.,   0.,   0., 290.,   0.,   9.],
        [  9.,   0.,  55.,   0., 261.,   0., 159.,   0.,   0.,  15.],
        [  0., 203.,   0.,  24.,   0.,   0.,   0.,   0.,   0.,   0.],
        [  3.,   2.,  13., 274.,   1.,   0.,   0.,   0.,   0.,   0.],
        [  5.,   0.,   0.,   0.,   1.,   0.,   0.,   0., 260.,   0.],
        [  0.,  20., 115.,   1., 229.,   0.,   0.,   2.,   0.,   3.],
        [  3.,   0.,   0.,   0.,  26.,   0.,  98.,  37.,   1., 248.],
        [  4.,   0.,   0.,   0.,  73.,   0.,   0., 268.,   0.,  15.],
        [  0.,   5.,   0.,   0.,   4.,   0.,   0., 240.,   0.,   2.],
        [  3.,  21.,   0.,  25.,   3.,   0.,   0., 253.,  34.,   1.],
        [  2.,   0.,   0.,   4.,  62.,   0.,   0., 289.,   0.,   4.],
        [228.,   0.,   4.,   1.,  11.,   1.,   0.,   1.,   0.,   0.],
        [  0.,   0.,   9.,   0.,  23.,   0.,   1.,  14.,   0., 232.],
        [  2.,   0.,   0.,   1.,  37.,   0.,   1., 283.,   0.,   3.],
        [  0., 219.,   0.,   6.,   0.,   0.,   0.,   1.,   0.,   0.],
        [  0., 222.,   0.,   5.,   0.,   0.,   9.,   0.,   0.,   1.],
        [  3.,   0.,   3., 245.,   1.,   0.,   0.,   4.,   0.,   0.],
        [  2.,   0.,   0., 249.,   0.,   0.,   0.,   0.,   0.,   0.],
        [ 33.,   1.,   0., 285.,   1.,   1.,   0.,   0.,   0.,   0.]],
       device='cuda:0')
Epoch 0 | Batch 700
tensor([[  2.,  73.,  41., 262.,   0.,   1.,   0.,   0.,   0.,   0.],
        [  0.,   0.,   2.,   1.,   0.,   4.,   0.,   0., 252.,   0.],
        [287.,   0.,   1.,   0.,   0.,   3.,  23.,   0.,   0.,   0.],
        [  1.,   0.,   0.,   0.,   2.,   2.,  16.,   0.,  38., 285.],
        [  0.,   0.,  25.,   0.,   0.,   1.,  27.,   7., 247.,   0.],
        [ 28.,   0.,   0.,  49.,  26.,   1.,   0., 265.,   0.,  12.],
        [  0.,   0.,   3.,  12.,   0.,   0.,   0.,   0., 232.,   0.],
        [  0., 274.,   1.,   0.,   0.,  22.,   0.,   0.,   0.,   2.],
        [  0.,   0.,   0.,   0.,  68.,   0., 270.,   0.,  60.,   0.],
        [  0.,   0.,   0.,   0.,   0.,   2.,   0.,   7., 260.,   1.],
        [  0.,   0., 260.,   0.,   0.,   0.,  10.,   0.,   0.,   0.],
        [  0.,   0.,   0.,   0., 242.,   0.,  52.,   0.,   0.,   3.],
        [  0., 116.,   0., 223.,   0.,   6.,   0.,   0.,   0.,   0.],
        [  1.,   3.,   2.,   0.,   0., 220.,   0.,   0.,   0.,   0.],
        [295.,   0.,   0.,   1.,   0.,  22.,   7.,   0.,   0.,   0.],
        [273.,   0.,   0.,   0.,   5.,  17.,  50.,   0.,   0.,   0.],
        [  0., 108.,   1.,   0.,   0.,   0., 261.,   0.,   0.,   0.],
        [  0.,  25.,  14., 239.,   0.,   2.,   0.,   0.,   0.,  59.],
        [  2.,   0., 140.,   1.,   0.,   4.,   0.,   0., 215.,   2.],
        [  0.,   0., 245.,   0.,   0.,   0.,   4.,   0.,   0.,   0.],
        [289.,   0.,   0.,   3.,   0.,  37.,   0.,   0.,   0.,   0.],
        [  0.,   0.,   0., 222.,   0., 125.,   0.,   0.,   0., 124.],
        [  0., 262.,   0.,   0.,   0.,   2.,  26.,   0.,   8.,   6.],
        [  0., 111., 164.,   0.,   0.,   0.,  51.,   0.,   0.,   0.],
        [289.,   0.,  68.,   0.,   0.,   4.,   0.,  67.,   0.,   0.],
        [ 35.,   0., 244.,   0.,   0.,   0., 101.,  14.,   0.,   0.],
        [  0.,   0.,   4., 256.,   0.,  25.,   0.,   0.,   0.,   2.],
        [283.,   0.,   2.,  10.,   5.,  32.,   0.,  49.,   0.,   0.],
        [  6.,   0., 276.,  21.,   0.,   0.,   0.,   9.,   0.,   0.],
        [  0., 251.,   1.,   0.,   0.,   0.,   0.,   0.,   0.,  49.],
        [  0.,   0.,   4.,   0.,   0.,   3., 278.,   0.,  31.,   0.],
        [  0.,   0.,  28., 190.,   3.,   1.,   6.,   0.,  15., 131.],
        [  0.,   0.,   2.,   1.,   0.,   4.,   0.,   0., 216.,   0.],
        [ 72.,   0., 259.,   0.,  18.,   0.,  37.,   0.,   0.,   0.],
        [  0., 267.,   0.,   0.,   0.,   0.,  13.,   0.,   0.,   0.],
        [ 16.,   0.,   3.,   0.,  44.,   2., 278.,   0.,   0.,   0.],
        [  5.,   0.,   0.,   0., 246.,   1.,   1.,   5.,   0.,   0.],
        [266.,   0.,   2.,  31.,   0.,   4.,  56.,   0.,   0.,   0.],
        [287.,   0.,   1.,   0.,   0.,   2.,   0.,   0.,   0.,   0.],
        [ 10.,  56.,   1.,  37.,   0., 225.,   0.,   0.,   0.,   0.],
        [ 33.,   0.,   0.,  30.,  42.,   0.,   0., 251.,   0.,  43.],
        [  0., 270.,   2.,   0.,   0.,   0.,  39.,   0.,   0.,   0.],
        [  0.,   0.,  71., 248.,  25.,  21.,   0.,   0.,   0.,   0.],
        [  5.,   0.,   4.,   0.,  10.,   1.,   0.,   0.,   0., 236.],
        [  0.,   0., 277.,   1.,   1.,   0.,   0.,   0.,   0.,   0.],
        [ 82.,   0.,   0.,   0.,   6.,  51.,   0., 246.,   0.,   0.],
        [  0.,   0.,  18., 260.,   0.,   8.,   0.,   0.,   0.,   0.],
        [271.,   0.,   0.,   0.,   0.,   1.,   0.,   0.,   0.,   0.],
        [  4.,   0.,   0.,   6.,   0.,   1.,   1.,   0.,   0., 263.],
        [  5.,   0.,   0.,   0., 221.,   0.,   0.,  76.,   0.,   0.],
        [  0.,   0.,   0.,   0., 248.,   1.,   0.,   0.,   0.,  16.],
        [  0., 264.,   0.,   0.,   0.,   0.,   0.,   6.,   0.,   0.],
        [  5.,   0.,  25., 258.,   0.,   1.,   0.,   0.,   0.,   0.],
        [  0.,   0.,   0.,   1.,   2.,  21.,   6.,   0.,  42., 294.],
        [  0.,   0.,   0.,   0.,   0.,  20.,   0.,  34., 247.,  60.],
        [ 47.,   0.,   4.,  21.,  20., 251.,   0.,   0.,   2.,   0.],
        [ 12.,  63.,   2.,   0.,   0.,   1.,   0.,   0., 233.,   0.],
        [  1.,   0.,   1.,   0.,   0.,   0.,   0.,   0., 242.,   0.],
        [ 12.,   0.,   0.,  28.,  63.,   0.,   0., 260.,   0.,  83.],
        [  5.,   0., 287.,   1.,   0.,   0.,   0.,   0.,   0.,   0.],
        [  0.,   5.,   0.,  39.,  20.,   5.,   0.,   0.,   0., 269.],
        [  2.,   0., 265.,  34.,   0.,   0.,   0.,   0.,  53.,  32.],
        [  0.,   0.,   3.,   0., 215.,   1.,  37.,   0.,   0.,  13.],
        [  9.,   0.,   0.,   0.,  58.,   0., 260.,   0.,   0.,   0.]],
       device='cuda:0')
Epoch 0 | Batch 800
tensor([[  0.,   0., 204.,   0.,   4.,   0.,   0.,   0.,   0.,   0.],
        [  0.,   0., 266.,  52.,   1.,   0.,   0.,  95.,   0.,   0.],
        [  0.,   0.,   3.,   0., 236.,  15.,   0.,   0.,   0.,  35.],
        [  0.,  26.,   0., 255.,   6.,  39.,   2.,   0.,   0.,   0.],
        [  0.,   0.,  13.,   1.,   1.,   0.,   0., 267.,   3.,   0.],
        [  0.,   0.,   3.,   0.,   6.,   0.,   0., 232.,   0.,  17.],
        [  0.,  59., 261.,   2.,  12.,   0.,   0.,   0.,   0.,   0.],
        [  0., 268.,  16.,   0.,   6.,   2.,   0.,  29.,   3.,   0.],
        [  0.,   2.,  68.,   0.,  40.,   0.,   0.,   0., 223.,   0.],
        [  0.,   0.,   2.,   0.,   1.,   0.,   0., 256.,   0.,   0.],
        [  0.,   0.,   1.,   1.,   4.,   0.,   0., 264.,   1.,   6.],
        [  0.,   0.,   2.,   1.,  33.,   0.,   0.,   0.,   1., 271.],
        [  1.,   0.,   3.,   0.,   3.,   0.,   5.,   0., 225.,  35.],
        [  0.,   0.,   9.,  25.,  18.,   0.,   0.,   0., 268.,   0.],
        [  0.,   0.,  73.,   1., 267.,   0.,   3.,   0.,   0.,   0.],
        [ 30.,   0.,   3.,   0.,  15., 228.,   0.,   0.,  56.,  86.],
        [  0., 244.,   0.,   0.,   0.,   0.,   0.,   0.,   0.,   0.],
        [  0.,   0.,   0.,   1.,   9.,  10.,   0., 250.,   0.,   0.],
        [  0.,  22.,   6., 247.,   1.,   0.,   0.,   0.,  17.,   0.],
        [248.,   0.,  12.,   0.,   1.,   3.,   0.,   0.,  10.,   0.],
        [285.,   0.,   9.,   2.,   3.,   5.,   0.,   0.,  38.,   0.],
        [  0.,  48.,   0., 201.,   0.,   0.,   0.,   0.,   0.,   1.],
        [  0., 266.,   1.,   0.,   0.,  17.,   0.,  16.,   0.,   0.],
        [  0.,  90.,  17., 246.,  32.,   0.,   0.,   0.,   6.,   0.],
        [265.,   0.,  60., 106.,   0.,   0.,   0.,   0.,   2.,   0.],
        [ 49.,   0.,  10.,   0.,   4.,   0.,   8.,   0.,   1., 212.],
        [  0.,   0.,   6.,  45.,  15.,  40.,   0.,   0., 251.,   0.],
        [ 11.,   0.,  23.,   6.,   5.,   0.,   0.,   0., 241.,   0.],
        [  0.,   0.,   6.,   1.,  20.,   0.,   0.,   0., 212.,   0.],
        [263.,   0.,  17.,  36.,   5., 126.,   0.,   5.,  19.,   0.],
        [ 12.,   0.,   6.,   4.,   1., 201.,  89.,   0.,   3.,   0.],
        [  0., 281.,   3.,   0.,   0.,   0.,   0.,   0.,   1.,   0.],
        [  0.,  11.,  12.,   1.,   2.,   0.,  56.,   0., 241.,   0.],
        [  0.,  17.,   0.,   0.,  12.,   0.,   0., 255.,   0.,  55.],
        [254.,   0.,  40.,   2.,   3.,   0.,   0.,   0.,  49.,   0.],
        [  6.,   0.,  10.,   0.,   6.,   0.,   0.,   0., 263.,  22.],
        [284.,   0.,   8.,   1.,   3.,   6.,   5.,   0.,  34.,   0.],
        [280.,   0.,   8.,  34.,   2.,   5.,   0.,   0.,  21.,   0.],
        [  0.,   0., 280.,   0.,  11.,   0.,   0.,   0.,   0.,   0.],
        [  0.,  93.,  22., 251.,   1.,   0.,   0.,   0.,   7.,   0.],
        [  0.,   0.,   0.,  31., 189.,   0.,   0.,   0.,   6.,   0.],
        [  0.,   0.,  11.,   0.,   2.,   0.,  16.,   0., 227.,   0.],
        [  0.,   0.,   3.,   0.,  10.,   0., 254.,   0.,   3.,   0.],
        [  0.,   0.,   0.,  18.,   3., 230.,   0.,  73.,  32.,   0.],
        [  0.,   0.,   2.,   0., 254.,   0.,   9.,   0.,  12.,   0.],
        [  0.,  69.,   4.,   0.,  46.,   0.,   0.,   0., 194.,   0.],
        [  0.,   0., 284.,  24.,  60.,   0.,   0.,   0.,   0.,   0.],
        [  0., 277.,  16.,   0.,   1.,  40.,  31.,   7.,   9.,   0.],
        [  0.,   0.,   0.,   0.,  15.,   0.,   0.,   0.,  47., 271.],
        [  4.,   0.,   1.,   0.,   4.,   0., 197.,   0.,   0.,   0.],
        [ 14.,   0.,   2.,  20.,  13., 241.,   0.,  22.,  29.,  92.],
        [ 49.,   0.,   3.,   0.,   4.,  33., 258.,   0.,   0.,   0.],
        [  0.,   0.,   3.,   2.,   3.,   0.,   0., 276.,   3.,   0.],
        [  0.,   0.,   1.,   3.,   7.,   0.,   0.,   0.,  20., 268.],
        [  0.,   0.,   2.,   0., 208.,  16.,   0.,   0.,   0.,   6.],
        [  0.,   0.,   8.,   1.,  49.,   0.,   0.,   0., 236.,   0.],
        [  0.,   0.,   2.,  10.,   9.,   0.,   0.,   0., 218.,  10.],
        [  0.,   0.,   0.,   0.,   3.,   0.,   0., 246.,   0.,  23.],
        [  0.,  36.,  34., 254.,  31.,   0.,   0.,   0.,  14.,   0.],
        [  0.,   0.,   3.,  12., 268.,   0.,   0.,   0.,   0.,   0.],
        [277.,   0.,  45.,   5.,  22.,  83.,   0.,   0.,  21.,   0.],
        [  0.,   0., 285.,  10.,  21.,   6.,   0.,   0.,   0.,   0.],
        [  0.,   4.,   2.,   1.,   5.,   0.,   0.,   0., 245.,  41.],
        [  0.,   0.,   8.,   0.,  18.,  31., 244.,   0.,  46.,   0.]],
       device='cuda:0')
Epoch 0 | Batch 900
Switching label layer to Inference Mode (LIF)...
Epoch 0 DONE | Test Acc: 70.33% | Time: 782.7s
Switching label layer back to Training Mode (Clamp)...
tensor([[  1.,  45., 253.,   0.,   0.,   1.,  36.,   0.,   0.,   0.],
        [ 35.,   0.,  36.,   1., 243.,   3.,   0.,   6.,   6.,   0.],
        [  6.,   0.,   4.,   1.,   4.,   4.,   3.,  59.,   1., 235.],
        [  4.,   0.,   2.,  15., 266.,   2.,   0.,  69.,   0.,  16.],
        [ 10.,   0.,  67.,   2.,   0.,  53.,   0.,   1., 223.,   0.],
        [  0., 264.,  44.,   0.,   0.,   4.,   0.,   0.,  58.,  32.],
        [274.,   0.,   4.,  23.,   0.,  48.,   0.,   0.,   0.,   0.],
        [  0., 253.,  52.,   0.,   0.,   2.,   0.,   0.,   2.,   0.],
        [  4.,   0.,   0., 232.,   0.,  97.,   0.,   0.,   0.,  32.],
        [ 23.,   0.,   3.,   1., 244.,   5.,   2.,  14.,  36.,   2.],
        [  2.,   0.,   3.,   0.,   0.,  53., 281.,   0.,   0.,   0.],
        [ 13.,   0.,   1.,   0.,   0.,   6.,   0., 278.,   4.,   0.],
        [ 13.,   0., 111.,   0.,   0.,   0.,  16.,   0.,   0., 240.],
        [  0., 232.,   0.,   5.,   0.,  18.,   0.,   1.,   1.,  57.],
        [  0., 262.,  16.,   0.,   0.,  43.,   0.,   0.,   1.,   0.],
        [  0., 259.,  50.,   0.,   0.,  24.,   0.,   2.,  10.,  61.],
        [  4.,   0.,   3.,  48.,  14.,   5.,   0.,  67.,   4., 265.],
        [285.,   0.,  35.,  15.,   0.,  15.,   1.,   0.,   0.,   0.],
        [  2.,   0.,  91.,   1.,   0.,   2.,   0., 237.,   1.,   0.],
        [  8.,   0.,   1.,   1.,   0.,  22.,   0., 279.,  48.,  23.],
        [195.,   0., 110.,   2.,   0.,  34.,   6.,   0.,   4.,   0.],
        [  4.,   2.,   1.,   0.,   0.,   2., 293.,   0.,   0.,   0.],
        [  1.,  29.,   8.,   0., 230.,   0.,   0.,   1.,  13.,   0.],
        [  0.,  40.,   1.,   0.,   0.,   8., 269.,   0.,  23.,   0.],
        [  1., 229.,  99.,   0.,   0.,  32.,   0.,   0.,   6.,   0.],
        [ 13.,   0.,  46., 269.,   0.,   2.,   0.,   0.,   0.,   0.],
        [  0., 243.,   4.,   5.,   0.,  21.,   0.,   6.,  22.,  70.],
        [  3.,   0.,  13.,  48.,   0.,   4.,   0., 274.,   5.,   0.],
        [ 16.,   0.,  24.,   0., 226.,   1.,   0.,   3.,   8.,   0.],
        [260.,   0.,  87.,  69.,   0.,  12.,   0.,   0.,   1.,   0.],
        [  4.,   0.,   3.,   0.,   0.,   7.,   2.,   9., 257.,   0.],
        [  3.,   0., 250.,   5.,   0.,  29.,  42.,   0.,   2.,   0.],
        [ 18.,   0.,  13.,  62.,   0., 224.,   0.,   0.,   1.,   0.],
        [  1.,  33.,   2.,   0.,   4.,   8.,   0.,   0., 229.,   0.],
        [  1.,  57.,   3., 167.,   0.,   7.,   0.,  23.,   1.,   0.],
        [  2.,   0.,   3.,   0.,   3.,   1., 293.,   0.,   0.,   1.],
        [  1.,   7.,  19.,   0.,   2., 205.,   3.,   0.,  76.,   0.],
        [ 30.,   0.,   7.,  41.,   0.,   3.,   0.,  84.,   3., 243.],
        [ 24.,   0.,   1.,  16.,   0.,   5.,   0., 283.,  50.,   0.],
        [  3.,   0.,   2.,   0.,   0.,   2.,   0., 271.,   3.,   0.],
        [  5.,   0.,   0.,  21.,   0.,   5.,   0., 268.,   0., 108.],
        [276.,   0.,   5.,   6.,   0.,  63.,   0.,   0.,   0.,   0.],
        [266.,   0.,  37.,   3.,   0.,  12.,  47.,   0.,   2.,  64.],
        [  5.,   0.,  71.,   2.,   0.,  10.,   0.,   7., 264.,   0.],
        [  1., 269.,  32.,   1.,   0.,  54.,   0.,   0.,   6.,   0.],
        [  0., 265.,  11.,   0.,   0.,  26.,   0.,   0.,   2.,   0.],
        [  7.,   0.,   9.,   3., 244.,   4.,   0.,  31.,   4.,  43.],
        [  3.,   0.,   3.,   0.,  17.,   1.,   0., 115.,   1., 255.],
        [  4.,   0.,  49.,  72.,   0.,   2.,   0., 278.,   2.,   0.],
        [  2.,   9.,   3.,   0.,  16., 218.,  38.,   0.,   8.,   0.],
        [279.,   0.,   6.,  53.,   0.,   4.,   1.,   0.,   0.,   0.],
        [  0., 254.,   1.,   0.,   0.,  16.,   0.,   0.,  16.,  30.],
        [ 16.,   0.,   1.,  71.,   0., 232.,   0.,   0.,   0.,   0.],
        [ 23.,   0.,   0.,  30.,   0.,   6.,   0., 267.,  42.,   8.],
        [  4.,   0., 266.,   2.,   0.,   2.,   0.,   0.,   1.,   0.],
        [  2.,   0.,   1.,   2.,   0., 229.,  57.,   0.,   3.,   0.],
        [  0., 262.,  21.,   0.,  43.,   2.,   0.,   7.,   4.,   0.],
        [  0., 262.,   5.,   0.,   0.,   3.,   0.,   0.,   4.,   0.],
        [270.,   0.,   3.,   0.,   0.,   9.,   0.,   0.,   0.,   0.],
        [ 11.,   0.,  61.,   0.,   0.,   1.,  13.,   0.,   7., 220.],
        [  2., 105., 192.,  12.,   0.,  14.,   8.,   0.,   1.,   0.],
        [  6.,   0.,   1.,  80.,   0., 216.,   0.,   1.,   3.,   2.],
        [  0., 258.,   7.,   0.,   0.,  29.,   0.,   2.,  51.,  79.],
        [ 26.,   0.,   0.,   1.,   0.,  32.,   0., 280.,  62.,   0.]],
       device='cuda:0')
Epoch 1 | Batch 0
tensor([[268.,   0.,   1.,   0.,   0.,  16.,   0.,  21.,  29.,  78.],
        [  0., 270.,   1.,  65.,   0.,   0.,   0.,  10.,   5.,   0.],
        [ 17.,   0.,   0.,   0.,  10.,   0.,   0.,   9.,   0., 185.],
        [  4.,   0.,  20.,   0.,   0.,  13., 268.,   0.,   1.,   0.],
        [  1.,   2.,   5.,   9.,   0., 171.,   0.,   0.,   1.,   0.],
        [129.,   0.,  68.,   0.,  11.,   2., 261.,   0.,   0.,   0.],
        [154.,   0.,  10., 251.,   0.,  18.,   0.,   0.,   6.,   0.],
        [  5.,   0.,   2.,   0.,   0.,   0., 257.,   6.,  14.,   0.],
        [  0.,   0., 245.,  35.,   0.,   0.,   0.,   0.,   0.,   0.],
        [  2.,  64.,   0.,   0.,  57.,   0.,   0.,  34.,   7., 243.],
        [  1.,   0.,  11.,   0.,   0.,  15., 261.,   0.,   3.,   0.],
        [  0., 246.,  27.,   7.,   1.,   0.,   0.,   0.,   0.,   0.],
        [  7.,   0.,   0.,  40.,  11., 241.,   0.,   0.,  35.,   0.],
        [  6.,   0.,   1.,   1.,   0., 256.,   7.,   2.,   0.,   0.],
        [  7.,   0.,   8.,   0.,   0.,  25., 274.,   0.,   1.,   0.],
        [  4.,   0., 286.,   0.,   0.,   0.,  11.,   0.,   5.,   0.],
        [  1.,  60.,   0., 166.,   0.,   3.,   0.,  90.,  25.,  74.],
        [  0.,   0.,   0.,  13.,   0.,   0.,   0., 227.,   0.,   0.],
        [  0.,  53.,   0.,   0.,   0.,   0.,   0., 208.,  20.,   0.],
        [  0.,   0.,   0.,   0.,   0.,   0.,   0., 256.,   3.,   0.],
        [ 31.,   0., 274.,  17.,   0.,   0.,   0.,   0.,   3.,   0.],
        [  4.,   0.,  36., 236.,   7.,   5.,   0.,   0.,   2.,   0.],
        [  0., 269.,   0.,  53.,   0.,   0.,   0.,   5.,  11.,   0.],
        [  2.,  15.,   0.,   0.,  58.,   0.,  14., 246.,   2.,   0.],
        [ 42.,   0.,   0.,  61.,   0., 211.,   0.,   0.,   0.,   1.],
        [ 86.,   0., 284.,   9.,   0.,   5.,   0.,   0.,  17.,   0.],
        [ 83.,   0.,  50., 250.,  72.,   6.,   0.,   0.,   2.,   0.],
        [211.,   0.,   1.,   0.,   0.,   1.,   1.,  28.,   0.,  10.],
        [ 10.,   0.,   9., 273.,  85.,  18.,   0.,   3.,   3.,   0.],
        [  0., 255.,   2.,  39.,   0.,   0.,   0.,   1.,   0.,   0.],
        [  1.,   0.,   0.,   4., 176.,   0.,  22.,   7.,   7.,  42.],
        [274.,   0.,  38.,   0.,   0.,   7.,   1.,   8.,  11.,  12.],
        [ 67.,   4.,  18., 274.,   0.,   6.,   0.,   0.,   0.,   0.],
        [  0.,   0.,   1.,   0., 212.,   0.,  23.,   4.,  10.,   0.],
        [189.,   0.,  15.,   0.,   0., 116.,   0.,   0.,  30.,  62.],
        [  0., 273.,   4.,  49.,   0.,   0.,   0.,   1.,   0.,   0.],
        [  3.,   0.,   0.,  32.,   1.,   7.,   0., 271.,  13.,  60.],
        [  1.,   0.,   0.,   0.,   0.,   2.,   0.,   7.,   7., 254.],
        [  0., 235.,  47.,   3.,  30.,   0.,   0.,   2.,  12.,   0.],
        [ 16.,   0.,   2., 144.,  28.,   6.,   0.,   0.,  26.,   0.],
        [  1.,   0.,   4., 146.,  26.,  22.,   0.,   0.,   1.,   0.],
        [ 49.,   0.,   0.,   0.,   0.,   1.,   0.,  21.,   1., 240.],
        [277.,   0.,   6.,  35.,   0.,   4.,   1.,   6.,   1.,  16.],
        [ 33.,   0.,   8.,   0.,   0.,   3., 273.,   2.,   0.,   0.],
        [  3.,   3.,   0.,   0.,  14.,   1.,   2.,  31.,   0., 250.],
        [  1.,   3.,   3.,  10.,   0., 245.,   0.,   0.,   0.,   0.],
        [  4.,   0.,  16., 249.,   9.,  56.,   0.,   7.,  43.,   0.],
        [  0.,   0., 227.,   0.,   0.,   5.,  76.,   0.,   0.,   0.],
        [ 12.,   0.,  12.,   0.,  26.,  11., 266.,   0.,   1.,   0.],
        [  3.,   0.,   0.,   0.,   0.,   5.,   0., 247.,  22.,  36.],
        [286.,   0.,   3.,   0.,   0.,   5.,   2.,   3.,   2.,  13.],
        [ 81.,   0.,  51.,   0., 272.,   0.,   0.,   1.,  32.,   0.],
        [ 15.,   0., 115.,   0., 266.,   0.,   0.,   4.,   1.,   0.],
        [ 19.,   8.,   2., 147.,   0.,   0.,   0.,   4.,   0.,   0.],
        [ 55.,   0.,   3.,  69.,  36., 231.,   0.,   0.,   3.,   0.],
        [  0.,  29.,   0.,   0.,   0.,  46.,   0., 268.,  92.,   7.],
        [  1.,   0., 262.,   0.,   0.,   0.,  65.,   0.,   0.,   0.],
        [  0., 266.,   4.,  49.,   0.,   0.,   0.,   1.,   0.,   0.],
        [  0.,  88.,   1.,   1.,   0.,   0.,   0.,  24.,  20., 236.],
        [  0.,   8.,   1.,   6.,   0., 200.,   1.,  10.,   1.,   0.],
        [  3.,  19.,   0.,   0.,   0., 190.,   5.,   2.,   0.,   4.],
        [  2.,   0.,  13.,   0.,  15.,  19., 260.,   0.,   1.,   0.],
        [143.,   0., 107., 245.,  26.,  12.,   0.,   0.,   0.,   0.],
        [  0.,   0.,   1.,   0., 214.,   3.,   3.,  60.,   2.,  34.]],
       device='cuda:0')
Epoch 1 | Batch 100
tensor([[  0.,   0.,   0.,   0.,   0.,   1.,   5.,  21.,   0., 191.],
        [  0.,   0.,  19.,   1.,  34.,   2.,   6.,   2., 256.,   0.],
        [  0.,   0.,   0.,   0., 244.,   0.,   0.,  83.,   0.,   0.],
        [  0.,   3.,   0., 277.,  39.,   3.,   0.,   0.,   0.,   0.],
        [  0.,   0.,   0.,   6.,   0.,   3.,   1.,  27.,   0., 134.],
        [  0.,   0.,   0.,   0.,   0.,   0.,  46.,  22.,   0., 237.],
        [ 31.,   0.,   0.,   0.,  56.,   0., 226.,   0.,   0.,   0.],
        [  0., 272.,   0.,  51.,   0.,   8.,  16.,   0.,   0.,  14.],
        [251.,   0.,   0.,   0.,   5.,  95.,   7.,   1.,   0.,   0.],
        [  0.,   0.,   0.,   0.,   0.,   0.,   1.,   0., 246.,  72.],
        [ 80.,   0.,   0.,   0.,   0.,  16.,   0., 283.,   0.,   0.],
        [  0.,  67.,   7.,   6.,   0.,   0., 269.,   0.,   5.,   0.],
        [ 63.,   1.,   0.,   0.,   0.,   5.,   0., 279.,   0.,  11.],
        [  0., 278.,   0.,  48.,   0.,   4.,   2.,  15.,   3.,  38.],
        [  0., 261.,  32.,   0.,   0.,   0.,   0.,   0.,  28.,   9.],
        [257.,   0.,   0.,   0.,   0.,   9.,  44.,   0.,   0.,   0.],
        [  0.,   1.,  29.,   0.,   0.,   0.,   1.,   0., 260.,   0.],
        [  0.,   0., 253.,   0.,  17.,   0.,  32.,   0.,  21.,   0.],
        [  0.,   0.,   0.,  20.,   0.,  22.,   0.,   0., 247.,  13.],
        [  0.,  23., 256.,   0.,  46.,   1.,   9.,   0.,  97.,   0.],
        [ 66.,   0.,   0.,   0.,   0.,   3.,   0., 264.,   0.,   0.],
        [  0.,   0.,   0.,   0.,   0.,  28.,   0., 206.,   0.,   0.],
        [ 36.,   0.,   0.,   0.,   0.,   9.,   0., 274.,   0.,   0.],
        [  0.,   0., 262.,  50.,  73.,   0., 118.,   0.,  15.,   0.],
        [  0.,  10.,   0.,   0.,   0.,  39.,   0.,  23.,   0., 250.],
        [  0.,   0., 107.,   0.,   0.,   0.,   0.,   0., 248.,   0.],
        [  0.,   0.,   0.,   0.,   0.,   0.,  11.,  12.,   0., 186.],
        [  0.,   0.,  17.,   0.,   0.,   0.,   7.,  17.,   0., 179.],
        [  0.,  23.,   0.,   0.,   0.,   0.,   0., 270.,   0.,   0.],
        [265.,   0.,   5.,   0.,   0.,   9.,   0.,   0.,   0.,   0.],
        [  0.,   9.,   0.,   0.,   0.,   3.,   4.,  35.,   0., 237.],
        [  0., 280.,  18.,   7.,   0.,  19.,  56.,   0.,   0.,   0.],
        [  0., 270.,   0.,  31.,   0.,   0.,   1.,   0.,   0.,  42.],
        [256.,   0.,   4.,   0.,   0.,   5.,   0.,   0.,   0.,   0.],
        [261.,   0.,   6.,   0.,   0.,   0.,   0.,   0.,   0.,   0.],
        [  0.,   4.,   0., 243.,   0.,   0.,   0.,  79.,  65.,   6.],
        [  0.,   0.,   0.,   0.,   0.,   3.,  11.,   3.,   0., 201.],
        [248.,   0.,  20.,   0.,  45.,   5.,   0.,   0.,   0.,   0.],
        [  0.,   0., 277.,  18.,   0.,   1.,  44.,   0.,   4.,   0.],
        [ 26.,   0.,   0.,   0.,   0.,   0.,   0., 270.,  29.,   0.],
        [  0., 272.,  74.,   3.,   6.,   0.,   9.,   0.,  20.,   0.],
        [ 15.,   3.,   0.,   0.,   0.,  20.,   3., 103.,   0., 240.],
        [  0.,   0.,   5.,   0.,  13.,   0., 264.,   0.,   0.,   0.],
        [250.,   0.,   2.,   0.,   0.,   0.,   0.,   0.,   0.,   0.],
        [  0.,   0.,   0., 263.,   0.,  20.,   0.,   0.,   0.,  12.],
        [  0., 272.,  17.,   9.,   0.,   0.,  19.,   0.,   0.,  43.],
        [ 40.,   0.,   0.,   7.,   0.,   0.,   0., 285.,   0.,   2.],
        [  0.,   0.,   0.,   0.,  32., 263.,   0.,   0.,   1.,   0.],
        [  0.,   2.,   0., 267.,  29.,  66.,   0.,   0.,   0.,   0.],
        [  0.,  31.,   0.,   9., 164.,  23.,  10.,   0.,   0.,  46.],
        [  0.,   0.,   0.,  13.,   0.,   0.,   1.,   0., 173.,   0.],
        [  0.,   0.,   0.,  30.,   0., 214.,   0.,   0.,   0.,   0.],
        [  0.,   0., 266.,   0.,   0.,   7.,  16.,   0.,   0.,   0.],
        [  0.,   0.,   0.,  65.,   0., 217.,   0.,   0.,  10.,   0.],
        [  0., 279.,   8.,  33.,   0.,  28.,  20.,   0.,   0.,  32.],
        [  0.,   0., 227.,  48.,   0.,   0.,   1.,   0.,   0.,   0.],
        [  0.,   0.,   0.,   0.,   0.,   0., 220.,   0.,   0.,   0.],
        [  1.,   0.,   0.,   1.,   0., 253.,   0.,   0.,   0.,   1.],
        [  0.,   4.,   0.,   0., 230.,   0.,  30.,   6.,   0.,  36.],
        [  0.,  14.,   0.,   0.,   0.,   0.,   1., 286.,   0.,  14.],
        [271.,   0.,  10.,   0.,   0.,   1.,   0.,   0.,   0.,   0.],
        [  0.,   0., 257.,   0.,   0.,   0.,  12.,   0.,   0.,   0.],
        [  0.,  87.,   0.,   2.,   0.,   0.,   0., 271.,   0.,   0.],
        [  0.,   0.,  67., 256.,   0.,   0.,   0.,   5.,   0.,   1.]],
       device='cuda:0')
Epoch 1 | Batch 200
tensor([[ 57.,   0.,   0., 248.,   0.,  11.,   0.,  26.,   0.,   0.],
        [  0.,   0.,   0.,   4.,   4.,   6.,   0.,   0.,  12., 255.],
        [  5.,   0.,   0.,  11.,  24.,   2.,   0., 244.,   0.,  26.],
        [  0.,   0.,   0.,  16.,   0., 180.,   7.,   0.,  70.,   0.],
        [  0.,   0.,   0.,   1.,   0.,   3.,   0.,   0.,   0., 257.],
        [  0.,   0.,   0.,  44.,   5.,   1.,   0.,   4.,   0., 246.],
        [  0.,   0.,   0.,   0., 232.,   5.,   0.,   0.,   0.,   2.],
        [  0.,   1.,   0., 220.,   0.,   1.,   0.,   0.,   0.,   3.],
        [  0.,  14.,   0.,  11.,   0.,  14.,  44.,   0., 257.,   0.],
        [  0.,   0.,   0.,   5.,   0.,   2.,   0., 255.,   0.,  12.],
        [  0., 265.,   0.,   1.,   0.,   0.,   0.,   0.,   0.,   9.],
        [  0.,   0.,   0.,   0.,   2.,   2.,   0.,   0.,   0., 258.],
        [  0.,   0.,   0.,   5.,   0.,   2.,   0., 247.,   0.,  75.],
        [  0.,   8.,   0.,   0.,   0.,   2.,   0.,   0.,   0., 172.],
        [  0.,   0.,  41.,   3.,   0.,  18.,   0.,   0., 226.,   0.],
        [  0.,  44.,   7.,   5.,   0.,  78.,   0.,   0., 258.,   4.],
        [294.,   0.,   0.,   0.,   0.,  43.,   8.,  33.,   0.,   0.],
        [  0.,   0.,   0.,   9.,  30.,   4.,   0.,   0., 241.,  52.],
        [  0.,   0.,   0.,   0., 208.,   3.,  14.,   0.,   9.,  15.],
        [  0.,   0.,  27., 247.,   0.,   2.,   0.,   0.,   0.,   0.],
        [  0., 263.,   0.,   3.,   0.,   0.,   0.,   0.,   0.,   6.],
        [  0.,  36.,   0.,   2.,   2.,   2.,   0.,   0.,   0., 242.],
        [  0.,   0.,  40.,   3.,   0., 175.,   7.,   0.,   0.,   0.],
        [  0.,   0.,  35.,   0.,   0., 177.,   1.,   0.,  51.,   0.],
        [  0.,   0., 207.,  31.,   0.,   4.,   1.,   0.,   0.,   1.],
        [  0.,   0.,   0.,  15.,   6.,   4.,   0., 254.,   0.,  63.],
        [232.,   0.,   0.,   0.,   0.,   2.,   0.,   0.,  69.,   1.],
        [  0.,   0.,   0.,  14.,   0., 233.,   0.,   0.,  43.,   0.],
        [  0., 274.,   0.,   9.,   0.,   1.,   0.,   0.,   0.,  19.],
        [  0.,   0.,   0.,   1.,   6.,   2.,   0.,   0.,   0., 249.],
        [  0.,   0.,  20.,   0., 212.,   1.,   0.,   0.,   0.,  19.],
        [  0.,   4.,  39.,   6.,   0.,   1.,   0., 250.,   0.,  64.],
        [  0.,   0.,  22.,   2., 198.,   2.,  25.,   0.,   0.,   7.],
        [  0.,   0.,   0.,   8.,   0.,  19.,   0.,   0., 251.,   5.],
        [  0.,   0.,   0.,   2.,   1., 215.,  36.,   0.,  75.,   0.],
        [  0.,   0., 212.,   0.,   0.,   0.,   9.,   0.,   0.,  35.],
        [241.,   0.,   0.,   1.,   1.,   3.,   0.,   0.,   0.,  55.],
        [ 49.,   0.,   0., 263.,   0.,   9.,   0.,  35.,   0.,   0.],
        [ 42.,   0.,   0.,   3.,   2., 180.,   0.,   0.,   0.,   0.],
        [  1.,  32.,   0., 259.,  68.,   5.,   0.,   0.,   0.,   0.],
        [  0., 202.,  46.,   4.,   0.,   6.,   0.,   0.,   0.,  17.],
        [284.,   0.,   0.,   0.,   0.,   9.,   4.,  77.,   0.,   0.],
        [  0.,   0.,   0.,   0.,   0.,   0., 230.,   0.,  32.,  27.],
        [  4.,   0.,  68., 256.,  41.,   2.,   0.,   0.,   0.,   0.],
        [  0.,   0.,   0.,  21.,   0., 190.,   1.,   0.,  95.,   0.],
        [ 36.,   0.,  20.,   0.,   2.,  29., 256.,   0.,   0.,  17.],
        [  0.,   0.,   0.,   0.,   0.,   1., 260.,   0.,  34.,   8.],
        [  0.,   0.,  63.,   0.,   4.,   2., 224.,   0.,   0.,   8.],
        [  0.,   0.,   0.,   6., 239.,   3.,   0.,   0.,  10.,   3.],
        [  0.,  61.,   0.,   2.,   0.,   4.,  90.,   0., 251.,  39.],
        [  0.,   0.,   0.,  23.,   0., 174.,   0.,   0.,   2.,   0.],
        [  1.,   0.,   0.,   0.,   0.,   7., 254.,   0.,   0.,   4.],
        [  0.,   0.,   0.,   0.,   0.,   4.,   0.,   0.,   1., 235.],
        [  0.,   0.,   0.,   5.,   0., 221.,   8.,   0.,  37.,   0.],
        [267.,   0.,  44.,   1.,   7.,   7.,  68.,   1.,   0.,   8.],
        [297.,   0.,   0.,   0.,   0.,  66.,  38.,  92.,   0.,   0.],
        [  7.,   0.,   0.,   0.,   0.,   0., 228.,   0.,   0.,   0.],
        [  7.,   0., 260.,   0.,   0.,  12.,  16.,   0.,   0.,   0.],
        [  0.,   2.,  58., 242.,   2.,   1.,   0.,   0.,   0.,   4.],
        [  0.,   0.,   0.,   1.,   0.,   2.,   0.,   0., 223.,  67.],
        [  0.,   0.,   0.,   3.,  39.,   2.,   0., 229.,   0.,  82.],
        [ 55.,  15., 247.,   0.,   1.,   8., 120.,   0.,   0.,   0.],
        [294.,   0.,   0.,   0.,   0.,  69.,   0., 113.,   0.,   0.],
        [  0.,   0., 239.,   4.,   0.,   4.,   0.,   0.,   0.,   0.]],
       device='cuda:0')
Epoch 1 | Batch 300
tensor([[  0.,  17.,   0.,   0., 169.,   0.,  13.,   0.,   0.,   0.],
        [ 12.,   0.,   0.,   0.,  52., 253.,   9.,   0.,   0.,   5.],
        [  0., 232.,  54.,   0.,   1.,   0.,   0.,   0.,   0.,   5.],
        [  1.,   0.,   1.,   0.,   4.,   0., 273.,   0.,   0.,   1.],
        [  0.,  15.,   4., 254.,   0.,   0.,   0.,   0.,   0.,   0.],
        [  0.,   0.,  50.,   0.,  67.,   1.,   0.,  15.,  83., 190.],
        [  0.,  12.,  81., 257.,   1.,  32.,   0.,   0.,   0.,   1.],
        [275.,   0.,   0.,   0.,  19.,   3.,   0.,   0.,   0.,   3.],
        [  0.,   0.,   0.,   0.,   1., 226.,   0.,   0.,  87.,   3.],
        [270.,   0.,   0.,   0.,   5.,   6.,   0.,   0.,   0.,   5.],
        [262.,   0.,   0.,   0.,   5.,  12., 108.,   0.,   0.,  16.],
        [ 22.,   0., 269.,  20.,   4.,   0.,   0.,   0.,   0.,   0.],
        [  0.,  14.,   0.,   0.,   3.,   0.,   0.,   0.,   3., 213.],
        [  0., 249.,   0.,   0.,   6.,   0.,   0.,   0.,  13.,   0.],
        [266.,   0.,  88.,  13.,   7.,   5.,  64.,   0.,   0.,  10.],
        [  0.,   0.,   0.,   0.,   4.,  67.,   0.,   1., 118., 204.],
        [  0.,   0.,  39., 237.,   7.,   0.,   0.,   0.,   0.,   3.],
        [  0., 215.,  37.,   0.,   1.,   0.,   0.,   3.,   0.,   3.],
        [  0., 109.,  21., 247.,   1.,  16.,   0.,   0.,   0.,   0.],
        [  0.,   0.,   0.,   0.,  17.,   1.,   0.,  16., 233.,  37.],
        [  0.,   0.,   3.,   0.,  14.,  15., 256.,   0.,   0.,   1.],
        [262.,   0.,   2.,   6.,   0.,  52.,   0.,   0.,   0.,   0.],
        [  0.,   0.,   5.,   0.,   7.,   0.,   0.,  75.,   0., 232.],
        [  0.,   0.,  34.,   0.,   3.,   1.,   0.,   0., 229.,   6.],
        [ 10.,   0.,   0.,   0.,   5.,  46.,   0.,   0., 242.,  17.],
        [  1.,   1.,   0.,   0., 256.,   0.,   0.,  73.,   0.,   4.],
        [  0.,   0.,   0.,  21.,  10.,   3.,   0.,  63.,   1., 229.],
        [  1.,   0.,   0.,   0., 269.,   0.,  10.,   3.,   2.,   8.],
        [  0.,  12.,   5.,   0.,  27.,   3.,  31.,  18.,  29., 176.],
        [  0.,  21.,   3.,   0.,  14.,   0.,   0.,   1.,   0., 209.],
        [  0.,   0.,   9.,   0.,   7.,  30.,   0., 255.,   0.,  73.],
        [286.,   0.,  15.,   0.,   3.,  60.,   0.,   0.,   0.,   3.],
        [  0.,   0.,   0.,   0.,   3.,  53.,   0.,  12.,  37., 141.],
        [ 86.,   0., 253.,   0.,   1.,   0.,   4.,   0.,   0.,   0.],
        [  0.,   0.,   0.,  35.,   1.,   0.,   1.,   0., 217.,   2.],
        [249.,   0.,  95.,  33.,  55.,  48.,  48.,   0.,   0.,  12.],
        [  2.,   0.,   1.,   0.,   3.,   9.,   0.,   0., 102., 222.],
        [  0.,   0.,   0.,  59.,   3., 232.,  12.,   0.,  60.,   7.],
        [  0.,   0.,   4.,  14.,  31.,   4.,   0.,   8.,   0., 246.],
        [  0.,   0.,   0.,   8.,   4., 254.,   0.,   0.,   5.,   4.],
        [  2.,   0.,   0.,   0.,   8., 221.,   1.,   0.,   0.,   3.],
        [  0.,   0.,   0.,   0.,  30.,   4.,   5.,  19., 162., 246.],
        [  0.,   3.,   0.,   0.,  14.,   6.,  34.,  17.,  54., 249.],
        [  0.,   3.,   0.,   0.,   4.,   1.,   0.,   0., 239.,  28.],
        [  0.,  11.,   0.,  15.,  15., 197.,   0.,   0.,   0.,   7.],
        [  0.,   0., 226.,   0.,   8.,   0.,   0.,   0.,   0.,   0.],
        [  0.,  51., 236.,   0.,   0.,   0., 108.,   0.,   0.,   0.],
        [  0.,   0.,   0.,   0.,   9., 222.,   0.,   0.,   8.,   2.],
        [  0.,   0.,  49.,  20.,   3.,   0.,   0.,   0., 190.,   5.],
        [  0.,   0.,   0.,   0., 251.,   0.,   0.,  18.,   0.,  24.],
        [  0.,   0.,   0.,   0.,  10.,   0.,   0., 101., 105., 240.],
        [  0.,   0.,   0.,   0.,  30.,   0.,   0., 271.,   0.,  82.],
        [  1.,   0., 258.,   0.,   1.,   0.,  12.,  82.,   0.,   0.],
        [  0., 230.,  53.,   0.,   1.,   3.,   0.,  31.,   0.,   3.],
        [275.,   0.,  10.,   0.,   5.,  96.,   0.,   0.,   0.,   5.],
        [  0.,   0.,   0.,   0., 258.,   0.,  79.,  80.,  22.,  28.],
        [  0.,   0.,   0.,   0.,  16., 147.,   0.,   1.,   1.,  39.],
        [  0., 247.,   0.,   0.,   3.,   0.,   0.,   0.,   6.,   0.],
        [269.,   0.,   0.,   0.,  14.,   0.,   0.,   3.,   0.,  10.],
        [  0.,   0.,   0.,   0.,  11.,   0.,   0.,   0., 256.,  52.],
        [  0.,   0.,   0.,  53.,  22., 114.,   0.,   0., 214.,  77.],
        [258.,   0.,  27.,   0.,   0.,  17.,   0.,   0.,   0.,   0.],
        [  1.,   0.,   3., 231.,   4.,   4.,   0.,   0.,   0.,   0.],
        [  0.,  11.,   0., 256.,   0.,   9.,   0.,   0.,   0.,   0.]],
       device='cuda:0')
Epoch 1 | Batch 400
tensor([[  0., 269.,  10.,   0.,   0.,   7.,   1.,   2.,  17.,   0.],
        [ 10.,   1.,   0., 195.,   2.,   2.,   4.,   4.,   6.,   0.],
        [  7.,   0.,  17.,   0.,   0.,   0., 276.,   0.,   0.,   0.],
        [  0.,   2.,   4.,   0.,   0., 134.,  10.,   0.,  11.,   0.],
        [  1.,  23., 261.,  57.,   0.,   0.,  10.,   0.,  11.,   0.],
        [  6.,   0., 287.,  69.,   0.,   0.,   6.,   0.,   6.,   0.],
        [  0., 272.,   9.,   0.,   0.,  18.,  51.,  13.,  10.,   0.],
        [  1.,   9.,   0.,   4.,   0.,   6.,   5.,   6., 188.,   0.],
        [299.,   0.,   0.,  49.,   4.,   8.,   6.,   8.,  24.,   0.],
        [  0., 264.,   2.,   0.,   0.,   1.,   2.,  56.,   9.,   0.],
        [299.,   0.,  40.,   2.,   3.,   7.,   9.,   0.,  16.,   0.],
        [  1.,  18.,   0.,   2.,   0.,  30.,   3.,   1., 267.,   0.],
        [  1.,   6.,   0.,   5.,   0.,   3.,   5.,   0.,  30., 240.],
        [ 55.,   0.,   0.,  30.,   0.,   3.,   0., 257.,   5.,   0.],
        [  1.,   8.,   0.,   1., 252.,   1.,  10.,   2.,   4.,   0.],
        [ 66.,   0., 283.,  87.,   0.,   0.,  12.,   0.,  29.,   0.],
        [  1.,   5.,   0.,   4.,   0.,  24.,   2.,   0., 257.,   0.],
        [  0.,   1.,  25.,   6.,   0.,  10., 252.,   0.,   6.,   0.],
        [ 31.,   0.,   0.,   5.,  73., 258.,   5.,   0.,  39.,   0.],
        [293.,   0.,   0.,  27.,   8.,  57.,   5.,  19.,  30.,   0.],
        [ 41.,   8.,   0.,   3.,   0.,   1.,   4., 272.,   8.,  21.],
        [  0.,   0.,   0.,   3.,   0.,  29.,   2.,   0., 266.,   0.],
        [  1.,   0.,   0.,   4.,   0.,   3.,   7.,   0., 258.,   0.],
        [  0., 264.,  51.,   0.,   0.,  14.,  14.,   1.,  64.,   0.],
        [  4.,   0.,  20.,   2.,  38.,   1., 291.,   0.,   3.,   0.],
        [  1.,   0.,   0.,   1., 247.,   0.,  11.,   0.,  11.,   3.],
        [  1.,  18., 249.,  43.,   0.,   0.,  21.,   0.,  11.,   0.],
        [  2.,   0.,  75.,   5.,   0.,  24., 248.,   0.,   7.,   0.],
        [  1.,   4.,  24.,   5.,   0.,   1.,  13., 226.,   8.,  71.],
        [255.,   0.,   0.,   4.,  15.,  71.,  12.,   0.,  42.,   0.],
        [ 18.,   1., 245.,  30.,   0.,   0.,  25.,   0.,  51.,   0.],
        [  1.,   1.,  14.,   9.,   0.,   3., 282.,   0.,   5.,   0.],
        [ 33.,   5.,   0.,  13.,   0., 254.,   4.,   0.,   8.,  11.],
        [285.,   0.,   0.,  58.,  10.,  17.,   1.,  52.,  48.,   0.],
        [  3.,   0.,   7.,   2.,  30.,   1., 277.,  18.,   1.,   0.],
        [  5.,   0., 260.,  83.,  33.,   0.,  31.,   0.,   8.,   0.],
        [  0.,  33.,  32.,   1.,   0.,   1.,   0., 205.,   5.,   0.],
        [277.,   0.,  15.,  17.,   0.,   7.,   3.,  22.,   7.,   0.],
        [  2.,   2., 293.,   5.,   0.,   0.,  24.,   0.,   8.,   0.],
        [  2.,   0.,   1.,   4., 279.,   1.,   6.,   0.,   4.,  58.],
        [  1.,   2.,   0.,   1.,   0.,  11.,  48.,   4.,  44., 260.],
        [ 39.,   0.,   0.,   4.,   0.,   7.,   3.,   0., 257.,   0.],
        [  0.,   0.,   0.,   0.,   0.,   0.,   4.,   1.,  15., 259.],
        [  0., 255.,  17.,   0.,   0.,   1.,  18.,  57.,   5.,   0.],
        [ 12.,   0.,  32.,   1., 281.,   0.,   3.,   0.,   0.,   0.],
        [ 92.,   0.,   0.,   0.,  13.,   7.,   0., 238.,  39.,   3.],
        [  2.,  38.,   8., 223.,   0.,   0.,  17.,   0.,  10.,   0.],
        [  1.,   0.,   8.,   2.,   0.,   1., 278.,   0.,   1.,  46.],
        [  0.,  14.,   0., 202.,   0.,   0.,   0.,   0.,  11.,   0.],
        [  0., 266.,   3.,   1.,   0.,   0.,   1.,  16.,  15.,   0.],
        [  1.,  58., 274.,  26.,   0.,   0.,   2.,  62.,   0.,   0.],
        [296.,   0.,   0.,   4.,   5.,  27.,   3.,  18.,  61.,   0.],
        [  0., 261.,  43.,   1.,   0.,   7.,   3.,   0.,  68.,   0.],
        [ 23.,   0.,   0.,   3.,  41.,   0.,  11.,   0.,  15., 272.],
        [  1.,  26., 221.,   6.,   0.,   0.,  23.,   0.,  18.,   0.],
        [ 41.,   0.,   0.,   2.,   1.,   0.,  11., 261.,   1.,   0.],
        [ 85.,   0.,   0.,   0.,  20.,  19.,   0., 253.,   2.,   0.],
        [ 19.,   0.,   1.,   2.,   0.,   2.,   2., 265.,   9.,  22.],
        [  0.,   1.,   2.,   0.,   0.,   0., 259.,   0.,   1.,   0.],
        [  3.,   0.,   0.,   6., 279.,   1.,   8.,   0.,   8.,  16.],
        [  0.,   8.,   0., 186.,   0.,   5.,   0.,  13.,   5.,   9.],
        [  2.,   0.,   4.,   4.,   0.,   1.,   7.,   0., 263.,   0.],
        [  8.,   0.,   2.,   7.,   0., 261.,   9.,   0.,   9.,   0.],
        [ 39.,  25.,   0.,   4.,   0., 264.,   3.,   0.,  34.,   0.]],
       device='cuda:0')
Epoch 1 | Batch 500
tensor([[  0.,   0.,   0.,   3.,   3.,   7.,   0.,   0., 234.,  39.],
        [ 19.,   0., 220.,  30.,   0.,   0.,   0.,   0.,   6.,   0.],
        [305.,   0.,   0.,   0.,   1.,   0.,   0.,  12.,   9.,   3.],
        [  0.,   0.,   0.,   0.,   1.,   2., 270.,   0.,  20.,   1.],
        [  0., 239.,   9.,   8.,   1.,   7.,   0.,  14.,  10.,   0.],
        [  0.,   0.,  20.,  88., 247.,   6.,   0.,   3.,   2.,  18.],
        [280.,   0.,   0.,   1.,   6.,  17.,   0.,  27.,   6.,   4.],
        [  0.,   0.,   0.,   6.,  50.,   8.,   0.,   0.,   1., 293.],
        [  0.,   0.,  30.,   1., 250.,   4.,  95.,   0.,  13.,  17.],
        [  0.,   7.,   0.,   2.,   1.,   3.,   0.,   0., 248.,   6.],
        [ 69.,   0.,   0.,  27.,   0., 133.,   2.,  40.,   4.,   0.],
        [  5.,   0.,   0.,  16.,   7.,   3.,   0.,   0., 268.,  17.],
        [  0.,   0.,   0.,   0.,   0.,   0.,   0., 250.,  37.,   3.],
        [  0., 235.,   0.,   1.,   0.,   4.,   0.,  35.,  21.,   0.],
        [  1.,   0.,   6., 288.,   0.,   4.,   0.,  44.,  11.,   0.],
        [  0.,   0.,   0.,  12., 254.,  39.,   4.,   0.,   6.,   4.],
        [  0.,   0.,   0.,  55., 229.,   3.,  24.,   4.,   3.,   4.],
        [  0.,   0.,   0.,   5.,   2.,   4.,  11.,   0., 254.,  11.],
        [  0.,   0., 204.,   0.,   0.,   1.,   2.,   0.,  20.,   3.],
        [  0.,   0.,   0.,  14.,  33.,   7.,   1.,   4.,   2., 289.],
        [ 11.,   0.,   0.,   1.,   2.,   0.,   0., 254.,  28.,   2.],
        [  0.,  37.,   0., 267.,  14.,   0.,   0.,  78.,  27.,   1.],
        [  0.,   0.,   0., 239.,   0.,   3.,   0.,   0.,  10.,   0.],
        [  0.,   0.,   0., 271.,   2.,   0.,   0.,   1.,  47.,   4.],
        [ 30.,   0.,   0.,   6.,   0., 250.,   0.,   0.,   4.,  18.],
        [  0.,  29., 232.,  10.,   0.,   0.,   2.,   0.,  29.,   0.],
        [ 80.,   0.,   0.,  30.,   4., 209.,   0.,   0.,   7.,  19.],
        [  0.,   0.,   0.,   0.,   2.,  23., 239.,   0.,  41.,   4.],
        [  1., 127., 238.,  62.,   0.,   0.,  68.,  16.,  20.,   0.],
        [  0.,   9., 272.,   0.,   0.,   0.,  37.,   0.,  16.,   0.],
        [  0.,   0.,   0.,   0.,   9.,   0.,   0., 231.,   5.,  12.],
        [ 54.,   0., 257.,   0.,  20.,  24.,   3.,   0.,   9.,   0.],
        [  0.,   0.,  25.,   4., 223.,   9.,   0.,   1.,   6.,  17.],
        [  0.,   0.,   0.,   1.,   3.,   1.,   0., 247.,   4.,   2.],
        [  0., 210.,   0.,  88.,   3.,  47.,   8.,   0.,  17.,   4.],
        [  0.,   0.,   0.,  21.,   5.,  17.,   9.,   0.,   4., 282.],
        [ 32.,   0.,   0.,  18.,  46.,   0.,   0., 258.,   5.,  20.],
        [  0.,   0.,  17., 258.,   0.,   0.,   0.,   0.,  21.,   0.],
        [  0.,   8., 180.,   1.,   0.,   1.,   0.,   0.,  13.,   0.],
        [  0.,  16.,  27.,   0.,   1.,  56., 209.,   0.,  13.,   4.],
        [  0.,   6., 244.,   0.,   6.,  52.,  15.,   0.,  20.,   0.],
        [  9.,   0., 253.,   4.,   0.,   0.,   0.,   3.,  16.,   0.],
        [  0.,   0.,  79.,   4., 271.,   2.,  54.,   0.,   7.,  25.],
        [ 96.,   0.,  13.,   0.,   0.,   0., 251.,   0.,   5.,   1.],
        [  0.,   0.,   0.,  12.,   4.,  21.,   3.,   0., 276.,   6.],
        [  0.,   0.,   0., 270.,   0.,  50.,   0.,   0.,  45.,   0.],
        [  0.,   0.,   0.,   2.,   4.,   3.,   0.,   0.,   2., 286.],
        [  0.,   0.,   0.,   6.,   6.,   4.,   0.,   0.,   4., 283.],
        [  0.,  22.,   0.,   0.,   0.,  21.,   0.,  41., 159.,   3.],
        [  1.,  75., 272.,   0.,   2.,  40.,   1.,   6.,  20.,   0.],
        [  0.,   0.,   2.,   0.,   7.,  20., 258.,   0.,  47.,   3.],
        [  0.,   0.,   0., 266.,   8.,   1.,   0.,   0.,   7.,   2.],
        [  0.,   0.,   0.,   0., 240.,   2.,  15.,   0.,   8.,   2.],
        [  0.,   0.,   0.,   0.,   5.,  44., 269.,   0.,  28.,   3.],
        [  0.,   0.,   0.,  18.,  13.,   1.,   0.,   0.,   1., 282.],
        [  0., 236.,   0.,   0.,   0.,   1.,   4.,   0.,   7.,   0.],
        [  0., 202.,   0.,   1.,   1.,   0.,   0.,  46.,   5.,   0.],
        [ 52.,   0.,   0.,   0.,  13.,   0.,   0., 228.,   4.,   3.],
        [ 13.,   0., 263.,   0.,   3.,  86.,   0.,   0.,  14.,   0.],
        [  2.,   0.,   0.,  22.,   1., 230.,   0.,   0.,   6.,   1.],
        [  8.,   0.,   0.,   1.,   0.,   7.,   0.,   0., 252.,  12.],
        [ 16.,   0.,   0.,   0.,  49.,   0.,   0., 239.,   4.,  35.],
        [  7.,   0.,   0.,   0.,   3.,   1.,   0., 242.,  15.,  14.],
        [  0.,   0., 112.,   5., 270.,   2.,   0.,   0.,   7.,   2.]],
       device='cuda:0')
Epoch 1 | Batch 600
tensor([[  1.,   0.,  36.,  30.,   0.,   0.,   0., 271.,   1.,  77.],
        [  0.,   9.,   0.,   0.,   0.,   9.,   3.,  12.,   1., 242.],
        [  0.,   0., 250.,   0.,   0.,   0.,   1.,   0.,   0.,   0.],
        [  0.,   0., 244.,   7.,   7.,   0.,  64.,   0.,   0.,   0.],
        [  0.,   0., 253.,   0.,   0.,   0.,  17.,   0.,   0.,  11.],
        [ 19.,   0.,   1., 263.,   0.,   0.,   0.,   0.,  55.,   0.],
        [  0.,   0.,   0.,   0., 172.,   0.,   1.,   5.,  10.,  58.],
        [  0.,   0.,   1.,   0.,  16.,   0.,   0.,  30.,  11., 276.],
        [  0.,   6.,   3.,   0.,   0.,   0.,  72., 282.,   0.,  14.],
        [  0.,   0.,   2.,   0.,   0.,   0.,   0., 136., 235.,   5.],
        [  0.,   0.,   1.,   1.,   0.,   0.,   0.,   0., 263.,  44.],
        [  0.,   1.,   1.,   0.,   0.,   0.,   1., 290.,   0.,  12.],
        [  0.,   0.,   2.,   0.,   0.,   0.,   0.,   1., 283.,   0.],
        [  0.,   0.,   0.,   0., 243.,   0.,   5.,  15.,   0.,   3.],
        [  0.,   4.,   1.,   0.,   0.,   0.,  17., 255.,   0.,  27.],
        [ 13.,   0.,   0.,   0.,   0.,   0.,   0., 248.,   0.,  16.],
        [  0., 266.,   8.,   0.,   0.,   0.,  12.,   4.,   3.,  40.],
        [  0.,   0., 264.,   4.,  13.,  28.,  17.,   0.,   0.,   0.],
        [  0.,   0.,   3.,   0.,   0.,   0.,   5.,   0., 257.,  11.],
        [  1.,   7.,   0.,   1.,   0.,   0.,   0.,   3., 262.,   1.],
        [  1.,   0.,  49., 268.,   0.,   0.,   0.,   0.,  22.,   0.],
        [  0.,   9.,   0.,   0.,   0.,   0.,   1., 256.,   0.,   8.],
        [  3.,   0., 109.,   0., 245.,   0.,   0.,  26.,   0.,  49.],
        [  0., 260.,   0.,   0.,   0.,   0.,  56.,   0.,   1.,  71.],
        [  0.,  35.,   0.,   0.,   0.,   0.,   0., 263.,   0.,  35.],
        [  1.,   0., 261.,  27.,   0.,   0.,  14.,   0.,   0.,   0.],
        [  0.,  16.,   0.,   0.,   0.,  46.,   0.,  47.,   5., 267.],
        [ 12.,   0.,   1.,  48.,   0.,  16.,   0., 283.,   0.,   0.],
        [  0.,   6.,   0.,   0.,   0.,   0.,   0.,   0., 263.,   3.],
        [ 10.,   0.,   1.,   6.,  41.,   0.,  23., 247.,   0.,   2.],
        [ 45.,   0.,   0.,   2.,   0.,   0.,   8., 264.,   0.,  14.],
        [  0., 262.,   0.,   0.,   0.,   0.,  36.,   1.,   1.,  60.],
        [  0.,   0.,   1.,   1.,   0.,   0.,   0.,   0., 257.,   0.],
        [ 21.,   0.,  39.,   0., 240.,   0.,  66., 139.,   0.,   0.],
        [  0.,   0.,   0.,   0., 226.,   0.,   6.,  26.,   0.,  21.],
        [  0.,   0.,   0.,  25.,   0.,   6.,   0., 273.,  23.,  11.],
        [  1.,   0.,   1., 268.,   0.,  20.,   0.,   0.,   5.,   0.],
        [  1.,   0.,  90.,   0.,  49.,   0., 255.,   5.,   0.,   6.],
        [ 11.,   0.,   1., 243.,   0.,   0.,   0.,   0.,   0.,   3.],
        [ 25.,   3.,   0.,   0.,   0.,   0.,   0.,   0., 213.,  28.],
        [  0.,   0.,   8.,   0.,   0.,   0.,  22.,   6., 271.,  25.],
        [  0., 265.,   0.,   0.,   0.,   0.,  52.,   0.,   0.,  25.],
        [  0.,   4.,   0.,   0.,   0.,   0.,   0., 256.,   0.,   8.],
        [  0.,   0.,   0.,   3.,   0.,   0., 233.,   0.,   0.,  11.],
        [  6.,   0.,   1.,   0.,  23.,   0.,   0.,  72.,   0., 273.],
        [  3.,   0.,   1.,   0.,   5.,  28.,   1.,   8.,   2., 217.],
        [  6.,   0., 285.,   2.,   0.,  71.,   2.,   0.,   0.,   0.],
        [  0., 265.,   0.,   3.,   0.,   0.,  55.,   0.,   0.,  46.],
        [  0., 248.,   0.,   1.,   0.,   0.,  24.,   0.,   0.,  25.],
        [  0.,   0.,   0.,   0.,  13.,  72.,   1.,  25.,   0., 261.],
        [  0.,   0.,   0.,   0.,  18.,  33.,   0.,   7.,   1., 260.],
        [  4.,   0.,   2., 263.,   0.,   0.,   0.,   0.,  37.,   0.],
        [  0.,  28.,   1.,   0.,  12.,   0.,   0.,  59.,   8., 279.],
        [  0.,   0.,   0.,   0.,   0.,   0., 245.,   0.,   0.,   1.],
        [  0.,   0.,   0.,   1.,   0., 228.,  11.,   0.,   0.,   0.],
        [  0.,   0.,  51., 260.,   0.,  23.,   0.,   0.,  17.,   0.],
        [ 26.,   0.,   0.,   0.,   0.,  10.,   0., 281.,  31.,   1.],
        [  5.,   0.,   3.,   0.,   0.,   0., 265.,   5.,   0.,   2.],
        [ 22.,   0.,  18., 236.,   0., 119.,  44.,   0.,   0.,   0.],
        [  0.,   0.,   0.,   0.,   0.,   0.,   0.,   2., 260., 121.],
        [  0.,   0., 275.,   0.,   0.,   0.,  24.,   0.,   0.,   0.],
        [  0.,   0.,   0.,   0.,  42.,   0.,   0., 244.,   0.,   1.],
        [  0.,   0.,   0., 266.,  32.,   0.,   0.,   0.,   0.,   1.],
        [  0.,  15.,   0.,   0.,   0.,   0.,   0., 234.,   0.,  28.]],
       device='cuda:0')
Epoch 1 | Batch 700
tensor([[  0.,   0.,   2.,  43.,   3.,   0.,   0., 267.,   2.,   0.],
        [  0.,   0.,   2.,   0.,   0.,   0., 271.,   0.,  19.,   0.],
        [  0., 277.,   5.,  11.,   1.,   0.,   1.,   5.,   0.,   0.],
        [  0.,  14.,   0., 207.,   0.,   0.,   0.,   0.,   2.,   0.],
        [  0.,   0.,  22.,  24., 261.,   0.,   0.,   5.,   0.,   0.],
        [  0.,   0.,   0., 241.,   0.,  85.,   0.,   0.,   5.,   0.],
        [286.,   0.,   1.,   0.,   1.,   5.,   0.,   0.,   0.,   0.],
        [271.,   0.,   1.,   0.,   1.,  55.,   0.,   2.,   0.,   0.],
        [264.,   0.,  52.,   2.,   1.,   0.,  18.,   8.,   0.,   0.],
        [  0.,   0.,   1.,  28.,   3.,   0.,   0.,  12.,  34., 225.],
        [  6.,   0.,   3.,   0., 237.,   0.,   0.,  10.,  29.,   0.],
        [189.,   0.,  27.,   6.,  98.,   0.,   0.,   0.,   0.,   0.],
        [258.,   0.,   5.,   0.,   1.,   0.,   0.,  44.,   9.,   0.],
        [  0.,   0.,   3.,   0., 245.,   7.,   0.,   8.,  25.,   0.],
        [  0.,   0.,  35.,  10., 249.,   0.,   0.,   1.,   0.,   0.],
        [  1.,  10.,   7.,  11.,   2.,  64.,   0.,   0., 274.,   0.],
        [  0., 282.,  18.,  13.,   0.,   0.,   2.,   0.,  36.,   0.],
        [  0.,   0.,   1.,   0.,  97.,   0.,   9.,   4.,   6., 211.],
        [234.,   0.,   4.,   0.,   1., 139.,   1.,   0.,   0.,   0.],
        [  0., 275.,   2.,  19.,   0.,   0.,   0.,  28.,   0.,   0.],
        [210.,   0.,   5.,   4.,   0.,  18.,   0.,   0.,   0.,  44.],
        [  0.,   0.,   6.,   0.,  61.,   0., 215.,  64.,   0.,   0.],
        [  2.,   0.,   1.,  31.,   9.,  91.,   0.,  17.,   0., 217.],
        [  0.,   4.,   0., 222.,   0.,   1.,  44.,   0.,   1.,   0.],
        [  0., 279.,  17.,  10.,   0.,   6.,   0.,   0.,   7.,   0.],
        [  0.,   0., 182.,   0.,   0.,   0.,  21.,   0.,   0.,   0.],
        [  8.,   0.,   1., 149.,   0.,   0.,   0.,   0.,   0.,   0.],
        [262.,   0.,   2.,   0.,   1.,  16.,  15.,  18.,   0.,   0.],
        [  0.,   0.,   3.,   3., 233.,   0.,   0.,   4.,  73.,   0.],
        [273.,   0.,   0.,   1.,   0.,  90.,   0.,   0.,   3.,   0.],
        [  2.,  16.,  78., 259.,   0.,   0.,   0.,   0.,   1.,   0.],
        [  0.,   0.,   0.,  13.,   0., 189.,   0.,   0.,   4.,   0.],
        [  0.,  25.,   7.,  23.,   0.,   0., 272.,   0.,  39.,   0.],
        [ 98.,   0.,   4.,  16.,   5.,   0.,   0., 236.,   0.,   0.],
        [  0., 275.,   2.,   5.,   0.,   0.,   2.,   2.,   0.,   0.],
        [  1.,   0.,   0.,   0.,   0., 240.,   0.,  10.,   0.,   0.],
        [  1.,   0.,   1.,  46.,  15., 230.,   0.,   0.,   0.,   0.],
        [  0.,   0.,   4.,   0.,  16.,   0., 262.,   0.,   2.,   8.],
        [  0.,   3.,   0.,  11.,  24.,   0.,   0.,   0., 278.,   0.],
        [  4.,   0., 268.,  53.,   2.,   0.,  49.,   0.,   0.,   0.],
        [  1.,   4.,  17., 244.,   0.,   0.,   0.,   0.,   2.,   0.],
        [  2.,   7.,  12., 230.,   0.,   0.,   0.,   0.,   0.,   0.],
        [  0.,   0.,   1.,  16.,  12.,   0.,   0., 262.,   4.,   0.],
        [ 62.,   0., 113., 203.,   0.,   0.,  24.,   0.,  19.,   0.],
        [ 20.,   0., 277.,  17.,   1.,   0.,   2.,   0.,   4.,   0.],
        [ 10.,   0., 244.,   1.,  56.,   0.,   0.,   0.,   1.,   0.],
        [  1.,  16., 221.,  26.,   3.,   0.,   0.,   0.,   1.,   0.],
        [ 31.,   0.,   0.,   0.,   1., 189.,   0.,  11.,  35.,   0.],
        [  0.,  15.,   1.,   2.,   0.,   0.,   0.,   0., 273.,   0.],
        [  1.,  57.,  72., 238.,   0.,   0.,   0.,   0.,  29.,   0.],
        [  0., 267.,   3.,  13.,   0.,   0.,   0.,  22.,   0.,   2.],
        [  0.,  20.,   1.,   4.,   0.,   0.,   0.,   0., 278.,   0.],
        [  0.,   0.,   0., 221.,  25.,   0.,   0.,  11.,   0.,  20.],
        [  0., 271.,   4.,   5.,   0.,   0.,   0.,   1.,   0.,   0.],
        [245.,   0.,   1.,   0.,  34.,  53.,   0.,  44.,   0.,   0.],
        [  0., 245.,   1.,  16.,   2.,   0.,  70.,   1.,   0.,   0.],
        [  2.,   0., 277.,   6.,  91.,   0.,   0.,   0.,   0.,   0.],
        [  1.,   0.,   1.,  13.,   0.,  12., 256.,   0.,   0.,   0.],
        [  0.,   0.,   3.,   0., 262.,   0.,   3.,  71.,   0.,  22.],
        [ 76.,   0.,  55., 261.,   4.,   7.,   0.,   1.,  34.,   0.],
        [  1.,  10., 257.,   0.,  45.,   0., 182.,   0.,   0.,   0.],
        [  9.,   0., 195.,   0.,  37.,   0.,   0.,   0.,   0.,   1.],
        [  0.,   0.,  25.,  44.,   0.,   0., 250.,   0.,  10.,   0.],
        [  0.,   0.,   9.,   2.,   0.,   0., 251.,   0.,  11.,   6.]],
       device='cuda:0')
Epoch 1 | Batch 800
tensor([[  2.,   0.,   8.,   0.,  65.,   0., 239.,   0.,   6.,   0.],
        [ 15.,   0.,   1.,  21.,  42., 245.,   4.,   0.,  88.,   0.],
        [  1., 175.,   2.,  39.,   3.,  48.,   0.,   0.,  11.,   0.],
        [  0.,  46.,   1.,   7., 131.,   0.,   0.,  10.,   0.,   0.],
        [  0., 249.,  27.,   1.,   0.,   0.,   0.,  58.,   1.,   0.],
        [  1.,   0.,   0.,   0.,   1.,   0.,   0.,  52.,   0., 248.],
        [  1.,   9.,   7.,   2.,   0.,   0.,   0.,   0., 224.,  30.],
        [  3.,   0.,   3.,   1.,  54.,   0., 241.,   0.,   1.,   0.],
        [  0.,   0.,   1.,   9.,  68.,  42.,   2.,   0., 262.,   0.],
        [ 16.,   0.,   0.,   0.,   0.,   0.,   0., 226.,   1.,  63.],
        [  8.,   0., 251.,  34.,   0.,   0.,   9.,   1.,   2.,   0.],
        [  1.,   0.,   0.,   1.,   0.,   3.,   0.,  17.,  50., 248.],
        [  0., 251.,  17.,  21.,   0.,   3.,   0.,  36.,   4.,   0.],
        [  2.,   0.,   6.,   0., 104.,   0., 219.,   0.,  55.,   0.],
        [  0., 261.,  14.,   4.,   0.,   8.,   0.,   0.,   2.,   0.],
        [  1.,   0.,   0.,   1.,   1.,   0.,   0., 277.,  22.,  16.],
        [232.,   0.,  33.,   0.,  43.,   0.,  31.,   0.,  33.,   0.],
        [  1.,   0.,   0.,  51.,   0.,  14.,   0.,   0.,   0., 259.],
        [  1., 264.,  50.,   8.,   0.,   0.,  29.,   5.,   6.,   0.],
        [  5.,   0.,   2., 239.,   0.,   7.,   0.,   0.,   4.,   5.],
        [  4.,   0.,   2.,   0.,   0.,  16.,   0.,   0., 216.,   3.],
        [264.,   0.,   2.,   1.,   0.,   0.,   0.,   2.,   2.,   1.],
        [ 35.,   0.,  51.,   1.,   0.,   1.,   0.,   0., 260.,   0.],
        [  2.,   0.,  39.,   0.,   4.,   0., 247.,   0.,   1.,   0.],
        [  4.,   0.,   8.,   0.,   0.,   0.,  97.,   0., 210.,   1.],
        [257.,   0.,   4.,   0.,   0.,  17.,   0.,   0.,   0.,   0.],
        [  3.,  13., 257.,   0.,  39.,   0., 111.,   0.,   8.,   0.],
        [  3.,   0.,   1.,   0., 225.,   1.,   0.,  49.,  21.,   2.],
        [  6.,   0.,  16.,   2.,   0.,  64.,   1.,   0., 256.,   0.],
        [  5.,   0.,   0.,   0.,   0.,  55.,   0.,  22.,   0., 263.],
        [  4.,   0.,   0.,   0.,   0.,   0.,   0.,  53.,   1., 258.],
        [  9.,  24., 275.,   0.,   0.,   0.,   0.,   0.,  17.,   0.],
        [  5.,   0.,   0.,   8.,   3.,  28.,   0., 251.,   0.,  17.],
        [  0.,  52.,  11.,   0.,   5.,   0.,   0.,   0., 212.,   0.],
        [  3.,   0.,   1.,   0., 223.,   0.,  20.,   0.,  26.,   0.],
        [  2.,   0.,   6., 244.,  42.,  32.,   0.,   0.,  48.,   0.],
        [  3.,  12.,  23., 280.,   0.,  59.,   0.,   0.,  16.,   2.],
        [  1.,   0.,   6.,   1.,  40.,   0., 254.,   0.,  10.,   1.],
        [ 12.,   0.,   1.,   0.,   0.,   0., 216.,   0.,  26.,   0.],
        [262.,   0.,  31.,   0.,   0.,   4.,   0.,   0.,   0.,   0.],
        [  0., 229.,   2.,  24.,   0.,  17.,   0.,   0.,   1.,   1.],
        [  0.,  80.,   1.,   1.,   0.,   0.,  10.,   0., 201.,   0.],
        [  0., 260.,  44.,  41.,   0.,   0.,   0.,  60.,   2.,   0.],
        [  3.,   0.,   1.,   2.,   0.,  14.,   0.,   1.,  13., 230.],
        [  3.,   0.,   0.,   4.,   0.,  15.,   0.,   1.,  11., 260.],
        [  0., 250.,   6.,   1.,   0.,  13.,   0.,   0.,   1.,   0.],
        [  2.,  21., 237.,  16.,   0.,   0.,   0.,  28.,  12.,   0.],
        [ 13.,   0.,   0.,   6.,   0.,   3.,   0., 249.,   0.,  61.],
        [254.,   0.,   4.,   8.,   0.,   4.,   0.,  24.,  34.,   0.],
        [ 12.,   0.,   2.,   0.,   0.,   3.,   0.,   0., 203.,   1.],
        [  2.,  35.,   4.,   1.,   0.,   0.,   9.,   0., 219.,   0.],
        [  1.,   0.,   1.,   0., 102.,   0., 212.,   0.,  30.,   0.],
        [  0.,  38.,   0.,   3.,   0.,   0.,   0., 239.,   0.,   3.],
        [  2.,   5., 256.,   1.,   0.,   0.,   9.,   0.,   2.,  12.],
        [249.,   0., 108.,   0.,   0.,   0.,   0.,   0.,  13.,   0.],
        [  0., 244.,  11.,   1.,   0.,   0.,   0.,   0.,   1.,   0.],
        [  5.,   0.,  12., 249.,   0.,  46.,   0.,   0.,  41.,  18.],
        [  0., 262.,  56.,  34.,   0.,   0.,   0.,  63.,   2.,   0.],
        [  2.,   0.,   0.,   0., 225.,   0.,   0.,  84.,  14.,   2.],
        [  1.,   0.,   0.,   0., 239.,   0.,   0.,  75.,  32.,   1.],
        [  0.,   5.,   5.,   2.,   5.,   0., 254.,   0.,   9.,   0.],
        [  7.,   0.,   2., 263.,   0.,   6.,   0.,   0.,  26.,  54.],
        [  6.,   0.,   5., 200.,   0.,  27.,   0.,   0.,   2.,  63.],
        [  1.,   0.,   0.,   0., 237.,   2.,   0.,  31.,   1.,   3.]],
       device='cuda:0')
Epoch 1 | Batch 900
Switching label layer to Inference Mode (LIF)...
Epoch 1 DONE | Test Acc: 65.29% | Time: 782.5s
Switching label layer back to Training Mode (Clamp)...
tensor([[  0.,  11.,   2.,  76.,   0.,   0., 260.,   2.,   2.,   2.],
        [  0., 267.,   0.,  10.,   0.,   0.,   5.,   2.,   6.,   0.],
        [  4.,   0.,   0.,   0.,   4.,   0.,   0., 276.,   0.,   0.],
        [  0., 273.,   1.,  18.,   0.,   2.,   8.,   1.,  12.,   2.],
        [  3.,   0.,   0.,   0.,  30.,   0.,   0., 244.,   0.,   0.],
        [283.,   0.,   3.,   0.,   0.,   0.,   4.,   0.,   1.,   0.],
        [ 49.,   0.,   1.,   0.,   1.,   0.,   1., 293.,   1.,   0.],
        [297.,   0.,   3.,   0.,   0.,   0.,   1.,  13.,   0.,   0.],
        [  0.,   3.,  23.,   0.,  30.,   0.,   0.,   0.,   2., 246.],
        [  1.,   0.,   1.,   0.,   0.,   0.,   0.,   2.,   1., 227.],
        [  6.,   0.,   1., 260.,   0.,   0.,   0.,   1.,   6.,   0.],
        [ 46.,   0.,   0.,   0.,  71.,   0.,   0., 263.,   0.,  81.],
        [  0.,   0.,   4.,   0.,  41.,   0.,   0.,   0., 241.,  13.],
        [  3.,   0.,   7.,   3.,   3.,   0.,   0., 277.,   1.,   3.],
        [291.,   0.,   3.,   2.,   0.,   0.,   0.,   3.,   0.,   0.],
        [  0.,   0., 156.,   1.,   0.,   0.,   0.,   0.,   7.,   0.],
        [  0.,   0., 239.,   4.,   0.,   0.,   0.,  37.,   5.,   0.],
        [  0.,   1., 252.,   4.,   0.,   0.,   0.,   0.,  42.,   0.],
        [  0.,   0.,  12.,   0.,   0.,  16.,  42.,   0., 215.,   0.],
        [  9.,   0.,   6.,   0.,  42.,   0.,   0., 280.,   0.,  14.],
        [277.,   0.,   1.,   0.,   0.,   0.,   3.,   0.,   0.,   0.],
        [  8.,   0.,  42., 135.,   0.,   0.,  30., 131.,  68.,   0.],
        [  0.,   0.,   0.,   0., 228.,   0.,   2.,   1.,  10.,   1.],
        [ 71.,   0.,   0.,   4., 243.,   0.,   0.,  19.,   0.,   0.],
        [  9.,   0.,   0.,   0.,   0., 145.,   0.,   2.,   5.,   0.],
        [ 19.,   0.,  26.,   0.,  26.,   0.,   0.,   0.,   1., 234.],
        [ 18.,   2.,  56., 270.,   0.,   0.,   0.,   2.,   6.,   0.],
        [269.,   0.,   2.,   0.,   0.,   0.,   0.,   0.,  35.,   0.],
        [ 11.,  21.,   2., 236.,   0.,   0.,   0.,   0.,   1.,   0.],
        [ 19.,   2.,   3., 260.,   0.,   0.,   0.,   0.,  20.,   0.],
        [  0., 111.,  12.,  28.,   0.,   0., 250.,   2.,   3.,   0.],
        [285.,   0.,   5.,   5.,   0.,   0.,   0.,   0.,   0.,   0.],
        [  1.,   9.,   3., 157.,   0.,   3.,   0.,   0.,   4.,   0.],
        [  0.,  11.,   0.,   6.,   0.,   0.,   0.,   1.,   1., 241.],
        [  0.,   0.,   0.,  18., 229.,   0.,   3.,   3.,   4.,   1.],
        [  3.,   0., 227.,   0.,   7.,  16.,   1.,   0.,   0.,   0.],
        [  0.,  19.,  26., 245.,   0.,   0.,   5.,   2.,   1.,   0.],
        [  0.,   0.,   5.,   0.,  13.,   0., 256.,   1.,   0.,   0.],
        [  0.,   0., 264.,   5.,   6.,   0.,   1.,   1.,   4.,   0.],
        [  3.,   0.,  21.,   4.,   0., 178.,   4.,   0.,   0.,   0.],
        [  5.,  13.,   7.,   0.,   5.,   0.,   0.,   0., 255.,  48.],
        [  1.,   0.,  44.,   2.,  18.,   0.,   0., 220.,   0.,   0.],
        [252.,   0.,   1.,   0.,   0.,   0., 187.,   3.,   0.,   0.],
        [  4.,   0.,   0.,   0.,  17.,   0.,   0.,   5.,   1., 238.],
        [  1.,   0.,   9.,   2.,  11.,  15.,   0.,   0., 256.,   0.],
        [  0.,   0.,   0.,  14.,  18.,   0.,   0.,   3.,  37., 255.],
        [  5.,   0.,   5.,   0.,   1.,   0.,   0., 280.,   0.,   1.],
        [290.,   0.,   8.,   0.,   0.,   2.,   0.,   0.,   0.,   0.],
        [  0.,   4.,  46., 224.,   0.,   0.,   0.,  43.,  80.,   0.],
        [ 22.,   0.,   8.,   8.,   0.,   0.,   0.,   0., 255.,   0.],
        [  0., 273.,   1.,  12.,   0.,   4.,  21.,   0.,  12.,   2.],
        [  1.,   0.,   0.,   7.,  12.,   0.,   0.,   3.,   3., 255.],
        [ 21.,   0.,   1.,   0.,   0., 215.,   0.,   0.,  18.,   0.],
        [  0., 269.,   8.,   9.,   0.,   5.,  11.,   1.,  14.,   0.],
        [ 66.,   0.,   8.,   5.,   0., 194.,   1.,   3.,  27.,   0.],
        [266.,   0.,   3.,   0.,   0.,  21.,   0.,   0.,  40.,  31.],
        [  4.,   0.,   0.,   1.,   0., 207.,   5.,   0.,   0.,   0.],
        [  0.,   0., 209.,   0.,  12.,   0.,   0.,   0.,  18.,   0.],
        [  6.,   0.,  10.,   0.,  91.,   0.,   0., 282.,   0.,   0.],
        [271.,   0.,   2.,   0.,   0.,  42.,  21.,   0.,  20.,   0.],
        [  1.,   8., 269.,   0.,   2.,   0.,  23.,   0.,   0.,   0.],
        [  0.,   0.,   1.,   0.,  28.,   0.,   0.,   0.,   6., 245.],
        [  0.,   0.,   0.,   0., 265.,   0.,   7.,   3.,   2.,   0.],
        [ 35.,   3.,   3.,  84.,   0., 208.,   5.,   0.,  17.,   0.]],
       device='cuda:0')
Epoch 2 | Batch 0
tensor([[ 13.,   0.,  11.,   0.,  20.,   0., 264.,   0.,   0.,   0.],
        [  1.,   0.,   1., 195.,   0.,   0.,   5.,  18.,   0.,   0.],
        [224.,   0.,   4.,   0.,   0.,  38.,   0.,   0.,   0.,   0.],
        [287.,   0.,  24.,   1.,   0.,  49.,   0.,   1.,   0.,   0.],
        [ 13.,   0.,  13., 282.,   0.,   0.,   0.,   0.,  10.,   0.],
        [  3.,   0., 241.,   0.,   0.,   0.,  79.,   0.,   0.,   0.],
        [ 65.,   0.,   0.,  93.,   0., 216.,   1.,   0., 123.,   0.],
        [  3.,   0.,   1.,   0.,   0.,   0.,  38.,  79.,  16., 221.],
        [  5.,   0.,   4.,  41.,   0.,   0.,   0.,   0., 232.,   0.],
        [280.,   0.,   1.,  31.,   0.,   0.,   6.,   0.,  46.,   0.],
        [  7.,   0.,   4.,   8.,   2.,   0., 260.,   0.,   1.,   0.],
        [  5.,   0.,   2.,   0.,  46.,   0.,   6.,  78.,  25., 229.],
        [ 15.,   0.,   0.,   0.,  12., 234.,   0.,   0.,   0.,   1.],
        [  8.,   0.,   2., 262.,   0.,   0.,   0.,   0.,   1.,   0.],
        [ 21.,  19.,   1.,   1.,   0.,  49.,   0., 258.,   0.,   0.],
        [  0.,  10.,   9.,   0.,   0.,   0.,   0.,   0., 105.,   0.],
        [  0., 268.,   1.,   1.,   0.,   0.,   0.,   0.,   0.,   0.],
        [287.,   0.,   1.,   0.,   0.,   2.,  29.,   0.,   5.,   0.],
        [  9.,   7.,   2.,   9.,   0.,   0., 212.,   0.,   3.,   0.],
        [  7.,   0.,  29., 264.,   0.,   0.,   2.,   0.,   0.,   0.],
        [  0., 274.,   1.,  60.,   0.,  22.,   0.,  52.,   0.,   0.],
        [ 16.,   0.,   1.,  10.,   0., 220.,   0.,  17.,   0.,   0.],
        [  0., 264.,   1.,   1.,   0.,   0.,   0.,   0.,   0.,   0.],
        [229.,   0., 241.,   8.,   0.,   0.,   3.,   0.,  31.,   0.],
        [  0.,   0.,   0.,   1., 243.,   0.,   0.,  28.,   0.,   0.],
        [  5.,  53.,  17.,   1.,   0.,   0.,   0.,   0., 227.,   0.],
        [  1.,   0.,   9.,   4.,  46.,   0., 269.,   0.,   3.,   0.],
        [  0., 273.,   0.,  85.,   4.,  26.,   0.,   2.,   0.,   0.],
        [  0., 277.,   0.,  18.,   0.,   0.,   1.,   0.,   0.,   0.],
        [  3.,   7.,   6.,   0.,   0.,   0., 260.,  13.,   0.,  11.],
        [  0., 275.,   0., 108.,   0.,  18.,   0.,  22.,   0.,   0.],
        [  1.,  63.,  43.,   7.,   0.,   2.,   0.,   0., 177.,   0.],
        [  3.,  45.,  36.,   3.,   0.,   0.,   0.,   0., 236.,  22.],
        [  0., 250.,   0.,  16.,   0.,   0.,   0.,   5.,   0.,   0.],
        [ 15.,   0.,   1.,   6.,  73., 224.,   0.,   0.,  20.,  29.],
        [  0.,   0.,   0.,   4.,  27.,   0.,   0.,  10.,   2., 225.],
        [  0.,  23.,   1.,   3.,   1.,   0.,  37.,   0., 191.,   0.],
        [  2.,  20., 256.,  30.,   0.,   0.,   0.,  38.,   0.,   0.],
        [ 46.,  46.,   0.,  95.,   0., 220.,   0.,   0.,  82.,   0.],
        [  0.,   0.,   0.,   0.,  68.,   6.,   0., 258.,   0.,   7.],
        [  3.,   0.,   1.,   5.,   0., 231.,   0.,   0.,   0.,   0.],
        [  0.,   0.,   1.,   9., 234.,   0.,   0.,  21.,  31.,  48.],
        [281.,   0.,   2.,   1.,   0.,   0.,   0.,   0.,  16.,   0.],
        [  0., 281.,   0.,   7.,   0.,   0.,   6.,   0.,   0.,   0.],
        [  0., 262.,   0.,  72.,   0.,  19.,   0.,  26.,   0.,   0.],
        [  1.,   1.,   4.,   0.,   0.,  13.,   0., 259.,   0.,   0.],
        [  0.,   0.,   2.,   0., 127.,   4.,   2.,   1.,   0.,   0.],
        [  0.,   0.,   1.,   2.,   0.,   0.,   0.,  84.,  80., 229.],
        [ 10.,   0.,   1.,  61.,   0., 217.,   0.,   0., 103.,   0.],
        [  2.,   0.,   1.,   0.,   3.,   0.,  25., 123.,  14., 230.],
        [  5.,   2.,  99.,  30.,   0.,   0.,   0.,   0., 252.,   0.],
        [  0.,   5.,   2., 236.,   0.,   0.,   0.,   1.,   0.,   3.],
        [241.,   0.,  18.,   2.,   0.,  15.,   0.,   0.,   0.,   0.],
        [  0.,   0.,   6.,   0.,  17.,   0., 262.,  53.,   0.,  10.],
        [  3.,   0.,   2.,   2.,   0., 182.,   0.,   0.,   0.,   0.],
        [279.,   0.,  20.,   2.,  16.,   0.,  14.,   0.,  20.,   0.],
        [281.,   0.,  28.,   2.,   0.,   0.,  34.,   0.,  76.,   0.],
        [  0.,  42.,   5., 251.,   0.,   0.,   0.,   4.,   0.,  23.],
        [  4.,   0.,   9.,  89.,   0.,   0.,   0.,   0., 219.,   0.],
        [ 76.,   0.,  70.,   1.,   0.,   0.,   1.,   2., 216.,   0.],
        [  0., 274.,   0.,  15.,   0.,   0.,   1.,   0.,   0.,   7.],
        [  0., 124.,   0.,  67.,   0.,   6.,   0., 258.,   0.,   0.],
        [  0.,   0.,   4.,   0., 209.,   0.,   0.,  53.,   2.,   4.],
        [  0.,   0.,   1.,   3., 258.,   0.,   0.,   9.,  29.,  26.]],
       device='cuda:0')
Epoch 2 | Batch 100
tensor([[  3.,   0.,   0.,   0.,  11., 256.,   2.,  19.,  11.,   8.],
        [  0.,  58., 237.,   0.,   0.,   0.,   1.,   4.,  10.,   5.],
        [  0.,   1.,   3.,   0.,   2.,   1.,   3., 232.,   3.,  67.],
        [ 25.,   0.,   2.,  70.,   0., 210.,  17.,   0.,  17.,   0.],
        [  3.,   0.,   0.,   0.,  28.,  15.,   2.,  76.,   3., 222.],
        [ 12.,   0.,   1.,   0.,  39., 271.,   2.,   2.,   3.,   0.],
        [  0.,  47.,  56.,   0.,  40.,   2.,   4.,   0., 240.,   0.],
        [ 15.,   0.,   1.,   0.,   0.,   5., 239.,   0.,   2.,   0.],
        [  6.,   0.,   0.,   9.,   0.,   1., 181.,   0.,   7.,   3.],
        [  0., 248.,   0.,   1.,   0.,  57.,  42.,  10.,   5.,  12.],
        [ 28.,   0.,   0.,   2.,   5.,   9.,   2., 218.,   6.,  83.],
        [  3.,   3.,   5.,   0.,   1.,  56.,   2.,   0.,  35.,   2.],
        [  0.,   0.,   0.,   0.,   4.,   1.,   2.,   3.,  35., 267.],
        [  2.,   0.,   0.,   2.,   0.,   3., 247.,   0.,   5.,   0.],
        [  1.,   0.,   0.,   0., 254.,   8.,   1.,   0.,  57.,  78.],
        [  0.,  53.,   2.,   0.,   0.,   0.,  59.,   0., 252.,   0.],
        [  0., 261.,  10.,   0.,   0.,  29.,  97.,   0.,   2.,   0.],
        [  0.,   0.,   9.,   0.,  17.,  31.,   4.,   0., 207.,   7.],
        [  0.,   0., 224.,   0.,   0.,  13., 118.,   0.,   1.,  11.],
        [  1.,   0.,   5.,   0.,  45., 264.,   5.,   0.,   4.,   4.],
        [ 27.,   0.,   0.,   0.,  23.,   7.,   2., 272.,   2.,  15.],
        [ 10.,  15.,  15.,   0.,   0.,   6.,   8.,   0., 292.,   3.],
        [  0., 265.,   4.,   0.,   0.,   1.,  15.,   0.,   5.,   0.],
        [  2.,  83.,  57.,   0.,   0.,   0.,   2.,   4., 249.,   6.],
        [  6.,   0.,  45., 247.,   2.,  58.,   1.,   0.,   7.,   1.],
        [122.,   0.,  35., 232.,   0.,   3.,   5.,  96.,   3.,   0.],
        [ 40.,   0.,   7.,   0.,  56.,   6.,   5.,   0., 276.,   6.],
        [  0., 262.,   0.,   0.,   0.,  17.,  34.,  33.,   1.,   9.],
        [  0.,   0.,  21., 207.,   2.,  33.,   2.,   0.,   3.,   3.],
        [  0.,   1.,  29., 170.,   2.,  13.,   4.,   1.,  14.,  10.],
        [  1.,   0.,   0.,  41., 231.,   4.,   3.,  13.,   5.,  54.],
        [  3.,   0.,   1.,  35.,   0.,   6., 231.,   0.,  17.,   1.],
        [  0., 265.,   0.,   0.,   0.,   5.,  65.,   8.,   2.,   5.],
        [  0., 266.,   1.,   0.,   0.,  35.,  17.,   4.,   3.,  45.],
        [  0.,  17.,   2., 230.,   0.,   2.,   2.,   1.,   5.,   8.],
        [  0.,   0.,   1.,   0.,   6.,  10.,  13.,   0.,   7., 245.],
        [  5.,  15.,   1., 233.,   0.,   3.,   1.,  20.,   9.,  30.],
        [  6.,   0.,   0.,  23.,   0.,  37., 125.,   0.,  17.,   0.],
        [ 32.,   0.,   3., 143.,   0., 208.,   3.,   0.,   8.,   1.],
        [ 19.,   0.,   0.,   0.,   0.,   1.,   0., 272.,   0.,   4.],
        [ 35.,   0.,   1.,  40.,   0., 251.,   4.,   0.,  10.,   0.],
        [275.,   0.,   1.,  10.,   2.,  93.,   5.,   0.,  26.,   2.],
        [  0.,   0.,   0.,   0.,   6.,   7.,   1.,  21.,   4., 264.],
        [  0.,   0.,   0.,   0.,  53., 259.,   4.,   5.,   2.,   9.],
        [ 15.,   0.,   0., 105.,   0., 205.,   1.,   0.,   5.,   1.],
        [  9.,   0.,   2.,   0.,  30.,  44., 275.,   0.,  13.,   2.],
        [285.,   0.,   1.,  75.,   1.,  30.,   3.,   0.,   3.,  11.],
        [  6.,   0.,   2.,   8.,  37., 180.,  10.,   0.,  56.,   0.],
        [  4.,   0., 239.,  23.,   1.,   0.,  11.,   0.,   1.,   0.],
        [269.,   0.,   2.,   7.,  31.,  46.,   7.,   0.,   9.,   1.],
        [  0.,   1., 234.,   0.,   0.,   0.,   4.,   0.,   1.,   0.],
        [  0.,   0.,   0.,   0.,  16.,   5.,   6.,   9.,   8., 276.],
        [278.,   1.,   3.,   7.,   0.,  32.,  12.,  56.,  28.,   1.],
        [ 77.,  27.,   1.,   0.,   5., 261.,   4.,  13.,  22.,   4.],
        [  0., 260.,   0.,   0.,   0.,  21.,   4.,   8.,   3.,  29.],
        [262.,   0.,   0.,  92.,   0., 118.,   2.,  31.,   2.,   2.],
        [  0., 254.,  32.,   0.,   0.,   1.,   0.,   0.,   7.,   0.],
        [  0.,   0.,  32., 190.,   0.,  30.,   1.,   0.,   2.,   0.],
        [ 12.,   0.,   0.,   0.,   1.,   0.,   1., 274.,   1.,  16.],
        [  1.,   0.,   7.,   0.,  61., 275.,  40.,   2.,   7.,  12.],
        [  6.,   0.,   0.,   0.,   0.,   5.,   1., 271.,   1.,  63.],
        [  0.,   0.,   0.,  34.,   1.,  73.,   2.,   4.,   5., 272.],
        [ 24.,   0.,   6.,   0., 270.,  11.,  11.,  12.,   4.,   7.],
        [  1.,   0.,   0.,   0.,   0.,  21.,   0., 246.,  10.,  34.]],
       device='cuda:0')
Epoch 2 | Batch 200
tensor([[  0.,   0.,   0.,   2.,  16.,   3.,   0.,  17.,  27., 258.],
        [  0.,   0.,   0.,   2.,  73.,  67.,   0.,  25.,  23., 260.],
        [  0.,  13.,   4.,   6.,   2.,   0.,   0.,   4., 249.,   0.],
        [  0.,  23.,   4.,   2.,  53.,   0.,   0.,   0., 225.,   0.],
        [ 99.,  20., 234., 113.,   0.,   0.,   0.,   0.,   4.,   0.],
        [  0., 258.,   3.,   7.,   0.,   0.,  10.,  29.,   3.,   0.],
        [ 13.,   0.,   0.,   2.,   0.,   0.,   0., 232.,   0.,   5.],
        [  7.,   0.,   0.,   0.,   0.,  78.,   0., 229.,   3.,  55.],
        [  0.,   0.,   6.,  18.,   1.,   0.,   2., 250.,   8.,   8.],
        [251.,   0.,  17.,   5.,   0.,   8.,   0.,   0.,   0.,   0.],
        [  0.,   0.,   0.,   2., 139.,   0.,   1.,   2.,   2.,   0.],
        [  0.,   5.,   1.,  84.,   1.,   0.,   0., 241.,   4.,  18.],
        [  1.,   0.,   0.,   5.,  16., 254.,   0.,   3.,  61.,   0.],
        [ 91.,   0.,   0.,   3.,   3.,   0.,   0., 264.,   0.,  11.],
        [  0.,   0.,  61.,   2., 244.,  69.,   2.,  34.,   1.,   6.],
        [  0.,   0.,   2.,  90.,   0.,  12.,   0.,   0., 221.,   0.],
        [  2.,   0.,  32.,   1.,   2.,   2., 255.,   0.,   0.,   0.],
        [ 65.,   0.,   0.,   1.,   6.,   0.,   0., 238.,   3.,   5.],
        [ 46.,   0.,   0.,  53.,   2., 202.,   2.,   0.,  13.,   0.],
        [  0.,   4.,   0.,   0.,   0., 176.,   0.,   0.,   6.,   0.],
        [  0., 198.,   4.,   3.,   0.,  29.,   0.,   1., 124.,   0.],
        [  4.,   1.,   0.,   3.,   3.,   0.,   0., 281.,  83.,  49.],
        [  1.,   0.,   0.,   9.,  13.,   0.,   3.,   0.,  31., 257.],
        [ 50.,   0.,   0.,   2.,   4.,   0.,  72.,   0.,   2., 258.],
        [  0.,   0.,   0.,   1., 223.,   9.,   0.,   2.,   1.,  22.],
        [  0.,   0.,   1.,   0., 262.,  66.,   0.,  49.,  35.,  33.],
        [  0.,  16., 201.,  12.,   0.,  71.,   1.,   3.,  12.,   0.],
        [  0.,   2.,   0., 243.,   1.,   0.,   0.,   5.,   0.,  47.],
        [  0.,   1.,   0.,   1.,   2.,   0.,   0.,  24.,  16., 246.],
        [  0.,   0.,   1.,  43., 145.,  17.,  52.,   7.,   3.,  56.],
        [  0.,   0.,   0.,   3.,  63.,   0.,   3., 139.,   2.,  86.],
        [  0.,   0.,  16.,  10.,  58.,  41.,  19.,   0., 220.,   0.],
        [  0., 250.,   0.,   3.,   0.,   0.,   5.,  13.,   2.,   0.],
        [  4.,   0.,   0., 136.,   0.,   0.,   0.,   0.,   0.,   0.],
        [  1.,   2., 237.,   8.,   6.,   0.,   0.,   0.,   2.,   0.],
        [293.,   0.,  21.,  10.,   0.,   0.,  39.,   2.,   0.,   0.],
        [ 45.,   0.,  67.,   2.,   2.,   0., 273.,   0.,   0.,   0.],
        [284.,   0.,  23.,   7.,   1.,   1.,  74.,   0.,   0.,   0.],
        [  0.,   0.,  13.,   7.,  20.,   0.,   0.,   4., 237.,   0.],
        [ 12.,   0., 278.,   9.,   0.,   0.,   4.,   0.,   5.,   0.],
        [  0.,   8., 215.,  12.,   0.,   0., 110.,   5.,   1.,   0.],
        [  0., 250.,  18.,  21.,   0.,   0.,  14.,  24.,   0.,   0.],
        [  0.,   0.,   1.,  16., 184.,   0.,   2.,  11.,   1.,  10.],
        [  0., 243.,   3.,   6.,   0.,   0.,   4.,  64.,   0.,   0.],
        [  0., 260.,  10.,  41.,   0.,   0.,   6.,  28.,   3.,   0.],
        [  1.,   0.,   0., 213.,   3.,  56.,   0.,   3.,   2.,   3.],
        [  1.,   3., 220.,  26.,   1.,   0.,   0.,   0.,   0.,   0.],
        [  1.,   0.,   2., 115.,  34.,   0.,   1.,   2., 260.,   0.],
        [  0., 271.,  10.,  19.,   0.,   1.,   0.,  62.,   6.,   0.],
        [  0.,   0.,   5.,   0., 133.,   0., 207.,   0.,   0.,   0.],
        [  8.,   2.,   0.,  44.,   0., 212.,   0.,   0.,   3.,   0.],
        [267.,   0.,  31.,  81.,   0.,   0.,  50.,   0.,   0.,   0.],
        [  2.,   3.,   8., 282.,   0.,  12.,   0.,   1.,   0.,   0.],
        [ 13.,   0.,   6.,   1.,  74.,   8., 219.,   0.,   2.,   0.],
        [  0.,   0.,   0.,   5.,  35.,  16.,   0.,  36.,  93., 255.],
        [  0., 272.,  71.,   2.,   0.,  23.,   0.,  51.,   0.,   0.],
        [284.,   0.,   7.,  11.,   0.,   0.,   3.,   0.,   6.,   0.],
        [  0.,  76.,   9.,   1.,   0.,   0.,   0., 196.,  14.,   0.],
        [287.,   0.,  40.,  10.,   0.,   0.,  27.,   1.,   0.,   0.],
        [284.,   0.,  10.,   3.,   5.,   8.,  32.,   0.,   0.,   0.],
        [ 19.,  44.,   0.,   2.,   8.,  46.,   0.,   6., 252.,   0.],
        [  0.,  17., 105.,   3.,   1.,   0.,   0.,  86.,   3.,   0.],
        [  0.,   0.,   0.,   4.,  76.,  14.,   0.,   0., 234.,   0.],
        [  0.,   7.,  11.,   2.,  34.,   0.,   0.,   5., 256.,   0.]],
       device='cuda:0')
Epoch 2 | Batch 300
tensor([[  1.,  34.,   9.,   0.,   0.,  63.,   0.,   0., 242.,   1.],
        [  1.,  64., 237.,   4.,   0.,  34.,   0.,   0.,  23.,   0.],
        [  1.,   2.,   0., 274.,   0.,   8.,   0.,   0.,  26.,   4.],
        [  0., 258.,   7.,  27.,   0.,   0.,   0.,   5.,   0.,   1.],
        [  1.,  41.,   7.,   3.,   0.,   6.,   2.,   0., 253.,   1.],
        [ 69.,   1.,   1.,  18.,   0., 235.,   0.,   0.,  33.,   2.],
        [  1.,  14., 151.,  13.,   0.,   0.,   0., 133.,  70.,   1.],
        [  0.,   6.,   0.,   7.,   0., 159.,   8.,   0.,   1.,   0.],
        [273.,   0.,   3.,  34.,   0.,  13.,   5.,   0.,   0.,  14.],
        [ 39.,   0., 216.,   0.,   0.,  37.,  10.,  76.,  93.,   3.],
        [  9.,  19.,   7.,   0.,   0.,   3., 286.,   0.,   0.,  35.],
        [  0., 273.,   2.,  25.,   0.,   1.,   3.,  13.,   5.,  10.],
        [ 57.,   0.,   4.,  74.,  10., 233.,  11.,   0.,   0.,   2.],
        [ 62.,   0.,   2.,  13.,   9., 201.,  10.,   0.,   0.,  39.],
        [  0., 274.,   2.,  16.,   0.,   3.,  10.,   0.,  24.,   7.],
        [  7.,   0.,   1.,  19., 256.,  32.,   3.,   0.,   0.,  48.],
        [  5.,   0.,   0.,   0.,   0.,   0.,   0., 252.,   0.,  13.],
        [  3.,   3., 239.,   0.,   0.,  40.,   0.,  60.,  82.,   2.],
        [ 66.,   0.,   0., 235.,   0.,   0.,   0.,   0.,  13.,   0.],
        [278.,   0.,  38.,   0.,   1.,  15.,   1.,   0.,  86.,   0.],
        [  1.,   2.,   2.,   0.,   0.,  14.,   2.,   8., 200.,   2.],
        [  2.,   0.,   6.,  18.,   0.,  63.,   0.,   0., 253.,   3.],
        [  1.,   4.,  13., 268.,   0.,   0.,   0.,   0.,  27.,   3.],
        [  0., 287.,   3.,   7.,   0.,   0.,   0.,   0.,  25.,  33.],
        [  3.,  20.,   1.,   0.,   0.,  99., 249.,   0.,   0.,   8.],
        [  3.,  12., 248.,  31.,   0.,  87.,   2.,   2.,  68.,   0.],
        [ 13.,   0., 171.,  11.,   9.,   0.,   3.,   0.,   0.,   0.],
        [  0.,   0.,   0.,  46.,   0.,   0.,   0., 265.,   0.,   3.],
        [279.,   0.,  24.,   0.,  54.,   4.,  49.,   0.,   0.,   2.],
        [  0.,   4.,   0.,   8.,   0.,   0.,   3.,   0.,   0., 239.],
        [  0., 256.,  57.,   0.,   0.,   7.,   0.,   3.,  55.,   0.],
        [  3.,   2.,   9., 267.,   1.,   0.,   0.,   0.,   0.,   2.],
        [  2.,   0.,   0., 259.,   2.,   7.,   0.,   0.,   0.,  14.],
        [  0.,   1.,   0.,   0., 134.,   0.,   0.,   0.,   0.,  12.],
        [  2.,  25.,   1.,   0.,   0., 239.,   0.,   0.,   0.,   0.],
        [  4.,   0.,   1.,   0.,   0.,   0.,   2.,   3.,   0., 248.],
        [  0.,   0.,   2.,  30., 260.,   0.,   0.,   1.,   0.,   2.],
        [264.,   0.,   5.,  83.,   9.,   0.,  13.,   0.,   0.,   0.],
        [292.,   0.,   3.,  35.,   3.,   7.,  12.,   0.,   0.,   6.],
        [  2.,   0.,   0.,   0.,  18.,   0.,   1.,   0.,   4., 246.],
        [ 53.,   8.,  19., 145.,   0.,  74.,   7.,   0.,   5.,  11.],
        [ 16.,   2.,   4.,   0.,  62.,   5., 277.,   0.,   0.,   5.],
        [  3.,  37., 101.,   0.,   0.,   3.,  36.,   1., 264.,   9.],
        [  1.,   0.,   3.,   0., 229.,  31.,   0.,  19.,   0.,   1.],
        [  0., 281.,   3.,   8.,   0.,   0.,   1.,   0.,   2.,   5.],
        [  0., 285.,   3.,  12.,   0.,   2.,   0.,   0.,  22.,  24.],
        [268.,   0.,  21.,   0.,   0.,   5.,   0.,  21.,   0.,   0.],
        [  1.,   0.,   0.,   1.,   0.,   0.,   2.,   0.,   0., 246.],
        [  3.,   0.,   4.,   0.,   3.,   0.,   0., 212.,  42.,  40.],
        [  4.,   4.,   6., 267.,   0.,   0.,   0.,   0.,  16.,   8.],
        [ 26.,   0.,   1.,   5.,  22.,   0.,   0., 152.,  23.,  71.],
        [  5.,   0.,   6.,  22., 227.,   2.,   0.,  36.,   0.,  15.],
        [  6.,   0.,   0.,   0.,   7.,  21.,   0.,   0.,   0., 239.],
        [  1., 259.,  17.,   0.,   0.,   4.,   0.,   0., 106.,   2.],
        [  5.,  49.,   4.,   0.,   0.,  66.,   0.,   0., 246.,   3.],
        [  7.,   0.,   1.,   0.,  14.,   0.,   0.,   0.,   0., 239.],
        [ 10.,   0.,  12.,   7.,   7.,   0., 272.,   7.,   0.,  11.],
        [  0.,  10.,   0.,   4., 137.,   0.,   1.,   0.,   0.,   3.],
        [  0.,   6.,   0.,   0.,   0.,   0.,   1.,  42.,   0., 133.],
        [270.,   0.,  18.,   0.,   8.,   4.,  18.,   0.,   0.,   3.],
        [  1.,   0.,   0., 245.,   0.,  27.,   0.,   0.,   7.,  10.],
        [  4.,   0.,   0.,   1.,   0., 216.,   0.,   0.,   0.,   4.],
        [262.,   0.,   9.,   0.,   0.,   1.,   0.,  43.,  85.,   0.],
        [  4.,   0.,   0.,   0.,   0.,   0.,   0., 260.,   0.,   6.]],
       device='cuda:0')
Epoch 2 | Batch 400
tensor([[  6.,  14.,   6., 247.,   0.,   0.,   0.,   0.,   0.,   0.],
        [  0.,   7.,   1.,   0.,  34.,   0.,   0., 247.,   3.,  18.],
        [282.,   0.,   1.,  35.,   0.,   5.,   5.,   0.,  18.,   0.],
        [  0.,  30.,   0.,   3.,   0., 232.,   0.,   0.,  32.,   0.],
        [  0.,   1.,  21.,   0.,   0.,   4.,   2.,   1., 235.,   0.],
        [261.,   0.,   1.,   4.,   0.,   0.,  21.,   0.,   0.,   0.],
        [  0., 290.,  17.,  16.,   0.,   0.,   0.,   0.,  75.,   0.],
        [  0.,   0.,   0.,   1.,  63.,   0.,   0.,   0.,  17., 247.],
        [ 11.,   0.,  15.,   1.,  26.,   0., 147.,   0.,   0.,   0.],
        [  0., 271.,   4.,   6.,   0.,   0.,   0.,   4.,   0.,  26.],
        [ 24.,   1.,   0.,   2.,   0.,   0., 261.,   0.,   0.,   0.],
        [  0., 264.,   5.,   7.,   0.,   0.,   0.,   2.,   0.,  38.],
        [  0.,  60.,  10.,  52.,  16.,  31.,   0.,   0., 176.,   0.],
        [  0., 280.,   5.,  42.,   0.,   0.,   0.,  50.,   0.,  10.],
        [ 40.,   0.,   5.,  11., 213.,   2.,   0.,   0.,   0.,  10.],
        [  0.,  80.,  15.,   3.,   0.,   0.,   0.,   0., 258.,   0.],
        [  0.,  13.,   0., 249.,   3.,  50.,   0.,   0.,   0.,  11.],
        [  0.,   0.,   1.,  15.,   9., 262.,   5.,   0.,   0.,   0.],
        [  0., 263.,   7.,   4.,   0.,   0.,   0.,   0.,   0.,  48.],
        [  0.,  19.,  84.,  22.,   0.,  92.,   0.,   0., 213.,   0.],
        [ 25.,  20.,   0., 268.,   0., 106.,   0.,   0.,   0.,   0.],
        [  0.,   0.,   2.,   2., 257.,   5.,   0.,  67.,   0.,   2.],
        [  0.,   6.,   0., 249.,   0.,   0.,   0.,   1.,   0.,   0.],
        [272.,   0.,   1.,   7.,   0.,   0.,   8.,   0.,   0.,   0.],
        [  0.,   4.,   1.,   4.,   0., 264.,   0.,   0.,  23.,   0.],
        [  0.,   0.,   1.,   1.,   0.,   0.,   0., 261.,   0.,  88.],
        [  0.,  48.,  48.,  52.,   0.,   0.,   1.,   0., 228.,   0.],
        [  0.,   2.,   1.,   0.,   0.,   0.,   0., 264.,   0.,   1.],
        [  0.,   5.,   0.,  37.,  16., 233.,   0.,   0.,   0.,   0.],
        [  0.,  64.,   6.,   0.,   0.,   9., 247.,   0.,  17.,   0.],
        [  0.,  19.,   1.,   0.,   0.,   0.,   0., 272.,   0.,   0.],
        [  0.,   0.,   2.,   0.,   1.,   0., 272.,   0.,   0.,   0.],
        [  0., 263.,   4.,   3.,   0.,   0.,   0.,   9.,   0.,  21.],
        [  0.,  33.,  16.,   6.,   0.,   0.,   2.,   0., 246.,   0.],
        [  0.,   0.,   0.,   0.,   1.,   0.,   8.,   0.,  52., 253.],
        [  0.,   4., 198.,   6.,   0.,   0.,   0.,   0.,   0.,   0.],
        [ 13.,   6.,   1.,   0.,  43.,   0., 261.,   0.,   0.,   0.],
        [  0.,   0.,   0.,   3.,   0.,   0.,   0.,  12.,  44., 265.],
        [  0.,  17.,   0.,   0.,  21.,   0.,   0.,   6.,  16., 246.],
        [  0., 287.,  19.,  38.,   0.,   4.,   0.,   8.,  99.,   1.],
        [  0.,  59.,   1.,   1.,   0.,   0.,   0., 270.,   0.,  58.],
        [261.,   0.,   2.,  10.,   0.,   0.,  61.,   0.,   0.,   0.],
        [  0., 286.,  26.,  19.,   0.,   1.,   0.,   0.,  54.,   2.],
        [  0.,  15.,   1.,   0.,   0.,   0.,   0., 271.,   0.,  25.],
        [239.,   0.,   1.,   0.,   0.,  22.,  22.,   5.,  23.,   0.],
        [  0., 247.,   7.,   1.,   0.,   0.,   0.,   0.,   0.,  22.],
        [  0., 262.,  41.,  17.,  22.,  19.,   0.,   0.,   3.,   0.],
        [  0.,   6.,   6.,   0.,   0.,   0., 266.,   0.,   5.,   0.],
        [  0., 280.,  19.,  20.,   0.,   0.,   0.,   0.,  42.,   1.],
        [  0.,  12.,   0.,   5.,   1.,   0.,   0.,   6.,  74., 256.],
        [ 67.,   0., 228.,   1.,   0.,   0.,   0.,   2.,   0.,   0.],
        [  0., 270.,   8.,   7.,   0.,  83.,   0.,   0.,  11.,   0.],
        [  0.,  16.,   0.,   1.,   0.,   0.,   0.,  17.,  25., 251.],
        [  0.,   0.,   2.,   0., 254.,  38.,   0.,   1.,   0.,  32.],
        [  0.,   0.,   0.,   0.,  30., 211.,   1.,   0.,   0.,   0.],
        [ 20.,   0.,   4.,  10.,   0.,   0., 263.,   0.,   0.,   0.],
        [  0.,  18.,   1.,  39.,  56.,   6.,   0., 239.,   0.,  22.],
        [  0.,  69.,   0.,   1.,   0.,   2.,   0.,   0.,  24., 230.],
        [  0.,  10.,  38.,  23.,  66., 251.,   0.,   0.,   0.,  10.],
        [  0.,   0.,   0.,   0.,   0.,   0.,   1.,   0.,  51., 271.],
        [  0.,  13.,   0.,   0.,  59.,   0.,   0.,   0.,   0., 254.],
        [  0.,  21.,  32.,  56.,   8.,   0.,   0.,   0., 259.,   0.],
        [ 16.,   0.,  40.,   4.,   0.,   0., 247.,   0.,   0.,   0.],
        [  1.,   0.,   0.,  42.,   0.,  83., 246.,   0.,   0.,   0.]],
       device='cuda:0')
Epoch 2 | Batch 500
tensor([[  0.,   0.,   0.,  28.,   0., 139.,  10.,   2.,  24.,   0.],
        [119.,   0.,  40.,   0.,  12., 246.,   3.,   2.,   0.,   0.],
        [  1.,   0.,   0.,   3.,   0., 128.,   1.,   3.,   3.,   0.],
        [  0.,   1.,   7., 262.,   0.,   6.,   3.,   2.,  18.,   0.],
        [ 37.,   0.,   0.,   0.,   0.,   3., 289.,   9.,   0.,   0.],
        [  0.,  85.,   0.,   8.,   0.,   0.,   0., 159.,   1.,   4.],
        [  0.,   0.,   0.,   1., 247.,   5.,   3.,  27.,   0.,  78.],
        [  0., 230.,   0.,   3.,   1.,  23.,   1.,   1.,  51.,   0.],
        [254.,   0.,   0.,   0.,   0.,   4.,  14.,  28.,  55.,   1.],
        [ 57.,   0.,   0.,   1.,   0., 257.,   7.,   3.,   1.,   0.],
        [  0.,   0.,   0.,   0.,  44.,   0.,  11.,  31.,  41., 272.],
        [263.,   0.,   0.,   0.,   0.,   4.,  10.,  14.,  89.,   0.],
        [214.,   0.,  39.,   1.,   0.,  35.,   3.,  22.,   2.,   0.],
        [  1.,   0.,   0.,  23.,   3., 134.,  49.,   2.,  40.,   0.],
        [  0.,   0., 264.,  14.,  21.,   2.,   6.,   2.,  72.,   0.],
        [  5.,   0.,   3.,   0.,  88.,   0., 259.,   7.,   0.,   0.],
        [  0.,   3.,   3.,   0.,   0., 259.,   0.,   3.,  11.,   0.],
        [  0.,   0.,   0.,   5.,   0.,   1.,   0., 255.,   0.,  70.],
        [ 33.,   0.,  86.,   0.,   0.,   8., 265.,   2.,   0.,   0.],
        [  0.,   0.,   0.,   2.,   1.,   0.,  13.,  14.,   1., 255.],
        [270.,   0.,  33.,   2.,   0.,  13.,   8.,   5.,   9.,   0.],
        [  0.,   1.,  23.,   2.,  12.,  66.,  98.,   7., 175.,   5.],
        [  0.,   0.,   0.,  38.,   3.,   0.,   0., 265.,   0.,  45.],
        [ 47.,   0.,   0.,   1.,  14.,   0.,  18.,  10.,   0., 260.],
        [  0.,   0.,   5.,   3., 234.,   2.,  12.,  12.,   0.,  69.],
        [  0., 251.,   0.,  12.,   0.,  19.,   2.,   8.,   6.,   0.],
        [  1.,   0.,   0.,   0.,   0.,   2.,   9.,  15.,   0., 248.],
        [ 98.,   0.,   0.,   5.,   0.,   1.,  45.,   1.,   0., 245.],
        [  0.,   0.,   0.,  10.,   2.,  49.,   2.,   3., 246.,   2.],
        [  0.,   0.,   1., 279.,   0.,   6.,   4.,   3.,  13.,   0.],
        [ 17.,  13.,  31.,   0.,  44.,   0., 282.,   5.,   0.,   0.],
        [  0.,  10.,   0.,   3.,   0.,   1.,   1., 287.,  27.,  20.],
        [  0.,  12.,   0., 247.,   0.,   5.,   3.,   1.,   1.,   0.],
        [  0.,   2.,   6.,  74.,   0.,  15.,   8.,  12., 264.,  52.],
        [  8.,   0.,   4.,   1.,   0., 268.,   0.,   2.,  16.,   0.],
        [  0.,  14.,   0.,   5.,   0., 122.,   2.,   5.,  46.,   0.],
        [  0.,   0.,  29.,   7., 232.,  37.,   2.,  17.,   5.,   1.],
        [ 59.,   0.,  21.,   0.,   0.,   2., 292.,   4.,   0.,   0.],
        [  0.,   0.,   6., 271.,   0.,   3.,   4.,   2.,   8.,   0.],
        [ 42.,   0.,   3.,   0.,   0.,   1., 267.,   3.,   0.,   0.],
        [  0.,   0.,   0.,   0.,   0.,   0.,   3.,  37.,   0., 260.],
        [269.,   0.,   4.,   0.,   0.,   2.,  11.,   5.,   8.,   0.],
        [  0.,   0.,   0., 243.,   0.,   2.,   2.,   4.,   8.,   3.],
        [  5.,   0.,   0.,   0.,   0., 234.,   1.,  17.,  21.,  31.],
        [  0., 255.,   1.,   4.,   0.,   3.,   1.,  15.,   0.,   0.],
        [  0., 261.,   0.,  16.,   0.,   1.,   1.,  32.,   0.,   0.],
        [  4.,   0., 241.,  19.,   0.,  16.,   6.,   5.,  48.,   0.],
        [ 17.,   0.,   0.,   0.,  59.,   1., 294.,   9.,   0.,   0.],
        [  3.,   2.,   0.,   0.,   0., 230.,   0.,  14.,  12.,   0.],
        [  0.,   5.,   0.,   0.,   0.,   3.,   0., 264.,   5.,   2.],
        [  1.,   0.,   0.,  98.,   0., 242.,   4.,   2.,   6.,   6.],
        [  0., 243.,   1.,   4.,   0.,   8.,  48.,   4.,   2.,   0.],
        [  3.,   2.,  47.,   0.,   0.,   7., 233.,   3.,   0.,   0.],
        [ 15.,   0.,   0.,  33.,   6.,   2.,   3.,  14.,   2., 248.],
        [258.,   0.,   0.,   0.,   0.,   4.,   9.,   6.,   8.,   0.],
        [  0.,   0.,   0.,   4.,   0.,   4.,  21.,  12., 241.,  30.],
        [  3.,   0.,   0.,   1.,  36.,   0.,   0., 154.,   0.,  14.],
        [  0.,  34.,   0.,   5.,   0.,   0.,   0., 224.,   0.,   1.],
        [ 63.,   0.,   0.,   6.,   1., 164.,  12.,   4.,   0.,  72.],
        [247.,   0.,   2.,   0.,   0.,   0.,  12.,   6.,   1.,   0.],
        [  0.,   0.,   0.,  74.,   0.,   0.,   0., 271.,   0.,  34.],
        [  0.,   0.,   0., 250.,   0.,  19.,   0.,  19.,  15.,  19.],
        [  2.,   0., 232.,  17.,   0.,   1.,   2.,   0.,   1.,   0.],
        [  0.,   0.,   0.,   0.,  11.,  45.,   1.,   6., 250.,   2.]],
       device='cuda:0')
Epoch 2 | Batch 600
tensor([[  0.,   3.,   0.,   8.,   3.,   0.,   0., 264.,   1.,  78.],
        [  0., 286.,  23.,   5.,   0.,   4.,   1.,   6.,   9.,   0.],
        [ 42.,   0.,   5.,   9.,   0.,   1., 273.,  21.,   1.,   0.],
        [  0.,   0.,   0.,  56.,   4.,   3.,   0., 273.,   0.,   0.],
        [  0.,   0.,   0.,   3.,   2.,   0.,   0.,   9.,  11., 235.],
        [  0., 262.,  43.,   4.,   1.,  26.,   0.,   1.,  11.,   0.],
        [  0.,   0., 224.,  18.,  11.,   0.,  41.,   0.,   6.,   0.],
        [  0.,  36.,   0.,  25.,   5.,   0.,   0.,   5., 226.,   0.],
        [  0.,   0.,   0.,   6., 239.,   4.,   0.,   4.,   3.,  25.],
        [ 32.,   3.,   0.,  25.,   0., 235.,  83.,   4.,   7.,   0.],
        [  4.,  21.,   0., 255.,   4.,  17.,   0.,  12.,   0.,   0.],
        [  0., 278.,  51.,   7.,   0.,   6.,  27.,   2.,   6.,   0.],
        [  0., 264.,  48.,   6.,   1.,   8.,   0.,   1.,  10.,   0.],
        [  0.,  10.,  72., 199.,   0.,   2.,   0.,   3.,   1.,   0.],
        [  0.,   0.,   0.,   4., 245.,   5.,   0.,  65.,   1.,  46.],
        [  0.,   7.,   0., 248.,  21.,  54.,  67.,  10.,   2.,   0.],
        [249.,   0.,   0.,  10.,   9.,   0.,  14.,  32.,   0.,   0.],
        [  0.,   0.,   0., 275.,   5.,  24.,  10.,  23.,   5.,   0.],
        [  0.,   0.,   0.,   8.,   2.,  53.,   0.,   9., 115.,   0.],
        [  0.,   0.,   0.,   8.,  12.,   0.,   0.,   1., 247.,   0.],
        [  0.,   5., 259.,   1.,   2.,  24.,   0.,   0.,  50.,   0.],
        [  0.,   0.,   0.,  11.,   1.,   0.,   0., 269.,   0.,  29.],
        [  0.,   0.,   0.,  14.,  17.,   0.,   0.,   5.,   2., 185.],
        [  0.,   0.,   0.,   2., 245.,  51.,   0.,   7.,   4.,  76.],
        [  0.,   3.,   0.,  13.,   0.,   0.,   0., 228.,   0.,   2.],
        [  0.,   0.,   0.,   4., 239.,  28.,  55.,   4.,   9.,   2.],
        [  2.,   0.,   0.,  84.,   4.,   4.,   0., 256.,   1., 105.],
        [265.,   0.,  26.,  28.,   0.,   3.,  23.,  49.,   1.,   0.],
        [  0., 251.,  12.,   2.,   0.,   3.,   2.,   1.,   3.,   0.],
        [  5.,   0.,   0.,  15.,  13., 228.,   0.,  23.,   2.,   0.],
        [  0.,   0.,   8.,  10.,   0., 209.,   3.,  41.,   3.,   0.],
        [ 91.,   0.,   0.,  10.,   3., 161.,  62.,   7.,   2.,   0.],
        [  0., 267.,  40.,  12.,   1.,   0.,   5.,   3.,  12.,   0.],
        [  0.,   0.,   0.,  12.,  10.,   1.,   0., 239.,   3., 131.],
        [  0.,   0., 268.,   4.,   0.,   0.,   0.,  22.,  14.,   0.],
        [ 45.,  16.,   0., 253.,   0.,  19.,  66.,   5.,   1.,   0.],
        [  0.,   0.,   0.,   4., 243.,   2.,   1.,   1.,   4.,   0.],
        [  0., 260.,  38.,   2.,   0.,   3.,   3.,   2.,   3.,   0.],
        [  0., 228.,  75.,   3.,   3.,  13.,   0.,   1.,   5.,   0.],
        [  0.,  31.,   0.,  16.,   0.,   0.,   0., 249.,   0.,  14.],
        [ 63.,   0.,   0., 170.,   3.,   1.,   1.,  10.,   0.,  14.],
        [  0., 278.,  35.,   5.,   0.,   4.,  13.,   5.,   5.,   0.],
        [  0.,   1.,   0.,  10.,  21.,   3.,   0.,  29.,   8., 236.],
        [ 21.,   7.,   0.,  11.,   0.,   6., 269.,   1.,  14.,   0.],
        [  0., 274.,  65.,  10.,   0.,   0.,   1.,  23.,   7.,   0.],
        [  0.,   0.,   0.,  22.,   3.,   0.,   0., 225.,   1.,  52.],
        [  0.,  25.,   0.,   3.,   3.,  10.,   0.,   5.,   2., 226.],
        [ 22.,   0.,   0.,  22.,   8., 208.,   0.,   2.,   1.,   0.],
        [  0.,   0.,   0.,  13.,   5.,  58.,   0.,   6., 222.,   0.],
        [  0.,  12.,   0.,   4., 190.,  37.,   0.,  37.,   6.,   9.],
        [  0.,   1.,   0.,  19.,   3.,   3.,   0., 274.,   1.,   3.],
        [  0., 276.,  22.,   7.,   0.,   3.,   1.,   3.,   4.,   0.],
        [  0.,   3.,   0.,   8.,   1.,   0., 225.,   0.,   0.,   0.],
        [ 29.,   0.,   0.,  18.,   5., 218.,  19.,   7.,   1.,   0.],
        [ 15.,   0.,   0.,  44.,   0.,   3., 279.,   3.,   0.,   0.],
        [  0.,  10.,   0., 236.,   2.,   1.,   0.,   5.,  12.,   0.],
        [  0.,  30.,   0.,  12.,   0.,   0.,   0.,   2., 211.,   0.],
        [  0.,   0.,   0.,  41.,   6.,   0.,   0., 270.,   1.,  55.],
        [  0.,   0.,   0.,  11.,   7.,  15.,   0.,  12.,   3., 236.],
        [272.,   0.,   0.,  86.,   2.,   1.,   0., 116.,  16.,   0.],
        [  0.,   0.,  46.,   5.,   2., 203.,  17.,   0.,   2.,   0.],
        [  0., 266.,  37.,   7.,   1.,   0.,   1.,   3.,  16.,   0.],
        [  0.,   0., 240.,   5.,   8.,   0.,   0.,   0.,   2.,   0.],
        [  0.,  47., 259.,   8.,   2.,   0.,   1.,   1., 101.,   0.]],
       device='cuda:0')
Epoch 2 | Batch 700
tensor([[  0.,  17.,   2.,   0.,   0., 243.,   0.,   0.,  12.,   0.],
        [  0.,   0.,   0.,  27.,   0.,   1.,   0., 272.,  11.,  20.],
        [  0.,  29.,  25., 236.,  21.,  10.,   0.,   0.,  21.,   2.],
        [  0.,  19.,   0.,   0., 232.,   1.,   0.,   4.,   6.,  15.],
        [  2.,   1.,   0.,   0.,   0.,  21.,   2.,   3., 270.,   7.],
        [  0.,   0.,   0.,   0.,   0.,   0.,   0., 251.,   1.,  41.],
        [  0.,   0.,   0.,   0.,   1.,   0.,   0., 265.,   0.,  20.],
        [  0.,   0.,   0.,   2.,   0.,  88.,   0., 278.,   8.,   8.],
        [  0., 224.,  47.,   2.,   0.,   0.,   0.,   2.,  29.,   1.],
        [  0.,   0.,   0.,   0.,   0.,   0.,   0., 272.,  12.,  16.],
        [  0.,   0.,   0.,   0.,   0.,   0., 246.,   0.,   0.,   1.],
        [  0., 261.,  16.,  29.,   0.,   1.,  14.,   7.,  40.,   0.],
        [  0.,   7.,   0.,   0.,  65., 252.,   0.,   0.,   6.,   2.],
        [  0.,  28., 272.,   0.,   0.,   0.,   8.,   0.,   2.,   0.],
        [  1.,   0.,   0.,   1.,   0., 118.,   0., 288.,  10.,   7.],
        [  0.,   0.,   0.,   0., 247.,   5.,   0.,  35.,   6.,  80.],
        [  0., 246.,   9.,  34.,   0.,   2.,   0.,   5.,   6.,   0.],
        [ 14.,   0.,   0.,   0.,   4.,   0.,   0., 271.,   0.,  17.],
        [ 11.,  11.,   0.,   0.,   3., 212.,   0.,   0.,  14.,  63.],
        [  0.,   0.,   0.,   0., 244.,   0.,  23.,   0.,   3.,  36.],
        [  0.,   3.,  40., 242.,   4.,   9.,   0.,   2.,   6.,  17.],
        [  1.,   0.,   9., 169.,   0.,  35.,   0.,  79.,   2.,  13.],
        [  0.,   0.,   0.,   0.,   0.,   0.,   0.,  55.,   5., 209.],
        [ 11.,   0.,  32.,  17.,   0.,   0., 272.,   7.,   1.,   1.],
        [  0.,  25., 250.,  20.,   0.,   0.,   0.,   1.,   5.,   1.],
        [ 43.,   0.,  16.,   0.,   0., 247.,   0.,   0.,   1.,   8.],
        [  0.,   0.,   0.,   0.,   0.,  20.,   0., 270.,   1.,  21.],
        [  0., 240.,   1.,  47.,   0.,   0.,   0.,  49.,   9.,   2.],
        [  0., 212.,  16.,  11.,   0.,   2.,   0.,   4.,  28.,   1.],
        [  6.,   0.,  14., 247.,   0.,  35.,   4.,   3.,   3.,   1.],
        [  1.,   0.,   0.,   0.,  37., 243.,   0.,   8.,   0.,   2.],
        [  0.,  45.,  22.,   0., 252.,   0.,   7.,  44.,   2.,  14.],
        [264.,   0.,   1.,   0.,   0.,  18., 130.,   0.,   2.,  18.],
        [ 20.,  15.,   0.,   0.,   0., 220.,   0.,   0.,  52.,   4.],
        [  2.,   0.,   0.,   0.,   1., 157.,   0.,  14.,   2.,  19.],
        [  0.,   0.,  65., 235.,  37.,  17.,   0.,   9.,   4.,   1.],
        [ 13.,   1.,  32., 240.,   0.,  14.,   1.,   5.,  15.,   9.],
        [  0.,  57., 230.,  74.,   0.,   0.,   0.,   2.,   2.,   2.],
        [  0.,  16.,   0.,   0., 266.,  16.,   1.,   6.,   2.,  30.],
        [  0.,   0.,   0.,   0.,   3.,   0.,   0.,  48.,   6., 247.],
        [245.,   0.,  10.,  21.,   1.,  18.,  14.,   0.,   1.,   0.],
        [  0.,   0., 233.,   0.,   0.,   0.,   1.,  17.,   2.,  14.],
        [  0.,   0.,   0.,   1.,   1.,  10.,   0., 261.,   0.,   4.],
        [  0.,   0.,   0.,   6.,   0.,   0.,   0., 278.,   1.,  25.],
        [ 75.,   0.,   1.,   2.,   0.,   0.,   1.,   3., 227.,   7.],
        [  1.,  82.,   0.,  32.,  43.,  55.,  73.,   0., 204.,   5.],
        [  0.,  31.,   0.,   0.,   0.,   0., 265.,   0.,   0.,  20.],
        [ 71.,   0.,  10.,   0.,   0.,   0., 270.,   0.,   2.,   1.],
        [  0.,  11.,   0., 255.,  45.,  44.,   0.,   0.,  12.,   2.],
        [  0.,   0.,   0.,   0.,   5.,   0.,   1.,  11.,   5., 270.],
        [  0., 259.,  50.,  23.,   0.,   1.,   0.,   3.,  24.,   0.],
        [  0., 251.,  21.,  31.,   0.,   2.,   0.,  26.,  19.,   1.],
        [  1.,   0.,   0.,   0.,  15.,  58.,   0., 280.,   7.,  31.],
        [  3.,   0.,   0.,   0.,   0.,   0., 249.,   0.,   1.,   7.],
        [258.,   0.,  50.,   0.,   3.,   9.,  72.,   0.,   0.,   0.],
        [  0.,   0.,   0.,   0., 254.,   5.,   0.,  26.,   6.,  68.],
        [  0.,  24.,  15., 232.,   0.,  24.,   0.,   4.,   9.,   7.],
        [  0., 238.,   0.,  56.,   0.,   0.,   1.,  51.,   7.,   5.],
        [  0., 214.,   2.,  45.,   0.,   0.,   0.,  27.,   3.,   4.],
        [  1.,  87., 228.,   0.,  70.,   0.,   1.,   0.,   1.,  57.],
        [  0.,   8.,   0.,  15.,   0.,   2.,   0.,   3., 217.,   6.],
        [  0.,   5.,  53.,   0.,   0.,   3.,   0.,   4., 234.,   2.],
        [247.,   0.,  45.,   9.,   0.,   3.,   0.,  23.,  51.,   1.],
        [  0.,   0.,   0.,   0., 255.,  83.,   1.,  21.,   6.,  35.]],
       device='cuda:0')
Epoch 2 | Batch 800
tensor([[  0.,   0.,   0.,   1.,   9.,   0.,  18.,   8.,   0., 192.],
        [  0.,  21.,  11.,  56.,   0.,   0.,   2.,   0., 277.,   0.],
        [ 48.,   0.,   0.,   2.,   0.,   0., 284.,   0.,   9.,   0.],
        [  0.,   4.,   0.,   2.,   0.,   0.,   4.,  49.,  25., 178.],
        [ 30.,   0.,   0.,   1.,   0.,   0.,   0., 268.,   1.,  67.],
        [  0.,   1.,   0.,  32.,  34., 168.,   1.,  23.,  10.,   0.],
        [ 84.,  99.,  28.,   5.,   0.,  12.,   1., 157.,  33.,  14.],
        [ 49., 270.,   0.,   6.,   0.,   0.,   3.,   0.,  14.,   1.],
        [  0.,   0.,   0.,   2.,   0.,   0.,   0., 274.,   3.,   2.],
        [248.,   2.,   2., 103.,   0.,   0.,  80.,   0.,  17.,   7.],
        [  6.,   3.,   0.,   2.,  15., 181.,  12.,   0.,  20.,  10.],
        [  0.,  28.,  43.,   7.,  10.,   0.,   4., 101., 284.,   0.],
        [  0.,   0.,   0.,  30., 161.,   1.,  67.,   1.,   3.,   0.],
        [  0.,   5.,   0., 246.,   0.,   0.,   2.,   4.,   6.,   0.],
        [  0.,   2.,   0., 263.,   0.,   0.,  57.,   7.,   6.,   0.],
        [  0.,  17.,  12.,   5.,   0.,   0.,   2.,   1., 263.,   0.],
        [  0.,   4.,   3., 158.,   0.,   0.,   8.,   0.,   6.,  21.],
        [ 74.,   1.,   0.,  74.,  32., 245.,   5.,   0.,  19.,   0.],
        [ 72., 277.,   0.,  12.,   0.,   0.,   1.,   0.,  21.,   2.],
        [  0.,   0.,   0.,   4., 250.,   0.,   9.,  16.,   1.,  11.],
        [  0.,   4.,   0.,   3.,   1.,   0.,   2.,  27.,  10., 217.],
        [  2.,   0.,   0.,   3., 252.,   0.,  30.,  29.,   3.,  38.],
        [  0., 280.,   4.,  25.,   0.,   0.,   8.,   0.,  20.,   0.],
        [  8.,   9.,   0., 244.,   0.,  29.,  18.,   0.,   0.,   0.],
        [  0.,   0.,   0.,  11., 243.,   0.,  11.,   3.,  13.,  21.],
        [  0.,   2.,  32.,   5.,   0.,   0.,   4.,  30., 298.,   0.],
        [  0.,   4.,   0., 249.,   0.,   0.,   5.,   1.,   2.,   0.],
        [  3.,   0.,   0.,   6., 232.,   0.,  80.,   3.,   3.,  22.],
        [241.,   0.,   0.,  31.,  31.,   0.,   3.,   0.,   4.,   0.],
        [  0., 210.,   0.,   9.,   0.,   0.,   3.,   1.,   4.,   0.],
        [  0.,   0.,   0.,  42.,   0.,   0.,   2.,   0., 252.,   0.],
        [  0.,   1.,   0.,   7.,   1.,  10.,   3.,  25.,   6., 249.],
        [  0.,   2.,   0., 270.,   0.,   0.,   6.,   8.,  10.,   0.],
        [  0.,   1.,   0., 251.,   0.,  18.,  14.,   1.,   5.,   0.],
        [274.,   0.,   3.,   4.,   0.,  68.,   9.,   0.,   4.,   0.],
        [ 79.,   0.,   0.,  34.,   0., 224.,  38.,   0.,   5.,   0.],
        [264.,   0.,   0.,  10.,  34.,  42.,  35.,   0.,  11.,   3.],
        [251.,   0.,   0.,  97.,  24.,   0.,   5.,   0.,   4.,   0.],
        [  0.,   1.,   0.,  23.,   3.,   0.,   2.,  49., 290.,   0.],
        [  0., 260.,   0.,   5.,   0.,   0.,   8.,   0.,   6.,   0.],
        [ 31.,  16.,   0., 252.,   8.,   0.,   9.,   0.,  33.,   0.],
        [  0.,   5.,   0.,   8.,   0.,   0., 288.,   0.,   7.,   0.],
        [ 13.,   0., 207.,   6.,   0.,   0.,   5.,   0.,   2.,   0.],
        [  0.,   3.,   0.,  14., 253.,   0.,  21.,   4.,   1.,  26.],
        [  6.,   1., 248.,   6.,   0.,   0.,   6.,   0.,  12.,  58.],
        [  0.,  21.,  58.,  15.,   0.,   0.,   3.,   0., 288.,   0.],
        [  0., 267.,   2.,  15.,   0.,   0.,   6.,   0.,   8.,   0.],
        [  0.,   8.,  14.,  10., 230.,   0., 101.,   0.,   2.,   0.],
        [  0.,   0.,   0.,   3.,   0.,   0.,   4.,  26.,   9., 233.],
        [  0.,   0.,   0.,   2., 241.,   0.,  12., 116.,  17.,  53.],
        [  0.,   0.,   0.,   1.,   0.,   0.,   0., 279.,   2.,  21.],
        [  0.,   4.,   0., 257.,   0.,   0.,   7.,   0.,  32.,   0.],
        [  0.,   2.,   0.,   1.,   0.,   0., 271.,   0.,   1.,   0.],
        [  0.,   1.,   0.,   2.,   1.,   0.,   0., 257.,   6.,   4.],
        [  0.,   2., 180.,   6.,   0.,   0.,  11.,   0.,  12.,   0.],
        [  0.,  18.,   2., 100.,   0.,  13.,   1.,   0., 264.,   0.],
        [  1.,   2.,  37.,  16.,   0.,   0.,   6.,   1., 285.,   0.],
        [  0.,   3.,   0.,   6.,  19.,   0., 290.,   0.,   7.,   0.],
        [  0.,  95.,   9.,  20.,   0.,   0.,   6.,   0., 277.,   0.],
        [  5.,   0.,   0.,  13.,   0., 195.,   1.,   0.,   5.,   0.],
        [  0.,   2.,   0., 244.,   0.,   0.,   4.,   8.,   4.,   0.],
        [ 35.,   0.,   0.,   2.,   0.,   0.,   0., 261.,   0.,  45.],
        [  0.,   0.,   0., 232.,   0.,   0.,   1.,  53.,   1.,   0.],
        [  0.,  31., 219.,   6.,   0.,   0.,   8.,  12.,  48.,   0.]],
       device='cuda:0')
Epoch 2 | Batch 900
Switching label layer to Inference Mode (LIF)...
Epoch 2 DONE | Test Acc: 70.97% | Time: 785.7s
Switching label layer back to Training Mode (Clamp)...
tensor([[  0., 267.,   3.,  13.,   0.,   0.,   0.,   0.,  44.,   0.],
        [  0.,   0.,   0.,   0.,   0.,   0.,   0., 214.,   1.,  49.],
        [  1.,  40.,   3.,  12.,   0.,  81.,   0.,   0., 214.,   0.],
        [  4.,   0.,   0.,   0.,   0.,   0., 282.,   0.,  70.,  71.],
        [  0., 237.,  77.,   3.,   0.,   0.,   0.,   0.,   1.,   0.],
        [  1.,   9.,  39., 161.,   0.,   0.,   8.,   0.,   4.,   0.],
        [  0.,   9.,   1.,   0., 212.,   0.,   0.,  14.,   1.,  27.],
        [ 15.,  14.,   0.,   0.,   0., 251.,   0.,   0.,   2.,   0.],
        [  0., 251.,  95.,   3.,   0.,   0.,   0.,   0.,   4.,   0.],
        [  0.,   0.,   0.,   4.,  15.,   0.,   0.,  23.,   2., 189.],
        [  1.,   0.,  19.,   0.,  39.,   0.,   1.,   2.,   3., 234.],
        [235.,   0.,   0.,   0.,   3.,   9., 127.,   0.,   4.,   9.],
        [  1.,   0.,   3.,   5.,   0., 112.,   0.,   0., 239.,   0.],
        [  0.,   0.,   0.,   0.,   0.,   0., 281.,   0.,   8.,  48.],
        [  7.,   0., 115., 256.,   0.,  15.,   0.,   0.,   8.,   0.],
        [ 70.,   0.,   1.,  22., 108.,   2.,   8.,   0., 242.,   0.],
        [  0., 270.,  12.,   0.,   0.,   0.,   0.,  18.,  41.,   0.],
        [  0.,   0.,  48.,   0.,  64.,   0.,   0.,   1.,   5., 226.],
        [  7.,   1.,   0.,   0.,   0., 240.,   0.,   0.,  40.,   0.],
        [  0.,  17.,   0.,   0.,   0.,   0.,   0., 264.,  12.,  55.],
        [  3.,   0., 140.,   0.,   0.,   0.,  84.,   0.,   4.,   0.],
        [  0., 260.,   6.,  22.,   0.,   0.,   0.,  10.,  47.,   0.],
        [  0.,   0.,  37.,   0., 225.,   0.,   0.,   0.,   0.,   0.],
        [290.,   0.,   1.,   0.,   0.,  13.,  74.,   0.,  10.,   0.],
        [  0., 275.,  15.,   1.,   0.,   0.,   0.,   2.,   2.,   7.],
        [ 35.,   0.,   0., 254.,   0.,  44.,  47.,   0.,   6.,   0.],
        [283.,   0.,   0.,   0.,   0.,   4.,  45.,   0.,  34.,   0.],
        [  0., 268.,   8.,   0.,   0.,   0.,   0.,   0.,  34.,   0.],
        [ 16.,   6., 255.,   1.,   2.,   0.,   1.,   0.,   7.,   0.],
        [  0., 280.,  80.,  15.,   0.,   0.,   0.,   0.,   6.,  25.],
        [  0.,   0., 245.,   0.,   0.,   0.,  34.,   0.,   3.,   0.],
        [  0., 263.,  64.,   0.,   0.,   0.,   0.,   0.,   2.,  14.],
        [280.,   0.,   0.,  37.,   0.,  23.,  63.,   0.,   9.,   0.],
        [  2.,   0.,   0.,   0.,  55.,   0.,   0.,   3.,  16., 242.],
        [  3.,   3.,   6.,   0.,   1., 263.,   0.,   0.,   8.,   0.],
        [275.,   0.,   0.,   3.,   0.,   4.,   1.,   0.,  15.,   0.],
        [  0., 273.,   6.,   8.,   0.,   0.,   0.,   0.,  48.,   0.],
        [  4.,   0.,   7.,   0.,   0.,   0., 282.,   0.,   1.,   0.],
        [  4.,   0.,   0.,   0.,   0.,  25.,   0., 214.,   1.,   0.],
        [  0.,   0.,   6.,   0.,   4.,   0.,   0.,  23.,  48., 231.],
        [  1.,   0.,   1.,   2.,   0., 101.,   0.,   0., 258.,   0.],
        [176.,   5.,   5.,   1.,   0.,   7.,   0.,   0.,  19.,   0.],
        [  0.,   0., 238.,   0.,   0.,   0.,  54.,   0.,   1.,   0.],
        [  0., 270.,   6.,   5.,   0.,   0.,   0.,   0.,  20.,   0.],
        [  3.,  15.,   2.,   5.,   0.,   0.,   0.,   0., 213.,   0.],
        [  0.,   1.,   0.,   0.,   0.,   0.,   0., 243.,   2.,  30.],
        [  0.,   0.,   0.,   0., 246.,   0.,   0.,   6.,   3.,   1.],
        [  0., 271.,  40.,   2.,   0.,   0.,   0.,   0.,   8.,   0.],
        [  1.,   0.,   0.,   0.,  22.,   0., 275.,   0.,  15.,   6.],
        [  0.,   0.,   0.,   0., 214.,   0.,   0.,  60.,   6.,  33.],
        [  0.,  39., 274.,   0.,   0.,   0.,  57.,   0.,   0.,   1.],
        [  1.,   0.,   0.,   8.,   0.,   5.,   0., 264.,   4.,   0.],
        [  8.,   0.,   0.,   0.,   0.,   0., 292.,   0.,  21.,   0.],
        [ 10.,   0.,  20., 201.,   0.,   0., 109.,   0.,  10.,   0.],
        [ 12.,  23.,   0.,   4.,   0.,  45.,   0.,   0., 262.,   0.],
        [  0.,  16.,   0.,   0., 231.,   0.,   0.,   2.,   0.,   0.],
        [199.,   3.,   0.,   1.,   0.,  11.,   0.,   0.,   2.,   0.],
        [  0.,  42.,   0.,   0.,   0.,   0.,   0., 254.,   5.,  66.],
        [  3.,   1.,   0.,  97.,  13.,  16.,   0.,   0., 149.,  27.],
        [  6.,   0.,   0.,   0., 235.,   0.,   0.,  36.,  10.,   0.],
        [260.,   0.,   1.,  22.,  11.,  73., 116.,   0.,   6.,   0.],
        [280.,   0.,   2.,  31.,   0.,   2.,  12.,   0.,  46.,   0.],
        [  8.,   2., 236.,   6.,   0.,   0.,   0.,   0.,  75.,   0.],
        [  8.,   0.,   0.,   0., 251.,  11.,  14.,   1.,   7.,  21.]],
       device='cuda:0')
Epoch 3 | Batch 0
tensor([[  0.,   1.,  20.,  20.,   7.,   0.,   1., 258.,   1.,   0.],
        [  0.,   7.,   3.,   0., 247.,  10.,   3.,  10.,   4.,   4.],
        [  0.,   2.,  17., 257.,   0.,   3.,   2.,   0.,   6.,   0.],
        [  0.,   6.,   1.,   0.,  27.,  52.,   1.,   6.,   5., 212.],
        [ 17.,   5.,  11.,   0.,   0.,   0.,   0., 278.,   3.,   1.],
        [ 18.,   3.,   7., 114.,   0.,   0.,   5.,   0., 190.,   0.],
        [  0.,  19.,   2., 242.,   0.,   0.,   0.,   0.,  51.,   1.],
        [  2.,   1.,   1.,   0.,   2., 213.,   2.,   0.,   1.,  75.],
        [  0.,  12.,   0.,  24., 214.,  34.,   0.,   6.,   1.,   0.],
        [  0.,   4.,  13.,   0.,   7.,   0.,   5.,   4.,   2., 212.],
        [  0.,  19.,   2.,   0.,  23.,  27.,   1.,   0.,   2., 218.],
        [  0.,   6.,   4.,   0.,  16.,   0., 263.,   0.,   1.,   2.],
        [  0.,   6.,   4.,   0.,   0., 218.,   9.,   0.,   2.,   2.],
        [ 32.,   2.,  10.,   0.,   0.,   0., 287.,   0.,   5.,  13.],
        [ 89.,   0., 280.,   0.,   0.,   0.,  88.,   0.,  73.,   0.],
        [  0.,  15.,  29., 264.,   0.,  11.,   0.,   0.,  10.,   0.],
        [281.,   1.,  12.,   0.,   0.,  77.,   1.,   0., 119.,   0.],
        [ 55.,   0.,  25., 258.,   0.,   0.,  34.,   0.,   1.,   0.],
        [  0.,  42.,   2.,   0.,   0.,   0.,   1.,  17.,  49., 248.],
        [  0., 279.,  19.,   3.,   2.,   1.,  10.,   3.,   0.,   0.],
        [  0.,   6.,  12.,   0.,  18.,   0.,   4., 277.,   5.,   2.],
        [  0.,   0.,   8.,   3., 212.,   0.,  22.,   0.,   0.,  31.],
        [  0.,   4., 239.,   1.,   0.,   0.,   1., 123.,  54.,   1.],
        [  1.,   3.,   6.,   0.,   0., 221.,   2.,   0.,   9.,   0.],
        [  0., 284.,  21.,   2.,   8.,   0.,  10.,  49.,   4.,   0.],
        [  0.,   7.,  23., 224.,   0.,  10.,   7.,   0.,   0.,   0.],
        [  0., 268.,  14.,   0.,  21.,   0.,   9.,   0.,  67.,   4.],
        [  0.,  14.,   1.,   0.,   4.,   0.,   0., 275.,   7.,   3.],
        [  5.,  25.,   5.,   0.,   0., 235.,   4.,   0.,  28.,   1.],
        [ 13.,  36.,   7.,   0.,   0., 217.,   8.,   0.,  32.,   2.],
        [ 11.,   7.,   4.,   0., 260.,   0.,   8.,  45.,   2.,   9.],
        [  0.,  29.,   2.,   0.,   0.,   0.,   0., 281.,  27.,   2.],
        [  1.,  37.,  39.,   0.,   0.,  41.,  16.,   0., 256.,   5.],
        [  0.,   1.,   1.,  54.,   0.,   0., 247.,   0.,   0.,   1.],
        [ 47.,   9., 281.,   0.,   0., 114.,  35.,   0.,   1.,   1.],
        [290.,   1.,  21.,   1.,   0.,   0.,   9.,  72.,  11.,   0.],
        [  1.,  14.,  11., 243.,   0.,  42.,   2.,   0.,  13.,  22.],
        [  0.,  32.,   3.,   0.,   3.,   1.,   1.,   0., 244.,   1.],
        [  0.,   7.,   1.,  11., 246.,   0.,   1.,  20.,   5.,  10.],
        [  1.,   1.,   1.,   0.,  39.,   0.,   3., 253.,   1.,   3.],
        [  0.,   0.,   9., 265.,   0.,   0.,   3.,   0.,   7.,   0.],
        [  0., 272.,  15.,   2.,   7.,   4.,   6.,   0.,   5.,   1.],
        [ 27.,   0., 241.,   0.,   0.,   0.,  46.,   0.,   4.,   1.],
        [  2.,   5., 296.,   2.,   0.,   0.,  85.,   0.,  11.,   0.],
        [  0.,   4.,  13., 249.,   0.,   8.,   5.,   0.,   0.,   0.],
        [  0.,   5.,   2.,   0., 242.,   1.,   3.,   5.,   4.,  19.],
        [274.,   0.,   6.,   0.,   0.,  36.,  16.,   0.,  30.,   0.],
        [  0.,  13.,   2.,  22., 244.,   0.,   2.,  67.,  11.,  19.],
        [  0.,   2.,  15.,   0.,  56.,   0.,   3.,   0., 222.,   0.],
        [  4.,   0.,   4.,   8.,  10.,   0., 283.,   0.,   0.,   8.],
        [  1.,   3.,  16.,   0.,   3.,  19.,   6.,   0., 264.,   0.],
        [  0.,   5.,   1.,   0., 257.,   0.,   2.,  29.,   9.,   1.],
        [  0.,   8., 261.,   0.,   0.,   0.,  74.,   0.,   0.,   0.],
        [  0.,   7., 272.,   0.,   0.,   0.,  11.,   0., 120.,   0.],
        [  1.,   5., 229.,   0.,   2.,   0.,  20.,   0.,   7.,  55.],
        [  0.,   0.,   0.,  22., 234.,   0.,   0.,  31.,   8.,   1.],
        [  0.,   0.,  32.,  23.,   5.,   0.,  12.,   0.,   0., 177.],
        [  1.,  16.,  14.,   0.,   0.,  27.,   5.,   0., 263.,   1.],
        [  4.,   4., 268.,   0.,   0.,   0.,  78.,   0.,   0.,   0.],
        [  2.,   0.,   1.,   6.,   3., 207.,   1.,   0.,   1.,   0.],
        [  0.,  12.,   6.,   0.,   0.,   0.,   3.,   1., 256.,   1.],
        [  0.,   1.,   1.,  23.,   0.,   0., 231.,   0.,   1.,   2.],
        [288.,   0.,   7.,  69.,   0.,  79.,  32.,   0.,  18.,   0.],
        [ 17.,  36.,   6.,   0.,   0., 212.,   2.,   0.,  12.,   0.]],
       device='cuda:0')
Epoch 3 | Batch 100
tensor([[  7.,   1.,   1.,   3.,  18.,   0., 269.,   2.,  10.,   4.],
        [  4.,  83., 225.,  42.,   4.,  41.,   0.,   0.,   2.,   0.],
        [265.,   0.,   2.,   0.,   0.,   0.,  12.,   0.,   1.,  25.],
        [ 20.,   0.,   0.,  50.,   0., 240.,   2.,   0.,   0.,   0.],
        [  2.,   1.,   0.,   3.,  20.,   0.,  36.,   4.,  51., 262.],
        [  5.,   1.,   3.,  83.,   0., 136.,  24.,   0., 130.,   0.],
        [  0.,   0.,   0.,   0.,   0.,   0.,   0.,   0.,   0., 227.],
        [  9.,   1., 273.,   6.,  29.,   0.,   9.,   0.,   1.,   0.],
        [  1.,   9., 281.,  14.,   2.,   0.,   6.,   0., 112.,   0.],
        [ 43.,   0.,   0.,   0.,   3.,  53.,   3., 236.,   0.,  60.],
        [  8.,   0.,   2.,   7.,   0., 198.,  61.,   0.,   3.,   0.],
        [  3.,  21.,   1., 265.,   0.,  47.,  69.,   0.,   8.,   0.],
        [ 33.,   0.,   0., 249.,   0.,  10., 118.,   0.,   4.,   0.],
        [  4.,   1., 275.,   7.,   1.,   0.,   3.,   0.,   4.,  70.],
        [ 88.,   0.,  24.,   0.,   4.,   0., 269.,   0.,   0.,   0.],
        [  1.,  95.,  30.,   1.,   0.,   0.,   0.,   1., 220.,   0.],
        [  0.,   5.,   0.,   0., 241.,   0.,   0.,   1.,   0.,  25.],
        [  3.,   7., 276.,   2.,   3.,   0.,   3.,   0.,   1.,   0.],
        [  0.,   2.,   2., 276.,   0.,   7.,  18.,   0.,   2.,  74.],
        [  2.,   0.,   2.,   0., 253.,   0.,  57.,   0.,  51., 126.],
        [  5.,   3.,   1., 129.,   0.,   0.,   6.,   0., 261.,   5.],
        [  8.,   0.,   0.,   0.,  38.,   1.,   1.,  27.,   0., 242.],
        [306.,   0.,   3.,  11.,   0.,   0.,  47.,   1.,   1.,   6.],
        [295.,   0.,   1.,   1.,   9.,   1.,   3.,   0.,   4.,  67.],
        [ 20.,   2.,   0.,   0.,   0., 230.,   0.,   0.,   1.,  74.],
        [  3.,   0.,   0.,   0.,   0.,   0.,   0., 273.,   0.,   5.],
        [290.,   0.,   0.,   0.,   0.,   7.,  27.,   0.,   0.,   5.],
        [  0.,   2.,   0., 226.,   0.,   6.,   6.,  21.,   1.,   5.],
        [  0., 272.,  30.,   7.,   0.,  10.,   2.,   0.,   1.,   0.],
        [  2.,   2.,  68.,   8.,   1.,   0., 255.,   0.,   4.,   1.],
        [  4.,   4.,   5.,  21.,   0.,   0.,  14.,   0., 270.,   9.],
        [148.,   0., 218.,   7.,   0.,   0.,   4.,   2.,   0.,  43.],
        [  1.,   1.,   0.,   0., 232.,   0.,   8.,   2.,   0.,  25.],
        [  7.,  10.,  19.,   7.,   0., 243.,   0.,   6.,  42.,   0.],
        [  4.,   3.,   1.,  12.,   0.,   0.,   0.,   0., 247.,  14.],
        [  0.,   1.,   0.,   0., 251.,   0.,   3.,  48.,   1.,  39.],
        [  0.,   0.,   0.,   0., 231.,   0.,   6.,   0.,  50.,  35.],
        [  7.,   0.,   0., 206.,   0., 102.,  39.,   0.,   0.,   0.],
        [ 24.,   0.,  42.,   0.,  18.,   0., 278.,   0.,   0.,   0.],
        [ 48.,   0.,   0.,  15.,   0., 228.,  30.,  13.,   0.,   0.],
        [ 24.,   1.,   0.,   0., 250.,   0., 102.,  63.,   4.,  18.],
        [  7.,   0.,   0.,   0.,   0., 213.,   0.,   6.,   0.,   0.],
        [  0.,   0.,   0.,   0.,  73.,   0.,   0., 112.,  11., 221.],
        [ 66.,   0.,   0.,   7.,  24.,  88.,   0.,  82.,   0.,   5.],
        [  0.,   0.,   0.,   0.,  15.,   0.,   2.,   4.,   2., 258.],
        [  0.,  10.,   0.,   0., 249.,  45.,   0.,  33.,   0.,   1.],
        [  0.,  34.,   0.,  78.,   0.,   0.,   0.,   0., 236.,  12.],
        [  6.,   0.,   0.,   0.,   0.,   0.,   0.,  43., 154.,   2.],
        [301.,   0.,   0.,  89.,   4.,   1.,   0.,   0.,   0., 126.],
        [  2.,   0.,   0.,   0.,   9.,  29., 255.,   0.,   0.,   0.],
        [298.,   0.,   0.,   0.,   9.,  37.,  19.,  10.,   0.,  11.],
        [  6.,   4.,   5., 238.,   0.,  81.,   5.,  17.,   1.,   0.],
        [  2.,  10.,   0.,   0.,   2., 218.,   0.,   1.,   0.,   1.],
        [  9.,   2.,   6.,   0.,   9.,   0.,   0.,   0., 137.,  51.],
        [  1.,   2.,   0.,   0.,  87.,   0.,   0.,  55.,   1., 198.],
        [  2.,   5.,   6.,   0.,   0.,   0.,   2.,   0., 240.,   0.],
        [ 19.,   0.,   0.,   0., 144.,   0.,   4.,   9.,  19., 248.],
        [  8.,   0.,   0.,   3.,   1., 206.,   0.,   0.,   3.,  37.],
        [ 10.,   0.,  14.,   0.,  50.,   0., 292.,   0.,   0.,   0.],
        [  0., 246.,  33.,   2.,   0.,  69.,   0.,   0.,  11.,   0.],
        [  4.,   0.,   1.,  15.,  18.,   0.,   0., 284.,   0.,  10.],
        [ 29.,   0.,   0.,   1.,   0.,   0.,   0., 286.,   1.,   4.],
        [  8.,   0.,   0.,   0.,   8.,  10.,   0.,  49.,   0., 255.],
        [  0.,   0.,   0.,   0.,  13.,   0.,   0.,  27.,   0., 251.]],
       device='cuda:0')
Epoch 3 | Batch 200
tensor([[  0.,   0.,   0.,   0.,   0.,   2.,   2.,   6.,   6., 262.],
        [ 18.,   0.,   0.,  39.,   0.,   0.,   0., 268.,   0.,   1.],
        [  0.,   0.,   4.,   1.,   0.,   4., 264.,   0.,  29.,   0.],
        [  0.,   0.,   0., 238.,  44.,   0.,   0.,   2.,   0.,   0.],
        [  0.,   0.,   0.,   0.,  44.,   1.,   2.,  31.,   1., 237.],
        [  0.,   0.,   0.,   0.,  66.,   0.,   0.,  12.,   0., 179.],
        [  4.,   0.,   0.,  14.,   0., 246.,   0.,   0.,   0.,  11.],
        [  0.,   2.,   0.,  55.,   0.,   0.,   1.,  12.,   0., 240.],
        [  0.,   0.,   0.,  50.,  32.,   5.,   0., 284.,   0.,  10.],
        [  0.,   0.,   0.,  18., 260.,   1.,  13.,   0.,   0.,   2.],
        [  0.,   6.,   7.,  65.,   0.,  31., 269.,   0.,   3.,   0.],
        [  0.,   0., 225.,  48.,   0.,   0.,   4.,   0.,   0.,   1.],
        [  0.,  32.,   0.,  40.,   0.,  50.,   2.,   6.,   0., 119.],
        [  1.,   0.,   0.,   0.,   0., 271.,   0.,   1.,  17.,   6.],
        [  0.,   0.,   0.,  60.,  27.,   0.,   0., 282.,   0.,   9.],
        [  0., 272.,   5.,   4.,   0.,   2.,   0.,  10.,   2.,  48.],
        [  0.,   1.,   0., 256.,   0.,   0.,   0.,   2.,   0.,   0.],
        [  0.,   0.,  34., 179.,  22.,  26.,  10.,   0.,   7.,   1.],
        [ 46.,   0.,   5.,   0., 208.,   9.,   2.,   0.,   0.,   6.],
        [275.,   0.,   0.,   0.,   0.,   0.,   8.,   0.,   0.,  31.],
        [  0.,   0.,   1.,  21.,  27.,   0.,   0., 275.,   0.,  12.],
        [  0., 267.,   2.,  27.,   0.,   0.,   0.,   3.,   0.,   3.],
        [  0.,   0.,   0.,   0., 237.,   0.,   0.,   4.,   0.,  61.],
        [  0.,   0.,  30.,  13.,   0.,   0., 279.,   0.,  66.,   1.],
        [271.,   0.,   4.,   0.,   0.,   0.,   1.,   0.,   0.,   0.],
        [  0.,   0.,   0.,   0.,   4.,  12.,  16.,   0.,   1., 275.],
        [ 85.,   0.,   0., 228.,   0.,   1.,  11.,   0.,   0.,   0.],
        [  0.,  35., 205.,  72.,   0.,   0.,   7.,   0.,   0.,   0.],
        [  0.,   0., 263.,   0.,   0.,   0.,   8.,   0.,   0.,   3.],
        [  0.,   0.,   0.,   0.,   0.,   0.,   0.,   2.,   0., 245.],
        [  0.,  21., 207.,   7.,   0.,   0.,   2.,   0.,   0.,   0.],
        [  0.,   0.,  59.,  59.,   0.,   0., 280.,   0.,  24.,   4.],
        [ 21.,   0.,   0.,  61.,   0., 207.,  18.,   0.,  59.,   9.],
        [  0.,   3.,   2.,   0.,  55.,  30.,   1.,   0., 236.,   0.],
        [  0.,   0.,  45.,   4.,   0.,   0., 270.,   0.,   0.,  41.],
        [  0.,   0.,   0.,   0.,  61.,   0.,   2., 105.,   0., 254.],
        [  0.,  13.,   2., 252.,   0.,   0.,   2.,   0.,   0.,   0.],
        [  2.,   0.,   1., 263.,   0.,  26.,   6.,   0.,   0.,   0.],
        [  0.,  66.,   0.,   1.,  14., 159.,   8.,   0.,  27.,   0.],
        [261.,   0.,  21.,   0.,   0.,   0.,  82.,   0.,   0.,   1.],
        [ 53.,   0.,   0.,   8.,  21.,   0.,   0., 271.,   0.,  15.],
        [ 60.,   0.,   0.,   0.,  86.,   0.,   2.,  11.,   0., 150.],
        [  0.,   0., 267.,   0.,   8.,   0.,  36.,   0.,  29.,  10.],
        [  0.,   0.,   1.,   0.,   0., 240.,   0.,   0.,   0.,   0.],
        [ 25.,   0.,   8.,   0., 230.,   0.,  18.,   0.,   0.,  21.],
        [ 34.,   0.,   5., 243.,   0.,   0.,   3.,  20.,   0.,   2.],
        [  2.,   0.,   1.,   0.,   0., 252.,   1.,   2.,   0.,   4.],
        [  0., 270.,   6.,  13.,   0.,   3.,   3.,   3.,   0.,   0.],
        [  0.,  34.,   2., 236.,   0.,   0.,   0.,   0.,  46.,   1.],
        [  9.,   0.,   1.,   0.,   0.,   0., 280.,   0.,   0.,   0.],
        [ 11.,   0.,  26.,  72.,   0.,   0., 270.,   0.,  14.,   0.],
        [  0.,   0.,   1.,   0., 262.,   5.,   1.,  12.,   0.,  69.],
        [  0.,   1.,   1., 109.,   0.,   0., 270.,   0.,   0.,   0.],
        [  1.,   4.,  15.,   7.,   0.,   0., 284.,   0., 126.,   0.],
        [  9.,   0.,   0.,   0.,   0., 218.,   0.,   1.,   0.,  37.],
        [  2.,   0.,   0.,   5.,   0.,   0.,   0., 240.,   0.,  73.],
        [  0., 232.,   0.,  23.,  13.,   3.,   0.,   4.,   0.,   0.],
        [  0.,   0.,   0.,   6.,  32.,  29.,   0., 287.,   0.,  30.],
        [  0.,   0.,   4.,   4.,   0.,   6., 205.,   0.,   9.,   0.],
        [ 26.,   0.,   1.,   0.,   0., 225.,   0.,   0.,   0.,  40.],
        [  0.,   1.,   0.,  12.,   0.,  62.,   7.,   4.,   0., 213.],
        [  1.,   0.,   0.,   4.,   0.,   5.,  86.,   0., 252.,   0.],
        [  0.,   0.,   0.,   3.,   0.,   9.,   0., 271.,   0., 122.],
        [  0.,   0.,  26.,   6.,   0.,   6., 264.,   0.,   5.,   0.]],
       device='cuda:0')
Epoch 3 | Batch 300
tensor([[  0.,   3.,  26., 264.,   0.,   0.,   0.,   3.,   1.,   0.],
        [259.,   0.,   0.,  28.,   0.,   7.,   0.,   0.,   1.,   0.],
        [271.,   0.,   0.,  13.,   0.,   6.,   0.,   0.,   4.,   0.],
        [  0., 254.,   7.,  12.,  14.,   0.,   0.,   2., 105.,   0.],
        [  0., 261.,   4.,   4.,  22.,   0.,   0.,  19.,  18.,   0.],
        [  0.,   4.,   0.,  18.,   0., 271.,   0.,   1.,  17.,   0.],
        [  0.,   5.,   3.,   6.,   0.,   0.,   0., 178.,  32.,   0.],
        [  0.,   0.,  10., 144.,   0.,   7.,   0., 101., 242.,   0.],
        [ 18.,   0.,  32.,   4.,   0.,   0., 280.,   0.,   4.,   0.],
        [  0.,   1.,  23.,   4.,   0.,   1., 245.,   1.,  24.,   0.],
        [  0.,   0.,   0., 248.,  23.,   0.,   0.,  32.,   6.,   1.],
        [  0.,   7.,   6.,   3.,   0.,  82.,   0.,   4., 281.,   0.],
        [  0.,  48., 257.,  16.,   0.,   0.,   1.,   1.,  25.,   0.],
        [  1.,   0., 278.,   4.,  19.,  10.,  58.,   0.,   5.,   0.],
        [  0.,   0.,  23.,   0.,   2., 251.,   0.,   0.,  15.,   0.],
        [  1.,   0.,   1.,   4.,   2.,   4., 271.,   0.,   2.,   0.],
        [  0.,  30.,   0., 279.,  56.,  49.,   0.,   3.,   2.,   0.],
        [  7.,   0.,   0., 138.,   0., 274.,   2.,   0.,   7.,   0.],
        [  2.,  21.,   0.,  10.,   0., 277.,   0.,   2.,   2.,   0.],
        [  0.,   0.,   0., 265.,  24.,   0.,   0.,   7.,  23.,   0.],
        [  0., 253.,   6.,   4.,   7.,   0.,   0.,   2.,  12.,   0.],
        [  0., 260.,  56.,  11.,  12.,   0.,   0.,  27.,   3.,   0.],
        [  0., 254.,   6.,   5.,  11.,   0.,   0.,   8.,  58.,   0.],
        [270.,   0.,   0.,   4.,   0.,  34.,  10.,   0.,   2.,   0.],
        [  0.,   0.,   0.,   9.,   0.,   0.,   0.,   8., 255.,  29.],
        [  0.,   1., 264.,   8.,  13.,   0.,   8.,   0., 116.,   0.],
        [  0.,   0.,   0.,   2.,   0.,   5.,   4.,  14.,  29., 259.],
        [  0.,   0.,   1., 286.,   6.,   1.,   0.,   8.,  62.,   0.],
        [  0.,   0., 281.,   4.,   0.,   0.,  26.,   5.,  28.,   0.],
        [  0.,  64.,   0.,   0.,  22., 261.,   1.,   0.,  15.,   0.],
        [  0.,   0.,  24.,   1.,   0.,   0., 275.,   2.,   2.,   0.],
        [  0.,   4.,   8., 280.,   0.,   0.,   0.,  11.,   1.,   0.],
        [284.,   0.,   0.,   3.,   0.,   2.,  18.,   0.,   4.,   0.],
        [  0.,   0., 270.,   3.,  34.,   0.,  43.,  14.,  91.,   0.],
        [  0.,   7.,   0.,   2.,   0.,   0.,   0., 275.,   1.,  45.],
        [  0.,   6., 245.,   1.,   6.,   0.,  43.,  64.,   1.,   0.],
        [  0.,   0.,  40., 268.,   0.,  10.,   2.,   0.,   1.,   0.],
        [  0.,   0.,  50.,   1.,   0.,   0., 253.,   2.,   2.,   0.],
        [  0.,   0.,  27.,   2.,  22.,   0., 277.,   5.,   3.,  35.],
        [  0.,   0.,   0.,   1.,  32.,  19.,  47.,   4.,   3., 270.],
        [  0.,   0., 276.,   3.,   0.,   0.,  32.,   0.,   2.,   0.],
        [  0.,   0.,   1., 295.,   0.,  20.,   0.,  71.,  10.,   4.],
        [ 22.,   0.,  25.,   9.,  38.,   0.,   6., 252.,   2.,  78.],
        [  0.,   0.,   0.,   2.,   0., 280.,   0.,   2.,   4.,   0.],
        [278.,   0.,   1.,  42.,   0.,   4.,  42.,   0.,   8.,   0.],
        [  0.,   0.,   0.,  12.,  20.,  10.,   0.,  14.,   5., 265.],
        [  8.,   0.,   0.,   4.,   6.,  44., 262.,   0.,   3.,   0.],
        [  0., 266.,  23.,   7.,   0.,   0.,   0.,  20.,   6.,   0.],
        [  6.,   0.,   0.,   7.,   0., 261.,  61.,   0.,   5.,   0.],
        [  0.,   1.,   4.,  14.,   0.,   0.,   0., 236.,  31.,  22.],
        [  0.,   0.,   0.,  22.,   0.,   0.,   0.,   3., 281.,  13.],
        [  0.,   0.,   0.,  21.,   0.,  70.,   7.,   3., 114.,   4.],
        [  1.,   0.,   1.,  36.,   0.,   1.,   0.,   2., 295.,   5.],
        [  0., 269.,  18.,   6.,   0.,   0.,   0.,  27.,   7.,   8.],
        [  0.,   0.,   0.,   1.,   0.,   0.,   3.,   1., 266.,   0.],
        [  0.,   0.,   1.,  13.,   0., 261., 121.,   3.,  10.,   0.],
        [  0.,   0.,  34.,  58.,   0.,   0.,   5.,   2., 131.,   0.],
        [  0., 115.,   0.,   4.,  15., 265.,   0.,   2.,  13.,   0.],
        [  0.,   0.,   5., 238.,   0.,   0.,   0.,  19.,   8.,  30.],
        [  0.,  11.,   0.,   9.,   0.,   0.,   0.,  44., 264.,  31.],
        [  0., 265.,  32.,   6.,  25.,   0.,   0.,  19.,   4.,   1.],
        [  0.,   0.,   0.,   5.,   0.,  45., 261.,   0.,   7.,   0.],
        [  0.,   0.,   0.,   5.,   0.,   0.,   0., 275.,   1.,   1.],
        [  0.,   0.,  80.,  10.,   0.,   0.,   0., 278.,   1.,   4.]],
       device='cuda:0')
Epoch 3 | Batch 400
tensor([[  0.,   0., 261.,   0.,  22.,   0.,   0.,   0.,   0.,   0.],
        [  0.,   0.,   0.,  62.,   0.,   0.,   8.,  12.,  26., 223.],
        [  0.,   1.,   0.,  28.,  32., 236.,   0.,   0.,   7.,   0.],
        [  1.,   0.,   1.,  33.,   0., 227.,   0.,   0.,  39.,  47.],
        [  0.,   0.,   1.,  12.,  20.,   0.,   0., 259.,  45.,  56.],
        [  0.,   0.,   2.,   0.,  63.,   1., 244.,   0.,   0.,   0.],
        [258.,   0.,   3.,  20.,   0.,   0.,   3.,   0.,   6.,   0.],
        [  0.,   0.,   0.,   1.,  12.,   0.,   1.,   0.,  38., 236.],
        [  0.,   0.,   1.,   0., 265.,   5.,  39.,  65.,  70.,   0.],
        [  4.,   0.,  82., 152.,   0.,   1.,   0.,   0.,   5.,   0.],
        [ 11.,   0.,   4.,   0.,   0.,   0.,   0., 148.,  19.,   0.],
        [  9.,   0.,   2., 238.,   0.,  22., 120.,   0.,   0.,   0.],
        [  0.,   0.,  25.,   0.,   9.,   1., 240.,   0.,   1.,   0.],
        [  0.,   0.,   0.,   1.,   0.,   0., 238.,   0.,   1.,   0.],
        [  0.,   0.,   0., 260.,  24.,   2.,   0.,   0.,   6.,   0.],
        [  0.,   1., 269.,   0.,   0.,   0.,   0.,   0.,   3.,   0.],
        [  0.,   0.,   2.,   0., 249.,   8.,   7.,   0.,  15.,   0.],
        [  0.,   0., 249.,   0.,  38.,   2.,   4.,   0.,   1.,   0.],
        [  0.,   0., 215.,   0., 103.,   0.,   0.,   2.,   0.,   0.],
        [  0.,   0.,   5.,  24.,   3., 119.,   0.,   0., 273.,   0.],
        [  0.,   0.,   3.,   1., 238.,  10.,   0.,  14.,   0.,   0.],
        [  0.,  48., 145.,   0.,   8.,   0.,   0.,   0.,   4.,   0.],
        [  0.,  22.,   1.,   5.,   0.,   0.,   0.,   2., 232.,   0.],
        [  1.,   6.,   1., 267.,   0.,   0.,  37.,   0.,   2.,   0.],
        [  0.,   0.,   0.,  63.,  30.,  14.,   0., 255.,   0.,   0.],
        [  0.,   0.,   0.,  11.,   0.,   0.,   0.,  27.,  12., 247.],
        [248.,   0.,  37.,  77.,   0.,   0.,   0.,  81.,   0.,   0.],
        [  0.,   6.,   6.,   0.,   0., 223.,   0.,   0.,  31.,   0.],
        [  0., 170.,   6.,  29.,   0.,   0.,   0., 123.,   4.,   0.],
        [  0., 259.,  32.,   6.,   0.,  18.,   0.,   0.,   0.,   0.],
        [  0., 258.,  23.,   8.,   0.,  30.,   0.,   0.,   1.,   0.],
        [  0.,   0.,  14.,   0., 143.,   1.,   0.,   0.,   1.,   0.],
        [  0.,  29.,   7.,   0.,  34., 221.,   0.,   1.,   6.,   0.],
        [  0.,   0.,   0.,  12.,   4.,   0.,   0., 263.,   2.,  83.],
        [  1.,   0.,   1., 259.,  78.,  27.,   0.,   0.,  10.,   0.],
        [  0.,   0.,   4.,   0.,   0.,   1., 266.,   0.,   1.,   0.],
        [  0., 254.,  11.,  55.,   0.,   0.,   0.,   0.,   0.,   0.],
        [  0.,   0.,  29., 231.,  78.,   0.,   0.,   0.,  26.,   0.],
        [  0.,   0.,   0., 256.,   0.,  27.,   0.,   0.,  14.,   0.],
        [268.,   0.,   1., 130.,   0.,  41.,   0.,   0.,  17.,   8.],
        [  8.,   0.,   6.,   2.,   0.,  43., 247.,   0.,   1.,   0.],
        [  0.,   0., 192.,   1.,  81.,   0.,  12.,   0.,   0.,   0.],
        [  4.,   0., 268.,  12.,   0.,   2.,   0.,   0.,  18.,   0.],
        [261.,   0.,   5.,  26.,   0.,   2.,  24.,   0.,   4.,   0.],
        [  0.,   0.,   9., 272.,   1.,   0.,   0.,  37.,   0.,   0.],
        [  3.,   0.,   2., 278.,   4.,   0.,   0.,  54.,   5.,   0.],
        [  0.,   0.,   5.,   0., 257.,  12.,   0.,  56.,  57.,   0.],
        [  0.,   0.,   0.,   0., 240.,  49.,   2.,   0.,   3.,   0.],
        [277.,   0.,   2.,  10.,   0.,   1.,  36.,   0.,  64.,   0.],
        [214.,   0.,  14.,   0.,   0.,   1.,  34.,   0.,   0.,   0.],
        [269.,   0.,   2.,   6.,   0.,   0.,  77.,   0.,  24.,   0.],
        [  1.,   0.,   2.,  39.,   0.,  42.,   3.,   0., 188.,   0.],
        [  0.,   0.,   0.,   5.,   0.,  33., 236.,   0.,   1.,   0.],
        [  0.,   0., 272.,   0.,   0.,   0.,   0.,   0.,   2.,   0.],
        [  0.,   0., 196.,   1.,   0.,   0.,   0.,  20.,  28.,   0.],
        [  0.,  47., 229.,   1.,   0.,   0.,  74.,   3.,  12.,   0.],
        [  0.,   0.,   0., 276.,   2.,   1.,   0.,  35.,   3.,   0.],
        [  0.,   0.,  50., 237.,   6.,   0.,   0.,   0.,   2.,   0.],
        [  0.,   0.,   3.,  14.,   0.,  34.,   0.,   0., 264.,   0.],
        [  0., 262.,  11.,  31.,   0.,   0.,   0.,   0.,   0.,   0.],
        [  0.,   0.,   0.,   0.,   0.,   0.,   0., 206.,   2.,  12.],
        [  0.,  27., 271.,  62.,   0.,   0.,   0.,   0.,   1.,   0.],
        [ 11.,   0.,  27.,   0.,   4., 231.,   0.,  11.,   2.,   0.],
        [  0.,   0.,   0.,  10.,   5.,   0.,   0.,   7.,   5., 222.]],
       device='cuda:0')
Epoch 3 | Batch 500
tensor([[117.,   0., 153.,   0.,   0.,  32.,   0.,   1.,   0.,   0.],
        [  1.,  30., 272.,   0.,   5.,   0.,  66.,  15.,   0.,   0.],
        [  3.,   0.,   0.,   0.,   0., 238.,   0.,   0.,  56.,   0.],
        [  1., 275.,  13.,   2.,   0.,   9.,   0.,   0.,  14.,   0.],
        [224.,   0.,   4.,   0.,   0.,   0.,   0.,   2.,   0.,   0.],
        [  0.,   0.,   0.,   0., 245.,   0.,  32.,   2.,  48.,  72.],
        [  2.,   0.,   4., 243.,   0.,   0.,   0.,   0.,   0.,   0.],
        [  0.,   1.,   1.,  10.,   0.,   0.,   0.,   0., 229.,  19.],
        [  0.,  33., 242.,   0.,   0.,  21.,   9.,   0.,   0.,   0.],
        [  0.,  25.,   2.,  50.,   0.,   0.,   0., 255.,   0.,   0.],
        [  0.,  40., 197.,  11.,   0.,   6.,  12.,   0.,   0.,   0.],
        [  0., 250.,  16.,   0.,   0.,  29.,   0.,  19.,   0.,   0.],
        [  0.,  90.,   4.,  13.,   0.,   1.,   0.,   0., 229.,   0.],
        [ 14.,   0.,   1.,   0.,   0., 240.,   0.,   0.,   0.,   0.],
        [ 24.,   0.,   2.,   0., 233.,   0.,  11.,   1.,  45.,   4.],
        [  1.,   0.,  22., 270.,   0.,   0.,   2.,   0.,   0.,   0.],
        [  0.,   0.,   0.,   0., 174.,   2.,   3.,   2.,  11.,  16.],
        [  0.,   0.,   0.,   0., 240.,  67.,   4.,  34.,   0.,  18.],
        [ 12.,   0.,   1.,   0.,  35.,   0.,   8.,  63.,   0., 258.],
        [  1.,   0.,   3.,   0.,   0.,   0., 267.,   5.,   0.,   0.],
        [  0.,   2.,   0.,   0.,   0.,   0.,   0.,   4.,  12., 260.],
        [  0.,   0.,   3.,   0., 254.,   0.,   3.,   0.,  26.,  19.],
        [  0.,  34., 254.,  65.,   0.,   2.,   0.,   1.,   6.,   0.],
        [  0.,   8.,   1.,   4.,   0.,   0.,   0., 253.,   0.,   0.],
        [  0.,   0.,   0.,   0., 213.,   5.,   5.,   0.,  13.,   2.],
        [  0.,  13., 247.,   6.,   0.,  53.,   0.,   2.,   0.,   0.],
        [  1.,   0., 118., 274.,   0.,   0.,   1.,   0.,  56.,   0.],
        [  0., 275.,  23.,   7.,   0.,   4.,   0.,   0.,  11.,   0.],
        [  0.,   1., 257.,   9.,  26.,   0.,  22.,   0.,   0.,   0.],
        [  1.,   0.,   6.,   0.,   0.,   0., 280.,   0.,   0.,   0.],
        [  0.,   2.,   0.,   0.,   0.,   1.,   0.,  22.,   0., 245.],
        [  0.,  19.,   2.,   0.,   7.,   0.,   0., 246.,   0.,   0.],
        [  0.,   0.,   4.,   0., 107.,   0., 268.,  24.,   0.,   0.],
        [  0.,   0.,   0.,   0.,  59.,   0.,   0., 250.,   0.,   0.],
        [  0., 267.,  23.,   9.,   0.,   5.,   0.,   5.,   0.,   0.],
        [  2.,   0.,   4., 239.,   0.,   0.,   1.,   0.,   0.,   0.],
        [  0., 267.,  22.,   5.,   0.,   8.,   0.,  21.,   0.,   0.],
        [  0.,  62.,   7.,  39.,   0.,   4.,   0.,   0., 224.,   0.],
        [  0.,   9.,   0.,   0.,   0.,  10.,   0.,   7.,   1., 252.],
        [  0.,  11.,   2.,   5.,   0.,   0.,   0.,   1., 216.,  18.],
        [ 11.,   0.,   0.,   0.,   0., 251.,   0.,   0.,  46.,   1.],
        [  0.,   0.,   3.,   0., 244.,   0.,   0.,   2.,   0.,   0.],
        [ 15.,   0.,   0.,   0., 264.,   0.,  31.,  15.,  24., 133.],
        [  0.,   0.,   6., 137.,   0.,   0.,   0.,   0.,  66.,   0.],
        [255.,   0.,   2.,   0.,   0.,   3.,  63.,  47.,   0.,   0.],
        [ 35.,   0.,   2., 273.,   0.,   7.,   0.,   0.,  56.,   0.],
        [ 52.,   0.,   0.,   0.,   0., 239.,   0.,   0.,   0.,  14.],
        [  0.,  50., 264.,   4.,   0.,   0.,  13.,   0.,   0.,   0.],
        [  0.,   0., 214.,   0.,   0.,  24.,  21.,   0.,   5.,   0.],
        [  0.,   0.,  28.,   0.,   4.,   0., 276.,   0.,   0.,   0.],
        [  0.,   0.,   0.,   0.,   0.,  16.,   0.,   3.,   6., 257.],
        [  0.,   0.,   0.,   0.,   0.,   0.,   0.,   7.,  22., 269.],
        [271.,   0.,   3.,   0.,   0.,   0.,   0.,   1.,   0.,   0.],
        [  1.,   0.,   5.,   0.,  16.,   0., 277.,   0.,   0.,   0.],
        [  0.,   0.,   0.,  17.,   0.,   0.,   0.,   2.,  34., 266.],
        [277.,   0.,  17.,   0.,   0.,   0.,  34.,   0.,   0.,   0.],
        [  0., 266.,  24.,   0.,  41.,  25.,   0.,   3.,   0.,   0.],
        [  0.,   0.,   5.,   0.,  73.,   0., 272.,   2.,   0.,  66.],
        [287.,   0.,   4.,   0.,   0.,  17.,   0.,   0.,   0.,   0.],
        [  0.,   0.,   1., 256.,   0.,  16.,   0.,   0.,   0.,   0.],
        [  0., 269.,  18.,   0.,   0.,  18.,   2.,  13.,   0.,   0.],
        [  0.,   0.,   0.,   0.,   4.,   0.,   0.,  23.,   0., 265.],
        [  3.,   0.,   1.,   0.,   0.,   0.,   0.,   0., 228.,   0.],
        [  0.,   0.,  18.,   0.,  88.,   0., 269.,   0.,  36.,   0.]],
       device='cuda:0')
Epoch 3 | Batch 600
tensor([[ 11.,   0.,   0.,   6.,   1., 268.,   0.,  19.,   0.,   2.],
        [ 56.,   0.,   5.,   4.,  11.,   0.,   0.,   0., 293.,   6.],
        [  1.,   0.,   0.,   0.,   0.,   4.,   0.,   0., 259.,   0.],
        [  7.,   0.,   0.,   5.,  17., 240.,   0.,   6.,   0.,   8.],
        [  0.,   0.,   0.,   0.,  35.,   0.,   0., 110.,   0., 237.],
        [  7.,   0., 159.,   1.,   0.,  48.,   2.,   1.,   0.,   0.],
        [  0.,   0.,   0.,   0., 265.,  18.,   0., 127.,   0.,  13.],
        [  0., 218.,   0.,   5.,   0.,   6.,   3.,  14.,  32.,   0.],
        [ 56.,   0.,   3., 288.,   9.,   0.,   0.,   0.,   0.,   1.],
        [  3.,   0.,   3.,   8.,   3.,   2.,   0.,   0., 291.,   1.],
        [  2.,   0.,   4., 275.,   0.,   0.,   0.,   0.,  26.,   0.],
        [  1.,  16.,   9., 285.,   0.,   0.,   3.,   0.,   0.,   1.],
        [  0.,   0.,   1.,   7., 204.,   0.,  46.,   0.,   0.,   2.],
        [  0., 237.,  10.,   2.,  85.,  73.,   1.,   0.,  85.,   1.],
        [  0.,   0.,   0.,   0.,   4.,   0.,   0.,  60.,   1., 233.],
        [ 20.,   0.,   0.,   3.,  14.,  99.,   6.,   0., 287.,   5.],
        [  0.,   0.,   0.,   0.,  33.,   0.,   0.,   9.,  27., 243.],
        [  0.,   0.,   0.,   0.,   8.,   0.,   0., 264.,   6.,  79.],
        [  0.,   0.,  44., 155.,   0.,   0.,   0.,  44.,   0.,  22.],
        [  7.,   0.,   8.,   2.,   2.,   1., 285.,   0.,   0.,   1.],
        [  3.,   8., 293.,  55.,   0.,   0.,   2.,   0.,   0.,   0.],
        [  2.,   0., 267.,   3.,   0.,   0.,   9.,  74.,  15.,   0.],
        [ 12.,   0.,   4., 246.,   0.,   9.,   0.,  18.,   0.,   1.],
        [  0.,   9.,   6.,   3., 110.,   0., 252.,  25.,   0.,   0.],
        [205.,   0.,   0.,   0.,   0.,   3.,   0.,   0.,   0.,   1.],
        [  3.,   0.,   0., 285.,   0.,   0.,   0.,   0.,   0.,   0.],
        [256.,   0.,   0.,   0.,   0.,   9.,   0.,   0.,   0.,   0.],
        [  1.,   0.,  10.,   0.,   0.,  14.,   0.,   0., 270.,   0.],
        [  0.,   0.,   0.,   0.,   6.,   0.,   0., 271.,   0.,  27.],
        [282.,   0.,   5.,  15.,   0.,   3.,   0.,   0.,   0.,   0.],
        [  0.,   0.,   0.,   0.,  12.,   0.,   0., 266.,   1.,  59.],
        [  0., 243.,   4.,   0.,  21.,  63.,   4.,   0.,  24.,   0.],
        [  1.,   0.,   0.,   0., 229.,  32.,  25.,   0.,   0.,   8.],
        [  0.,   0.,   0., 256.,   0.,   0.,   0.,   2.,   3.,   0.],
        [109.,   0.,   0.,   9.,   0.,  11., 273.,   0.,   0.,   0.],
        [  0., 255.,   0.,   6.,   0.,  11.,   0.,  21.,   1.,   0.],
        [ 15.,   0., 246.,   0.,   0.,   0.,   0.,  42.,   1.,   0.],
        [ 35.,   0.,   0., 243.,   0.,   5.,   0.,  28.,   0.,  49.],
        [  0., 260.,   3.,  19.,   0.,   6.,   5.,   0.,   1.,  10.],
        [  2.,   1.,   2.,   5.,   0.,  18., 276.,   0.,   0.,   1.],
        [  1.,  83.,   8.,   4.,   5.,   0., 264.,   0.,   0.,   1.],
        [  0.,  15.,   2., 283.,   1.,   0.,   0.,  66.,   1.,   0.],
        [  0.,   0.,  40.,  45.,   5.,   0.,   0.,   0.,  81., 229.],
        [  0., 252.,   1.,  15.,   0.,  13.,   0.,   0.,   2.,   0.],
        [  1.,   3.,   2., 268.,   0.,   0.,   1.,   0.,   0.,   0.],
        [  3.,   0.,  49.,   2.,   0.,   0.,   0., 253.,   0.,   5.],
        [  1.,   0.,   0.,   3.,   3., 227.,   0.,   3.,   1.,   1.],
        [  4.,   0.,   0.,   0., 243.,  12.,  38.,   3.,   0.,   1.],
        [  0., 255.,   4.,   5.,   7.,  51.,   0.,   0.,  11.,   0.],
        [  0.,   1.,   0.,   0., 264.,  56.,   0.,  54.,   0.,   4.],
        [ 43.,   0., 259.,   1.,   0.,   0.,   2.,   0.,   1.,   0.],
        [  0.,   0.,   0.,   2., 221.,  10.,  11.,  76.,  54.,  12.],
        [  7.,   0.,   0.,  64.,   2., 245.,   0.,   0.,  11.,  10.],
        [  9.,   0.,   0.,   1.,   1., 251.,   0.,   7.,   0.,   3.],
        [ 28.,   0.,   0.,   4.,   0.,  18., 268.,   0.,   0.,   0.],
        [  0.,   0.,   0.,   6.,   0.,   3.,   0.,   2.,   0., 238.],
        [ 37.,   0.,   0.,  67.,   0., 255.,   0.,   0.,   5.,   4.],
        [  2.,   0.,   3., 251.,   0.,   0.,   0.,  10.,   0.,   0.],
        [  0.,  18., 147.,   1.,   1.,   8.,   0.,  55.,   1.,   0.],
        [  5.,   0.,   1., 257.,   0.,   0.,   0.,   0.,   0.,   0.],
        [ 51.,  56., 270.,  23.,   0.,   0.,   6.,   0.,   0.,   0.],
        [  1.,  52.,   2.,  35.,   0.,   0., 250.,   0.,   0.,   0.],
        [  1.,   0.,   6.,   5.,   0.,  17.,   0.,   0., 282.,   3.],
        [  0., 221.,   0.,   8.,   0.,   1.,   1.,  61.,   1.,  13.]],
       device='cuda:0')
Epoch 3 | Batch 700
tensor([[ 29.,  16.,  34., 267.,   0.,  23.,   0.,   0.,  79.,   4.],
        [  0., 223.,   0.,   3.,   6.,  38.,   0.,   6.,  11.,   6.],
        [  0.,  10.,  24., 238.,   0.,   0.,   0.,   1.,   4.,  23.],
        [ 60.,   0.,   0.,   0.,   0.,   0., 255.,   0.,   2.,   4.],
        [  0.,  16., 238.,   4.,  77.,   2.,  17.,   2.,  17.,   7.],
        [  8.,   2.,   5.,  50.,   0.,   1.,   0.,   0., 272.,  14.],
        [  0., 129.,   0.,   0.,   0.,   0.,   0., 206.,  16.,   6.],
        [  0.,   1.,   0.,   0., 159.,   0.,   0.,   2.,   5., 256.],
        [  0.,  11.,  12., 238.,   0.,   0.,   0.,   0.,   9.,   1.],
        [  0.,  84.,   0.,   0., 222.,   0.,   0.,   2.,   3.,  24.],
        [  0.,   6.,   1., 195.,   0.,   0.,   0.,   0.,   2.,   4.],
        [  8.,   0.,   0.,   8.,   0., 239.,  11.,   0.,   8.,   1.],
        [  0.,  67.,   4., 236.,   0.,   0.,   0.,   0.,  61.,   9.],
        [  0.,   1.,   1.,   0.,   0.,   0.,   0.,   0., 234.,   5.],
        [ 55.,   8.,   0.,   0.,   0.,   0., 257.,   0.,   3.,   5.],
        [  3.,   0.,   3.,   0.,   0.,   0.,   0., 245.,   4.,  15.],
        [ 37.,   0.,  30.,   0.,  21.,  59.,   0., 238.,   0.,  27.],
        [  0.,  21., 278.,   1.,  54.,   1.,  76.,   0.,  13.,   4.],
        [  1.,   0.,   4.,   0.,  57.,   4.,   0., 246.,   1.,  21.],
        [  2.,   4.,   0.,   0.,   0.,   0., 247.,   0.,  22.,  12.],
        [ 46.,   0.,   0.,   0.,   0.,   9., 254.,   0.,   5.,   8.],
        [  0., 272.,   5.,   0.,   0.,   0.,   7.,   6.,  14.,  28.],
        [  0.,   3.,   1.,   0.,   0.,   1.,   0.,   0., 265.,   9.],
        [  0.,  35., 283.,  81.,   0.,  20.,   0., 118.,  26.,  10.],
        [  0., 284.,  27.,   0.,   0.,   0.,  17.,  22.,  32.,   7.],
        [  0.,  31., 274.,   0., 129.,   0.,   8.,   1.,   5.,  27.],
        [  0., 286.,  77.,   2.,   0.,   0.,   0.,  10.,  41.,   9.],
        [  2.,   1.,   0.,  20.,  24.,  33.,   0.,  48.,   3., 199.],
        [  0.,   0.,   0.,   5.,  15., 278.,   0.,   0.,   7.,   0.],
        [277.,   0.,   0.,   0.,   0.,   3.,   0.,   1.,  19.,   1.],
        [  0., 280.,  91.,   3.,   0.,   0.,   0.,   0.,  57.,   3.],
        [  0.,   3.,   0.,   0.,   0.,   1.,   0.,   0.,  28., 239.],
        [  0.,  41., 272.,  21.,   0.,   0.,   9.,  14.,  23.,   3.],
        [259.,   0.,  33.,   0.,   0.,   2.,   0.,   7.,  42.,   1.],
        [  8.,   0.,   0.,  15.,   0., 273.,   0.,   0.,  11.,   0.],
        [ 10.,   0.,   0.,  57.,  10., 227.,   0.,   0.,   3.,   2.],
        [  0., 269.,   6.,   0.,   0.,   0.,  29.,   1.,  10.,  24.],
        [  1.,   0.,   0.,   0.,   3.,  74., 242.,   0.,  16.,   1.],
        [  0.,   7.,   0.,   0.,   0.,   3.,  42.,   0., 139.,  11.],
        [  0.,   0.,   0.,   8.,   0., 238.,   0.,   0.,  26.,   5.],
        [277.,   0.,  39.,   0.,   0.,   1.,   5.,   0.,  25.,   3.],
        [  0.,   0.,   0.,   8.,  49.,   0.,   0.,   3.,  11., 225.],
        [  0.,  85., 211.,   0.,  65.,   0.,  67.,   0.,   5.,   1.],
        [  0.,  15., 285.,  38.,   0.,   0.,  13.,  29.,  35.,   3.],
        [  0.,   5., 266.,   0.,  38.,   0.,  56.,   1.,   7.,  18.],
        [  0.,  46., 260.,   2.,   0.,   0.,   0.,   1.,   7.,   2.],
        [ 32.,   0.,   0.,   0.,   0.,   1., 264.,   0.,   0.,   8.],
        [ 22.,   0.,   0.,  18.,   0.,   1.,   0.,   0., 222.,   5.],
        [245.,   0.,  50.,   0.,   0.,   0.,  22.,   2.,   5.,  16.],
        [  0.,   0.,   0.,   0., 254.,   2.,  22.,  18.,   6.,  36.],
        [274.,   0.,   0.,   0.,   0.,  30.,   0.,   0.,  12.,   1.],
        [  0.,  42., 257.,  27.,   0.,   0.,   0.,   0.,  11.,   2.],
        [  0.,   0.,   0.,   0., 237.,   4.,   0.,   8.,   2.,   6.],
        [  7.,   1.,   0.,   5.,   0.,  57., 240.,   0.,   4.,   2.],
        [  0.,   0.,   0.,   0.,   0., 198.,   0.,   0.,  23.,   2.],
        [  0.,   1.,   0.,   0., 225.,   0.,   0.,   2.,  13.,  13.],
        [ 24.,   6.,  20., 260.,   0.,  28.,   0.,  85.,  14.,   8.],
        [ 30.,   0.,   0.,   0.,   0.,   0., 238.,  17.,   0.,   2.],
        [  0.,  91.,  48.,   0.,  11.,   0.,   0., 185.,  14.,  42.],
        [ 26.,   0.,   0.,   0.,   0.,  25.,   0., 251.,   4.,  25.],
        [  2.,   0.,   0.,   0.,  65., 242.,   0.,  28.,   4.,   8.],
        [  0.,   1.,   0.,   0.,  31.,   0., 270.,   0.,  11.,   9.],
        [ 12.,   0.,   4.,   0., 118.,   0., 274.,   0.,   5.,   7.],
        [  0.,  50.,  24.,  44.,   0.,   0.,   0., 188.,  15.,  43.]],
       device='cuda:0')
Epoch 3 | Batch 800
tensor([[  0.,   0.,   7., 233.,   0.,  76.,   0.,   0.,   1.,   0.],
        [  0.,   0.,   1.,   0.,   3.,   0.,   0.,   0., 250.,   0.],
        [  1.,   0.,   0.,   0.,   0.,   2.,   0., 275.,   0.,   0.],
        [  0., 259.,   0.,   8.,   3.,  12.,   0.,   0.,   3.,   0.],
        [  0.,   0.,   0., 275.,   0.,  16.,   0.,   0.,  40.,   0.],
        [  0.,   0.,   0.,   0., 213.,   4.,   0.,  43.,   1.,  65.],
        [  0.,   0.,  34.,  38., 233.,   0.,   3.,  39.,   0.,  71.],
        [290.,   0.,   7.,   0.,   0.,  21.,   0.,   0.,  17.,   0.],
        [  0.,   0.,  17.,   0.,  95.,  68., 232.,   0.,   0.,   0.],
        [ 43.,   0.,   0.,   0.,   0.,   1.,   0., 220.,   0.,   0.],
        [  0.,   0.,   0.,   0., 232.,   6.,   0.,   0.,   0.,   4.],
        [ 12.,   0., 269.,   0.,   0.,  10.,   0.,   0., 121.,   0.],
        [ 11.,   0.,   1.,   0.,   0., 256.,   0.,   0.,   0.,   0.],
        [  0., 252.,   1.,   4.,   0.,   3.,   0.,   7.,  13.,   0.],
        [273.,   0.,   8.,   0.,   0.,   9.,   0.,   0.,   0.,   0.],
        [  0.,   0.,  23.,   0.,  18.,   5., 249.,   0.,   0.,   0.],
        [ 17.,   0.,   1.,   0.,   0., 226.,  11.,  12.,  59.,   0.],
        [  0.,   0.,   0.,   0.,  42.,   0.,   0.,   0.,   0., 250.],
        [  0., 257.,   9.,  11.,   0.,  13.,   0.,   0.,   9.,   0.],
        [ 52.,   0.,   2.,   0.,   0., 278.,   0.,   0.,  21.,   0.],
        [ 30.,   2.,   0.,   0.,   0., 233.,   0.,   3.,  15.,   0.],
        [  3.,   0.,   0.,   0.,   0., 260.,   0.,   0.,   0.,   0.],
        [  8.,   0.,  45.,   2.,   0.,   7., 242.,   0.,   9.,   0.],
        [266.,   0.,   2.,  53.,   0.,  21.,   0.,   0.,  43.,   0.],
        [ 28.,   0.,   6.,  70.,   0., 249.,   0.,   0.,   0.,   0.],
        [273.,   0.,   5.,   0.,   0.,   7.,   0.,   0.,   0.,   0.],
        [  0., 260.,   9.,   7.,   0.,   5.,   0.,   0.,  24.,   0.],
        [  6.,   2.,   0.,   0.,   0., 261.,   0.,   0.,   0.,  24.],
        [ 27.,  11.,   3.,   0.,   0., 243.,   0.,   0.,   0.,  19.],
        [  0.,   2.,   1.,   1.,  32.,   0.,   5.,   0.,   0., 266.],
        [  0.,  19., 200.,  26.,   0.,   8.,   0.,   0.,  39.,   0.],
        [ 35.,   0.,   0.,   0.,   0., 261.,   0.,   0.,  23.,   0.],
        [ 15.,  45.,   0.,   0.,   0., 250.,   7.,   0.,  12.,   0.],
        [  0.,   0.,  11.,   0.,  36.,   3., 248.,   0.,   0.,  34.],
        [ 33.,   0.,  59., 269.,   0.,  24.,   0.,   0.,  17.,   0.],
        [ 17.,   0.,   6.,   0.,   0., 263.,  81.,   0.,   0.,   1.],
        [  0.,  74.,   3.,   0.,  13.,   0.,   0.,   0.,   0., 242.],
        [  0.,  28.,   2., 247.,   0.,   0.,   0.,  32.,   0.,   0.],
        [  0.,   1.,  20.,   6.,   0.,  33.,  69.,   0., 248.,   0.],
        [ 80.,   0.,   3.,   0.,   0., 251.,   0.,   0.,   5.,   0.],
        [  0.,  35.,   0.,   0.,   3.,   1.,   0., 159.,   1., 216.],
        [  0., 262.,   5.,  16.,   0.,  13.,   0.,   0.,   3.,   0.],
        [  0.,   0.,   0.,   0.,  31.,   1.,   0., 265.,   0.,   0.],
        [ 40.,   0.,   3.,   0.,   0.,  13., 226.,   0.,  27.,   0.],
        [  0., 267.,   6.,   7.,   0.,   8.,   0.,   0.,  21.,   0.],
        [  0.,   4., 261., 100.,   0.,   2.,   0.,   0.,  33.,   0.],
        [  0.,  32.,   4.,  21.,   0.,   1.,   0.,  35., 237.,   0.],
        [  0.,   0.,  12.,   4.,   0.,   1.,   0.,  52., 264.,   0.],
        [  0.,   0.,   0.,   0., 205.,   0.,   0.,  11.,   0.,   0.],
        [  0.,   0.,  27.,  10.,   0.,   7.,   0.,   0., 240.,   0.],
        [ 31.,   0., 263.,  24.,   0.,   1.,   1.,   0.,   0.,   0.],
        [ 20.,   0.,  28.,   0.,  68.,  14., 234.,   0.,   0.,   0.],
        [  1.,   0.,  20., 273.,   0.,   1.,   0.,  20.,  49.,   4.],
        [  0., 239.,   4.,   1.,   0.,   1.,   0.,   0.,  12.,   0.],
        [  0., 246.,   0.,  18.,   0.,   7.,   0.,   0.,   2.,   0.],
        [  0.,   0.,   2.,   0.,   0.,  12.,   0.,   0., 256.,   0.],
        [ 23.,  24.,   1.,   1.,  36., 237.,   0.,   1.,  39.,   0.],
        [  0.,   0.,   3.,   0.,   0.,   9.,   0.,  33., 218.,   0.],
        [  0.,   0.,   0.,   0.,  11.,   0.,   0.,  19.,   0., 242.],
        [  0.,   0.,   0.,   0., 247.,   2.,   0.,  61.,   0.,   0.],
        [  0., 106., 238.,  71.,   0.,  62.,   0.,   0.,  26.,   0.],
        [ 18.,   0.,  63.,  12.,   0.,   1.,   5.,   0., 251.,   0.],
        [  0.,   0.,  10.,   0., 223.,   0., 110.,   0.,   0.,  25.],
        [285.,   0.,   9.,   4.,   0.,  17.,   0.,   0.,  11.,   0.]],
       device='cuda:0')
Epoch 3 | Batch 900
Switching label layer to Inference Mode (LIF)...
Epoch 3 DONE | Test Acc: 70.23% | Time: 780.9s
Switching label layer back to Training Mode (Clamp)...
tensor([[  0.,   0.,  46.,   0., 250.,   0.,  50.,  39.,   0.,   0.],
        [  0.,   0.,   0.,   0., 242.,   0.,   2.,  25.,  63.,  13.],
        [  0.,   4.,  13., 230.,   0.,   0.,  50.,   1.,  15.,   0.],
        [  0.,   1.,   0.,   0.,  36.,   9.,  72.,  21.,   0., 249.],
        [  0.,  62.,   0.,   0.,  15.,   0.,   0.,   0., 269.,   9.],
        [269.,   0.,  40.,   1.,   9.,  30.,  48.,   0.,  10.,   0.],
        [  0.,  36., 242.,   2.,   0.,   0.,  39.,   0.,   0.,   4.],
        [  0.,   1., 209.,   0.,   0.,   0.,  70.,   0.,   1.,   0.],
        [  0.,   5., 234.,   0.,   0.,   0.,   0.,  87.,   0.,  40.],
        [  0., 281.,  10.,   6.,   0.,   0.,   5.,   0.,   3.,   0.],
        [  0.,   1.,   0.,   0.,   7.,   1.,   5.,  90.,   0., 227.],
        [  0.,   7.,   0.,   0.,   0.,   0., 276.,   0.,  25.,   0.],
        [  0.,   2., 204.,   1.,   6.,   0.,  22.,   0.,   0.,   0.],
        [258.,   0.,   0.,   6.,   0.,  78.,   3.,   0.,  47.,   0.],
        [  0.,   5.,  32.,   0.,   0.,   0.,   0., 249.,   0.,   0.],
        [  0.,   8.,   0., 239.,   8.,  96.,   0.,   6.,  70.,   0.],
        [  0.,   0.,   0.,   0., 259.,   0.,  17.,  41.,   0.,  15.],
        [  0.,   2., 242.,   0.,  70.,   0.,  12.,   0.,  15.,   0.],
        [  0., 283.,   4.,   4.,   0.,   0.,   1.,   0.,   0.,  27.],
        [  3.,   4.,   0., 263.,  48.,  74.,   0.,  20.,   3.,   0.],
        [  0.,  35.,   0.,   0.,   5.,   0.,   0.,   0., 258.,  87.],
        [249.,   0.,   0.,   1.,   0.,   0.,   9.,   1.,   0.,   0.],
        [  0.,   4.,   0.,   0.,   0.,   0., 276.,   0.,  93.,   0.],
        [  0.,   0., 263.,   0.,  34.,   0.,   2.,   0.,  11.,   0.],
        [  0.,   1.,   9.,   0.,   1., 239.,   0.,   0.,   1.,   0.],
        [ 19.,  46., 254.,   0.,   0.,   0.,   2.,   3.,   1.,  42.],
        [ 88.,   0.,  77.,   0.,   8.,  13., 261.,   0.,  16.,   0.],
        [  0.,   3.,   0.,   8.,   8.,  49.,   0.,  33.,   0., 226.],
        [  0., 282.,   0.,   4.,   0.,   0.,   3.,   0.,   5.,   0.],
        [  0.,   0.,   0.,   0.,  30., 242.,   0.,   4.,   1.,   0.],
        [  0., 283.,   0.,  15.,   0.,   0.,   2.,   1.,   3.,   0.],
        [  0.,   2.,  43.,   0.,  22.,   0.,   4., 138.,   0., 259.],
        [  0.,  26.,   0.,   0., 195.,   0.,   4.,   0.,  57.,   0.],
        [  0., 271.,   0.,  18.,   0.,   0.,  45.,   5.,  15.,   0.],
        [  0.,   0.,  30.,   0.,   0., 236.,   0.,   3.,   3.,   0.],
        [  0.,  15., 240.,   0.,   0.,   0.,  33.,   0.,   1.,   0.],
        [  0.,   6.,   0.,   0.,   5.,   0.,   1.,  88.,   0., 249.],
        [ 20., 119.,   0.,   7.,   0.,   0.,   1.,   0., 248.,   0.],
        [  0., 273.,  86., 109.,   0.,   0.,   2.,   7.,   0.,   0.],
        [  8.,  60.,   0.,   1.,   0.,   0.,   2.,   0., 251.,   0.],
        [  0.,   0.,   0.,   0., 255.,   0., 129.,  66.,   0.,   0.],
        [232.,   0.,   0.,   0.,   2.,  12.,   0.,   2.,   9.,  54.],
        [  0.,  28.,   0.,   0.,   4.,   0.,  12.,   0., 241.,   0.],
        [  0.,   6.,  22., 221.,   0.,  32.,  16.,   4.,   0.,   0.],
        [  0.,  62.,   4.,  18.,   1.,   0.,   1.,   0., 273.,   0.],
        [  0.,   0.,   0., 184.,   3.,  15.,   5.,  14.,   2.,   0.],
        [  0., 287.,   2.,   3.,   0.,   0.,   1.,   0.,   3.,  31.],
        [226.,   0.,   0.,  98.,   2.,  10.,   0.,   2.,   1.,   0.],
        [  0.,   7.,   0.,   0.,   3.,  20.,   0.,  71.,   0., 238.],
        [  0.,   1.,   0.,   0.,   8.,   0.,   6.,  65.,   0., 249.],
        [  0.,   9.,   0.,   3.,   8.,   0.,   0., 279.,   0.,  25.],
        [  0.,   5.,   5.,  10.,   2.,   0.,   0., 280.,   0.,   0.],
        [  0.,   7.,   0., 233.,  18.,   3.,   0.,  30.,   0.,   0.],
        [260.,   0.,   0.,   6.,   2.,  27.,   0.,   0.,  11.,   0.],
        [ 58.,   0.,  26.,   0.,   0.,   0., 273.,   0.,  15.,   0.],
        [  0.,   0.,  38.,   0., 249.,  10.,  27.,  16.,   0.,   0.],
        [  0.,  11.,   0.,   0.,   8.,   0.,   0., 288.,   0.,   4.],
        [  0.,   0.,   5.,   0.,   3.,   8.,  13.,  13.,   0., 218.],
        [  0.,   9.,   0.,   0.,  10.,   0.,   0.,  51., 245., 118.],
        [  0.,   0.,   0.,   0., 250.,   0.,   4., 171.,   0.,   4.],
        [  0.,   1.,   0.,   0.,   3.,   0.,   0., 255.,   0.,   0.],
        [  0.,   4.,   0.,   6.,   0., 223.,   0.,   0.,   0.,   0.],
        [  0.,  16.,   1.,  91.,   6.,   0.,   0.,   0., 256.,   0.],
        [  0.,   5.,   7.,  12.,   2.,   0.,   0., 279.,   0.,   0.]],
       device='cuda:0')
Epoch 4 | Batch 0
tensor([[  0.,   0.,   0.,   0., 275.,   4.,   0.,   5.,   0.,  23.],
        [ 66.,   0.,  59., 262.,   0.,   6.,   0.,   0.,   0.,   0.],
        [  0.,   4.,   0.,   7., 222.,   1.,  13.,   2.,  99.,  71.],
        [276.,   0.,   0.,   2.,  19.,  56.,   0.,  35.,   0.,   0.],
        [  0.,   9., 228.,   0.,   0.,   0.,  17.,   0.,   0.,   0.],
        [  0.,   8.,   0.,  28.,   0., 236.,   0.,   0.,   0.,   0.],
        [  0.,   7.,   0., 255.,   0.,  14.,   0.,   6.,  96.,   3.],
        [  0., 277.,   0.,  33.,   1.,   3.,  12.,   1.,   4.,   0.],
        [  0.,   0., 101.,   0., 234.,   2.,   0.,   3.,   0.,  38.],
        [ 81.,   0.,   0.,   2.,   8.,  14.,   0., 256.,   0.,  34.],
        [ 15.,   1.,   1.,   0.,  31.,   0., 282.,   0.,  27.,  51.],
        [270.,   0.,  30.,   0.,   0.,   3.,  19.,  10.,   0.,   0.],
        [ 40.,  38.,   0.,   1.,   0.,  50., 207.,   0.,   0.,   8.],
        [  0.,   1.,   0.,   0.,  22.,   1.,   0.,  44.,   0., 215.],
        [  0.,   4.,   0.,  55.,  24.,  44.,   0.,   0., 203.,   0.],
        [  0.,   2.,   0.,   8.,   4.,   1.,   0.,   8.,  30., 238.],
        [  0.,  59., 246.,  24.,   0.,   1.,   7.,   4.,  64.,   0.],
        [ 73.,   3.,   1.,  11.,   3.,   0.,   0., 241.,  14.,  70.],
        [  0.,   0.,   0., 271.,   1.,  23.,   0.,   1.,  27.,   1.],
        [  0., 270.,  11.,  19.,   1.,   2.,   0.,   0.,   2.,   0.],
        [  0.,   0.,  20.,   5.,  15.,   4., 243.,   0.,   0.,  11.],
        [  0.,   5.,   0., 231.,   2.,   5.,   0.,  24.,  91.,   1.],
        [  0., 278.,   0.,   8.,   0.,   3.,   9.,   0.,   7.,   0.],
        [  0.,  26.,   0.,  29.,   0.,  90.,   0.,   3., 231.,   2.],
        [  0., 270.,   0.,  17.,   0.,   2.,   0.,   1.,  10.,   0.],
        [  0.,   3.,   0.,  37.,   0., 263.,   0.,   0.,   0.,   0.],
        [  0.,   0.,   0.,  14.,  27.,   3.,  14.,  50.,  54., 253.],
        [  0., 124.,  21., 248.,   0.,   6.,   0.,   1.,  47.,   0.],
        [ 44.,   0., 166.,   4.,  67.,  16.,   0.,   0.,   0.,   0.],
        [  0.,   0.,   0.,  95.,   1., 253.,   0.,   0.,   0.,   0.],
        [  4.,   2.,   0.,   1.,   9.,   1.,   0., 270.,   0.,  48.],
        [  0., 272.,  12.,   5.,   0.,   3.,   0.,   1.,   2.,   0.],
        [ 27.,   0.,   0.,   6.,  41.,  11.,   0.,   0., 166.,   0.],
        [  0.,  10.,   0.,  43.,   0.,  24.,   0.,   0., 238.,  16.],
        [  0.,   0.,   0., 248.,  12.,  11.,   0.,   0.,   0.,   1.],
        [  0.,  70.,   0.,   4.,   0.,  11.,   0.,   0., 231.,   7.],
        [  0.,   1.,   0.,   0.,   5.,   0.,   0.,  47.,   3., 269.],
        [  0.,   5., 276.,   1.,  18.,   1.,  18.,   0.,   0.,   0.],
        [  1.,   2., 234.,   0.,   9.,   1.,   0.,   0.,   0.,   0.],
        [  0.,  38., 257.,   2.,   0.,   4.,   4.,   0.,  38.,   0.],
        [ 14.,   0.,   0.,   0.,   5.,   2.,   0., 245.,   0.,  14.],
        [  0.,   1.,  91.,   2.,   0.,  37., 218.,   0.,   0.,  11.],
        [281.,   0.,   0.,   1.,   4.,   8.,  29.,  42.,   0.,   0.],
        [  0.,   1.,   0.,  31.,  14.,  52.,   0.,  20.,   0., 230.],
        [  1.,   3., 276.,   1.,  20.,   3.,  15.,   0.,   0.,   1.],
        [  1.,   4.,  77.,   0.,   0.,  28., 279.,   0.,   0.,   0.],
        [  0.,   3.,   0.,   0.,   1., 133.,   4.,   0.,   0.,   0.],
        [ 66.,   2.,   0.,   8.,  52.,   0.,   0., 244.,   0.,  62.],
        [  0.,   0.,   0.,   0.,   4.,   0.,   0., 244.,   0.,  60.],
        [ 28.,   0.,   0., 247.,   2.,  10.,   0.,   0.,   0.,   0.],
        [ 24.,   0.,   0.,  62.,   0., 253.,   0.,   1.,   0.,  47.],
        [  0.,  12.,  41., 159.,   0.,  21.,   0.,   0.,   0.,   0.],
        [  0.,   0.,   0.,  10.,   0.,   0.,  52.,  10.,  31., 234.],
        [  0.,   1.,   0.,  24.,   0., 215.,   0.,   0.,   0.,   0.],
        [ 49.,   1., 267.,   1.,   2.,  12.,   0.,   0.,   0.,   0.],
        [ 35.,   3.,  36., 182.,   2.,   4.,   0.,  17.,  23.,  17.],
        [  1.,  26.,   0.,  23.,   0.,   6.,   0.,   0., 225.,   7.],
        [  4.,   3.,   0.,   5.,  18.,   0.,   0., 253.,  34.,  59.],
        [  0.,   4.,   0.,  26.,   3.,  60.,   0.,   0., 181.,  48.],
        [  0., 280.,   0.,  45.,   1.,   3.,  17.,   0.,  16.,   0.],
        [  0.,   2.,   0.,  92.,   2.,   2.,   0.,  22.,   0., 256.],
        [  0., 273.,   0.,  46.,   5.,   2.,  26.,   0.,  25.,   3.],
        [  0.,   0.,   4.,   1.,  66.,   2., 248.,   0.,   0.,  13.],
        [ 86.,   0.,   0.,   1.,   4.,  10.,   0.,  21.,   0., 235.]],
       device='cuda:0')
Epoch 4 | Batch 100
tensor([[283.,   0.,   6.,  48.,   0.,   0.,   4.,   0.,   0.,   5.],
        [286.,   0.,  38.,   0.,  50.,   0.,   5.,   0.,   0.,   0.],
        [  0.,   0.,   0.,  44., 135.,   5.,   2.,  21.,   0.,  82.],
        [  0.,   1.,  67.,   0.,   0.,   0.,   5.,  22.,   0., 234.],
        [  0.,   1.,   0.,   6.,   0.,   0.,   0.,  25.,   0., 256.],
        [268.,   0.,  60.,   1.,   0.,   0.,   0.,   0.,   0.,   5.],
        [  2.,   1.,   0.,  72.,  16., 251.,   3.,  13.,   0.,  29.],
        [  5.,   1., 267.,   2.,   0.,   0.,   4.,  26.,  18.,   0.],
        [254.,   0.,  67.,   0.,   0.,   0.,   0.,   0.,   0.,  33.],
        [  1.,   4.,   0.,  25.,   7.,  58.,   3.,  79.,   0., 257.],
        [ 13.,   1.,   0.,   0.,   0., 242.,   1.,   0.,   0.,  51.],
        [  2.,   7.,   0.,   6.,   0.,  13.,   3.,   0., 232.,   0.],
        [  0., 251.,   0.,   0.,   0.,   0.,   7.,   0.,   0.,   1.],
        [  2.,   2.,   0.,   0.,  58.,   0.,  15.,   9.,  24., 171.],
        [  5.,   4.,   0., 265.,   0.,  96.,   2.,   0.,   0.,   0.],
        [ 10.,   0., 263.,   0.,   0.,   0.,  60.,   0.,   2.,   0.],
        [  6.,  10.,   0.,  45.,   0.,   0.,  25.,   0., 232.,   0.],
        [  0.,  35.,   1., 206.,   7.,   0.,   4., 106.,  30.,  87.],
        [  0.,   1.,  23.,   0.,  20.,   0., 279.,   0.,  72.,   0.],
        [  0.,   1.,   0.,   1.,   1.,   0.,   0., 267.,  32.,  12.],
        [  2.,   7., 260.,   1.,   2.,   0.,   5.,   0.,  11.,   0.],
        [  2.,   1.,   0.,   0., 222.,   0.,   6.,  34.,  17.,   0.],
        [  3.,   1.,   0.,  44., 203.,  32.,   7.,  22.,   0.,  97.],
        [  0.,  15.,   0.,  30.,   6.,   0.,   0., 228.,   1.,   0.],
        [  0., 254.,  12.,   0.,   0.,   0.,   7.,   0.,  20.,   0.],
        [  1.,   1.,   0.,   0.,   8.,   0.,   0.,  97.,   0., 261.],
        [  0.,  12.,   0.,   5.,  54.,   0.,   0., 243.,   0.,  16.],
        [  1.,   0.,   0.,   6., 201.,  27.,   2.,  41.,   0.,  56.],
        [  2.,   2.,   0.,   1.,   0.,   3.,   2.,   0., 242.,  26.],
        [  1.,  26., 246.,  10.,   0.,   0.,  12.,   0.,   0.,   0.],
        [  1.,  10.,   0.,   0., 209.,   2.,  16.,  18.,   0.,   0.],
        [274.,   0.,   0.,  75.,  45.,  77.,   9.,   0.,   0.,   0.],
        [  0.,   1.,   0.,   2., 210.,   0.,  15.,  38.,   0.,  21.],
        [  0.,  13.,   0.,   0.,  50.,   0.,  13.,  42.,   0., 249.],
        [105.,   5.,   0., 257.,   0., 170.,  17.,   0.,   0.,   0.],
        [  2.,   2., 213.,  34.,   0.,   0.,  18.,  41.,   0.,   1.],
        [  0.,  28., 225.,  22.,   0.,   0.,   1.,   0.,   0.,   0.],
        [  0., 266.,   1.,   0.,   0.,   0.,   6.,   0.,   3.,   0.],
        [283.,   0.,   2.,  90.,  57.,   3.,   1.,   0.,   0.,   0.],
        [  0.,   7.,   0.,   1.,  43.,   0.,   3.,  67.,   0., 249.],
        [  0., 280.,   1.,   0.,   0.,   2.,  16.,   0.,   7.,   0.],
        [ 40.,   6.,  37., 265.,   0.,  27.,   4.,   0.,   0.,   0.],
        [  3.,  15.,   0.,   0.,   0.,   0., 288.,   0.,   2.,   0.],
        [  3.,   2.,   5., 239.,   0.,   0.,   0.,   0.,   0.,   0.],
        [  0.,   0.,   0.,   0.,   0.,   0., 271.,   0.,   0.,   0.],
        [ 83.,   0.,  13.,   0.,   0., 238.,  16.,   0.,   0.,   0.],
        [  1.,   0., 280.,   0.,  47.,   0.,  10.,   0.,  18.,   0.],
        [  7.,   3.,   0.,   0.,   1.,   0., 295.,   0.,   0.,   0.],
        [  0., 255.,  11.,   0.,   0.,  22.,   7.,   0.,   3.,   0.],
        [  1.,   1.,   0.,  10.,   1.,   0.,   0., 276.,   0.,  32.],
        [  2.,   7.,   0.,  16.,   0.,  16., 261.,   0.,   0.,   0.],
        [  4.,   0.,   0.,   7.,   0., 251.,   3.,  30.,   0.,  45.],
        [ 22.,   0.,  22.,   0.,   0.,   0., 274.,   0.,   0.,   0.],
        [  1.,  48., 266.,   2.,   0.,   1.,   2.,   0.,   0.,   0.],
        [281.,   0.,  78.,   0.,   1.,   0.,  19.,   0.,   0.,   2.],
        [ 42.,   3.,   5., 248.,   0.,  65.,   1.,   0.,   0.,   0.],
        [283.,   0.,  89.,   0.,   0.,   0.,   5.,   0.,   0.,   0.],
        [  2.,   8.,   0.,   0.,   0.,   1.,  76.,   0., 234.,   2.],
        [  0., 266.,   0.,   0.,   0.,   0.,   5.,   0.,   0.,   3.],
        [  3.,  19.,  50., 214.,   0.,  14.,  19.,   0.,   0.,   0.],
        [  0.,   6.,   0.,   7.,  20.,   0.,   1.,  23.,   4., 250.],
        [  2.,   4.,   0.,   0.,  79.,   0.,   4.,  30.,   1., 234.],
        [  4.,   0., 280.,   0.,   0.,   0.,  29.,  22.,  28.,   0.],
        [  0.,   4.,   0.,   0.,   0.,   0.,   4.,   0., 241.,   2.]],
       device='cuda:0')
Epoch 4 | Batch 200
tensor([[  0.,  45.,   2.,   8.,   4.,   6.,   0., 264.,   9.,  16.],
        [ 10.,   0.,   0.,  16.,   0., 269.,   0.,   0.,  30.,   0.],
        [  0.,   0.,   4.,   8.,   0.,   5.,   0.,   1.,   2., 192.],
        [  0.,   3.,   3.,   4.,  20.,   2.,   0., 277.,   1.,   3.],
        [  0.,   0.,   3.,  11.,  10.,   8.,   0., 278.,   0.,   2.],
        [  0., 217.,  21.,   2.,   0.,  13.,   0.,  35.,   0.,   0.],
        [  0.,   0.,   0.,   6., 196.,  17.,   0.,   0.,   0.,   7.],
        [  0.,   6.,   4., 236.,   4.,  12.,   0.,   0.,   0.,   0.],
        [  0.,   0.,   4.,  30.,   1., 232.,   0.,   0.,  13.,   0.],
        [  0.,   0.,   6.,  12.,   8.,   2.,   0., 281.,   3.,   0.],
        [  0.,   0.,   5.,   0., 235.,   1.,   7.,   1.,   0.,  16.],
        [ 77.,   0.,   2.,  20.,   0., 216.,   0.,   0.,  14.,   0.],
        [  0.,   0.,   0.,  17.,   1., 253.,   0.,   0.,   2.,   0.],
        [  0.,   0.,   4.,  28.,   0.,   4.,   0.,   0.,   0., 218.],
        [252.,   0.,   8.,  30.,   0.,  14.,   0.,   0.,  13.,   7.],
        [  0.,   0.,   2.,   1.,   2.,   1.,   0.,   4.,   0., 205.],
        [  0.,   0.,  10.,   0., 236.,   1.,  35.,   0.,   0.,   3.],
        [  0., 268.,   1.,   5.,   7.,   7.,   0.,   0.,   0.,   0.],
        [  0.,   0.,   1.,   2.,   4.,   0.,   0.,  12.,   1., 223.],
        [  0.,   0.,   2.,   0., 211.,   6.,   0.,   5.,  16.,   0.],
        [  0., 204., 237.,   5.,   0.,   9.,  24.,   0.,   0.,   0.],
        [  0.,  45.,   6., 252.,   1.,  35.,   0.,   1.,   0.,   1.],
        [  0.,   0.,  11.,  14.,   1.,  14.,   0.,  29., 219.,   0.],
        [  0., 273.,   9.,   1.,   0.,   4.,   2.,   0.,   0.,  27.],
        [ 22.,   0.,   2.,  10.,   0., 234.,   0.,   0.,   0.,   0.],
        [  5.,   0.,   5., 251.,   0.,  25.,   0.,   0.,   2.,   0.],
        [  0.,   0.,  24.,   1., 152.,   5.,   1.,   0.,   0.,   8.],
        [  0.,   5., 272.,   3.,  49.,   4.,  17.,   0.,   0.,   4.],
        [  0., 271.,   1.,  10.,   1.,   6.,   0.,   0.,   6.,  30.],
        [ 18.,   0., 212.,  33.,  50.,   2.,   0.,  61.,   0.,   0.],
        [  0.,   0., 161.,   0.,  23.,   1.,  24.,   0.,   0.,   1.],
        [  0.,   1.,   4.,  20.,   0.,  11.,   0.,   0., 218.,   0.],
        [242.,   0.,   0.,  49.,   1.,  10.,   0.,   1.,   1.,   0.],
        [ 14.,   0.,  63.,   0.,  15.,  12., 270.,   0.,   0.,   0.],
        [  0.,   0.,   1.,   2.,  19.,   3.,   0.,  22.,  73., 221.],
        [  0.,   0.,  40.,   8.,   1.,  14.,   0.,   0., 163.,   0.],
        [  0.,   1.,   9.,   5.,  27.,  58.,   0.,  22., 203.,   0.],
        [  0.,   0.,   1., 253.,   2.,   7.,   0.,   1.,   1.,  14.],
        [  0.,   0.,   5., 206.,   2.,   5.,   4.,   0.,   8.,  25.],
        [ 33.,   0.,   2.,   7.,   1., 261.,   0.,   0.,   0.,   0.],
        [  0.,   0.,   2., 257.,   0.,  43.,   0.,   0.,   0.,   0.],
        [  0.,   0., 120.,   3.,  14.,   1.,  44., 257.,   0.,   0.],
        [  0.,   0.,   0.,   6.,  10., 240.,   0.,   0.,   3.,   0.],
        [241.,   0.,   2.,   2.,   4.,   1.,  60.,   0.,   0.,   0.],
        [  0.,   0.,  56.,   0.,   1., 236.,   0.,   0.,   0.,   0.],
        [  0., 104., 148.,   1.,   4.,   7.,   0.,   1.,   5.,   0.],
        [  0., 125., 154.,  43.,   1.,  14.,  17.,   0.,   0.,   0.],
        [  0.,   0.,   4.,  26.,   2.,  42.,   0.,   2.,  12., 189.],
        [  0.,   0.,   2.,   4.,   6., 281.,   0.,   0.,   0.,   0.],
        [  5.,   0.,   0.,   1.,   0., 243.,   0.,   0.,   3.,   0.],
        [  0.,   0.,   0.,  13.,   4., 188.,   0.,   0.,  14.,  41.],
        [223.,   0.,  14.,   2.,   1.,  10.,   0.,   0.,   0.,  11.],
        [  0.,   0., 219.,   3.,  16.,   2.,   0.,   0.,   0.,   0.],
        [  0.,   0.,   0.,   2.,  10.,   0.,   0.,  29.,  28., 226.],
        [ 48.,  89., 230.,   1.,   0.,  16.,   3.,   0.,   0.,   0.],
        [  0.,   0., 223.,   5.,  70.,  14.,   0.,   0.,  77.,   0.],
        [  0.,  29., 273.,   2.,  28.,   3.,   1.,   0.,   0.,  13.],
        [  0.,   0.,  12.,   3.,   2.,  74.,   0.,   7., 235.,   0.],
        [  0.,   0., 238.,   6.,  15.,   3.,   0.,   0.,   0.,   0.],
        [  0.,   0.,  72.,   7.,   9.,   2.,   0.,   3.,   6., 193.],
        [  0.,   0.,   0.,  31.,  14.,   8.,   0.,   1.,  35., 219.],
        [  0.,   0.,   2.,  22.,   5.,   1.,   0., 280.,   3.,   2.],
        [  1., 284.,  18.,   3.,   1.,   5.,   2.,   0.,   0.,   0.],
        [ 55.,   0.,   4.,   4.,   0., 209.,   0.,   0.,   0.,   0.]],
       device='cuda:0')
Epoch 4 | Batch 300
tensor([[  0.,   5.,   0.,   0.,   0., 245.,   0.,   0.,   0.,   0.],
        [  0.,   0.,   0.,  21.,   0.,   0.,   0.,  37.,   0., 244.],
        [244.,   0.,  27.,   3.,   0.,   0.,   0.,   0.,   0.,   0.],
        [  0.,   0.,   0.,  35.,  96.,   0.,  18.,   1.,   0., 233.],
        [  2.,   0.,   0.,   0.,   0., 252.,   0.,   1.,   0.,   0.],
        [  0.,   0.,   0.,   0.,   0.,  72.,   0.,  41.,   0., 207.],
        [ 31.,   0.,   7.,  32.,   0., 118.,  45.,   0.,   0.,   0.],
        [  0.,   0., 211.,   0.,  14.,   0.,   3.,   0.,   0.,   2.],
        [  9.,   0.,   0.,  20.,   0., 174.,   0.,   1.,   5.,   0.],
        [  0.,   0.,   0.,   0.,  20.,   0.,   0.,  39.,   4., 235.],
        [  0.,  14.,   2.,  89.,   0.,  20.,   0.,   3., 251.,   4.],
        [  0.,   0., 114.,   0.,   0.,  59.,   2.,   4.,   0.,   0.],
        [  0.,   0., 133.,   0.,  71.,  44.,   3.,   0.,   0.,   0.],
        [  0., 275.,  29.,   1.,   0.,   0.,   4.,   4.,  30.,   0.],
        [  0.,   0.,   0.,   0., 110.,   0.,  16.,   7., 235.,  37.],
        [  0.,  20.,   0., 266.,   0.,   0.,   0.,  46.,  26.,   0.],
        [ 75.,   0.,   0., 253.,   0.,   0.,   0.,   5.,  31.,   0.],
        [  0.,   0.,   0.,  18., 237.,   0.,  29.,  26.,   0.,  38.],
        [  0.,  62.,   3.,   0.,   6.,  29.,   1.,   3., 253.,   7.],
        [  0.,  19.,   0.,   0.,  79.,   0.,   2.,   1., 256.,   0.],
        [  0.,   0.,   1.,   0., 105.,   0., 285.,   0.,  42.,  49.],
        [  0.,  14., 283.,   0.,   0.,   0.,  19.,   0.,  19.,   0.],
        [ 79.,   0.,  20.,   0.,   0.,   3., 277.,   0.,  53.,   0.],
        [  0.,   0.,   0.,   7.,  46.,   0.,   0.,  95.,   3., 232.],
        [  0.,   0.,   1.,   0.,   0.,   0.,   0., 269.,   0.,  50.],
        [186.,   0.,   3.,   0.,   0.,   1.,  55.,   0.,   0.,   0.],
        [  0.,   0.,   0.,   0., 234.,  74.,   9.,  56.,   0.,  33.],
        [  0.,   0.,   0.,  50.,  25.,   0.,   0.,   6.,   2., 238.],
        [275.,   0.,   6.,   0.,   0.,   0.,   7.,   0.,   0.,  12.],
        [  1.,  17.,   3.,   0.,   0.,  10., 280.,   0.,  17.,   0.],
        [  4.,   0.,   0.,   0.,   0.,   0.,   0., 212.,   0.,  24.],
        [  0.,   0.,   0.,  10.,   0.,   0.,   0.,  14.,   0., 239.],
        [  0.,   0.,  25.,   0.,   0.,   0., 292.,   0.,  26.,   4.],
        [  0., 276.,  13.,   9.,   0.,   0.,   1.,   2.,  22.,   0.],
        [ 25.,  36.,   0.,   0.,   0., 235.,   0.,   5.,   0.,   0.],
        [  0.,   2.,   0.,   0.,  81.,   0.,   0., 255.,   0.,   0.],
        [ 90.,   0.,   0.,  82.,   0., 220.,  20.,   0.,   0.,   0.],
        [  0.,   0., 265.,   0.,   0.,   0.,  28.,   0.,   0.,   0.],
        [  0.,  31.,   4.,   3.,   0.,   0., 268.,   0.,   1.,   0.],
        [  0.,   2.,   0.,   0.,   1.,   1.,   0., 254.,   0.,   0.],
        [  0.,  30., 267.,   0.,   0.,   0.,  34.,   0.,  25.,   0.],
        [  0.,   0.,   0.,   0.,   0.,   0.,   0., 249.,   0.,  28.],
        [281.,   0.,   1.,  27.,   0.,   0.,   6.,   0.,   2.,  28.],
        [  0.,   0.,  16.,   0.,   0.,   0., 282.,   0.,   7.,   0.],
        [  0.,  42.,  12.,   0.,   0., 243.,   0.,   0.,   0.,   0.],
        [  0.,   0.,   0., 112.,   0.,   5.,   1.,   4.,   0.,   0.],
        [  0.,   4.,   0.,   0.,   0., 250.,   0.,   9.,   0.,   0.],
        [  0.,   0.,   0.,   0.,   0., 239.,   0.,  14.,   0.,   0.],
        [  1.,   0., 270.,   0.,   0.,   0.,  39.,   0.,   0.,  43.],
        [ 13.,   0.,   0.,   1.,   0.,   0.,   0., 243.,   0.,  17.],
        [280.,   0.,   0.,   0.,   0.,  21.,   3.,   7.,   2.,   4.],
        [  0., 247.,  87.,   3.,   0.,   0.,  53.,   0.,   0.,   0.],
        [  0.,  54.,   1.,   2.,   0.,   0.,   0.,   0., 243.,   0.],
        [ 36.,   0.,  60.,   0.,   0.,   0., 290.,   0.,  87.,   5.],
        [272.,   0.,  41.,   1.,   0.,   0.,   8.,   0.,   1.,   5.],
        [  0.,   0.,   0.,   0., 260.,  13.,   8.,   1.,   0.,  29.],
        [ 15.,   0.,   0.,  19.,   0., 207.,   0.,  48.,   0.,   0.],
        [  9.,   0.,   0., 230.,   0.,   0.,   0.,  16.,   0.,   1.],
        [  0.,   5., 210.,   0.,  26.,  41.,  12.,   3.,   0.,   0.],
        [  0.,  77.,  13., 205.,   0.,   0.,   0.,   6.,  51.,   0.],
        [  0.,   0.,  26.,   0.,   0.,   0.,   0., 257.,   0.,  10.],
        [  0., 266.,   3.,  21.,   0.,   0.,   1.,   0.,  34.,   0.],
        [  2.,  49., 260.,   0.,   0.,   0.,   3.,   0.,   5.,   0.],
        [  2.,   0.,   0.,   0.,   0.,   0.,   0.,  51.,  57., 205.]],
       device='cuda:0')
Epoch 4 | Batch 400
tensor([[252.,   0.,   3.,   0.,   0.,   4.,   1.,   2.,  72.,  96.],
        [  3.,   0.,   0.,   0.,  17.,   0.,  10.,  29.,   0., 229.],
        [  5.,   4.,  41.,   2.,  13.,   0.,  21.,   0., 246.,   2.],
        [  2.,   5.,   5., 171.,   2.,   0.,   1.,   9.,   6.,   0.],
        [  1.,  17.,  89., 148.,  11.,   0.,  35.,   2.,   0.,   0.],
        [  0.,   0.,   2.,   1.,   7.,  30.,   1.,  18.,  41., 241.],
        [  2.,  15.,   9.,   1.,   5.,  18.,   3.,   1., 193.,   0.],
        [  0.,   9.,   3.,   0.,   2.,   0.,   0., 265.,   0.,   0.],
        [273.,   0.,   7.,   0.,   4.,   2.,   7.,   2.,   0.,   3.],
        [  7.,   2.,   1.,   0., 234.,   0.,  21.,  27.,   0.,   3.],
        [  4.,   0.,  10.,   0., 267.,  10.,   2.,   5.,   0.,   6.],
        [  0.,   9., 281.,   0.,   0.,   0.,   2.,   0.,  10.,   0.],
        [  3.,   0.,   1.,  11.,  10.,   0.,   0., 281.,   0.,   2.],
        [ 25.,   5.,   2.,   1.,   8.,  83.,   2.,   5., 258.,   3.],
        [  1.,   8.,   0., 244.,   6.,  15.,   0.,   0.,  22.,  11.],
        [  1.,  29.,   1.,   0.,   0.,   0.,   0., 252.,   0.,   8.],
        [  2.,   6.,  18., 235.,   5.,   6.,   2.,   0.,  36.,   0.],
        [281.,   2.,   8.,   0.,   0.,   0.,   1.,   4.,   9.,   2.],
        [  0.,   0.,   0.,   0.,  29.,  61.,   0.,  20.,   2., 224.],
        [  7.,  15.,  82., 143.,   6.,   0.,   3.,   2.,  43.,   0.],
        [  0., 268.,   2.,  27.,   0.,   0.,   0.,   0.,   0.,   1.],
        [ 60.,   2.,   3.,  10.,   2., 222.,  17.,   0.,   9.,   0.],
        [  4.,   0.,   1.,   0.,  24.,   4.,  27.,   2.,   0., 255.],
        [  1., 281.,   3.,  23.,   2.,   0.,   1.,  15.,   0.,   0.],
        [  0.,   0.,  13.,   0.,  12.,  12., 267.,   0.,   0.,   3.],
        [  0., 274.,   2.,  21.,   1.,   0.,   0.,  14.,   0.,   0.],
        [  0.,   1.,   9.,   0.,   3.,   0., 288.,   0.,   0.,   7.],
        [ 18.,   2.,   4.,  61.,  12., 213.,   5.,   1.,   0.,   0.],
        [  0.,   5.,   0.,   0., 220.,   8.,   1.,   3.,   2.,  85.],
        [261.,   0.,   2.,   0.,   0.,  52.,   0.,  26.,   0.,  21.],
        [  0.,   5., 284.,   8.,   0.,   0.,   3.,   0.,   0.,   0.],
        [  1.,  28.,   0.,   7.,  28.,   1.,   0.,   0., 232.,  68.],
        [  1., 282.,   3.,  13.,   0.,   0.,   5.,   0.,   3.,   0.],
        [108.,   5.,   4.,   0.,  15.,   0., 279.,   1.,   0.,   0.],
        [ 17.,   1.,   9.,   0., 271.,   0.,  15.,   9.,   0.,  12.],
        [  0.,   7.,   0.,   0.,   8.,   0.,   5.,  68.,   0., 176.],
        [  0.,  51., 272.,  33.,   0.,   0.,  22.,   0.,   0.,   0.],
        [ 16.,   1.,   0.,   0.,  35.,   0.,   8.,  25.,   0., 219.],
        [  6.,   1., 236.,   0.,  16.,   0.,  25.,   6.,   0.,   0.],
        [  0., 260.,  78.,   5.,   3.,  54.,   0.,   0.,   2.,   5.],
        [  1.,  83.,  22., 257.,   3.,  43.,   0.,   4., 123.,   0.],
        [ 17.,  12.,  49.,  25.,   1., 158.,   6.,   0.,   9.,   0.],
        [ 13.,   1.,   0.,   0.,   4.,   0.,   0., 156.,   0., 121.],
        [246.,   0.,  15.,   0.,   0.,   0.,  15.,   0.,   0.,   0.],
        [  2.,   0., 281.,   0.,   8.,   0.,  36.,   0.,   0.,   0.],
        [  1.,   0.,   2.,   0.,   0.,   0., 242.,   0.,   0.,  10.],
        [  5.,   0.,  13.,   0., 259.,   7.,   1.,  10.,   1.,   0.],
        [  1.,  42., 286.,   2.,   0.,   0.,   4.,   1.,   0.,   0.],
        [139.,   1.,  10.,  84.,  26.,   0.,   3.,   3.,   0.,   0.],
        [ 33.,   0.,  30.,   8.,   8.,   1., 269.,   0.,   0.,   1.],
        [ 45.,   2.,   6.,   0., 260.,   0.,  31.,   6.,   0.,  89.],
        [  1.,   9.,   7., 185.,  12.,  49.,   1., 147.,  95.,   0.],
        [  1.,   7.,   3.,  46.,   5., 228.,   0.,   0.,  53.,   2.],
        [  0.,  25., 275.,  19.,   0.,   0.,   5.,   0.,  68.,   0.],
        [  7.,   1.,   1.,  46.,  18., 254.,   2.,   2.,  11.,   8.],
        [ 92.,   1.,  34.,  71.,   2., 168.,  97.,   1.,   0.,   0.],
        [  4.,   8., 127., 251.,   7.,   0.,   3.,   8.,  48.,   0.],
        [  1., 273.,   1.,   4.,   1.,   0.,   0.,  11.,   0.,   0.],
        [  3.,   4.,  91., 242.,   7.,   0.,   8.,   0.,   3.,   0.],
        [ 13.,   6., 114., 104.,   9., 239.,  29.,   1.,   0.,   0.],
        [ 10.,   6.,   7.,   0.,  28.,   0.,   2.,  28., 242.,   0.],
        [235.,   0.,  12.,   0.,   0.,  72.,   0.,   2.,   0.,  19.],
        [  5.,   2., 277.,   0.,  56.,   0.,  44.,   1.,   0.,  50.],
        [ 27.,   1.,   8.,   0.,   1.,   0., 270.,   0.,   0.,   2.]],
       device='cuda:0')
Epoch 4 | Batch 500
tensor([[  0.,   0., 244.,   0.,   3.,   0.,   0.,  13.,   5.,   0.],
        [  0.,  10.,   0., 274.,   2.,   0.,   0.,   0.,   6.,   0.],
        [  0.,   0.,   0.,  11.,  46.,   0.,  64.,  70.,  16., 243.],
        [  0.,   2., 287.,   0.,   6.,   0.,   0.,   3.,   3.,   0.],
        [  0.,   0.,   0.,   0., 232.,   0.,   2.,  24.,   7.,   0.],
        [  0.,   0.,  31.,   1.,   2.,   0., 230.,   0.,  13.,   0.],
        [  0.,   0.,   4.,   0.,   1.,   0., 145.,   0.,  38.,  13.],
        [  0.,   6.,  88.,  41.,   4.,   0.,   0., 106.,   0.,   0.],
        [  0.,   1.,   2.,   4.,   2., 248.,   0.,  29.,   3.,   0.],
        [  0.,  21.,   0., 265.,   3.,   0.,   0.,  18.,  87.,   0.],
        [ 48.,   5.,   1.,   0.,  55.,   0.,   9., 253.,   6.,  40.],
        [ 24.,   0.,   0.,   1.,  18.,   2.,  56.,  57.,  11., 264.],
        [218.,   0.,   5.,   0.,   6.,   0.,   0.,  40.,  18.,  53.],
        [  0., 261.,  13.,  16.,   7.,   0.,   0.,   0.,   0.,   0.],
        [  1.,  30.,   5.,   2., 261.,  93.,   6.,   1.,   5.,   7.],
        [  0.,  24.,   1.,   1.,   5.,   0.,   0.,  13., 264.,   1.],
        [  0.,   0.,   0.,  48.,  19.,   0.,   0.,   6.,   1., 262.],
        [  0.,   0.,   1.,   1., 210.,   0.,   7.,   4.,   0.,  10.],
        [  0.,   0.,  18.,   0.,   3.,   0., 254.,   0.,   0.,  28.],
        [ 16.,   4.,   0.,   0.,   9.,   0.,  80.,  48.,   9., 222.],
        [  0.,   0.,  12.,   0.,   3.,   0., 267.,   0.,   4.,   0.],
        [  0.,   0.,  50.,   0.,   3.,   0., 204.,   0.,  33.,   0.],
        [  0., 261.,  28.,  27.,  25.,  18.,   0.,   0.,   3.,   0.],
        [  0.,   0.,  16.,  17.,   2.,   0., 205.,   0.,   6.,   0.],
        [ 21.,   5.,  61.,   0.,   1.,   0.,   0., 218.,   5.,   5.],
        [  0., 266.,  10.,  19.,   4.,   0.,   0.,   0.,   0.,   0.],
        [  0.,  26.,   0.,   0., 229.,   0.,   7.,   8.,  14.,   3.],
        [  0.,   2.,   3., 152.,   0.,   0.,   0.,   0.,   2.,   0.],
        [  0.,   1., 135.,   0.,   2.,   0., 222.,   0.,  10.,   3.],
        [229.,   0.,   0.,   0.,   0.,   0.,   0.,   0.,  16.,   0.],
        [  0.,  36.,   3.,   0., 251.,  21.,  29.,  27.,   6.,  48.],
        [  0.,   0.,  15.,   0.,   1.,   0., 211.,   0.,  12.,   0.],
        [ 66.,   0.,   2.,   0.,   4.,   0.,   0., 267.,   4.,   2.],
        [ 30.,   7.,   0.,   0.,   3.,   0.,   0.,   0., 255.,   0.],
        [  0., 264.,  28.,  14.,   4.,   0.,   0.,   2.,   2.,   0.],
        [  0.,  19.,   2.,   0., 231.,   0.,   2.,   4.,  18.,   9.],
        [  0.,   5.,   0., 266.,   2.,   0.,   0.,   0.,  30.,   0.],
        [  0.,   1., 269.,   0.,  15.,   0.,   0.,   0.,  18.,   0.],
        [  0.,   0.,   0.,  45.,   3.,   0.,   0.,   2.,  17., 160.],
        [  0.,   1.,   1.,   5.,  47.,   0.,   0., 213.,   0.,   4.],
        [  0.,  36.,   0.,  16.,   5.,   0.,   0.,   4., 155.,   1.],
        [  0.,  51.,   0.,   3.,  11.,   0.,   0.,   0., 225.,   0.],
        [  0.,  76.,   0.,   0.,   5.,   0.,   0.,   0., 241.,   0.],
        [  0.,   0.,   0.,  72.,   6., 239.,   0.,   0.,   4.,   0.],
        [220.,   0.,   0.,   0.,   1.,   1.,   0.,   0.,   5.,   0.],
        [  0.,   0.,   4.,   0.,  38.,   0., 234.,   0.,  29.,   7.],
        [  4.,   4.,   0., 252.,   3.,   0.,   0.,   0.,   1.,   0.],
        [  0.,   2., 248.,   0.,   6.,   0.,   0.,   3.,  15.,   0.],
        [  0., 263.,  48.,  13.,   4.,  12.,   0.,   0.,   1.,   0.],
        [ 16.,  32.,  23.,   1.,   2.,   0.,   1.,   0., 139.,   0.],
        [  4.,   3.,   2., 279.,   3.,  31.,   0.,   0.,   2.,   0.],
        [  0.,   2., 256.,   0.,  23.,   0.,   0.,   0.,   7.,   0.],
        [  0.,  15.,   2.,   2.,   6.,   0.,   0.,   0., 205.,   0.],
        [  0.,   0.,   4.,   0.,   1.,   0., 255.,   0.,   2.,   0.],
        [ 28.,   0.,  18.,   0.,   7., 197.,   0., 120.,  35.,   0.],
        [ 13.,   0.,   0., 279.,   1.,   0.,   0.,   0.,   6.,   0.],
        [  0.,   6.,   0., 256.,   0.,   0.,   0.,   6.,   1.,   0.],
        [ 95.,   0.,  19.,   0.,   8.,   0.,   8.,  39.,   0., 242.],
        [227.,   0.,   7.,   0.,   1.,   0.,   0.,   1.,  61.,  56.],
        [  4.,  12.,  26., 231.,   0.,   0.,   0.,   0.,   2.,   0.],
        [  0.,  45.,   2., 258.,   1.,  56.,   0.,   0.,   3.,   0.],
        [  0.,   0.,   0.,  52.,  12.,   0.,   0.,  33.,  24., 262.],
        [  0.,   0., 280.,   0.,  22.,   0.,   0.,   0.,  21.,   0.],
        [  5.,   3.,   3.,   0.,   3.,   0.,   0.,   0.,  85.,   1.]],
       device='cuda:0')
Epoch 4 | Batch 600
tensor([[  3.,   0.,   0.,   3.,  17.,   0.,   0., 286.,   0.,   4.],
        [  3.,   0.,   7.,   1.,   1., 234.,   3.,   0.,  99.,   0.],
        [ 10.,   0., 256.,   0.,   1.,   0.,  20.,   2.,   2.,   0.],
        [  0.,  23.,  16.,   0.,  16.,   0.,   0.,   1., 238.,   0.],
        [293.,   0.,   9.,   1.,   1.,   0.,   0.,   0.,   0.,   0.],
        [  0.,  33.,   4.,   0., 247.,   6.,   0.,   0.,   0.,   2.],
        [  0.,  21., 233.,   0.,   0.,   0.,  15.,   2.,  10.,   0.],
        [  0.,   0.,   0.,  74.,   2., 186.,   0.,  12.,  14.,  14.],
        [ 40.,   0., 265.,   0.,   1.,   5.,  83.,   1.,   2.,   0.],
        [ 26.,   0.,   0.,   0.,  89.,   0., 284.,   0.,   0.,   0.],
        [  0.,   0.,   0.,   0.,   5.,   0.,   0.,   7., 148.,   7.],
        [  0.,  43.,   0.,  13.,  13.,   0.,   4.,   0., 180.,   5.],
        [  0.,   0.,   0.,   6.,  50.,   0.,   0., 295.,   0.,  44.],
        [279.,   0.,   0.,   0.,   4.,   0.,  43.,   0.,  31.,   0.],
        [295.,   0.,   0.,   0.,   6.,   2.,   0.,   0.,   0.,   0.],
        [  0.,  25.,   3.,  42.,   2.,  41.,  26.,   1., 223.,   0.],
        [  1.,   0.,   0.,   0., 175.,   1.,   0.,   3.,   9.,  22.],
        [  1.,  18.,   0., 200.,   1.,   0.,   0.,   0.,   7.,   0.],
        [  0.,  94., 247.,   0.,  24.,   0.,   0.,   4.,   1.,  29.],
        [  0.,   0.,  54.,   0., 234.,   0., 109.,   0.,   0.,   0.],
        [299.,   0.,   0.,   0.,   6.,   1.,   5.,   0.,   1.,   0.],
        [  0.,  59.,   0.,  35.,   5.,   0.,   0., 275.,   1.,   0.],
        [  0.,   0.,   0.,   1.,  25.,  21.,   0., 276.,   0.,  82.],
        [  2.,  44.,  77., 254.,  19.,   2.,   0.,  21.,   4.,   0.],
        [  0.,   3.,  53.,   0.,   4.,   2.,  13.,   1., 241.,   0.],
        [  0.,   0.,   0.,   0.,  55.,   1.,   0.,   3.,   0., 239.],
        [  0.,  46.,  36., 216.,   9.,   7.,   0.,   0.,   5.,   0.],
        [301.,   0.,   0.,   0.,   1.,   0.,   0.,   0.,   1.,   0.],
        [  0.,  59.,   0., 243.,   8.,   0.,   0.,   7.,   4.,   0.],
        [291.,   0.,   0.,   0.,   1.,   0., 111.,   0.,   1.,   0.],
        [  8.,   0., 257.,   0.,   7.,   0.,  63.,   2.,   5.,   0.],
        [  0.,  42.,   0.,   0.,  16.,  75.,   0.,  18.,   8., 235.],
        [  0.,   0.,   0.,   0., 225.,   1.,   1.,   5.,   1.,  63.],
        [  0.,   0.,   2.,   0.,  14.,   0.,   0.,  26., 143.,   8.],
        [  0.,   0.,   0.,   6.,   8.,   0.,   0., 278.,   0.,  19.],
        [294.,   0.,   0.,   0.,   3.,  13.,   0.,   1.,   0.,   0.],
        [  0., 265.,   0.,   1.,   7.,   2.,  17.,   0.,  45.,   0.],
        [  8.,   0.,   0.,  42.,   1., 242.,   6.,   0.,   9.,   0.],
        [  1.,  28.,   0.,   1.,   0., 222.,   0.,   0.,  83.,   0.],
        [  0.,   0.,  13.,   0.,  11.,   0.,   9.,   8.,   6., 195.],
        [  0.,   0.,   0.,  13.,  20.,   0.,   0.,   7.,   1., 256.],
        [290.,   0.,  36.,   0.,   5.,   0.,   0.,   0.,   0.,   0.],
        [ 13.,   0.,   0.,   0.,   2., 233.,   0.,   2.,  12.,   0.],
        [277.,   0.,   0.,   0.,   3.,   1.,   0.,   3.,   2.,   0.],
        [  0.,  36., 214.,   0.,   0.,  11.,  92.,   0.,  37.,   0.],
        [  2.,   0.,   0.,   0., 260.,   0.,  40.,   1.,   0.,  32.],
        [276.,   0.,   0.,   0.,  33.,   0.,   0.,  28.,   0.,   0.],
        [  0.,   0.,   4.,  41.,  38.,   0.,   0.,   9., 210.,   0.],
        [296.,   0.,   0.,   0.,   4.,   3.,   0.,   2.,   0.,   0.],
        [  0.,  10.,   0.,  39.,  15.,   0.,   0.,  75., 220.,  34.],
        [  1.,   6.,   0.,  21.,  21., 208.,   0.,   0.,  42.,   0.],
        [  1., 261.,  57.,   0.,  21.,   0.,  40.,   0., 134.,   1.],
        [  3.,   0.,   0.,   0.,  35.,   0.,   0., 247.,   0.,  50.],
        [  7.,   0.,   3.,   0.,   7.,  12.,   0.,   3., 246.,   0.],
        [  1., 103.,  12., 249.,   1.,   0.,   2.,   0.,   4.,   0.],
        [  0.,   0.,   0.,   0.,  32.,  56., 271.,   0.,   7.,   8.],
        [  4.,   0.,   0.,   0., 248.,   3.,   0.,  58.,   0.,   1.],
        [  4.,   0., 274.,   0.,   1.,   0.,   0.,   2.,  25.,   0.],
        [  0.,   0.,   0.,   0.,  54.,   0.,   0.,   4.,   1., 241.],
        [  0., 249.,   0.,   0.,   0.,  11.,   8.,   0.,   7.,   0.],
        [  0.,   0.,   0.,   0.,  85.,   0.,   0.,   5.,   2., 243.],
        [  0.,   0.,   0.,   0.,   2.,  56., 216.,   0.,  56.,   0.],
        [295.,   0.,   0.,   0.,   0.,   3.,   0.,   0.,   0.,   0.],
        [  2.,   0.,   0.,   0.,  65.,   9.,   0., 284.,   1.,  43.]],
       device='cuda:0')
Epoch 4 | Batch 700
tensor([[  0.,   0.,   0.,   6.,   4.,   0., 282.,   0.,  12.,   2.],
        [267.,   0.,   0.,  11.,   1.,  58.,   0.,   0.,   0.,  29.],
        [  0.,   0.,   0.,   3., 176.,   0.,  35.,   7., 126.,   1.],
        [  0.,  15.,   2.,   6.,   0.,   0.,  12.,   5., 263.,   2.],
        [  0.,   0.,   1., 258.,   0.,   0.,   0.,   0.,  13.,   0.],
        [  0., 122.,   0.,   3.,  11.,   0.,   0., 271.,  46.,   2.],
        [ 21.,   0.,   0.,  10.,   8.,   0.,   0., 256.,   3.,   4.],
        [  0., 255.,   2.,  14.,   0.,   0.,   0.,   6.,   0.,   1.],
        [  5.,   0.,   4., 189.,   0.,  69.,   0.,   0.,  32.,   0.],
        [  8.,   0.,   0.,   9.,  29.,   0.,   0.,  19.,   0., 252.],
        [  5.,   0.,   0.,  11.,  30.,   0., 282.,   0.,   3.,   4.],
        [  0., 257.,  22.,  13.,   0.,   2.,   0.,   2.,   1.,   1.],
        [  9.,   0.,   0.,  11.,   1.,   0.,   0., 255.,  33.,   2.],
        [ 24.,   0.,   0.,   4.,   0.,  12.,   0., 242.,   0.,   9.],
        [  9.,   0.,   2., 281.,   1.,  38.,   0.,   0.,   8.,   6.],
        [ 11.,   0.,   0.,   4.,  19.,   0.,   0.,  46.,   1., 263.],
        [  1.,   0.,   1.,   3.,  84.,   0., 251.,   0.,   4.,   2.],
        [  0.,   5.,   0.,  10.,   2.,  15.,   0.,  86.,  22., 121.],
        [  2.,   0.,  74., 264.,   0.,   0.,   0.,   0.,   0.,   0.],
        [  6.,   0., 253.,   3.,   0.,   0.,   0.,   0.,   0.,   0.],
        [  1.,   0.,  32., 253.,   0.,  24.,  51.,   0.,   5.,   0.],
        [  3.,   0.,  10.,   9.,   0., 249.,   3.,   0.,   0.,   0.],
        [  2.,   0.,   8.,   7.,  20.,   0.,   0.,   0.,   0., 235.],
        [  5.,   0.,   9.,   2.,  24.,   0., 266.,   0.,   8.,   2.],
        [  1.,   0.,  76., 262.,   2.,   0.,   0.,   4.,   6.,   3.],
        [  5.,   0.,   6.,   4., 119.,   0., 266.,   0.,   0.,   3.],
        [263.,   0.,   0.,  12.,   5.,   0.,  31.,   0.,   6.,   8.],
        [ 60.,   0.,   1.,   4.,   4.,   0.,   0., 265.,   0.,  10.],
        [  6.,   0.,  17.,   8.,   0., 249.,   1.,   0.,   0.,   0.],
        [  0., 249.,   2.,  23.,   0.,   0.,   0.,   0.,  11.,   1.],
        [  0.,   0.,   0.,   6.,   2.,  39.,   0.,   6., 254.,   5.],
        [110.,   0., 245.,   6.,   0.,   0.,   0.,  22.,  11.,   1.],
        [278.,   0.,   0.,   6.,   1.,   0.,   0.,   0.,   0.,   4.],
        [  0.,   0.,   6.,   8.,   0.,   0.,   0.,   1., 196.,   1.],
        [  1.,   0.,   2.,  34., 261.,   0.,   0.,   8.,   1.,  19.],
        [  1.,   0.,  44., 280.,   0.,   0.,   0.,   0.,  92.,   0.],
        [  1.,   0., 270.,  14.,   1.,   0.,   0.,   0.,  67.,   0.],
        [ 11.,   0.,  13.,   5.,  13.,   0.,   0.,   0.,   0., 266.],
        [  0.,   0.,   3.,   6.,  44.,   0.,   0.,  10.,   0., 241.],
        [255.,   0.,   4.,   5.,   5.,   0., 112.,   0.,   1., 141.],
        [  0.,   6.,   0.,   4.,   2.,   3.,   0., 251.,  16.,   1.],
        [  6.,   0.,   0.,   9.,   0., 243.,   0.,  81.,   2.,   1.],
        [  0.,   0.,   0.,   4., 255.,  42.,   0.,  28.,  57.,  30.],
        [  3.,  13.,   0.,   1.,   9.,   3.,   0., 276.,  11.,   3.],
        [  1.,   0.,  16., 290.,   0.,  46.,   0.,   0.,  10.,   0.],
        [  0., 262.,   5.,  16.,   0.,   0.,   0.,   3.,   0.,   0.],
        [  0.,   3.,   0.,   5.,   0.,   0.,   0.,   0., 249.,   0.],
        [  0.,   0.,   9.,  14., 234.,   0.,   0.,   0.,  36., 116.],
        [  0.,   0.,   5., 265.,   0.,  99.,   1.,   0.,   9.,   0.],
        [291.,   0.,   0.,   7.,   5.,   0.,   0.,   0.,   0.,  17.],
        [247.,   0.,   0.,   2.,   0.,  17., 117.,   0.,   6.,   5.],
        [  0.,   6.,   1.,   5.,   3.,   0.,   0.,   2., 255.,   4.],
        [  0.,   1.,   2.,   6., 190.,  11.,   0.,  36.,  75.,   0.],
        [  2.,   0.,   9.,  38.,   1., 254.,   0.,   0.,  75.,   4.],
        [  1.,  92.,   0.,  13.,   1.,   0.,   0., 249.,  15.,   2.],
        [278.,   0.,   0.,   5.,   1.,   0.,  16.,   0.,   0.,   6.],
        [  0.,   0., 287.,  14.,   1.,   0.,   3.,   0.,  35.,   0.],
        [  3.,   0.,   0.,   4.,   0., 249.,   0.,  30.,   0.,   3.],
        [  1.,   0.,   0.,  19., 235.,   0.,   1.,   6.,  10.,  29.],
        [283.,   0.,   0.,   7.,   1.,   0.,   0.,   0.,   0.,   2.],
        [  0.,   0.,   1.,  13., 181.,   0.,  10.,   1.,  13.,   9.],
        [  0.,  36.,   0.,   9.,   0.,   0.,   0., 207.,  12.,   0.],
        [  0.,   0.,   0., 236.,   0.,  99.,   0.,   0.,   1.,   5.],
        [  0.,   0.,   0.,   4.,   2.,   0.,  36.,  26.,  71., 212.]],
       device='cuda:0')
Epoch 4 | Batch 800
tensor([[  4.,   9., 273.,   0.,   5.,   5.,   2.,   0.,   0.,   0.],
        [  5.,   0., 283.,  35.,   0.,   2.,   2.,   0.,   0.,   0.],
        [  0., 250.,  11.,   1.,   0.,  19.,   1.,   0.,   0.,   0.],
        [  2.,   0.,   7.,   0., 239.,   1.,   2.,  70.,   0.,  10.],
        [  5.,   3.,  20.,   0.,   2.,   1.,  18.,   0., 181.,   1.],
        [  7.,   0.,   0.,  42.,   7.,   0.,   0., 244.,   0.,  82.],
        [249.,   0.,   6.,   0.,   1.,  29.,   4.,   0.,   0.,  98.],
        [  1.,  43.,   2.,   3.,  48.,   0.,   5.,  75.,   0., 210.],
        [  6.,   0.,   9.,   0., 243.,   0.,  40.,  33.,   0., 107.],
        [  1.,   1.,   6.,   0., 205.,   0.,   4.,  11.,   0.,   2.],
        [  0., 236.,  34.,   1.,   0.,  26.,   0.,   0.,   0.,   0.],
        [  2.,   0.,  30.,   0.,  22.,   0., 283.,   0.,   0.,   5.],
        [  2.,   0.,  27.,   0.,  67.,   0., 273.,   0.,   0.,   2.],
        [  1.,   8.,  13.,   0.,  13.,   0., 276.,   0.,   0.,   8.],
        [  2.,  29.,   7.,   0.,   0.,  18.,   9.,   0., 139.,   3.],
        [ 48.,  11.,   7., 229.,   0.,   0.,   0.,   0.,  58.,   0.],
        [  6.,   3.,   5.,  99.,   0.,   0.,   0., 263.,   0.,  64.],
        [ 12.,   0.,  15.,   0.,  37.,  11.,  12.,   6.,   0., 276.],
        [  5.,   0.,   8.,   0.,  48.,   0.,   8.,  11.,   0., 253.],
        [  3.,   0.,  26.,   0., 253.,   0.,  45.,   0.,  15.,   4.],
        [ 11.,   2.,  37.,   0.,   0.,   0.,   1.,   0., 220.,   2.],
        [  6.,   0., 138.,   0.,  10.,   0.,  17.,   0.,   0., 204.],
        [  2.,   4.,   8.,   0.,   4.,   5., 255.,   0.,   0.,   1.],
        [  9.,   0., 280.,   5.,   0.,  11.,   6.,   0.,   0.,   0.],
        [282.,   4.,   5.,   0.,   0.,  10.,   3.,   0.,   0.,   2.],
        [  2.,   0., 147.,   0.,   2.,   3.,   2.,   0.,   0.,   0.],
        [  9.,   5.,  36.,   4.,   0.,   0.,   2.,   0., 239.,   0.],
        [  5.,   4.,  12.,  64.,   1.,   0.,   1., 241.,   0.,   1.],
        [275.,   0.,  43.,   0.,  16.,   0.,  66.,   0.,   0.,  31.],
        [255.,   0.,  54.,   0.,   0.,  34.,   1.,   0.,   0.,  61.],
        [ 60.,   0.,  16.,  36.,   0., 273.,   8.,   0.,  33.,   4.],
        [  5.,   0., 275.,   0.,   0.,   0.,   1.,  71.,  45.,   0.],
        [  1.,   9.,   2.,   1.,  40., 215.,   2.,   0.,   3.,  10.],
        [  2.,  19.,   5.,   0.,  18.,  46.,   4.,   0.,   0., 202.],
        [ 38.,  23.,   4., 223.,   0.,   0.,   0.,   0.,   0.,   5.],
        [  4.,  16., 264.,  11.,   0.,   0.,   0.,   0., 122.,   0.],
        [265.,   0.,  18.,   0.,   1.,  11.,  14.,   0.,   0.,   2.],
        [  7.,   0.,   8.,   0.,   4., 263.,   2.,   0.,  66.,  21.],
        [249.,   0.,   7.,   0.,   3.,  23.,  25.,   0.,   0.,   2.],
        [ 11.,  79.,  11., 241.,   0.,   9.,   1.,   0.,   0.,   3.],
        [ 90.,   0.,  32.,   0.,   1., 253., 139.,   0.,  11.,   1.],
        [  0.,   3.,   3.,   0., 211.,   0.,   1.,   0.,  21.,   8.],
        [  4.,   4.,  21.,   0.,  22.,   1., 284.,   0.,   0.,  28.],
        [  2.,   5.,   4.,  32., 243.,   0.,  15.,   2.,   0.,  42.],
        [  6.,  70., 211.,  30.,   0.,   2.,   1.,   0.,  11.,   0.],
        [  4.,   0.,  20.,   0.,   0.,   0.,   2.,  28., 233.,   1.],
        [  6.,   0., 281.,   0.,   0.,   3.,   4.,   0.,   0.,   2.],
        [  2.,   2.,   2.,   0.,  50., 205.,   2.,   3.,  23.,   6.],
        [  6.,   0., 269.,   2.,   1.,   0.,   1.,   0.,   0.,   0.],
        [  1.,   0.,   4.,   0.,  31., 231.,   3.,   0.,   0.,   0.],
        [  0., 276.,  10.,  38.,   0.,   1.,   0.,   0.,  21.,   0.],
        [  0., 226.,   3.,  23.,   0.,   1.,   1.,  62.,   0.,   0.],
        [ 37.,  31.,   3., 219.,   0.,   1.,   0.,   4.,   2.,   5.],
        [  0., 276.,   7.,   0.,   0.,   2.,   0.,   0.,  45.,   0.],
        [ 12.,   0., 271.,   3.,   0.,   0.,   0.,   0.,  63.,   0.],
        [  5.,   0.,   5.,   0.,   0.,   3.,   1.,   0., 231.,   0.],
        [ 37.,  36.,   4., 272.,   0.,   2.,   1.,   0.,  61.,   1.],
        [  4.,  47.,  24.,   0.,   1.,   4., 269.,   0.,   0.,   0.],
        [  0., 276.,  11.,  23.,   0.,   1.,   0.,   0.,  29.,   0.],
        [ 15.,   7.,   8.,   4.,   1., 222.,   2.,   0.,  60.,   2.],
        [263.,   0.,   6.,   0.,   1.,  17.,  37.,   0.,   0.,   1.],
        [  8.,  10.,   2., 264.,   0.,   0.,   2.,   0.,  46.,   0.],
        [  6.,   2.,  25.,   0.,   3.,   1., 267.,   0.,   0.,   7.],
        [  2.,   0.,   6.,   0.,  85.,   0.,   2.,  33.,   0., 224.]],
       device='cuda:0')
Epoch 4 | Batch 900
Switching label layer to Inference Mode (LIF)...
Epoch 4 DONE | Test Acc: 73.35% | Time: 780.6s
Switching label layer back to Training Mode (Clamp)...
tensor([[  0., 262.,   1.,   4.,   0.,   0.,   2.,   0.,   1.,  15.],
        [  0., 215.,  46.,   1.,   2.,   0.,   4.,   0.,  28.,   1.],
        [  3.,   6.,  21., 240.,   0.,   0.,   1.,  53.,  78., 110.],
        [  0.,  31., 255.,   7.,  60.,   0.,  19.,  32.,   1.,   0.],
        [252.,   0.,  33.,   9.,   0.,   7.,   9.,   0.,  14.,   0.],
        [272.,   0.,   3.,  19.,   0.,  12.,   4.,   0.,  43.,   0.],
        [  0.,   4., 237.,  54.,   0.,   0.,  21.,   0.,   1.,   0.],
        [ 11.,   0.,   1.,   2.,   1., 193.,   1.,   0.,   0.,   0.],
        [  0., 258.,  20.,   2.,   0.,   0.,   2.,   0.,  23.,  16.],
        [ 10.,   0.,   2.,  22.,   7., 206.,   0.,   0.,   6.,   9.],
        [  5.,   8.,   5.,   6.,  48.,   0.,  25.,  65.,  27., 268.],
        [  9.,   0.,   1.,   1., 261.,  14.,   4.,  64.,   1.,   0.],
        [ 14., 105.,  35.,   9.,   0.,   1.,   3.,  29.,   4.,   0.],
        [247.,   0.,   0.,   3.,   0.,   6.,   6.,   0.,   0.,   0.],
        [ 20.,   0.,   9., 277.,   0.,  19.,   2.,   0.,  38.,   0.],
        [ 16.,   3.,  21.,   3.,   2.,   0.,   0., 256.,   9.,  18.],
        [  0., 268.,   2.,   9.,   0.,   0.,  28.,   0.,  21.,   3.],
        [  1.,  18.,   5.,   5.,  23.,   0.,   1., 271.,   1.,  42.],
        [  5.,  11.,  79.,   5.,   0.,   0.,   0., 285.,   0.,   9.],
        [  0.,   1.,   7., 279.,   0.,   3.,   4.,   0.,   1.,   0.],
        [260.,   0.,   0.,   4.,   0.,  26.,   2.,   0.,   0.,   0.],
        [  2.,   2.,  32.,   9.,  62.,   0.,   2.,   0., 271.,   4.],
        [ 79.,  33.,  57.,   5.,  16.,   0.,   8.,   0., 274.,  50.],
        [ 52.,  12.,   4.,  41.,   0.,   0.,   3.,  52.,   2., 240.],
        [  0., 276.,   4.,   7.,   0.,   0.,   8.,   0.,   2.,  13.],
        [  0.,   3., 215.,  75.,  46.,   0.,  45.,   0.,  43.,   0.],
        [242.,   0.,   1.,  20.,   0.,   5.,   5.,   0.,  16.,   0.],
        [  1.,  63.,  43.,  11.,   0.,   1., 278.,   0.,   8.,  20.],
        [  2.,   1.,   7., 267.,   0.,   5.,   3.,   0.,   4.,   0.],
        [262.,   0.,  11.,   9.,   0.,   4.,  17.,   0.,   2.,   0.],
        [ 51.,   0.,   0.,   3.,   4.,  25.,   0., 271.,   8.,   6.],
        [  9.,   3.,   1.,   2.,  15.,   0.,   0., 255.,   1.,   1.],
        [  0., 250.,   2.,   4.,   0.,   0.,   3.,   0.,   0.,   5.],
        [  3., 185.,  49.,   0.,   1.,   0.,   3.,   0.,  24.,   0.],
        [  0., 258.,   2.,   7.,   0.,   0.,   3.,   8.,   1.,  19.],
        [  1.,   0.,   2.,  50.,   0.,   4.,  19.,   0., 164.,   0.],
        [  0.,  18.,   0.,   3., 214.,   0.,   1.,  87.,   0.,  11.],
        [  1.,   4.,   7.,   6., 214.,   1.,  36.,   0.,  54.,  13.],
        [  3.,   0.,  47.,   6.,  34.,   0.,   3.,   0., 224.,   0.],
        [  0.,   2.,  11.,   5.,   6.,   1., 251.,   0.,   1.,   3.],
        [  3.,  23.,  19.,   2.,   0.,  10., 283.,   0.,  15.,  12.],
        [  1.,  13.,  36.,   3.,   6.,   0.,   1., 285.,   1.,  28.],
        [  5.,   0.,  12.,   3., 255.,   0.,   6., 115.,   2.,  10.],
        [  0.,   5.,   5., 276.,   0.,   0.,   0.,   0.,  80.,   3.],
        [ 27.,   0.,  37.,  20.,  95.,   0.,   2.,   0., 275.,   4.],
        [  0., 256.,   2.,   8.,   0.,   0.,  35.,   0.,   9.,   1.],
        [ 47.,   1.,  29.,  16.,   0., 237.,  16.,   0.,   6.,   0.],
        [  1.,  17.,   7.,  13.,   0.,   4., 276.,   0.,  10.,  96.],
        [  0.,   0.,   0.,   1., 232.,   0.,   0.,   8.,   0.,   0.],
        [  4.,   0.,  10.,   7.,   0., 237.,   7.,   0.,   6.,   1.],
        [  1.,   8.,  25.,   4.,   0.,   0.,   0., 273.,   0.,   8.],
        [  1.,   8.,  44.,   5.,   6.,   0.,   1., 281.,   1.,  10.],
        [  0., 263.,   2.,   3.,   0.,   0.,   4.,   0.,   2.,  55.],
        [ 11.,   2.,  72.,   7.,   0.,  80., 285.,   0.,  19.,   1.],
        [  0., 251.,   4.,  14.,   0.,   2.,  36.,   0.,  43.,   2.],
        [  0., 256.,  11.,   2.,   0.,   0.,   4.,   0.,   5.,  11.],
        [  7.,   0.,   5.,  39.,   0.,   1., 274.,   0.,   3.,   0.],
        [  2.,   0.,  31.,   1.,  79.,   0.,  12., 118.,   1., 214.],
        [271.,   0.,   8.,  26.,   0.,  48.,  31.,   0.,   6.,   0.],
        [  0., 272.,   2.,   7.,   0.,   0.,  11.,   0.,   4.,   3.],
        [  1.,   1.,  39.,   9.,   0.,  17., 282.,   0.,   2.,  16.],
        [ 16.,   3.,  18.,   2.,   0., 243.,  13.,   0., 106.,   2.],
        [  1.,   0.,   0.,   2., 259.,   0.,   3.,  25.,   2.,  23.],
        [  0.,   0.,  27.,   1.,   1.,   8., 253.,   0.,   1.,  15.]],
       device='cuda:0')
Epoch 5 | Batch 0
tensor([[  0.,   0.,   0.,  37.,  49., 254.,   0.,   0.,   0.,   0.],
        [  0.,   0.,  60.,   4.,   6.,   0., 242.,   0.,   0.,   0.],
        [  0.,   0.,  17.,   2.,   0.,   0., 151.,   0.,  39.,   0.],
        [ 22.,   0.,   0.,   5.,  22.,  13.,   0., 257.,   5., 100.],
        [  0., 268.,   6.,   3.,   1.,   0.,   0.,   0.,  39.,   0.],
        [  0.,   0.,   0.,   9.,   0.,   1.,   0.,   1., 149.,   3.],
        [  1.,   0.,   0.,   8.,   0.,   0.,   0.,   6., 247.,  10.],
        [  0., 249.,   1.,   2.,   3.,   0.,   1.,   3.,   1.,   9.],
        [  0.,  45.,   7.,   7.,   1.,   0.,   0.,   0., 194.,   1.],
        [  2.,   0., 249.,  44.,   0.,  57.,   4.,   2.,   0.,   1.],
        [  0.,   0.,   0., 215.,   0.,  15.,   0.,  13.,   5.,  70.],
        [  0.,  12.,  19.,   8.,   0., 134.,   0.,   0.,  14.,   0.],
        [ 17.,   3.,   0., 145.,   0.,   8.,   0.,   0.,  52.,   0.],
        [  5.,   0., 277.,   9.,   0.,   0.,   8.,   2.,   0.,   0.],
        [  0.,   0.,   0.,   2.,  11.,   0.,  11.,  81.,   0., 243.],
        [280.,   0.,   0.,  97.,   0.,   0.,   0.,   0.,   0.,   1.],
        [  0.,   0.,   8.,   4.,   0.,   0., 278.,   0.,   0.,   2.],
        [ 45.,   0.,   9., 207.,   0.,   0.,   0.,   0.,  32.,   0.],
        [  0.,  56.,   0.,   2.,   0.,   0.,  84.,   5.,  13., 252.],
        [ 32.,   6.,  32.,  55.,   0., 246.,   0.,   0.,   0.,   0.],
        [263.,   0.,  10.,  16.,   0.,   0.,  17.,   0.,   0.,   2.],
        [  0.,  85.,  35.,  62.,   0.,   0.,   0., 253.,   4.,  10.],
        [ 22.,   0.,   0.,   5.,   1.,   0.,   0.,   0., 219.,   1.],
        [  0.,  19.,   0.,   3.,   1.,   1.,   0.,   4., 257.,  13.],
        [  0., 264.,   1.,   2.,  42.,   0.,   0.,   1.,  55.,   0.],
        [  0.,   3., 182.,   8.,   0.,   0.,   3.,   1.,   0.,   0.],
        [230.,   0.,   6.,  46.,   0.,   0.,   0.,   0.,   0.,   0.],
        [  0.,   7.,   0., 238.,  16.,  14.,   0.,   6.,  39.,  48.],
        [ 33.,   0.,   0.,   5.,  41.,   0.,   0., 237.,   6.,  37.],
        [  0.,   0.,   3.,   5.,   7.,   0.,   0.,   0., 246.,  27.],
        [  0., 273.,   5.,   5.,   0.,   0.,   0.,   1.,  15.,   0.],
        [ 13.,   0.,   0.,   2.,  40.,   3.,   0.,  40.,  10., 263.],
        [  2.,   0.,   0.,   3.,  39.,   0.,   0., 253.,   7.,  33.],
        [  0.,   0., 261.,  13.,   0.,   0.,   5.,  19.,  39.,   0.],
        [ 92.,   0.,   0.,  76., 228.,   0.,  30.,   1.,   0.,   2.],
        [  0.,   0.,   0.,   5.,   2.,   0.,   0.,  12., 267.,   5.],
        [ 34.,   0.,   0., 237.,  35.,  77.,   0.,   2.,  15.,   9.],
        [  0.,   0.,  43.,   1.,   0.,  36., 274.,   0.,   0.,   0.],
        [  0.,   0.,  22.,   1.,   0.,   0., 276.,   0.,   0.,   0.],
        [  0.,   0.,   0.,   1.,   8.,  11.,  45.,   6.,   0., 214.],
        [  0.,   0.,   1.,  55., 193.,  63.,  80.,   4.,   0.,   9.],
        [  0.,   0.,   2.,   1.,   0.,   0., 261.,   0.,   0.,   0.],
        [  0., 275.,  29.,  13.,   0.,   0.,   0.,   3.,  43.,   0.],
        [  0.,   0.,   0.,  67.,  29., 255.,   0.,   6.,   4.,  15.],
        [  0.,   0.,   0., 203.,   0.,   2.,   0.,   0.,   0.,   0.],
        [  0.,  12.,   8.,  11.,   1.,   0.,   0.,   0., 251.,   1.],
        [  0.,   0.,   5., 124.,   3.,   0.,   0.,   4.,  43.,  76.],
        [  0.,   0.,   1.,   5.,   0.,   5., 278.,   0.,   0.,  13.],
        [  0.,  56.,  60.,  43.,   4.,   0.,   0., 238.,  45.,   4.],
        [  0.,   0.,  73.,   2.,   0.,  25., 282.,   0.,   0.,   1.],
        [  0.,   0.,   0.,   1., 220.,   5.,   0.,  41.,   6.,  62.],
        [  0.,   0.,   0.,   3.,  25.,  32.,   3.,   7.,   2., 233.],
        [  0., 219.,   0.,  11.,  21.,   0.,   0.,  22.,  46.,  44.],
        [ 14.,   0., 123.,  12.,   0.,   0., 271.,   0.,   0.,   0.],
        [  0.,  47.,   0.,   6.,  12.,   0.,   1.,  53.,   6., 235.],
        [ 53.,   0.,   0.,   3.,   1., 248.,   0.,   0.,   0.,   0.],
        [  0.,   1.,   0.,  17.,   1.,   0.,   0.,   0., 218.,   1.],
        [  0.,   1.,   0.,   2., 241.,  10.,  42.,   3.,   7.,   0.],
        [  0.,   1.,   0.,   8.,  19.,   0.,   0.,  69.,  20., 261.],
        [  0.,   1.,   3.,   5.,  35.,   4.,   0., 264.,   3.,  21.],
        [  0.,   1., 258.,  10.,   0.,   0.,   0.,  39.,   5.,   0.],
        [ 10.,   0.,  10.,  27.,   0.,   0., 198.,   0.,   0.,   0.],
        [  0.,  43.,   0.,   3.,  14.,   0.,  15.,  12.,  17., 251.],
        [  0.,   0.,   9.,   2.,   0.,  28., 279.,   0.,   0.,   0.]],
       device='cuda:0')
Epoch 5 | Batch 100
tensor([[280.,   0.,   1.,   0.,   0.,  46.,  23.,   0.,   0.,   2.],
        [  2.,  24.,   2.,   1.,   0.,   0.,   0.,   9., 248.,   0.],
        [ 45.,   0., 275.,   0.,   2.,   0.,  15.,   0.,   0.,   0.],
        [  9.,   0.,   0.,   0.,   0.,  24.,   3.,   0., 254.,   0.],
        [  0., 268.,   1.,  38.,   0.,   0.,   1.,  25.,   0.,   0.],
        [  4.,  26.,   3., 280.,   0.,   0.,   0.,   0.,   0.,   0.],
        [  3.,   0.,   0.,   0.,  12.,   0.,   0., 273.,   0.,   0.],
        [  3.,   0.,   0.,   0.,  18.,  75.,   1.,  12.,   0., 237.],
        [ 69.,   1.,   0., 278.,   0.,   0.,   0.,   0.,   0.,   0.],
        [  4.,  13.,   0.,  34.,  13.,   0.,   0., 233.,   0.,   3.],
        [ 77.,   0., 305.,  21.,  13.,   0.,   2.,   0.,   0.,   0.],
        [  4.,  10.,   7.,  11.,   4.,   4.,   3.,   0., 266.,   0.],
        [  6.,   9.,   8., 289.,   0.,   0.,   0.,   0.,   0.,   0.],
        [  8.,  10.,   0.,   0., 271.,   0.,  24.,   5.,   0.,  39.],
        [  4.,   2.,   0.,   9.,   0.,   8.,   0.,   0., 258.,   0.],
        [ 38.,   2.,  18., 282.,   0.,   0.,   0.,   0.,   8.,   0.],
        [  3., 109.,   1.,  15.,   1.,  52., 108.,   0., 247.,   1.],
        [ 10.,   1.,   0.,   2.,  25.,   0.,   0., 262.,   0.,   0.],
        [  2.,   0.,   1.,   0., 260.,   0.,  12.,  19.,   0.,   1.],
        [  2.,   0.,   0.,   0., 251.,   0.,   4.,   3.,   5.,   6.],
        [  0.,   0.,  33.,   0., 266.,  16.,  54.,   5.,   0.,   3.],
        [  9.,   0., 288.,   4.,  44.,   0.,  80.,   0.,   0.,   0.],
        [  4.,   0.,   0.,   7.,   0., 233.,   0.,   0.,  55.,   0.],
        [  0., 280.,  30.,  59.,   0.,   0.,   4.,   5.,   0.,   0.],
        [ 31.,   0., 296.,   3.,  26.,   0.,   9.,   0.,   0.,   0.],
        [231.,   0.,   3.,   0.,   0.,  11.,  15.,   1.,   0.,  50.],
        [  7.,   0., 297.,   4.,   3.,   0.,   2.,   0.,   7.,   0.],
        [  2.,   9.,  15., 214.,   7.,   0.,   0.,  17.,   0.,   0.],
        [  2.,   1.,   1., 151.,   0.,  37.,   0.,   2.,  77.,   0.],
        [  1.,   0.,   0.,   0.,  69.,   0.,  77.,  11.,   0., 252.],
        [ 24.,   0.,   1.,   0.,   2.,   0.,  82.,   1., 212.,  21.],
        [  0.,   1.,   0.,   0.,  11.,   0.,   0.,  10.,  81., 257.],
        [ 32.,   0.,   6.,   0., 266.,   0.,   5.,   6.,  61.,  16.],
        [ 23.,   0.,   0.,   0.,  47.,   6.,   4.,  24.,   0., 236.],
        [  0.,   0.,   1.,   0.,   0., 217.,   0.,   0.,   0.,   0.],
        [ 51.,   0., 299.,  56.,   1.,   0.,   9.,   0.,   0.,   0.],
        [  3.,   3.,  60.,   2.,   2.,   0., 216.,  22.,  72.,   0.],
        [  2.,   0.,  98.,   0.,  47.,   0., 240.,   0.,   0.,   0.],
        [  1.,  27.,  38.,  31.,   1.,   0.,  44.,   0., 201.,   0.],
        [  6.,   5.,   1., 254.,   0.,   0.,   0.,   0.,   0.,   0.],
        [ 11.,   0.,  31.,   5.,  11.,   0.,  20.,   0., 243.,  31.],
        [  1.,   9.,   0.,   8.,  19.,   0.,   0., 267.,   0.,   3.],
        [  9.,   1.,   3.,   0.,  10.,   0.,  10.,   1., 226.,  66.],
        [  7.,   0.,   1.,   4.,   2.,   0., 221.,   0.,  40.,   1.],
        [  5.,   0.,   0.,   0., 211.,   0.,   3.,  21.,   0.,   8.],
        [  1.,   6.,   1.,  10.,   4.,   0.,   0., 265.,   0.,   0.],
        [  2.,   0.,   0.,   3.,  46.,   0.,   0., 253.,   0.,   0.],
        [  0., 273.,  25.,  18.,   0.,   0.,  18.,   8.,  26.,   0.],
        [290.,   0.,   1.,  79.,   0.,   0.,   0.,   1.,   0.,   1.],
        [  2.,  20.,   1., 275.,   0.,   0.,   2.,   0.,   0.,   0.],
        [  3.,   0.,   0.,  12.,   0., 206.,   0.,   0.,   0.,   0.],
        [ 10.,   0.,   3.,   0.,   2.,   0., 247.,   0.,   0.,  14.],
        [  1.,   0.,   0.,   0., 233.,  65.,   2.,  20.,   0.,   2.],
        [  3.,   9.,   4., 282.,   1.,   0.,   0.,   0.,   0.,   0.],
        [ 10.,   0.,   5.,  17.,   0., 231.,   0.,   0.,   0.,   0.],
        [  0.,   1.,   0.,   1., 228.,   1.,  10.,   4.,   0.,   0.],
        [260.,   0.,   0.,  58.,   0.,   0.,   0.,   2., 101.,   0.],
        [  0., 266.,  11.,  21.,   3.,   0.,   1.,   6.,  67.,   0.],
        [  0.,  15.,   0.,   8.,   0.,   0., 228.,   0.,  28.,   0.],
        [  4.,   0.,   0.,   1.,  29.,   0.,   0., 258.,   0.,   0.],
        [  0.,   0.,   0.,   0.,  21.,   0.,  18.,   2.,   0., 269.],
        [  0., 273.,  27.,  29.,   0.,   0.,   3.,  11.,   0.,   0.],
        [  0.,   4.,   0.,   3.,   0.,   0.,   0.,   7.,   0., 221.],
        [  1.,   0.,   0.,  42.,  18.,   0.,   2.,   9.,   8., 259.]],
       device='cuda:0')
Epoch 5 | Batch 200
tensor([[  0.,   0.,   0.,   1., 260.,   0.,   0.,  45.,   4.,  14.],
        [  0.,  29.,  48.,   0.,   0.,  17., 152.,   0.,  32.,   2.],
        [  0.,   0.,   0.,   3.,  39.,   0.,   0.,   3.,   6., 190.],
        [  0., 278.,   5.,   1.,   0.,  16.,   0.,   4.,   1.,   7.],
        [263.,   0.,   0.,   0.,   5.,  36.,   0.,   0.,   0.,   0.],
        [  0.,   2.,   0.,   0.,  10.,   0.,   0.,  11., 239., 138.],
        [ 25.,   0.,  94., 227.,   0.,   0.,   0.,  27.,  27.,   2.],
        [  0.,   0.,   0.,   0., 240.,   0.,  20.,  17.,   1.,  79.],
        [  0.,  18., 118., 261.,   2.,   1.,   0.,   1.,  35.,   1.],
        [ 33.,   0.,   0.,   0.,   5.,   0.,   4.,  33.,   6., 272.],
        [  0.,   0.,   1.,  27.,  75.,  85.,   0.,  83., 193.,   2.],
        [  0., 269.,  13.,  13.,   0.,   9.,   0.,   3.,  19.,   5.],
        [  0.,   0.,   0.,   2.,   4.,   0.,   0.,   9., 249.,  14.],
        [  0., 269.,   0.,   0.,   0.,   5.,   0.,   4.,   2.,   7.],
        [274.,   0.,  20.,   0.,   3.,   0.,   0.,   0.,   1.,  51.],
        [  0.,   0.,   0.,  44.,  17.,   8.,   0.,  15.,   0., 197.],
        [  0.,   6.,  80.,   0.,   0.,   9., 260.,   0.,  27.,  22.],
        [  0.,   0.,   0.,   0.,  35.,   0.,   0.,  40.,   2., 262.],
        [222.,   0.,  42.,   1.,   0.,   0.,  77.,   1.,  80.,   5.],
        [  0.,   0.,   0.,   1.,   4.,   0.,   0., 287.,   0.,   3.],
        [263.,   0.,   5.,   7.,   3.,   3.,   0.,   1.,   1.,   2.],
        [  0.,  51., 259.,   4.,   1.,   1.,   0.,   0.,  44.,   2.],
        [  8.,   0.,  15.,   0.,   7., 232.,   7.,   0.,   5.,   0.],
        [ 75.,   0.,   0.,   0.,  26., 253.,   0.,   2.,   2.,   3.],
        [  0., 270.,  28.,   0.,   0.,   0.,   0.,   0.,   8.,   2.],
        [  0.,  14.,   0.,   3.,  37.,   3.,  55.,   5., 240.,   8.],
        [  0., 282.,   2.,   0.,   0.,   0.,   0.,  19.,   9.,   2.],
        [  0.,   0.,   0.,  20.,   6.,   0.,   0., 269.,   3.,   6.],
        [  3.,   0.,   0.,   0.,  28.,   4.,   0., 289.,   0.,  66.],
        [  0.,   0.,   0., 208.,   1.,  16.,   0.,   1.,  32.,   1.],
        [  0., 271.,  10.,   0.,   0.,   0.,   0.,   0.,   3.,   1.],
        [  0.,   4.,   3.,   3.,   7.,   0.,   0.,   2., 258.,   4.],
        [264.,   0.,  40.,   6.,   3.,   3.,   0.,   6.,   4.,  26.],
        [  0.,  15.,   4.,   5.,   1.,   1.,   0.,   0., 267.,   4.],
        [  0.,   0.,   0.,   0.,  20.,   0.,   0.,  16., 238.,  51.],
        [  0.,   0.,   0.,   0., 187.,   0.,   1.,   2.,   0.,  31.],
        [  0.,   0.,   0.,   8.,  64.,   1.,   0., 268.,   0.,   2.],
        [  0.,   0.,   7.,   0.,   4.,   0., 154.,   0.,   1.,   3.],
        [  0., 276.,   9.,   0.,   0.,   0.,   3.,   1.,  26.,   3.],
        [  0.,   0.,  44.,   0.,  20.,   0., 242.,   1.,   0.,   1.],
        [  0., 276.,   0.,   3.,   0.,  11.,  11.,   2.,  10.,   2.],
        [  0.,  50.,  14.,   0.,   1., 194.,   0.,   0.,  45.,   0.],
        [  0.,   0.,   0.,   0.,  23., 232.,   0.,   0.,   1.,   3.],
        [  0.,  41.,   0.,  23.,   5.,   0.,   0.,  47.,   2., 216.],
        [  0., 270.,  10.,   0.,   0.,   0.,  15.,   1.,  11.,   4.],
        [274.,   0.,  26.,   0.,   4.,   0.,   0.,   0.,   0.,  36.],
        [  0.,   0.,   0.,   2.,  21.,   0.,   0., 280.,   0.,   4.],
        [  0., 276.,  93.,   5.,   0.,  23.,   5.,   2.,  73.,  22.],
        [273.,   0.,   0.,   0.,  16.,   0.,   0.,   1.,   0.,  20.],
        [  0., 272.,   1.,   0.,   0.,   6.,   0.,   0.,   3.,   1.],
        [  0.,  61.,   0.,   3.,   6.,   4.,   0.,  54.,  69., 235.],
        [  0.,   0.,   0.,   0., 244.,   5.,   0.,  15.,   2.,  57.],
        [ 82.,   2., 115., 233.,   0.,   0.,   0.,   0.,   2.,   0.],
        [ 34.,   4., 227.,   0.,   0.,   0.,   0.,   0.,  79.,   0.],
        [254.,   0.,  30.,   4.,   3.,   9.,   0.,   1.,  25.,   2.],
        [  0.,  24.,   0.,  34.,   0.,   2.,   0.,   0., 264.,   3.],
        [  0.,  14.,   0.,   1.,  10.,   0.,   0.,   7.,   3., 241.],
        [  0.,   0.,   0.,   1.,   9.,   0.,   0., 267.,  12.,   2.],
        [  0.,   1.,   0.,   2.,  11.,  27.,   0., 275.,   0.,   4.],
        [281.,   0.,  91.,   2.,   3.,   0.,   0.,   1.,  23.,   7.],
        [  0., 284.,   0.,   7.,   0.,   4.,   6.,   8.,  15.,  10.],
        [  5.,   0.,   2., 243.,   0.,  62.,   0.,   0.,   1.,   0.],
        [  0., 267.,   0.,  22.,   0.,   2.,   0.,  35.,   5.,   9.],
        [  0.,   0.,   0.,   0.,  35.,   1.,   0., 294.,   2.,  30.]],
       device='cuda:0')
Epoch 5 | Batch 300
tensor([[  1.,  10., 156.,   0.,   0.,  17.,   3.,  96.,   0.,   1.],
        [  0.,   0.,   0.,   0.,   0.,   4.,   0.,   1.,   0., 204.],
        [  0.,   0.,   8.,   0.,  31., 190.,   0.,   0.,  17.,   0.],
        [  0., 274.,   3.,   0.,   0.,   1.,   0.,  31.,   0.,   0.],
        [250.,   0.,  10.,   7.,   0.,   0.,   0.,   0.,  60.,   0.],
        [  0.,   0.,  14.,   4., 105.,   8.,   1.,   5.,   0., 235.],
        [  0., 275.,   5.,   0.,   0.,   1.,   0.,  18.,   0.,   0.],
        [ 53.,  20., 249.,   0.,   0.,   0.,   6.,   0.,   0.,   0.],
        [281.,   0.,  10.,  10.,   1.,   9.,  14.,   0.,  24.,   2.],
        [  0.,   0.,   3.,   2., 230.,  12.,   3.,   0.,   3.,   6.],
        [  3.,  28.,  13.,   0.,  12.,   0., 245.,   0.,   0.,   0.],
        [  4.,   0.,   5.,   0.,   0.,   9.,   0., 240.,   0.,   4.],
        [ 23.,   0.,   2.,   0.,  94., 265.,   0.,   0.,  13.,   2.],
        [  0.,   0.,   3.,   0., 245.,   3.,  10.,  27.,  11.,   4.],
        [285.,   0.,   2.,   4.,   0.,  29.,   0.,   0., 108.,   2.],
        [ 12.,  65.,   3.,   0.,   0.,   0., 260.,   0.,   0.,   0.],
        [ 68.,  69.,   4.,   0.,   0.,  23., 222.,   0.,   0.,   0.],
        [  0., 253.,   1.,   0.,   0.,   1.,   0.,  14.,   0.,   0.],
        [  0.,   0.,   2.,   0., 259.,  11.,  27.,  45.,  49.,  24.],
        [  1.,   0.,  26.,   2.,  31.,   3.,   0., 245.,   0.,   4.],
        [  0.,   0.,  18.,   0.,  19.,   5.,   3.,   0., 244.,   3.],
        [  0.,   0.,   3.,   0., 247.,   1.,   0.,   0.,   0.,   8.],
        [  1.,   0.,   4.,   0., 264.,  10.,  53.,   3.,  20.,   0.],
        [  0.,   0.,  19., 224.,   0.,  35.,   0.,  31.,   0.,   6.],
        [  0.,   0.,   6.,   1., 102.,  14.,   0.,   3.,   0., 235.],
        [  2.,   0.,  11.,   0.,   0.,   2.,  52., 248.,   0.,   5.],
        [284.,   0.,   4.,   1.,  32.,  23.,   0.,   0.,  97.,  10.],
        [268.,   0.,   3.,   4.,  41.,  29.,   0.,   0.,   4.,   1.],
        [275.,   0.,   4.,   0.,   0.,   4.,   1.,   0.,  10.,  17.],
        [ 24.,   0.,   5.,   2.,   0.,   3.,  67.,   0., 209.,   0.],
        [  0.,   0.,   4.,   0., 112.,   5.,   5.,  23.,   0., 216.],
        [  2.,   0.,   3.,   0.,   0.,   6.,   0., 254.,   1.,  84.],
        [  1.,   0.,   3.,   0.,   0., 273.,   0.,   0.,  76.,   0.],
        [  0.,  93., 251.,  60.,   0.,   4.,   3.,   0.,   0.,   0.],
        [  0., 236.,   6.,  17.,   0.,  20.,   2.,   3.,   0.,   0.],
        [  4.,   0.,  17.,   0.,   0.,   0., 259.,   0.,   0.,   2.],
        [  5.,   0., 276.,   1.,   0.,   0.,   1.,  10.,   0.,   4.],
        [  0.,   0.,   5.,   0., 248.,   1.,   0.,   0.,   4.,   0.],
        [  8.,   0.,  12.,   2.,   0.,   1.,   0., 255.,   0.,   2.],
        [  0.,  17., 261.,   0.,   0.,   0.,   1.,   0.,   0.,   0.],
        [  0., 267.,   3.,   0.,   0.,   1.,   0.,  22.,   0.,   0.],
        [  0.,   0.,   9.,   0.,   0.,   2.,   0.,   0., 253.,   2.],
        [  0., 247.,   1.,   1.,   0.,   5.,   0.,   2.,   0.,   0.],
        [  0.,  81., 274.,   3.,   0.,   0.,   0.,   0.,   0.,   0.],
        [  8.,   0.,   4.,   0.,   4.,   3.,  43.,   0.,   0., 247.],
        [ 71.,   0.,   6.,   8.,  31.,   7.,   0., 258.,   0.,  25.],
        [  1.,   0.,  12.,   0.,   0.,   4.,   0., 237.,   0.,   2.],
        [ 87.,   0.,  22., 257.,   6.,  27.,   0.,   0.,   0.,   0.],
        [  4.,   0.,  16.,  27.,   0.,   1.,   0., 251.,   0.,   2.],
        [  0., 243.,   6.,  28.,   0.,  17.,   1.,   0.,   0.,   0.],
        [  1.,   0.,  29.,   0.,   3.,  26.,   2.,   0., 222.,   8.],
        [  0.,   1.,  15.,   0.,   0.,   0., 250.,   0.,   0.,   0.],
        [ 13.,   0.,  20.,   0.,   0., 232.,   1.,   0.,   0.,   0.],
        [  0.,   1., 235.,  80.,   0.,   0.,   0.,   0.,   0.,   0.],
        [ 80.,   0.,   4.,   0.,   0., 141.,  40.,   0.,  29.,   0.],
        [ 15.,   0.,  45., 244.,   0.,  80.,   0., 105.,   2.,   0.],
        [  1.,   0.,  10.,   0.,   2.,   0.,   0., 221.,   8.,   0.],
        [  1.,  27.,   2.,   0.,   0.,   1., 242.,   0.,   0.,   0.],
        [  1.,   2.,   7.,   0.,   0.,   6.,   0., 239.,   0.,   1.],
        [  0.,   0.,  10., 193.,   0.,  61.,   0.,  31.,  10.,   5.],
        [  0.,  52., 236.,   1.,   0.,  12.,   0.,   2.,   0.,   0.],
        [  1.,   0.,   1.,   0., 227.,   1.,  97.,  74.,  11.,  14.],
        [  1.,  40.,   7.,   0.,   0.,  33.,   1.,   0., 209.,   0.],
        [ 88.,   2.,  27., 250.,   0.,  15.,   0.,   0.,   1.,   0.]],
       device='cuda:0')
Epoch 5 | Batch 400
tensor([[  4.,   0.,   0.,   0., 207.,   0.,  41.,   0.,   0.,  16.],
        [  9.,   4.,  15.,   5.,   0., 252.,   0.,   0.,   0.,   0.],
        [  0.,   8.,   2.,   0.,   1.,   0., 245.,   0.,  31.,   0.],
        [274.,   0.,   3.,   0.,   3.,   3.,   3.,   2.,   5.,   0.],
        [268.,   0.,   2.,  10.,   0.,   2.,   0.,  33.,   2.,   0.],
        [  0.,   0.,   0.,   0.,  49.,   0.,   1.,  63.,  19., 254.],
        [  7.,   0.,   2.,   0.,   4.,   0., 269.,   1.,  53.,  46.],
        [  0.,   0.,   0.,   0.,  35.,   0.,   0.,  39.,   4., 244.],
        [ 30.,   5.,   2.,  39.,   0., 216.,   0.,   0.,   2.,   0.],
        [ 13.,   0.,   0.,   0., 267.,   0.,   3.,  61.,   4.,  11.],
        [ 15.,   6.,   2., 108.,   0.,  18.,   0.,   4.,  17., 163.],
        [  1.,   0.,   1.,   0.,   5.,   0.,   0., 279., 151.,   1.],
        [  0., 248.,   9.,   2.,   0.,   0.,   0.,   0.,   5.,   0.],
        [  0.,   6., 247.,   0.,  10.,  13.,   7.,   0.,   3.,   0.],
        [  0., 252.,   5.,   8.,   0.,   0.,  10.,   0.,   8.,   0.],
        [  0.,  16.,   5.,   0.,   3.,   0., 280.,   0.,   4.,   5.],
        [  0.,   1.,   1.,   3.,   4.,   0.,   0., 215.,   0.,  21.],
        [  0.,   0.,   0.,   0., 236.,   0.,  24.,  42.,   2.,  82.],
        [  0., 234.,   4.,  93.,   2.,   0.,   0.,   6.,  41.,   0.],
        [  0.,  21.,   1.,  17.,   1.,   0.,   0.,  65.,   5., 201.],
        [ 51.,   0.,   0.,   0., 261.,  36.,   0.,  48.,  18.,  20.],
        [  0.,  17.,   3.,  12.,   5.,   0.,   0., 269.,   3.,   9.],
        [ 50.,   0.,   0.,   0., 248.,   3.,   0.,  80.,   3.,  38.],
        [263.,   0.,   1.,   0.,   0.,  16.,   3.,   0.,   3.,   0.],
        [  0.,  19.,   1.,   8.,   2.,   0.,   0., 269.,   2.,   4.],
        [  0.,   3.,   1.,   0.,   4.,   0.,   0., 280.,   4.,   0.],
        [  8.,   0., 237.,   1.,  31.,   0.,   8.,   0.,   1.,   0.],
        [  1.,   3.,   8.,   0.,   1.,   0., 257.,   0.,  86.,   0.],
        [  0., 220.,   0.,  30.,  22.,   0.,   0.,   0.,   6.,   0.],
        [  0.,   4., 229.,   0.,   0.,   0.,   2.,   0.,   3.,   0.],
        [  0.,   6.,   2.,   1.,   0.,   0.,   0., 260.,   5.,   0.],
        [  1.,   0.,   3., 125.,   0., 221.,   0.,   0.,   2.,   0.],
        [  1.,  12.,   7.,  10.,   5.,   0., 267.,   0.,  43.,   3.],
        [ 34.,   0.,   0.,   2.,   4.,   0.,   0., 280.,  17.,  12.],
        [  0.,   4.,   4., 209.,  27.,   0.,   0.,   5.,   3.,   0.],
        [ 33.,   1.,   3.,  76.,   0., 260.,   0.,   0.,   1.,   0.],
        [ 63.,   2.,   6., 119.,   0., 221.,   0.,   1.,   1.,   0.],
        [  0., 218.,   1.,  16.,  28.,   0.,   3.,   0.,  10.,   2.],
        [  1.,   0.,   3.,   0.,  23.,   0., 260.,   2.,  12.,   0.],
        [  0.,   0.,  24.,   2.,   5.,   0.,   0., 277.,  59.,   1.],
        [274.,   0.,   2.,   0.,   1., 127.,   0.,   2.,   2.,   5.],
        [ 85.,   1.,   3.,   1.,   0.,   0.,  37.,   0.,   4.,   0.],
        [  0.,   0.,   0.,   0.,   7.,   5.,   0.,   2., 195.,  30.],
        [  0.,   1.,   0.,   0.,   4.,   0.,   0.,  93.,  10., 222.],
        [ 63.,   6.,   6., 272.,   0.,   0.,   0.,   0.,  12.,   0.],
        [262.,   0.,   7.,   0.,   0.,  36.,  27.,   1.,   2.,   0.],
        [140.,   0.,   0.,   2.,   1.,   0.,   3.,   0.,  10.,   0.],
        [ 25.,   2.,  49.,   0.,  29.,  75., 266.,   0.,  38.,  13.],
        [  5.,   2.,   4.,   0.,   5.,  39., 270.,   0.,   9.,   5.],
        [ 19.,   8.,   8., 230.,   0.,  68.,   0.,   0.,   4.,   0.],
        [ 24.,   2.,   2.,  52.,   0., 260.,   0.,   0.,   2.,   0.],
        [  0.,  10.,  22., 223.,  41.,   0.,   0.,   0.,   9.,   0.],
        [  0., 255.,   2.,   1.,   0.,   0.,   4.,   0.,   5.,   1.],
        [  0.,   0.,   1.,   0.,  10.,   0.,   0.,   1., 244.,   5.],
        [252.,   0.,   6.,   0.,   1.,  27.,  20.,   0.,   9.,   0.],
        [ 23.,  19.,  14.,   0.,   6.,   0., 278.,   0.,  11.,   7.],
        [ 25.,   0.,   2.,  12.,  11., 237.,   0.,  15.,   5.,  30.],
        [  0.,   4.,   2.,   0.,   1.,  25., 256.,   0.,  80.,   0.],
        [  0.,  24.,   0., 228.,   0.,   1.,   0.,   0.,   3.,   0.],
        [  0.,   1.,   0.,   0.,  22.,   0.,   3.,  62.,  15., 246.],
        [  0.,   1., 254.,   0.,   1.,   0.,   0.,   0.,  19.,   0.],
        [  0.,  13.,   1.,   1.,   2.,   3., 273.,   0.,  39.,  11.],
        [ 23.,   0.,   0.,   4.,  16.,   0.,   4.,  97.,   3., 252.],
        [  0.,   0.,   0.,  56.,   3.,   0.,   0.,  50.,   4., 219.]],
       device='cuda:0')
Epoch 5 | Batch 500
tensor([[  0.,   0.,   2.,  20., 263.,   1.,   0.,   1.,   1.,  12.],
        [282.,   0.,  80.,   0.,   0.,   6.,   0.,  39.,   0.,   0.],
        [  2.,  36., 149.,   0.,  87.,   0.,   0.,   0.,   3.,   0.],
        [  0.,  47.,   8., 234.,   0.,   9.,   0.,  40.,   3.,   0.],
        [  0.,   0.,  15.,  79.,   3., 268.,   0.,   0.,  35.,   0.],
        [  1.,   6.,   5.,   9.,  26.,  28.,   0.,   0., 242.,   0.],
        [  0., 276.,   7.,   9.,   2.,   0.,   0.,  23.,   1.,   0.],
        [  0.,   0.,   3.,   0., 236.,   4.,   0.,  37.,   7.,  10.],
        [  0.,   0.,   4.,  30., 257.,  26.,   0.,   0.,   1.,   0.],
        [  0., 257.,  25.,  55.,   0.,   0.,   0.,   0.,  52.,   5.],
        [  0., 264.,  20.,  72.,   0.,   0.,   0.,   0.,  41.,   4.],
        [259.,   0.,   1.,   0.,   0.,   1.,  73.,   0.,   1.,   0.],
        [  2.,   0.,   2.,   0.,   2.,   0.,   0., 276.,   0.,   2.],
        [  0., 282.,  12.,  10.,   0.,   0.,   0.,  15.,   1.,   0.],
        [  0.,   0.,   7.,  49.,  15.,  44.,   0.,  48.,  13., 189.],
        [  1.,   0.,   5.,   0.,   6.,   0., 246.,   0.,  13.,   0.],
        [  0., 256.,  17.,   2.,   0.,   0.,   0.,  25.,   3.,   7.],
        [  0.,   0.,   5.,  53.,   0.,   0.,   0.,  28., 178.,   0.],
        [  7.,   0., 282.,   1.,   0.,   0.,   0.,   0.,   2.,   0.],
        [  3.,   0.,  17.,   0.,  14.,  18.,  57.,   0., 246.,   0.],
        [  5.,  31., 238.,   0.,  85.,   0.,   0.,   0.,   3.,   0.],
        [  1.,   0.,   2.,  14.,   1., 254.,   0.,   0.,  25.,   0.],
        [  0.,  14.,  18.,   0.,   1.,   0.,   0., 236.,   0.,  38.],
        [ 20.,   0.,   1.,   7.,   1., 263.,   0.,  52.,   1.,   0.],
        [  2.,   0., 274.,   0.,  38.,   0.,   0.,  15.,   0.,   0.],
        [  0.,  19.,  40., 243.,   6., 104.,   0.,   0.,  20.,  10.],
        [  0., 284.,  16.,  63.,   1.,   0.,   0.,   5.,   2.,   0.],
        [  2.,   0.,   7.,  25.,   1.,   0.,   0.,  10.,   6., 219.],
        [  0.,   0.,  44., 246.,   8.,   0.,   0.,   0.,  11.,   0.],
        [  0.,  90.,   3.,  98.,   0.,   0.,   0.,   1.,  20.,   0.],
        [  4.,   0.,  30.,   6.,  10.,   7.,   0.,   0., 230.,   0.],
        [  0.,   0.,   1.,  12.,  90., 160.,   0.,   0.,  30.,   4.],
        [  0.,   0.,   8.,   0., 255.,   5.,  32.,  12.,  28.,  23.],
        [ 15.,   0.,   1.,  28.,   5., 219.,   0.,  19.,   2.,   0.],
        [256.,   0.,   1.,   0.,   0.,   2.,  29.,   0.,   0.,   0.],
        [  0.,   4., 118., 213.,  47.,   7.,   0.,   0.,  14.,   0.],
        [  0., 261.,  11.,   0.,   0.,   0.,   0.,  35.,   0.,   0.],
        [  0.,   0.,   2.,   9.,  33.,  77., 248.,   0.,  42.,   0.],
        [  1.,   0.,   6.,   3., 264.,  18.,   0.,  21.,   1.,   1.],
        [  0.,  22.,   7., 261.,   0.,   4.,   0.,  97.,   1.,   0.],
        [  0., 255.,  11.,  34.,   0.,   0.,   0.,   0.,  31.,   0.],
        [ 31.,   5., 258.,   0.,   0.,  17.,   0.,   0.,   7.,   0.],
        [  0.,   0.,  27., 251.,  54.,   1.,   0.,   3.,   6.,   0.],
        [ 12.,   0.,  31.,   4.,   1.,   4.,   0.,   1., 223.,   0.],
        [  0.,   1.,   5.,   0.,  10.,   3.,   0.,   2., 252.,   0.],
        [  0.,   0., 199.,  11.,   3.,  27.,  43.,   0.,   5.,   0.],
        [  3., 262.,  10.,  21.,   0.,   0.,   0.,   0.,  61.,   0.],
        [  0.,   8.,  10., 263.,   0.,   0.,   0.,   4.,  10.,   0.],
        [  1.,   7.,  22.,  57.,  12.,   0.,   0., 164.,  61.,  54.],
        [  0., 270.,  19.,  11.,   0.,   0.,   6.,   5.,   2.,   0.],
        [  0.,   0.,  12.,  16.,   2., 222.,   0.,   0.,  15.,   0.],
        [  3.,   2.,  95.,  25.,   0.,   6.,   0.,   0., 214.,   0.],
        [279.,   0.,   2.,   0.,   0.,   2., 115.,   0.,   0.,   0.],
        [ 50.,   0.,  13.,   5.,   0.,   0.,   0., 266.,   1.,  27.],
        [ 39.,   0.,   0.,   1.,   0.,   0., 248.,   0.,  22.,   0.],
        [  0.,   8.,   6., 209.,  27.,  18.,   0.,   0.,  39.,   0.],
        [  0.,   9.,   4.,   0., 253.,  34.,   0.,   0.,  10.,  24.],
        [  2.,   0.,  11.,   1.,   9.,   0.,   0., 259.,   1.,  10.],
        [115.,   0.,  10.,   0.,  24.,   0.,   0., 236.,   1.,   0.],
        [  9.,   0.,  13.,   0.,  37.,   1.,  33.,  48.,   1., 122.],
        [ 14.,   0.,  23.,   0.,  68.,   1., 233.,   0.,   2.,   6.],
        [  0.,   1.,   2.,   1.,   2.,  66.,   0.,  97.,  78., 229.],
        [  0.,   0.,  38.,   3.,   1.,   0.,   0., 255.,   0.,  19.],
        [  0., 283.,   9.,  19.,   0.,   0.,   0.,   4.,   2.,   0.]],
       device='cuda:0')
Epoch 5 | Batch 600
tensor([[ 18.,   9.,   0.,   9.,  24.,   1.,   0.,  13., 251.,  87.],
        [  0.,   0.,   0.,   1., 211.,   0.,   1.,   0.,  11.,  23.],
        [  6.,   9.,   0.,   8.,   5.,  99.,  12.,   1.,  18., 256.],
        [  0., 269.,   0.,  12.,  19.,  30.,   0.,  35.,   7.,   2.],
        [111.,   5., 125.,  16.,  29.,   0.,   0.,   2., 218.,   2.],
        [  0., 209.,   0.,   5.,   1.,  20.,   6.,  14.,  58.,   1.],
        [ 20.,   2.,   0.,  83.,  25., 230.,   0.,   0.,   4.,   5.],
        [  3.,   0.,   0.,   3.,   0., 234.,   0.,   0.,   7.,   2.],
        [  4.,  25.,   0.,   4.,   5.,   0., 290.,   0.,   2.,   5.],
        [  3.,   4.,  49., 278.,   0.,   2.,   0.,   1.,  59.,   1.],
        [ 21.,   5.,   0.,   4.,  20.,  28.,   3.,  23.,  13., 269.],
        [  3.,  41.,  11.,  16.,   3.,   1.,  60.,   0., 256.,   5.],
        [ 28.,   3.,  23.,   8.,  12.,   0.,   0.,  51.,  26., 268.],
        [  1.,   8.,  59., 267.,   0.,   2.,   0.,   0.,   2.,   0.],
        [  0., 253.,  12.,  29.,   0.,   0.,   0.,   0.,   0.,   1.],
        [ 14.,   3.,   0., 285.,   1.,  79.,   0.,   0.,   2.,   0.],
        [  2.,   3., 146.,  15.,   0.,   0.,   0.,   0.,   0.,   0.],
        [  3.,   1.,   0.,   7.,   5.,   8.,   0.,   0., 238.,   4.],
        [148.,  10.,   0.,  15.,   0.,   2.,   0.,   0.,   1.,  20.],
        [ 17.,   0.,  27.,   2.,  45.,   0.,   1.,  10.,  79., 199.],
        [ 13.,   0., 113., 124.,   1.,   0.,   0.,   0.,   0.,   0.],
        [  5.,  25.,   0.,   8.,   0.,   7.,   0.,   0., 263.,  25.],
        [  2.,   4., 234.,   2.,   0.,   3.,   0.,   6.,   0.,   0.],
        [  0., 249.,   0.,   9.,   7.,  17.,   0.,  28.,  14.,   1.],
        [  3.,  29.,  33.,  12.,   2.,   1.,   0., 261.,   2.,   4.],
        [  4.,   1., 257.,  17.,   3.,   0.,   0.,   0.,   6.,   0.],
        [  4.,   1.,   0.,  20.,  18.,   4.,   0.,  11.,  11., 267.],
        [ 13.,   4.,   0.,  12.,  18.,  24.,   0., 282.,  75.,   2.],
        [  1.,  27.,   0.,   9.,  44.,   0., 274.,   0.,   0.,   9.],
        [  1., 274.,   0.,  28.,   7.,   3.,   0.,  19.,   2.,   6.],
        [  0.,   0.,   0.,   1., 248.,   0.,   0.,  40.,  46.,  21.],
        [  0., 256.,   0.,  16.,   0.,   0.,   0.,   1.,   1.,   3.],
        [ 33.,   5.,   0.,   5.,  39.,   0.,   0.,  35.,  38., 286.],
        [  2.,   9.,  32., 280.,   0.,   5.,   0.,   0.,   2.,   0.],
        [  5.,   1.,   0.,   3.,  45.,   0.,   0.,   8.,   8., 267.],
        [  2., 245.,  50.,  31.,   0.,   0.,   0.,   1.,   3.,   1.],
        [  0., 247.,  28.,  36.,   0.,   0.,   0.,   0.,   0.,   0.],
        [281.,   0.,   0.,  10.,   1.,   1.,  79.,   0.,   0.,   0.],
        [  3.,   1.,   0.,   0.,  21., 187.,   0.,   9.,  81.,  45.],
        [  5.,   6.,   0.,  14.,   0.,   5.,   0.,   0., 263.,   5.],
        [  1.,   4., 174.,  20.,   0.,   5.,   0.,   0.,  12.,   0.],
        [ 54.,   3.,  50.,   1.,  30.,   0.,  25.,  14., 248.,  83.],
        [  1.,   3.,   0.,  13.,  16.,   1.,   0.,   4.,   8., 247.],
        [286.,   2.,  21.,  16.,   3.,   4.,   0., 119.,   0.,   0.],
        [ 12.,   1.,   0.,  10.,   4.,   4.,   0., 256.,  12.,   3.],
        [272.,   0.,   0.,   8.,   3.,   9.,   0.,   0.,   0.,   0.],
        [  3.,  15.,   8., 228.,   3.,  59.,   0.,  56.,  92.,   5.],
        [  6.,   2.,  50., 252.,   1.,   5.,   0.,   0.,  48.,   0.],
        [  3.,   4.,   5., 282.,   2.,  43.,   0.,   0.,  40.,   0.],
        [158.,   0.,   0.,   2.,   1.,   0.,  47.,   0.,   0.,   0.],
        [  0., 258.,  10.,  14.,   0.,   0.,   0.,   0.,   3.,   9.],
        [  2.,  34.,   1.,   3.,   0.,   0.,  16.,   0., 223.,   2.],
        [  2.,   1.,   0.,   3.,   5.,  24.,   0.,   3.,  20., 244.],
        [102.,   1., 206.,  41.,   0.,   0.,   0.,  11.,   1.,   0.],
        [  0., 255.,  42.,  22.,   0.,   0.,   0.,   0.,   1.,   2.],
        [  0., 275.,   0.,  15.,   1.,  11.,  12.,   1.,  39.,   8.],
        [ 53.,   8., 257.,  77.,   0.,   7.,   0.,   0.,  92.,   0.],
        [ 25.,  10.,   0.,   7.,  29.,   0.,   0.,  12.,   6., 254.],
        [  2.,  26.,   0.,   2.,   0.,   0., 272.,   0.,  46.,  15.],
        [  1., 236.,  53.,  19.,   0.,   0.,   0.,   0.,   0.,   0.],
        [  1.,   5.,   0., 227.,   1.,  58.,   0.,   0.,   3.,   0.],
        [  4.,  32.,  46.,  14.,  11.,   0.,  70.,   0., 262.,   8.],
        [  8.,   2.,   0.,  10.,   7., 104.,   0.,  40.,  13., 265.],
        [ 16.,   1.,   0.,   6.,   6.,  15.,   0., 265.,   5.,   8.]],
       device='cuda:0')
Epoch 5 | Batch 700
tensor([[240.,   0., 101.,   5.,   0.,   0.,  36.,   1.,   0.,   0.],
        [  0.,   1.,  15.,   2., 206.,   0.,   7.,  19.,   0.,  23.],
        [  0.,   0.,  60.,   3.,  68.,  17.,   3.,  87.,   0., 233.],
        [ 29.,   0.,   0.,  32.,   1.,   0.,   0., 283.,   5.,   0.],
        [  0.,  23.,   3.,   4.,   1.,   0., 206.,   0.,   0.,  48.],
        [  0.,   0.,  18., 285.,   0.,  46.,   0.,   0.,   0.,   8.],
        [  0.,   5.,   3.,  12.,  38.,   0.,   3.,   1., 209.,   5.],
        [  0.,   0.,  71., 288.,   0.,   0.,   0.,   0.,   0.,   0.],
        [  0.,   0.,   1.,  14.,   4.,  17.,   1.,   8.,   0., 217.],
        [ 21.,   0.,   1.,   2.,   0., 239.,  15.,   0.,  44.,  17.],
        [ 14.,  12.,   1., 181.,   0.,   5.,   0.,   3.,  27.,   2.],
        [  0.,   0.,  58.,   0., 246.,  29.,   2.,  39.,   0.,   2.],
        [  0.,   2.,  11., 264.,   0.,   3.,   0.,   0.,   0.,   0.],
        [  0.,   0.,   9.,   0.,   8.,   0., 277.,   0.,   0.,   0.],
        [  0.,   1.,   1., 249.,  18.,   0.,   0.,   0.,  53.,   0.],
        [  0.,  50.,   7.,   0.,   2.,   4., 286.,   0.,   0.,   0.],
        [  0.,   0.,   2.,   7.,   0.,  53.,   4.,   1.,   0., 229.],
        [  0., 113.,   3.,   0.,   0., 220.,   1.,   5.,  88.,   1.],
        [  0.,   0.,  22.,   1.,   0.,  16., 259.,   0.,   0.,   0.],
        [ 77.,   0.,   0.,   3.,   0., 237.,   2.,   0.,  31.,   0.],
        [  0.,   0.,  10.,   3.,   7.,   0.,   2.,  57.,   0., 221.],
        [  0., 269.,   7.,  51.,   0.,   0.,   1.,   0.,   5.,  48.],
        [  0.,   0.,  50.,   0., 215.,   0.,  13.,   3.,   0.,   9.],
        [  0.,  20., 219., 107.,   0.,   0.,   1.,   0.,  33.,   0.],
        [  0., 264.,   2.,   3.,   0.,   0.,   0.,   0.,  58.,  46.],
        [  0.,   1.,   7.,   5.,   0.,   0., 155.,   0.,   0.,   2.],
        [  0.,  70.,   5.,   6.,   0.,   0.,   2.,   0., 228.,   7.],
        [  0.,   0.,   0.,   1.,   6.,   0.,   0., 245.,   0.,   0.],
        [  0.,  77.,   4.,  99.,   0.,  23.,  12.,   5.,   0., 194.],
        [ 43.,   0.,   0.,  16.,   0., 192.,   1.,   7.,   0.,   3.],
        [  0.,   0.,   1.,   4.,   2.,   0.,  18.,  42.,   0., 190.],
        [ 17.,   0.,   2.,   3.,  81.,   0.,   7.,  41.,  32., 192.],
        [  0.,   0.,   2.,  17.,   3.,   0.,   3.,  16.,   0., 226.],
        [  0.,   0.,  96.,  11., 236.,   0.,   4.,   5.,   0.,  29.],
        [  0.,   0.,   2.,  11.,  43.,   0.,   7.,   1., 224.,   6.],
        [ 44.,   0.,   0.,   3.,   2.,   0.,   0., 286.,   0.,   0.],
        [  0.,   0.,   2.,   1.,  11.,   0.,   5.,  77.,   0., 214.],
        [  0.,   0.,   0.,   2.,   1.,   0.,  26.,  14.,   0., 229.],
        [  0.,   1.,   4.,   0.,   2.,   0.,   6.,  54.,   0., 216.],
        [189.,  13.,  60.,   2.,   0.,   0.,  17.,   0.,   0.,   0.],
        [  0.,   0.,   3., 257.,   0.,  35.,   0.,   0.,   0.,   1.],
        [104.,   0.,   4.,   0.,  36.,   0., 284.,   0.,   0.,   0.],
        [  0.,   0.,  14.,   9.,   3.,  88.,   1.,  35.,   0., 198.],
        [  9.,   0.,   3.,   0.,   1.,   0., 255.,   0.,   0.,   0.],
        [  9.,   6.,   0.,   3.,   0.,   0.,   0., 274.,   0.,   0.],
        [  0., 276.,   8.,   9.,   0.,   0.,   2.,   0.,  15.,  56.],
        [  0.,   0.,   1.,   0.,   0., 196.,   0.,   0.,   0.,   0.],
        [  0.,   2., 241.,  64.,   1.,   0.,  26.,   0.,   0.,   0.],
        [ 35.,   3.,   5.,   0.,   0., 203.,   7.,  51., 100.,   0.],
        [  0.,   0.,  10.,  29.,   9.,   0.,   1.,  67.,   0., 239.],
        [ 29.,   0.,   9., 235.,   0.,  37.,   0.,   0.,   1.,   5.],
        [221.,   4.,   4.,   1.,   0.,   7.,  12.,   0.,   0.,   0.],
        [  0.,   8.,   2.,   8.,   0.,   0., 263.,   0.,   1.,   0.],
        [  5.,   2.,   0.,   6.,   2.,   0.,  13.,  15., 220.,  39.],
        [239.,   0.,   3.,  19.,   0.,   0.,   0.,  10.,   0.,   0.],
        [  0.,   5.,  14.,   1., 220.,   0.,  68.,   1.,   0.,   4.],
        [106.,   0.,   0.,  10.,   0., 210.,   4.,   0.,  73.,   0.],
        [  0.,   0.,  54.,  19., 252.,   0.,   2.,  29.,   0.,   0.],
        [  0., 275.,  41.,  68.,   0.,   0.,   2.,   0.,  17.,  38.],
        [  0.,   0.,  28.,   0.,  39.,   0., 286.,   0.,   0.,   0.],
        [  0.,   1., 262.,  62.,   0.,   0.,   6.,   0.,   0.,   0.],
        [281.,   0.,   4.,   0.,   0.,  56.,  11.,   0.,   0.,   0.],
        [  2.,   5.,   1.,   0.,   3.,   0., 280.,   0.,   0.,  43.],
        [  0.,   0.,  33., 256.,   0.,   0.,   0.,   1.,   0.,   9.]],
       device='cuda:0')
Epoch 5 | Batch 800
tensor([[  3.,   4.,   0.,   3.,   7.,   0.,   0., 281.,  74.,   3.],
        [  0.,  10., 210.,   0.,  26.,   0.,  30.,   0.,   0.,   0.],
        [  0., 259.,   0.,   5.,  16.,  30.,   0.,   1.,   0.,   0.],
        [  7.,  23.,   0., 224.,   2.,  65.,   0.,   0.,   0.,   0.],
        [  3.,   0.,   0.,   0.,  12.,   0., 279.,   0.,   0.,  17.],
        [  0.,   0.,   0.,   0.,   5.,  49.,   0.,   3., 208.,   0.],
        [  0.,   0.,   0.,   7.,   5.,   0.,   1.,  70., 219.,   0.],
        [  9.,   0.,   0., 109.,   2., 202.,   0.,   8.,   0.,   0.],
        [297.,   0.,   0.,   9.,   5.,   2.,   0.,   0.,  47.,   0.],
        [  5.,   0.,   0.,   0.,   1.,   0., 225.,   0.,   0.,   0.],
        [294.,   0.,   0.,  16.,   5.,   2.,   0.,   0.,  54.,  81.],
        [  1.,   0.,   0.,  28.,   4.,   0.,   1.,   9.,   9., 196.],
        [  1.,   0.,  11.,   0.,   2.,   0.,   0., 272.,   0.,   0.],
        [  4.,   0., 249.,  10.,   8.,   1.,  29.,   0.,   0.,   0.],
        [ 15.,   0.,   0.,   1.,   5., 240.,   2.,   1.,  49.,   0.],
        [  0.,   2.,   0.,   0.,  10., 206.,   0.,   0.,  19.,   0.],
        [ 20.,   0.,  12., 148.,   1.,   0.,   0.,  34.,   0.,   0.],
        [ 18.,   1.,   0.,   0.,   4., 218.,   0.,  21.,  61.,   0.],
        [ 38.,   0., 133.,   1.,   3.,   0.,   0.,   1.,   0., 147.],
        [  1.,   0.,   0.,   2., 268.,   0.,   0.,  90.,   6.,   0.],
        [  0.,  29.,   0.,   0.,  10., 203.,   0.,   0.,  51.,   0.],
        [278.,   0.,  12.,   3.,   4.,   1.,   0.,   0.,   0.,   0.],
        [ 27.,   0.,  34.,  60.,   1.,   0.,   0., 270.,   0.,   0.],
        [ 69.,   0.,   0.,   3.,   4., 205.,   2.,   0.,  16.,   0.],
        [  0.,   0., 223.,   0.,   1.,  43.,  13.,   0.,   0.,   0.],
        [ 51.,  48.,   0.,   0.,   4.,  24., 246.,   0.,   0.,   0.],
        [277.,   0.,   0.,   7.,  12.,   2.,   0.,   0.,  58.,   0.],
        [  0., 182.,  85.,  11.,   1.,   0.,   0.,  11.,   0.,   0.],
        [  8.,   0.,   3.,   2.,  42.,   0., 292.,   0.,   0.,   0.],
        [285.,   0.,   0.,  53.,  50.,   2.,   0.,   0.,   0.,   0.],
        [269.,   0.,   0.,   1.,   3.,   0.,   6.,  27.,   0., 150.],
        [  0.,   0., 185.,   0.,   4.,   0.,   5.,   0.,   0.,   0.],
        [  7.,   0.,   0.,  21.,   4.,   0.,   0.,  21.,   0., 224.],
        [  1.,   0.,   0.,   7.,  15.,   2.,  29.,   6., 257.,   0.],
        [  1.,   0.,  16.,   3., 215.,   0.,   0.,  11.,   0.,   3.],
        [  1.,   7.,   0.,   1.,   3.,   0.,   0., 284.,   0.,   0.],
        [ 26.,   0.,   0.,  19.,  41., 195.,   0.,  30.,  13.,   0.],
        [ 20.,   0.,   2.,   2.,   2.,   0.,   0., 271.,   0.,   0.],
        [  2.,   0.,   0.,   6.,   2.,   0.,   0.,   3.,   0., 206.],
        [  1.,   5.,   0., 270.,   2.,   1.,   0.,   0.,  13.,   0.],
        [272.,   0.,   0.,   0.,   2.,   3.,   3.,   3.,   0.,  13.],
        [  6.,   0., 254.,   0.,  25.,   0.,  31.,   0.,   0.,   0.],
        [  0., 258.,   0.,   7.,  12.,   0.,   0.,   0.,  10.,   0.],
        [ 31.,   0.,   0.,   4.,   3., 229.,  81.,   4.,   0.,   0.],
        [  2.,  28.,   0., 254.,   1.,   0.,   0.,   0.,   0.,   0.],
        [270.,   0.,   0.,   7.,  11.,  11.,  36.,   0.,  11.,   0.],
        [  9.,   0.,   0., 141.,   6., 198.,   0.,  25.,  14.,   0.],
        [261.,   0.,   0.,  17.,   0.,   3.,   0.,   0.,   0.,   0.],
        [  0., 244.,   0.,   1.,  39.,  13.,   0.,   0.,   0.,   0.],
        [  5.,   0.,   0.,   2.,  12.,   0.,   0.,   8.,   0., 214.],
        [ 45.,   0.,  36.,   1.,  24.,   0., 286.,   0.,   0.,   3.],
        [  0.,  80., 165.,   3.,  15.,   1.,  52.,   0.,   0.,   0.],
        [  2.,  41.,   0., 246.,   2.,  35.,   3.,   0.,   0.,   0.],
        [  2.,   0.,   0., 273.,   3.,   0.,   0.,   0.,   0.,   0.],
        [ 12.,  15.,   0.,   2.,  46.,   0.,   0.,  30.,   0., 231.],
        [  5.,   0.,   0.,   2.,  13.,   0., 293.,   0.,   0.,   0.],
        [  2.,   1.,   0., 242.,   4.,   0.,   0.,   0.,   0.,   3.],
        [  1.,  77.,   0.,   0.,  58.,   0.,   0., 276.,   6.,   5.],
        [  0.,   0., 245.,  20.,  95.,   0.,   0.,   0.,   7.,   0.],
        [289.,   0.,   0.,   1.,   9.,   1.,   0.,   0.,   0.,   0.],
        [  3.,   0.,  81., 261.,   4.,   2.,   0.,   0.,   0.,   0.],
        [213.,   0.,   0.,   4.,   0.,  33.,   0.,   0.,   0.,   0.],
        [289.,   0.,   0.,   6.,  22.,   1.,   0.,   0.,   0.,  13.],
        [ 14.,   0.,   0.,   2.,  67.,   1., 292.,   0.,   0.,   0.]],
       device='cuda:0')
Epoch 5 | Batch 900
Switching label layer to Inference Mode (LIF)...
Epoch 5 DONE | Test Acc: 68.95% | Time: 782.2s
Switching label layer back to Training Mode (Clamp)...
tensor([[  0.,   0., 261.,  36.,   0.,   1.,   0.,   0.,   0.,   0.],
        [  0.,  51.,   0.,   0.,   7.,  85.,  11.,   6., 237.,  34.],
        [  0.,  16.,   0.,   0.,   3.,  19.,  49., 126.,   0., 105.],
        [ 78.,   0.,   0.,   0.,  11.,  15.,   0., 282.,  34.,   0.],
        [  0.,   0., 134.,   2.,   0.,   4.,   0.,  24.,   0.,  93.],
        [ 22.,   0.,   0.,   0., 265.,  68.,   0.,  19.,   0.,  78.],
        [  0.,   0.,  47.,   0., 219.,   2.,   0.,  36.,   0.,  15.],
        [  0.,   0.,  26.,   0.,   0.,   2., 265.,   0.,   0.,   0.],
        [  0.,   0.,   0.,   0.,   1., 216.,   0.,   2.,  82.,   8.],
        [226.,   0.,   0.,   0.,   0.,  13.,   0.,   8.,   0.,  44.],
        [ 15.,   0.,   0.,   0.,   9.,  37.,  22.,  11.,   0., 272.],
        [258.,   0.,   0.,   0.,   0.,  47.,   0.,   5.,  75.,   0.],
        [  0., 114.,   0.,   0.,   2.,  57.,   0.,   5., 204.,   0.],
        [ 49.,   0.,   0.,   0.,   1.,  11.,   0., 279.,   0.,   0.],
        [  0.,   0.,   0.,   0.,   1.,   1., 237.,   0.,   0.,   0.],
        [242.,   0.,   0.,   0.,   0.,   7.,   0.,   4.,  62.,   0.],
        [  0.,  87.,   0.,   0., 137.,  14.,  49.,   2.,   0.,  93.],
        [  0., 266.,   0.,  32.,   0.,   7.,  74.,   7.,   0.,   0.],
        [  0., 248.,  41.,  35.,   0.,   2.,   0.,   8.,   0.,   0.],
        [  0.,  59.,   0.,   0.,   0., 244.,   0.,   2.,   0.,   0.],
        [  0.,   0.,   0.,   0.,  30.,  24.,   0.,   5., 199.,   0.],
        [  0.,   0.,   0.,   0., 268.,  14.,   0.,  43.,   0.,  10.],
        [  0.,   0.,   0.,   0., 248.,  27.,   0.,  26.,  12.,   0.],
        [  0.,   2.,  48., 242.,   0.,  29.,   0.,   1.,   0.,   0.],
        [  0.,  11.,  71., 265.,   0.,   6.,   0.,   0.,   0.,   0.],
        [250.,   0.,   0.,   0.,   0.,  52.,   0.,   8.,  62.,   0.],
        [212.,   0.,   0.,   0.,   0.,   3.,   0.,   0.,  24.,   0.],
        [  0.,   0., 261.,   0.,   2.,   5.,   0.,   0.,   0.,   0.],
        [  0.,   0.,   0.,   3., 101.,  23.,   0., 279.,   0.,  14.],
        [  0.,   6.,   0.,   0.,   1.,   5.,   0., 251.,   0.,   4.],
        [ 37.,   0.,   0.,   9.,  60.,  12.,   0., 273.,   0.,   0.],
        [  0.,   9.,   0.,   0.,   0., 170.,   0.,   4.,   0.,   5.],
        [  0.,   0.,  13.,  42., 217.,  13.,   0.,  12.,   0.,  19.],
        [  5.,   0.,  40.,   0.,   0.,   4., 211.,   5.,   0.,   0.],
        [187.,   0.,   0.,   0.,   0.,   2.,   0.,   4.,  82.,   0.],
        [  0.,   0.,   0.,   0.,   3.,  39.,  11.,  10.,   0., 269.],
        [  0., 265.,   0.,  22.,   0.,  13.,  85.,   6.,   0.,   0.],
        [  0.,   0., 212.,   0.,   2.,  15.,   0.,  18.,   0.,  28.],
        [ 52.,   0.,   0.,   1.,   0.,  88., 232.,   0.,  63.,   0.],
        [  0.,   0.,   0.,   0.,  10.,   6.,   0., 274.,   0.,   0.],
        [  1.,   0., 216.,   0.,  77.,   2.,   0.,   0.,   0.,   0.],
        [  0.,  63.,   0.,   0.,   2.,   7.,   0., 253.,   0.,   0.],
        [  0.,   0.,   0.,   0.,  13.,  36.,  17.,   7.,   0., 263.],
        [  0., 248.,  10.,  21.,   0.,   1.,  42.,   3.,   0.,   0.],
        [  0.,   0.,   8.,   0.,   0.,   0., 250.,   1.,   0.,   0.],
        [ 11.,   0.,   0.,   0.,  41.,  12.,   0., 281.,   0.,   0.],
        [ 51.,   0.,   0.,   0.,   0., 240.,   0.,   4.,   0.,   0.],
        [243.,   0.,  21.,   0.,   0.,  12.,   0.,  15.,   0.,   0.],
        [ 38.,  25.,   0.,   1.,   0., 251.,   0.,   0.,   0.,   0.],
        [  0.,   0.,   0.,   2.,   3.,  20.,   0.,  10., 262.,   0.],
        [  0.,   0., 124., 247.,   0.,  32.,   0.,   2.,   0.,  13.],
        [  0., 103.,   0.,   0.,   2.,  38.,   9.,   5., 226.,   0.],
        [  0., 271.,   0.,  36.,   0.,  19.,  65.,   7.,   0.,   0.],
        [  0.,   0., 167.,  86.,  35.,   2.,   0.,  14.,   0.,   0.],
        [  0.,   1.,  37., 240.,   1.,   6.,   0.,   3.,  44.,   8.],
        [  0.,   0., 198.,   3.,   0.,   0.,   0.,   2.,  41.,   0.],
        [  3.,   0., 244.,   0.,   0.,   1.,   0.,   7.,   0.,   0.],
        [  0.,   0.,  20.,   0.,   0.,   2., 254.,   1.,   0.,   0.],
        [  1.,   0.,   0.,   0., 218.,  70.,   0.,  24.,   0.,  47.],
        [  0.,   0.,   0.,   3.,  16.,  12.,   4.,  74.,   0., 251.],
        [  2.,   0.,  19.,   0.,   0.,   3.,   0., 260.,   0.,  11.],
        [  0.,   0.,   0.,   0.,   6.,  76.,   0.,  27.,   0., 267.],
        [  0.,  21.,   0.,   4.,   0., 191.,  44.,   1.,  18.,   4.],
        [  0.,  22.,   0.,   0.,   0.,   3., 256.,   0.,  11.,   0.]],
       device='cuda:0')
Epoch 6 | Batch 0
tensor([[  0.,   0.,   0.,   1., 276.,   0.,   5.,   2.,   0.,  16.],
        [  0., 267.,   8.,   4.,   0.,   5.,   0.,   0.,   0.,   3.],
        [  1.,  72.,  15.,  13.,   0.,   3.,   3.,   0., 253.,   1.],
        [ 12.,   0.,  71.,   0.,   9.,   0., 265.,   0.,   3.,   5.],
        [  0., 243.,   0.,   9.,   0.,   0.,  11.,   6.,  61.,   1.],
        [  3.,   0., 187.,  55.,   0.,  13.,   0.,  77.,   4.,   0.],
        [  2.,   0.,   1.,   4.,   1.,   0.,   4.,   0., 212.,  92.],
        [  0.,   1.,   0.,   0.,  17.,   0.,   2.,  19.,   2., 243.],
        [  1.,   0.,   0.,   0.,   0.,   0.,   3., 229.,   0.,  60.],
        [  0., 277.,  62.,   5.,   0.,   0.,   2.,   0.,   0.,   1.],
        [  0.,   0.,   0.,   2.,  43.,   4.,   1.,   2.,  17., 261.],
        [  4.,   0.,   8.,  79.,   4.,   0.,   0.,   0.,   1., 101.],
        [  0.,  13.,   0.,   2.,   5.,  54.,   2.,   0., 234.,   2.],
        [ 21.,   0.,   0., 256.,   0.,  10.,   0.,   0.,   0.,   0.],
        [  0.,  36., 239.,  13.,   0.,   0.,   0.,   0.,  84.,   0.],
        [  3.,   0., 279.,   1.,  86.,   0.,   7.,   0.,  32.,   0.],
        [  2.,   1.,   9.,   0.,   3., 104.,   2.,   0., 210.,   7.],
        [  5.,   5.,   0., 261.,   0.,  30.,   1.,   0.,   4.,   2.],
        [  0.,   0.,   0.,  19.,  10.,  28.,   2.,   0.,  21., 259.],
        [ 11.,   0.,   0.,   0.,   0.,   0.,   4., 253.,   0.,  49.],
        [  1.,   0.,   0.,   1.,   2.,   0.,   4., 207.,  15.,   7.],
        [  2.,   0., 272.,   2.,   3.,   0.,  18.,   0.,  59.,   0.],
        [  0., 247.,   0.,   3.,   0.,   0.,   5.,   6.,   1.,  12.],
        [ 84.,   0., 268.,   3.,   0.,   0.,   2.,   0.,  11.,   4.],
        [  1.,   0.,   0.,   8., 182.,   0.,  10.,   1.,   0.,   6.],
        [  0.,   4., 254.,   0.,   0.,   0.,  38.,   0.,   0.,   0.],
        [  0.,  27.,   0.,   1.,   9.,   0.,   0., 237.,   1.,  69.],
        [  0.,   0.,   0.,   0., 248.,  56.,  28.,   0.,  10.,  13.],
        [  0.,   0.,   0.,   1., 262.,   0.,  10.,  30.,   0.,  21.],
        [  0.,   0.,   0.,   1.,  28.,  16.,   1.,  14.,   3., 259.],
        [  0., 271.,   3.,   2.,   0.,   2.,   9.,   0.,   0.,   1.],
        [ 21.,   8.,   0.,   0.,  18., 236.,  19.,   0.,   0.,   0.],
        [  0.,   0.,   0.,   3., 252.,   0.,  32.,  23.,   0.,   8.],
        [  4.,  13.,  39.,   0.,   4.,   0., 279.,   0.,   2.,  18.],
        [  0.,   0.,   0.,   1.,  29.,  15.,   1.,   3.,   5., 260.],
        [ 19.,   0.,  10.,   0.,  25.,   0., 283.,   0.,   0.,   0.],
        [ 14.,   0.,   7.,   0.,   6.,   0., 271.,   0.,   3.,   3.],
        [  2.,   0.,  59.,   0., 257.,   0.,   3.,   0.,   0.,   4.],
        [  0.,  61.,   0.,   0.,   3.,  72.,   1.,   1., 212.,  12.],
        [ 42.,   0.,   0.,   0.,   0.,   0.,   3.,  24.,   0., 252.],
        [ 24.,   0.,   0.,   0.,   0.,   0.,   0., 244.,   0.,   1.],
        [  4.,  36.,   0.,   1.,   0.,   5.,   0., 252.,   0.,   3.],
        [  1.,   0.,   0.,   2., 233.,   0.,   1.,   4.,   0.,  23.],
        [  2.,   3.,   6., 238.,   0.,   0.,   1.,   0.,  48.,   0.],
        [  0., 252.,  36.,   7.,   6.,  17.,   1.,   2.,   0.,   2.],
        [ 13.,  47.,   0., 222.,   0.,   0.,   0.,   0.,   0.,   0.],
        [  6.,   0.,   0., 213.,   0.,  23.,   0.,   0.,   8.,   0.],
        [  1.,   0.,   0.,   2., 279.,   0.,   6.,   5.,   1.,  14.],
        [ 82.,   0.,   0.,   0.,  17.,  51.,   0.,   1.,   0., 267.],
        [290.,   0.,   0.,   2.,   0.,   0.,   0.,  69.,   3.,   0.],
        [278.,   0.,   2.,   0.,  19.,   0.,  14.,   0.,   2.,   3.],
        [  0., 270.,  10.,   5.,   0.,   8.,   3.,   0.,   0.,   0.],
        [  7.,   0., 236.,   0.,  68.,   0.,  19.,   0.,   2.,   0.],
        [ 10.,   0.,   0.,   2.,   0.,  31.,   0., 271.,   0.,  20.],
        [  0.,   0.,   0.,   5., 235.,   0.,   1.,  19.,   8.,  22.],
        [ 11.,   0.,   0.,  18.,   0., 244.,   0.,   0.,  32.,   0.],
        [ 93.,   0.,  25.,   0.,   6.,   0., 282.,   0.,   2.,   7.],
        [ 54.,   0.,   0.,   0., 243.,   0.,  27.,   0.,   1.,   2.],
        [  0.,   0.,   0.,   1., 256.,   0.,   4.,   0.,  18.,   9.],
        [  0., 240.,   0.,   3.,   0.,   0.,   6.,   1.,  41.,   2.],
        [  4.,   0.,   0.,   1.,   6., 224.,   6.,   0.,   5.,   0.],
        [  0.,   0.,   0.,  71.,  18.,  55.,   0.,   0.,  55., 263.],
        [  0.,  41.,   0.,  12.,   0.,   6.,   0.,   0., 248.,   3.],
        [  4.,   1.,   0., 195.,   0.,  53.,   1.,   0.,   7.,   0.]],
       device='cuda:0')
Epoch 6 | Batch 100
tensor([[ 44.,   0.,   7.,   0.,   0.,   0., 269.,   2.,   0.,  35.],
        [  0.,   0.,   0.,   0., 278.,   0.,  13.,   4.,   0.,   9.],
        [  0.,   0.,  20.,   0., 284.,   0.,  77.,  21.,   6.,  31.],
        [  0.,   0.,   0.,   0.,  21.,   0.,   4.,  10.,   2., 243.],
        [  1.,   0.,   0.,  60.,   2.,   0.,  30., 230.,   0.,   2.],
        [  3.,   0., 272.,   0.,   0.,   0.,   0.,   0.,   0.,   3.],
        [ 35.,   0.,   0.,   0.,   0.,   0., 257.,   1.,   0.,  44.],
        [  6.,   0.,   1.,   0.,   4.,   0.,   1.,  47., 242.,   0.],
        [  0., 255.,   0.,   0.,   0.,   0.,   7.,   2.,   0.,   0.],
        [  0.,   2., 259.,   0.,   0.,   0.,   1.,   0.,   3.,   1.],
        [  0., 264.,   0.,   0.,   0.,  14.,   5.,   2.,   0.,   0.],
        [  0.,   0.,   0.,   2.,  35.,   0.,  73., 237.,   0.,  20.],
        [ 12.,   0.,   0.,   0.,  37., 263.,   0.,  84.,   0.,  92.],
        [  0., 257.,  21.,   0.,   0.,  31.,   0.,   2.,   0.,   0.],
        [  0., 258.,   1.,   0.,   0.,  78.,  10.,   0.,   0.,   0.],
        [  0., 266.,  50.,   0.,   0.,  30.,   1.,   3.,  11.,   0.],
        [  3.,   0., 215.,   5.,   0.,   0.,  49.,   0.,   0.,   0.],
        [194.,   0.,   4.,   1.,   0.,   0.,   4.,   4.,   0.,   0.],
        [  0., 260.,  28.,   0.,   2.,  43.,   2.,   2.,   3.,   0.],
        [270.,   0.,   0.,  37.,   0.,   8.,   1.,   3.,   0.,   0.],
        [  0.,   0.,   0.,   0.,   0.,   0., 239.,   0.,   0.,   1.],
        [243.,   0.,   0.,   0.,   0.,   0.,   3.,  31.,   0.,   0.],
        [  0.,   1.,   0.,   0.,   0., 231.,   0.,   0.,   0.,   0.],
        [  0.,   0.,   0.,   0.,  20.,  15.,   1.,   3.,  25., 263.],
        [  8.,   0.,  14.,   2.,   0.,   0.,   3.,  11.,   6., 249.],
        [  8.,   0., 217.,  76.,   0.,   0.,   0.,   0.,   3.,   0.],
        [284.,   0.,   0.,  27.,   0.,  89.,   2.,   1.,   0.,   0.],
        [ 76.,   2.,   0.,   0.,   0.,  14., 252.,   0.,   1.,   0.],
        [  9.,   0.,  61., 239.,   9.,   0.,   1.,   9.,  13.,  31.],
        [265.,   0.,   0.,   6.,   0.,   3.,   0.,  15.,   0.,   0.],
        [220.,   0.,   0.,   0.,   0.,   0.,  46.,   5.,   0.,   0.],
        [  3.,   1.,   5.,   0.,   0.,   2., 249.,   0.,   0.,   0.],
        [241.,   0.,   0.,  37.,   0.,  55.,   0.,   6.,   0.,   2.],
        [  1.,   0.,   0.,   0.,  43.,   0.,  10.,  14.,  20., 274.],
        [ 38.,   0.,  12., 258.,   0.,   0.,   0.,   0.,  25.,   9.],
        [  2.,  21.,  71.,   0.,   0.,   0.,   5.,   5., 203.,   0.],
        [  0.,   0.,   0.,   0.,  10.,   0.,   4.,  27.,   3., 265.],
        [ 20.,   0.,   0.,   1.,   0., 260.,   1.,  18.,   1.,  51.],
        [  0.,   0.,   0.,   0.,  32.,  19.,   2.,   4., 166.,   0.],
        [251.,   0.,   0.,   2.,   0.,   0.,   0.,  29.,   0.,  54.],
        [  0., 225.,   1.,   0.,   0.,   2.,   1.,   0.,   0.,   0.],
        [  0.,   0.,   0.,   0.,  12.,   0.,   0., 251.,   0.,  54.],
        [  0.,   0.,   0.,   0.,   1.,   0.,   0., 252.,   0.,   0.],
        [  4.,   0.,   0.,   0., 264.,   0.,  38.,  10.,   0.,   4.],
        [ 13.,   0.,   0.,   0.,  28.,   0.,   0., 261.,   0.,  50.],
        [289.,   0.,   0.,  24.,   0.,  39.,   1.,  18.,   0.,   0.],
        [280.,   0.,   0.,  37.,   0.,   0.,   0., 176.,   4.,  22.],
        [ 21.,  20., 234.,  12.,   0.,  54.,   3.,   0.,   1.,   0.],
        [  0.,   0.,   0.,   0., 281.,  12.,   0.,   3.,   0.,  38.],
        [ 20.,   0.,   0.,   0.,  33.,   0.,   6., 268.,   0.,  27.],
        [ 43.,   0.,   0.,  40.,   1., 254.,   1.,  86.,   5.,   0.],
        [ 59.,   0., 278.,   0.,   0.,  23.,   0.,   2.,  70.,   0.],
        [  0., 265.,  45.,   0.,   0.,  27.,   6.,   3.,  16.,   0.],
        [  0.,   0.,   0.,   0.,   3.,   0.,   0., 255.,   0.,  22.],
        [  0.,   7.,   6.,   0.,   1.,   0.,   0., 229.,   0.,   0.],
        [  0.,   0.,   0.,   0.,  43.,   0.,   4.,   4.,   0., 248.],
        [  0., 264.,   1.,   0.,  12.,  84.,   2.,   7.,   0.,   0.],
        [  0.,   0.,   0.,   0.,   7.,   0.,   0.,   1.,   0., 241.],
        [  8.,   1.,   3., 245.,   0.,  58.,   0.,   0.,   3.,   0.],
        [  0., 243.,   0.,   0.,   0.,   9.,   0.,   3.,   0.,   0.],
        [  0.,   0.,   0.,   0., 254.,  88.,   1.,   0.,   0.,   0.],
        [  7.,   0.,   0.,   0.,   6.,   0., 259.,   0.,   0.,  40.],
        [147.,   0.,   0., 124.,   0., 189.,   0.,  19.,   0.,   0.],
        [ 47.,   0.,   0.,   0.,   5., 253.,   0.,  16.,   1.,   0.]],
       device='cuda:0')
Epoch 6 | Batch 200
tensor([[  2.,   0.,   0.,   0.,   0.,   0.,   0.,   0., 213.,   0.],
        [  0.,   0.,  75.,   0., 194.,   0.,  97.,   0.,   0.,   0.],
        [  4.,   0.,   0., 255.,   0.,   0.,   0.,   0.,   1.,   0.],
        [ 14.,  13.,  47., 224.,   0.,   0.,   0.,   0.,   0.,   0.],
        [  0., 270.,   0.,   0.,   0.,   0.,   0.,   0.,  47.,   0.],
        [  4.,   0., 226.,  23.,  25.,   0.,   0.,   0.,   1.,   0.],
        [  2.,   0.,   0.,  78.,  23.,   0.,   0., 265.,   7.,  80.],
        [  0.,   0.,   0.,  23., 264.,   0.,   0.,   0.,  45.,  32.],
        [  2.,  10.,   0.,   0.,   0.,   2.,   0.,   0., 254.,   0.],
        [  0.,   0.,   0.,   0., 197.,   0.,  55.,   0.,   0.,  16.],
        [  1.,   0.,   0.,   0.,   0.,   0.,   0., 262.,   0.,   1.],
        [ 12.,   0.,  98.,   1.,   0.,   0., 231.,   0.,   0.,   0.],
        [ 11.,   0.,  42.,   0., 226.,   0.,  80.,   0.,   0.,  14.],
        [259.,   0.,   0.,  56.,   0.,   0.,   0.,   0.,  20.,   0.],
        [  1.,   0.,   0.,  41.,   0.,   0.,   0., 278.,   2.,   0.],
        [  0.,   7.,   8.,   0.,   0., 156.,   0.,   0.,   0.,   0.],
        [  0.,   5.,   0.,   0., 211.,   0.,   2.,   0.,   1.,  39.],
        [  4.,   0.,   0.,   0.,   0.,   0.,   0.,   0., 209.,   0.],
        [  8.,   0.,   0.,   6.,   4., 219.,  78.,   0.,  12.,   0.],
        [  0.,  22.,   0.,  16.,   0.,   0.,   0., 242.,   7.,   1.],
        [  2.,   0.,  38.,   0.,   0.,   0., 236.,   0.,   0.,   0.],
        [274.,   0.,   0.,   3.,   0.,   4.,   6.,   0.,   2.,   0.],
        [  0., 262.,   7.,   0.,   0.,   0.,   0.,   0.,  11.,   0.],
        [  0., 271.,   0.,   0.,   0.,   0.,   0.,   0.,  33.,   0.],
        [275.,   0.,   0.,   2.,   0.,  15.,   0.,   9.,  12.,   0.],
        [  1.,   0.,   0.,   0.,  38.,   5.,   0., 225.,   9.,   0.],
        [  0.,   0.,  33.,   0., 248.,   0.,   6.,   0.,   0.,   9.],
        [  0., 263.,   7.,   0.,   0.,   0.,   0.,   0.,   6.,   0.],
        [109.,   0.,   1.,   0.,   0.,  13., 256.,   0.,   0.,   0.],
        [  3.,   0., 241.,  29.,   0.,   0.,   0.,   0.,   0.,   0.],
        [  2.,  18.,   0.,   0.,  11.,   0.,   0.,   0., 203.,   0.],
        [  0.,   6., 226.,   0.,   0.,   0.,   0.,   0.,   0.,   0.],
        [263.,   0.,   0.,  74.,   0.,   3.,  56.,   0.,   7.,   0.],
        [  0.,   1.,   0., 157.,   6.,   0.,   0.,   0.,   5.,  12.],
        [  9.,   0.,  21.,   0.,   0.,   0., 238.,   0.,   0.,   0.],
        [  1.,  17.,   6.,   0., 176.,   0.,  85.,   0.,   0.,   0.],
        [  2.,   0.,   0., 278.,   1.,   0.,   0.,   0.,  15.,   0.],
        [220.,   0.,   0.,   0.,   0.,  22.,   0.,   0.,   0.,   0.],
        [  1.,   0.,   7.,   0., 262.,   0.,   0.,  19.,  10.,   7.],
        [  4.,   0., 272.,   3.,   0.,   0.,   0.,   0.,   0.,   0.],
        [  0.,   0.,   0.,   0.,   0.,   0.,   0.,   0.,  10., 204.],
        [  5.,   0.,   0.,   0.,  21., 210.,  34.,   0.,   0.,  31.],
        [ 39.,   0.,  30., 251.,  16.,  12.,   0.,   0.,   0.,   0.],
        [  3.,  40.,   0.,   0.,   0.,   0.,   0.,   0., 240.,   0.],
        [  0., 255.,   0.,   0.,   0.,  24.,   0.,   0.,   1.,   0.],
        [  7.,   0.,   0.,   7.,   7.,   0.,   0.,  29.,   2., 271.],
        [  4.,   0.,   0.,   0.,   1.,   0.,   0.,   0.,   3., 266.],
        [  7.,   0.,   0., 279.,  32.,   4.,  15.,   0.,   8.,   0.],
        [  1.,   0.,   0.,   0.,  16.,   0.,   0.,   1.,   3., 254.],
        [  3.,  49.,   0.,   0.,   0.,  18.,   0.,   0., 234.,   0.],
        [230.,   0.,   0.,  19.,  56.,  13.,   0.,   0.,   0.,   0.],
        [  1.,   0.,   0.,   0.,   0.,   0.,   0.,   0., 218., 103.],
        [275.,   0.,   0.,  15.,   0.,  16.,  70.,  16.,   0.,   0.],
        [  2.,   0.,   0.,   0.,  31.,   0.,   0.,   0., 208.,   0.],
        [ 47.,   0.,   0.,   0.,   0., 227.,   8.,  27.,  48.,   0.],
        [ 14.,   0.,   0., 267.,  13.,   1.,   0.,   0.,   2.,   0.],
        [  1.,  10.,   0., 270.,   0.,  11.,   0.,  45.,  14.,  19.],
        [  3.,   0.,   0.,  23.,  58.,   0.,  76.,   0.,   0., 260.],
        [ 51.,   0., 247.,   5.,   0.,   0.,   0.,   0.,   0.,   0.],
        [  1.,   0.,   0.,  17.,   1.,   0.,  22.,   3., 253.,   1.],
        [  3.,   6.,   0., 210.,   0.,   0.,   0.,   0.,   0.,   0.],
        [  1.,  79.,   6.,   0.,   0.,   1., 231.,   0.,   2.,   0.],
        [ 32.,   4.,   0.,   0.,   0.,  40.,   0.,  36., 202.,   0.],
        [  1.,   8.,   0.,   0.,   0.,   0.,   0.,  15., 258.,   0.]],
       device='cuda:0')
Epoch 6 | Batch 300
tensor([[  2.,   3.,   0.,   0.,  26.,   6.,  22.,   2.,   0., 244.],
        [  4.,   4.,   0.,  14.,  39.,   3.,   1.,   9., 213.,   0.],
        [  5.,   0.,   0.,   0.,  11., 244.,   0.,  17.,   0.,   0.],
        [  2.,  13., 224.,   0.,   0.,   0.,  12.,   7.,   0.,   0.],
        [ 15.,   8.,   1.,   0.,   0.,   3., 228.,   0.,  33.,   0.],
        [  2.,   1.,   0.,   0.,  69.,   9.,   5.,  38.,   3., 238.],
        [273.,   0.,   0.,   0.,   3.,  18.,   3.,   0.,   0.,   0.],
        [  6.,   7.,   0.,   0.,  18.,   2.,   0.,  15., 266.,   0.],
        [  8.,   0.,  22.,   0., 272.,  10.,  48.,   6.,  10.,   0.],
        [  4.,   4.,   2., 252.,   0.,   2.,   0.,  55.,  38.,  22.],
        [  2., 266.,   0.,  39.,   0.,   0.,   2.,   3.,   5.,   0.],
        [ 47.,   0., 261.,   0.,   6.,  31.,  51.,   0.,   0.,   0.],
        [  4., 270.,   0.,   1.,   0.,   0.,   0.,   5.,   4.,   0.],
        [ 10.,  14.,   0., 244.,   0.,   0.,   0.,  15.,  63.,  13.],
        [ 12.,   0.,   0.,  93.,   4.,  43.,   1.,  21.,  65., 249.],
        [  4.,  12.,   0.,  19.,   3.,   0.,   1., 238.,   0.,   0.],
        [243.,   0.,   0.,   0.,   2.,   0.,  97.,  18.,   0.,   0.],
        [ 18.,   3.,   0.,   0.,  13., 270.,   0.,   1.,  33.,   0.],
        [259.,   0.,   0.,   0.,   0.,   3.,  21.,   1.,   0.,   0.],
        [  7.,   0.,   7., 248.,   0.,   0.,   1.,  76.,  13.,  56.],
        [273.,   0.,   0.,   0.,   1.,  12.,   1.,   3.,   0.,   0.],
        [ 15.,   1.,   0.,   0.,  22.,   1.,   2.,   3., 256.,   0.],
        [  5., 264.,   0.,   1.,   0.,   0.,   1.,   2.,   1.,   0.],
        [  4., 258.,   0.,   0.,   0.,   0.,   0.,  50.,   2.,   0.],
        [  5.,   0.,   0.,   0., 274.,  45.,   2.,   5.,   0.,   0.],
        [229.,   0.,   0.,  18.,   0.,   0.,   0.,   9.,   0.,   0.],
        [ 40.,   0.,  81.,   0.,  11.,  14., 266.,   0.,   3.,   0.],
        [  5.,   2.,   0.,   0.,  23., 278.,   0.,  26.,   1.,   0.],
        [  5., 258.,   0.,   0.,   0.,   0.,   1.,   2.,   1.,   0.],
        [ 13.,   3.,   0.,   0.,  82.,   9.,   1.,   6., 206.,   0.],
        [  3.,   0.,   1., 219.,   1.,   0.,  43.,  14.,   0.,   0.],
        [  5.,   0.,   1.,   0.,  10.,   1.,  42.,   5.,   0., 253.],
        [  1.,   1.,   2.,   2.,  12.,   0.,   0., 205.,   4.,   0.],
        [  6.,   0.,   0.,   0.,  12.,  14.,   0., 273.,   2.,  56.],
        [ 16.,   3.,   2.,  44.,   2.,   0.,   0., 264.,   2.,  12.],
        [  4.,   0.,   0.,   0.,  18., 266.,   0.,  12.,   0.,   0.],
        [  2.,   3.,   0.,   0.,  73.,  15.,   5.,  17.,   2., 252.],
        [  2.,   4.,   0.,  38.,   2.,   0.,  28.,  12.,   0., 252.],
        [  2.,   9.,   0.,   0.,   2.,   0.,   0., 273.,   2.,  17.],
        [  8.,   3., 216.,  55.,   0.,   0.,   2.,   2.,   0.,   0.],
        [ 20.,   6.,   1.,   0.,  33.,   3.,   3.,   3., 277.,   0.],
        [ 33.,   0.,   0.,   0.,  31.,   0.,   0., 249.,   0.,  44.],
        [277.,   0.,   0.,   0.,   2.,  49.,  42.,   1.,   0.,   0.],
        [ 20.,   0.,   0.,   0.,  60., 171.,   0.,   8.,   0.,   0.],
        [ 46.,   0., 104.,   0.,  20.,   0., 247.,   0.,   0.,   0.],
        [236.,   0.,   0.,   0.,   6.,   0.,  46.,   1.,   0.,   0.],
        [254.,   0.,   0.,  69.,   1.,  59.,   1.,  24.,  89.,   0.],
        [227.,   0.,   0.,   0.,   1.,   7.,   1.,   4.,  29.,   0.],
        [  4., 261.,   0.,   0.,   0.,   0.,   0.,   2.,   3.,   0.],
        [103.,   0.,   2., 256.,   1.,   4.,   0.,  22.,   9.,   0.],
        [ 32.,   1.,   0.,   0.,  18.,   0.,   0., 273.,   1.,  37.],
        [ 27.,  18.,   0.,   0.,   0.,   7., 233.,   0.,  55.,   0.],
        [255.,   0.,   0.,   0.,   1.,  11.,   2.,  22.,  55.,   0.],
        [238.,   0.,  61.,   0.,   2.,   0.,   9.,  14.,   0.,   0.],
        [ 13.,  21.,  59.,   0.,   0.,   1.,   8.,   0., 278.,   0.],
        [ 51.,  10.,  70.,   0.,   2.,   1., 234.,   0., 128.,   0.],
        [138.,   0., 270.,   0.,   0.,  16.,   9.,   0.,   0.,   0.],
        [  2.,   0.,   0.,   0., 284.,   7.,   7.,  12.,   0.,   3.],
        [  2., 264.,   0.,  35.,   0.,   0.,   2.,   1.,   2.,   0.],
        [  3.,   0.,   0.,   0.,  18., 267.,   0.,  36.,   0.,   0.],
        [  8., 257.,  27.,   0.,   0.,   0.,   0.,  18.,  40.,   0.],
        [  6.,   4.,   1., 254.,   0.,   0.,   3.,   6.,  81.,   0.],
        [  9.,   0.,   1.,   0.,  47.,  11.,   0.,   0., 258.,   0.],
        [  3.,   0.,   0.,   0., 223.,  27.,   9.,   1.,   0.,   5.]],
       device='cuda:0')
Epoch 6 | Batch 400
tensor([[  0.,   8.,   0., 111.,   0.,   6.,   1.,  67.,  97., 197.],
        [ 25.,   5.,   0.,   0.,   0.,   2., 280.,   0.,   2.,   0.],
        [  4.,   0.,   0.,   5.,  25., 283.,   2.,   1.,  46.,   8.],
        [  1.,   1.,   0.,   9.,   0.,  12.,   1.,  61.,  62., 237.],
        [ 20.,   5., 271.,   3.,   0.,   1.,  12.,   0.,   0.,   0.],
        [  1.,   3.,   0.,  29.,   0.,  12.,   0., 278.,   7.,   8.],
        [  0.,   6.,   0.,  26.,  17.,   3.,   9.,  12.,  49., 244.],
        [ 66.,   0., 216.,   1.,   0.,   1.,   4.,   0.,   0.,   0.],
        [  1.,   6.,   0.,   3.,   6.,   6.,  25.,   0.,  59., 258.],
        [302.,   0.,   0.,   5.,   0.,  16.,   7.,   0.,  26.,   0.],
        [  0.,  10.,  10.,  27.,   0.,   0.,   0., 266.,   3.,   1.],
        [  1.,   6.,   0.,  80., 245.,   4.,  31.,   0.,  47.,  49.],
        [  9.,   0.,   5.,  27.,   0.,  19.,   3.,   0., 196.,  36.],
        [  3.,   5.,   1.,   0.,   0.,   2., 262.,   0.,   0.,   0.],
        [  1.,  55., 253.,   9.,   0.,   1.,   0.,   0.,  87.,   0.],
        [  1.,  19., 269.,  19.,   0.,   1.,  17.,   0.,   0.,   0.],
        [  3.,   1.,   8., 147.,   0.,  11.,   8.,   0.,   3.,   0.],
        [  4.,   0.,   0.,   9.,   0.,   7.,   0., 257.,   0.,   6.],
        [  4.,   7.,   1.,   3.,   0.,  20.,  57.,   0., 223.,   0.],
        [  2.,   8.,   0.,   0.,   3.,   1., 282.,   0.,   0.,  25.],
        [ 46.,   0.,   0.,   0., 213.,   3., 101.,   0.,   0.,   0.],
        [  6.,   2.,   5.,   0.,   0.,   5., 273.,   0.,  19.,   0.],
        [282.,   0.,   1.,  14.,   0.,  21.,   0.,   0.,   0.,   0.],
        [296.,   0.,   0.,  68.,   0.,  23.,   6.,   0.,   0.,   0.],
        [  6.,   3.,   0.,   0.,   0.,   2., 285.,   0.,   1.,   1.],
        [ 18.,   0., 271.,  58.,   0.,   2.,   1.,   0.,   0.,   0.],
        [ 17.,   0.,   0.,   0.,  37.,   0., 147.,   0.,  21.,   0.],
        [ 85.,   1., 221.,   4.,   0.,   0.,   2.,   0.,   7.,   0.],
        [  1.,   0.,   7.,  59.,   3., 243.,   4.,   0.,   1.,   0.],
        [ 13.,   1., 227.,   4.,   0.,   2.,   9.,   1.,  83.,   0.],
        [111.,   1.,   0.,   7.,  10.,  30.,   1., 203.,   0.,  40.],
        [  3.,   0.,   0.,  19.,  65.,  11.,   1.,  19.,  24., 252.],
        [  6.,   0., 115., 230.,   0.,  13.,   0.,   9.,   3.,   0.],
        [  0., 262.,   6.,  92.,   0.,   5.,  15.,   0.,  33.,   0.],
        [  0., 252.,   4.,  33.,   0.,   5.,  22.,   0.,  42.,   0.],
        [  3.,   2.,   0.,   0.,  12.,  24.,   4.,  26.,   1., 254.],
        [  6.,   0.,   0.,   0.,   0., 274.,   0.,   0.,   8.,   0.],
        [  5.,   0.,   0.,   1.,   0.,  13.,   2.,   0., 263.,  21.],
        [  4.,   0.,   1.,  34.,   0., 269.,   3.,   0.,   1.,   0.],
        [  1.,   0.,   0.,  11., 244.,   3.,   1.,   3.,   7.,   9.],
        [  0.,  36.,   0.,   0.,   0.,   1., 271.,   0.,   0.,   0.],
        [147.,   0.,  28., 279.,   0.,   9.,   0.,   0.,   1.,   0.],
        [  3.,  15.,  51., 207.,   0.,   1.,   0.,   1.,   0.,   0.],
        [  4.,   2.,  19., 257.,   0.,  19.,   0.,   0.,  29.,   0.],
        [  1., 230.,  38.,  30.,   2.,  10.,   0.,   0.,  42.,   0.],
        [  0., 259.,   0.,  28.,   0.,   4.,   0.,   1.,  17.,   0.],
        [  0.,   1.,   1.,  18.,   0., 252.,   0.,   0.,   2.,   0.],
        [  2.,   0.,   0.,  22., 248.,   7.,   3.,   8.,  64.,  36.],
        [  5.,   0.,   0.,  14.,  37., 295.,  11.,   0.,   6.,   1.],
        [  0., 260.,   1.,   6.,   0.,   7.,   1.,   0.,   0.,   0.],
        [  4.,   1.,   0.,   5.,   0.,  16.,   2.,  13.,  24., 254.],
        [301.,   0.,   0.,   6.,   0.,  19.,   3.,   0.,  48.,   0.],
        [ 10.,   0.,   0.,   4.,   1.,   3.,   0., 275.,   0.,  10.],
        [  2.,  16., 250.,  10.,   0.,   1.,  21.,   0.,   0.,   0.],
        [  2.,  41.,   2., 190.,   0.,   8.,   0.,   0.,   0.,   0.],
        [  0.,   3.,   0.,   5.,   0., 249.,   0.,   0.,  33.,   0.],
        [  2.,   0.,   0.,   0.,  13.,   5.,   5.,  13.,  31., 257.],
        [  2., 262.,  24.,  12.,   0.,   6.,   1.,   0.,  25.,   0.],
        [  3.,   1.,   0.,  56., 224.,   3.,   5.,   9.,  74.,  31.],
        [  1.,   0.,   0.,  11.,  21., 269.,   1.,   0.,  29.,  11.],
        [  1.,   5.,  26.,  73.,   0., 262.,   0.,   1.,   0.,   0.],
        [  5.,   0.,   0.,   0., 217.,   0.,   9.,   0.,   5.,   0.],
        [  5.,   0.,  76., 244.,   0.,   2.,   0.,   0.,   4.,   9.],
        [292.,   0.,   0.,  45.,   0.,  13.,   1.,   0.,   0.,   0.]],
       device='cuda:0')
Epoch 6 | Batch 500
tensor([[  2., 268.,   4.,   0.,   0.,   0.,   0.,   2.,   3.,  63.],
        [  5.,  84., 243.,   1.,  14.,   0.,   0.,   6.,   1.,   0.],
        [ 13.,   0.,   0.,   0., 207.,   0.,  11.,   7.,   2.,   1.],
        [ 11.,   0.,  15.,   0.,  85.,   0., 227.,   0.,   1.,   0.],
        [  2.,   0.,   0., 190.,   2.,  65.,   0.,   0.,   0.,   0.],
        [ 19.,   0.,   1., 259.,   4.,  23.,   0.,  39.,   0.,   0.],
        [272.,   0.,   1.,  22.,   1.,   6.,   0.,  27.,   0.,   1.],
        [ 16.,   0., 222.,   0.,  10.,   0.,   0.,   0.,   1.,   0.],
        [  4.,   0., 243.,   0.,   5.,   0.,  21.,   0.,   0.,  16.],
        [254.,   0.,   0., 106.,   2.,   0.,   0.,  41.,   0.,   1.],
        [  9.,  21.,  75.,   2.,   3.,   0.,   0., 259.,  13.,   0.],
        [ 31.,   0.,   0., 216.,   4.,  55.,   0.,  33.,  85.,   0.],
        [  1.,   0.,   4.,   0., 204.,   0.,  31.,   0.,   0.,   0.],
        [ 11.,   0.,  23.,  60.,   1., 163.,  17.,   0.,   0.,   0.],
        [  8.,  61.,  21.,   0.,   3.,   0., 249.,   0.,  47.,   0.],
        [  2., 267.,   6.,   1.,   2.,   0.,   0.,  61.,  11.,  41.],
        [ 58.,  43.,   0.,   0.,   6.,   6.,   0., 282.,  42.,   1.],
        [ 14.,   0.,   0.,   1.,  11., 192.,  35.,   0.,   9.,   0.],
        [ 19.,   0.,   2., 247.,   1.,   9.,   3.,   0.,   0.,   0.],
        [ 50.,   0.,   1.,   0.,   8.,   8., 254.,   0.,   2.,   0.],
        [ 42.,   0.,   0.,   0.,   2.,   0.,   0., 247.,   5.,   5.],
        [ 13.,   0., 268.,   0.,   8.,   0.,  20.,   0.,   1.,   0.],
        [ 16.,   0.,   0.,   0., 249.,   7.,   3.,  20.,  10.,   6.],
        [  6.,   0.,   0.,   0.,  14.,  64.,   0., 273.,   0.,   0.],
        [  2.,   0.,  57.,   0., 191.,   0.,  10.,   5.,   0.,  20.],
        [  5.,   0., 268.,   0.,  10.,   0.,  67.,   0.,   0.,   2.],
        [ 10.,   2.,   7., 259.,  10.,   0.,   0.,   8.,   7.,   0.],
        [  0., 245.,   2.,   0.,   1.,   0.,   0.,   5.,   0.,   2.],
        [ 15.,   1.,   0.,   0.,   2.,   0.,   0., 142.,  49.,   1.],
        [  8.,   0.,   0.,   0.,  12.,   0.,   4.,  11.,  13., 252.],
        [  1., 266.,  52.,   0.,   1.,   0.,   1.,   3.,   1.,  58.],
        [ 28.,   0.,   1.,   0.,  89.,   0., 236.,   2.,   4.,   0.],
        [  9.,   0.,   0.,   0.,   1.,   0., 217.,   0.,  22.,   0.],
        [ 13.,   0., 106., 249.,   7.,   0.,   1.,   0.,   2.,   0.],
        [ 14.,   1.,   0.,   2.,  37.,   0.,   9.,   0., 268.,   0.],
        [  2.,   0.,   1.,   0., 233.,   0.,   6.,   4.,   1.,   0.],
        [  3., 106.,   5.,   5.,   3.,   0.,   0.,   2., 227.,   1.],
        [  1., 262.,  68.,   0.,   1.,   0.,   1.,  11.,   2.,  68.],
        [  8.,   0.,   2.,  29.,  35.,  77.,   0.,  10., 269.,  67.],
        [  0., 249.,  20.,   0.,   0.,   0.,   1.,   4.,   0.,   1.],
        [  5., 110., 246.,   3.,  16.,   5.,   0.,   4.,   5.,   0.],
        [ 20.,   0.,   0.,   0.,   4.,  26.,   0.,   1.,   2., 240.],
        [ 13.,  24.,  39.,   1.,   7.,   0.,   0., 269.,  11.,   7.],
        [  4.,   0.,   0.,   6.,  18., 231.,   0.,  14.,  52.,   4.],
        [  7.,   0.,   0.,   1., 209.,   0.,   2.,   2.,  63.,   0.],
        [  9.,   3.,   0.,  35.,  46.,   0.,   0.,   0., 268.,   0.],
        [  4.,   0.,   0.,   0., 236.,   4.,   0.,   9.,   6.,  20.],
        [ 11.,   1.,   0.,   9.,   9.,   6.,   8.,   0., 231.,  64.],
        [  8.,   0.,   1.,   0.,   4.,   0., 265.,   0.,  26.,   0.],
        [ 10.,   1.,   0.,   0.,   6.,  29.,   0., 259.,   5.,  26.],
        [ 34.,   1.,   0.,   0.,   7.,   0.,   0.,  88., 116., 234.],
        [  4.,   0.,   0.,   0.,   1.,   0., 242.,   0.,  28.,   0.],
        [  2., 274.,   6.,   0.,   0.,   0.,   0.,   4.,   6.,  75.],
        [  9.,   0., 238.,   3.,  12.,   0.,   2.,   0.,   2.,   0.],
        [  5.,   0.,  23.,   0.,  21.,   1.,   0., 258.,   2.,   0.],
        [  3.,   0.,  15.,  36.,   7.,   0.,   0., 271.,   3.,   0.],
        [250.,   0.,   3.,  51.,   9.,   0.,   0.,   0.,  20.,   0.],
        [  5.,   0.,   0.,   0.,   8., 212.,   0.,  19.,  13.,  33.],
        [  3.,   0.,   0.,   2., 232.,   0.,   1.,   5.,   2.,  76.],
        [  3.,   0.,   0.,   2.,   2.,   4.,   0.,  10.,   9., 216.],
        [  5.,   1.,   0.,  16.,   0., 206.,   0.,   4.,  34.,  44.],
        [  3.,   0.,   0.,   0.,   0.,  15.,   0., 198.,   0.,  11.],
        [  5.,   0.,   0.,   0.,   8.,   0.,   2.,  21.,   5., 248.],
        [  4.,   0.,   0.,   0.,  21.,   0.,  39.,   7.,   2., 250.]],
       device='cuda:0')
Epoch 6 | Batch 600
tensor([[  0.,   4.,   0.,  23.,  10.,   0.,   0.,   0., 213.,   9.],
        [  0., 278.,  50.,  26.,   5.,   0.,   1.,   2.,  46.,   6.],
        [ 18.,   0.,   0.,   0., 138.,   0.,   1., 285.,   0.,   0.],
        [  0., 267.,  34.,  12.,   1.,  23.,   0.,   3.,  72.,   0.],
        [ 32.,   0.,   0.,   0.,  55.,  59.,   0., 265.,   0., 102.],
        [  3.,   0.,   0.,   0.,   7., 209.,   2.,   0.,   3.,   4.],
        [  0.,   0.,   0.,   0.,  19.,  43.,   1.,  22.,   0., 281.],
        [  0.,  37.,   0.,  60.,  19.,   0.,   0.,  34., 200.,  10.],
        [276.,   0.,   0.,  68.,   0.,   0.,   1.,   3.,   0.,   0.],
        [  2.,   0.,   1.,   0., 272.,  45., 140.,   5.,   0.,   9.],
        [272.,   0.,   0.,   5.,   0.,   0.,   0.,   0.,   0.,   0.],
        [  1.,   0.,   0.,   0.,  30., 221.,   0.,   0.,   2.,   3.],
        [  0.,   5.,   0., 235.,   4.,   0.,   0.,   0.,   0.,  10.],
        [  0., 183.,   0.,   3.,   0.,   0.,   1.,   0.,   1.,   0.],
        [ 22.,   0.,   0.,   0.,  63.,  79.,   0., 259.,   0.,  46.],
        [266.,   0.,   0.,   0.,   8.,  17.,   0.,  14.,   3.,   0.],
        [  0., 266.,   1.,  21.,   0.,   0.,   1.,   0.,   6.,   3.],
        [  0., 269., 120.,  39.,  11.,  18.,   1.,   3.,  45.,  10.],
        [276.,   0.,   0.,   0.,   1.,   0.,   1.,  31.,  43.,   0.],
        [  0., 264.,  11.,  31.,   0.,   0.,   2.,   0.,   2.,   6.],
        [  2.,   3.,   0.,   0.,  50.,   3.,   3.,  10.,   0., 273.],
        [  1.,   3.,   0.,   0.,  46.,  43.,   1.,  10.,   0., 156.],
        [  0.,  16.,   0.,  25.,   4.,   0.,   9.,   0., 236.,   4.],
        [  0.,   3.,   0.,   0., 231.,  45.,   3.,   2.,   0.,   5.],
        [  0.,   0.,   0.,   0., 186.,  10.,  79.,   0.,   1.,   7.],
        [ 10.,  52., 108., 209.,   4.,  15.,   4.,   0.,   0.,   0.],
        [ 15.,   0.,  13.,   0.,  32.,   0., 276.,   0.,  36.,   0.],
        [  0.,   1.,   0.,  15.,   3., 212.,   0.,   0.,   0.,   0.],
        [  0.,   1., 268.,   0.,   9.,   0.,  13.,   0.,   0.,   0.],
        [  2.,   0., 242.,   3.,   0.,   0.,   5.,   0.,   0.,   0.],
        [  3.,   2.,  71.,   0.,  12.,   0.,   0., 256.,   0.,  95.],
        [  3.,   8.,  16.,   0.,  38.,  27.,   0., 276.,   0.,  48.],
        [  1.,   7.,  17., 241.,   7.,   0.,  30.,   0.,   0.,  16.],
        [ 36.,   9.,   0.,   0.,  12.,   0.,   0., 258.,   0.,  63.],
        [  5.,   0.,   0.,   0.,  10.,  47.,   2.,  20.,   1., 278.],
        [  0., 271.,   4.,  18.,   1.,   0.,   0.,   1.,   0.,  12.],
        [  1.,   0., 255.,   0.,   3.,   0.,   1.,   0.,   0.,   0.],
        [ 39.,   0.,   6.,   0.,   1.,   0., 194.,   1.,   0.,   0.],
        [ 27.,   0.,   0., 243.,   0.,   0.,   0.,   0.,   0.,   7.],
        [ 10.,   0.,   0.,   6.,  11.,   0.,   0., 243.,   0.,   5.],
        [ 25.,   0.,  21.,  56.,   3.,   0.,  40.,   0., 260.,   5.],
        [  0., 234.,   0.,   0.,   0.,   0.,   0.,   0.,   0.,   3.],
        [285.,   0.,   0.,   0.,   2.,   0.,   6.,  37.,   0.,   0.],
        [  0.,  12.,   0.,   0.,   6.,   4.,   1.,   0.,   3., 273.],
        [  1., 245.,   0.,   4.,   3.,   0.,   8.,   0.,   0.,   5.],
        [  0.,   8.,  19., 200.,  38.,   0.,   0.,   0.,   0.,  11.],
        [  0., 277., 105.,  57.,   5.,   9.,   0.,   1.,  35.,  12.],
        [  1.,   0.,   0.,   0.,  22.,  35.,   2.,   4.,   4., 282.],
        [267.,   0.,   0.,   0.,   0.,   0.,   0.,  14.,   0.,   0.],
        [  3.,   0., 108.,   0.,  68.,   0., 272.,   0.,   0.,  23.],
        [  0.,  44.,   0.,   0., 263.,  20.,   4.,  15.,   0.,  28.],
        [  8.,   0.,  20.,   0.,   9.,   0., 284.,   0.,   0.,   0.],
        [ 12.,   0.,   0.,   0.,  16., 237.,   0.,   5.,   3.,   0.],
        [  2.,   0.,   0.,   0.,  18.,   0.,  11.,   8.,   1., 253.],
        [ 50.,   4.,   0.,   0.,  12., 189.,   0.,   0.,   0.,   0.],
        [  2.,   0.,  65.,   0.,   6.,   0., 269.,   0.,   0.,   1.],
        [  0.,   1.,   0.,   0.,   9., 219.,   0.,   2.,   0.,   0.],
        [258.,   0.,   0.,   0.,   0.,   0.,   0.,   1.,   0.,   0.],
        [  1.,   1., 285.,  80.,   6.,   0.,  23.,   0.,   0.,   0.],
        [  0.,   0.,   0.,   0.,   7.,   0.,   6.,   1.,  28., 248.],
        [  0.,  85.,   0.,   0.,   4.,   0.,   0., 241.,   0.,  12.],
        [ 32.,   0.,   0.,   0.,  13.,   0.,   0., 246.,   0.,   1.],
        [ 31.,   0.,   0.,  88.,   0., 213.,  16.,   0.,   0.,   0.],
        [  0.,  30.,   0.,   0.,  10.,  37.,   0., 213.,   0.,   7.]],
       device='cuda:0')
Epoch 6 | Batch 700
tensor([[  6.,   9.,   0.,  20.,   0., 236.,   0.,   1.,  12.,   1.],
        [  1.,   6.,   0.,  71.,   0.,  11., 237.,   0.,  51.,   0.],
        [ 11.,   6.,   0.,  69.,   0.,   1.,   3.,   0.,  44., 254.],
        [  0., 273.,   0.,   0.,   0.,  27.,   0.,   1.,   5.,   2.],
        [  0., 275.,   0.,   4.,   0.,  51.,   0.,   1.,  10.,   2.],
        [  0.,   0.,   0.,   0.,   0.,   0.,   0., 241.,   4.,   0.],
        [  1.,   3.,  16.,   0.,  24.,   0., 271.,   0.,   3.,  29.],
        [ 10.,  13.,   2.,   8.,  16.,   0.,   0.,   0., 283.,   3.],
        [  0.,   7.,   0.,  48.,   0.,   1., 247.,   0.,  13.,   0.],
        [  8.,   7.,   0.,   7.,   2.,  16.,   5.,   0., 274.,  13.],
        [  0., 279.,   1.,   3.,   0.,  62.,   2.,   2.,  10.,   0.],
        [  0.,  10.,   1.,   0.,   0.,  61.,   0., 276.,  19.,   1.],
        [153.,   0.,   5.,  26.,   0.,   1.,   0.,   0.,   2.,   0.],
        [  1.,  10., 268.,   2.,   0.,   0.,   8.,   3.,  20.,   0.],
        [  1.,   2., 264.,   0.,   0.,   0.,   0.,  36.,  26.,   0.],
        [  2.,   5.,  10., 234.,   0.,   4.,   0.,   0.,  23.,   1.],
        [  2.,   3.,   0.,  56.,  29.,   5.,   0.,   1.,  10., 281.],
        [  0., 276.,   0.,   0.,   0.,  18.,   0.,   3.,  11.,   2.],
        [  3.,   7.,   0.,   0.,  11.,  51.,   0.,   1., 274.,   4.],
        [228.,   0.,  26.,   0.,   0.,  22.,   0.,   0.,   4.,   0.],
        [  0.,   4.,   0.,   0.,   0.,  38.,   0., 279.,   8.,   3.],
        [  2.,  35.,   0.,  15.,   0., 255.,   0.,   0.,  26.,   0.],
        [264.,   0.,   0.,   0.,   0.,  33.,   0.,   0.,   6.,   0.],
        [  1.,  10., 277.,   8.,   0.,   0.,   0.,   0.,  13.,   0.],
        [  0.,   2.,   0.,   0.,   0.,   0.,   0., 230.,   9.,   0.],
        [  1.,   0.,   5.,   0.,  55.,   0., 241.,   0.,   1.,   8.],
        [  1.,  10.,   0.,   0.,  51.,  24.,   0.,  17., 251.,  69.],
        [224.,   0.,   0.,   0.,   0.,   3.,   0.,   0.,   1.,   0.],
        [  0.,   0.,   0.,   0., 245.,   0.,   7.,   2.,   0.,   9.],
        [  1., 276.,   0.,   1.,   0.,  57.,   0.,   7.,  28.,   0.],
        [  0.,  26.,   1.,   0.,   0., 101.,   0., 258.,  28.,   0.],
        [  0., 274.,   0.,   0.,   0.,  23.,   0.,   2.,  18.,   0.],
        [283.,   0.,  85.,  26.,   0.,   5.,   0.,   0.,  18.,   0.],
        [244.,   0.,   0.,   0.,   0.,   8.,   0.,   0.,   5.,   0.],
        [  0., 281.,   3.,   4.,   0.,  35.,  38.,  17.,  29.,   1.],
        [ 11.,   0.,   0.,   0.,   0., 190.,   0.,   0.,   3.,   0.],
        [  1.,   0.,   3.,   0., 273.,   0.,  36.,  18.,   2.,  12.],
        [ 95.,  24.,   2., 240.,   0.,   1.,  23.,   0.,  87.,   0.],
        [ 30.,   0.,  17.,   1., 268.,   0.,  41.,   0.,   0.,  10.],
        [  3.,  15.,  58.,  69.,   0.,   0.,  10.,   0., 154.,   0.],
        [  0., 260.,   0.,  12.,   0.,  13.,   0.,   1.,  34.,   0.],
        [222.,   0.,  43.,   1.,   0.,   2.,   0.,   0.,  72.,   0.],
        [ 31.,   5.,   0.,   1.,   0., 264.,   0.,   0.,   9.,   8.],
        [  0.,   7.,   0.,   0.,   4.,  11.,   0.,   1.,  10., 269.],
        [  1.,  18.,   0.,   0.,  25.,   0.,   0., 244.,  10.,   0.],
        [248.,   0.,   0.,  32.,   0.,   0.,   7.,   0.,  12.,  19.],
        [  3.,   4., 245.,   0.,   0.,   0.,   0.,   9.,  56.,   0.],
        [  0.,   4., 228.,   0.,   0.,   0.,  85.,   0.,   7.,   0.],
        [  4.,   5.,   4.,   0.,   4.,   0., 265.,   0.,   4.,  71.],
        [  1., 283.,   0.,   5.,   0.,   9.,   6.,   0.,  37.,   0.],
        [ 12.,   2.,   0.,   0.,  33.,  19.,   0.,   0., 265.,   1.],
        [  1.,   2.,   0.,   0., 249.,   6.,   0.,  17.,  10., 112.],
        [ 33.,   3.,   0.,   0.,  10.,  13.,   0., 234.,   4.,  18.],
        [  2.,  16.,   0.,   0.,   0., 261.,   0.,   3.,  10.,   7.],
        [  8.,  16.,  77., 258.,   0.,   1.,   0.,   0.,  17.,   0.],
        [260.,   0.,  90.,   4.,   0.,   7.,   0.,   0.,  56.,   0.],
        [ 80.,   0.,   0.,  24., 266.,   0.,   0.,   0.,   5.,  67.],
        [  0., 237.,   4.,   1.,  21.,   4.,   0.,  19.,  83.,   0.],
        [  1.,   0., 267.,   0.,  10.,   0.,  61.,   0.,   4.,   0.],
        [  0.,   1.,   0.,   0.,   2.,   2.,   0.,   3.,   8., 262.],
        [ 28.,   7.,   0., 191.,   0.,   3.,   0.,   0.,  12.,  32.],
        [  0.,  16.,   0.,   9.,   0.,   4.,   0.,   3.,   6., 275.],
        [216.,   0.,   1.,   0.,   0.,   7.,   0.,   0.,   3.,   0.],
        [  1.,  20.,   0.,  44.,   0.,  38.,   0.,   0., 269.,  17.]],
       device='cuda:0')
Epoch 6 | Batch 800
tensor([[  8.,  69.,   0.,   4.,   0., 217.,   0.,   4.,  52.,  46.],
        [  0.,  15.,  10.,   0.,   0., 200.,   0.,   0.,   0.,   0.],
        [  0.,   1.,   0., 249.,  81.,   3.,   0.,  68.,   0.,  11.],
        [  0., 190.,   0.,  33.,   0.,  59.,  56.,   2.,  13.,  16.],
        [  0.,   9.,   0.,   2.,   4.,   0.,   0.,  43.,   0., 238.],
        [  0.,   4., 255.,   9.,  43.,   0.,  41.,   0.,   0.,   0.],
        [  0.,   0.,   0.,  14.,   9.,   0.,   0., 270.,   0.,   0.],
        [  0.,   0.,   0.,   4.,  23.,   0.,   0., 257.,  64.,  52.],
        [  0.,   2.,   0.,   3.,   0.,   0.,   0., 283.,   2.,   0.],
        [  0.,   1.,   0.,   1.,   0.,   0.,  46.,  30.,  15., 131.],
        [  0.,  69.,  17.,  76.,   0.,   0.,   0., 267.,   8.,   0.],
        [  1.,   1.,   0.,   0.,   0., 221.,   0.,   0.,   0.,   0.],
        [  0.,   3.,   0.,   1.,  20., 235.,   0.,   0.,   0.,   0.],
        [  0.,  17.,   0., 268.,  30.,   1.,   0.,   4.,  84.,  53.],
        [  0.,  49.,  31.,   4.,   0.,   2.,   0.,   1., 251.,   0.],
        [  1.,   9.,   0.,  15., 105., 196.,   0.,  50.,  23., 114.],
        [  0., 260.,   0.,  36.,   0.,   0.,  11.,   8.,   2.,  14.],
        [  0.,  38.,   0.,   3.,   0.,  24., 254.,   0.,  38.,   0.],
        [ 16.,   3.,  12.,  11.,  24.,  54.,   3.,   0., 227.,   0.],
        [  0.,   0.,   0.,   0., 220.,   0.,  29.,  10.,   0.,   0.],
        [  0.,  10.,   9.,   7.,  18.,   0.,   0.,   0., 257.,   0.],
        [  0.,   7.,   0.,  10.,   0., 227.,   0.,   9.,  11.,  62.],
        [  0.,  72.,   0., 275.,   0.,   5.,   0.,   3.,  39.,  61.],
        [  1.,   1.,   0.,   6.,   0.,   1., 266.,   0.,   0.,   0.],
        [  0.,   7.,   0.,  23.,   3.,   0.,   0., 281.,  49.,   0.],
        [212.,   0.,   0.,   2.,   0.,   9.,   2.,   0.,   0.,   0.],
        [270.,   0.,   0.,  14.,   0.,   8.,  14.,   1.,   0.,   0.],
        [  0.,   5.,   0.,   8.,  73.,   0.,   0.,   4., 217.,   0.],
        [ 36.,   4.,  89., 279.,   0.,   0.,   0.,  18.,   0.,   0.],
        [  0., 282.,   0.,   5.,   0.,   0.,  62.,   1.,   0.,   0.],
        [  3.,  16.,  40., 251.,   0.,   0.,   0.,   0.,   0.,   0.],
        [  0.,  91.,  60.,   9.,   0.,   6.,   0.,  12., 253.,   0.],
        [  0., 261.,   0.,  34.,   0., 108.,   1.,  28.,  40.,   8.],
        [  0.,   3., 206.,  21.,  29.,   0.,  19.,   2.,   0.,   0.],
        [  0.,  14.,   0.,   1.,   1.,   0.,   0., 250.,   0.,  41.],
        [  0., 288.,   0.,   7.,   0.,   0.,  13.,   2.,   8.,   0.],
        [  4.,  20.,  15.,   2.,   0.,  15.,   0.,   0., 240.,   0.],
        [  1.,   4.,   0.,  10.,   6., 151.,   7.,   3.,  10.,   0.],
        [  0.,   0.,   3.,   5.,   0.,  17., 274.,   0.,  77.,   0.],
        [ 93.,   1.,   0.,   1.,   0.,  45.,   0.,   3., 222.,  25.],
        [  0.,  12.,   0.,   3.,   9.,   0.,   0., 105.,   5., 243.],
        [  0.,  47.,   0.,   2.,   0.,   0.,   0.,  25.,   0., 202.],
        [  0., 277.,  31.,   3.,  12.,   0.,  17.,   1.,   0.,   0.],
        [  0.,   1.,   0.,   3.,   8.,   2.,   0.,   1., 134.,  22.],
        [  0.,   1.,  25.,   3., 228.,   2., 115.,   1.,   0.,   0.],
        [  0.,  56.,  25., 285., 134.,  45.,   0.,   4.,   1.,   0.],
        [  0.,  55.,   0., 274.,   8.,   2.,   0.,   5.,  58.,  62.],
        [  0.,   3.,   0.,   3.,   0.,   2., 267.,   0.,   0.,   0.],
        [  0.,   5.,   0.,  57.,   2.,   9.,   0.,  23.,   0., 167.],
        [  0.,   1.,   0.,   1.,   2.,   0.,   0., 274.,  30.,  10.],
        [  0.,   1.,   0.,   2.,   2.,   0.,   0., 273.,  89.,   7.],
        [  0., 283.,   0.,  20.,   0.,   1.,   5.,   5.,  39.,   3.],
        [  0.,   1., 246.,   5.,   0.,   2.,   0.,   3.,   0.,   0.],
        [  0., 262.,   0.,   4.,   0.,   0.,  28.,   0.,  11.,   0.],
        [ 36.,   3.,   0.,  11.,  51., 239.,   0.,   8.,  28.,  57.],
        [273.,   0.,   0.,   9.,   0.,   9.,  56.,   1.,   0.,   0.],
        [  0.,   2.,   0.,  45.,   4.,  27.,   0.,  11.,   0., 203.],
        [264.,   0.,   0.,   4.,   0.,   3.,  14.,   0.,   0.,   0.],
        [  0.,   0.,   0.,   2.,   2.,   0.,   0., 253.,   7.,   0.],
        [  0.,   8.,   0.,  18.,   0.,   0.,   0., 274.,  43.,   0.],
        [  0.,   0.,   0.,   4.,   0.,  17., 290.,   0.,   0.,   0.],
        [  0.,   4.,   0.,   2.,   0.,   5., 263.,   0.,   0.,   0.],
        [  3., 173.,   0.,   2.,   0.,   1.,  81.,   1.,   1.,   0.],
        [  0.,   4., 255.,   4.,   0.,   0.,  32.,   0.,   0.,   0.]],
       device='cuda:0')
Epoch 6 | Batch 900
Switching label layer to Inference Mode (LIF)...
Epoch 6 DONE | Test Acc: 68.00% | Time: 784.5s
Switching label layer back to Training Mode (Clamp)...
tensor([[  0.,   0., 223.,  37.,   9.,   3.,  14.,  26.,  22.,   0.],
        [  0.,  12.,   2.,   8.,   0.,   3.,   0.,  14., 244.,   0.],
        [  0.,   0.,   0.,  15.,  18.,  22.,  10.,  24.,  11., 272.],
        [  4.,   0.,   0.,   0.,  15.,  26., 222.,   4.,   1.,   0.],
        [256.,   0.,   3.,   4.,   2.,  99.,  12.,   3.,   0.,   0.],
        [  0., 259.,   1.,  12.,   0.,   0.,   0.,   2.,   1.,   5.],
        [ 25., 260.,   0.,  21.,   0.,   0.,   0.,   1.,   1.,  24.],
        [  1.,   1.,   8.,   0.,   9.,   0., 244.,   0.,   0.,   0.],
        [  0.,   3.,   0., 249.,   8.,  69.,  19.,  12.,   2.,   0.],
        [  0.,   1.,  86.,  15.,   3., 259.,   0.,   9.,   2.,   0.],
        [  0.,   0.,  19.,   2., 276.,  44.,   0.,  46.,   0.,   0.],
        [  0.,   3.,   0.,   5.,  41.,   1.,   0., 261.,  21.,   0.],
        [  9.,   6.,   9., 249.,   0.,  16.,   0., 108.,  74.,   0.],
        [  0.,  10.,   0.,   5., 231.,   5.,   0.,  31.,   0.,   6.],
        [  0.,   0.,   0.,  20.,  49., 237.,   0.,  14.,  21.,  88.],
        [  0.,  10.,   1., 273.,   6.,  11.,  45.,  37.,   4.,  26.],
        [  0.,   0.,   0.,   0., 272.,  66.,  12.,  25.,   0.,   0.],
        [  0.,   5.,   1.,   4.,  24.,   6.,   0., 284.,  25.,  85.],
        [  0.,   2.,   1.,   0.,  14.,  30., 261.,   3.,   1.,   0.],
        [  0., 273.,   2.,  20.,   0.,   1.,   0.,   3.,   2.,  36.],
        [ 34., 252.,   0.,  15.,   0.,   0.,   0.,   1.,   1.,  64.],
        [  0.,   0.,   2.,   0.,  37.,  11., 269.,   3.,   0.,   0.],
        [  0.,   3.,   0.,   8.,   0.,   4.,   0.,  33., 260.,   6.],
        [  0.,   0.,   1.,   2., 255.,   7.,   0.,  30.,   0.,   0.],
        [  6.,   8.,   3., 197.,   0.,   5.,   0.,  21.,   1.,   0.],
        [ 16.,   0., 223.,   0.,   7.,   2.,  26.,   4.,   1.,   0.],
        [  1.,   0.,   0.,  28.,   3., 208.,   0.,   5.,   1.,   0.],
        [  0.,  33.,   0.,   3.,   4.,   3.,   0., 275.,   6.,  17.],
        [  0.,   0.,   4.,   0., 272.,   0.,  28.,  22.,   0.,   0.],
        [  0.,   7.,   0.,  16.,   0.,   4.,   0.,  21.,   3., 263.],
        [  0.,   5.,   6.,   2.,  11.,   0.,   0., 260.,  80.,   0.],
        [  0.,   1.,   0.,  13.,   7.,   1.,   0., 269.,  48.,  12.],
        [  0.,   3.,   0.,   0., 234.,   3.,  17.,  31.,   1.,  56.],
        [ 85.,   0.,   6.,   0.,  24.,   1., 260.,   6.,   0.,   0.],
        [  0.,   5.,   1.,   5.,   1.,   2.,   3.,   6., 253.,   0.],
        [  0., 266.,   5.,  23.,   0.,   1.,   0.,   1.,   1.,   0.],
        [  0.,   3.,   1.,   5.,   0.,  13.,   0.,   5., 252.,  59.],
        [  0.,   0.,   0.,   0., 270.,  14.,   0.,  50.,  54.,  34.],
        [  0.,  11.,   4., 271.,   2.,   7.,   0.,   8.,   0.,   0.],
        [  0.,  44.,   0.,  19.,   0.,   2.,   0., 222.,   5., 128.],
        [  0.,   0.,   8.,  80.,   1., 186.,   0.,   6.,  26.,   0.],
        [  0.,  14.,   0.,  29., 230.,   3.,   0.,  19.,   0.,  20.],
        [  0.,   1.,   2.,   0.,  21.,   6., 286.,   2.,   2.,   0.],
        [  0.,  21.,   0.,  10.,   4.,  12.,   0., 248.,  14., 121.],
        [ 20., 247.,   0.,  16.,   0.,   0.,   0.,   0.,   0.,   0.],
        [  0.,   0., 232.,   1.,   0.,   4.,  14.,   3.,   1.,   0.],
        [  0.,   0.,  25.,   5.,  12.,   2.,  20.,   7.,   0., 225.],
        [  0.,   0.,  11.,   0., 256.,   7.,   0.,  17.,  78.,   0.],
        [  0., 262.,   0.,  16.,   0.,   0.,   0.,   3.,   0.,  23.],
        [252.,   0.,   1.,   9.,   0.,  26.,  52.,   1.,   4.,   0.],
        [  0.,   3.,   0., 247.,   1.,   1.,   5.,  14.,   9.,   0.],
        [  0.,   2.,   0.,   1.,  41.,  14.,   1.,  21.,   9., 261.],
        [  0.,   0.,   0.,  41.,   2., 239.,   0.,  27.,  39.,  33.],
        [  0., 253.,   3.,  21.,   0.,   1.,   0.,   2.,   4.,   0.],
        [  0.,   1.,   0.,   3.,  70.,   1.,   0., 269.,  15.,   3.],
        [278.,   0.,  63.,  13.,   0.,  11.,   0.,   2.,   0.,   0.],
        [  0.,   0.,   0.,   0.,  37.,   2., 271.,   7.,  39.,   0.],
        [  0.,  14.,   0.,  13.,  11.,  11.,   0., 286.,   2.,  19.],
        [260.,   0.,  18.,  78.,   0.,  12.,   0.,   2.,   0.,   0.],
        [275.,   0.,  11.,   0.,  12.,  57.,  78.,   1.,   0.,   0.],
        [  0.,   2.,   0.,   1., 256.,  22.,   8.,  21.,   0.,  29.],
        [  0.,   0.,  50., 236.,   1.,  34.,  22.,   5.,   2.,   0.],
        [  0.,   0.,   0.,   0.,  13.,   0., 264.,   6.,   0.,   0.],
        [ 12., 265.,   1.,  21.,   0.,   1.,   0.,   1.,   1.,   4.]],
       device='cuda:0')
Epoch 7 | Batch 0
tensor([[  0.,   6.,   2.,   0.,   4.,   0., 283.,   0.,   0.,   0.],
        [  0.,   6., 280.,   3.,   6.,   0.,  25.,   0.,  13.,   0.],
        [  0., 278.,   6.,   0.,   0.,   0.,   1.,   0.,  67.,   6.],
        [  0.,   0.,   5.,   2., 246.,   0.,   8.,  35.,   0.,  51.],
        [  0.,   2.,   2.,   1.,   0., 148.,   0.,   0.,  33.,   0.],
        [  0.,   1.,  81.,   5., 251.,   0.,   1.,   0.,   3.,  11.],
        [  0.,   5.,  55.,   0.,  50.,   2.,   7.,   0.,   0., 238.],
        [  0.,   5.,   8.,   0.,   0.,   0.,  11.,   0.,   1., 255.],
        [  0.,   8., 222.,   0.,  49.,   0.,  85.,   0.,  21.,   0.],
        [  3., 139.,   0.,   0.,   6.,   0., 160.,   0.,   1.,   0.],
        [  0.,   1.,   0.,  19.,   0., 230.,   0.,  48.,   0.,   0.],
        [  0.,  20., 262.,   0., 115.,   1.,   1.,   0.,   1.,   0.],
        [  0.,   9.,   3.,   0.,   0.,   0.,  13.,  59.,   0., 263.],
        [  0.,   2.,   0.,   0.,   0., 244.,   1.,   0.,   0.,  32.],
        [  0.,   5.,   1.,   0.,   8.,   0., 293.,   0.,   1.,   0.],
        [  0., 265.,   1.,   0.,   0.,   0.,   3.,   0.,   2.,   3.],
        [  0.,  76.,   0., 256.,   0.,  14.,  12.,   9.,   0.,   0.],
        [ 30.,  23.,  51., 207.,   0.,   0.,   1.,   2.,   1.,  26.],
        [  7.,   2.,   3.,  68.,   1.,   0.,   0., 267.,  26.,   8.],
        [  0.,   8.,   0.,   0.,  11.,   0., 279.,   0.,  26.,   0.],
        [  0.,   0.,   1.,   1., 225.,   0.,   1.,  19.,   3.,  33.],
        [  0., 284.,   2.,   6.,   0.,   0.,  21.,   0.,   1.,   0.],
        [  0.,  23.,   0.,   0.,   0.,   0.,   3.,   0., 260.,   6.],
        [  0.,  16.,  14.,   0.,   0.,   1.,   0., 219.,   1.,   1.],
        [  0., 275.,   3.,   0.,   0.,   0.,   0.,   0.,   8.,   8.],
        [  0.,   3.,  92.,   5., 236.,   0.,  15.,   0.,   2.,  16.],
        [  0., 253.,   0.,   0.,   0.,   0.,   0.,   0.,   5.,   0.],
        [  3.,  33.,   1., 228.,   0.,   0.,  63.,   0.,  10.,   0.],
        [  0.,   9.,   1.,   0.,  10.,   0., 288.,   0.,  52.,   0.],
        [  0.,   9.,   1.,  23.,   0., 125.,   2.,   0.,   0.,   0.],
        [  0.,  15.,   0.,   0.,   3.,   0., 277.,   0.,   3.,   0.],
        [  0.,   0.,   0.,  50.,   6., 185.,   0.,  64.,   0.,   0.],
        [ 53.,   5.,   1., 236.,   1.,  16.,   2.,  16.,   0.,   0.],
        [195.,   0.,   1.,   3.,   0., 103.,   0.,   0.,   0.,   0.],
        [  0.,  63.,   3.,   0.,  11.,   0., 288.,   0.,   4.,   0.],
        [  0.,   4.,   4.,   0.,   9.,   0., 275.,  31.,   0.,   0.],
        [  0.,  90.,   2., 245.,   0.,   0.,   1.,  44.,   0.,  49.],
        [  0.,   2.,   0.,   0., 250.,   0.,  19.,   0.,   1.,   1.],
        [ 28.,   9.,   0., 241.,  40.,  18.,   2.,  34.,   0.,  76.],
        [  0., 271.,   3.,   0.,   0.,   0.,   3.,   0.,   1.,  24.],
        [  9.,  13.,  74., 234.,   0.,  28.,   3.,   0.,   0.,   0.],
        [  0.,  53.,   1., 246.,   0.,   0.,  75.,   0.,  22.,   0.],
        [  0.,  18., 275.,  19.,  14.,   7.,  59.,   0.,   3.,   0.],
        [  9.,   7., 268.,   0.,  18.,  23.,  42.,   0.,   3.,   0.],
        [  0.,  43.,  14.,   0.,   0.,   0.,   3.,   0., 239.,  12.],
        [  0., 276.,   7.,   0.,   0.,   0.,   4.,   0.,   1.,  30.],
        [  7.,   2.,   0.,   0.,   0., 243.,   0.,   0.,  89.,   0.],
        [  0.,  11.,   4., 239.,   0.,   2.,   1.,   0.,   4.,   1.],
        [  0.,  22.,   0.,   0.,   0., 240.,   2.,  50.,   4.,   0.],
        [  0.,   8.,   3.,   0.,  39.,   0., 286.,   0.,  16.,   0.],
        [  0.,  23.,   9., 252.,   0.,   9.,   0.,   0.,   0.,   0.],
        [  0.,   5.,   0.,   1., 192.,   0.,   4.,   0.,   0.,  22.],
        [240.,   0.,   6.,   2.,   0.,  36.,   0.,   0.,   0.,   0.],
        [ 15.,   3.,   0.,   0.,   0., 251.,   0.,   0.,  44.,   0.],
        [  0.,  20.,   1.,   0.,   2.,   0., 275.,   0.,   0.,  22.],
        [  3., 228.,  13.,   5.,   3.,   0.,   0.,   0.,  25.,   0.],
        [247.,   0.,   4.,   0.,   0.,  21.,   0.,   0.,   0.,   0.],
        [118.,   5.,   0.,   0.,  13.,   0., 210.,   0.,  46.,   0.],
        [  0., 265.,   1.,   0.,   0.,   0.,   0.,   0.,  13.,   0.],
        [  0.,  26.,   3.,   0.,  36.,   0., 286.,   0.,  85.,   0.],
        [  0., 273.,   1.,   7.,   0.,   0.,   7.,   0.,   0.,   0.],
        [  0.,   7.,   0.,   0., 205.,  10.,   3.,   0.,   5.,   0.],
        [  0.,   4.,   0.,   0.,  17.,   0., 282.,   0.,  48.,   0.],
        [  0.,   6.,   3.,   0.,   0.,   1.,   7.,   0.,   0., 264.]],
       device='cuda:0')
Epoch 7 | Batch 100
tensor([[  1.,   0.,   0.,   0., 142.,   0.,   1.,   0.,   0., 262.],
        [  2.,  40.,   2., 249.,   2.,   0.,   0.,   0.,  40.,   0.],
        [  0.,   1.,  24.,   0.,   3.,   0.,   0., 249.,   5.,  30.],
        [  0.,   0.,   0.,   0., 263.,   0.,   0.,   4.,   8.,   1.],
        [  6.,   0.,  45., 252.,   3.,   0.,   0.,   0.,  12.,   0.],
        [  0., 270.,  21.,  16.,   1.,   0.,   0.,   8.,   2.,   8.],
        [  1.,   0.,   1.,   0., 279.,  39.,   0.,   0.,  74.,  93.],
        [  0.,   1.,   3.,   1.,   5.,   0.,   0.,   0., 277.,  29.],
        [  0.,  65.,  25.,   2.,   2.,   0.,   0.,   0., 277.,   0.],
        [  0.,   0.,   1.,   0., 210.,   0.,  13.,   6.,   1.,  75.],
        [  1.,   0., 263.,   1.,  20.,   0.,   0.,   0.,   6.,   0.],
        [  1.,   0., 278.,   0.,   2.,   0.,  25.,   0.,   1.,   0.],
        [  0.,   0.,  54.,   0.,  15.,   0.,   0., 230.,   1.,  73.],
        [130.,   0., 128.,  82.,   4.,   0.,   0.,   0., 149.,   0.],
        [295.,   0.,   0.,  19.,   3.,   0.,   0.,   0.,   0.,   0.],
        [  0.,   0.,   0.,   0.,   9.,  12.,   0.,   0.,  17., 262.],
        [  3.,   0.,   0.,   0.,  14.,   0.,  16.,  10.,   3., 264.],
        [  0.,  38.,   0.,   0.,   3.,   0.,   0.,   0., 271.,  49.],
        [ 62.,   0.,  53.,   0.,   7.,   0., 227.,   0.,   4.,   0.],
        [ 33.,   0.,  30.,   0.,   2.,  20., 246.,   0.,   9.,   0.],
        [  0., 258.,  33.,   1.,   0.,   0.,   0.,   0.,   7.,   4.],
        [  0.,   0.,   0.,   3.,   5.,  10.,   9.,  55.,   5., 269.],
        [ 34.,   0.,  29.,   0.,   4., 219.,   0.,   0.,   2.,   0.],
        [276.,   0.,   4.,   1.,   0.,   0.,   7.,   0.,   0.,   0.],
        [  3.,   1.,   1., 258.,  14.,   0.,   0.,   0.,  52.,   0.],
        [  0.,   0.,   0.,   1., 261.,  29.,   0.,   3.,   5.,  43.],
        [  1.,   0.,  20.,   0., 268.,   0.,   0.,  13.,   0.,   6.],
        [  1.,   0.,   1.,   0.,  21.,   0.,   0.,   8.,  34., 241.],
        [  0.,   2.,   0.,   0., 254.,   0.,   0.,   3.,   7.,   0.],
        [  0.,   0.,   0.,   0.,  23.,   0.,   9.,  18.,  11., 270.],
        [  0.,   1.,   3.,   0.,  15.,   0.,   0., 269.,   0.,  20.],
        [  0.,  15.,  79.,   3.,   6.,   3.,   0.,   0., 251.,   0.],
        [  1.,   0.,   0.,   1., 278.,  24.,   0.,   7.,   0.,  66.],
        [  0.,   0.,   0.,  43., 214.,  58.,   0.,   4.,   0.,   0.],
        [  0.,   0.,   0.,   0.,  39.,   1.,   0.,  26.,  10., 278.],
        [  0.,   0.,   0.,   7.,  10.,  61.,   0.,  17.,  26., 273.],
        [  0.,   3.,   1.,   0.,  60.,   0.,   0., 191.,   5.,  10.],
        [  4.,   0., 122., 111.,   2.,   0.,   0.,   0.,   2.,   0.],
        [  0., 251.,  69.,   3.,   3.,   0.,   0.,   0.,  46.,   0.],
        [280.,   0.,   8.,  54.,   1.,  26.,   0.,   0.,   0.,   0.],
        [ 32.,   0.,   0.,   1.,   4., 230.,   0.,   0.,  17.,  25.],
        [  0., 259.,  13.,   4.,   6.,   0.,   0.,   0.,  28.,   0.],
        [ 12.,   0.,   0.,  65.,  22., 242.,   0.,   0.,   2.,  14.],
        [  0.,   0.,   0.,   0.,   3.,   0.,   0., 176.,   0.,   0.],
        [  1.,   0.,   2.,  11.,   3.,   0.,   0.,   0., 254.,   0.],
        [  0.,   0.,   1.,   0.,   5.,   0.,   0., 251.,   0.,  79.],
        [292.,   0.,  13.,  20.,  10.,   0.,   0.,   0.,   7.,   0.],
        [260.,   0.,   0.,  76.,   1.,   7.,   0.,   0.,   0.,   0.],
        [  4.,   0., 105.,   0.,   4.,   0.,   0., 243.,   0.,   0.],
        [ 21.,   0.,   0., 249.,   2.,   0.,   0.,   0.,   1.,   0.],
        [  0.,   0.,   1.,   3.,  60.,   0.,   0.,   0.,   1., 215.],
        [  0., 269.,  22.,   9.,   1.,   0.,   0.,   6.,   4.,  12.],
        [229.,   0.,  20.,   1.,   0.,   0.,   0.,   0.,   1.,   0.],
        [  0.,  18.,  31.,   0.,   3.,   0.,   0., 230.,  12.,  39.],
        [  0.,   0.,   0.,   5.,  10.,   2.,  12.,  89.,  14., 275.],
        [  0., 262.,   3.,   2.,   2.,   0.,   0.,   0.,  33.,  53.],
        [ 48.,   0.,  35., 254.,   5.,   0.,   0.,   0.,  13.,   0.],
        [  0., 111.,   1.,   0.,   5.,  18.,   0., 229.,  21.,  53.],
        [  0., 247.,  43.,   2.,   3.,   0.,   0.,   2.,  20.,   0.],
        [ 13.,   0., 287.,   1.,   5.,   0.,   0.,   0.,   1.,   0.],
        [  0., 267.,  13.,  11.,   1.,   0.,   2.,   6.,   7.,   9.],
        [  0., 270.,  28.,   3.,   1.,   0.,   0.,   0.,  19.,  30.],
        [  0., 270.,  11.,  10.,   1.,   0.,   2.,   6.,   9.,   9.],
        [292.,   0.,   8.,   3.,   2.,   0.,   3.,   0.,   0.,   0.]],
       device='cuda:0')
Epoch 7 | Batch 200
tensor([[  0.,   0.,   0.,   0., 214.,  61.,   0.,  22.,  49.,  63.],
        [ 87.,   0.,   0.,   0.,   0.,  16., 277.,   2.,   1.,  47.],
        [252.,   0.,   0.,  59.,   7.,   1.,   0.,   0.,  30.,   0.],
        [  0.,   8.,   0.,   0.,   0.,   0.,   0., 276.,  21.,  13.],
        [245.,   0.,   0.,   5.,   0.,  25.,   4.,   0.,   2.,   0.],
        [  0.,   1.,   0.,   1.,   0.,   4.,   0.,  12., 256.,   0.],
        [216.,   0.,   0.,  37.,   0.,   7.,   0.,   1.,  18.,   0.],
        [271.,   0.,   0.,  49.,   1.,   6.,  55.,   0.,  12.,   0.],
        [  0.,   3.,   0.,   2.,   0.,   3.,   0.,   4., 252.,   0.],
        [  0., 239.,   0.,   1.,  11.,  21., 116.,   0.,  10.,   0.],
        [  0.,  55.,  50., 215.,   0.,  29.,  20.,   1.,  10.,   0.],
        [  0., 255.,   0.,   4.,  16.,   0.,   0.,   0.,   7.,   0.],
        [  0.,   0.,  59.,   1., 134.,   0., 282.,   8.,   4.,  58.],
        [  0.,   4.,   0.,   4.,   0.,   4.,   0.,   2., 200.,   0.],
        [  0.,  37.,  22., 267.,   0.,   7.,   0.,   3.,  13.,   0.],
        [  0., 265.,   0.,   3.,   1.,   0.,  77.,   0.,   6.,   0.],
        [ 62.,   0.,   0.,   2.,   0.,   0., 282.,   2.,   6.,  20.],
        [ 27.,   0.,   0.,   5.,   1., 228.,   0.,   2.,   2.,   0.],
        [278.,   0.,   0.,   4.,   0.,   2.,  90.,   2.,  14.,   0.],
        [  0.,   0.,   0.,   0.,   0.,   1.,   0.,  25.,  15., 241.],
        [  5.,   0.,   0.,   0., 133.,   1.,   0.,  25.,  12.,   2.],
        [  0.,   2.,   9.,   4.,   0.,   1.,   0., 253.,  10.,  17.],
        [  0.,  34.,   2., 279.,   9.,  36.,   0.,   0.,  30.,   0.],
        [  0.,   1.,   0., 264.,   1.,   6.,   0.,  16.,  10.,   0.],
        [  0.,  21.,   0.,  11.,   0.,   5.,   0.,   9., 264.,  12.],
        [  0.,   1.,  41., 239.,   0.,   0.,   0.,  11.,   5.,   0.],
        [  0.,   0.,   0.,  40.,   0., 222.,   0.,  84.,  74.,  79.],
        [  0.,   2.,  20., 258.,  38.,   4.,   0.,   3.,  34.,   4.],
        [  0.,   0.,   0.,   3., 220.,  60.,   0.,  54.,  15.,  38.],
        [  0.,   0.,   0.,   1.,   1.,  18.,   0.,  51.,  28., 263.],
        [  0.,  12.,   0.,   4.,   0.,   0.,   0., 285.,  12.,  17.],
        [  0., 264.,   0.,   4.,   2.,   0.,  83.,   0.,   8.,   0.],
        [276.,   0.,   0.,   7.,   3.,   5.,   1.,   4.,  17.,   0.],
        [  0.,   3.,   0., 244.,  15.,   1.,   0.,   2.,  19.,   0.],
        [  0.,   0.,   0.,   0., 207.,   1.,   2.,  63.,   6.,   0.],
        [  0.,   0.,   0.,   2.,   2.,   0.,   0., 285.,  19.,   3.],
        [  0.,   0.,   0.,   0.,   0.,  30.,   0.,  74.,  17., 241.],
        [  0.,   0.,   0.,  11.,   0.,   0.,   0.,  10., 250.,  26.],
        [  0.,   0.,   0.,   3.,   0.,  19.,   0.,  19., 259.,  10.],
        [275.,   0.,   0.,  10.,   2.,  30.,   0.,   2.,   4.,   0.],
        [  0.,   1.,   0.,   3.,   0.,  28.,   0.,   0., 223.,   0.],
        [  0., 256.,   0.,  17.,   0.,   0.,  51.,   0.,   8.,   0.],
        [  0.,   0.,   0.,   1.,   0.,  78.,   0.,  48.,  15., 254.],
        [  0.,   2., 242.,   2.,   1.,   0.,   0.,   2.,   3.,   0.],
        [  0., 275.,   0.,   2.,  11.,   1.,   0.,   0.,  16.,   0.],
        [  0., 251.,   0.,  27.,   0.,   0.,  18.,   7.,   5.,   0.],
        [243.,   0.,   0.,  40.,   3.,  27.,   0.,   1.,  19.,   8.],
        [  0.,   0.,   0.,   0.,  23.,   0., 235.,   2.,   0.,  28.],
        [  5.,   0.,  28.,  79.,   0., 187.,   0.,  55.,  20.,   0.],
        [ 23.,   0.,   0.,   0.,   0., 219.,   0.,   3.,   5.,   0.],
        [ 12.,   0.,   0.,  39.,   7., 202.,   0.,   1.,   6.,  28.],
        [  0.,   0.,   0.,   0.,  27.,   0., 254.,   6.,   2.,   0.],
        [  0.,   0.,  20.,   0.,   0.,   1.,   0.,  34.,  23., 223.],
        [  0.,   8.,  33.,   6.,  28.,  11.,   0., 273.,  24.,  34.],
        [  0.,   0.,   0.,   0.,   0.,   0.,   0., 280.,   9.,   2.],
        [  0.,   3.,   0.,  10.,   1.,   2.,   0.,   1., 242.,  42.],
        [ 35.,   0.,   0.,   9.,   0., 175.,   0.,   3.,   2.,   0.],
        [  0.,   0., 248.,   0.,  13.,   0.,   7.,   0.,   8.,   0.],
        [ 36.,   0.,   0.,   0.,   0.,   0., 273.,   1.,   4.,   0.],
        [  0.,   0.,   0., 118.,   2.,  30.,   0.,   8.,  28., 232.],
        [  0.,  11.,   0., 279.,   0.,   3.,   0.,   0.,  18.,   0.],
        [  0.,  90.,   0.,   0.,   0.,   7.,   0., 234.,  46.,   0.],
        [  0.,   1.,   3.,   0.,   1.,   2.,   0.,  18.,  28., 208.],
        [  0.,   3.,   0.,   0.,   0.,   0.,   0., 260.,   8.,   0.]],
       device='cuda:0')
Epoch 7 | Batch 300
tensor([[ 67.,   6.,   0.,   3.,   6.,  44., 265.,   0.,   2.,   0.],
        [  2.,   3.,   0.,  21.,   4.,   0.,   0., 228.,  30.,  30.],
        [  0.,  11.,   0.,  17.,  23.,   0.,   0., 254.,   7.,   7.],
        [ 10.,   0., 265.,   7.,   0.,   0.,   0.,   0.,   2.,   0.],
        [285.,   0.,  42.,  10.,   3.,   0.,   7.,   0.,  50.,   0.],
        [  2.,   3.,   1.,  17.,   3.,   5.,   0.,   0., 266.,  15.],
        [  0.,   1.,   0.,  11.,  11., 123.,   0.,   2., 264.,  16.],
        [  2.,   0.,   0.,   2.,   5.,   0.,   5., 255.,   0.,   1.],
        [  2.,   0.,   0.,   4.,  19.,   0.,   2.,  15.,   2., 273.],
        [265.,   0.,   0.,   2.,   2.,   0.,  51.,   3.,   4.,   0.],
        [  0.,   2., 273.,  41.,   2.,   0.,  17.,   0.,   1.,   0.],
        [280.,   0.,   5.,   3.,   1.,   0.,   9.,   0.,   2.,   0.],
        [101.,  93., 235.,  22.,   2.,   0.,   1.,   0.,  89.,   0.],
        [  1.,   2.,   1., 211.,   0.,   0.,   0.,  16.,   0.,   0.],
        [  0.,   0.,   0.,   1., 245.,   0.,  15.,  69.,   8.,  40.],
        [  0.,   0.,   0.,   6.,  29.,   0.,   0.,   3.,   3., 275.],
        [  0.,  10.,   0.,   2., 215.,   0.,  12.,   0.,   2.,   5.],
        [ 57.,  18.,   4.,   2.,   2.,   0., 246.,   0.,   6.,   0.],
        [  2.,   0.,   0.,  20.,   2., 249.,   0.,   0.,  24.,  52.],
        [ 73.,   0.,   0.,  15.,  36., 233.,   2.,   6.,   3.,  10.],
        [  0., 258.,   0.,   4.,   1.,   2.,   0.,   4.,  16.,   0.],
        [  0.,   0.,   0.,   0.,  36.,   0.,   1., 202.,   0.,   0.],
        [279.,   0.,   0.,   4.,   6.,   2.,  77.,  13.,  46.,   0.],
        [  0.,   0.,   0.,   5.,   4., 244.,   0.,   3.,   3.,  32.],
        [136.,   2., 207., 235.,   9.,   5.,   0.,   0.,   3.,   0.],
        [  0.,   0.,   0., 128.,   8.,   0.,   2.,   0.,   0.,   0.],
        [  1.,   2.,   0.,  10.,   5.,   0.,   0., 235.,   8.,  55.],
        [  0.,  56.,  14.,   5.,  11.,   0., 236.,   1.,   3.,   0.],
        [  3.,   2.,   0., 277.,   5.,  25.,   0.,   0.,  12.,   2.],
        [ 37.,   0.,   0.,  31.,  10., 126.,   0.,  40.,  43.,   1.],
        [  8.,   0.,   0., 202.,  51.,   1., 134.,   0.,   1.,   0.],
        [ 48.,   0.,   0.,   3.,  25.,   0.,   0., 247.,   0.,  77.],
        [  1.,   4., 273.,   5.,  46.,   0.,   1.,   0.,   1.,   0.],
        [  0.,  12.,   0.,   9.,  16.,   0.,   0., 222.,  17.,  57.],
        [268.,   0.,   0.,   8.,   3.,  25.,   0.,  46.,   3.,   1.],
        [  8.,   0.,   0.,  36.,   3., 240.,   0.,   0.,  19.,  34.],
        [  0., 226.,   3.,  13.,   2.,   0.,   1.,   0.,   4.,   0.],
        [  1.,   7.,   0.,   4.,   0.,  17.,   3.,   0., 248.,   8.],
        [  0.,   0.,  47.,   6.,  60.,   0., 214.,   0.,  22.,   0.],
        [  5.,   1.,   3.,   2.,  24.,  29., 264.,   0.,   1.,   0.],
        [ 15.,   0.,  18.,  10.,  84.,   0., 285.,   0.,   2.,   1.],
        [  5.,  12.,   0.,  14.,   1.,  23.,   0.,  28., 241.,   6.],
        [  1.,   0.,   0.,  10.,   3., 223.,   0.,   0.,  40.,   0.],
        [  1.,   1.,   0.,   4.,   4., 167.,   1.,   0.,  34.,   0.],
        [  0.,   0.,   5.,   4.,   8.,   0., 266.,   0.,   1.,   1.],
        [ 20.,   2.,   0.,   5.,   5., 157.,   0.,   0., 131.,   0.],
        [ 47.,   2.,  17.,   5.,   1., 234.,   0.,   0.,  66.,   0.],
        [  3.,   4.,   0.,  11., 280.,   0.,  51.,  83.,   7.,  12.],
        [  6.,   0., 246.,   2.,  11.,   0.,   0.,   0.,   0.,   0.],
        [  5.,   4., 281.,   6.,  43.,  11.,   5.,   0.,   1.,   0.],
        [  0.,   0.,   0.,   3., 249.,   3.,   5.,   7.,   6.,  16.],
        [  9.,   0.,   0., 239.,   3.,  74.,   0.,   0.,   6.,   0.],
        [250.,   0.,   0.,   9.,   1.,  23.,   2.,  52.,  94.,   2.],
        [  0.,   0.,   0.,   3., 246.,   0.,  69.,  10.,  11.,  77.],
        [  0.,  25.,   0.,  14.,   5.,   0.,   0., 230.,  30.,  16.],
        [233.,   0.,   0.,   5.,  26.,   0., 257.,   0.,   1.,   0.],
        [  0., 244.,   4.,  10.,   1.,   0.,   0.,   0.,   2.,   0.],
        [  2.,   0.,   0.,  43.,  14., 240.,   0.,   0.,  53.,  11.],
        [  0.,   0.,   0.,   0., 227.,   0.,   0.,  40.,   2.,  21.],
        [ 17.,   1.,   1.,   1.,  27.,   0., 255.,   0.,   1.,   0.],
        [ 15.,   5., 273.,   7.,  16.,   0.,  13.,   0.,   9.,   0.],
        [ 16.,   0.,   0., 228.,   4.,   0.,   0.,  64.,   1.,   0.],
        [  0., 236.,   5.,  33.,  15.,   0.,  23.,   0.,  11.,   0.],
        [  0.,   5., 286.,  37.,   3.,   0.,   9.,   0.,  23.,   0.]],
       device='cuda:0')
Epoch 7 | Batch 400
tensor([[  0.,   1.,  17.,   4.,   5.,   0.,   0., 263.,   2.,   5.],
        [  0., 249.,   0.,  22.,   2.,   0.,   1.,   2.,   2.,   0.],
        [  0., 270.,   0.,   7.,   4.,   0.,  13.,   3.,  19.,   0.],
        [  0.,   0.,   0.,   0.,   6.,  59.,   0., 213.,   1.,  43.],
        [ 17.,   0.,   7.,   9.,  19.,  64.,   0.,   8., 277.,   0.],
        [  0.,  19.,   0.,   1.,  26.,  14.,   0.,  19.,  26., 196.],
        [  0.,  54.,   2.,   2.,  21.,  11.,   0., 223.,   6.,   0.],
        [  0.,  15.,   2.,   3.,   3.,  19.,   0.,   5., 260.,  53.],
        [288.,   0.,  86.,  87.,   3.,   5.,   0.,   4.,   0.,  11.],
        [  1.,   0.,  20., 255.,   1.,   0.,   0.,  28., 116.,   0.],
        [  0.,  18.,  35., 273.,   0.,   0.,   0.,  13.,  31.,   0.],
        [ 14.,   3.,  48., 283.,   0.,  19.,   0.,  13.,  30.,   0.],
        [137.,   0., 245.,  15.,   9.,   0.,   1.,   5.,   0.,   0.],
        [121.,   0.,  17.,   2.,  18.,   0., 256.,   1.,   0.,   0.],
        [  1.,   0.,   2.,   3.,   5.,   0.,   0., 274.,   0.,   2.],
        [  0.,  81.,   6., 256.,   0.,   0.,   0.,   6.,   5.,   0.],
        [  2.,   0.,   1.,  41.,   4., 229.,   0.,   2.,   0.,   1.],
        [  0.,   6.,   0.,   1., 258.,  13.,   0.,  10.,  10.,  10.],
        [  0., 260.,   0.,   3.,   7.,   0.,   4.,   7.,   3.,   0.],
        [  0.,   6.,   0.,   0., 271.,  59.,   0.,  11.,   7.,   0.],
        [  0., 269.,   0.,   3.,   6.,   0.,  12.,   7.,  10.,   0.],
        [  3.,   0., 107.,  10.,   2.,   0.,   0.,  19.,  57.,   0.],
        [273.,   0.,   0.,   0.,  29.,   0.,  29.,  13.,   0.,   6.],
        [  0.,   0.,   0.,   2.,  43.,   8.,   0.,  12.,   7., 189.],
        [  0.,  55.,   1., 122.,   3.,   0.,  61.,  21.,   7.,   0.],
        [  1.,   0., 254.,   1.,  20.,   0.,  12., 130.,   0.,   0.],
        [  0., 267.,   0.,   8.,   1.,   0.,   4.,   1.,   8.,   0.],
        [  0., 264.,   1.,   4.,   6.,   0.,   9.,  35.,   4.,   0.],
        [  1.,   4.,   1.,   1.,   9.,  11.,   0., 282.,  12.,   0.],
        [  2.,  18., 234.,  21.,   2.,   0.,   3.,   2.,   1.,   0.],
        [  0., 257.,   0.,   6.,   5.,   0.,   7.,   1.,   7.,   0.],
        [ 69.,   0.,   4.,   2.,   4.,   0., 216.,   2.,   1.,  35.],
        [  0.,   7.,   1.,  44.,  33.,   3.,   0.,  80.,  15.,  12.],
        [  1.,  12., 271.,   5.,   2.,   0.,  70.,   4.,   2.,   0.],
        [252.,   0.,  15.,  11.,   0.,   0.,   0.,   6.,   1.,   0.],
        [  0.,   3.,   1.,   2.,   3., 223.,  28.,  11.,   8.,   0.],
        [  1.,   8., 130., 259.,   0.,   0.,   0.,  84.,   4.,   0.],
        [  5.,   3., 233.,   1.,  27.,   0.,   0.,   8.,   0.,   0.],
        [ 44.,   1., 291.,  76.,   3.,   0.,   1.,  35.,   0.,   0.],
        [  0.,  24.,   2.,   1.,   9.,   0.,   0., 256.,  16.,   3.],
        [  2.,   0., 255.,  11.,  15.,   0.,   5., 109.,   0.,   0.],
        [  0., 235.,   1.,  13.,   7.,   0.,  30.,   5.,   4.,   0.],
        [  1.,   0.,  27.,   4.,   3.,  28.,   1.,   6., 257.,   0.],
        [  0.,   0.,   0.,   1.,   7.,   8.,   0., 154.,   0.,  46.],
        [  0.,   0.,   0.,   2.,  55.,   0.,   5., 226.,  50.,   0.],
        [  0.,   7., 220.,   4.,   6.,   0.,  15.,  28.,   0.,   0.],
        [  0.,   0.,   0.,   0.,   6.,   0.,   0.,  23.,   5., 248.],
        [ 69.,   0.,  43.,  48.,   1., 237.,  34.,   1.,   0.,   0.],
        [ 27.,   0.,  16., 284.,   0.,  97.,   0.,   5.,   6.,   0.],
        [  0.,   1.,   6., 255.,   0.,   0.,  50.,  14.,  51.,   0.],
        [ 29.,   0.,  29.,   1.,  83.,   0., 267.,   0.,   0.,   0.],
        [  5.,   0.,   9.,  42.,   1., 228.,   0.,   0.,   9.,   0.],
        [  0., 249.,   1.,  12.,   2.,   0.,  26.,  15.,   1.,   0.],
        [  1.,   0.,   7.,   2.,  94.,   0., 271.,   0.,   0.,   0.],
        [ 86.,   0.,   0.,   4.,   8.,   0.,   0., 238.,  52.,   0.],
        [  0.,   0.,  39.,  25.,   2.,   0.,   0., 250.,   1.,  17.],
        [  1.,  55.,   2.,   8.,   1.,  32.,   0.,   8., 249.,   0.],
        [ 22.,   0.,   0.,   0.,   3., 203.,   2.,  29.,  31.,   2.],
        [ 58.,   0.,   3.,  78.,   0., 201.,   0.,   3.,  15.,   0.],
        [ 31.,   0.,  21., 277.,   0.,  32.,  18.,   6.,   1.,   0.],
        [  2.,   0.,   7.,   4.,   7.,   0.,   0.,  58.,  31., 260.],
        [  0.,   2.,   0.,   1.,   9.,   0.,   0., 254.,  11.,  14.],
        [ 41.,   0.,   4.,   0.,  18.,   0., 223.,   0.,   0.,  17.],
        [ 30.,   2.,   2.,   0.,  11.,   0., 211.,   0.,   0.,   0.]],
       device='cuda:0')
Epoch 7 | Batch 500
tensor([[  0.,   0., 127.,  11.,  92.,   7.,   0.,   0.,   0., 231.],
        [  0.,   0.,   1.,   5.,   0.,   0.,   0., 248.,   2.,  79.],
        [  0.,  35.,   4.,   1.,   0.,   0.,   0., 266.,  16.,  11.],
        [ 47.,   0.,  60.,   1.,   9.,   0.,   0.,   0.,   5., 263.],
        [  0.,   2.,   2.,   0.,   0.,   0.,   1.,  17.,   8., 242.],
        [  0., 220.,   0.,   0.,   0.,   0.,   0.,   0.,   0.,   0.],
        [  0.,   4.,   8.,   0.,   0.,   0.,   0., 255.,   0.,  45.],
        [  0.,  24.,   6.,   3.,   0.,   2.,   0., 270.,   3.,  35.],
        [201.,   0.,   1., 102.,   0.,   0.,   6.,   0.,   3.,  13.],
        [  1.,   0.,   1.,  99., 273.,   0.,   2.,  22.,   0.,   3.],
        [  3.,   0.,   0.,   3.,   0.,   4., 286.,   0.,   0.,   6.],
        [  0.,   0.,   0.,   1.,   0.,   0.,   0., 213.,  30.,   2.],
        [  0.,   0.,   0.,   0.,   0.,   7., 256.,   0.,   0.,   0.],
        [  0., 254.,   0.,   5.,   0.,   7.,   0.,   0.,   0.,   1.],
        [  0.,  45.,   0., 222.,  13.,   5.,   0.,  15.,  57.,   0.],
        [  0., 265.,   0.,   4.,   0.,  23.,   0.,  17.,   0.,   4.],
        [  0.,   0.,   2.,   6.,  17.,  11.,   0.,   0., 260.,   0.],
        [  6.,   0.,  61.,   0.,   1.,   0.,  21.,  15.,  15., 248.],
        [  1.,   2.,  49., 280.,  32.,   2.,   0., 144.,   0.,   0.],
        [  0.,   5.,   9.,   1.,   0.,   0.,   0., 266.,  52.,  10.],
        [ 12.,   0.,  25.,   9.,   9.,   0.,   3.,   7.,  40., 253.],
        [289.,   0.,   8.,  26.,   0.,   0.,  34.,   0.,   0.,   2.],
        [  0.,   3.,   0.,   2.,   0.,   2.,   0.,   0., 233.,   0.],
        [  0.,  61.,   4.,   0.,   0.,   0.,   0., 249.,   0.,  52.],
        [  2.,   0.,   0.,   0.,   0.,   1., 259.,   0.,   0.,   0.],
        [  0.,   0.,   0.,   3.,   8., 217.,   0.,   0.,  19.,   0.],
        [  0.,   7.,   0.,  31.,   0.,   2.,   0.,   0., 249.,   0.],
        [  0.,   0.,  57.,   0.,  19.,   4.,   0.,  16.,   0., 244.],
        [  0., 274.,   1.,   5.,   0.,  19.,   0.,  36.,   1.,   3.],
        [  0.,   0.,   1.,   6., 261.,   0.,   0.,  63.,   0.,   6.],
        [  0.,   0.,   1.,  21.,   2.,  19.,   0.,   1., 241.,   0.],
        [274.,   0.,   4.,  19.,   0.,   0.,  79.,   0.,   1.,  10.],
        [  0.,   0.,  46.,   0.,   0.,   1., 278.,   0.,   0.,  15.],
        [  0.,   3., 224.,   3.,   0.,   0.,   5.,   0.,   0.,   0.],
        [  0., 266.,   0.,   4.,   0.,  19.,   0.,  24.,   0.,   4.],
        [  0., 239.,   3.,   4.,   0.,   4.,   1.,   8.,   0.,   0.],
        [295.,   0.,   6.,  32.,   0.,   3.,   0.,   1.,   3.,   1.],
        [  0.,   1.,   0.,  61.,   0.,  17.,   0.,   2., 252.,   0.],
        [  0., 258.,   1.,   1.,   0.,   4.,   0.,  59.,   0.,   0.],
        [  0.,   0.,   2.,   6., 267.,   2.,   0.,   2.,   0.,   0.],
        [  0.,   0.,   0.,   1.,   0.,   3., 278.,   0.,   0.,   2.],
        [  4.,   0.,   3.,   3.,   0.,   1., 287.,   0.,   1.,   8.],
        [  0.,   2.,   7.,   4.,   0.,  14.,   0., 237.,  18.,  14.],
        [  3.,   0.,   1.,  19.,   8.,  36.,   0.,  18., 260.,   0.],
        [  0.,   0., 245.,   8.,  31.,   0.,   0.,   0.,   0.,   0.],
        [  0.,   1.,   0.,  11.,  35.,  21.,   0.,   0., 257.,   0.],
        [  3.,   0., 266.,  19.,   2.,   0.,   0.,   0.,   0.,   0.],
        [  0.,   0.,   1.,   2.,   1.,  19.,   0.,   0.,   5., 256.],
        [  8.,   0.,   2.,   5., 236.,   0.,   1.,   0.,   0.,  22.],
        [  0.,   7., 185.,   6.,   0.,   2.,   0.,   0.,  30.,   0.],
        [ 66.,   0.,   0.,  26.,   0., 247.,   1.,  29.,   3.,   0.],
        [  1.,   0.,  24.,   1.,   0.,   0.,   0., 272.,  42.,  27.],
        [  1.,   0.,   0.,  10.,   0.,   4.,   2.,   1., 282.,  12.],
        [  2.,  60.,  25., 233.,  67., 120.,   0.,   0.,   0.,   0.],
        [276.,   0.,   0., 100.,   0.,   1.,  30.,   0.,   0.,   0.],
        [  0., 258.,   0.,   3.,   0.,   6.,   0.,   0.,   0.,   2.],
        [  0.,  33.,   0.,   0.,   0.,   5., 255.,   0.,  13.,   0.],
        [  0.,  18.,   1.,  15.,   0.,  25.,   0.,  81.,   2., 247.],
        [284.,   0.,   5.,  30.,   0.,   1.,  14.,   0.,   0.,   0.],
        [ 14.,   2.,   0., 230.,   0.,  32.,   1.,   0.,   0.,   0.],
        [287.,   0.,   1.,  44.,   0.,   0., 118.,   0.,   2.,   0.],
        [  1.,   0.,   1.,  84.,   6.,  46.,   0.,  34.,   5., 220.],
        [  0.,   0.,   1.,  31.,  17.,   8.,   0.,  16.,   2., 266.],
        [  1.,   0.,   1.,   8.,   0.,   1., 283.,   0.,   0.,   0.]],
       device='cuda:0')
Epoch 7 | Batch 600
tensor([[ 24.,  59.,  74.,   1.,  68.,   0., 264.,   0.,   0.,   1.],
        [  0.,   7.,   4.,  18.,   3.,   0.,   0.,  37., 205.,  12.],
        [  0.,   1., 259.,   2.,   0.,   0.,   7.,   0.,   2.,   4.],
        [  0.,  12., 272.,   7.,   0.,   0.,   0.,  81.,   6.,   0.],
        [ 10.,   0.,   1.,   3.,   4.,   7.,   0., 241.,   0., 100.],
        [  0.,   0.,  34.,   1., 233.,   0.,   1.,   2.,   0.,   4.],
        [  0.,   0.,   3., 280.,   1.,   0.,   0.,  56.,   0.,   0.],
        [268.,   0.,  25.,   6.,   0.,  13.,   6.,   0.,   0.,   0.],
        [  0.,   0.,   2.,   0.,  25.,   0.,   0.,  23.,  16., 237.],
        [  0.,   0.,  18.,   0.,  37.,   0., 262.,   0.,   1.,   0.],
        [253.,   0.,   6.,   2.,   5.,  27.,  64.,   0.,   1.,   0.],
        [  0.,   3.,   1.,   0., 137.,   0.,   2.,   3.,   4.,  29.],
        [  0.,   3., 252.,   5.,   1.,   0.,   0.,  15.,  71.,   0.],
        [  0.,   0.,  16.,   0.,  10.,   0., 233.,   0.,   0.,  23.],
        [  0.,   0.,  16.,   2.,  15.,   0., 270.,   0.,   1.,   0.],
        [  0.,   0.,   5.,   0.,  10.,   0.,   0.,   7.,  14., 257.],
        [  1.,   0.,  11.,   0.,   3., 252.,   0.,   0.,   1.,   2.],
        [  0.,   0.,  26.,  13.,   5.,   0.,   0.,   0., 215.,   0.],
        [ 22.,   0.,  11.,   0.,   3.,   3.,   0.,  50., 275.,  27.],
        [  0.,  30.,   5., 247.,   1.,   2.,   0.,   0.,   6.,   4.],
        [  0.,   1.,   2., 272.,   1.,  12.,   0.,   5.,   2.,   0.],
        [  4.,   0., 265.,   0.,   1.,   0.,   0.,   0.,  16.,   0.],
        [  0.,   0.,   3., 261.,   2.,   4.,   0.,  23.,   0.,   0.],
        [292.,   0.,  39.,   0.,   8.,   4.,   2.,   0.,   0.,  12.],
        [  0.,   0.,   2.,   0.,   1.,   0.,   0., 237.,   1.,  42.],
        [  3.,  75., 285.,   0.,  34.,   0.,  17.,   0.,   5.,  37.],
        [  0.,   0.,   1.,  22.,   6.,   1.,   0.,   4.,   0., 232.],
        [  0.,   0.,  29.,   6.,   4.,   0.,   1.,   0., 224.,   4.],
        [  0.,   0.,   4.,   0., 243.,   0.,   0.,  38.,   2.,   7.],
        [  3.,   0., 275.,   0.,  24.,   4.,  43.,   0.,   0.,   8.],
        [  0.,   0.,  10.,   0., 274.,   1.,   0.,  67.,  50.,  16.],
        [  0.,   0.,  12.,  30.,   5.,   4.,   0.,   3., 206.,   0.],
        [  0.,   0.,   4.,   1.,   3.,   1.,   2.,   0.,  21., 222.],
        [  7.,   3.,   9., 291.,   4.,   7.,   0.,   0.,   0.,   1.],
        [  0.,   0.,  62.,   0.,  27.,   0., 274.,   0.,   3.,   1.],
        [  0.,   0.,   3.,   4.,   8.,  11.,   0., 233.,   4.,  58.],
        [274.,   0.,  52.,  28.,   0.,  96.,   0.,   0.,   0.,   0.],
        [  0.,   0.,  42.,   3.,   5.,   0., 264.,   0.,   0.,   1.],
        [  1.,   0.,   1.,  13.,  45.,   1.,   0., 169.,   0.,  32.],
        [  0.,   0.,   3.,   1.,  13.,  11.,   0.,   0.,   3., 250.],
        [  0.,   0.,   1.,   0.,   4.,   0.,   8.,   1.,   2., 242.],
        [  0.,   0.,   3.,   2.,   1.,   0.,   0., 257.,   1.,  11.],
        [296.,   0.,  12.,  10.,   3.,  40.,   0.,   0.,   1.,   5.],
        [  0.,   3.,   1.,   0.,   5.,   0.,   0.,   2.,  15., 168.],
        [252.,   0.,   8.,   2.,   0.,  92.,   2.,   0.,   0.,   0.],
        [  0.,   0.,   2.,   5.,   1., 253.,   0.,   0.,   5.,   1.],
        [  0., 241.,  37.,   0.,   0.,   0.,   0.,  14.,  20.,   1.],
        [  0.,   0.,   8.,   0., 232.,   0.,   0.,  20.,   6.,  31.],
        [  0.,   0.,   2.,   1.,   6.,   7.,   0.,   0.,   5., 253.],
        [  1.,   1.,  13.,   3.,   5.,   0.,   0.,   0., 251.,   5.],
        [  0., 266.,   5.,   7.,   0.,   0.,  25.,  16.,   6.,   4.],
        [  0., 257.,   3.,   7.,   0.,   7.,   0.,  60.,   2.,   2.],
        [  0.,   3.,   8., 270.,   3.,   2.,   0.,   0.,   3.,   1.],
        [ 17.,   1., 260.,   0.,   3.,   0.,   2.,   0.,   3.,  26.],
        [  0.,   0.,   6.,   0.,   4.,   2.,   0.,   3., 254.,  17.],
        [  1.,   0.,   9., 281.,   2., 140.,   0.,   0.,  17.,   3.],
        [290.,   0.,  11.,   6.,   2.,  14.,   0.,   0.,   0.,   2.],
        [285.,   0.,  20.,   3.,   1.,  46.,   0.,   6.,   0.,   5.],
        [  0.,   8.,  10.,   6.,   0.,   0., 251.,   0.,   1.,   1.],
        [  3.,   0., 215.,   0.,  46.,   0.,   4.,  29.,   0.,   5.],
        [  0.,   0.,   3.,   0.,  12.,   5.,   0.,   7.,  13., 211.],
        [  0.,   0.,   2.,  20.,  20., 221.,   0.,   0.,   0.,  15.],
        [  0.,   0.,   3.,  38.,   4.,   0., 253.,   0.,  37.,   0.],
        [ 45.,   0.,  11.,  22.,   3., 150.,  31.,   0.,   0.,   1.]],
       device='cuda:0')
Epoch 7 | Batch 700
tensor([[ 59.,   0.,   9., 265.,   0.,   8.,   0.,   0.,   9.,   0.],
        [  3.,  32.,   7., 258.,   2.,  15.,   0.,  48.,  11.,   0.],
        [  1.,   0.,   2.,   4.,  40.,  12.,   0.,   2., 237.,   4.],
        [  1.,   0.,   4.,   0., 234.,   0.,   0.,  64.,  28.,  13.],
        [  0.,   0.,   1.,  77.,   2.,   0.,   0., 255.,   0.,   0.],
        [  0.,   0.,   2.,  39.,   1.,   0.,   0., 218.,  20.,   0.],
        [  0.,   0.,   2.,   5.,  51.,  18.,   0.,   0.,   5., 226.],
        [ 82.,  19.,   7., 282.,   1.,   5.,   0.,  34.,   0.,   0.],
        [  0.,   0.,   1.,   1.,  16.,   2.,   0.,  13.,  73., 218.],
        [ 10.,   0.,  13.,  10.,   2.,  12.,   0.,  16., 251.,   0.],
        [291.,   0.,   2.,  41.,   4.,   0.,   0.,  76.,   1.,  54.],
        [ 46.,   0.,   2.,  50.,   0., 254.,   0.,   0.,  23.,   0.],
        [  0.,   1.,   2.,   1.,   9.,   0.,   0., 266.,  25.,   7.],
        [  5.,   0.,  34.,   3.,   1.,   6., 270.,   0.,   1.,  17.],
        [ 62.,   0.,  16.,   6.,   3., 245.,  16.,   0.,   7.,  15.],
        [  0., 260.,   3.,  57.,   0.,   7.,  12.,  71.,   1.,  27.],
        [  0., 257.,   3.,   9.,   0.,   3.,  31.,   0.,   6.,   0.],
        [ 37.,  91.,   2., 289.,   3.,   0.,   0.,   0.,   6.,   0.],
        [286.,   0.,   0.,   8.,   3.,   0.,   0.,   2.,  23.,  92.],
        [  0.,   2.,   0.,   3., 222.,  36.,   0.,  35.,  76.,   0.],
        [310.,   0.,   2.,   3.,   0.,  19.,  49.,   7.,   0.,   0.],
        [269.,   0.,   3.,  16.,  10.,   1.,   0.,   2., 123.,  18.],
        [  0.,   0.,   7.,  12., 235.,   0.,   0.,   2.,   3.,  33.],
        [  1.,   0.,   1.,   0.,   0., 171.,   0.,   0.,  22.,   0.],
        [  0.,   0.,   1.,   0.,   0.,   0., 181.,   0.,   0.,  38.],
        [  3.,   1.,   6.,   6.,   5.,  89.,   4.,   0., 258.,   0.],
        [  0.,   0.,  31.,   0.,   0.,   0., 261.,   0.,   9.,  64.],
        [  5.,   1.,   6.,   6.,  53.,  14.,   0.,  19., 265.,   0.],
        [  0.,   0.,   0.,   2.,   1.,   0.,   0., 237.,   0.,   0.],
        [176.,   0.,   0.,   1.,   0.,   1.,   0.,   0.,   0.,   0.],
        [ 22.,   0.,   3.,   1.,   0., 271.,   0.,   0.,  62.,   0.],
        [  0.,   0.,   0.,   0.,   3.,   0.,   0., 268.,   4.,   4.],
        [  6.,   0.,   5.,   3., 234.,   0.,   1.,   1.,   1.,  21.],
        [  0.,   0.,   9.,  11., 248.,   0.,   0.,   5.,   5., 104.],
        [  1.,   0.,   6.,   0.,   3.,   2.,   0.,   0., 243.,  68.],
        [ 41.,   0.,  60.,  16.,   6.,   0.,   0.,   0., 144.,   0.],
        [298.,   0.,   2.,   8.,   0.,  64.,   0.,  34.,   0.,  15.],
        [  3.,   4.,   7.,  17.,   9.,  22.,   5.,   0., 265.,   0.],
        [  0.,  52.,  37.,   2.,   0.,   0., 246.,   0.,   0.,  16.],
        [  0.,   0.,   2.,  14.,  27.,   0.,   0.,   0.,   3., 251.],
        [  0.,   0.,   2.,   5., 240.,   0.,   0.,   0.,   5.,  53.],
        [  0., 252.,   4.,   2.,   1.,   4., 153.,   0.,  12.,   2.],
        [  3.,  11.,   2., 246.,   1.,   2.,   0.,   2.,   2.,   0.],
        [  0.,   0.,  50.,   2., 243.,   2.,   0.,   4.,  74.,  24.],
        [  0.,   0.,  51.,   1., 231.,  14.,   0.,  14.,  15.,  87.],
        [  7.,   0.,   3.,   0.,   0.,  53.,   0.,   0., 229.,   0.],
        [  1.,  23.,  10.,   2., 255.,   2.,   0.,  13.,   0.,   4.],
        [  2.,  42., 256.,  15.,   0.,   0.,  12.,   0.,  25.,   0.],
        [  2.,   0.,  46.,   1., 236.,   0.,   0.,   0.,   0.,  11.],
        [  0.,   0.,   0.,  17.,   1.,   0.,   0., 261.,   0.,   0.],
        [  1.,   0.,   3.,  21.,  43.,   8.,   0.,  37., 229.,   0.],
        [  2.,  20.,  18., 216.,   0.,   0.,   0.,  11.,  48.,   0.],
        [  0., 225.,   5.,   6.,  22.,  27.,  33.,  35.,   0.,  10.],
        [  4., 110.,   0., 219.,   1.,   0.,  15.,   2.,   3.,   0.],
        [  1.,   0.,   6.,   1.,  14.,  56.,   0.,   0., 241.,   5.],
        [  0.,  12.,   2.,   2.,   3.,   0.,   0., 267.,   2.,   2.],
        [  0.,   0.,   7.,   1.,   2.,   0.,   0., 222.,   7.,   0.],
        [  6., 101.,  20.,   2.,   0.,   3., 247.,   0.,   0.,   0.],
        [  0., 256.,  14.,   3.,   1.,  10.,  35.,   0.,  44.,   0.],
        [  2.,  50., 277.,  28.,   0.,   1.,   0.,   0.,   9.,   0.],
        [295.,   0.,   0.,  12.,   0.,   0.,  22.,  20.,  12.,  34.],
        [  0.,   0.,   1.,  16.,   1.,  10.,   0.,  14.,   0., 207.],
        [ 95.,   0.,  11., 269.,   1.,   1.,   0.,   0.,   4.,   0.],
        [ 66.,   0.,  75., 258.,   1.,  57.,   0.,   0.,  28.,   0.]],
       device='cuda:0')
Epoch 7 | Batch 800
tensor([[ 58.,   0.,   2.,   0.,   0.,   0., 251.,   0.,   2.,  45.],
        [  0.,   3.,  26., 274.,   0.,   0.,   0.,   0.,   2.,   2.],
        [  0.,   0.,  92., 230.,   0.,   0.,   0.,   0.,   8.,   3.],
        [  2.,   0.,   0.,   5.,   0.,   0.,   7., 259.,   0.,   3.],
        [  0.,  19.,  11.,  84.,   0., 217.,   0.,   0.,  10.,   3.],
        [  0.,   0.,   2.,  25.,   0., 238.,   0.,   0.,   1.,   5.],
        [ 30.,   2.,   7.,   1.,   0.,   0., 262.,   0.,  12.,  11.],
        [ 19.,   0.,  56.,   0.,   0.,   4., 256.,   0.,   1.,   7.],
        [  0.,  50.,  64.,  23.,   0., 220.,   0.,   0.,  46.,   5.],
        [  0.,  25.,   5.,  11.,   0.,   0.,   0.,   0., 254.,   5.],
        [  0.,   8.,   6., 266.,   0.,   0.,   0.,  16.,   0.,   9.],
        [  0.,  68.,   1.,   0.,   0., 235.,   0.,   0.,   1.,   4.],
        [  0.,  87.,   2.,   5.,   0.,   0.,   4.,   0., 209.,   2.],
        [  0., 249.,   3.,  83.,   0.,   0.,   0.,   0., 108.,   4.],
        [  0.,   9.,   0.,   0.,   0.,   0.,   6.,   9.,  22., 127.],
        [274.,   0.,   1.,   1.,   0.,   2.,   0.,   0.,   3.,  70.],
        [  0.,   0.,   0.,   0.,  33.,   0.,   0.,   1.,   4., 231.],
        [  1.,   0., 282.,   2.,   0.,   0.,  16.,   0.,   1.,   2.],
        [  0.,  13.,   7., 255.,   3.,   0.,   0.,   0.,   0.,   2.],
        [267.,   0., 121.,   0.,   0.,  31.,  17.,   0.,   2.,   2.],
        [  0.,   1.,   2., 255.,   0.,   0.,   0.,   1.,   0.,  43.],
        [  0.,  84.,   2.,   6.,   0.,   0.,   0.,   0., 268.,   6.],
        [ 17.,   0.,   6.,   1.,  80.,   0.,   0.,  84.,   4., 267.],
        [ 14.,  12.,   2.,   3.,   0.,   7.,   0.,   0., 259.,  42.],
        [ 23.,   0.,   3.,   0.,   0.,   0., 253.,   0.,  59.,  19.],
        [  0.,   1., 221.,   5.,   0.,   0.,   0.,   0.,  19.,   1.],
        [  0.,   0.,   2.,   0.,  13., 244.,   2.,   0.,   2.,   1.],
        [  0.,   0.,   1.,   2.,  63., 226.,   0.,   0.,  33.,   2.],
        [275.,   0.,  16.,   3.,   0.,   0.,   0.,   3.,   3.,  19.],
        [  0.,   0.,   1.,   0., 220.,   0.,   0.,   0.,   3.,  60.],
        [255.,   1.,   4.,   2.,   0.,   0.,   0.,  68.,   3.,   7.],
        [  0.,   1.,   1.,   0.,  56.,   0.,   0.,  71.,   4., 243.],
        [  0.,   4.,   1., 183.,   0.,   0.,   0.,  26.,   0.,   4.],
        [  0.,   2.,   3.,  38.,   0.,   0.,   0., 263.,   1.,  12.],
        [  0.,   1.,  80., 264.,   0.,   0.,   0.,   0.,  93.,   4.],
        [ 17.,   0.,   7.,  97.,   0.,   0.,   0.,   0., 240.,   6.],
        [  0.,   0.,   1.,  11.,   6.,   2.,   0., 249.,   8.,  24.],
        [  0.,   0.,   3.,   0., 234.,   0.,   0.,   0.,   0.,  12.],
        [  0.,  34.,   1.,   3.,   0.,   0.,   0.,   0., 266.,   5.],
        [282.,   0.,  32.,   0.,   0., 111.,   0.,   0.,   2.,   2.],
        [100.,   0.,   8.,   0.,   0.,   0., 237.,   0.,   7.,   1.],
        [261.,   0.,   3.,   4.,   0.,   5.,   0.,   0.,   0.,   9.],
        [  0.,  29.,  10., 258.,   0.,   0.,   0.,   0.,   1.,   0.],
        [  0.,   7.,   1.,  31.,   0., 242.,   0.,   0.,   1.,  51.],
        [  0.,   0., 264.,  15.,   7.,   4.,   0.,   0.,   4.,  12.],
        [  0.,  40.,   4.,   4.,   0.,   0.,   0.,   0., 267.,   5.],
        [  0.,   0., 274.,   0.,   0.,   0.,   6.,   0.,  18.,   1.],
        [  0.,   0.,   0.,   1., 246.,   0.,   3.,   3.,   1.,  35.],
        [ 44.,  15., 250.,   6.,   0.,   0.,   0.,   0.,  43.,   0.],
        [  0.,  61., 145.,  22.,   0.,   0.,   0.,   0.,  81.,   0.],
        [  0.,   0.,  28.,  60.,   2.,   0.,   0., 208.,  61.,   6.],
        [  0.,   2.,   1.,  24.,   0., 226.,   0.,   0.,   1.,  30.],
        [  0.,   0.,   1.,   0., 237.,  21.,  22.,   0.,  22.,   4.],
        [ 21.,   0., 272.,   1.,   3.,  49.,   0.,   0.,  50.,   1.],
        [  0.,   0.,   2.,   0.,  34.,   0.,   9.,  73.,   1., 250.],
        [  0., 240.,  38.,  40.,   0.,   0.,   0.,  34.,   5.,   1.],
        [  0.,  34.,   2.,   7.,   0.,  10.,   0.,   0., 236.,  10.],
        [  0.,  37.,   2.,   0.,  81.,   0.,  12.,   0.,  55., 157.],
        [  0.,   6.,   6.,  18.,   0.,   0.,   0.,   0., 203.,   0.],
        [  0.,   0.,   3.,   0.,  43., 240.,   0.,   0.,   8.,   1.],
        [ 81.,   0.,  49.,   0.,   0.,  78., 207.,   0.,   1.,   8.],
        [  0.,   0.,   4.,   0., 243.,   0.,  29.,   8.,   1.,  79.],
        [258.,   0.,   9.,   1.,   0.,   0.,   0.,   0.,   1.,   3.],
        [ 91.,  54.,  13.,   1.,   0.,   0., 261.,   0.,   1.,  35.]],
       device='cuda:0')
Epoch 7 | Batch 900
Switching label layer to Inference Mode (LIF)...
Epoch 7 DONE | Test Acc: 69.92% | Time: 779.4s
Switching label layer back to Training Mode (Clamp)...
tensor([[ 11.,  11.,   0.,   0.,   0., 250.,   0.,   5.,  18.,   1.],
        [  0.,   3.,   0.,   2.,   0.,   4.,   0.,  25.,   4., 268.],
        [  3.,   8.,   3.,   4.,   0.,   1.,   0.,   5., 255.,  19.],
        [  1.,  29.,   5.,   0., 221.,   0.,  18.,  62.,   0.,  55.],
        [  2.,   6.,   1.,  26.,   0.,   0.,   0.,  17., 232.,   5.],
        [  0.,   1.,   0.,   0., 227.,   0.,  95.,   3.,   0.,  41.],
        [198.,   0.,   0.,  22.,  16.,   0.,   2.,   4.,   0.,   2.],
        [261.,   0.,   0.,   0.,   0.,  26.,  72.,   1.,   0.,   2.],
        [ 22.,  13.,   6.,  72.,   0.,   0.,   0.,   6., 263.,   9.],
        [  2.,   2.,   0.,   0., 251.,   0.,   1.,  76.,   6.,  66.],
        [ 43.,   8.,   1.,   2., 110., 241.,   0.,  75.,   0.,  47.],
        [ 14.,   1., 186.,   1.,   0.,   0.,   0.,   1.,   0.,   1.],
        [  2.,   9.,   1.,  30.,   3., 199.,  75.,   2.,   0.,   2.],
        [  4.,   7.,   3.,   0.,   0., 243.,   0.,   5.,  36.,   3.],
        [  1.,   3.,   0.,  15.,   0.,  16.,   0.,   3.,   0., 197.],
        [ 27.,   4.,  17.,   0.,   0.,   0., 255.,   0.,   0.,   5.],
        [ 60.,   5.,   0.,  10.,   0., 235.,   2.,   0.,   1.,   2.],
        [  2.,   4.,  10.,   0.,   0.,   0., 254.,   0.,   0.,   4.],
        [273.,   6.,   3.,   2.,   0.,   0.,   2.,   4.,   0.,   7.],
        [  8.,   2.,   0.,  15.,   0., 227.,   0.,   1.,   6.,   9.],
        [  0.,   5.,   0.,   1.,  15., 238.,   0.,   4.,  10.,   4.],
        [  2.,   9.,   1.,   1.,   0.,   0., 249.,   0.,   0.,   2.],
        [  6.,  11.,  27., 250.,   0.,   0.,   4.,   1.,   8.,   4.],
        [300.,   1.,   1.,  71.,   0.,   7.,  10.,   7.,   0.,   6.],
        [  2.,  15.,   0.,   0., 183.,  55.,   0.,  17., 117.,  23.],
        [  0.,  12.,   1.,   0.,   9.,   0.,   0., 258.,   0.,   4.],
        [  1.,   4.,   0.,   1., 238.,   0.,  13.,   7.,   0.,  65.],
        [  5.,  14., 219.,  31.,   0.,   0.,   2.,   0.,   0.,   1.],
        [  0.,   5.,   0.,   2.,   0.,   7.,   0.,   7.,   5., 265.],
        [  2.,   8., 263.,   9.,   0.,   0.,   5.,   5.,   0.,   2.],
        [  0.,   3.,   4.,   0., 229.,  25.,   0.,  45.,   0.,  16.],
        [  0.,   0.,   0.,   0.,   0.,  35.,   0.,  12.,  41., 253.],
        [268.,   4.,   0.,  39.,   0.,   0.,  25.,  28.,   0.,   2.],
        [  4.,  21.,   1.,   4., 210.,   4.,  88.,  13.,   0.,  51.],
        [  4.,   1.,  28.,   2.,   0.,   0., 284.,   3.,   0.,   3.],
        [  1.,   3.,   0.,  35., 256.,   0.,   7.,  17.,   0.,  66.],
        [ 57.,   7.,   1.,  23.,   0., 241.,   0.,   0.,  15.,   4.],
        [  0., 261.,   9.,   2.,  26.,  43.,   0.,  21.,   0.,   1.],
        [ 15.,  16.,   0.,   0.,   0.,  10., 207.,   0.,   1.,   2.],
        [  0.,   9.,   0.,   7.,   0.,   1.,  30.,   2., 216.,   1.],
        [  5.,   6.,   2.,   0.,   4.,   0., 200.,   9.,   0.,   5.],
        [  1.,   8.,  26., 267.,   0.,   0.,   0.,   1.,   0.,   2.],
        [  0., 271.,  12.,   3.,  12.,  32.,   1.,   9.,   0.,   0.],
        [  3.,  32.,   6.,   3.,   0.,   0., 269.,   4.,   0.,   4.],
        [ 26.,  13.,   3.,   3.,   0.,  25., 271.,   0.,   2.,  14.],
        [289.,   5.,   1.,   1.,   0.,  13.,   2.,  23.,   0.,   5.],
        [  0.,   7.,   0.,   0., 229.,  99.,   0.,  10.,   1.,  55.],
        [  7.,   8.,   6., 286.,   0.,  37.,   0.,   3.,   3.,   6.],
        [ 32.,  10.,  10., 284.,   3.,   2.,   0.,   2.,   1.,   9.],
        [ 25.,  98.,   0.,   0.,   0.,   5., 185.,   0.,   0.,   1.],
        [  1.,  22.,   0.,  11.,   0.,   0.,   0., 282.,   0.,  82.],
        [  1.,   0.,   0.,   6., 249.,  12.,  23.,   6.,   0.,  40.],
        [  1.,   9., 262.,  10.,   0.,   0.,   0.,   4.,  48.,   2.],
        [  1.,   3.,   5.,   3.,   0.,   0.,   0., 267.,   2.,  12.],
        [243.,   0.,  14.,  31.,   0.,  93.,   1.,  57.,   0.,   1.],
        [  0.,   2.,   0.,   0.,   0.,   0.,   9.,  39.,   0., 254.],
        [  2.,   3.,  36.,   0.,   0.,   0., 251.,   0.,   0.,   7.],
        [  0.,   7.,   5.,   5.,   2.,   0.,   0.,   1., 231.,   1.],
        [  0., 264.,   8.,   4.,  44.,  18.,   0.,  11.,   0.,   0.],
        [  0.,   4.,  75.,   4.,   3.,   0.,   0., 240.,  18.,   4.],
        [  1.,   5.,   0.,   6.,   0.,   0.,   0.,   0., 246.,   5.],
        [  2.,  28., 232.,   8.,   0.,   0.,   0.,   0.,  32.,   1.],
        [261.,   0.,   0.,  25.,   0., 117.,   0.,  59.,   0.,   1.],
        [  4.,   7.,   3., 278.,   0.,   1.,   0.,   3.,   8.,   7.]],
       device='cuda:0')
Epoch 8 | Batch 0
tensor([[  0.,   5.,   6.,  17.,   2.,   0.,   2.,   0., 257.,   5.],
        [  0., 272.,   0.,   1.,   0.,   4.,  14.,   0.,   3.,  28.],
        [  0.,   0.,   0.,  13.,  14.,   0.,   4.,   0.,   4., 256.],
        [  0.,   8.,   1.,   0.,   1.,   0., 235.,   0.,   0.,   0.],
        [  0.,   0., 264.,   0.,   1.,   0.,   7.,   0.,   0.,   0.],
        [  4.,   3., 255.,   0.,   1.,   0.,  22.,   0.,   0.,   0.],
        [  0.,   7.,   0.,  62., 144.,   0.,  12.,   0.,  34.,  36.],
        [  0.,   1.,   0., 103.,   0., 181.,   0.,   0.,  11.,   0.],
        [  0.,  20.,   0.,   1.,   0., 199.,   0.,   0.,  14.,   0.],
        [  0.,   1.,   0.,  31.,   0., 211.,   1.,   0.,   5.,   8.],
        [ 25.,   4.,   0.,   0., 241.,   0.,  20.,  74.,  21.,  27.],
        [  0.,   0.,   0.,   0.,   0., 204.,  28.,   0.,   4.,   0.],
        [  0., 272.,   0.,   0.,   0.,   0.,   5.,  15.,  15.,   6.],
        [  0.,   6., 133.,   1.,   0.,   0.,   0.,   0.,  18.,   0.],
        [ 10.,   8., 262.,   0.,   0.,   0.,   7.,   0.,   5.,   0.],
        [  1.,   0.,   2.,   0.,   0.,   0.,  14.,   0., 250.,   1.],
        [  0.,  36.,   0., 232.,   1.,   0.,   0.,   0.,  35.,   0.],
        [ 10.,   8.,   9.,   0.,   2.,   0., 169.,   0.,   0.,   1.],
        [  0.,   4.,   0.,   6.,   2.,   0.,   5.,   0.,  16., 246.],
        [  0.,   3.,   0.,   0.,   0., 187.,   2.,   0.,   0.,   0.],
        [  0., 272.,   0.,   0.,   0.,  18.,   4.,  11.,  12.,   7.],
        [  0.,   0., 201.,   6.,   3.,   0.,   5.,   0.,   3.,   0.],
        [  0., 279.,   0.,   0.,   0.,  24.,   2.,   0.,  11.,  10.],
        [  0.,   0.,  35.,   0., 237.,   0.,  85.,  36.,   1.,   0.],
        [  8.,   0.,   0.,   2., 279.,   0.,   8.,  27.,   1.,   3.],
        [  0.,   0.,   8.,   0.,  41.,   0., 257.,   0.,   0.,   0.],
        [  4.,   0.,   0.,   0.,  24.,   0.,   4.,   0.,   0., 237.],
        [  0.,   8.,   0.,   0.,   1.,   0.,   0.,   8., 280.,  27.],
        [  0.,   6.,  24.,   0.,  27.,   0., 268.,   0.,   0.,   0.],
        [  0.,   3.,   0.,   2.,   7.,   0.,   1.,   3.,  39., 248.],
        [  0.,   0.,   0.,   0.,   0., 205.,  68.,   0.,   7.,   0.],
        [  0., 273.,   0.,   0.,   0.,   5.,   6.,   0.,   6.,  15.],
        [  0.,   1.,   0.,  20.,  51.,  27.,   8.,   0.,   8., 256.],
        [  1.,  12.,   0.,   0.,   1.,   0.,   1.,   6., 256.,  17.],
        [  0.,  13.,  75., 226.,   1.,   0.,  15.,   0.,   3.,   0.],
        [  0.,   2.,   0.,   0.,   0., 154.,  10.,   0.,   5.,   0.],
        [251.,   1.,   1.,   0.,   1.,   0.,   0.,   0.,  77.,   0.],
        [  0.,   1.,   0.,  27.,   0.,   0.,   0., 272.,   0.,  13.],
        [  0.,   0.,   0.,  10.,  14.,   0.,   0.,   4.,  14., 247.],
        [  0., 274.,   0.,   0.,   0.,   0.,   5.,  14.,  18.,   9.],
        [  0.,   0.,   0.,   0.,   6.,   0.,   2.,   0.,   0., 219.],
        [  0.,   2., 263.,   0.,   1.,   0.,   5.,   0.,   0.,   0.],
        [  3.,   0.,   0.,   1., 238.,   0.,  71.,   0.,   0.,  13.],
        [  0.,   0.,   0., 127.,  53., 194.,   0.,   0.,  24.,   0.],
        [  0.,  18.,  77.,   0.,  17.,   0., 263.,   0.,   0.,   0.],
        [ 26.,   4.,   0.,   3.,   1.,   0.,   0.,   0., 279.,  23.],
        [  0.,   2.,   0.,  10.,   3.,   0.,   0., 253.,  17.,  24.],
        [ 29.,   4.,  13.,   0.,   0.,   4., 234.,   0.,  15.,   0.],
        [  0.,  19.,   0.,   0.,   0.,   0.,   0.,   0., 262.,   0.],
        [  0.,   0.,   0.,   7., 204.,   0.,   1.,   0.,   2.,   7.],
        [  0.,   8.,  21., 273.,   0.,  20.,   0.,   0.,   6.,   0.],
        [  0.,   4., 269.,   0.,  73.,  21.,  18.,   0.,   0.,   0.],
        [  0.,  12.,   0.,   0.,   0.,   0.,   4.,   0., 261.,   0.],
        [  0.,   3.,  15.,   0.,   4.,   0., 262.,   0.,   0.,   0.],
        [ 12.,   1.,  31.,   0.,  47.,   0., 283.,   0.,   0.,   0.],
        [  7.,   0.,   3.,   0., 273.,   0.,  72.,   0.,   0.,   0.],
        [ 53.,   3.,   0.,   0.,   0.,   0.,   0.,   0., 266.,   0.],
        [ 10.,   3.,   0., 270.,   0.,   0.,   0.,   0.,   6.,   0.],
        [  0.,   0.,   0.,  72., 254.,   0.,   5.,  50.,   5.,  21.],
        [  5.,   0.,   0.,   0.,   9.,   0.,  52.,  33.,   0., 235.],
        [  0.,  11.,   0.,   5., 235.,   0.,   3.,  64.,   1.,  12.],
        [  0.,   1.,   3., 202.,   0.,   7.,   0.,  35.,  31.,   0.],
        [  0.,   0., 191.,   0.,   4.,   0.,  14.,   0.,   0.,   0.],
        [250.,   0.,   2.,   0.,   0.,   0.,   0.,   0.,   0.,   0.]],
       device='cuda:0')
Epoch 8 | Batch 100
tensor([[291.,   2.,   3.,   1.,   6.,   2.,  59.,   0.,   3.,   0.],
        [  0.,   0.,   1.,   0.,  20.,   0.,   0., 244.,   1., 102.],
        [  1.,   0., 270.,   2.,   3.,   0.,   6.,   6.,   0.,   0.],
        [237.,   3.,  16.,   5.,  10.,   0.,   3.,   5.,  12.,   0.],
        [  3.,  75.,   5.,  13.,   1., 254.,   0.,   4.,   3.,   0.],
        [  5.,   4., 293.,   7.,   4.,   0.,  83.,   2.,   0.,   0.],
        [  0., 273.,  13.,   2.,   2.,   0.,   0.,  47.,   4.,   3.],
        [  0.,   0.,   4.,   8.,  24.,   0.,   0.,  52.,   5., 264.],
        [  0., 282.,  28.,   2.,   3.,   0.,   0.,  24.,  34.,   0.],
        [ 29.,   0.,   1.,   6.,   4., 192.,   0.,  26.,   0.,   0.],
        [ 34.,  29.,   2.,   4.,   3., 247.,  23.,   3.,   0.,   0.],
        [  0.,   4.,   2.,   3.,  32.,  64.,   0.,  36.,   2., 253.],
        [  0.,   0.,   0.,  99., 210.,   2.,   1.,  22.,   4.,  36.],
        [  0.,   4.,   2.,   0.,   7.,   0.,   0., 258.,  27.,  31.],
        [  0., 276.,   9.,   1.,   3.,   0.,   0.,   5.,  10.,   0.],
        [  0.,  60., 230.,   0.,   0.,  11.,   0.,  46.,   0.,   0.],
        [274.,   2.,  13.,  32.,   0.,   0.,  18.,   0.,   2.,   0.],
        [  0., 280.,  18.,   1.,   3.,  12.,   0.,  31.,   9.,   0.],
        [290.,  45.,   1.,   2.,   7.,  52.,   9.,   0.,   9.,   0.],
        [  0.,   1., 264.,   5.,   2.,  22.,  31.,   2.,   0.,   0.],
        [  4.,   0.,   8.,   0., 155.,   0.,  52.,   5.,   0.,   5.],
        [  2.,   4.,  14.,   1.,   4.,   0., 273.,   3.,   0.,   0.],
        [  3.,   0.,  86.,   1.,   7.,   0.,  21., 126.,  52.,  31.],
        [  0.,   1.,   1.,  12.,   0., 205.,   3.,   1.,   0.,   0.],
        [  0.,   0.,   3.,   2.,   6.,   0.,   0., 238.,   0.,   0.],
        [  0.,   6.,  86.,   0.,  60.,   0., 279.,   0.,   0.,   0.],
        [  0.,   0.,   2.,  14.,  20.,   0.,   1.,  11.,   1., 250.],
        [ 81.,   9.,   9., 275.,   1.,   6.,   0.,   1.,   0.,   0.],
        [255.,   0.,   6.,   0.,   0.,   0.,   0.,  39.,   0.,  43.],
        [  0.,   8.,   5.,   2.,  23.,   0., 244.,   2.,   0.,   0.],
        [  0.,  35.,   3.,   0.,  23., 169.,   1.,   1.,   2.,   0.],
        [  0.,  11.,   5., 276.,   5.,   0.,   1.,  12.,   0.,   0.],
        [270.,   0.,  40.,   1.,   1.,   0.,  20.,   2.,  40.,   0.],
        [  0., 279.,  16.,   5.,   1.,   7.,   0.,  55.,   4.,   0.],
        [  0.,   0.,   1.,   3.,  17.,   0.,   0., 224.,   8.,  10.],
        [ 22.,   5.,  10.,   2.,  13.,   0., 241.,   5.,   0.,   0.],
        [  0.,   0.,  17.,   1.,  11.,   0.,   1.,  59.,   3., 169.],
        [292.,   0.,   8.,   1.,   2.,   0.,  86.,   1.,   1.,   0.],
        [  0.,  54.,  16.,  15.,   3.,   0.,   0.,   8., 219.,   0.],
        [  0.,   0.,   4.,   2.,  11.,   0.,   0., 239.,   1.,  11.],
        [  0.,   3.,  13.,   1.,  35.,   0., 272.,  27.,   0.,   0.],
        [  1.,   2.,   8., 270.,   1.,   2.,   0.,   6.,   0.,  18.],
        [  0.,  93.,   7.,   3.,   3.,   0., 254.,   0.,   1.,   0.],
        [  0.,   0.,   0.,  14., 253.,  13.,  15.,  18.,   3.,  42.],
        [  0.,   1.,  19.,   0.,   6.,   0., 263.,  14.,   0.,   0.],
        [290.,   0.,  27.,   1.,   3.,   0.,  32.,   0.,   0.,   0.],
        [  0.,   0.,   8.,  23.,  68.,   0.,  17.,   5.,   5., 239.],
        [  7.,   1.,   9.,  50., 208.,   0.,  12.,  11.,   1.,  37.],
        [  0.,  20.,   8., 268.,   0.,   3.,   0.,   5.,   0.,   0.],
        [  0.,   0.,   0.,   0., 235.,   0., 110.,  11.,   2.,  59.],
        [  0.,   0.,   3.,   0.,   9.,  14.,   0., 247.,   4.,  37.],
        [  1.,   5., 281.,   9.,   4.,   0.,  42.,   5.,   0.,   0.],
        [ 15.,   8.,   4.,   4.,   5., 256.,   0.,   2.,  43.,   0.],
        [ 15.,   0.,   5., 263.,   0.,   0.,   0.,   7.,   0.,   0.],
        [  0.,   1., 273.,   5.,   0.,   0.,   3.,  54.,   0.,   0.],
        [  1.,   4.,   3., 274.,   0.,   5.,   0.,   3.,   0.,   0.],
        [  0.,   0.,   0.,   0., 237.,   0.,  34.,   3.,   2.,   3.],
        [ 27.,   7.,   1.,   3.,  20., 221.,   0.,   6., 120.,  43.],
        [ 16.,   9.,   9., 217.,   1.,   0.,   6.,  13.,   1.,   0.],
        [  0., 283.,  15.,   4.,   4.,   6.,   0.,  46.,   7.,   0.],
        [  0.,  14.,   2.,   0.,   7., 210.,   0.,   3.,  61.,   1.],
        [  1.,  10.,  47., 279.,   1.,  18.,   0.,   4.,   5.,   0.],
        [  0., 277.,  17.,   5.,   1.,  15.,   1.,  61.,   3.,   0.],
        [  0.,   0.,   0.,   9., 252.,   1.,  22.,   9.,   9., 127.]],
       device='cuda:0')
Epoch 8 | Batch 200
tensor([[  0.,   0.,   3.,  84.,  18., 139.,  23.,   0.,   3.,  39.],
        [  0.,   0.,   0.,   1., 192.,   1.,   4.,   2.,   1.,  43.],
        [ 34.,   0.,  49.,   0.,   0.,   0., 239.,   0.,   0.,   0.],
        [  0., 273.,   2.,   0.,  70.,   0.,   1.,   0.,   2.,   3.],
        [288.,   0.,  35.,   1.,   0.,   3.,  40.,   0.,   3.,   1.],
        [ 15.,   0.,   0.,   2.,   1.,   0.,  37.,   9.,   5., 253.],
        [  4.,   0.,  27.,   0.,   0.,   0., 266.,   0.,  23.,   0.],
        [  0.,   0.,   0.,   1., 223.,   8.,   5.,  95.,  36.,  14.],
        [  2.,   0.,   0.,   6.,   8.,   0.,   5., 263.,   0.,   1.],
        [  0.,   0.,   0.,   7., 199.,  15.,  10.,  28.,   9.,  45.],
        [  0.,  16.,  25.,   6.,   0., 232.,  13.,   0.,   0.,   0.],
        [ 23.,  29.,   2., 266.,   0.,   0.,   0.,  10.,   1.,   0.],
        [  0.,   3.,   0.,   3.,   0.,   1.,   4.,   0., 232.,  19.],
        [  0., 276.,   2.,   1.,   0.,   0.,   1.,   0.,   1.,   3.],
        [  0.,   0.,   0.,   4.,   0.,   0.,  10.,   0.,   2., 258.],
        [ 28.,   0.,   0.,  16.,   0.,  11.,   4., 280.,   1.,   4.],
        [  0.,   0.,   0.,  12.,   0., 239.,   5.,   0.,   3.,   0.],
        [  0.,  37.,   0.,   0., 214.,   0.,  22.,   0.,   3.,   2.],
        [ 25.,   0.,   0.,   1., 241.,   1.,  23., 120.,  24.,  40.],
        [  0.,   1.,   0.,   0.,  18.,   0.,   0., 193.,   0.,   1.],
        [ 22.,  15.,  10., 244.,   0.,   0.,  15.,  40.,   1.,  20.],
        [  4.,   0.,   5.,   0.,   0.,   0., 266.,   0.,  14.,   0.],
        [  0.,   0.,   0.,   9.,   0.,   0.,   2., 256.,   0.,   1.],
        [  0.,  19., 269.,   0.,   0.,   0.,  11.,   0.,   8.,   0.],
        [  0.,   0.,   0.,   5.,   0.,   0.,  13.,   4.,  15., 251.],
        [253.,   0.,  56.,   1.,   0.,   0.,   7.,   0.,   3.,   0.],
        [  0.,   1.,   0.,   0.,   0.,   0.,  12.,   4.,  29., 195.],
        [  0.,   3., 258.,  10.,  21.,   0.,   2.,   0.,  82.,   0.],
        [  0., 265.,   7.,   2.,   0.,  49.,   3.,   0.,   1.,   0.],
        [  5.,   1.,   3.,   0.,   0.,  29.,  10., 253.,   0.,  21.],
        [  0.,   0.,   0.,   3.,   0.,   0.,   8., 119.,   3., 137.],
        [  0.,   5.,   0.,  60.,   0.,   5.,   2., 251.,   0.,   3.],
        [  0.,   6.,  16., 257.,   0.,   0.,   9.,   0.,   1.,   0.],
        [  0.,  32.,   0.,   0.,  15.,   0., 224.,   0.,   8.,   0.],
        [  0.,   0.,   0.,  11.,   0.,   0.,   8.,  10.,   4., 261.],
        [  0.,  97.,   3.,   7.,   0., 226.,   1.,   0.,   1.,   0.],
        [  0.,  45., 219.,   9.,  20.,   0.,  47.,   0.,   0.,  11.],
        [  0.,  15.,   0.,   0.,   0., 268.,  17.,   0.,   1.,   0.],
        [  0.,  33.,   0.,  12.,   0., 251.,   4.,   5.,   0.,   2.],
        [ 51.,   0.,  15.,   0.,   4.,  58., 144.,   1., 249.,  15.],
        [  0., 266.,   9.,   0.,  25.,   0.,   1.,   0.,  10.,   2.],
        [  0.,  20., 268.,  13.,  20.,   1.,  17.,   0.,  13.,   0.],
        [  0.,   0.,  26.,   2.,   0.,   0., 272.,   0.,   5.,   0.],
        [  2.,   9.,  54., 245.,   0.,   0.,   7.,   0.,   1.,   0.],
        [  0.,   0.,   4.,   3.,   0.,   2.,   7.,   0., 256.,   0.],
        [ 36.,   1.,   0., 281.,   0.,   0.,   1.,  26.,   0.,  11.],
        [275.,   0.,   0.,   9.,   0.,  12.,   3.,   8.,   0.,   0.],
        [ 27.,   0.,  17.,   0.,   0.,   0., 286.,   0.,   0.,   0.],
        [  0.,   1.,   2.,   0.,   0.,  21.,  13.,   0., 212.,   2.],
        [  0.,   3.,   8., 276.,   0.,   0.,   8.,   0.,   1.,   0.],
        [284.,   6.,   0.,   2.,   0.,  42.,   2.,   0.,   0.,   0.],
        [  0.,   0.,  22.,   0.,   0.,   0., 228.,   7.,  73.,   4.],
        [  0.,  19.,   0., 257.,   0.,   0.,   2.,  26.,   3.,  29.],
        [  0.,  46.,   1.,  46.,   5.,   0.,   2., 240.,   0.,  16.],
        [  0.,   0.,  15.,   3.,   0.,  12.,   8., 264.,   9.,  14.],
        [  0.,   0.,   0.,   2.,   5.,   0.,   7.,   0.,   2., 260.],
        [  0., 262.,   2.,   0.,  68.,   0.,   0.,   9.,   1.,   2.],
        [  0.,   0.,   0.,   6.,   0.,   6.,   2., 241.,   1.,   5.],
        [  0.,   0.,   0.,   1.,   0.,   0.,   4.,   0.,   2., 258.],
        [ 24.,   0.,   1.,   0.,   0.,   0., 282.,   0., 106.,   0.],
        [289.,   0.,  16.,  44.,   0.,  46.,  31.,   0.,   0.,   0.],
        [  0.,  11.,   8.,  17.,   0., 264.,  10.,   0.,   4.,   0.],
        [  0.,   3.,   0., 270.,   0.,   0.,   0.,   0.,  29.,  24.],
        [  0., 280.,   2.,   0.,  25.,   0.,   1.,   1.,   2.,   8.]],
       device='cuda:0')
Epoch 8 | Batch 300
tensor([[286.,   0.,   3.,   0.,   0.,  54.,   5.,   0.,   0.,   0.],
        [  0.,   0.,   0., 238.,   0.,  10.,   0.,   0.,  14.,   0.],
        [ 28.,   0.,  13.,   0.,   7.,   0., 253.,   0.,   0.,   0.],
        [  3.,   2.,  25.,   0.,   0., 114.,   0.,   0.,  54.,   0.],
        [  0.,  71.,  12., 165.,   0.,  23.,   0.,   0.,   0.,  28.],
        [  1.,   6.,  11.,   0.,   0.,   0.,  13.,   0., 220.,   0.],
        [215.,   0.,   0.,   0.,  52.,  26.,  57.,   0.,   0.,   0.],
        [  0.,   1.,   1.,   0.,   0.,  16.,   0.,   0., 195.,  15.],
        [ 23.,  28., 248.,   1.,   0.,   0.,   2.,   0.,  48.,   0.],
        [ 49.,  34.,   0.,   0.,   0.,   0.,   0., 278.,   6.,  19.],
        [  1.,   1.,   4.,   0.,   2.,   0., 219.,   0.,   0.,   0.],
        [  0.,   1.,  30.,   0.,   5.,   0.,  12., 253.,  12.,   2.],
        [  0.,  34., 269.,   0.,   0.,   0.,   8.,   0.,  45.,   0.],
        [ 17.,   0.,  39.,   0.,  16.,   0., 270.,   0.,   0.,   0.],
        [  0.,   1.,   3.,   0.,   0.,   0.,   0., 259.,  13.,  30.],
        [ 21.,   2.,   0.,  68.,   0., 245.,   0.,   0.,   6.,   0.],
        [  8.,   0.,   6.,   0., 252.,   0.,  46.,  25.,  15.,   0.],
        [261.,   0.,   0.,   0.,   0.,  30.,   2.,   0.,  54.,   0.],
        [  9.,   0., 291.,   0.,   0.,   0.,  26.,   0.,   0.,   0.],
        [  0., 262.,   3.,   0.,   0.,   0.,   2.,   0.,   0.,   0.],
        [  1.,   0.,   1.,   0., 225.,   0.,  88.,  14.,   0.,  70.],
        [ 51.,   2.,  16.,   0.,  24.,   0., 240.,   0.,   0.,   0.],
        [  1.,  17.,  71.,   0.,  11.,  50., 167.,   0.,  43.,   0.],
        [  2., 239.,   3.,   5.,   0.,  12.,   1.,   0.,  42.,   0.],
        [  0., 242.,   0.,   1.,   1.,   4.,   2.,   0.,   8.,   0.],
        [  0.,   0.,  29.,   0., 234.,   0.,   8.,  46.,   5.,   0.],
        [  2.,  40.,   0.,   0.,   0., 215.,   0.,   0.,   0.,   0.],
        [  0.,   0.,  58.,   1.,  16.,   0.,  14.,   0.,   0., 198.],
        [ 62.,   4.,   1.,   0.,   0.,   3.,   0., 284.,  23.,  65.],
        [  0.,   0.,   0.,  72.,   0., 265.,   0.,   0.,  51.,  77.],
        [  3.,  74.,   1.,   0.,   0., 258.,   0.,   0.,  63.,   0.],
        [ 24.,  13.,   9.,  10.,   6.,   0., 224.,   0.,   0.,   0.],
        [  0., 255.,   0.,   0.,   0.,   0.,   0.,   0.,   0.,   0.],
        [  0.,   1.,   2.,   0.,  43., 122.,   1.,   0., 238.,   0.],
        [  0.,  17.,   3., 257.,   0.,  12.,   0.,   0.,   0.,   0.],
        [  1.,   5.,   2., 274.,   0.,  12.,   0.,   0.,  86.,   0.],
        [ 12.,   0.,  19.,   0.,  19.,   0., 286.,   0.,   0.,   0.],
        [ 21.,   0.,   2.,   0.,   0.,  58.,  10.,  37.,   1., 269.],
        [  1.,  16., 256.,   0.,   0.,   0.,  61.,   0.,   0.,   0.],
        [  8.,   0.,  23.,   0.,   0.,   0., 289.,   0.,   0.,   0.],
        [  0.,   0.,   0.,  16.,   0., 238.,   0.,   1.,   6.,   0.],
        [  2.,   0.,   0.,  27.,  34., 258.,   0.,   0.,   0.,   0.],
        [  1.,   1.,   1.,   0.,   0.,  13.,   4.,   6., 253.,   4.],
        [  2.,  20.,  80.,   0.,   0.,   5.,   0., 208.,  26.,  65.],
        [  0.,  16., 246.,  66.,   0.,  33.,   0.,   0.,   1.,   0.],
        [  1.,   1.,   0.,   6.,  15., 268.,   0.,   0.,  13.,   0.],
        [  8.,  14.,   4.,   0.,   0., 257.,  20.,   0.,   0.,   0.],
        [  4.,  58., 282.,   0., 101.,   0.,  83.,   0.,   0.,   0.],
        [  0.,   3.,   0.,   0.,   0.,  22.,   1.,   0., 224.,   0.],
        [  0., 256.,   2.,   0.,   0.,   0.,   0.,   0.,   0.,   0.],
        [ 18.,   0.,   0.,  15.,   0., 253.,   0.,   0.,  39.,   0.],
        [  0.,   0.,   2.,   0.,  23.,   0.,   0., 239.,  33.,  11.],
        [  0.,   0.,   4.,   0.,   0.,   0.,   1.,  29.,   1., 255.],
        [  0., 264.,   0.,   0.,   0.,   0.,   1.,   0.,   0.,   0.],
        [  6.,   0., 298.,   0.,   0.,   0.,  21.,  23.,  35.,   0.],
        [122.,   0.,   0.,  52.,  71.,   3.,   0., 260.,  49.,  68.],
        [  2.,   5.,  36.,   0.,   0.,  47.,   1.,   0.,  66.,   0.],
        [ 23.,   1.,  44.,   0.,   0.,   0., 252.,   0.,   0.,   0.],
        [  5.,   1.,   9.,   0.,  11.,   0., 213.,   5.,   0.,   0.],
        [  3.,   2., 269.,   0.,   6.,   0.,  11.,   0.,   0.,   0.],
        [  5.,   0.,   3.,   0., 243.,   0.,  19.,   5.,   0.,  40.],
        [  1.,   0.,   4.,   0.,   1.,   0., 246.,   0.,   0.,   0.],
        [  0.,   3.,   3., 272.,  22.,  26.,   0.,   0.,  10.,   0.],
        [  3.,  54.,   1.,   0.,   1.,  75.,  12.,   5., 216., 107.]],
       device='cuda:0')
Epoch 8 | Batch 400
tensor([[ 43.,   0.,  20.,   0.,   0.,   0., 227.,   0.,   0.,   3.],
        [  5.,   5.,  31.,   3.,   0.,   0., 273.,   0.,  65.,   5.],
        [  0.,   0., 268.,   6.,   6.,   0.,   0.,   0.,   2.,   1.],
        [  0.,   3., 194.,   0.,  76.,   0.,   1.,   0.,   4.,   7.],
        [  0.,   0.,  16.,  45., 234.,   0.,   0.,   1.,   7.,  17.],
        [ 43.,   0.,  11.,  43.,  10.,  31.,   3.,   0., 252.,   3.],
        [  0.,   0.,   6.,  77., 259.,   0.,   2.,   3.,  10.,  87.],
        [  0.,   0.,   3.,  57., 254.,   0.,   1.,   0.,   5.,  51.],
        [ 18.,  21., 263.,   0.,   0.,   0.,   1.,   4.,   7.,   3.],
        [ 29.,   0., 103.,   5.,   0.,  32., 262.,   0.,  15.,   1.],
        [  0.,  28.,  10., 243.,  21.,   0.,   2.,   3.,  37.,  95.],
        [271.,   0.,   1.,  28.,   0.,   9.,   1.,   0.,   5.,   0.],
        [  1.,   0.,   3.,  97.,   0., 258.,  17.,   3.,   6.,   3.],
        [  0.,  50.,   6.,   1.,   0.,   0.,   0., 262.,   0.,  43.],
        [  0.,   0.,   1., 263.,   0.,  10.,  46.,  80.,  24.,   0.],
        [  8.,   8.,   6.,   7.,   0., 219.,   1.,   0.,   0.,   0.],
        [  0.,  33.,   5.,   0.,   0.,   0.,   0., 254.,   0.,  46.],
        [ 97.,  15.,   3.,   0.,   0., 218.,   0.,   0.,   0.,   0.],
        [  0.,   1.,   6.,  10.,   2., 206.,   0.,   0.,   1.,   5.],
        [  0., 271.,   2.,   1.,   0.,   0.,   4.,   4.,   0.,   8.],
        [  0.,   3.,   6.,   1.,   0.,   2.,   3.,   0., 256.,  37.],
        [  0.,   3.,   1.,   0.,   0.,   0.,   1.,  24.,  17., 270.],
        [  1., 222.,  72.,   1.,   0.,  18.,  31.,   5.,   0.,   2.],
        [  3.,   0.,  15., 280.,   0.,   3.,   5.,   1.,  86.,   0.],
        [  0.,   3.,   1.,   0.,  81.,  33.,   5.,   1.,   3., 217.],
        [  0.,  30.,   3., 275.,  20.,   1.,  30.,   2.,   5.,   0.],
        [ 12.,   0.,   2.,  43.,   0., 230.,   8.,   0.,   2.,   0.],
        [  3.,   0.,  37.,  32.,  14.,   3.,   2.,   0., 267.,   3.],
        [  0.,  28.,   3.,  18.,   0.,  33.,   3.,   0., 203.,   2.],
        [  0.,  62.,   5.,   1., 238.,   9.,   3.,   4.,   0.,  81.],
        [  0.,   1.,  10.,   0.,   0.,   5.,   5.,   2., 239.,  69.],
        [  0.,   5.,  27.,   1.,   0.,   0., 219.,   0.,  36.,   3.],
        [  0., 262.,   5.,   6.,  14.,   0.,   1.,   3.,  20.,   4.],
        [  0.,   0.,   8.,   7., 232.,   0.,   1.,  13.,   0.,  29.],
        [  0.,  23.,   3.,   0.,   0.,   8.,   5.,   2., 234.,  72.],
        [  0.,   0.,   8.,   1.,   8.,   0.,   3.,   1.,  16., 254.],
        [ 49.,   1.,   6.,   0.,   0.,   0.,   0., 258.,  37.,  27.],
        [294.,   0.,  10.,   0.,   0.,   0.,   5.,   2.,   0.,   1.],
        [  0.,   4.,   1.,   2., 223.,   1.,   1.,   0.,   0.,  41.],
        [ 11.,  18.,   0.,   0.,   0., 223.,   0.,   0.,   0.,   0.],
        [  0.,   0.,   4.,  44., 251.,   2.,   1.,   0.,   3.,  68.],
        [  0., 273.,   5.,   0.,   0.,   0.,   4.,   1.,   0.,   8.],
        [  0.,   0.,   6.,  71., 236.,   0.,   0.,   1.,  17.,   5.],
        [  0.,   0.,   3.,   1.,  16.,  33.,   0., 239.,   2.,  38.],
        [109.,  28.,   7.,   0.,   4.,   0.,   0., 234., 100.,  16.],
        [  0.,   2., 214.,   0.,   0.,   0.,   0.,   1.,   0.,   1.],
        [  0.,   2.,   1.,   0.,   0., 215.,   4.,   0.,   1.,  14.],
        [  0.,   0.,  16.,   6.,  23.,   0.,   4.,   8.,  46., 231.],
        [  0., 268.,   2.,   1.,   0.,   0.,   1.,   4.,   0.,  18.],
        [  0., 269.,   3.,   1.,   0.,   0.,   3.,   0.,  46.,   8.],
        [  7.,   0.,  17.,   1.,  48.,   2.,   4.,   0., 230.,   8.],
        [  0.,  12.,   5.,   0.,   0.,   0.,   0., 255.,  17.,  67.],
        [  0.,   0.,   0.,   0.,   0.,   0.,   0., 244.,   0.,  28.],
        [ 13.,   1.,  10., 268.,   0.,   0.,   3.,   0.,  52.,   0.],
        [288.,   0.,   4.,  25.,   0.,   0.,   4.,   1.,   8.,   2.],
        [ 77.,   0., 169.,   0.,   0.,   0.,  34.,   0.,   0.,  12.],
        [  0.,   0.,   3.,  33., 183.,   1.,   2.,   0.,   9.,  17.],
        [  0.,   1.,  16.,   8.,  24.,   0.,   1.,   2.,  10., 238.],
        [  1.,   0.,   8.,   0.,  18.,   3.,   3.,   2., 218.,   8.],
        [  0.,   1.,  73.,   4., 243.,   0.,  33.,   3.,   6.,  65.],
        [264.,   0.,   2.,   1.,   0.,   0.,   1.,  55.,   0.,   0.],
        [  0.,   0.,   5.,   0., 220.,   0.,   1.,   4.,   5.,  54.],
        [  0., 273.,   7.,   0.,   0.,   0.,   6.,   2.,   0.,   8.],
        [ 61.,   0.,  20.,   0.,   0.,   0., 270.,   0.,   0.,   1.]],
       device='cuda:0')
Epoch 8 | Batch 500
tensor([[  2.,   0.,   0.,  20.,  40.,  37.,   0.,  43.,  10., 244.],
        [  2.,  55.,   0.,   2., 203.,   0.,  10.,   0.,   1.,  16.],
        [ 28.,   1., 240.,   1.,   0.,   0.,  58.,   0.,   1.,   2.],
        [  2.,   7.,   0.,  19.,   0.,   2.,   3.,  12.,   3., 248.],
        [293.,   0.,   2.,   6.,   0.,   0.,  52.,   0.,  71.,   9.],
        [274.,   0.,   1.,   7.,   0.,   1.,   6.,   0.,  16.,  10.],
        [ 99.,   0.,   0.,   0.,   1.,   0.,   0., 275.,   1.,   5.],
        [  2.,   2.,   4.,   2.,   0.,  10.,   1.,   0., 251.,   1.],
        [ 24.,   0.,   3.,   2.,   0.,  87.,   2.,   0., 267.,   3.],
        [ 40.,   0.,   4.,  37.,   0., 108.,   0.,   0., 224.,   9.],
        [  3.,   6.,   0.,   2.,   0.,  81.,   1.,   0., 231.,   3.],
        [  2.,   0.,  10.,   5.,   0.,   0., 281.,   0.,   1., 107.],
        [  8.,   0.,   0.,   2.,  20.,   0.,   0., 190.,   7., 227.],
        [  6.,   0.,   3.,   2.,  22., 228.,  38.,   0.,   2.,   0.],
        [ 12.,   2., 198.,   0.,   0.,   0.,  25.,   0.,   0.,   3.],
        [  3.,  35.,   1.,  13.,   1.,   0.,   0., 269.,   5.,   9.],
        [  7.,  28.,  20., 256.,   4.,   0.,   0.,   0., 106.,  17.],
        [ 14.,   0.,   6., 165.,   0.,   0.,  27.,   0.,   0.,   0.],
        [  1.,  23.,   0.,  88.,  57.,   9.,   0.,   0.,  15., 178.],
        [ 27.,   0.,   0.,   8.,  45.,  11.,   0., 256.,   3.,  14.],
        [  2.,   4.,   0.,  34.,  44.,   5.,   1.,   0.,  12., 232.],
        [  3.,   0.,   0., 236.,   0.,   0.,   1.,   0.,   0.,   0.],
        [  3.,   0.,   0.,   1., 203.,   0.,   2.,  72.,   0.,   2.],
        [  3.,   3., 198.,   8.,   0.,   0.,  36.,   0.,   1.,   0.],
        [ 43.,   0.,   1.,   5.,   0., 238.,   0.,   0.,   3.,   4.],
        [ 14.,   0.,   8., 283.,   0.,   0.,   0.,   2.,  95.,   1.],
        [  0., 269.,   1.,  42.,   0.,   0.,   0.,   0.,   4.,   0.],
        [  3.,   0.,   0.,   1.,   0., 199.,   0.,   0.,   2.,   9.],
        [  2., 104., 267.,  85.,   0.,   0.,   9.,  19.,   4.,   0.],
        [  0., 271.,   0.,  23.,   0.,   0.,   0.,   0.,   1.,   0.],
        [ 11.,   0.,   4.,   0.,  20.,   0., 285.,   0.,   0.,   2.],
        [  7.,   0.,   2.,   6.,   1.,   0.,   4.,   0.,   3., 247.],
        [283.,   0.,   3.,   0.,   0.,   0.,  14.,   0.,   0.,   0.],
        [268.,   0.,   0.,   0.,   0.,   0.,   0.,   0.,   4.,   0.],
        [  4.,  26.,   7.,   8.,   1.,   0.,   0., 259.,  22.,   4.],
        [  4.,   4.,  33., 254.,   0.,   0.,   0.,   0.,  85.,  19.],
        [ 10.,   0.,   2.,   0.,   1.,   0.,   2.,  13.,   9., 227.],
        [  1., 275.,   1.,  28.,   0.,   0.,   1.,   0.,  36.,   1.],
        [  3.,  14.,  26.,   2.,   0.,   5.,   1.,  24., 252.,   1.],
        [  0., 268.,   4.,   6.,   0.,   0.,   0.,   0.,   2.,   0.],
        [  1.,   7.,   0.,  27.,  30.,  27.,   0.,   0.,  77., 210.],
        [ 80.,   0.,   5.,   2.,   0., 106.,  43.,   0.,   0.,   0.],
        [  0., 265.,   3.,   4.,   0.,   0.,   0.,   0.,   0.,   3.],
        [  3.,   2.,   0.,   1.,   5.,   0.,  21., 211.,   1.,  30.],
        [ 12.,   0.,  45.,   0.,   9.,   0., 282.,   0.,   0.,   0.],
        [ 25.,   0.,   0.,   0., 169.,   0.,   3.,  65.,   0.,   0.],
        [  0., 279.,   4.,  18.,   0.,   0.,   0.,   0.,   3.,   1.],
        [  0., 279.,   2.,   6.,   0.,   0.,   1.,   0.,   0.,   3.],
        [  0., 275.,   4.,   5.,   0.,   0.,   0.,  18.,   0.,   1.],
        [  0., 268.,   1.,  38.,   0.,   0.,   0.,   0.,   2.,   0.],
        [161.,   0.,   1.,   3.,   0.,   0.,  40.,   0.,   0.,  18.],
        [  0., 206.,  22.,   1.,   0.,   0.,   0.,   0.,  60.,   1.],
        [285.,   0.,   0.,   0.,   0.,   0.,   0.,   0.,   0.,   0.],
        [304.,   0.,   0.,   3.,   0.,   0.,  12.,   0.,  13.,   6.],
        [ 84.,   0.,   1.,   0.,  40.,   0., 285.,   0.,   0.,  72.],
        [  3.,   0.,   0.,   7.,   0., 185., 140.,   0.,   0.,   7.],
        [270.,   0.,   0.,   0.,   0.,   0.,  19.,   0.,   0.,   0.],
        [ 81.,   0., 241.,   3.,   0.,   0.,   4.,   0.,   5.,   0.],
        [  7.,   0.,  11.,   0.,   7.,   0., 290.,   0.,   0.,   3.],
        [269.,   0.,   1.,   0.,   0.,   3.,   0.,  25.,   1.,   0.],
        [ 17.,   0.,   2.,   1.,   1.,   0., 291.,   0.,   1.,  10.],
        [  2.,   0.,   3.,   5.,   0.,   0., 292.,   0.,   0.,  85.],
        [241.,   0.,   1.,   3.,   0.,  77.,   1.,   0.,   9.,   6.],
        [ 10.,   7., 272.,   2.,   0.,   0.,  48.,   0.,   3.,   6.]],
       device='cuda:0')
Epoch 8 | Batch 600
tensor([[  0.,   0.,   0.,  12., 233.,   5.,   1.,  36.,   0.,  94.],
        [  0.,   1.,   6.,   3.,   0.,   1., 254.,   0.,  13.,   8.],
        [  0.,   4.,   1.,  23.,   0.,   0.,   0.,   0., 267.,   1.],
        [  0.,  22.,  25.,   2.,  45.,   4.,   0.,   0., 259.,   7.],
        [263.,   0.,   0.,   0.,   0.,  77.,  73.,   9.,   0.,   0.],
        [  0.,  14.,   4.,  21.,   0., 104.,   0.,   0., 196.,   6.],
        [  0.,   0.,   0.,   0., 259.,   0.,   1.,   8.,   9.,  12.],
        [ 96.,   0.,   0.,   2.,   0.,   0.,   0., 236.,   0.,  14.],
        [  0.,   0.,   0.,   7.,   0.,   1.,   3.,   3.,   0., 249.],
        [  0.,   0., 262.,  97.,   0.,   0.,   2.,   1.,  10.,   1.],
        [  0.,   0.,   9.,  32.,   0.,   8.,   0.,   0., 243.,   5.],
        [ 24.,   0.,   0., 253.,   0.,  20.,   1.,   0.,   0.,   7.],
        [  0.,   0.,   3.,   3.,   0.,   0., 246.,   0.,  10.,  17.],
        [  0.,   7.,   5., 247.,   0.,  30.,   0.,  28.,   4.,  80.],
        [  1.,   0.,   0., 245.,   0.,   3.,   0.,  33.,   1.,  38.],
        [  0., 215.,   0.,  32.,   0.,   1.,  10.,   0.,   2.,  21.],
        [ 39.,   0.,   0.,   3.,   0.,   0.,   0., 247.,   0.,   3.],
        [248.,   0.,   0.,   7.,   0.,   2.,   5.,   0.,  48.,  14.],
        [  0.,   0.,   1.,   4.,  11.,   1.,   1.,   0., 271.,   5.],
        [ 41.,   0.,   0.,   3.,   6.,  33.,   1.,  21.,   0., 260.],
        [  0.,   5.,   0., 165.,   0.,   0.,   0.,   4.,   0.,  75.],
        [  0.,   0.,   7.,   0.,   0.,   0., 275.,   0.,   9.,   3.],
        [  0.,   0.,   0.,   0.,   4.,   0.,   4.,   5.,  37., 235.],
        [  0.,  25., 195.,  88.,   0.,   0.,   2.,   0.,   1.,   1.],
        [263.,   0.,   0.,   0.,   0., 119.,  26.,  59.,   0.,   0.],
        [  0., 261.,   8.,   6.,   0.,   1.,  25.,   0.,  16.,   5.],
        [  0.,  55., 235.,   8.,  74.,  15.,  80.,   0.,   0.,   2.],
        [288.,   0.,   0.,   9.,   0.,  42.,  10.,   0.,   0.,   2.],
        [  0.,   0.,   0.,  11.,   0., 201.,   1.,   0.,   0.,   0.],
        [  0., 250.,   2.,   8.,   0.,   4.,   5.,   1.,  24.,   0.],
        [  0.,  28.,   1., 262.,   0.,   0.,   0.,   0.,   0.,   1.],
        [  0.,   0.,  34.,   1.,   0.,   4., 242.,   0.,   4.,   7.],
        [259.,   0.,   0.,   0.,   0.,   0.,   0.,   0.,   0.,   1.],
        [  4.,   0.,   0.,   5.,   0.,   0.,   0., 235.,   0.,  21.],
        [  0.,  42.,  22., 270.,   0.,   0.,   0.,   0.,   0.,   2.],
        [  0.,   0.,  11.,   0., 245.,   0.,   0.,   0.,   0.,  26.],
        [  0.,   0., 285.,  12.,  73.,   0.,  80.,   0.,   3.,   3.],
        [270.,   0.,   5.,   6.,   0.,   0.,  13.,   0.,  31.,   2.],
        [  0.,   1.,   7., 259.,   0.,   0.,   0.,   3.,  20.,   7.],
        [258.,   0.,   0.,   1.,   0.,   0.,   2.,   0.,  62.,   0.],
        [270.,   0.,  18.,   8.,   0.,   0.,  21.,   0.,   0.,  11.],
        [  0.,   1.,   0.,   5., 251.,  74.,   0.,   0.,   0., 107.],
        [ 43.,   0.,   0.,   1.,  15.,   0.,   0., 271.,   0.,  10.],
        [ 50.,   0.,  63.,   5.,   0.,   0.,   2.,   0., 106.,  15.],
        [  0.,  60., 197.,  51.,   0.,   0.,   3.,   1.,   4.,   1.],
        [  0.,  34.,   0.,  25.,   0.,   3.,   0.,   0., 276.,   2.],
        [  3.,   0.,   2.,   1.,  34.,   1., 253.,   0.,   0.,   3.],
        [  0., 238.,  19.,   7.,   0.,   2.,   1.,   0., 134.,   1.],
        [  0.,   0.,   0.,   0., 255.,   4.,   1.,   5.,   5.,   9.],
        [ 19.,   0.,   0.,   2.,  21.,   0.,   0., 269.,   0.,  16.],
        [  0., 241.,   2.,  41.,   0.,   0.,  50.,   0.,  18.,   1.],
        [ 13.,   0.,   1.,   1.,   0.,   0.,   0., 242.,   4.,  10.],
        [  0.,   0., 275.,  15.,  30.,   0.,  16.,   1.,  32.,   1.],
        [  7.,   0.,   0.,   0.,   0., 209.,   2.,   0.,   3.,   3.],
        [  0.,   0.,   2.,   5.,   0.,   2., 258.,   0.,   3.,   5.],
        [  0.,  13., 249.,   3.,  30.,   0.,   9.,   0.,  61.,  11.],
        [  0.,   0.,  10.,   3., 239.,  46.,   0.,   0.,   0., 126.],
        [  0.,   2.,   0.,  14.,   0.,   0., 257.,   0.,   6.,   5.],
        [  0.,   0.,   0.,   3.,   0.,   3.,   0.,   0., 143.,   4.],
        [ 20.,   0.,   7.,   3., 264.,  29.,  10.,   0.,   0.,  76.],
        [ 18.,   0.,   0., 224.,   0.,   2.,  21.,   0.,   0.,   1.],
        [  0.,   3.,   0., 252.,   0.,   7.,   0.,   0.,   0.,   2.],
        [  0.,   0.,  12.,   1.,   0.,   1., 272.,   0.,   2.,   6.],
        [ 51.,   0.,   1.,  27.,   0., 185.,   0.,   0.,   0.,   2.]],
       device='cuda:0')
Epoch 8 | Batch 700
tensor([[  0.,   0., 291.,   8.,   0.,   1.,   0.,  47.,   7.,   0.],
        [287.,   0.,   2.,   6.,   1.,  14.,  20.,   0.,   3.,   0.],
        [  0.,   0.,   1.,   0.,  11.,   0., 241.,   0.,   0.,   0.],
        [  0., 296.,  10.,   0.,   0.,  19.,  45.,   4.,   3.,   0.],
        [  2.,   0.,  10., 279.,   0.,   2.,   0.,   0.,   0.,   0.],
        [ 48.,   0.,   1.,   0., 285.,   0.,   6.,   0.,  19.,   0.],
        [ 48.,   0., 285.,   0.,  16.,   0.,  59.,   0.,  15.,   0.],
        [  0.,   0.,   0.,   0.,  63.,   0.,   2.,  26.,   6., 261.],
        [  0.,   0.,   0.,   0.,  46.,   1.,   5.,  38.,  16., 250.],
        [  0.,   9.,   4.,   0.,   3.,  75.,   0.,   0., 257.,   0.],
        [  0.,  32., 230.,   5.,  15.,  19.,  15.,   0.,   4.,   0.],
        [  0.,   0.,   0.,   0., 271.,  11.,   0.,  39.,  16.,  15.],
        [  0.,  24.,   0.,   0.,   0.,   0.,   0.,  85.,   2., 202.],
        [273.,   0.,   4.,  17.,   1.,  12.,  39.,   0.,   3.,   0.],
        [267.,   0.,   4.,   8.,   0.,   5.,  93.,   0.,  15.,   0.],
        [  0.,   0., 290.,  32.,  21.,   1.,   0.,   0.,   5.,   0.],
        [  0.,   0., 248.,  10.,   0.,   1.,   0.,   0.,  56.,   0.],
        [  0.,   0.,   0.,   1.,   2.,   0.,   0., 269.,   3.,  20.],
        [ 30.,   0.,  10.,   0., 277.,   0.,   0.,  57.,   8.,   0.],
        [  2.,   0., 282.,   0.,   9.,   1.,  43.,   0.,  22.,   0.],
        [  0.,   0.,   0.,   0.,  64.,   0.,   3., 274.,   5.,  25.],
        [265.,   0.,   6.,  38.,   7.,   3.,  19.,   0.,   2.,   0.],
        [  0.,  12., 267.,   7.,   0.,   0.,   0.,   0.,   2.,   0.],
        [  5.,   0.,   6.,   0.,   2., 208.,   1.,  12.,  32.,   0.],
        [  0.,   0.,   0.,   0., 252.,   3.,   0.,   1.,   1.,  15.],
        [  0.,   0.,  13.,   1.,   9.,   0., 265.,   0.,  23.,   0.],
        [ 43.,  11., 270.,   0.,  17.,   3.,  15.,   0.,   3.,   0.],
        [206.,   0.,   3.,  28.,   0.,  42.,   0.,   0.,   8.,   5.],
        [  0.,   0.,   5.,   3.,   9.,  28., 268.,   0.,   1.,   0.],
        [  0.,   0., 273.,   0.,   4.,   0.,  53.,   0.,  11.,   0.],
        [  0., 280.,  12.,   0.,   0.,  81.,   5.,   2.,   3.,   0.],
        [  0., 110.,   8.,   0.,   4.,   1.,   0.,   0., 220.,   0.],
        [  0.,   0.,  11., 288.,   0.,   7.,   0.,   0.,   3.,  39.],
        [  0.,  18.,   9.,  19.,   2.,   1.,   0., 263.,  16.,   5.],
        [282.,   0.,   5.,   0.,   2.,   9.,  14.,   2.,  68.,   0.],
        [  0.,   0.,   0.,   0.,  69.,   0.,   0.,  11.,   9., 262.],
        [ 50.,   0., 292.,   0.,  11.,  38.,   5.,   0.,   4.,   0.],
        [  0., 293.,   4.,   0.,   0.,   6.,   0.,  76.,   2.,   3.],
        [  0.,   0.,   2.,   0.,  14.,  15.,   9.,   9., 270.,  32.],
        [275.,   0.,   2.,  10.,   0., 158.,   0.,   0.,  31.,   0.],
        [  0.,   0.,  10.,   3.,  25.,   0., 239.,   0.,   1.,  40.],
        [  0.,   0.,   0.,   0., 279.,   0.,   2.,   0.,  16.,  46.],
        [  0.,   0.,   5.,   0.,   9.,   4., 274.,   0.,   6.,   0.],
        [  0.,   7.,   1.,   0.,   0., 194.,   0.,   0.,   5.,  16.],
        [  0.,   0.,   0.,   0.,  14.,   0.,   0., 282.,  32.,  14.],
        [  0.,   0.,   3.,  12.,   0., 239.,  24.,   0.,   5.,  37.],
        [  0.,   0., 274.,   0.,  14.,   0.,   2.,   0.,   8.,   0.],
        [  0.,   5.,   2.,  20.,   3.,   0.,   0., 257.,   6.,   5.],
        [  0., 293.,   8.,   0.,   0.,  19.,   5.,   9.,   1.,   0.],
        [  0.,   0.,   2., 284.,   0.,   6.,   0.,   0.,   1., 107.],
        [  0.,   4.,   0.,   0.,   7.,   0.,   0., 261.,   8.,  51.],
        [ 79.,   0.,   1.,   2.,   0., 159.,   8.,  31.,  51.,   0.],
        [  0., 296.,   8.,   1.,   0.,  30.,   6.,   5.,   2.,   0.],
        [  0.,   1.,   0.,   0.,  18.,   0.,   1., 284.,   4.,  10.],
        [  0.,   0.,  33.,   1.,  29.,   0., 262.,   0.,   4.,   0.],
        [  0.,  12.,   6., 281.,   0.,   6.,   0.,   0.,   2.,  32.],
        [  0., 280.,   6.,   0.,   0.,  41.,   0.,   1.,   1.,   0.],
        [  0.,   0.,   6.,   0.,  13.,   0., 282.,   0.,   6.,   0.],
        [  0.,   0.,   1.,   0.,   5.,   4.,   0., 266.,  18.,  61.],
        [ 48.,   0., 285., 127.,   2.,   1.,   0.,   0.,  25.,   0.],
        [  0.,   0.,   5.,   0.,  11., 214.,  63.,   0.,   7.,  64.],
        [273.,   0.,  16.,   0.,   0.,   5.,  37.,   0.,  43.,   0.],
        [  0.,   0.,   9., 287.,   4.,  11.,   0.,   0.,   1.,   0.],
        [  0.,   0.,   0.,   4.,  11., 131.,   9.,  15.,   1.,  42.]],
       device='cuda:0')
Epoch 8 | Batch 800
tensor([[ 45.,   0.,   0.,   7.,   0., 237.,   0.,   0.,  35.,   0.],
        [229.,   0.,  97.,   0.,   2.,   0.,  47.,   0.,   1.,   0.],
        [ 17.,   0.,   0.,  40.,   0., 250.,   0.,   0.,  15.,   0.],
        [  1.,   1.,  10., 239.,   0.,   0.,   2.,   4.,   1.,   0.],
        [  1.,   0., 249.,  19.,   0.,   0.,   0.,   0.,   1.,   0.],
        [  1.,   1.,   0.,   0., 264.,   0.,  10.,  67.,   1.,  10.],
        [  2.,   2.,   0., 260.,   0.,   0.,   0.,   2.,   8.,   9.],
        [  0., 258.,   0.,   8.,   0.,   0.,   1.,   1.,  17.,   9.],
        [  0.,   2.,   1.,   0., 254.,   0.,  71.,  19.,   0.,   0.],
        [  5.,  31.,   0.,   1.,  52.,  17.,  69.,  58.,   3., 250.],
        [  4.,   0.,   0.,   0.,  75.,   0.,  21.,  13.,   3., 197.],
        [304.,   0.,  10.,  11.,   0.,  33.,   1.,   6.,  26.,   0.],
        [  0., 245.,  31.,   0.,   0.,   0.,   6.,   0.,   5.,   1.],
        [  0.,   0.,   0.,   0.,   7.,   0.,   0., 279.,  14.,   0.],
        [ 15.,   0.,   8.,   0.,  82.,   0., 272.,   0.,   1.,   0.],
        [ 17.,   0.,   2.,   0., 106.,  20., 260.,   0.,   0.,   0.],
        [  0., 249.,   0.,   1.,   3.,   0.,   5.,   1.,  69.,   6.],
        [ 19.,   0.,   1., 157.,   0.,   0.,   0.,   0.,   3.,   0.],
        [  0.,   0., 245.,  53.,   0.,   1.,   0.,   0.,  75.,   0.],
        [  9.,   0.,   0.,   0.,   1.,   0., 265.,   0.,   4.,   0.],
        [  2.,   0.,   0.,   1.,   0.,  33.,   0.,  26.,   4., 208.],
        [  1.,  12., 264.,  61.,   0.,   0.,  23.,   0.,   3.,   0.],
        [  0.,  63., 215.,   0.,   0.,   0.,   1.,   2.,   1.,   0.],
        [  3., 254.,   0.,   7.,   3.,   0.,   5.,  43.,  32.,  62.],
        [ 15.,   8.,   0.,   0.,   2.,  33.,  10.,  36.,   3., 223.],
        [  2.,   0.,   0.,  10.,  56.,   3.,  30.,  55.,   8., 240.],
        [  0., 246.,  43.,   1.,   0.,   0.,   8.,   0.,   9.,   0.],
        [282.,   0.,   8.,  12.,   2.,   9.,   3.,   3.,   2.,  56.],
        [  2.,   1.,   3.,   0., 258.,  25.,  24.,  17.,   1.,   0.],
        [  1.,   0.,   0.,   4.,  22.,  15.,  29.,  90.,  20., 223.],
        [274.,   0.,  16., 125.,   1.,  17.,   0.,   0.,   7.,   0.],
        [  0., 253.,   0.,   0.,   9.,   0.,   7.,   1.,   6.,  31.],
        [  3.,   0.,   0.,   0.,   0.,   0.,   3.,  18., 271.,   0.],
        [  0.,  13., 234.,   5.,   0.,   0.,   0.,   1.,   1.,   0.],
        [  0., 258.,   0.,   1.,   3.,   0.,   2.,   2.,  41.,  13.],
        [ 32.,  38.,   0.,   0.,   0.,   0.,   8., 271.,   5.,  27.],
        [  3.,   0.,   5.,  10.,   0.,   0.,   2.,   0., 269.,   0.],
        [  2.,   0.,   0.,   0.,   4.,   0., 250.,   2.,  20.,   0.],
        [  0., 254.,   0.,   1.,   1.,   0.,   6.,   1.,   9.,  56.],
        [  6.,   0.,   0.,   0.,   3.,   0., 262.,   0.,   3.,  19.],
        [  7.,  16.,   0.,  46.,   0., 257.,   0.,   0.,  92.,   0.],
        [  0., 254.,   0.,   0.,   2.,   0.,   2.,   2.,   5.,  32.],
        [  1.,  93.,   0.,   0., 250.,   0.,   2.,  29.,   0.,   0.],
        [  2.,   8., 268.,   1.,   0.,   0.,   5.,   0.,   1.,   0.],
        [ 87.,   0.,   7.,   0.,  11.,   0., 261.,   2.,  61.,  32.],
        [  4.,   3.,   0., 247.,   0.,   0.,   0.,   6.,   9.,   9.],
        [303.,   0.,  17.,  22.,   0.,   0.,   2.,   8.,   9.,   0.],
        [ 31.,   0., 123.,   0.,  29.,   0., 261.,   3.,   4.,  41.],
        [  3.,   0.,   0.,   0.,   0.,   0., 261.,   0.,  19.,   7.],
        [241.,   0.,  10.,   2.,   7.,   0.,   4.,   3.,   3.,   0.],
        [  0.,   0.,   0.,   0.,   1.,   0.,  26., 279.,   8.,  11.],
        [  2.,   6.,   0.,   0.,  51., 228.,   0.,   0.,   5.,   0.],
        [ 10.,   0., 245.,   0.,  19.,   0.,  41.,  62.,   5.,   0.],
        [  0.,   1.,   0.,   0., 245.,   0.,  17.,  10.,   0.,   0.],
        [ 17.,   0.,   0.,   7.,   0., 237.,   9.,   9.,  51.,  16.],
        [292.,   0.,  50.,  25.,   1.,  31.,   5.,   0.,  16.,   0.],
        [105.,   0.,  28.,   0.,  37.,   0., 166.,   8.,  55.,  46.],
        [  0.,   5.,   0.,   0.,   5.,   0.,   1., 268.,   5.,  11.],
        [289.,   0.,  16., 108.,   0.,   9.,   0.,   1.,  95.,   0.],
        [ 23.,   2., 279.,  97.,   0.,   0.,   8.,   1.,   2.,   0.],
        [  0., 227.,   2.,   0.,   6.,   0.,   3.,  29.,   4.,   0.],
        [272.,   0.,   6.,   0.,   0.,   0.,   3.,  17.,  11.,   8.],
        [  1.,   0.,   0.,   0.,   4.,   0.,   1., 282.,  27.,   2.],
        [  3.,   6.,   3.,   0.,  19.,   0., 282.,   0.,   3.,   0.]],
       device='cuda:0')
Epoch 8 | Batch 900
Switching label layer to Inference Mode (LIF)...
Epoch 8 DONE | Test Acc: 69.66% | Time: 782.2s
Switching label layer back to Training Mode (Clamp)...
tensor([[  0., 254., 119.,   4.,   1.,  95.,   0.,   1.,  57.,   0.],
        [  0.,   0.,   0.,   0.,   6.,   1.,   2.,  13.,   4., 265.],
        [ 80.,  50., 254., 137.,   0.,   6.,   0.,   0.,  20.,   0.],
        [  0.,   0.,   0.,   3.,   6.,   6.,   0., 280.,  44.,   1.],
        [  0.,  48.,   0.,  17.,   0.,   3.,  34.,   0., 188.,   0.],
        [  0.,   0.,   2.,   9.,   5.,  44., 254.,   0.,   0.,   0.],
        [  0.,   0.,  68., 159.,   6.,  17.,   0.,  62.,  58.,   0.],
        [  0.,   0.,   0.,   2.,  15.,  31.,   1., 272.,  67.,   0.],
        [  0.,  47., 263.,   1.,   2.,  16.,   0.,  23.,  22.,   0.],
        [  0.,   2.,   1.,  66.,   2., 188.,   0.,   0.,  59.,  70.],
        [  0.,   0.,   8.,   2., 268.,   2.,   5.,  14.,   6.,  66.],
        [276.,   0.,   3.,  21.,  16.,   6.,   0.,   3.,  27.,   0.],
        [  0.,   4.,   3.,  31.,  60.,  11.,   0.,   3., 251.,   0.],
        [270.,   0.,   0.,  10.,   0.,   5.,   0.,   0.,   6.,   0.],
        [  1.,   0.,   3.,   3.,   6.,   4., 271.,   0.,   0.,   0.],
        [  0.,   0.,   0.,   1.,   9.,  18.,   0., 255.,  10.,   0.],
        [  0.,   0.,  16., 156.,   2., 242.,   0.,   0.,  60.,   0.],
        [  1.,   0.,   6.,  24.,   3.,   3., 254.,   0.,   1.,   0.],
        [  0.,   0.,   1.,   1.,  10.,   1.,  44.,  22., 222.,  76.],
        [ 82.,   0.,   5., 263.,  12.,  21.,   0.,   2.,  58.,   0.],
        [  0.,  14.,   0.,  30.,   8.,  10.,   0.,   0., 230.,   0.],
        [  0.,   0., 242.,   4.,   1.,   0.,   2.,   0.,  10.,   0.],
        [  0.,   0.,   1.,   2., 259.,   3.,   5.,  37.,  53.,   0.],
        [  0., 259.,   2.,  10.,   4.,   1.,   0.,   5.,  20.,  29.],
        [ 73.,   1., 271.,  53.,   1.,   2.,   0.,   0.,   5.,   0.],
        [  0.,   3.,   1., 289.,   1.,   0.,   0.,   0.,   2.,   0.],
        [  0.,   0.,   0.,   2.,   2.,   4.,   0., 261.,  19.,  19.],
        [  0.,   0.,   0.,   5.,   8.,   5.,   1., 272.,  10.,   4.],
        [ 15.,   0.,   2.,   1.,   6.,   3., 238.,   0.,   0.,   0.],
        [  0.,   0.,   0.,   5.,  10.,   3.,   0., 236.,   5.,   0.],
        [288.,   0.,   1.,  16.,   1.,  11., 100.,   0.,   3.,   0.],
        [  0.,   0.,   1.,   4.,   2.,   1., 226.,   0.,   1.,   0.],
        [  0.,   0.,   0.,  24.,   3.,  18.,   0., 249.,   2.,   0.],
        [  0.,   0.,   6.,  80.,   2., 260.,   0.,   4.,  30.,   0.],
        [ 14.,   0.,   0.,   8.,  88.,   8.,   8., 256.,   6.,   7.],
        [277.,   0.,   0.,   1.,   0.,  16.,   1.,   4.,   6.,   0.],
        [  0.,   0.,   1.,   3.,  53.,   3.,   7.,  15., 236.,   3.],
        [ 14.,   0.,   0.,   8.,  29.,   7.,   0., 241.,   5.,   0.],
        [  0.,   0.,   1., 281.,  10.,   1.,   0.,   0.,  16.,   0.],
        [279.,   0.,   2.,  24.,   2.,  11.,   1.,   0.,  19.,   7.],
        [250.,   0.,   3.,   4.,   9.,   3.,  14.,   0.,  27.,   0.],
        [  0.,   0.,   2.,   3.,   1.,   8., 265.,   0.,   0.,   0.],
        [  0., 260.,   0.,  14.,   0.,   0.,   6.,   2.,   9.,  49.],
        [  0.,   0.,   0.,   0.,   5.,   2.,   0., 269.,  10.,   0.],
        [  0., 261.,   0.,  31.,   0.,   0.,   9.,   0.,   8.,  13.],
        [ 64.,   0.,   0.,   1.,  14.,  33.,   0., 268.,   7.,   3.],
        [279.,   0.,   2.,   5.,   2.,  13.,   0.,   0.,   6.,   0.],
        [  2.,   0.,  68., 280.,   7.,   1.,   0.,   0.,   5.,   0.],
        [ 15.,   0.,   1.,   2.,   7.,   1.,   0.,   3., 155.,   1.],
        [  0.,   0.,   4.,   3.,  25.,   3.,   0.,  11., 248.,   7.],
        [  0.,   0.,   1.,  69.,   2., 171.,   0.,   0.,   5.,   0.],
        [  0.,   0.,   0.,   0.,  15.,   2.,   5.,   3.,   9., 278.],
        [  0.,  19.,   1., 250.,   0.,   0.,   0.,   0.,   9.,   0.],
        [  0., 246.,  10.,  18.,   0.,   0.,   0.,   0.,   9.,   0.],
        [  1.,   0.,   1.,   2.,   1., 235.,   1.,  13.,   7.,   0.],
        [  0.,   0.,   0.,   2.,   5.,   2.,   0., 239.,  21.,   0.],
        [  0.,  21.,   7., 250.,   6.,   0.,   0.,   0.,   8.,   0.],
        [  0.,  14.,   0.,   1.,   3.,   0.,   0.,   5.,   4., 261.],
        [  0.,   0.,   1.,   8., 108.,   2.,   2.,   0., 217.,  13.],
        [  0.,   0.,   3.,   2.,   3.,   3., 284.,   0.,   1.,   0.],
        [  0.,   0.,   1.,   3.,   2.,   2., 269.,   0.,   1.,   0.],
        [  0.,   0.,   1.,   0., 215.,   4.,   7.,  25.,   7.,   0.],
        [  0.,  21.,   1.,   5.,  15.,  10., 176.,   0.,  13.,   0.],
        [  4.,   1.,  66., 279.,   0.,   1.,   0.,   0.,   6.,   0.]],
       device='cuda:0')
Epoch 9 | Batch 0
tensor([[  0.,   0.,   0.,  20.,   5.,  75.,   5.,  13.,  11., 264.],
        [  0.,   4.,   0.,   6.,   0.,   7.,   1., 208.,   3.,  77.],
        [ 30.,   0.,  60.,   2.,  51.,   0., 278.,   0.,   6.,  63.],
        [  0.,  11.,  34., 282.,   0.,   0.,   0.,   0.,  26.,   0.],
        [  0., 274.,   0.,   2.,   0.,   0.,  37.,   0.,   6.,   0.],
        [  0.,   0.,   0.,   1.,   3.,   3.,   0., 273.,  18.,   4.],
        [  0.,   0.,   0.,   1.,   3.,   0.,   0., 255.,  11.,   7.],
        [  0.,   4.,   0., 269.,   7.,   0.,   0.,   0.,   8.,   3.],
        [  0.,   0., 269.,   2.,   1.,   0.,   0.,   1.,   4.,   0.],
        [  0.,   0., 223.,   2.,  38.,   0.,   0.,   0.,   1.,   0.],
        [  1.,   6.,   0.,   2., 226.,  26.,   0.,   5.,   8.,   2.],
        [  0.,  12.,   0.,   7., 111.,   0.,   0.,   0., 253.,   1.],
        [  0.,   0.,  51.,   3.,  14.,   0., 282.,   0.,  24.,  24.],
        [  0.,   1.,   0.,  32.,   0.,   1.,   2.,   0., 143.,   1.],
        [  0.,   0.,  20., 284.,   0.,   0.,   0.,   0.,  11.,   0.],
        [  0.,   1.,  43.,  54.,   0.,   0., 243.,   0.,   3.,   1.],
        [  0.,   0.,   0.,   3.,   4.,  19.,   5., 256.,  14.,  15.],
        [  6.,   0.,   0.,   1., 244.,   7.,  42.,   0.,  15.,   0.],
        [  0., 281.,  29.,   5.,   0.,   0.,   5.,  11.,   6.,   0.],
        [  0.,   0., 287.,  45.,   2.,   0.,   0.,   0.,   9.,   0.],
        [ 30.,   0.,  15.,   2.,   0.,   0., 239.,   0.,  19.,   0.],
        [ 20.,   0.,   5.,   1.,   1.,   0., 251.,   0.,   5.,   1.],
        [  0.,   0.,   0.,   7.,   5., 103.,   6.,  24.,   8., 249.],
        [  0.,   0.,   0.,   0.,   0., 244.,   0.,  16.,   6.,   0.],
        [  0.,   0.,   0.,  39., 263.,  15.,  36.,   0.,   5.,  38.],
        [  0.,   0.,   0.,   0.,  33.,   3.,   0.,  31.,  38., 164.],
        [  0.,  34.,   0.,   2.,   6.,   0.,   0., 201.,  14.,   6.],
        [  0.,   0.,   0.,   6.,   0.,   0.,   0., 232.,   2.,  36.],
        [273.,   0.,  16.,   2.,   0.,   0.,  50.,   0.,   4.,   0.],
        [228.,   5.,   0.,   4.,   0.,   0.,   0.,   0.,  25.,   0.],
        [  0.,   0.,   0.,   1., 242.,  96.,  10.,   0.,  11.,   2.],
        [  0., 265.,   0.,   3.,   2.,   8.,   9.,   0.,   9.,  18.],
        [ 65.,   0.,   0.,   6.,  86., 260.,   5.,   0.,   8.,   1.],
        [  0.,   2.,   0.,   6.,   4.,   0.,   0., 260.,  15.,   9.],
        [ 21.,   0.,   0., 257.,   5.,  61.,   0.,   0.,   8.,   2.],
        [  0.,   0., 217.,  59.,  11.,   0.,   0.,   0.,   3.,   0.],
        [ 41.,   0.,   0.,   0.,  26., 237.,  18.,   0.,   4.,   0.],
        [  0.,  10.,   0.,   4.,  31.,   0.,   0.,   0., 265.,   0.],
        [208.,   0.,   0.,   2.,   0.,   0.,   0.,   0.,   3.,  46.],
        [  0., 276.,  56.,   7.,   0.,   0.,   1.,  45.,  24.,   0.],
        [  0.,  84.,   0.,   1.,   8.,  34.,   0.,   0., 198.,   0.],
        [  0.,   0., 290.,  52.,   4.,   0.,   0.,   0.,   7.,   4.],
        [  0.,   0.,   0.,   3., 253.,  44.,  44.,   0.,   7.,  23.],
        [  0.,   0.,   0.,   2.,   6.,   0.,   0., 274.,  11.,  10.],
        [  0.,  15.,   1.,  12.,   0., 201.,   1.,   0.,  72.,   0.],
        [  0.,  74.,   0., 255.,  24.,   0.,   0.,   0.,   5.,  11.],
        [  0., 109.,   0.,   2.,   1.,   2.,   0., 223.,   6.,  76.],
        [  0.,   0.,   0.,   1., 239.,  12.,   1.,  16.,   9.,   9.],
        [  0.,   0.,   0.,   0., 208.,   1.,   7.,  12.,   2.,   3.],
        [  0.,   7.,   0.,   1.,  21.,  28.,  10.,   0.,   9., 245.],
        [ 15.,   8.,   0.,   2.,   0., 272.,   0.,   0.,  21.,   0.],
        [  0.,   4.,   1.,   1.,  28.,  38.,  18.,   0., 222.,   5.],
        [  0.,   0., 262.,  38.,   1.,   0.,   0.,   0.,   2.,   1.],
        [  0.,   0.,   0., 278.,  11.,   0.,   0.,   0.,  12.,   0.],
        [  0.,   8.,   0.,   1.,  15.,  40.,   0.,   2.,  17., 191.],
        [  0.,   3.,   7.,   7.,   1.,   0.,   0.,   0., 239.,   0.],
        [  0.,   0.,   0.,  13.,   5.,  42.,   1.,  26.,  15., 277.],
        [ 48.,  26.,   0.,   0.,  16., 262.,   0.,   3.,   8.,   1.],
        [ 22.,   0.,   0.,  88.,  19.,  17.,   0.,   0., 228.,   0.],
        [  0.,   0.,  17.,  81.,   0.,   1.,   0.,   0.,   4., 126.],
        [  0.,   4.,   0., 275.,   0.,   2.,   0.,   0.,  12.,   0.],
        [  0.,   0.,   0.,   1., 228.,  52.,   5.,  14.,   4.,   3.],
        [  0.,   4.,   0.,   5.,  57.,   0.,   0., 213.,   9.,   5.],
        [270.,   0.,   0.,   5.,   1.,   0.,   0.,   0.,   3.,  13.]],
       device='cuda:0')
Epoch 9 | Batch 100
tensor([[  0.,   0.,  36.,   0.,  44.,   0., 285.,   0.,   0.,   0.],
        [258.,   0.,   3.,   0.,   1.,   0.,   1.,  10.,   0.,   0.],
        [  0.,   0.,   2.,  13.,   0.,   0.,   0., 254.,   1.,   1.],
        [105.,   1.,  12.,   0.,   3.,   4., 279.,   0.,   0.,  43.],
        [ 10.,   0.,   3., 283.,   1.,   6.,   0.,   0.,  20.,   1.],
        [  9.,   0.,   9.,   0., 259.,   0.,  23.,  37.,   1.,  38.],
        [  0.,   0.,   1.,   2., 194.,   0.,   5.,  32.,   8.,  24.],
        [  0., 258.,   3.,   3.,   0.,  16.,   0.,   0.,   0.,   0.],
        [  0.,  22., 235.,  15.,   0.,  84.,   2.,   0.,  40.,   0.],
        [  0.,  22.,  27.,   1.,  66.,   0., 274.,   0.,  12.,   0.],
        [  0.,   0.,   4.,   2.,  67.,  18., 266.,   0.,   1.,   0.],
        [  0.,   2.,   2.,  11.,   0., 211.,   0.,   0.,  55.,   0.],
        [  0., 274.,   2.,   5.,   0.,   3.,   1.,   4.,   0.,   0.],
        [  0.,   1.,   1.,   0.,  19.,   1.,   8.,   4.,   1., 205.],
        [  0., 264.,   2.,  48.,   0.,   4.,   1.,   1.,  15.,   7.],
        [  0., 266.,   4.,   4.,   0.,   4.,   0.,   0.,   1.,   0.],
        [  0.,   0.,   1.,   5.,   0.,   1.,   0., 248.,   0.,  50.],
        [  0., 264.,   2.,   4.,   0.,   1.,   0.,   0.,   0.,   0.],
        [271.,   0.,  12.,   1.,   2.,   0.,   4.,  89.,   4.,   0.],
        [  3.,   0.,   1.,   0.,   1.,   0.,   0., 232.,   0.,  17.],
        [  0.,   0.,   7.,  37.,  71., 172.,   3.,   0.,   7.,   0.],
        [  0.,   5.,   6.,  43.,   4.,   8.,   3.,   0., 244.,   0.],
        [ 32.,   0., 227.,   8.,   0.,   1.,   0.,   0.,  10.,   0.],
        [  0.,   0., 157.,   3.,  13.,   5.,   6.,   0.,  11.,   0.],
        [  0., 277.,   5.,   6.,   1.,  21.,   0.,   0.,   2.,   1.],
        [204.,   0.,   2.,   0.,   0.,  12.,  15.,   0.,   0.,   0.],
        [  2.,   0.,   1.,   9.,  18., 203.,   3.,   0.,   0.,   0.],
        [  0.,   0.,   0.,   0.,   0., 227.,   0.,   0.,   1.,   2.],
        [  0.,   3.,  10.,   0.,  11.,  31., 262.,   0.,   0.,   0.],
        [  0.,  14., 226.,   2.,   0.,   9.,   2.,  44.,   1.,   0.],
        [  0.,  22.,   7.,  12.,   0.,  12.,   2.,   0., 229.,   0.],
        [  0.,   0.,   4.,   1., 267.,   0.,  11.,  17.,  45.,  20.],
        [  1.,   0.,  37.,  57.,  46.,   5.,  15.,   0., 247.,   0.],
        [ 76.,   0.,   0.,  52.,   2.,   0.,   0., 260.,   1.,   0.],
        [282.,   0.,   9.,   0.,  18.,   0.,  11.,  44.,   0.,   0.],
        [ 39.,   0.,   0.,  84.,   0.,   0.,   0., 271.,   2.,   1.],
        [  0.,   0., 262.,  10.,   3.,   0.,  19.,  74.,   2.,   0.],
        [  4.,   0.,  50.,   0.,   1.,   1., 261.,   0.,   1.,  21.],
        [  0.,   0.,   3.,   3., 244.,   0.,  34.,   1.,  12.,  15.],
        [  1.,  95.,  47., 286.,  19.,   8.,   8.,   0.,  46.,   0.],
        [  0.,  10.,  32., 246.,   0.,   1.,   1.,   0.,  59.,   1.],
        [ 19.,   0.,   1.,  27.,   1.,   0.,   0., 271.,   7.,   2.],
        [ 83.,   0.,   0.,   7.,   1.,   0.,   0., 241.,   0.,  20.],
        [  0.,   0.,  27.,   0.,   7.,   3., 262.,   0.,   1.,  34.],
        [  0., 274.,   9.,   5.,   2.,  34.,   0.,   0.,   8.,   2.],
        [  0.,   0.,   9.,   0.,   0.,  61., 222.,   0.,   5.,   0.],
        [  0.,   5.,   2.,   1.,   2.,  52.,   1.,   2.,   1., 217.],
        [  1.,   2.,   2.,   0.,  38.,  72., 197.,   0.,   8.,   0.],
        [  0.,   1.,   2.,   2.,   1.,   1.,   1.,   1., 231.,  70.],
        [  0.,   1., 264.,  12.,   0.,   2.,   9.,  91.,   8.,   0.],
        [  7.,   0.,   6.,   1.,  74.,  25., 286.,   0.,   2.,   7.],
        [  0.,   2., 186.,   3.,   4.,  10.,   1.,   0.,   3.,   0.],
        [152.,  23.,   9.,   1.,  38.,   0.,  18.,   0.,   6.,   0.],
        [  0., 277.,   3.,   5.,   0.,  17.,   0.,   0.,   0.,   0.],
        [  4.,   0.,   5., 254.,  28.,   1.,   0.,   0.,  26.,   0.],
        [  0.,   0.,   5.,   9.,   0.,   0.,   0., 225.,  10.,  16.],
        [  0., 273.,   4.,   4.,   0.,   7.,   0.,   3.,   0.,   0.],
        [  0.,   2.,  17.,   3.,  99.,   0., 265.,   0.,  20.,   0.],
        [ 14.,   0.,   2.,  12.,   3.,   0.,   0., 273.,   7.,   4.],
        [  0.,   1.,   3.,   0., 204.,   0.,  13.,   0.,   3.,  13.],
        [  2.,   3.,  26., 279.,   1.,   1.,   0.,   0.,  12.,   0.],
        [  0.,   4.,   3.,   7.,   0.,   1.,   0., 254.,   0.,  34.],
        [  0.,   0.,   6.,  11., 247.,   0.,  38.,   1.,   3.,   0.],
        [ 17.,   0., 153.,   1.,  49.,  11.,  80.,   0.,   0.,   0.]],
       device='cuda:0')
Epoch 9 | Batch 200
tensor([[  0.,   1.,   0.,   2.,   1., 239.,   0.,   0.,   8.,   2.],
        [  0.,   0.,  36.,   0.,   0.,   0., 252.,   0.,   1.,   0.],
        [  0.,   0.,  67.,   1.,   4.,   0., 267.,   0.,   1.,   3.],
        [  0., 270.,  50.,   3.,   0.,   0.,   4.,  17.,   0.,   5.],
        [  0.,   4.,   0.,   4.,   3.,  16.,   0., 231.,   0.,   9.],
        [  0.,   0.,   0.,  36., 264.,  27.,   4.,   3.,   0.,  96.],
        [  0.,  15.,   0.,  14.,   1.,   0.,   0.,   0., 282.,   3.],
        [ 87.,   0., 143.,   0.,   7.,  80.,   0.,  14.,   0.,   5.],
        [277.,   0.,   0.,   4.,  17.,  54.,   0.,   0.,   2.,   4.],
        [  0.,   8.,   0.,  17.,   9.,   0.,   0.,   0., 291.,   4.],
        [  0.,  29., 289.,  28.,   1.,   0.,  62.,   0.,   3.,   0.],
        [  0., 253.,  45.,  14.,   0.,   0.,   2.,  65.,  17.,   2.],
        [  0.,  25.,   0.,   1.,  12.,   0.,   0.,   0.,   0., 252.],
        [  0.,   0.,   0.,  33.,   6.,  13.,   0., 267.,   0.,  26.],
        [  0., 280.,  19.,   8.,   0.,   0.,   4.,  48.,   4.,   6.],
        [  0.,  22., 294., 109.,   1.,   0.,  49.,   0.,   1.,   1.],
        [  0.,   8.,   0.,   2., 212.,   0.,  11.,   1.,   0.,  73.],
        [ 56.,   8., 275.,  14.,   0.,   0.,  77.,   2.,   0.,   0.],
        [ 18.,   3., 295.,  10.,   1.,   0.,   2.,   2.,   2.,   1.],
        [  0.,   1.,   3.,   3., 277.,   0.,  10.,   0.,   0.,  64.],
        [  0.,   0.,   0.,   6.,   3.,  71.,   0.,   0.,   0., 270.],
        [  0.,   5.,   0.,   1.,  20.,   0.,   0.,   3.,   0., 254.],
        [  0.,   8., 290.,   4.,   1.,   0.,  59.,   0.,   0.,   0.],
        [  0.,   0., 267.,   8.,   0.,   0.,  11.,  12.,   0.,   0.],
        [  0.,   0.,   3.,   3., 220.,  48.,   8.,   0.,   0.,   7.],
        [  0.,  18., 153.,   2.,   0.,   0.,   1.,   0.,   0.,   3.],
        [  0.,   0.,   0.,  11., 265.,  56.,   2.,  89.,   0.,  74.],
        [  0.,   3., 183.,  11.,   0.,   0.,   0.,   0.,   0.,  12.],
        [  0.,   1.,  13.,  29.,   4.,  14.,   3.,   0., 279.,   2.],
        [  0.,   0.,  74.,   0., 254.,   0.,  98.,  46.,   0.,  34.],
        [  0.,  10.,   0.,   0.,  20.,   1.,   0.,  39.,   0., 259.],
        [  9.,   2.,   0.,   2.,   5.,   1.,   0., 247.,   0.,   7.],
        [  0.,  17., 286.,   4.,   0.,   0.,   0.,   0.,   0.,   0.],
        [ 18.,   1.,   0., 284.,   0.,  53.,   0.,   5.,  80.,   1.],
        [  0.,   8.,   0.,   3.,   0.,   0.,   4.,   1., 249.,   7.],
        [  6.,   0.,   2.,   2.,   3.,   1.,   0., 225.,   0.,   1.],
        [ 24.,  25.,   4., 289.,  10.,   0.,   0.,   2.,   5.,   2.],
        [ 54.,   0.,   0., 118.,  46., 142.,   0.,   0.,  12.,   1.],
        [  0.,  14.,   0.,  22.,   1.,   5.,   0.,   0., 287.,   6.],
        [ 21.,   0.,  21.,   0.,   0.,   0., 261.,   0.,  11.,   0.],
        [  0.,   0.,   0.,   2., 253.,   0.,   2.,   0.,   0.,  58.],
        [  0., 263.,   0.,   2.,   0.,   0.,   1.,  17.,   0.,   9.],
        [  0.,   0.,   0.,   1.,   9., 119.,   0.,   0.,   4.,   0.],
        [  0.,   0.,  66.,   0.,  14.,   0., 271.,   0.,   1.,   6.],
        [  0.,   0.,   0.,   3., 259.,   0.,   0.,   0.,   0.,  10.],
        [  0.,  16.,   0.,  12.,   2.,   7.,   0.,   1., 269.,  16.],
        [ 12.,   0.,  10.,   0.,  24.,   0., 219.,  53.,   0.,   0.],
        [  0.,   2.,   0.,   7.,  37., 244.,  20.,   0.,   6.,   1.],
        [  0., 261.,  27.,   4.,   0.,   0.,   1.,  15.,   0.,   4.],
        [ 11.,   1.,   0.,  13.,  15., 251.,   0.,   0.,  56.,   5.],
        [ 13.,   0.,   0.,   8.,   8., 239.,   4.,   0.,  18.,  33.],
        [ 12.,   9.,   5., 286.,   9.,   0.,   0.,   0.,  16.,   1.],
        [  0.,   4.,  25.,   0.,   2.,   0., 276.,   0.,  18.,   0.],
        [  0., 277.,  32.,   4.,   0.,   0.,  12.,  31.,   0.,  11.],
        [ 14.,   0., 144.,   5.,   0.,  14.,   0.,   0.,   0.,   0.],
        [  0.,   7.,   0.,   4.,  14.,   3.,   0.,   1.,   1., 244.],
        [  0., 259.,   7.,   3.,   0.,   0.,   0.,  60.,   0.,  12.],
        [  0.,   2.,   0.,   1.,   3.,   0.,   0.,   0., 243.,  13.],
        [  0.,   4.,   5.,   2., 226.,   0.,   5.,  24.,   0.,  10.],
        [  0.,  56.,  13., 274.,   0.,   0.,   1.,   9.,   0.,   1.],
        [238.,   0.,   2.,   6.,   5.,   0.,   0.,   0.,   1.,   2.],
        [  0.,   0., 284., 100.,   2.,   0.,  27.,   0.,   0.,   0.],
        [  0.,   1.,   9., 284.,   0.,   0.,   0.,   2.,  18.,   0.],
        [  0.,   0.,   0.,   5.,  88.,   0.,   0., 263.,   0.,  59.]],
       device='cuda:0')
Epoch 9 | Batch 300
tensor([[  0.,   0.,   3.,   6.,  51.,   0.,   0.,   8.,   0., 229.],
        [  0.,   0.,   9.,  12.,   0.,   0.,   0., 255.,   1.,  24.],
        [ 18.,   2.,   1., 287.,   0.,  29.,   0.,   5.,  84.,   0.],
        [  0.,   6., 242.,  23.,   0.,   0.,  18.,   0.,   0.,   0.],
        [ 11.,   0.,   3.,  13.,   2., 227., 129.,   0.,   4.,   1.],
        [  0., 263.,   1.,  13.,   8.,  92.,   0.,   0.,  47.,   3.],
        [  5.,   1.,   0., 282.,   0.,  65.,   0.,   2.,  26.,   3.],
        [  0.,   2.,   1.,  11.,   0.,   0., 267.,   0.,   0.,   3.],
        [  0., 255.,   0.,  11.,   3.,  71.,   0.,   0.,  31.,   1.],
        [  0.,   3.,   0.,  13.,   0., 229.,   0.,   0.,   4.,   0.],
        [  0.,   6.,   1.,   9.,   2.,   0., 257.,   0.,   7.,   0.],
        [ 86.,   2.,   2., 284.,   0.,   8.,   0.,   3.,  43.,   1.],
        [ 16.,  44.,   1.,  91.,  50., 258.,   0.,  23.,   0.,   0.],
        [ 56.,   8.,   6., 288.,   0.,   2.,   0.,   7.,   0.,  21.],
        [  0.,   2.,  11.,  22.,   0.,   0.,   0., 235.,   0.,   0.],
        [  0.,   2.,   8.,  13.,  12.,  21.,   0.,   3., 259.,  15.],
        [  0.,   0.,  34.,   5.,   3.,   0.,   0.,   1.,   0., 218.],
        [  0.,   0.,   4.,   5., 240.,  39.,   0.,   2.,   0.,  33.],
        [  9.,   0.,   3.,  13.,   0.,   0.,   5.,   0.,  65., 161.],
        [  0.,   0.,   3.,  10.,  14.,  60.,  16.,   0., 190.,   2.],
        [  0.,   5., 101.,  10.,  30.,   0.,   0., 231.,   0.,  20.],
        [  0.,   5.,   6.,   0., 255.,   1.,  25.,   0.,   0.,  58.],
        [  0.,   3.,   1.,   8.,   5.,   0.,   0.,   4.,   0., 177.],
        [ 78.,   0.,   3., 272.,   0.,   9.,   0.,  14.,   9.,   0.],
        [  0.,   0.,   2.,   9.,  27.,   0.,   0.,  22.,   0., 214.],
        [  0.,   1., 259.,  11.,   0.,   0.,   4.,   0.,   0.,   0.],
        [  0.,   0.,  16.,   6.,  23.,   0.,   0.,  12.,   0., 215.],
        [  0.,   0.,   0.,   4., 229.,   0.,   0.,   9.,   6.,  27.],
        [  0., 256.,  14.,  15.,   0.,   0.,   0.,   0.,   7.,   3.],
        [  0.,  13.,   2., 264.,   0.,   4.,   0.,   1.,  16.,   1.],
        [ 87.,   0.,   9.,  33.,   0., 151.,   3.,   0.,   8.,   0.],
        [ 12.,   0.,   2.,  19.,   0.,  99.,   0.,   0.,   7.,  49.],
        [275.,   0.,  10.,  17.,   0.,   3.,  33.,   0.,   0.,   0.],
        [  0.,   2.,   0., 104.,   0.,   0.,   0.,  23.,  10.,   3.],
        [  0.,   0., 137.,  49.,   0.,  41.,  35.,   0.,   0.,   0.],
        [  0.,   0.,   5.,  21.,   1.,  14.,   0., 256.,   0., 119.],
        [  0.,   0.,   4.,   5., 251.,   0.,  41.,   2.,   1.,  85.],
        [  0., 268.,  37.,  19.,   0.,  10.,   0.,   0.,  54.,   2.],
        [  0.,   2.,   2., 255.,   0.,   1.,   0.,   1.,  17.,  34.],
        [  0.,   1., 214.,   7.,   0.,   7.,   9.,   0.,  30.,   0.],
        [  0.,   0.,   1.,   7.,   1.,   1.,   0.,   2., 245.,  44.],
        [  0.,   1.,  41.,   3., 274.,   0.,   0.,   5.,   0.,  25.],
        [ 11.,   3.,  26.,  14.,  42.,   0.,   0., 240.,   0.,   2.],
        [  0.,  38.,  13.,  21.,   0.,   0.,   0., 208.,  14.,   1.],
        [ 56.,   5.,   0., 283.,   0.,  34.,   0.,  20.,   3.,  22.],
        [  0.,  46.,  11.,   8.,  53.,  27.,   0.,   0., 258.,   7.],
        [  0.,  11.,   2.,  11.,  64., 217.,   0.,   2.,   1.,  14.],
        [  0.,  15.,   4.,  22.,   2., 196.,   0.,   0.,   0.,   0.],
        [  0.,   0.,  45.,   3., 233.,   0.,  64.,   0.,   0.,  75.],
        [  0.,  39.,  43.,  17.,   0.,   0.,   0., 200.,   1.,   0.],
        [105.,   1.,   1., 140.,   0., 239.,   1.,  29.,   0.,   9.],
        [  0.,   0.,   1.,  13.,  18., 179.,   0.,   3.,   0.,  10.],
        [  0., 260.,   0.,  16.,   0.,   3.,   0.,   0.,  18.,   2.],
        [  0.,   0.,   3.,  10.,  20.,   0.,   7.,   7.,   0., 220.],
        [  0.,   0.,   3.,  14.,   1.,  27.,   0., 246.,   0., 103.],
        [284.,   0.,   7.,  39.,   0.,  21.,   0.,  22.,   0.,   0.],
        [  0.,   0.,   6.,   7.,  14.,   0.,   0.,  14.,   0., 220.],
        [ 27.,   0.,  13.,  39.,   2.,  33.,   0., 228.,   0.,  47.],
        [  0., 249.,  11.,  14.,   0.,   0.,   0.,   0.,   5.,   3.],
        [269.,   0.,   1.,  37.,   1.,  76.,   0.,  36.,   0.,   0.],
        [ 78.,   1.,   0., 261.,   0.,  20.,   0.,   0.,   2.,   5.],
        [  0., 254.,   0.,  14.,   0.,  44.,   0.,   0.,  23.,   5.],
        [  0.,  55.,   0.,   4.,  53.,  46.,   0.,   0., 249.,   1.],
        [  1.,   0.,  33.,  10.,   1.,   0., 262.,   0.,   0.,   8.]],
       device='cuda:0')
Epoch 9 | Batch 400
tensor([[  0., 247.,   0.,   0.,   0.,   4.,   5.,   0.,   1.,  11.],
        [ 37.,   0.,   0., 118.,   0., 240.,   0.,   0.,  45.,  15.],
        [  0.,  40.,   0., 249.,   0.,   0.,   0.,   0.,  49.,   0.],
        [ 32.,   0.,   0.,   6.,   3., 235.,   0.,   5.,  23.,  40.],
        [  0.,   0.,   0.,  45., 246.,   7.,   0.,   0.,   6.,   0.],
        [  1.,   0.,   1.,   0.,   0.,   0.,   0., 270.,  21.,  45.],
        [  0.,  69., 266.,  20.,   0.,   0.,   0.,   0.,   0.,   0.],
        [  0.,  51., 281.,   0.,  25.,   0.,   0.,   0.,   1.,   0.],
        [ 63.,   0.,   0.,  73.,   1., 221.,   0.,   0.,  24.,   2.],
        [  9.,   0.,   0.,  62.,   5., 243.,   0.,   0.,  37.,  14.],
        [  0., 251.,   0.,   2.,   0.,   5.,   0.,   0.,   2.,  33.],
        [  2.,   0.,   0.,  74.,   0., 213.,   0.,   0.,  13.,   0.],
        [ 59.,   0.,   1.,  95.,   0., 240.,   0.,   0.,  20.,   0.],
        [  0.,  43.,   0., 221.,   0.,   1.,   1.,   0.,  14.,   2.],
        [  1.,  59.,   0.,   1.,   0.,   1.,   0.,   0., 239.,   8.],
        [  3.,   0.,   8.,   0.,  32.,   3., 239.,   0.,   1.,   0.],
        [  2.,   7.,   4., 238.,   1.,  22.,   0.,   0.,  12.,  25.],
        [  6.,   0.,   0.,   0.,   4.,   0.,   0., 275.,  10.,  68.],
        [  0.,   0.,   1.,   0.,   8.,   1.,   0.,   2.,  15., 248.],
        [  2.,   0.,  11.,   1.,   1.,   0.,   0.,  35.,   7.,  51.],
        [  1.,   0.,   7.,   2., 256.,  42.,   0.,   2.,   6.,   0.],
        [  0., 251.,   0.,   5.,   0.,  10.,   0.,   0.,   1.,  68.],
        [  1.,   0.,   1.,   0., 257.,   2.,   0.,  20.,   2.,   1.],
        [  3.,   0.,   0., 126.,   0.,   0.,   0., 189.,   7.,   0.],
        [ 21.,  60.,   0., 260.,   0.,  25.,   0.,   0.,  55.,   0.],
        [  3.,   0.,  32.,   0.,  40.,   0., 249.,   0.,   6.,   0.],
        [  0.,   0.,   1.,   0., 254.,   0.,  40.,   7.,   9.,   0.],
        [  0., 251.,   0.,   4.,   0.,   9.,  18.,   0.,   1.,   2.],
        [  1.,   0.,   2.,   0.,  90.,  21.,   0.,  18.,  70., 244.],
        [  0.,   0.,   0.,   0., 234.,   0.,   0.,   2.,  11.,  11.],
        [  0.,   0.,   0.,  36.,   0.,   0.,   0., 246.,   6.,   0.],
        [  6.,   0.,   1.,  47.,   0.,   0.,   0., 246.,   2.,   0.],
        [  7.,   0.,   0.,  65.,   1.,   0.,   0.,  61.,   0., 163.],
        [  0., 264.,   2.,   1.,   0.,   4.,  19.,   0.,   2.,   1.],
        [  3.,   0.,   1.,   0., 105.,   0.,   0.,  34.,  11., 185.],
        [  0.,   2.,   0.,   0.,   0.,   0.,   0., 234.,   7.,  59.],
        [  1.,   0.,   0.,  47.,   0., 129.,   0.,   0.,  11.,   4.],
        [  0.,  78.,   2., 254.,   0.,  70.,   0.,   0.,  34.,   0.],
        [  0., 257.,   0.,   0.,   0.,   3.,   0.,  42.,  16.,  50.],
        [  0., 251.,   1.,   0.,   1.,   2.,   0.,   4.,  17.,   0.],
        [  0.,   0.,   0.,   0.,   5.,   0.,   0., 260.,  37.,  17.],
        [  8.,   0.,   4.,  21.,   0.,  60.,   0.,   0., 276.,   0.],
        [  0., 259.,   3.,   0.,   4.,  42.,   0.,  53.,  17.,  35.],
        [  1.,   0.,   9.,   0.,  43.,   0.,   0.,  65.,   4., 187.],
        [  2.,   0.,   3.,   0., 116.,   0., 226.,   0.,   5.,   0.],
        [  0.,   0.,   1.,   5.,   3.,  15.,   0.,   1.,  32., 216.],
        [ 37.,   0.,   0.,  11.,   0., 228.,   0.,  15.,  36.,   0.],
        [  0.,  23., 241.,  31.,  12.,   0.,   0.,   0.,   2.,   0.],
        [  0., 254.,   2.,   0.,   0.,   1.,   0.,   0.,   6.,  24.],
        [  0.,   7.,   1.,   2.,   0.,   0., 134.,   0.,   2.,   0.],
        [  0.,   1.,   1.,   0.,   1.,   0.,   0., 163.,   5.,   0.],
        [  2.,   0.,   0.,  39.,   1., 118.,   0.,   7.,   9.,  51.],
        [  7.,   0.,   1.,  50.,   0.,   0.,   0., 283.,  13.,   1.],
        [  0.,   0.,   2.,   0., 255.,  12.,   0.,   5.,  45.,   8.],
        [  0.,   6.,   0.,   0.,  33.,  36.,   5.,   0.,   7., 224.],
        [  1.,   1.,   5.,   0.,  19.,   0., 105.,   0., 207.,   0.],
        [253.,   0.,   1.,  21.,   0.,   0.,  17.,   0.,   3.,   0.],
        [  3.,   8.,   1., 264.,   0.,  58.,   0.,   0.,  75.,   0.],
        [  2.,   0.,  16.,   0.,  57.,   0., 237.,   0.,   2.,   0.],
        [  0.,  13., 201.,  31.,   0.,   0.,   0.,   0.,   0.,   0.],
        [  1.,   0.,   4.,   0.,  11.,   0., 232.,   0.,   3.,   0.],
        [  0.,  27., 253.,   0.,   0.,   0.,   0.,   0.,   0.,   0.],
        [  1.,   2.,   1.,   0.,   6.,  78.,   0.,   0., 267.,   3.],
        [274.,   0.,   2.,   8.,   0.,   0.,   0., 107.,   8.,   0.]],
       device='cuda:0')
Epoch 9 | Batch 500
tensor([[ 16.,   7.,   6., 263.,   0.,  59.,   0.,  29.,  30.,   0.],
        [  0.,   6., 280.,   0.,  23.,   0.,   0.,   0.,  27.,   0.],
        [ 39., 256.,  21.,   7.,   0.,   0.,  61.,   0.,   6.,   2.],
        [  0.,   7.,   0.,   2.,  10., 282.,   0.,   0.,   8.,   0.],
        [  0.,   0.,   2.,   4., 229.,   0., 123.,   2.,   0.,  40.],
        [  0.,   8.,   0.,  15.,  76.,   0.,   0.,   0.,   6., 222.],
        [  0.,  26.,  38., 260.,   1.,  23.,   0.,   0.,   5.,   0.],
        [  0.,   0.,   0.,   1., 224.,   0.,   0.,   1.,  22.,  47.],
        [ 12.,  62.,   0.,  33.,   1.,   5.,   0.,   0., 241.,   1.],
        [  0., 226.,   2.,  37.,  54.,   5.,  11.,   0.,   5.,   0.],
        [  0.,   0.,   0.,  18.,   9.,   0.,   0., 260.,   0.,  29.],
        [  0.,   7.,   1.,   0.,   7.,   1.,   0.,   0., 269.,  14.],
        [  0.,   1., 106.,   0.,  64.,   0.,  35.,   0.,  65.,   0.],
        [  0.,   0.,   0.,  22.,   1.,   3.,   0.,   0.,  22., 228.],
        [  0.,   7.,   4., 261.,   0., 114.,   0.,   1.,  11.,  12.],
        [  0.,   2.,   0.,  42., 247.,   0.,   0.,   0.,  54.,  13.],
        [  0.,   2.,   0.,  11.,   3.,   0.,   0., 222.,   4.,  53.],
        [  0.,   1., 245.,   2.,   1.,   0.,   0.,   0.,   5.,   0.],
        [248.,   0.,   7.,   0.,   3.,   0.,  20.,  47.,  37.,   0.],
        [260.,   0.,  14.,   3.,   0.,   1.,   9.,  14.,   0.,   0.],
        [ 26.,   2., 275.,   0.,  34.,   0.,   0.,   0.,   0.,   0.],
        [  0.,   0.,   0.,   3., 241.,   0.,   3.,   0.,  51.,  64.],
        [  0.,   2.,   0.,  25.,   2., 287.,   0.,   0.,   6.,   0.],
        [ 20.,  18., 252.,  25.,   1.,   6.,   0.,   0.,  48.,   0.],
        [259.,   0.,   9.,   3.,   0.,   5.,   0.,   6.,   0.,   0.],
        [  0.,  10.,   4., 222.,  27.,   0.,   0.,   0.,  69.,   0.],
        [260.,   0.,   2.,   8.,   0.,   3.,   1.,  20.,  37.,   6.],
        [  0.,   5.,   0.,   1.,  15.,   0.,  31.,   0.,   0., 265.],
        [263.,   0.,   0.,   4.,   1.,   2.,  28.,   1.,   1.,   0.],
        [  0., 252.,  27.,   5.,   0.,   0.,   0.,   0.,  22.,   0.],
        [  0.,   4.,  33.,   1.,  14.,   0.,   0.,   0., 252.,   0.],
        [  0.,  12., 210.,   0.,   1.,  21.,   2.,   0.,   1.,   0.],
        [  0.,   0.,  60.,   0.,   1.,   0., 254.,   0.,   3.,  15.],
        [ 70.,   2.,   1., 245.,   1.,  81., 112.,   0.,   0.,   0.],
        [  0.,   1.,   0.,   1.,   7.,   0.,   0., 260.,   0.,  19.],
        [  0.,   0.,   0.,   0.,   0., 266.,   0.,   0.,   0.,   0.],
        [  0.,   0.,   0.,  23., 242.,   0.,   0.,  22.,   1.,   0.],
        [  0.,   5., 255.,   0.,  10.,   0.,   0.,   0.,   0.,   0.],
        [  0.,  48.,   4.,   6.,  12.,   0.,   0.,   0., 273.,   0.],
        [265.,   0.,  19.,   4.,   0.,   2.,   0.,   8.,   0.,   0.],
        [259.,   0.,   6.,   1.,   0.,   0.,   5.,   2.,  48.,   0.],
        [  0.,   8.,  83., 256.,  15.,  19.,   0.,   0.,   2.,   0.],
        [  0.,   9.,   0.,   0.,  12., 273.,   0.,   0.,   0.,   0.],
        [  0.,  14., 268.,   0.,   6.,  20.,   0.,   0.,  26.,   0.],
        [  0.,   8.,   1.,  15.,   1., 286.,   0.,   0.,  58.,   0.],
        [  0.,   0.,   0.,   4.,   5.,   0.,   0., 245.,   0., 121.],
        [  3.,   0.,  51.,   1.,   0.,   0., 188.,   2.,   0.,   0.],
        [  9., 256.,  14.,  13.,   2.,   0.,  18.,   1.,   6.,  15.],
        [  0.,   0.,   0.,   2., 268.,   0.,  25.,   0.,   0.,   7.],
        [ 17.,   6.,   0.,   0.,  12.,   0.,   0.,   0., 233.,   0.],
        [  0.,   0.,   0.,  85.,   6.,   0.,   0., 265.,   0.,   8.],
        [ 68.,   0.,   6.,   0.,   9.,   0., 265.,   0.,  19.,   0.],
        [252.,   1.,   0.,  51.,   1.,  14.,   0.,   4.,   0.,   0.],
        [  0., 218.,  15.,   2.,   1.,   0.,   0.,   1.,  20.,   0.],
        [  0.,   0.,   0.,  20.,  30.,   0.,   4.,   0.,   4., 243.],
        [  0.,   0.,   0.,  18., 265.,   0.,  26.,   0.,  58.,  47.],
        [  0.,   0.,   1.,   2.,   0.,   0.,   0., 275.,   0.,  13.],
        [246.,   0.,  63.,   0.,   0.,   0.,   0.,   5.,   0.,   0.],
        [  0., 223.,   5.,  27.,   2.,   0.,   0.,   0.,  56.,  58.],
        [  0., 230.,  12.,   6.,   1.,   0.,   0.,  13.,  14.,   0.],
        [  0.,   0.,   0.,   0.,   2., 268.,   0.,   0.,   9.,   4.],
        [ 33.,   0.,   0.,  25.,   0.,   0.,   0., 168.,   0.,  39.],
        [  0.,  12., 258.,   0.,  54.,   0.,   0.,   0.,   3.,   0.],
        [  0.,   0.,   6.,   2.,   5.,   0.,  18.,  24.,   0., 256.]],
       device='cuda:0')
Epoch 9 | Batch 600
tensor([[  0.,   0.,  26.,   1., 250.,   2.,   0.,   1.,   0.,   0.],
        [261.,   0.,  35.,  36.,   0.,  13.,  15.,   0.,  87.,   0.],
        [  0.,   2.,   0.,   0.,  24.,   5.,   0.,  27.,   0., 255.],
        [  0.,   0.,   0.,   1.,  33.,   0.,   0., 258.,   0.,   6.],
        [274.,   0.,   0.,  68.,   0.,   5.,  15.,   0.,   0.,   0.],
        [252.,   0.,   0.,  24.,   0.,   3.,   0.,   0.,  50.,  18.],
        [  2.,   3.,   0.,   0., 233.,   0.,  53.,   4.,   0., 102.],
        [  0.,   0., 138.,   0.,  23.,   1., 281.,   0.,   0.,   3.],
        [270.,   0.,   0.,  47.,   0.,   5.,  45.,   0.,   0.,   0.],
        [271.,   0.,  20.,  19.,   0.,   6.,  49.,   0.,  44.,   6.],
        [  0.,   1., 253.,   0.,  22.,   0.,   0.,   0.,   0.,   0.],
        [  0.,  49.,   0.,   1.,   0.,   1.,   0.,   7., 251.,   1.],
        [ 17., 215.,  12.,  33.,   0.,   0.,   0.,   0.,   6.,   0.],
        [  0.,   0.,   2.,  24.,   0.,  46.,  10.,   1., 258.,   7.],
        [ 32.,   0.,   0.,  86.,   0., 224.,   0.,  18.,  50.,  26.],
        [  0., 251.,   7.,  19.,   1.,   0.,   0.,   6.,  34.,  14.],
        [  0., 218.,  10.,   0.,   5.,   1.,   0.,   4.,  21.,   0.],
        [  0.,  81., 107.,   7.,   7.,   0.,   0., 245.,   0.,   6.],
        [267.,   0.,   0., 113.,   0.,  35.,   0.,   0.,  39.,   0.],
        [  0.,   0.,   0.,   3.,   0., 144.,   0.,   0.,   4.,  50.],
        [  0.,   4., 255.,   0.,   4.,   0.,   0.,   0.,   0.,   0.],
        [  0.,   4.,   0., 245.,   0.,   1.,   0.,  10.,   0.,   0.],
        [ 12.,   0.,   1.,   0.,   0.,   1.,   0., 263.,   3.,   0.],
        [  0., 250.,  34.,   0.,   1.,   0.,  33.,   7.,   0.,   0.],
        [  0.,  56.,  35.,   0.,   0.,   0.,   0.,   5., 232.,   7.],
        [  0.,   1.,  58.,   0.,  10.,   0., 260.,   0.,   0.,  17.],
        [  0., 260.,  62.,   0.,   0.,   0.,   0.,   5.,  54.,   0.],
        [  0.,   9., 250.,   0.,  27.,   0.,   0.,  59.,   0.,   0.],
        [  0.,   1., 239.,   0.,  32.,   0.,   0.,  17.,   0.,   0.],
        [  0.,   1.,   0., 249.,   0.,  85.,   0.,   1.,   1.,  11.],
        [  0.,   0.,   3.,   0.,   0.,   0.,   0., 257.,   0.,  40.],
        [  0.,   2.,   2.,   0.,  15.,   1.,   0.,  24.,   1., 272.],
        [  0.,   0., 132.,   0.,   7.,   1., 252.,   6.,   0.,   0.],
        [  0.,   7.,   0.,   6.,   0.,   1.,   0.,   0., 232.,  28.],
        [  0.,   0.,  12.,   1., 218.,   2.,   0.,   4.,   0.,  77.],
        [  0.,   0.,  28.,   0., 264.,   2.,   0.,   5.,   0.,  74.],
        [  0.,   0.,   2., 223.,   0.,  30.,  78.,   0.,   0.,  46.],
        [  0.,   0.,   1.,   5.,   0., 240.,  38.,   0.,  40.,  51.],
        [  0.,   3.,  27.,   0.,   7.,   0., 167.,   5.,  11.,   0.],
        [  0.,   0.,   0., 274.,   0.,  18.,   0.,   1.,   0.,   0.],
        [  0., 118.,  12.,   0.,   0.,   1.,   0.,   1., 234.,   0.],
        [280.,   0.,   0.,  36.,   0.,  16.,   0.,   0.,   0.,   0.],
        [  0.,   0.,   0., 272.,   0.,  21.,   0.,   2.,  16.,   1.],
        [  5.,   0.,   0., 270.,   0.,  24.,   0.,  94.,  70.,   0.],
        [  0.,  19.,   6.,   0., 225.,   1.,   2.,   4.,   1., 101.],
        [  0.,  33.,   0.,   0.,   3.,  51.,   0.,  32.,   6., 254.],
        [  0.,   2., 249.,   3.,   0.,   3.,   0.,   1.,  18.,   0.],
        [  2.,   0.,   7.,   0., 195.,   2.,   0.,   7.,   0.,  19.],
        [267.,   0.,  21.,  39.,   0.,  13.,   0.,   0., 111.,   0.],
        [  0., 250.,  17.,  26.,   0.,   0.,   0.,   2.,  61.,   0.],
        [  7.,   0.,   0.,   6.,   0., 209.,   0.,   3.,   3.,   0.],
        [  0.,   0.,   0.,   0.,  39.,   3.,   0.,  32.,   0., 224.],
        [  7.,   0.,   3.,   0.,   0.,   1.,   0., 263.,  40.,   0.],
        [  0.,  57., 241.,   0.,  72.,   0.,   0.,   1.,   0.,   0.],
        [  0.,  26.,   1.,  31.,   0.,  41.,   0.,   1., 243.,   0.],
        [  0.,   0.,   0.,   1., 214.,   0.,   0.,   2.,   0.,   1.],
        [ 91.,   0.,  49., 182.,   0.,   1.,  99.,   0.,   0.,   0.],
        [  0., 257.,  28.,   2.,   0.,   0.,   0.,   2.,  41.,   0.],
        [  0.,  11., 263.,   3.,   0.,   1.,   0.,   0.,   1.,   0.],
        [  0.,  47., 236.,   5.,   0.,   0.,   0.,   0.,   0.,   0.],
        [  0.,   0.,  63.,   0.,  30.,   0., 252.,   0.,   0.,  38.],
        [  0.,   0., 244.,   0.,  67.,   0.,   0.,   0.,   0.,   0.],
        [  0.,   1., 287.,   0.,   0.,   0.,   0.,  81.,   0.,   0.],
        [  0.,  41., 240.,   0.,   0.,   1.,   0.,   3.,   1.,   0.]],
       device='cuda:0')
Epoch 9 | Batch 700
tensor([[ 83.,   0.,   0.,   8.,   1.,   0.,   0., 287.,   0.,   7.],
        [ 16.,   0.,   0.,  27.,   0., 245.,   0.,   0.,   0.,   0.],
        [ 15.,   2.,   0., 279.,   5.,  66.,   0.,   0.,   2.,  80.],
        [ 12.,   4.,   5., 282.,   0., 109.,   0.,   0.,   5.,   9.],
        [  0.,   0., 105.,   7.,   0.,   0.,   0.,  54.,   0.,   0.],
        [296.,   0.,   8.,  42.,  28.,   9.,  64.,   0.,   0.,   0.],
        [ 10.,  17.,   0., 243.,   0.,   9.,   0.,   0.,   0.,   0.],
        [ 20.,   0.,   0.,   4.,  38.,   0.,   0., 294.,   0.,   9.],
        [  0.,   0.,   0.,   7.,   1.,   1.,   0.,  28.,   0., 248.],
        [275.,   0.,  24.,   6.,  32.,  50.,  12.,   0.,   0.,   0.],
        [  1.,  25.,   3.,   6.,  13.,   1.,   0.,   0., 230.,   0.],
        [ 37.,   0.,   0.,  64.,   0., 278.,   0.,   0.,   1.,   0.],
        [ 66.,  11.,   0.,  16.,   0.,   1.,   0., 288.,   0.,   0.],
        [  0., 269.,  77.,  11.,   6.,   1.,   0.,   0.,  17.,   0.],
        [  0.,   7.,   0.,  15., 182.,   2.,   0.,  68.,  43.,   6.],
        [  6.,   0.,  65.,   6.,  36.,   0., 237.,   3.,   0.,   0.],
        [  7.,   0.,   8., 261.,   0.,  12.,   6.,   0.,   4.,   0.],
        [  0., 270.,  22.,  12.,  32.,   0.,  10.,  57.,  28.,   0.],
        [266.,   0.,   1.,  28.,   3.,  68.,  35.,   0.,   0.,   0.],
        [  8.,   0.,   1.,   9.,   1.,  15., 249.,   0.,   0.,   4.],
        [  5.,   0.,   0.,  16., 252.,  50.,  10.,  20.,   0.,  49.],
        [  0., 250.,   3.,  18.,   0.,   0.,   0.,   7.,   0.,   0.],
        [265.,   0.,   1.,  23., 114.,   7.,   0.,   0.,   0.,   0.],
        [  9.,   0.,   0.,  15.,   0.,  69., 163.,   0.,   0.,   0.],
        [  7.,   0.,   2.,   4.,  13.,   0.,   0.,  13.,  94.,  58.],
        [ 15.,   2.,   1., 235.,   0.,  26.,   0.,   0.,   0.,   0.],
        [  1., 274.,  52.,  10.,  20.,   0.,  25.,   2.,  22.,   0.],
        [  2.,   0.,   0.,   6.,   4.,   0.,   0., 266.,   0.,  68.],
        [  1.,   0.,   0.,   7.,   5.,   0.,  67.,   1.,   7., 250.],
        [  3.,   0.,   1.,   9., 257.,   1.,  92.,   0.,  22.,  17.],
        [  1.,   0.,   6.,   2.,   1.,   0.,   0.,   4., 223.,   0.],
        [ 32.,   0.,  29.,  11.,   4.,   9., 136.,   0.,   0.,   0.],
        [  7.,  50.,   2.,  14.,   0.,   2.,   0.,   4., 265.,   0.],
        [  7.,   1.,   0.,  57.,   0., 246.,   0.,   0.,   1.,   0.],
        [  6.,   0.,   2.,   5., 253.,   3.,   8.,   7.,   1.,  52.],
        [  6.,   3.,   0.,  25.,   1.,   1.,   0., 290.,   0.,   9.],
        [  4.,  30.,  59.,  14.,   0.,   2.,   0.,   0., 244.,   0.],
        [  2.,   0.,   0.,   9.,   9.,   0.,   0.,  91.,   0., 250.],
        [178.,   0., 125.,  36.,   2.,  48.,  71.,   0.,   0.,   0.],
        [  4.,   0., 242.,  20.,   0.,   1.,   0.,   4.,   1.,   0.],
        [  1., 278.,  26.,  13.,   6.,   2.,   6.,  17.,  29.,   0.],
        [  0., 247.,   4.,   7.,   3.,   1.,   8.,  50.,   3.,   0.],
        [  7.,   0., 251.,  19.,   0.,   0., 106.,   2.,   0.,   0.],
        [287.,   0.,   1.,  43.,   2.,  31.,  75.,   0.,   0.,   0.],
        [  6.,   0.,   0.,   4., 256.,   1.,   0.,   0.,   0., 104.],
        [291.,   0.,   5.,  26.,  21.,  20.,   1.,   0.,   0.,   0.],
        [  0., 256.,   4.,  31.,   0.,   2.,   0.,  23.,  17.,   0.],
        [296.,   0.,   7.,  15.,  26.,  19.,  46.,   0.,   0.,   0.],
        [  0., 271.,   9.,  55.,   0.,   3.,   0.,  25.,  27.,   0.],
        [ 95.,   0.,   1.,  51.,   1.,  10.,   0.,   0., 264.,   0.],
        [  0., 252.,  37.,   6.,   7.,   0.,   0.,   0.,   2.,   0.],
        [  2.,  30.,   0.,  27.,   0.,   3.,   0.,   0., 228.,   0.],
        [  0.,   3.,   0., 235.,   0.,  14.,  43.,   0.,   4.,   7.],
        [  1.,   0.,   0.,   6.,   4.,   0.,  57.,   0.,   0., 233.],
        [  2.,  50., 290.,  36.,   0.,  12.,  72.,   1.,  38.,   0.],
        [ 63.,   4.,   6.,  63.,   0.,   4.,   0.,   1., 260.,   0.],
        [  1., 161.,  42.,   7.,   0.,   8.,   0.,   0., 245.,   0.],
        [  1.,   0.,   0.,  41.,   1.,   4.,   0.,  28.,   2., 247.],
        [  2.,  36.,   0.,   4.,   0.,   0.,   0., 259.,   0.,   0.],
        [  2.,  38.,   0.,   8.,   0.,   2.,   0.,   0., 250.,   0.],
        [  9.,   0.,   0.,   4., 257.,   2.,   3.,   7.,   3.,  27.],
        [  3.,  23.,   2., 260.,   0.,  86.,   0.,   0.,  40.,   0.],
        [  2.,   0.,   0.,  10.,  23.,   0.,   0.,   4.,   0., 264.],
        [  1.,  57., 269.,  35.,   0.,   8.,   0.,   2.,  10.,   0.]],
       device='cuda:0')
Epoch 9 | Batch 800
tensor([[ 62.,   0.,   6., 265.,  20.,  13.,   0.,   0.,  10.,   0.],
        [  0.,   0.,   0.,   0.,   2.,  15., 271.,   0.,  86.,   0.],
        [ 12.,   0.,   0., 270.,   0.,   7.,   0.,   0.,   4.,   0.],
        [  0., 256.,   0.,  10.,   3.,   0.,   0.,   0.,   0.,   0.],
        [  0.,   3.,   0.,   1.,   1.,   0.,   0., 272.,   0.,   6.],
        [ 27.,   0.,   0., 264.,  38.,   0.,   0.,   0.,   0.,   0.],
        [  0.,  20., 189.,   1.,  14.,   0.,   0.,  52.,   0.,  26.],
        [  4.,  50.,   4.,   0.,   2.,   0.,   0.,   0., 251.,   0.],
        [  1.,   0.,   0.,   0., 232.,   0.,  75.,  29.,  56.,  67.],
        [  1.,   0.,   0.,   0.,   1.,   0., 276.,   0.,  70.,   0.],
        [  6.,  15.,   0., 283.,   1.,  18.,  49.,   0.,   9.,   0.],
        [  2.,   0.,   0., 238.,   1.,   0.,  32.,  43.,   0.,   0.],
        [  0., 265.,   1.,  18.,   1.,   0.,   0.,   4.,   1.,   0.],
        [  0., 258.,   3.,   8.,   0.,  25.,   0.,   0.,   5.,  44.],
        [  6.,   0.,   0.,   0.,   3.,  17., 269.,   0.,  52.,   0.],
        [  1.,   0.,   0.,   0.,  61.,   0.,   0., 247.,   0.,  25.],
        [  0.,   2.,   0.,   0.,   8., 227.,   0.,  31.,   2.,   0.],
        [ 11.,  28.,   0.,  35.,   2., 221.,   0.,   0.,   0.,  43.],
        [ 27.,   0.,   0., 283.,   3.,   9.,   0.,   0.,   0.,   1.],
        [  1.,   0.,   0.,   0., 225.,   0.,   0.,  87.,   3.,  18.],
        [  0.,  77.,  28.,  15.,   1.,   0.,   0.,   0., 239.,  47.],
        [  0.,   0.,   0.,   0.,   1., 158.,   0.,   0.,   0.,   0.],
        [  0.,   0.,   0.,   0., 231.,   0.,  13.,   0.,   0., 118.],
        [ 52.,   0.,   0.,  69.,   9., 214.,   0.,  43.,   3.,  29.],
        [273.,   0.,   0.,  19.,   6.,  90.,   0.,   0.,   0.,   7.],
        [270.,   0.,   0.,  30.,   3.,   8.,   0.,   0.,   0.,   0.],
        [287.,   0.,   0.,   8.,   4.,  83.,   0.,   0.,  20.,   0.],
        [  0.,   2.,   3.,  43.,   1.,   0.,   0.,   0., 230.,   0.],
        [ 60.,   0.,   0., 264.,   4.,   3.,   0.,   0.,   0.,  21.],
        [  0.,  32.,   0.,   2.,  96.,   0.,  37.,   0.,   3., 235.],
        [  4.,  19., 224.,  13.,   2.,   0.,   0.,   0.,  38.,   0.],
        [  0.,   0.,   0.,   0., 231.,   0.,   0.,   2.,   0.,  34.],
        [  0., 267.,   1.,  29.,   4.,   0.,   0.,   0.,   4.,   0.],
        [  7.,   0.,   0.,   0.,  44.,   0.,  25.,  13.,  18., 230.],
        [ 13.,   0.,   0.,  88.,   5., 229.,   0.,   0.,  54.,   0.],
        [  2.,  84.,   0.,   0.,   7.,   6.,   0.,   0., 209.,   2.],
        [ 52.,   0.,   9.,   0.,   6.,  34., 274.,   0.,   0.,   0.],
        [ 79.,   0.,   0.,  88.,   9., 230.,   2.,   0.,   2.,   0.],
        [  6.,   0.,   0.,   0.,  16.,   0.,   0., 278.,   0.,   7.],
        [279.,   0.,   0.,   1.,  11.,  89.,  19.,   0.,   0.,   0.],
        [ 18.,   0.,  38.,   0.,   0.,   0., 136.,   0.,   0.,   0.],
        [ 49.,   0., 219.,  34.,   0.,   0.,   0.,   0.,   0.,   0.],
        [  0., 230.,   0.,   3.,   0.,   0.,   0.,  47.,  36.,  32.],
        [  0.,   2.,   0.,  15.,  12.,   0.,   0.,  24.,   0., 264.],
        [ 24.,   0.,   0.,   0.,  12.,   0.,  21.,   0., 207.,   0.],
        [  2.,   0., 222.,   5.,   2.,   0.,   0.,   0.,   0.,   0.],
        [ 44.,   0.,   0.,   5.,  46.,   0.,   0.,  84.,   0., 261.],
        [  1.,   0., 264.,   1.,   8.,   0.,   0.,   0.,   0.,   0.],
        [  0., 267.,   1.,  20.,  11.,   0.,   0.,   0.,  10.,   0.],
        [  0.,   0.,   0.,   0.,   1.,   0., 277.,   0.,  79.,   0.],
        [  3.,  11.,   3.,   0.,  20.,   0.,   0.,   0., 237.,   0.],
        [ 19.,   0.,  15.,   0.,   7.,   0., 265.,   0.,   0.,   0.],
        [  0.,   2.,   0.,   0.,   8., 209.,   0.,   0.,   3.,   0.],
        [ 55.,  50.,   0.,   6.,  12., 265.,   0.,   0.,  21.,   3.],
        [ 23.,   0.,   0.,   0., 263.,   0.,   0.,  70.,  50.,  42.],
        [  0.,  20.,   0.,   0., 260.,   0.,  55.,   4.,  53.,  14.],
        [263.,   0.,   0.,  13.,   5.,  21.,   1.,   0.,   0.,   0.],
        [ 68.,   0.,   0., 257.,   3.,   0.,   0.,   0.,   0.,   0.],
        [  1.,   4.,   0.,   0., 269.,   0.,   0.,   0.,   3.,  51.],
        [ 46.,   0.,   0.,   2.,  14., 248.,   0.,   0.,  90.,   0.],
        [  1.,   2.,   2.,  17.,   2.,  45.,   0.,   0., 248.,   0.],
        [  0., 228.,   0.,   3.,   0.,   0.,   0.,  30.,  23.,  42.],
        [  0., 129.,   0.,   0.,  22.,  19.,   0.,   0., 234.,   0.],
        [  1.,   0., 250.,   4.,   8.,   0.,   0.,   0.,   1.,   0.]],
       device='cuda:0')
Epoch 9 | Batch 900
Switching label layer to Inference Mode (LIF)...
Epoch 9 DONE | Test Acc: 71.30% | Time: 781.1s
Switching label layer back to Training Mode (Clamp)...
