epoch,test_acc,time
0,9.805689102564102,203.09183502197266
1,9.805689102564102,208.30966901779175
