epoch,test_acc,time
0,9.805689102564102,221.51412916183472
1,9.805689102564102,213.15388679504395
2,9.805689102564102,213.25219655036926
