{
    "config": {
        "layer_dims": [
            784,
            400,
            10
        ],
        "lt_m": 0,
        "lt_n": 5,
        "lt_a": 1.0,
        "lt_scheduler_type": "cyclic_phase",
        "gamma_value": 0.05,
        "gamma_every_n": null,
        "t_init_cycles": 15,
        "phase2_cycles": 15,
        "pc_lr": 0.0001,
        "batch_size": 256,
        "epochs": 20,
        "use_adamw": true,
        "adamw_weight_decay": 0.01,
        "adamw_betas": [
            0.9,
            0.999
        ],
        "adamw_eps": 1e-08,
        "clip_grad_norm": 1.0,
        "seed": 2,
        "run_name": "mnist_400h",
        "use_fashion_mnist": false,
        "dropout_rate": 0.0,
        "v1_dropout": false,
        "random_crop_padding": 2,
        "normalize": true,
        "fmnist_hflip_p": 0.0,
        "device": "cuda:0"
    },
    "results": [
        {
            "epoch": 1,
            "train_acc": 93.17,
            "test_acc": 93.48,
            "avg_flops_dense_G": 25.319211063829787,
            "avg_flops_sparse_G": 0.1800790405319149,
            "avg_dm_dense_MB": 2221.166732463431,
            "avg_dm_sparse_MB": 475.196649624439,
            "avg_bits_dense_Gb": 1.9657531914893618,
            "avg_bits_sparse_Gb": 0.01527905829787234
        },
        {
            "epoch": 2,
            "train_acc": 95.30833333333334,
            "test_acc": 95.13,
            "avg_flops_dense_G": 25.319211063829787,
            "avg_flops_sparse_G": 0.17883761953191488,
            "avg_dm_dense_MB": 2221.166732463431,
            "avg_dm_sparse_MB": 472.25828964558053,
            "avg_bits_dense_Gb": 1.9657531914893618,
            "avg_bits_sparse_Gb": 0.015386166740425533
        },
        {
            "epoch": 3,
            "train_acc": 96.24333333333334,
            "test_acc": 95.88,
            "avg_flops_dense_G": 25.319211063829787,
            "avg_flops_sparse_G": 0.17846799861702126,
            "avg_dm_dense_MB": 2221.166732463431,
            "avg_dm_sparse_MB": 471.36764800700735,
            "avg_bits_dense_Gb": 1.9657531914893618,
            "avg_bits_sparse_Gb": 0.015534310817021276
        },
        {
            "epoch": 4,
            "train_acc": 96.82666666666667,
            "test_acc": 96.35,
            "avg_flops_dense_G": 25.319211063829787,
            "avg_flops_sparse_G": 0.1783229558723404,
            "avg_dm_dense_MB": 2221.166732463431,
            "avg_dm_sparse_MB": 470.99328366543386,
            "avg_bits_dense_Gb": 1.9657531914893618,
            "avg_bits_sparse_Gb": 0.01578024399574468
        },
        {
            "epoch": 5,
            "train_acc": 97.19666666666667,
            "test_acc": 96.64,
            "avg_flops_dense_G": 25.319211063829787,
            "avg_flops_sparse_G": 0.17821455142553191,
            "avg_dm_dense_MB": 2221.166732463431,
            "avg_dm_sparse_MB": 470.71200977081946,
            "avg_bits_dense_Gb": 1.9657531914893618,
            "avg_bits_sparse_Gb": 0.015967389740425532
        },
        {
            "epoch": 6,
            "train_acc": 97.52,
            "test_acc": 96.86,
            "avg_flops_dense_G": 25.319211063829787,
            "avg_flops_sparse_G": 0.1781439838723404,
            "avg_dm_dense_MB": 2221.166732463431,
            "avg_dm_sparse_MB": 470.5249068077574,
            "avg_bits_dense_Gb": 1.9657531914893618,
            "avg_bits_sparse_Gb": 0.016116458068085107
        },
        {
            "epoch": 7,
            "train_acc": 97.74833333333333,
            "test_acc": 97.11,
            "avg_flops_dense_G": 25.319211063829787,
            "avg_flops_sparse_G": 0.17809454276595746,
            "avg_dm_dense_MB": 2221.166732463431,
            "avg_dm_sparse_MB": 470.3895233154297,
            "avg_bits_dense_Gb": 1.9657531914893618,
            "avg_bits_sparse_Gb": 0.016259175319148934
        },
        {
            "epoch": 8,
            "train_acc": 97.92,
            "test_acc": 97.18,
            "avg_flops_dense_G": 25.319211063829787,
            "avg_flops_sparse_G": 0.17805071376595744,
            "avg_dm_dense_MB": 2221.166732463431,
            "avg_dm_sparse_MB": 470.2707176695479,
            "avg_bits_dense_Gb": 1.9657531914893618,
            "avg_bits_sparse_Gb": 0.016380993795744682
        },
        {
            "epoch": 9,
            "train_acc": 98.05,
            "test_acc": 97.3,
            "avg_flops_dense_G": 25.319211063829787,
            "avg_flops_sparse_G": 0.17802948265957447,
            "avg_dm_dense_MB": 2221.166732463431,
            "avg_dm_sparse_MB": 470.2059558462589,
            "avg_bits_dense_Gb": 1.9657531914893618,
            "avg_bits_sparse_Gb": 0.016495121604255317
        },
        {
            "epoch": 10,
            "train_acc": 98.16333333333333,
            "test_acc": 97.39,
            "avg_flops_dense_G": 25.319211063829787,
            "avg_flops_sparse_G": 0.17799461731914892,
            "avg_dm_dense_MB": 2221.166732463431,
            "avg_dm_sparse_MB": 470.11187367540725,
            "avg_bits_dense_Gb": 1.9657531914893618,
            "avg_bits_sparse_Gb": 0.016577158327659575
        },
        {
            "epoch": 11,
            "train_acc": 98.25,
            "test_acc": 97.42,
            "avg_flops_dense_G": 25.319211063829787,
            "avg_flops_sparse_G": 0.17795014065957449,
            "avg_dm_dense_MB": 2221.166732463431,
            "avg_dm_sparse_MB": 469.997478777297,
            "avg_bits_dense_Gb": 1.9657531914893618,
            "avg_bits_sparse_Gb": 0.016640849336170212
        },
        {
            "epoch": 12,
            "train_acc": 98.41,
            "test_acc": 97.59,
            "avg_flops_dense_G": 25.319211063829787,
            "avg_flops_sparse_G": 0.17794429168085107,
            "avg_dm_dense_MB": 2221.166732463431,
            "avg_dm_sparse_MB": 469.9727507733284,
            "avg_bits_dense_Gb": 1.9657531914893618,
            "avg_bits_sparse_Gb": 0.016725638170212765
        },
        {
            "epoch": 13,
            "train_acc": 98.46333333333334,
            "test_acc": 97.62,
            "avg_flops_dense_G": 25.319211063829787,
            "avg_flops_sparse_G": 0.17792510412765958,
            "avg_dm_dense_MB": 2221.166732463431,
            "avg_dm_sparse_MB": 469.9195531317528,
            "avg_bits_dense_Gb": 1.9657531914893618,
            "avg_bits_sparse_Gb": 0.01679355049787234
        },
        {
            "epoch": 14,
            "train_acc": 98.535,
            "test_acc": 97.61,
            "avg_flops_dense_G": 25.319211063829787,
            "avg_flops_sparse_G": 0.17790675521276597,
            "avg_dm_dense_MB": 2221.166732463431,
            "avg_dm_sparse_MB": 469.8692071468272,
            "avg_bits_dense_Gb": 1.9657531914893618,
            "avg_bits_sparse_Gb": 0.016848172812765957
        },
        {
            "epoch": 15,
            "train_acc": 98.58666666666667,
            "test_acc": 97.75,
            "avg_flops_dense_G": 25.319211063829787,
            "avg_flops_sparse_G": 0.17788613640425532,
            "avg_dm_dense_MB": 2221.166732463431,
            "avg_dm_sparse_MB": 469.8124820141082,
            "avg_bits_dense_Gb": 1.9657531914893618,
            "avg_bits_sparse_Gb": 0.016901493285106383
        },
        {
            "epoch": 16,
            "train_acc": 98.68666666666667,
            "test_acc": 97.75,
            "avg_flops_dense_G": 25.319211063829787,
            "avg_flops_sparse_G": 0.17788557578723405,
            "avg_dm_dense_MB": 2221.166732463431,
            "avg_dm_sparse_MB": 469.8036014800376,
            "avg_bits_dense_Gb": 1.9657531914893618,
            "avg_bits_sparse_Gb": 0.01697080523404255
        },
        {
            "epoch": 17,
            "train_acc": 98.74666666666667,
            "test_acc": 97.83,
            "avg_flops_dense_G": 25.319211063829787,