dataset,epoch,test_acc,time
MNIST,0,9.805689102564102,503.5691032409668
