dataset,epoch,test_acc,time
MNIST,0,9.8,6472.717321634293
MNIST,1,9.8,7336.569930791855
