dataset,epoch,test_acc,time
MNIST,0,9.805689102564102,412.1729905605316
