dataset,epoch,test_acc,time
MNIST,0,10.286458333333334,413.51310539245605
