dataset,epoch,test_acc,time
MNIST,0,9.575320512820513,1272.1810746192932
MNIST,1,9.164663461538462,1409.8359472751617
MNIST,2,9.805689102564102,1698.9243569374084
