dataset,epoch,train_acc,test_acc,time
MNIST,0,13.553895410885806,11.318108974358974,503.8594787120819
MNIST,1,14.541088580576307,11.278044871794872,527.9790694713593
