dataset,epoch,test_acc,time
MNIST,0,73.54767628205128,680.6038775444031
MNIST,1,74.79967948717949,661.3892476558685
MNIST,2,71.96514423076923,658.5146055221558
MNIST,3,74.38902243589743,512.1876602172852
