dataset,epoch,test_acc,time
MNIST,0,9.805689102564102,286.49870777130127
