dataset,epoch,train_acc,test_acc,time
MNIST,0,91.87733457844183,73.42748397435898,462.995712518692
MNIST,1,98.87606723585913,74.46915064102564,574.1044478416443
