dataset,epoch,test_acc,time
MNIST,0,9.805689102564102,61.72737121582031
