dataset,epoch,test_acc,time
MNIST,0,10.096153846153847,577.8287355899811
MNIST,1,9.805689102564102,628.2794983386993
