dataset,epoch,test_acc,time
MNIST,0,9.805689102564102,640.0540924072266
MNIST,1,9.805689102564102,526.6861817836761
MNIST,2,9.805689102564102,484.04017996788025
