dataset,epoch,test_acc,time
MNIST,0,11.348157051282051,1324.5252385139465
MNIST,1,10.096153846153847,1424.9295563697815
MNIST,2,11.348157051282051,1657.831214427948
