dataset,epoch,test_acc,time
MNIST,0,64.79366987179488,534.8992385864258
MNIST,1,74.21875,588.4801354408264
