dataset,epoch,test_acc,time
MNIST,0,9.354967948717949,524.4910106658936
MNIST,1,9.805689102564102,528.4697170257568
MNIST,2,9.595352564102564,742.7194867134094
