dataset,epoch,test_acc,time
MNIST,0,9.805689102564102,61.53510761260986
MNIST,1,9.805689102564102,60.990229845047
