dataset,epoch,test_acc,time
MNIST,0,72.20552884615384,531.4141941070557
MNIST,1,66.02564102564102,675.2163581848145
