dataset,epoch,test_acc,time
MNIST,0,64.79366987179488,534.8992385864258
MNIST,1,74.21875,588.4801354408264
MNIST,2,71.5645032051282,674.2337667942047
MNIST,3,73.98838141025641,657.3230803012848
MNIST,4,76.38221153846153,624.7643413543701
MNIST,5,72.65625,534.1620945930481
