dataset,epoch,test_acc,time
MNIST,0,9.805689102564102,377.87582755088806
