dataset,epoch,test_acc,time
MNIST,0,9.805689102564102,492.7515375614166
MNIST,1,9.805689102564102,492.69624757766724
