dataset,epoch,test_acc,time
MNIST,0,11.868990384615385,295.5327248573303
MNIST,1,11.798878205128204,314.7091281414032
MNIST,2,11.338141025641026,516.4526963233948
