{
    "config": {
        "layer_dims": [
            784,
            400,
            10
        ],
        "lt_m": -4,
        "lt_n": 6,
        "lt_a": 1.0,
        "lt_min_a": 0.0,
        "lt_min_e_disc": 0.0,
        "lt_min_e_gen": 0.0,
        "lt_scheduler_type": "cyclic_phase",
        "gamma_value": 0.05,
        "gamma_every_n": null,
        "t_init_cycles": 20,
        "phase2_cycles": 20,
        "alpha_disc": 1,
        "alpha_gen": 0.01,
        "pc_lr": 0.0001,
        "batch_size": 256,
        "epochs": 20,
        "use_adamw": true,
        "adamw_weight_decay": 0.01,
        "adamw_betas": [
            0.9,
            0.999
        ],
        "adamw_eps": 1e-08,
        "clip_grad_norm": 1.0,
        "seed": 2,
        "run_name": "mnist_cost_analysis",
        "use_fashion_mnist": false,
        "dropout_rate": 0.5,
        "v1_dropout": false,
        "random_crop_padding": 2,
        "normalize": true,
        "fmnist_hflip_p": 0.0,
        "device": "cuda:0"
    },
    "results": [
        {
            "epoch": 1,
            "train_acc": 60.25833333333333,
            "test_acc": 70.32,
            "rmse": 0.5622544288635254,
            "cumulative_dense_flops": 37007616000000.0,
            "cumulative_sparse_flops": 5514780057755.789,
            "cumulative_dense_mem_bytes": 1342966048000.0,
            "cumulative_sparse_mem_bytes": 16055463036966.412,
            "cumulative_dense_comm_bits": 1112371200000.0,
            "cumulative_sparse_comm_bits": 60983644881.0
        },
        {
            "epoch": 2,
            "train_acc": 64.39166666666667,
            "test_acc": 73.73,
            "rmse": 0.5006107091903687,
            "cumulative_dense_flops": 74015232000000.0,
            "cumulative_sparse_flops": 12059096074043.445,
            "cumulative_dense_mem_bytes": 2685932096000.0,
            "cumulative_sparse_mem_bytes": 35068953074404.004,
            "cumulative_dense_comm_bits": 2224742400000.0,
            "cumulative_sparse_comm_bits": 133329656269.0
        },
        {
            "epoch": 3,
            "train_acc": 67.57833333333333,
            "test_acc": 77.12,
            "rmse": 0.47252240777015686,
            "cumulative_dense_flops": 111022848000000.0,
            "cumulative_sparse_flops": 18488099647971.05,
            "cumulative_dense_mem_bytes": 4028898144000.0,
            "cumulative_sparse_mem_bytes": 53895270659554.32,
            "cumulative_dense_comm_bits": 3337113600000.0,
            "cumulative_sparse_comm_bits": 204452100861.0
        },
        {
            "epoch": 4,
            "train_acc": 69.63,
            "test_acc": 76.95,
            "rmse": 0.435181587934494,
            "cumulative_dense_flops": 148030464000000.0,
            "cumulative_sparse_flops": 24818642747171.05,
            "cumulative_dense_mem_bytes": 5371864192000.0,
            "cumulative_sparse_mem_bytes": 72574040580680.27,
            "cumulative_dense_comm_bits": 4449484800000.0,
            "cumulative_sparse_comm_bits": 274520451478.0
        },
        {
            "epoch": 5,
            "train_acc": 71.52166666666666,
            "test_acc": 78.31,
            "rmse": 0.4153379499912262,
            "cumulative_dense_flops": 185038080000000.0,
            "cumulative_sparse_flops": 31096781482183.05,
            "cumulative_dense_mem_bytes": 6714830240000.0,
            "cumulative_sparse_mem_bytes": 91190674115646.67,
            "cumulative_dense_comm_bits": 5561856000000.0,
            "cumulative_sparse_comm_bits": 344026426535.0
        },
        {
            "epoch": 6,
            "train_acc": 74.25833333333334,
            "test_acc": 80.98,
            "rmse": 0.3981096148490906,
            "cumulative_dense_flops": 222045696000000.0,
            "cumulative_sparse_flops": 37360476333775.05,
            "cumulative_dense_mem_bytes": 8057796288000.0,
            "cumulative_sparse_mem_bytes": 109817091432204.8,
            "cumulative_dense_comm_bits": 6674227200000.0,
            "cumulative_sparse_comm_bits": 413381798292.0
        },
        {
            "epoch": 7,
            "train_acc": 75.45333333333333,
            "test_acc": 82.67,
            "rmse": 0.3853391110897064,
            "cumulative_dense_flops": 259053312000000.0,
            "cumulative_sparse_flops": 43631473040863.05,
            "cumulative_dense_mem_bytes": 9400762336000.0,
            "cumulative_sparse_mem_bytes": 128494907438834.64,
            "cumulative_dense_comm_bits": 7786598400000.0,
            "cumulative_sparse_comm_bits": 482824765579.0
        },
        {
            "epoch": 8,
            "train_acc": 77.985,
            "test_acc": 84.56,
            "rmse": 0.3681004047393799,
            "cumulative_dense_flops": 296060928000000.0,
            "cumulative_sparse_flops": 49920064797747.05,
            "cumulative_dense_mem_bytes": 10743728384000.0,
            "cumulative_sparse_mem_bytes": 147240117491760.84,
            "cumulative_dense_comm_bits": 8898969600000.0,
            "cumulative_sparse_comm_bits": 552468716391.0
        },
        {
            "epoch": 9,
            "train_acc": 78.36666666666666,
            "test_acc": 84.92,
            "rmse": 0.3590680956840515,
            "cumulative_dense_flops": 333068544000000.0,
            "cumulative_sparse_flops": 56232646709815.05,
            "cumulative_dense_mem_bytes": 12086694432000.0,
            "cumulative_sparse_mem_bytes": 166061318705039.25,
            "cumulative_dense_comm_bits": 10011340800000.0,
            "cumulative_sparse_comm_bits": 622384417332.0
        },
        {
            "epoch": 10,
            "train_acc": 78.71166666666667,
            "test_acc": 84.6,
            "rmse": 0.3443323075771332,
            "cumulative_dense_flops": 370076160000000.0,
            "cumulative_sparse_flops": 62569369540307.05,
            "cumulative_dense_mem_bytes": 13429660480000.0,
            "cumulative_sparse_mem_bytes": 184956364995781.47,
            "cumulative_dense_comm_bits": 11123712000000.0,
            "cumulative_sparse_comm_bits": 692577548761.0
        },
        {
            "epoch": 11,
            "train_acc": 80.16666666666667,
            "test_acc": 85.72,
            "rmse": 0.34490129351615906,
            "cumulative_dense_flops": 407083776000000.0,
            "cumulative_sparse_flops": 68927623602063.05,
            "cumulative_dense_mem_bytes": 14772626528000.0,
            "cumulative_sparse_mem_bytes": 203917043365907.4,
            "cumulative_dense_comm_bits": 12236083200000.0,
            "cumulative_sparse_comm_bits": 763021802700.0
        },
        {
            "epoch": 12,
            "train_acc": 80.84333333333333,
            "test_acc": 87.08,
            "rmse": 0.35746142268180847,
            "cumulative_dense_flops": 444091392000000.0,
            "cumulative_sparse_flops": 75303943902863.05,
            "cumulative_dense_mem_bytes": 16115592576000.0,
            "cumulative_sparse_mem_bytes": 222934250892602.1,
            "cumulative_dense_comm_bits": 13348454400000.0,
            "cumulative_sparse_comm_bits": 833682181382.0
        },
        {
            "epoch": 13,
            "train_acc": 81.15,
            "test_acc": 87.34,
            "rmse": 0.4138951003551483,
            "cumulative_dense_flops": 481099008000000.0,
            "cumulative_sparse_flops": 81695902650183.05,
            "cumulative_dense_mem_bytes": 17458558624000.0,
            "cumulative_sparse_mem_bytes": 242002668717984.03,
            "cumulative_dense_comm_bits": 14460825600000.0,
            "cumulative_sparse_comm_bits": 904535209118.0
        },
        {
            "epoch": 14,
            "train_acc": 80.93166666666667,
            "test_acc": 86.25,
            "rmse": 0.47676536440849304,
            "cumulative_dense_flops": 518106624000000.0,
            "cumulative_sparse_flops": 88099631402867.05,