dataset,epoch,train_acc,test_acc,time,synops,total_synops
MNIST,0,46.688233724653145,68.84014423076923,504.63778352737427,101385918968.0,101385918968.0
MNIST,1,74.11452774813233,78.35536858974359,534.1570062637329,195031070864.0,296416989832.0
MNIST,2,80.51460779082177,83.29326923076923,1003.2033219337463,234146854580.0,530563844412.0
