dataset,epoch,train_acc,test_acc,time,synops,total_synops
MNIST,0,41.82230522945571,60.01602564102564,337.2065784931183,93797438464.0,93797438464.0
MNIST,1,66.57550693703308,69.19070512820512,364.2884523868561,164455729570.0,258253168034.0
MNIST,2,72.76547491995731,74.1786858974359,372.9547839164734,188062777912.0,446315945946.0
