dataset,epoch,train_acc,test_acc,time,synops,total_synops
MNIST,0,41.080242796157954,60.59695512820513,467.9003427028656,91898464018.0,91898464018.0
