dataset,epoch,train_acc,test_acc,time,synops
MNIST,0,100.0,9.805689102564102,229.33267259597778,1499287210.0
MNIST,1,100.0,9.805689102564102,220.6000943183899,1499200000.0
