dataset,epoch,test_acc,time
MNIST,0,55.63902243589744,5924.938675165176
MNIST,1,60.72716346153846,3154.713679790497
MNIST,2,55.188301282051285,3169.1869328022003
MNIST,3,57.912660256410255,3204.973477602005
MNIST,4,57.43189102564103,3187.148435115814
MNIST,5,55.51883012820513,3219.826039791107
MNIST,6,62.16947115384615,3243.4310834407806
MNIST,7,57.25160256410256,3215.120357275009
MNIST,8,62.209535256410255,3211.952418088913
MNIST,9,55.68910256410256,3225.2506115436554
