dataset,epoch,test_acc,time
MNIST,0,72.6161858974359,556.99973320961
MNIST,1,73.21714743589743,543.4828975200653
MNIST,2,74.57932692307692,567.3364171981812
