dataset,epoch,test_acc,time
MNIST,0,9.805689102564102,1208.7687690258026
MNIST,1,9.805689102564102,1223.43728017807
MNIST,2,9.805689102564102,1502.7064366340637
