dataset,epoch,test_acc,time
MNIST,0,9.575320512820513,938.4375510215759
