dataset,epoch,test_acc,time
MNIST,0,9.575320512820513,938.4375510215759
MNIST,1,8.904246794871796,1214.0062992572784
