dataset,epoch,test_acc,time
MNIST,0,10.096153846153847,1151.84072804451
MNIST,1,9.805689102564102,1138.4372894763947
MNIST,2,9.805689102564102,1142.500305891037
MNIST,3,10.206330128205128,1109.8189401626587
MNIST,4,10.086137820512821,1129.7994756698608
MNIST,5,9.815705128205128,1123.5701580047607
MNIST,6,9.645432692307692,1132.5731208324432
MNIST,7,9.575320512820513,1389.2541971206665
MNIST,8,11.348157051282051,1531.2311608791351
MNIST,9,9.815705128205128,1436.9562261104584
