dataset,epoch,test_acc,time
MNIST,0,72.6161858974359,556.99973320961
MNIST,1,73.21714743589743,543.4828975200653
MNIST,2,74.57932692307692,567.3364171981812
MNIST,3,74.88982371794872,574.9438714981079
MNIST,4,72.05528846153847,561.3370802402496
MNIST,5,75.68108974358974,571.0117893218994
MNIST,6,67.36778846153847,564.1803684234619
MNIST,7,72.50600961538461,557.8614723682404
MNIST,8,74.61939102564102,553.8540098667145
MNIST,9,73.97836538461539,468.03492975234985
