dataset,epoch,train_acc,test_acc,time,synops
MNIST,0,99.97832177161153,9.805689102564102,604.7377319335938,1082074964484.0
