dataset,epoch,test_acc,time
MNIST,0,73.65785256410257,73.92496633529663
MNIST,1,67.67828525641026,74.79308342933655
MNIST,2,75.5108173076923,73.86945700645447
MNIST,3,69.48116987179488,75.391930103302
MNIST,4,73.17708333333333,75.65406036376953
MNIST,5,72.88661858974359,76.42355680465698
MNIST,6,75.67107371794872,75.42277359962463
MNIST,7,74.85977564102564,74.4373254776001
MNIST,8,74.84975961538461,75.4366569519043
MNIST,9,72.89663461538461,74.57314896583557
