dataset,epoch,test_acc,time
MNIST,0,9.805689102564102,2263.4683368206024
