dataset,epoch,test_acc,time
MNIST,0,9.805689102564102,2181.108960866928
MNIST,1,9.805689102564102,2300.439027070999
